wall_time,cur_time,cur_loop_dt,cur_ctrl_freq,loop_count,fc_time_boot_ms,hb_age_s,sent_mode,echoed_mode,armed,drone_px_ref,drone_py_ref,drone_pz_ref,drone_vx_ref,drone_vy_ref,drone_vz_ref,payload_px_ref,payload_py_ref,payload_pz_ref,payload_vx_ref,payload_vy_ref,payload_vz_ref,payload_alpha_x,payload_alpha_y,payload_alphadot_x,payload_alphadot_y,ux,uy,uz,yaw_ref,yaw_rate_ref,drone_px_meas,drone_py_meas,drone_pz_meas,drone_vx_meas,drone_vy_meas,drone_vz_meas,drone_ax_meas,drone_ay_meas,drone_az_meas,drone_gyrox_meas,drone_gyroy_meas,drone_gyroz_meas,drone_roll,drone_pitch,drone_yaw,drone_yaw_rate,sent_setpoint_bitmask,echoed_setpoint_bitmask,setpoint_bitmask_callback_dt,batt_voltage,batt_current,batt_rem_percent,GPS_fix_type,sat_count,HDOP,ekf_flags,ekf_pos_horiz_var,ekf_pos_vert_var,ekf_vel_var,ch1,ch2,ch3,ch4,ch5,ch6,ch7,ch8
1783917690.7838,0.0000,nan,nan,1,107260,nan,GUIDED,?,0,3.5762786865234375e-07,0.0,10.0,0.5,0.0,0.0,nan,nan,nan,nan,nan,nan,nan,nan,nan,nan,0.846286968630876,0.01970361281640199,0.00167300660920883,0,0,-0.02615515887737274,0.02429809421300888,9.99576187133789,0.0264968853443861,-0.025404397398233414,0.0014809739077463746,0,0,-1001,1,2,0,0.0035105880815535784,0.0035674104001373053,-0.1286352127790451,0.00022662563424091786,63,3576,nan,12.312,28.78,96,6,10,1.21,831,0.007212913129478693,0.0011164871975779533,0.01227511651813984,1500,1500,1000,1500,1800,1000,1000,1800
1783917690.8038,0.0201,0.02001,49.99,2,107260,nan,GUIDED,?,0,0.010029315948486328,0.0,10.0,0.5,0.0,0.0,nan,nan,nan,nan,nan,nan,nan,nan,nan,nan,0.8563159269514937,0.01970361281640199,0.00167300660920883,0,0,-0.02615515887737274,0.02429809421300888,9.99576187133789,0.0264968853443861,-0.025404397398233414,0.0014809739077463746,0,0,-1001,1,-1,0,0.003485686145722866,0.0035057375207543373,-0.128624826669693,0.00030687538674101233,63,3576,nan,12.312,28.78,96,6,10,1.21,831,0.007212913129478693,0.0011164871975779533,0.01227511651813984,1500,1500,1000,1500,1800,1000,1000,1800
1783917690.8241,0.0400,0.02022,49.45,3,107300,nan,GUIDED,?,0,0.020004868507385254,0.0,10.0,0.5,0.0,0.0,nan,nan,nan,nan,nan,nan,nan,nan,nan,nan,0.8662540420384105,0.019758370532466367,0.0017655369142953589,0,0,-0.026143992319703102,0.02419564686715603,9.99577808380127,0.02651205286383629,-0.02537686377763748,0.0014181912411004305,0,0,-1000,2,0,0,0.0035129268653690815,0.0034689512103796005,-0.12861402332782745,0.0004097806813661009,63,3135,0.02012181282043457,12.312,28.78,96,6,10,1.21,831,0.007212913129478693,0.0011429477017372847,0.01227511651813984,1500,1500,1000,1500,1800,1000,1000,1800
1783917690.8436,0.0601,0.01956,51.13,4,107300,nan,GUIDED,?,0,0.030028700828552246,0.0,10.0,0.5,0.0,0.0,nan,nan,nan,nan,nan,nan,nan,nan,nan,nan,0.8762778743595775,0.019758370532466367,0.0017655369142953589,0,0,-0.026143992319703102,0.02419564686715603,9.99577808380127,0.02651205286383629,-0.02537686377763748,0.0014181912411004305,0,0,-1000,2,0,0,0.0038934582844376564,0.003338283859193325,-0.12858359515666962,0.0015152270207181573,63,3135,0.02012181282043457,12.312,28.78,96,6,10,1.21,831,0.007212913129478693,0.0011429477017372847,0.01227511651813984,1500,1500,1000,1500,1800,1000,1000,1800
1783917690.8642,0.0801,0.02055,48.66,5,107340,nan,GUIDED,?,0,0.040029048919677734,0.0,10.0,0.5,0.0,0.0,nan,nan,nan,nan,nan,nan,nan,nan,nan,nan,0.8856901414853695,0.019930101971618888,0.0016699445401868753,0,0,-0.025999903678894043,0.023978600278496742,9.995783805847168,0.026768391951918602,-0.025350701063871384,0.0014700778992846608,0,0,-1001,42,-2,5,0.004734407644718885,0.0032574778888374567,-0.1284750998020172,0.005199788603931665,63,3135,0.020464181900024414,12.312,28.78,96,6,10,1.21,831,0.007212913129478693,0.0011429477017372847,0.01227511651813984,1500,1500,1000,1500,1800,1000,1000,1800
1783917690.8835,0.1001,0.01938,51.59,6,107340,nan,GUIDED,?,0,0.05002617835998535,0.0,10.0,0.5,0.0,0.0,nan,nan,nan,nan,nan,nan,nan,nan,nan,nan,0.8956872709256771,0.019930101971618888,0.0016699445401868753,0,0,-0.025999903678894043,0.023978600278496742,9.995783805847168,0.026768391951918602,-0.025350701063871384,0.0014700778992846608,0,0,-1001,42,-2,5,0.004734407644718885,0.0032574778888374567,-0.1284750998020172,0.005199788603931665,63,3135,0.020464181900024414,12.312,28.78,96,6,10,1.21,831,0.007212913129478693,0.0011429477017372847,0.01227511651813984,1500,1500,1000,1500,1800,1000,1000,1800
1783917690.9043,0.1201,0.02075,48.19,7,107380,nan,GUIDED,?,0,0.06003081798553467,0.0,10.0,0.5,0.0,0.0,nan,nan,nan,nan,nan,nan,nan,nan,nan,nan,0.9031281842443739,0.019955084732674926,0.0016647340101988697,0,0,-0.025704622268676758,0.023658839985728264,9.995800018310547,0.028078079223632812,-0.02518051117658615,0.0014637259300798178,0,0,-1001,107,0,26,0.00838348176330328,0.003179785795509815,-0.12766410410404205,0.026240820065140724,63,3135,0.02066636085510254,12.312,28.77,96,6,10,1.21,831,0.007212913129478693,0.0011429477017372847,0.01227511651813984,1500,1500,1000,1500,1800,1000,1000,1800
1783917690.9239,0.1401,0.01959,51.05,8,107400,nan,GUIDED,?,0,0.07002842426300049,0.0,10.0,0.5,0.0,0.0,nan,nan,nan,nan,nan,nan,nan,nan,nan,nan,0.9107795816902148,0.01970520417665081,0.0015719020076509767,0,0,-0.025601884350180626,0.023564940318465233,9.995766639709473,0.029373347759246826,-0.02498202957212925,0.0015365936560556293,0,0,-1001,142,5,45,0.01124296523630619,0.0032474673353135586,-0.12673000991344452,0.04565906152129173,63,3135,0.019496679306030273,12.312,28.77,96,6,10,1.21,831,0.007212913129478693,0.0011189308715984225,0.01227511651813984,1500,1500,1000,1500,1800,1000,1000,1800
1783917690.9437,0.1600,0.01982,50.47,9,107400,nan,GUIDED,?,0,0.08000564575195312,0.0,10.0,0.5,0.0,0.0,nan,nan,nan,nan,nan,nan,nan,nan,nan,nan,0.9207568031791674,0.01970520417665081,0.0015719020076509767,0,0,-0.025601884350180626,0.023564940318465233,9.995766639709473,0.029373347759246826,-0.02498202957212925,0.0015365936560556293,0,0,-1001,179,9,72,0.014839821495115757,0.003380843438208103,-0.12526065111160278,0.07191132754087448,63,3135,0.019496679306030273,12.312,28.77,96,6,10,1.21,831,0.007212913129478693,0.0011189308715984225,0.01227511651813984,1500,1500,1000,1500,1800,1000,1000,1800
1783917690.9642,0.1801,0.02047,48.86,10,107440,nan,GUIDED,?,0,0.0900346040725708,0.0,10.0,0.5,0.0,0.0,nan,nan,nan,nan,nan,nan,nan,nan,nan,nan,0.9232022247645244,0.018215006421998366,0.0013791485720558404,0,0,-0.025646481662988663,0.02372601628303528,9.995820045471191,0.03377745300531387,-0.02421466074883938,0.0016170460730791092,0,0,-1001,213,13,105,0.01910352148115635,0.0035857628099620342,-0.12311147898435593,0.1052226647734642,63,3135,0.020380496978759766,12.312,28.77,96,6,10,1.21,831,0.007339374627918005,0.0011189308715984225,0.011986903846263885,1500,1500,1000,1500,1800,1000,1000,1800
1783917690.9836,0.2001,0.01943,51.46,11,107440,nan,GUIDED,?,0,0.10002875328063965,0.0,10.0,0.5,0.0,0.0,nan,nan,nan,nan,nan,nan,nan,nan,nan,nan,0.9331963739725933,0.018215006421998366,0.0013791485720558404,0,0,-0.025646481662988663,0.02372601628303528,9.995820045471191,0.03377745300531387,-0.02421466074883938,0.0016170460730791092,0,0,-1001,213,13,105,0.024085231125354767,0.00385839375667274,-0.12014695256948471,0.14558230340480804,63,3135,0.020380496978759766,12.312,28.76,96,6,10,1.21,831,0.007339374627918005,0.0011189308715984225,0.011986903846263885,1500,1500,1000,1500,1800,1000,1000,1800
1783917691.0041,0.2201,0.02054,48.68,12,107480,nan,GUIDED,?,0,0.11003291606903076,0.0,10.0,0.5,0.0,0.0,nan,nan,nan,nan,nan,nan,nan,nan,nan,nan,0.9287736111617635,0.016646148221352658,0.001352018649874112,0,0,-0.02528061531484127,0.023775678128004074,9.995880126953125,0.041895609349012375,-0.023337552323937416,0.0015980214811861515,0,0,-1001,276,22,191,0.029587583616375923,0.004170610103756189,-0.11625803261995316,0.19151189923286438,63,3135,0.02045607566833496,12.312,28.76,96,6,10,1.21,831,0.007339374627918005,0.0011189308715984225,0.011986903846263885,1500,1500,1000,1500,1800,1000,1000,1800
1783917691.0236,0.2401,0.01946,51.40,13,107480,nan,GUIDED,?,0,0.120033860206604,0.0,10.0,0.5,0.0,0.0,nan,nan,nan,nan,nan,nan,nan,nan,nan,nan,0.9387745552993367,0.016646148221352658,0.001352018649874112,0,0,-0.02528061531484127,0.023775678128004074,9.995880126953125,0.041895609349012375,-0.023337552323937416,0.0015980214811861515,0,0,-1001,276,22,191,0.03534283488988876,0.004472651518881321,-0.11138899624347687,0.24052056670188904,63,3135,0.02045607566833496,12.312,28.76,96,6,10,1.21,831,0.007339374627918005,0.0011189308715984225,0.011986903846263885,1500,1500,1000,1500,1800,1000,1000,1800
1783917691.0441,0.2601,0.02050,48.77,14,107500,nan,GUIDED,?,0,0.1300286054611206,0.0,10.0,0.5,0.0,0.0,nan,nan,nan,nan,nan,nan,nan,nan,nan,nan,0.9388496798210071,0.015532887646394981,0.0011900855014501705,0,0,-0.02506287582218647,0.023910291492938995,9.99587345123291,0.047496993094682693,-0.0227725300937891,0.0016953678568825126,0,0,-1001,292,24,289,0.04116172716021538,0.0047105723060667515,-0.10555563122034073,0.28913286328315735,63,3135,0.020167112350463867,12.312,28.76,96,6,10,1.21,831,0.007339374627918005,0.0011456637876108289,0.011986903846263885,1500,1500,1000,1500,1800,1000,1000,1800
1783917691.0641,0.2801,0.01997,50.07,15,107540,nan,GUIDED,?,0,0.1400289535522461,0.0,10.0,0.5,0.0,0.0,nan,nan,nan,nan,nan,nan,nan,nan,nan,nan,0.9219265904281662,0.013915398699273183,0.001183026966045901,0,0,-0.023783380165696144,0.023815980181097984,9.995889663696289,0.06230252981185913,-0.02178422175347805,0.0016900828341022134,0,0,-1001,286,25,334,0.0468745194375515,0.004880424588918686,-0.09882599860429764,0.3342415988445282,63,3135,0.01986384391784668,12.312,28.76,96,6,10,1.21,831,0.007339374627918005,0.0011456637876108289,0.011986903846263885,1500,1500,1000,1500,1800,1000,1000,1800
1783917691.0837,0.3001,0.01964,50.91,16,107540,nan,GUIDED,?,0,0.15002799034118652,0.0,10.0,0.5,0.0,0.0,nan,nan,nan,nan,nan,nan,nan,nan,nan,nan,0.9319256272171066,0.013915398699273183,0.001183026966045901,0,0,-0.023783380165696144,0.023815980181097984,9.995889663696289,0.06230252981185913,-0.02178422175347805,0.0016900828341022134,0,0,-1001,274,22,373,0.05234050005674362,0.004918504040688276,-0.09131726622581482,0.373779833316803,63,3135,0.01986384391784668,12.312,28.79,96,6,10,1.21,831,0.007339374627918005,0.0011456637876108289,0.011986903846263885,1500,1500,1000,1500,1800,1000,1000,1800
1783917691.1042,0.3201,0.02047,48.86,17,107580,nan,GUIDED,?,0,0.1600271463394165,0.0,10.0,0.5,0.0,0.0,nan,nan,nan,nan,nan,nan,nan,nan,nan,nan,0.9067988202431481,0.012284768597682877,0.0013941601871601049,0,0,-0.021703459322452545,0.023654574528336525,9.995912551879883,0.0813816711306572,-0.020749589428305626,0.0015549705130979419,0,-1,-1002,257,18,406,0.0574769601225853,0.004812772385776043,-0.08318105340003967,0.40581759810447693,63,3135,0.020361900329589844,12.312,28.79,96,6,10,1.21,831,0.007339374627918005,0.0011456637876108289,0.011986903846263885,1500,1500,1000,1500,1800,1000,1000,1800
1783917691.1236,0.3401,0.01941,51.53,18,107580,nan,GUIDED,?,0,0.17002928256988525,0.0,10.0,0.5,0.0,0.0,nan,nan,nan,nan,nan,nan,nan,nan,nan,nan,0.9168009564736168,0.012284768597682877,0.0013941601871601049,0,0,-0.021703459322452545,0.023654574528336525,9.995912551879883,0.0813816711306572,-0.020749589428305626,0.0015549705130979419,0,-1,-1002,257,18,406,0.06222871318459511,0.004587343893945217,-0.07459236681461334,0.4292367696762085,63,3135,0.020361900329589844,12.312,28.79,96,6,10,1.21,831,0.007339374627918005,0.0011456637876108289,0.011986903846263885,1500,1500,1000,1500,1800,1000,1000,1800
1783917691.1442,0.3601,0.02058,48.60,19,107620,nan,GUIDED,?,0,0.18002784252166748,0.0,10.0,0.5,0.0,0.0,nan,nan,nan,nan,nan,nan,nan,nan,nan,nan,0.8856734952528555,0.009497706087889746,0.001504952101067012,0,0,-0.019306205213069916,0.024029752239584923,9.995903015136719,0.10374173521995544,-0.019357087090611458,0.0014965108130127192,0,-1,-1002,216,12,443,0.06652916967868805,0.00423039635643363,-0.06575202196836472,0.44301334023475647,63,3135,0.02048659324645996,12.312,28.79,96,6,10,1.21,831,0.007675908040255308,0.0011231901589781046,0.010584183037281036,1500,1500,1000,1500,1800,1000,1000,1800
1783917691.1636,0.3801,0.01939,51.57,20,107620,nan,GUIDED,?,0,0.19002902507781982,0.0,10.0,0.5,0.0,0.0,nan,nan,nan,nan,nan,nan,nan,nan,nan,nan,0.8956746778090079,0.009497706087889746,0.001504952101067012,0,0,-0.019306205213069916,0.024029752239584923,9.995903015136719,0.10374173521995544,-0.019357087090611458,0.0014965108130127192,0,-1,-1002,216,12,443,0.07034706324338913,0.0037700217217206955,-0.056844569742679596,0.4472387731075287,63,3135,0.02048659324645996,12.312,28.79,96,6,10,1.21,831,0.007675908040255308,0.0011231901589781046,0.010584183037281036,1500,1500,1000,1500,1800,1000,1000,1800
1783917691.1844,0.4001,0.02078,48.12,21,107660,nan,GUIDED,?,0,0.20002710819244385,0.0,10.0,0.5,0.0,0.0,nan,nan,nan,nan,nan,nan,nan,nan,nan,nan,0.8581279028567903,0.006834127348975823,0.0013317252788377547,0,0,-0.015776313841342926,0.024317556992173195,9.995954513549805,0.1291537880897522,-0.017985433340072632,0.0015667907427996397,0,-2,-1003,169,6,442,0.0737108662724495,0.003228528192266822,-0.048040714114904404,0.44266483187675476,63,3135,0.020678043365478516,12.311,28.84,96,6,10,1.21,831,0.007675908040255308,0.0011231901589781046,0.010584183037281036,1500,1500,1000,1500,1800,1000,1000,1800
1783917691.2040,0.4201,0.01965,50.89,22,107680,nan,GUIDED,?,0,0.2100282907485962,0.0,10.0,0.5,0.0,0.0,nan,nan,nan,nan,nan,nan,nan,nan,nan,nan,0.8419851694719331,0.005813704850931401,0.001281799168868216,0,0,-0.013397951610386372,0.02427951619029045,9.995983123779297,0.1428748369216919,-0.017374329268932343,0.0015790974721312523,0,-2,-1003,146,5,431,0.07661405950784683,0.0026508872397243977,-0.039479613304138184,0.4308740198612213,63,3135,0.019538164138793945,12.311,28.84,96,6,10,1.21,831,0.007675908040255308,0.0011231901589781046,0.010584183037281036,1500,1500,1000,1500,1800,1000,1000,1800
1783917691.2237,0.4400,0.01967,50.83,23,107680,nan,GUIDED,?,0,0.22000646591186523,0.0,10.0,0.5,0.0,0.0,nan,nan,nan,nan,nan,nan,nan,nan,nan,nan,0.8519633446352022,0.005813704850931401,0.001281799168868216,0,0,-0.013397951610386372,0.02427951619029045,9.995983123779297,0.1428748369216919,-0.017374329268932343,0.0015790974721312523,0,-3,-1003,122,4,413,0.07903096079826355,0.002059086225926876,-0.03127392381429672,0.4133901000022888,63,3135,0.019538164138793945,12.311,28.84,96,6,10,1.21,831,0.007675908040255308,0.0011231901589781046,0.010584183037281036,1500,1500,1000,1500,1800,1000,1000,1800
1783917691.2441,0.4601,0.02039,49.04,24,107720,nan,GUIDED,?,0,0.23002803325653076,0.0,10.0,0.5,0.0,0.0,nan,nan,nan,nan,nan,nan,nan,nan,nan,nan,0.8091980565362091,0.002725184647979155,0.0011938543664200205,0,0,-0.008481960743665695,0.024755582213401794,9.995967864990234,0.1705130934715271,-0.015866028144955635,0.0016386820934712887,0,-3,-1004,100,2,392,0.0809096172451973,0.001463591237552464,-0.023828605189919472,0.3925340175628662,63,3135,0.020300626754760742,12.311,28.84,96,6,10,1.21,831,0.007675908040255308,0.0011490000179037452,0.010584183037281036,1500,1500,1000,1500,1800,1000,1000,1800
1783917691.2636,0.4801,0.01958,51.06,25,107720,nan,GUIDED,?,0,0.240028977394104,0.0,10.0,0.5,0.0,0.0,nan,nan,nan,nan,nan,nan,nan,nan,nan,nan,0.8191990006737824,0.002725184647979155,0.0011938543664200205,0,0,-0.008481960743665695,0.024755582213401794,9.995967864990234,0.1705130934715271,-0.015866028144955635,0.0016386820934712887,0,-3,-1004,100,2,392,0.0824851468205452,0.0008630604133941233,-0.01655251532793045,0.36728575825691223,63,3135,0.020300626754760742,12.311,28.84,96,6,10,1.21,831,0.007675908040255308,0.0011490000179037452,0.010584183037281036,1500,1500,1000,1500,1800,1000,1000,1800
1783917691.2841,0.5001,0.02045,48.89,26,107760,nan,GUIDED,?,0,0.2500278949737549,0.0,10.0,0.5,0.0,0.0,nan,nan,nan,nan,nan,nan,nan,nan,nan,nan,0.7712188973846785,0.0003427031862346039,0.0009557377652743286,0,0,-0.0018399262335151434,0.0248606838285923,9.995987892150879,0.20015251636505127,-0.01455118227750063,0.0017645960906520486,0,-4,-1004,61,1,339,0.08367568999528885,0.000296602287562564,-0.009825780987739563,0.3397192060947418,63,3135,0.020366907119750977,12.311,28.87,96,6,10,1.21,831,0.007675908040255308,0.0011490000179037452,0.010584183037281036,1500,1500,1000,1500,1800,1000,1000,1800
1783917691.3035,0.5200,0.01939,51.58,27,107760,nan,GUIDED,?,0,0.26000452041625977,0.0,10.0,0.5,0.0,0.0,nan,nan,nan,nan,nan,nan,nan,nan,nan,nan,0.7811955228271834,0.0003427031862346039,0.0009557377652743286,0,0,-0.0018399262335151434,0.0248606838285923,9.995987892150879,0.20015251636505127,-0.01455118227750063,0.0017645960906520486,0,-4,-1004,61,1,339,0.08367568999528885,0.000296602287562564,-0.009825780987739563,0.3397192060947418,63,3135,0.020366907119750977,12.311,28.87,96,6,10,1.21,831,0.007675908040255308,0.0011490000179037452,0.010584183037281036,1500,1500,1000,1500,1800,1000,1000,1800
1783917691.3242,0.5401,0.02068,48.36,28,107800,nan,GUIDED,?,0,0.2700282335281372,0.0,10.0,0.5,0.0,0.0,nan,nan,nan,nan,nan,nan,nan,nan,nan,nan,0.7310367682771668,-0.0018488957356534164,0.000677441623794245,0,0,0.006105188280344009,0.02491925098001957,9.996023178100586,0.23031176626682281,-0.01331967581063509,0.001904898090288043,0,-5,-1004,30,1,280,0.08504971116781235,-0.0007169620366767049,0.0018758571241050959,0.28078627586364746,63,3135,0.020596027374267578,12.311,28.87,96,6,10,1.21,831,0.007675908040255308,2.519425834179856e-05,0.010584183037281036,1500,1500,1000,1500,1800,1000,1000,1800
1783917691.3439,0.5601,0.01971,50.74,29,107820,nan,GUIDED,?,0,0.28002798557281494,0.0,10.0,0.5,0.0,0.0,nan,nan,nan,nan,nan,nan,nan,nan,nan,nan,0.7120488315071178,-0.003948366961667182,0.0004162232296080247,0,0,0.009777949191629887,0.025413241237401962,9.996087074279785,0.24492734670639038,-0.012392750941216946,0.0020188221242278814,0,-5,-1004,16,2,250,0.08531417697668076,-0.0011255621211603284,0.006791634485125542,0.25073009729385376,63,3135,0.019620418548583984,12.311,28.87,96,6,10,1.21,831,0.00883056316524744,2.519425834179856e-05,0.01627596653997898,1500,1500,1000,1500,1800,1000,1000,1800
1783917691.3638,0.5801,0.01991,50.24,30,107820,nan,GUIDED,?,0,0.2900279760360718,0.0,10.0,0.5,0.0,0.0,nan,nan,nan,nan,nan,nan,nan,nan,nan,nan,0.7220488219703747,-0.003948366961667182,0.0004162232296080247,0,0,0.009777949191629887,0.025413241237401962,9.996087074279785,0.24492734670639038,-0.012392750941216946,0.0020188221242278814,0,-5,-1004,1,3,221,0.08527854084968567,-0.0014694826677441597,0.011093910783529282,0.22094520926475525,63,3135,0.019620418548583984,12.311,28.87,96,6,10,1.21,831,0.00883056316524744,2.519425834179856e-05,0.01627596653997898,1500,1500,1000,1500,1800,1000,1000,1800
1783917691.3840,0.6001,0.02020,49.49,31,107860,nan,GUIDED,?,0,0.3000274896621704,0.0,10.0,0.5,0.0,0.0,nan,nan,nan,nan,nan,nan,nan,nan,nan,nan,0.6721027995014952,-0.0069902185605553654,-0.00012327531253922622,0,0,0.01871262863278389,0.025951603427529335,9.996209144592285,0.2743784785270691,-0.010947360657155514,0.002259824424982071,0,-6,-1004,-16,4,191,0.08489180356264114,-0.0017421486554667354,0.014814944937825203,0.19157466292381287,63,3135,0.02012038230895996,12.31,28.89,96,6,10,1.21,831,0.00883056316524744,2.519425834179856e-05,0.01627596653997898,1500,1500,1000,1500,1800,1000,1000,1800
1783917691.4036,0.6201,0.01963,50.94,32,107860,nan,GUIDED,?,0,0.31002819538116455,0.0,10.0,0.5,0.0,0.0,nan,nan,nan,nan,nan,nan,nan,nan,nan,nan,0.6821035052204893,-0.0069902185605553654,-0.00012327531253922622,0,0,0.01871262863278389,0.025951603427529335,9.996209144592285,0.2743784785270691,-0.010947360657155514,0.002259824424982071,0,-6,-1004,-16,4,191,0.0842885971069336,-0.0019655388314276934,0.01797730103135109,0.16334432363510132,63,3135,0.02012038230895996,12.31,28.89,96,6,10,1.21,831,0.00883056316524744,2.519425834179856e-05,0.01627596653997898,1500,1500,1000,1500,1800,1000,1000,1800
1783917691.4241,0.6401,0.02048,48.82,33,107900,nan,GUIDED,?,0,0.32002782821655273,0.0,10.0,0.5,0.0,0.0,nan,nan,nan,nan,nan,nan,nan,nan,nan,nan,0.6317590599586322,-0.009731794950239972,-0.0008434610341666792,0,0,0.02899094484746456,0.026417866349220276,9.996341705322266,0.3032839596271515,-0.00963370781391859,0.0025990898720920086,0,-6,-1004,-37,5,136,0.08347032964229584,-0.0021085457410663366,0.02060440368950367,0.13629722595214844,63,3135,0.020400047302246094,12.31,28.89,96,6,10,1.21,831,0.00883056316524744,4.001795605290681e-05,0.01627596653997898,1500,1500,1000,1500,1800,1000,1000,1800
1783917691.4436,0.6601,0.01946,51.38,34,107900,nan,GUIDED,?,0,0.3300282955169678,0.0,10.0,0.5,0.0,0.0,nan,nan,nan,nan,nan,nan,nan,nan,nan,nan,0.6417595272590473,-0.009731794950239972,-0.0008434610341666792,0,0,0.02899094484746456,0.026417866349220276,9.996341705322266,0.3032839596271515,-0.00963370781391859,0.0025990898720920086,0,-6,-1004,-37,5,136,0.0824509933590889,-0.0021774438209831715,0.022727228701114655,0.1108369380235672,63,3135,0.020400047302246094,12.31,28.89,96,6,10,1.21,831,0.00883056316524744,4.001795605290681e-05,0.01627596653997898,1500,1500,1000,1500,1800,1000,1000,1800
1783917691.4642,0.6801,0.02059,48.56,35,107940,nan,GUIDED,?,0,0.3400278091430664,0.0,10.0,0.5,0.0,0.0,nan,nan,nan,nan,nan,nan,nan,nan,nan,nan,0.5918207873106339,-0.012192797642464745,-0.0012773124265627522,0,0,0.04055742174386978,0.026822932064533234,9.996481895446777,0.3312114179134369,-0.008446712046861649,0.0027686352841556072,0,-7,-1003,-54,6,87,0.08130112290382385,-0.0022226173896342516,0.02437836490571499,0.08683731406927109,63,3135,0.0205075740814209,12.31,28.89,96,6,10,1.21,831,0.00883056316524744,4.001795605290681e-05,0.01627596653997898,1500,1500,1000,1500,1800,1000,1000,1800
1783917691.4839,0.7001,0.01971,50.73,36,107960,nan,GUIDED,?,0,0.35002827644348145,0.0,10.0,0.5,0.0,0.0,nan,nan,nan,nan,nan,nan,nan,nan,nan,nan,0.5725091075254818,-0.01358425627988026,-0.0015639130795810311,0,0,0.04664730653166771,0.027112016454339027,9.996560096740723,0.3446187973022461,-0.007810255978256464,0.00288895471021533,0,-8,-1004,-62,8,64,0.08000146597623825,-0.0021904287859797478,0.025599632412195206,0.06465144455432892,63,3135,0.01962423324584961,12.311,28.9,96,6,10,1.21,831,0.00883056316524744,4.001795605290681e-05,0.01627596653997898,1500,1500,1000,1500,1800,1000,1000,1800
1783917691.5038,0.7201,0.01996,50.10,37,107960,nan,GUIDED,?,0,0.3600262403488159,0.0,10.0,0.5,0.0,0.0,nan,nan,nan,nan,nan,nan,nan,nan,nan,nan,0.5825070714308163,-0.01358425627988026,-0.0015639130795810311,0,0,0.04664730653166771,0.027112016454339027,9.996560096740723,0.3446187973022461,-0.007810255978256464,0.00288895471021533,0,-8,-1003,-67,8,44,0.07861624658107758,-0.002128886990249157,0.02642206661403179,0.0442163422703743,63,3135,0.01962423324584961,12.311,28.9,96,6,10,1.21,831,0.00883056316524744,4.001795605290681e-05,0.01627596653997898,1500,1500,1000,1500,1800,1000,1000,1800
1783917691.5240,0.7401,0.02016,49.61,38,108000,nan,GUIDED,?,0,0.37002789974212646,0.0,10.0,0.5,0.0,0.0,nan,nan,nan,nan,nan,nan,nan,nan,nan,nan,0.5338810359467588,-0.01564200314599961,-0.0019269928668397707,0,0,0.060063090175390244,0.02741856314241886,9.996707916259766,0.3707219064235687,-0.0067992000840604305,0.0030132352840155363,0,-9,-1003,-76,8,25,0.0770408883690834,-0.0020168242044746876,0.026881610974669456,0.025563647970557213,63,3135,0.020071029663085938,12.311,28.9,96,6,10,1.21,831,0.00883056316524744,6.230715371202677e-05,0.01627596653997898,1500,1500,1000,1500,1800,1000,1000,1800
1783917691.5437,0.7601,0.01966,50.85,39,108000,nan,GUIDED,?,0,0.38002800941467285,0.0,10.0,0.5,0.0,0.0,nan,nan,nan,nan,nan,nan,nan,nan,nan,nan,0.5438811456193052,-0.01564200314599961,-0.0019269928668397707,0,0,0.060063090175390244,0.02741856314241886,9.996707916259766,0.3707219064235687,-0.0067992000840604305,0.0030132352840155363,0,-9,-1003,-76,8,25,0.0754365399479866,-0.001876452355645597,0.026929255574941635,0.008799183182418346,63,3135,0.020071029663085938,12.311,28.9,96,6,10,1.21,831,0.00883056316524744,6.230715371202677e-05,0.01627596653997898,1500,1500,1000,1500,1800,1000,1000,1800
1783917691.5641,0.7801,0.02047,48.86,40,108040,0.000,GUIDED,GUIDED,128,0.3900279998779297,0.0,10.0,0.5,0.0,0.0,nan,nan,nan,nan,nan,nan,nan,nan,nan,nan,0.49914916269270504,-0.018578234564386904,-0.002375578561115918,0,0,0.07342428714036942,0.028223508968949318,9.99692153930664,0.3946073353290558,-0.005568701773881912,0.003148891031742096,0,-9,-1003,-82,9,-5,0.07372545450925827,-0.0017088678432628512,0.026639025658369064,-0.006162826903164387,63,3135,0.0203702449798584,12.311,28.9,96,6,10,1.21,831,0.009263227693736553,6.230715371202677e-05,0.018277987837791443,1500,1500,1000,1500,1800,1000,1000,1800
1783917691.5836,0.8001,0.01950,51.28,41,108040,0.020,GUIDED,GUIDED,128,0.40002870559692383,0.0,10.0,0.5,0.0,0.0,nan,nan,nan,nan,nan,nan,nan,nan,nan,nan,0.5091498684116992,-0.018578234564386904,-0.002375578561115918,0,0,0.07342428714036942,0.028223508968949318,9.99692153930664,0.3946073353290558,-0.005568701773881912,0.003148891031742096,0,-9,-1003,-82,9,-5,0.07195806503295898,-0.0015040484722703695,0.02609551139175892,-0.019301587715744972,63,3135,0.0203702449798584,12.311,28.9,96,6,10,1.21,831,0.009263227693736553,6.230715371202677e-05,0.018277987837791443,1500,1500,1000,1500,1800,1000,1000,1800
1783917691.6042,0.8201,0.02060,48.54,42,108080,0.040,GUIDED,GUIDED,128,0.4100281000137329,0.0,10.0,0.5,0.0,0.0,nan,nan,nan,nan,nan,nan,nan,nan,nan,nan,0.4658182522608776,-0.02110859116779324,-0.0026631483869163724,0,0,0.087941475212574,0.028940584510564804,9.997130393981934,0.41701650619506836,-0.004521803464740515,0.0031943372450768948,0,-10,-1002,-86,9,-30,0.07017073780298233,-0.0013092417502775788,0.025329498574137688,-0.03072052262723446,63,3135,0.02051854133605957,12.311,28.85,96,6,10,1.21,831,0.009263227693736553,6.230715371202677e-05,0.018277987837791443,1500,1500,1000,1500,1800,1000,1000,1800
1783917691.6239,0.8401,0.01966,50.86,43,108100,0.060,GUIDED,GUIDED,128,0.42002761363983154,0.0,10.0,0.5,0.0,0.0,nan,nan,nan,nan,nan,nan,nan,nan,nan,nan,0.45024654164800393,-0.022550037484320752,-0.0028348803037328506,0,0,0.09535432606935501,0.02940240688621998,9.997241973876953,0.42750024795532227,-0.00395621731877327,0.0032290660310536623,0,-10,-1002,-89,9,-40,0.0683412179350853,-0.0010921380016952753,0.024374475702643394,-0.04051542282104492,63,3135,0.01957082748413086,12.311,28.85,96,6,10,1.21,831,0.009263227693736553,0.00013389845844358206,0.018277987837791443,1500,1500,1000,1500,1800,1000,1000,1800
1783917691.6437,0.8601,0.01983,50.42,44,108100,0.080,GUIDED,GUIDED,128,0.4300278425216675,0.0,10.0,0.5,0.0,0.0,nan,nan,nan,nan,nan,nan,nan,nan,nan,nan,0.46024677052983987,-0.022550037484320752,-0.0028348803037328506,0,0,0.09535432606935501,0.02940240688621998,9.997241973876953,0.42750024795532227,-0.00395621731877327,0.0032290660310536623,0,-10,-1002,-88,10,-48,0.0665263906121254,-0.0008560592541471124,0.023260895162820816,-0.04867900162935257,63,3135,0.01957082748413086,12.311,28.85,96,6,10,1.21,831,0.009263227693736553,0.00013389845844358206,0.018277987837791443,1500,1500,1000,1500,1800,1000,1000,1800
1783917691.6642,0.8801,0.02043,48.94,45,108140,0.100,GUIDED,GUIDED,128,0.44002795219421387,0.0,10.0,0.5,0.0,0.0,nan,nan,nan,nan,nan,nan,nan,nan,nan,nan,0.41809952436197967,-0.024461364553739554,-0.003083331991650376,0,0,0.11183946579694748,0.029986530542373657,9.997441291809082,0.4480898380279541,-0.00318995607085526,0.003257433418184519,0,-11,-1002,-92,10,-55,0.06455617398023605,-0.000603053777012974,0.021983454003930092,-0.05537896230816841,63,3135,0.020331382751464844,12.311,28.85,96,6,10,1.21,831,0.009263227693736553,0.00013389845844358206,0.018277987837791443,1500,1500,1000,1500,1800,1000,1000,1800
1783917691.6836,0.9001,0.01947,51.36,46,108140,0.120,GUIDED,GUIDED,128,0.45002806186676025,0.0,10.0,0.5,0.0,0.0,nan,nan,nan,nan,nan,nan,nan,nan,nan,nan,0.42809963403452606,-0.024461364553739554,-0.003083331991650376,0,0,0.11183946579694748,0.029986530542373657,9.997441291809082,0.4480898380279541,-0.00318995607085526,0.003257433418184519,0,-11,-1002,-92,10,-55,0.06271835416555405,-0.00034387008054181933,0.02066178061068058,-0.06062503159046173,63,3135,0.020331382751464844,12.311,28.81,96,6,10,1.21,831,0.009263227693736553,0.00013389845844358206,0.018277987837791443,1500,1500,1000,1500,1800,1000,1000,1800
1783917691.7041,0.9201,0.02050,48.78,47,108180,0.140,GUIDED,GUIDED,128,0.4600330591201782,0.0,10.0,0.5,0.0,0.0,nan,nan,nan,nan,nan,nan,nan,nan,nan,nan,0.3896929741548716,-0.02643034232368492,-0.0030829419207804103,0,0,0.1285453587770462,0.030690649524331093,9.99764633178711,0.46639516949653625,-0.0024596895091235638,0.0031388283241540194,0,-11,-1001,-90,9,-64,0.060857389122247696,-9.789608157007024e-05,0.019278928637504578,-0.06448636204004288,63,3135,0.020415782928466797,12.311,28.81,96,6,10,1.21,831,0.009263227693736553,0.00016365527699235827,0.018277987837791443,1500,1500,1000,1500,1800,1000,1000,1800
1783917691.7236,0.9401,0.01947,51.36,48,108180,0.160,GUIDED,GUIDED,128,0.4700280427932739,0.0,10.0,0.5,0.0,0.0,nan,nan,nan,nan,nan,nan,nan,nan,nan,nan,0.3996879578279673,-0.02643034232368492,-0.0030829419207804103,0,0,0.1285453587770462,0.030690649524331093,9.99764633178711,0.46639516949653625,-0.0024596895091235638,0.0031388283241540194,0,-11,-1001,-90,9,-64,0.059017300605773926,0.00015455270477104932,0.01786050945520401,-0.06720191240310669,63,3135,0.020415782928466797,12.311,28.81,96,6,10,1.21,831,0.009263227693736553,0.00016365527699235827,0.018277987837791443,1500,1500,1000,1500,1800,1000,1000,1800
1783917691.7441,0.9601,0.02056,48.64,49,108220,0.180,GUIDED,GUIDED,128,0.4800276756286621,0.0,10.0,0.5,0.0,0.0,nan,nan,nan,nan,nan,nan,nan,nan,nan,nan,0.36384016989678164,-0.028351713989298297,-0.0032448866734730458,0,0,0.14576418697834015,0.031449880450963974,9.99786376953125,0.4829238951206207,-0.0017887272406369448,0.003106789430603385,0,-12,-1001,-87,9,-68,0.057221461087465286,0.0003942027105949819,0.01629694364964962,-0.06878180056810379,63,3135,0.02047419548034668,12.311,28.81,96,6,10,1.21,831,0.009402363561093807,0.00016365527699235827,0.01632450707256794,1500,1500,1000,1500,1800,1000,1000,1800
1783917691.7639,0.9801,0.01980,50.50,50,108240,0.200,GUIDED,GUIDED,128,0.4900275468826294,0.0,10.0,0.5,0.0,0.0,nan,nan,nan,nan,nan,nan,nan,nan,nan,nan,0.3511602961684068,-0.029025592632735464,-0.003208439660843275,0,0,0.15483315289020538,0.03172802925109863,9.997961044311523,0.49078208208084106,-0.0015602525090798736,0.0030295851174741983,0,-12,-1001,-87,9,-69,0.05541827902197838,0.0006238212808966637,0.014692207798361778,-0.0694935992360115,63,3135,0.01969432830810547,12.311,28.81,96,6,10,1.21,831,0.009402363561093807,0.00016365527699235827,0.01632450707256794,1500,1500,1000,1500,1800,1000,1000,1800
1783917691.7840,1.0001,0.02001,49.98,51,108240,0.220,GUIDED,GUIDED,128,0.5000290870666504,0.0,10.0,0.5,0.0,0.0,nan,nan,nan,nan,nan,nan,nan,nan,nan,nan,0.3611618363524278,-0.029025592632735464,-0.003208439660843275,0,0,0.15483315289020538,0.03172802925109863,9.997961044311523,0.49078208208084106,-0.0015602525090798736,0.0030295851174741983,0,-12,-1001,-85,9,-69,0.05365702882409096,0.0008515818626619875,0.013108956627547741,-0.069263756275177,63,3135,0.01969432830810547,12.311,28.78,96,6,10,1.21,831,0.009402363561093807,0.00016365527699235827,0.01632450707256794,1500,1500,1000,1500,1800,1000,1000,1800
1783917691.8040,1.0201,0.02004,49.89,52,108280,0.240,GUIDED,GUIDED,128,0.5100282430648804,0.0,10.0,0.5,0.0,0.0,nan,nan,nan,nan,nan,nan,nan,nan,nan,nan,0.32977417007174376,-0.03143750058029307,-0.003107481881930168,0,0,0.1723427176475525,0.03279554471373558,9.998208999633789,0.5045676231384277,-0.0007840671460144222,0.0028281400445848703,0,-12,-1001,-85,9,-68,0.05189592018723488,0.0010741624282673001,0.011556889861822128,-0.068247489631176,63,3135,0.019950389862060547,12.311,28.78,96,6,10,1.21,831,0.009402363561093807,0.0002386760024819523,0.01632450707256794,1500,1500,1000,1500,1800,1000,1000,1800
1783917691.8236,1.0401,0.01963,50.94,53,108280,0.260,GUIDED,GUIDED,128,0.5200282335281372,0.0,10.0,0.5,0.0,0.0,nan,nan,nan,nan,nan,nan,nan,nan,nan,nan,0.3397741605350006,-0.03143750058029307,-0.003107481881930168,0,0,0.1723427176475525,0.03279554471373558,9.998208999633789,0.5045676231384277,-0.0007840671460144222,0.0028281400445848703,0,-12,-1001,-85,9,-68,0.05020129308104515,0.001286600367166102,0.010051674209535122,-0.06651966273784637,63,3135,0.019950389862060547,12.311,28.78,96,6,10,1.21,831,0.009402363561093807,0.0002386760024819523,0.01632450707256794,1500,1500,1000,1500,1800,1000,1000,1800
1783917691.8442,1.0601,0.02053,48.70,54,108319,0.280,GUIDED,GUIDED,128,0.5300314426422119,0.0,10.0,0.5,0.0,0.0,nan,nan,nan,nan,nan,nan,nan,nan,nan,nan,0.30861803806851534,-0.03270306860367453,-0.00290929700648618,0,0,0.19122715294361115,0.033484529703855515,9.998396873474121,0.5174280405044556,-0.0004511767765507102,0.0026052489411085844,0,-13,-1001,-81,9,-63,0.04852652922272682,0.0014977524988353252,0.008603597059845924,-0.06415979564189911,63,3135,0.02044987678527832,12.311,28.78,96,6,10,1.21,831,0.009402363561093807,0.0002386760024819523,0.01632450707256794,1500,1500,1000,1500,1800,1000,1000,1800
1783917691.8636,1.0801,0.01945,51.42,55,108319,0.300,GUIDED,GUIDED,128,0.5400310754776001,0.0,10.0,0.5,0.0,0.0,nan,nan,nan,nan,nan,nan,nan,nan,nan,nan,0.3186176709039035,-0.03270306860367453,-0.00290929700648618,0,0,0.19122715294361115,0.033484529703855515,9.998396873474121,0.5174280405044556,-0.0004511767765507102,0.0026052489411085844,0,-13,-1001,-81,9,-63,0.046906810253858566,0.001699178945273161,0.007232440635561943,-0.061368428170681,63,3135,0.02044987678527832,12.311,28.78,96,6,10,1.21,831,0.009402363561093807,0.0002386760024819523,0.01632450707256794,1500,1500,1000,1500,1800,1000,1000,1800
1783917691.8842,1.1001,0.02055,48.66,56,108359,0.320,GUIDED,GUIDED,128,0.5500293970108032,0.0,10.0,0.5,0.0,0.0,nan,nan,nan,nan,nan,nan,nan,nan,nan,nan,0.2890696666076633,-0.0335545180192432,-0.002816359356213851,0,0,0.2107863426208496,0.03408944234251976,9.998570442199707,0.5289676189422607,-0.00030883870203979313,0.0024513814132660627,0,-13,-1000,-73,8,-57,0.04538838565349579,0.0018917056731879711,0.0059502688236534595,-0.05810484662652016,63,3135,0.02046346664428711,12.312,28.78,96,6,10,1.21,831,0.009402363561093807,0.0002386760024819523,0.01632450707256794,1500,1500,1000,1500,1800,1000,1000,1800
1783917691.9040,1.1201,0.01982,50.45,57,108379,0.340,GUIDED,GUIDED,128,0.5600336790084839,0.0,10.0,0.5,0.0,0.0,nan,nan,nan,nan,nan,nan,nan,nan,nan,nan,0.2802535070171208,-0.03406300982942493,-0.0026539707481224297,0,0,0.22060172259807587,0.034448228776454926,9.998659133911133,0.534166693687439,-0.0002224062627647072,0.002306420123204589,0,-13,-1000,-74,7,-54,0.04385940358042717,0.0020634164102375507,0.004757903981953859,-0.05452212318778038,63,3135,0.01973128318786621,12.312,28.78,96,6,10,1.21,831,0.009402363561093807,0.00026462835376150906,0.01632450707256794,1500,1500,1000,1500,1800,1000,1000,1800
1783917691.9238,1.1401,0.01978,50.57,58,108379,0.360,GUIDED,GUIDED,128,0.5700274705886841,0.0,10.0,0.5,0.0,0.0,nan,nan,nan,nan,nan,nan,nan,nan,nan,nan,0.290247298597321,-0.03406300982942493,-0.0026539707481224297,0,0,0.22060172259807587,0.034448228776454926,9.998659133911133,0.534166693687439,-0.0002224062627647072,0.002306420123204589,0,-13,-1000,-70,6,-50,0.042420078068971634,0.002218951703980565,0.003665045602247119,-0.0506465919315815,63,3135,0.01973128318786621,12.312,28.78,96,6,10,1.21,831,0.009402363561093807,0.00026462835376150906,0.01632450707256794,1500,1500,1000,1500,1800,1000,1000,1800
1783917691.9440,1.1600,0.02021,49.48,59,108419,0.380,GUIDED,GUIDED,128,0.5800044536590576,0.0,10.0,0.5,0.0,0.0,nan,nan,nan,nan,nan,nan,nan,nan,nan,nan,0.26427895374076443,-0.03516906286891766,-0.0023871906484004314,0,0,0.2403792142868042,0.035213325172662735,9.998839378356934,0.5435011982917786,-2.5554852982168086e-05,0.002048330381512642,0,-13,-1000,-70,8,-46,0.04095065966248512,0.002406564075499773,0.00255076983012259,-0.04667051509022713,63,3135,0.020124197006225586,12.312,28.78,96,6,10,1.21,831,0.009922350756824017,0.00026462835376150906,0.012843895703554153,1500,1500,1000,1500,1800,1000,1000,1800
1783917691.9636,1.1801,0.01964,50.91,60,108419,0.400,GUIDED,GUIDED,128,0.5900273323059082,0.0,10.0,0.5,0.0,0.0,nan,nan,nan,nan,nan,nan,nan,nan,nan,nan,0.274301832387615,-0.03516906286891766,-0.0023871906484004314,0,0,0.2403792142868042,0.035213325172662735,9.998839378356934,0.5435011982917786,-2.5554852982168086e-05,0.002048330381512642,0,-13,-1000,-70,8,-46,0.0395987369120121,0.0025925433728843927,0.001496868790127337,-0.04249105975031853,63,3135,0.020124197006225586,12.312,28.78,96,6,10,1.21,831,0.009922350756824017,0.00026462835376150906,0.012843895703554153,1500,1500,1000,1500,1800,1000,1000,1800
1783917691.9841,1.2001,0.02053,48.71,61,108459,0.420,GUIDED,GUIDED,128,0.6000274419784546,0.0,10.0,0.5,0.0,0.0,nan,nan,nan,nan,nan,nan,nan,nan,nan,nan,0.2501948066715187,-0.03611389227191903,-0.00227395953422612,0,0,0.260397732257843,0.03602178022265434,9.999019622802734,0.5516352653503418,5.31809164385777e-05,0.0018788921879604459,0,-14,-1001,-62,8,-38,0.038302477449178696,0.002764918841421604,0.000539991247933358,-0.038374241441488266,63,3135,0.020443201065063477,12.312,28.78,96,6,10,1.21,831,0.009922350756824017,0.00026462835376150906,0.012843895703554153,1500,1500,1000,1500,1800,1000,1000,1800
1783917692.0036,1.2201,0.01948,51.34,62,108459,0.440,GUIDED,GUIDED,128,0.6100277900695801,0.0,10.0,0.5,0.0,0.0,nan,nan,nan,nan,nan,nan,nan,nan,nan,nan,0.2601951547626442,-0.03611389227191903,-0.00227395953422612,0,0,0.260397732257843,0.03602178022265434,9.999019622802734,0.5516352653503418,5.31809164385777e-05,0.0018788921879604459,0,-14,-1001,-62,8,-38,0.03703801706433296,0.002870226511731744,-0.00032385424128733575,-0.03419072553515434,63,3135,0.020443201065063477,12.312,28.78,96,6,10,1.21,831,0.009922350756824017,0.00026462835376150906,0.012843895703554153,1500,1500,1000,1500,1800,1000,1000,1800
1783917692.0241,1.2401,0.02053,48.71,63,108499,0.460,GUIDED,GUIDED,128,0.6200324296951294,0.0,10.0,0.5,0.0,0.0,nan,nan,nan,nan,nan,nan,nan,nan,nan,nan,0.23725962249432464,-0.036701824362807195,-0.0015467104800460888,0,0,0.28094518184661865,0.03672904521226883,9.999167442321777,0.5587902069091797,-1.5715964764240198e-05,0.001373671111650765,0,-14,-999,-59,8,-29,0.035813916474580765,0.0030262363143265247,-0.0010903611546382308,-0.030093315988779068,63,3135,0.020444631576538086,12.312,28.78,96,6,10,1.21,831,0.009922350756824017,0.00032719719456508756,0.012843895703554153,1500,1500,1000,1500,1800,1000,1000,1800
1783917692.0439,1.2601,0.01972,50.72,64,108519,0.480,GUIDED,GUIDED,128,0.6300275325775146,0.0,10.0,0.5,0.0,0.0,nan,nan,nan,nan,nan,nan,nan,nan,nan,nan,0.23165670391471288,-0.037104448343080985,-0.001364237430286484,0,0,0.29115602374076843,0.03714818134903908,9.999241828918457,0.5619004964828491,-2.5249262762372382e-05,0.0012253731256350875,0,-14,-1000,-55,5,-25,0.03467869758605957,0.0031107128597795963,-0.001766823697835207,-0.026124702766537666,63,3135,0.019627094268798828,12.312,28.78,96,6,10,1.21,831,0.009922350756824017,0.00032719719456508756,0.012843895703554153,1500,1500,1000,1500,1800,1000,1000,1800
1783917692.0639,1.2801,0.02005,49.87,65,108539,0.500,GUIDED,GUIDED,128,0.6400282382965088,0.0,10.0,0.5,0.0,0.0,nan,nan,nan,nan,nan,nan,nan,nan,nan,nan,0.22530403681694167,-0.03691847454702346,-0.0011689002056949715,0,0,0.30195796489715576,0.03734050691127777,9.999287605285645,0.5651056170463562,-0.00024366049910895526,0.0010861661285161972,0,-14,-1000,-54,4,-21,0.033546287566423416,0.003185267560184002,-0.0023411368019878864,-0.02207164838910103,63,3135,0.01995992660522461,12.312,28.78,96,6,10,1.21,831,0.009922350756824017,0.00032719719456508756,0.012843895703554153,1500,1500,1000,1500,1800,1000,1000,1800
1783917692.0839,1.3001,0.01996,50.11,66,108559,0.520,GUIDED,GUIDED,128,0.6500272750854492,0.0,10.0,0.5,0.0,0.0,nan,nan,nan,nan,nan,nan,nan,nan,nan,nan,0.2202020717662383,-0.03713990759723389,-0.000988582418725601,0,0,0.31241458654403687,0.0376976802945137,9.999351501464844,0.5677870512008667,-0.0003220302169211209,0.000945169129408896,0,-14,-1000,-52,4,-17,0.03248114511370659,0.0032560911495238543,-0.002816598629578948,-0.018137162551283836,63,3135,0.01986551284790039,12.312,28.75,96,6,10,1.21,831,0.009922350756824017,0.00032719719456508756,0.012843895703554153,1500,1500,1000,1500,1800,1000,1000,1800
1783917692.1036,1.3200,0.01978,50.56,67,108559,0.540,GUIDED,GUIDED,128,0.6600064039230347,0.0,10.0,0.5,0.0,0.0,nan,nan,nan,nan,nan,nan,nan,nan,nan,nan,0.23018120060382374,-0.03713990759723389,-0.000988582418725601,0,0,0.31241458654403687,0.0376976802945137,9.999351501464844,0.5677870512008667,-0.0003220302169211209,0.000945169129408896,0,-14,-1000,-52,4,-17,0.03139832988381386,0.00332248630002141,-0.003198386402800679,-0.014365238137543201,63,3135,0.01986551284790039,12.312,28.75,96,6,10,1.21,831,0.009922350756824017,0.00032719719456508756,0.012843895703554153,1500,1500,1000,1500,1800,1000,1000,1800
1783917692.1241,1.3401,0.02043,48.95,68,108599,0.560,GUIDED,GUIDED,128,0.6700278520584106,0.0,10.0,0.5,0.0,0.0,nan,nan,nan,nan,nan,nan,nan,nan,nan,nan,0.20974059261660807,-0.036941530980812196,-0.0004284881788957762,0,0,0.3340592682361603,0.038156621158123016,9.999432563781738,0.5728777647018433,-0.0007015326409600675,0.0005749972187913954,0,-14,-1000,-49,4,-10,0.030394963920116425,0.00338724278844893,-0.003488396294414997,-0.01088095922023058,63,3135,0.02034282684326172,12.312,28.75,96,6,10,1.21,831,0.009922350756824017,0.00033997531863860786,0.012843895703554153,1500,1500,1000,1500,1800,1000,1000,1800
1783917692.1435,1.3600,0.01947,51.35,69,108599,0.580,GUIDED,GUIDED,128,0.6800065040588379,0.0,10.0,0.5,0.0,0.0,nan,nan,nan,nan,nan,nan,nan,nan,nan,nan,0.21971924461703532,-0.036941530980812196,-0.0004284881788957762,0,0,0.3340592682361603,0.038156621158123016,9.999432563781738,0.5728777647018433,-0.0007015326409600675,0.0005749972187913954,0,-14,-1000,-49,4,-10,0.029469840228557587,0.0034323297441005707,-0.0038054201286286116,-0.007522271946072578,63,3135,0.02034282684326172,12.312,28.75,96,6,10,1.21,831,0.009922350756824017,0.00033997531863860786,0.012843895703554153,1500,1500,1000,1500,1800,1000,1000,1800
1783917692.1642,1.3801,0.02064,48.44,70,108639,0.600,GUIDED,GUIDED,128,0.6900274753570557,0.0,10.0,0.5,0.0,0.0,nan,nan,nan,nan,nan,nan,nan,nan,nan,nan,0.20170526626339016,-0.037421570611393305,-8.982415593609733e-05,0,0,0.3552793562412262,0.038913726806640625,9.999555587768555,0.5768123269081116,-0.0008614967809990048,0.0003084415220655501,0,-14,-1000,-42,4,-4,0.02857336960732937,0.003492095973342657,-0.004086229018867016,-0.004599681589752436,63,3135,0.020553112030029297,12.312,28.75,96,6,10,1.21,831,0.007342286873608828,0.00033997531863860786,0.010449076071381569,1500,1500,1000,1500,1800,1000,1000,1800
1783917692.1839,1.4001,0.01971,50.73,71,108659,0.620,GUIDED,GUIDED,128,0.7000274658203125,0.0,10.0,0.5,0.0,0.0,nan,nan,nan,nan,nan,nan,nan,nan,nan,nan,0.19847512617678062,-0.03783243510646231,-0.0001857105342891438,0,0,0.36577460169792175,0.039363425225019455,9.999627113342285,0.5783913135528564,-0.0008839175570756197,0.0003225062391720712,0,-15,-1000,-41,5,-1,0.02771112509071827,0.0035757054574787617,-0.004298454616218805,-0.0019149743020534515,63,3135,0.01961994171142578,12.312,28.78,96,6,10,1.21,831,0.007342286873608828,0.00033997531863860786,0.010449076071381569,1500,1500,1000,1500,1800,1000,1000,1800
1783917692.2039,1.4201,0.02000,50.00,72,108659,0.640,GUIDED,GUIDED,128,0.7100282907485962,0.0,10.0,0.5,0.0,0.0,nan,nan,nan,nan,nan,nan,nan,nan,nan,nan,0.2084759511050643,-0.03783243510646231,-0.0001857105342891438,0,0,0.36577460169792175,0.039363425225019455,9.999627113342285,0.5783913135528564,-0.0008839175570756197,0.0003225062391720712,0,-15,-1000,-39,5,0,0.026885848492383957,0.0036557442508637905,-0.004448124673217535,0.0006539224996231496,63,3135,0.01961994171142578,12.312,28.78,96,6,10,1.21,831,0.007342286873608828,0.0003889409126713872,0.010449076071381569,1500,1500,1000,1500,1800,1000,1000,1800
1783917692.2241,1.4401,0.02016,49.61,73,108699,0.660,GUIDED,GUIDED,128,0.7200264930725098,0.0,10.0,0.5,0.0,0.0,nan,nan,nan,nan,nan,nan,nan,nan,nan,nan,0.19130864472411488,-0.037777997505744475,-0.00023260729081187866,0,0,0.38755282759666443,0.039944786578416824,9.999717712402344,0.5815016627311707,-0.0012509962543845177,0.0002972747024614364,0,-15,-1000,-37,5,3,0.02610313706099987,0.003731549484655261,-0.004536845255643129,0.0030762094538658857,63,3135,0.020053625106811523,12.312,28.78,96,6,10,1.21,831,0.007342286873608828,0.0003889409126713872,0.010449076071381569,1500,1500,1000,1500,1800,1000,1000,1800
1783917692.2437,1.4601,0.01963,50.95,74,108699,0.680,GUIDED,GUIDED,128,0.7300273180007935,0.0,10.0,0.5,0.0,0.0,nan,nan,nan,nan,nan,nan,nan,nan,nan,nan,0.20130946965239857,-0.037777997505744475,-0.00023260729081187866,0,0,0.38755282759666443,0.039944786578416824,9.999717712402344,0.5815016627311707,-0.0012509962543845177,0.0002972747024614364,0,-15,-1000,-37,5,3,0.02542923018336296,0.0038033893797546625,-0.004567864816635847,0.005287921521812677,63,3135,0.020053625106811523,12.312,28.78,96,6,10,1.21,831,0.007342286873608828,0.0003889409126713872,0.010449076071381569,1500,1500,1000,1500,1800,1000,1000,1800
1783917692.2640,1.4801,0.02036,49.11,75,108739,0.700,GUIDED,GUIDED,128,0.7400275468826294,0.0,10.0,0.5,0.0,0.0,nan,nan,nan,nan,nan,nan,nan,nan,nan,nan,0.18470237953026994,-0.03735997160468463,0.0002992193962737904,0,0,0.4096205532550812,0.040426626801490784,9.999786376953125,0.5841225981712341,-0.0017705342033877969,-4.941907536704093e-05,0,-15,-1000,-31,2,7,0.02475414238870144,0.003822050988674164,-0.004544708877801895,0.007178368978202343,63,3135,0.02028036117553711,12.312,28.78,96,6,10,1.21,831,0.007342286873608828,0.0003889409126713872,0.010449076071381569,1500,1500,1000,1500,1800,1000,1000,1800
1783917692.2836,1.5001,0.01956,51.13,76,108739,0.720,GUIDED,GUIDED,128,0.7500278949737549,0.0,10.0,0.5,0.0,0.0,nan,nan,nan,nan,nan,nan,nan,nan,nan,nan,0.19470272762139543,-0.03735997160468463,0.0002992193962737904,0,0,0.4096205532550812,0.040426626801490784,9.999786376953125,0.5841225981712341,-0.0017705342033877969,-4.941907536704093e-05,0,-15,-1000,-31,2,7,0.024103838950395584,0.003872267436236143,-0.004468979313969612,0.0088177639991045,63,3135,0.02028036117553711,12.312,28.78,96,6,10,1.21,831,0.007342286873608828,0.0003889409126713872,0.010449076071381569,1500,1500,1000,1500,1800,1000,1000,1800
1783917692.3043,1.5201,0.02069,48.33,77,108779,0.741,GUIDED,GUIDED,128,0.7600269317626953,0.0,10.0,0.5,0.0,0.0,nan,nan,nan,nan,nan,nan,nan,nan,nan,nan,0.1792579760661794,-0.03706658484493998,0.0002891313998242063,0,0,0.4316244423389435,0.040947988629341125,9.999855041503906,0.5861086249351501,-0.0022409295197576284,-8.323826477862895e-05,0,-15,-1001,-29,5,10,0.023484790697693825,0.003939296118915081,-0.004348657093942165,0.010212273336946964,63,3135,0.020586252212524414,12.312,28.75,96,6,10,1.21,831,0.007342286873608828,0.00038394881994463503,0.010449076071381569,1500,1500,1000,1500,1800,1000,1000,1800
1783917692.3235,1.5401,0.01923,52.01,78,108779,0.760,GUIDED,GUIDED,128,0.7700289487838745,0.0,10.0,0.5,0.0,0.0,nan,nan,nan,nan,nan,nan,nan,nan,nan,nan,0.1892599930873586,-0.03706658484493998,0.0002891313998242063,0,0,0.4316244423389435,0.040947988629341125,9.999855041503906,0.5861086249351501,-0.0022409295197576284,-8.323826477862895e-05,0,-15,-1001,-29,5,10,0.023484790697693825,0.003939296118915081,-0.004348657093942165,0.010212273336946964,63,3135,0.020586252212524414,12.312,28.75,96,6,10,1.21,831,0.007342286873608828,0.00038394881994463503,0.010449076071381569,1500,1500,1000,1500,1800,1000,1000,1800
1783917692.3442,1.5601,0.02066,48.40,79,108820,0.780,GUIDED,GUIDED,128,0.7800277471542358,0.0,10.0,0.5,0.0,0.0,nan,nan,nan,nan,nan,nan,nan,nan,nan,nan,0.17391721976197844,-0.03684678708319397,0.0005545331438637573,0,0,0.45424702763557434,0.04155111685395241,9.99992847442627,0.5876784324645996,-0.0027160460595041513,-0.00027886455063708127,0,-15,-1000,-25,3,12,0.0224026869982481,0.004032299388200045,-0.00408127112314105,0.012673556804656982,63,3135,0.020592689514160156,12.312,28.75,96,6,10,1.21,831,0.008241205476224422,0.00038394881994463503,0.009045598097145557,1500,1500,1000,1500,1800,1000,1000,1800
1783917692.3639,1.5801,0.01976,50.62,80,108840,0.800,GUIDED,GUIDED,128,0.7900280952453613,0.0,10.0,0.5,0.0,0.0,nan,nan,nan,nan,nan,nan,nan,nan,nan,nan,0.1723630902138046,-0.037093451454366363,0.000586258374537337,0,0,0.4650636613368988,0.042019713670015335,9.99998664855957,0.5881044268608093,-0.002844178816303611,-0.00033076797262765467,0,-15,-1000,-23,1,13,0.021901248022913933,0.004034549929201603,-0.003979948814958334,0.01361745037138462,63,3135,0.019669055938720703,12.312,28.75,96,6,10,1.21,831,0.008241205476224422,0.00038394881994463503,0.009045598097145557,1500,1500,1000,1500,1800,1000,1000,1800
1783917692.3837,1.6001,0.01977,50.58,81,108840,0.820,GUIDED,GUIDED,128,0.8000272512435913,0.0,10.0,0.5,0.0,0.0,nan,nan,nan,nan,nan,nan,nan,nan,nan,nan,0.1823622462120346,-0.037093451454366363,0.000586258374537337,0,0,0.4650636613368988,0.042019713670015335,9.99998664855957,0.5881044268608093,-0.002844178816303611,-0.00033076797262765467,0,-15,-1000,-23,1,13,0.021439693868160248,0.004051527939736843,-0.0038514952175319195,0.014359941706061363,63,3135,0.019669055938720703,12.312,28.78,96,6,10,1.21,831,0.008241205476224422,0.00038394881994463503,0.009045598097145557,1500,1500,1000,1500,1800,1000,1000,1800
1783917692.4041,1.6201,0.02044,48.93,82,108880,0.840,GUIDED,GUIDED,128,0.8100337982177734,0.0,10.0,0.5,0.0,0.0,nan,nan,nan,nan,nan,nan,nan,nan,nan,nan,0.16845493109535317,-0.0367496581627488,0.0005397435865449376,0,0,0.4873485267162323,0.042594075202941895,10.000053405761719,0.5890449285507202,-0.003374275751411915,-0.0003424549358896911,0,-15,-1001,-20,0,15,0.020995331928133965,0.004032106604427099,-0.0037051828112453222,0.014861207455396652,63,3135,0.020351409912109375,12.312,28.78,96,6,10,1.21,831,0.008241205476224422,0.0004217463720124215,0.009045598097145557,1500,1500,1000,1500,1800,1000,1000,1800
1783917692.4236,1.6401,0.01943,51.47,83,108880,0.860,GUIDED,GUIDED,128,0.8200274705886841,0.0,10.0,0.5,0.0,0.0,nan,nan,nan,nan,nan,nan,nan,nan,nan,nan,0.17844860346626382,-0.0367496581627488,0.0005397435865449376,0,0,0.4873485267162323,0.042594075202941895,10.000053405761719,0.5890449285507202,-0.003374275751411915,-0.0003424549358896911,0,-15,-1001,-20,0,15,0.0206169281154871,0.004013272002339363,-0.003534820629283786,0.015302827581763268,63,3135,0.020351409912109375,12.312,28.78,96,6,10,1.21,831,0.008241205476224422,0.0004217463720124215,0.009045598097145557,1500,1500,1000,1500,1800,1000,1000,1800
1783917692.4441,1.6601,0.02054,48.68,84,108920,0.880,GUIDED,GUIDED,128,0.8300274610519409,0.0,10.0,0.5,0.0,0.0,nan,nan,nan,nan,nan,nan,nan,nan,nan,nan,0.16474996509368683,-0.036268267646626,0.0009839233524069006,0,0,0.5098221302032471,0.04305826500058174,10.000096321105957,0.589752197265625,-0.0039202068001031876,-0.0006236794288270175,0,-15,-1000,-18,0,15,0.020198991522192955,0.003994611091911793,-0.0033442105632275343,0.015650229528546333,63,3135,0.020458221435546875,12.312,28.78,96,6,10,1.21,831,0.008241205476224422,0.0004217463720124215,0.009045598097145557,1500,1500,1000,1500,1800,1000,1000,1800
1783917692.4635,1.6800,0.01939,51.56,85,108920,0.900,GUIDED,GUIDED,128,0.8400238752365112,0.0,10.0,0.5,0.0,0.0,nan,nan,nan,nan,nan,nan,nan,nan,nan,nan,0.17474637927825715,-0.036268267646626,0.0009839233524069006,0,0,0.5098221302032471,0.04305826500058174,10.000096321105957,0.589752197265625,-0.0039202068001031876,-0.0006236794288270175,0,-15,-1000,-18,0,15,0.020198991522192955,0.003994611091911793,-0.0033442105632275343,0.015650229528546333,63,3135,0.020458221435546875,12.312,28.78,96,6,10,1.21,831,0.008241205476224422,0.0004217463720124215,0.009045598097145557,1500,1500,1000,1500,1800,1000,1000,1800
1783917692.4843,1.7001,0.02080,48.09,86,108960,0.921,GUIDED,GUIDED,128,0.8500338792800903,0.0,10.0,0.5,0.0,0.0,nan,nan,nan,nan,nan,nan,nan,nan,nan,nan,0.16123030960843807,-0.035567767334684024,0.0010257694132100052,0,0,0.5324697494506836,0.04341484233736992,10.00012493133545,0.5902593731880188,-0.004530510865151882,-0.0006643573869951069,0,-15,-1001,-13,0,15,0.01954597793519497,0.003914846107363701,-0.0029072186443954706,0.015795079991221428,63,3135,0.020711898803710938,12.312,28.78,96,6,10,1.21,831,0.008241205476224422,0.0004217463720124215,0.009045598097145557,1500,1500,1000,1500,1800,1000,1000,1800
1783917692.5039,1.7201,0.01958,51.07,87,108980,0.940,GUIDED,GUIDED,128,0.8600274324417114,0.0,10.0,0.5,0.0,0.0,nan,nan,nan,nan,nan,nan,nan,nan,nan,nan,0.1597803697466612,-0.03532498629409388,0.00095688881151161,0,0,0.5437217354774475,0.04362649843096733,10.000146865844727,0.5903699398040771,-0.004792880266904831,-0.0006372530478984118,0,-15,-1001,-13,0,15,0.019254086539149284,0.003865668084472418,-0.0026684794574975967,0.015605791471898556,63,3135,0.01949024200439453,12.312,28.78,96,6,10,1.21,831,0.008241205476224422,0.0004217463720124215,0.009045598097145557,1500,1500,1000,1500,1800,1000,1000,1800
1783917692.5237,1.7401,0.01984,50.41,88,108980,0.960,GUIDED,GUIDED,128,0.8700274229049683,0.0,10.0,0.5,0.0,0.0,nan,nan,nan,nan,nan,nan,nan,nan,nan,nan,0.16978036020991805,-0.03532498629409388,0.00095688881151161,0,0,0.5437217354774475,0.04362649843096733,10.000146865844727,0.5903699398040771,-0.004792880266904831,-0.0006372530478984118,0,-15,-1001,-12,0,15,0.018973588943481445,0.0038191897328943014,-0.0024139760062098503,0.01537731010466814,63,3135,0.01949024200439453,12.312,28.78,96,6,10,1.21,831,0.008241205476224422,0.0004217463720124215,0.009045598097145557,1500,1500,1000,1500,1800,1000,1000,1800
1783917692.5440,1.7601,0.02029,49.28,89,109020,0.980,GUIDED,GUIDED,128,0.880027174949646,0.0,10.0,0.5,0.0,0.0,nan,nan,nan,nan,nan,nan,nan,nan,nan,nan,0.15731219398855817,-0.03509972850849365,0.0009151910160222823,0,0,0.566161572933197,0.044134125113487244,10.000200271606445,0.590386152267456,-0.0052160113118588924,-0.0006440126453526318,0,-15,-1000,-13,0,15,0.018660465255379677,0.0037694410420954227,-0.002269710646942258,0.015135526657104492,63,3135,0.020201921463012695,12.312,28.78,96,6,10,1.21,831,0.008236098103225231,0.0004081696970388293,0.008176413364708424,1500,1500,1000,1500,1800,1000,1000,1800
1783917692.5637,1.7801,0.01965,50.90,90,109020,0.000,GUIDED,GUIDED,128,0.8900275230407715,0.0,10.0,0.5,0.0,0.0,nan,nan,nan,nan,nan,nan,nan,nan,nan,nan,0.16731254207968366,-0.03509972850849365,0.0009151910160222823,0,0,0.566161572933197,0.044134125113487244,10.000200271606445,0.590386152267456,-0.0052160113118588924,-0.0006440126453526318,0,-15,-1000,-13,0,15,0.01839590072631836,0.003722797380760312,-0.0021207595709711313,0.01481980923563242,63,3135,0.020201921463012695,12.312,28.78,96,6,10,1.21,831,0.008236098103225231,0.0004081696970388293,0.008176413364708424,1500,1500,1000,1500,1800,1000,1000,1800
1783917692.5841,1.8001,0.02047,48.85,91,109060,0.021,GUIDED,GUIDED,128,0.9000271558761597,0.0,10.0,0.5,0.0,0.0,nan,nan,nan,nan,nan,nan,nan,nan,nan,nan,0.1553124983219997,-0.03512728394457808,0.0012656048231178708,0,0,0.5885470509529114,0.04467982053756714,10.000255584716797,0.5901634097099304,-0.005515159573405981,-0.0008782591903582215,0,-15,-1000,-12,0,14,0.018107673153281212,0.0036777821369469166,-0.001968629891052842,0.014429956674575806,63,3135,0.020386457443237305,12.312,28.75,96,6,10,1.21,831,0.008236098103225231,0.0004081696970388293,0.008176413364708424,1500,1500,1000,1500,1800,1000,1000,1800
1783917692.6035,1.8201,0.01936,51.65,92,109060,0.040,GUIDED,GUIDED,128,0.910027265548706,0.0,10.0,0.5,0.0,0.0,nan,nan,nan,nan,nan,nan,nan,nan,nan,nan,0.16531260799454608,-0.03512728394457808,0.0012656048231178708,0,0,0.5885470509529114,0.04467982053756714,10.000255584716797,0.5901634097099304,-0.005515159573405981,-0.0008782591903582215,0,-15,-1000,-12,0,14,0.018107673153281212,0.0036777821369469166,-0.001968629891052842,0.014429956674575806,63,3135,0.020386457443237305,12.312,28.75,96,6,10,1.21,831,0.008236098103225231,0.0004081696970388293,0.008176413364708424,1500,1500,1000,1500,1800,1000,1000,1800
1783917692.6241,1.8400,0.02061,48.53,93,109100,0.061,GUIDED,GUIDED,128,0.9200049638748169,0.0,10.0,0.5,0.0,0.0,nan,nan,nan,nan,nan,nan,nan,nan,nan,nan,0.15399220032219013,-0.035311184925204964,0.0013326881323938037,0,0,0.6107621192932129,0.045312706381082535,10.000329971313477,0.5896340012550354,-0.0057743811048567295,-0.00095993687864393,0,-15,-1000,-8,1,13,0.017650559544563293,0.0036210254766047,-0.0016519500641152263,0.013672692701220512,63,3135,0.020260334014892578,12.312,28.75,96,6,10,1.21,831,0.008236098103225231,0.0007653463399037719,0.008176413364708424,1500,1500,1000,1500,1800,1000,1000,1800
1783917692.6439,1.8601,0.01982,50.45,94,109120,0.080,GUIDED,GUIDED,128,0.9300280809402466,0.0,10.0,0.5,0.0,0.0,nan,nan,nan,nan,nan,nan,nan,nan,nan,nan,0.15268622346408361,-0.03487558959181247,0.0012777082859982962,0,0,0.6222459673881531,0.04538407549262047,10.000346183776855,0.5895446538925171,-0.006067077163606882,-0.000937554519623518,0,-15,-1001,-10,0,13,0.01741751842200756,0.00356354471296072,-0.00148791226092726,0.01322057656943798,63,3135,0.019736766815185547,12.312,28.75,96,6,10,1.21,831,0.008236098103225231,0.0007653463399037719,0.008176413364708424,1500,1500,1000,1500,1800,1000,1000,1800
1783917692.6636,1.8801,0.01972,50.71,95,109120,0.100,GUIDED,GUIDED,128,0.9400261640548706,0.0,10.0,0.5,0.0,0.0,nan,nan,nan,nan,nan,nan,nan,nan,nan,nan,0.16268430657870764,-0.03487558959181247,0.0012777082859982962,0,0,0.6222459673881531,0.04538407549262047,10.000346183776855,0.5895446538925171,-0.006067077163606882,-0.000937554519623518,0,-15,-1001,-10,0,13,0.017259325832128525,0.0035897966008633375,-0.0013186163268983364,0.012665650807321072,63,3135,0.019736766815185547,12.312,28.75,96,6,10,1.21,831,0.008236098103225231,0.0007653463399037719,0.008176413364708424,1500,1500,1000,1500,1800,1000,1000,1800
1783917692.6842,1.9001,0.02061,48.53,96,109160,0.121,GUIDED,GUIDED,128,0.9500268697738647,0.0,10.0,0.5,0.0,0.0,nan,nan,nan,nan,nan,nan,nan,nan,nan,nan,0.1507629989102317,-0.03434606343190527,0.0012627933079623873,0,0,0.6449853181838989,0.04564938321709633,10.000404357910156,0.5890727639198303,-0.0065259747207164764,-0.0009625302045606077,0,-15,-1000,-9,0,12,0.01704310066998005,0.003539612516760826,-0.0011480670655146241,0.012106072157621384,63,3135,0.020501375198364258,12.312,28.75,95,6,10,1.21,831,0.008236098103225231,0.0007653463399037719,0.008176413364708424,1500,1500,1000,1500,1800,1000,1000,1800
1783917692.7036,1.9201,0.01934,51.71,97,109160,0.140,GUIDED,GUIDED,128,0.9600279331207275,0.0,10.0,0.5,0.0,0.0,nan,nan,nan,nan,nan,nan,nan,nan,nan,nan,0.1607640622570945,-0.03434606343190527,0.0012627933079623873,0,0,0.6449853181838989,0.04564938321709633,10.000404357910156,0.5890727639198303,-0.0065259747207164764,-0.0009625302045606077,0,-15,-1000,-9,0,12,0.016899410635232925,0.003561963327229023,-0.0009730664314702153,0.011567872017621994,63,3135,0.020501375198364258,12.312,28.75,95,6,10,1.21,831,0.008236098103225231,0.0007653463399037719,0.008176413364708424,1500,1500,1000,1500,1800,1000,1000,1800
1783917692.7241,1.9401,0.02053,48.72,98,109200,0.161,GUIDED,GUIDED,128,0.9700272083282471,0.0,10.0,0.5,0.0,0.0,nan,nan,nan,nan,nan,nan,nan,nan,nan,nan,0.14957087273772635,-0.03423363576400586,0.0011667299184796955,0,0,0.6674247980117798,0.04609235003590584,10.000509262084961,0.5883527994155884,-0.0068466318771243095,-0.0009676344343461096,0,-15,-1000,-5,0,11,0.01676609367132187,0.0035278310533612967,-0.0007937877089716494,0.010924783535301685,63,3135,0.02044510841369629,12.312,28.75,95,6,10,1.21,831,0.006583914160728455,0.0007466998067684472,0.007663828320801258,1500,1500,1000,1500,1800,1000,1000,1800
1783917692.7435,1.9601,0.01940,51.55,99,109200,0.180,GUIDED,GUIDED,128,0.9800273180007935,0.0,10.0,0.5,0.0,0.0,nan,nan,nan,nan,nan,nan,nan,nan,nan,nan,0.15957098241027273,-0.03423363576400586,0.0011667299184796955,0,0,0.6674247980117798,0.04609235003590584,10.000509262084961,0.5883527994155884,-0.0068466318771243095,-0.0009676344343461096,0,-15,-1000,-5,0,11,0.01676609367132187,0.0035278310533612967,-0.0007937877089716494,0.010924783535301685,63,3135,0.02044510841369629,12.312,28.75,95,6,10,1.21,831,0.006583914160728455,0.0007466998067684472,0.007663828320801258,1500,1500,1000,1500,1800,1000,1000,1800
1783917692.7641,1.9801,0.02062,48.50,100,109240,0.201,GUIDED,GUIDED,128,0.9900271892547607,0.0,10.0,0.5,0.0,0.0,nan,nan,nan,nan,nan,nan,nan,nan,nan,nan,0.14852620880185202,-0.034178772671439143,0.000891643516757327,0,0,0.6898501515388489,0.046553000807762146,10.000632286071777,0.5875556468963623,-0.007144263945519924,-0.0008798411581665277,0,-15,-1001,-4,1,9,0.016505496576428413,0.003503789659589529,-0.0006224054959602654,0.009599605575203896,63,3135,0.02054142951965332,12.312,28.75,95,6,10,1.21,831,0.006583914160728455,0.0007466998067684472,0.007663828320801258,1500,1500,1000,1500,1800,1000,1000,1800
1783917692.7840,2.0001,0.01992,50.20,101,109260,0.221,GUIDED,GUIDED,128,1.0000308752059937,0.0,10.0,0.5,0.0,0.0,nan,nan,nan,nan,nan,nan,nan,nan,nan,nan,0.1476157935651873,-0.03380183807407634,0.0007479992119841327,0,0,0.7012659907341003,0.04663224145770073,10.000664710998535,0.5872659683227539,-0.007407636847347021,-0.0008156286203302443,0,-15,-1001,-4,1,9,0.016383854672312737,0.003504387801513076,-0.0005428597796708345,0.008943465538322926,63,3135,0.019748687744140625,12.312,28.78,95,6,10,1.21,831,0.006583914160728455,0.0007466998067684472,0.007663828320801258,1500,1500,1000,1500,1800,1000,1000,1800
1783917692.8039,2.0201,0.01981,50.49,102,109260,0.240,GUIDED,GUIDED,128,1.0100280046463013,0.0,10.0,0.5,0.0,0.0,nan,nan,nan,nan,nan,nan,nan,nan,nan,nan,0.15761292300549493,-0.03380183807407634,0.0007479992119841327,0,0,0.7012659907341003,0.04663224145770073,10.000664710998535,0.5872659683227539,-0.007407636847347021,-0.0008156286203302443,0,-15,-1001,-4,1,8,0.01626584865152836,0.003506464185193181,-0.00047070623259060085,0.00827557872980833,63,3135,0.019748687744140625,12.312,28.78,95,6,10,1.21,831,0.006583914160728455,0.0007466998067684472,0.007663828320801258,1500,1500,1000,1500,1800,1000,1000,1800
1783917692.8240,2.0401,0.02011,49.72,103,109300,0.260,GUIDED,GUIDED,128,1.0200271606445312,0.0,10.0,0.5,0.0,0.0,nan,nan,nan,nan,nan,nan,nan,nan,nan,nan,0.1469981603745154,-0.03386078949985445,0.00032497902238047506,0,0,0.723567545413971,0.04712890461087227,10.000824928283691,0.5862916111946106,-0.007660349830985069,-0.000663899292703718,0,-15,-1001,-3,1,7,0.01615380495786667,0.003507305169478059,-0.00039817308424972,0.007626090664416552,63,3135,0.020024776458740234,12.312,28.78,95,6,10,1.21,831,0.006583914160728455,0.0006904148613102734,0.007663828320801258,1500,1500,1000,1500,1800,1000,1000,1800
1783917692.8436,2.0601,0.01967,50.83,104,109300,0.280,GUIDED,GUIDED,128,1.0300275087356567,0.0,10.0,0.5,0.0,0.0,nan,nan,nan,nan,nan,nan,nan,nan,nan,nan,0.1569985084656409,-0.03386078949985445,0.00032497902238047506,0,0,0.723567545413971,0.04712890461087227,10.000824928283691,0.5862916111946106,-0.007660349830985069,-0.000663899292703718,0,-15,-1001,-3,1,7,0.016046591103076935,0.0035095596686005592,-0.00032631075009703636,0.007044259924441576,63,3135,0.020024776458740234,12.312,28.78,95,6,10,1.21,831,0.006583914160728455,0.0006904148613102734,0.007663828320801258,1500,1500,1000,1500,1800,1000,1000,1800
1783917692.8642,2.0801,0.02054,48.68,105,109340,0.301,GUIDED,GUIDED,128,1.0400304794311523,0.0,10.0,0.5,0.0,0.0,nan,nan,nan,nan,nan,nan,nan,nan,nan,nan,0.1457192460478474,-0.033278848608236246,6.0718726365103235e-05,0,0,0.7462682723999023,0.04731384664773941,10.000947952270508,0.5854726433753967,-0.008103109896183014,-0.000582356471568346,0,-15,-1000,-3,1,6,0.015945160761475563,0.00349857727997005,-0.00025402515893802047,0.006562535185366869,63,3135,0.02045726776123047,12.312,28.78,95,6,10,1.21,831,0.006583914160728455,0.0006904148613102734,0.007663828320801258,1500,1500,1000,1500,1800,1000,1000,1800
1783917692.8836,2.1001,0.01937,51.62,106,109340,0.320,GUIDED,GUIDED,128,1.0500268936157227,0.0,10.0,0.5,0.0,0.0,nan,nan,nan,nan,nan,nan,nan,nan,nan,nan,0.1557156602324177,-0.033278848608236246,6.0718726365103235e-05,0,0,0.7462682723999023,0.04731384664773941,10.000947952270508,0.5854726433753967,-0.008103109896183014,-0.000582356471568346,0,-15,-1000,-3,1,6,0.015945160761475563,0.00349857727997005,-0.00025402515893802047,0.006562535185366869,63,3135,0.02045726776123047,12.312,28.78,95,6,10,1.21,831,0.006583914160728455,0.0006904148613102734,0.007663828320801258,1500,1500,1000,1500,1800,1000,1000,1800
1783917692.9041,2.1201,0.02060,48.55,107,109380,0.341,GUIDED,GUIDED,128,1.060025691986084,0.0,10.0,0.5,0.0,0.0,nan,nan,nan,nan,nan,nan,nan,nan,nan,nan,0.14425519635889134,-0.03245032594491812,0.0001985205036521263,0,0,0.7690485715866089,0.047405533492565155,10.001051902770996,0.5847099423408508,-0.008634393103420734,-0.0007219322142191231,0,-15,-1000,-3,0,5,0.015755683183670044,0.003455433761700988,-0.00010401553299743682,0.005770319607108831,63,3135,0.020544767379760742,12.312,28.75,95,6,10,1.21,831,0.006583914160728455,0.0006904148613102734,0.007663828320801258,1500,1500,1000,1500,1800,1000,1000,1800
1783917692.9240,2.1401,0.01986,50.34,108,109400,0.361,GUIDED,GUIDED,128,1.0700278282165527,0.0,10.0,0.5,0.0,0.0,nan,nan,nan,nan,nan,nan,nan,nan,nan,nan,0.14414636327425231,-0.0324546457171908,0.00024819477223028794,0,0,0.7801670432090759,0.04760478809475899,10.001144409179688,0.5841282606124878,-0.008746938779950142,-0.0008040202665142715,0,-15,-1000,-2,1,5,0.01566750556230545,0.0034682706464082003,-1.924909884110093e-05,0.0053343879990279675,63,3135,0.019763708114624023,12.312,28.75,95,6,10,1.21,831,0.007588693406432867,0.0006744290003553033,0.007191109005361795,1500,1500,1000,1500,1800,1000,1000,1800
1783917692.9437,2.1601,0.01967,50.85,109,109400,0.380,GUIDED,GUIDED,128,1.0800275802612305,0.0,10.0,0.5,0.0,0.0,nan,nan,nan,nan,nan,nan,nan,nan,nan,nan,0.15414611531893005,-0.0324546457171908,0.00024819477223028794,0,0,0.7801670432090759,0.04760478809475899,10.001144409179688,0.5841282606124878,-0.008746938779950142,-0.0008040202665142715,0,-15,-1000,-2,1,5,0.015576780773699284,0.0034136297181248665,-9.172442219096411e-07,0.004915481433272362,63,3135,0.019763708114624023,12.312,28.75,95,6,10,1.21,831,0.007588693406432867,0.0006744290003553033,0.007191109005361795,1500,1500,1000,1500,1800,1000,1000,1800
1783917692.9640,2.1801,0.02034,49.16,110,109440,0.401,GUIDED,GUIDED,128,1.0900273323059082,0.0,10.0,0.5,0.0,0.0,nan,nan,nan,nan,nan,nan,nan,nan,nan,nan,0.1438677905562745,-0.03221189375339989,0.00032326427322422555,0,0,0.8024635314941406,0.04791829362511635,10.00129508972168,0.5829629302024841,-0.009068094193935394,-0.0009343571146018803,0,-15,-1000,-2,1,4,0.015489758923649788,0.003424116177484393,1.8363365597906522e-05,0.004618961829692125,63,3135,0.02026081085205078,12.312,28.75,95,6,10,1.21,831,0.007588693406432867,0.0006744290003553033,0.007191109005361795,1500,1500,1000,1500,1800,1000,1000,1800
1783917692.9836,2.2001,0.01959,51.05,111,109440,0.420,GUIDED,GUIDED,128,1.1000282764434814,0.0,10.0,0.5,0.0,0.0,nan,nan,nan,nan,nan,nan,nan,nan,nan,nan,0.15386873469384774,-0.03221189375339989,0.00032326427322422555,0,0,0.8024635314941406,0.04791829362511635,10.00129508972168,0.5829629302024841,-0.009068094193935394,-0.0009343571146018803,0,-15,-1000,-2,1,4,0.015406578779220581,0.0033622190821915865,3.777953315875493e-05,0.004378359764814377,63,3135,0.02026081085205078,12.312,28.75,95,6,10,1.21,831,0.007588693406432867,0.0006744290003553033,0.007191109005361795,1500,1500,1000,1500,1800,1000,1000,1800
1783917693.0041,2.2201,0.02053,48.72,112,109480,0.441,GUIDED,GUIDED,128,1.1100270748138428,0.0,10.0,0.5,0.0,0.0,nan,nan,nan,nan,nan,nan,nan,nan,nan,nan,0.14342220816395185,-0.03179930336892989,0.0004947199689665839,0,0,0.8248594403266907,0.04812658950686455,10.001419067382812,0.5818367600440979,-0.009426563046872616,-0.001104925642721355,0,-15,-1000,-2,0,4,0.01532730646431446,0.003351998282596469,5.546453394345008e-05,0.004041101783514023,63,3135,0.020441055297851562,12.312,28.75,95,6,10,1.21,831,0.007588693406432867,0.0006744290003553033,0.007191109005361795,1500,1500,1000,1500,1800,1000,1000,1800
1783917693.0235,2.2401,0.01939,51.58,113,109480,0.460,GUIDED,GUIDED,128,1.1200274229049683,0.0,10.0,0.5,0.0,0.0,nan,nan,nan,nan,nan,nan,nan,nan,nan,nan,0.15342255625507734,-0.03179930336892989,0.0004947199689665839,0,0,0.8248594403266907,0.04812658950686455,10.001419067382812,0.5818367600440979,-0.009426563046872616,-0.001104925642721355,0,-15,-1000,-2,0,4,0.01532730646431446,0.003351998282596469,5.546453394345008e-05,0.004041101783514023,63,3135,0.020441055297851562,12.312,28.75,95,6,10,1.21,831,0.007588693406432867,0.0006744290003553033,0.007191109005361795,1500,1500,1000,1500,1800,1000,1000,1800
1783917693.0442,2.2601,0.02065,48.41,114,109520,0.481,GUIDED,GUIDED,128,1.1300270557403564,0.0,10.0,0.5,0.0,0.0,nan,nan,nan,nan,nan,nan,nan,nan,nan,nan,0.14286742334705038,-0.031308798426231334,0.0006697716783525577,0,0,0.8473309278488159,0.04824172705411911,10.00153636932373,0.580730140209198,-0.009776230901479721,-0.001273716101422906,0,-15,-1000,-2,0,3,0.015178276225924492,0.00329957134090364,0.00010344746988266706,0.003507467918097973,63,3135,0.020571470260620117,12.312,28.75,95,6,10,1.21,831,0.007588693406432867,0.0006201558280736208,0.007191109005361795,1500,1500,1000,1500,1800,1000,1000,1800
1783917693.0640,2.2801,0.01983,50.44,115,109540,0.501,GUIDED,GUIDED,128,1.1400272846221924,0.0,10.0,0.5,0.0,0.0,nan,nan,nan,nan,nan,nan,nan,nan,nan,nan,0.14277374503404952,-0.031125283642972082,0.0007064026677750519,0,0,0.8584869503974915,0.04833487793803215,10.001615524291992,0.5801169276237488,-0.009935963898897171,-0.0013405651552602649,0,-15,-1000,-1,1,3,0.015108587220311165,0.0032925002742558718,0.00013039466284681112,0.003158057574182749,63,3135,0.01971602439880371,12.312,28.75,95,6,10,1.21,831,0.007588693406432867,0.0006201558280736208,0.007191109005361795,1500,1500,1000,1500,1800,1000,1000,1800
1783917693.0837,2.3001,0.01965,50.89,116,109540,0.520,GUIDED,GUIDED,128,1.1500272750854492,0.0,10.0,0.5,0.0,0.0,nan,nan,nan,nan,nan,nan,nan,nan,nan,nan,0.15277373549730636,-0.031125283642972082,0.0007064026677750519,0,0,0.8584869503974915,0.04833487793803215,10.001615524291992,0.5801169276237488,-0.009935963898897171,-0.0013405651552602649,0,-15,-1000,-1,1,3,0.015042372047901154,0.0032394242007285357,0.00015974741836544126,0.0029497849754989147,63,3135,0.01971602439880371,12.312,28.78,95,6,10,1.21,831,0.007588693406432867,0.0006201558280736208,0.007191109005361795,1500,1500,1000,1500,1800,1000,1000,1800
1783917693.1042,2.3201,0.02054,48.68,117,109580,0.541,GUIDED,GUIDED,128,1.1600277423858643,0.0,10.0,0.5,0.0,0.0,nan,nan,nan,nan,nan,nan,nan,nan,nan,nan,0.14204121482673931,-0.030348237848976854,0.0008519189992443076,0,0,0.8810781240463257,0.04830673709511757,10.001700401306152,0.5790441036224365,-0.010368344374001026,-0.0014735828153789043,0,-15,-1000,-1,2,2,0.014981595799326897,0.0032587512396275997,0.00018945960619021207,0.0026190434582531452,63,3135,0.020458459854125977,12.312,28.78,95,6,10,1.21,831,0.007588693406432867,0.0006201558280736208,0.007191109005361795,1500,1500,1000,1500,1800,1000,1000,1800
1783917693.1236,2.3401,0.01939,51.56,118,109580,0.560,GUIDED,GUIDED,128,1.1700271368026733,0.0,10.0,0.5,0.0,0.0,nan,nan,nan,nan,nan,nan,nan,nan,nan,nan,0.1520406092435484,-0.030348237848976854,0.0008519189992443076,0,0,0.8810781240463257,0.04830673709511757,10.001700401306152,0.5790441036224365,-0.010368344374001026,-0.0014735828153789043,0,-15,-1000,-1,2,2,0.014954199083149433,0.003193348878994584,0.00023010898439679295,0.002475961111485958,63,3135,0.020458459854125977,12.312,28.78,95,6,10,1.21,831,0.007588693406432867,0.0006201558280736208,0.007191109005361795,1500,1500,1000,1500,1800,1000,1000,1800
1783917693.1441,2.3601,0.02052,48.73,119,109620,0.581,GUIDED,GUIDED,128,1.180026888847351,0.0,10.0,0.5,0.0,0.0,nan,nan,nan,nan,nan,nan,nan,nan,nan,nan,0.1419187626826528,-0.030023864070289993,0.0005373138052630591,0,0,0.9033575057983398,0.04844275116920471,10.00182056427002,0.5777983069419861,-0.010634149424731731,-0.00136132154148072,0,-15,-1001,-3,2,2,0.01484544388949871,0.0032074805349111557,0.00022496543533634394,0.0023734020069241524,63,3135,0.020435810089111328,12.312,28.78,95,6,10,1.21,831,0.00614363607019186,0.0006080755265429616,0.007177526131272316,1500,1500,1000,1500,1800,1000,1000,1800
1783917693.1636,2.3801,0.01945,51.41,120,109620,0.600,GUIDED,GUIDED,128,1.1900280714035034,0.0,10.0,0.5,0.0,0.0,nan,nan,nan,nan,nan,nan,nan,nan,nan,nan,0.15191994523880514,-0.030023864070289993,0.0005373138052630591,0,0,0.9033575057983398,0.04844275116920471,10.00182056427002,0.5777983069419861,-0.010634149424731731,-0.00136132154148072,0,-15,-1001,-3,2,2,0.01484544388949871,0.0032074805349111557,0.00022496543533634394,0.0023734020069241524,63,3135,0.020435810089111328,12.312,28.78,95,6,10,1.21,831,0.00614363607019186,0.0006080755265429616,0.007177526131272316,1500,1500,1000,1500,1800,1000,1000,1800
1783917693.1842,2.4000,0.02059,48.57,121,109660,0.621,GUIDED,GUIDED,128,1.2000062465667725,0.0,10.0,0.5,0.0,0.0,nan,nan,nan,nan,nan,nan,nan,nan,nan,nan,0.14193990613244245,-0.029749664984775114,0.00025949459095165727,0,0,0.9255431890487671,0.04860244318842888,10.001947402954102,0.5765122771263123,-0.010884656570851803,-0.0012741528917104006,0,-15,-1001,-1,2,2,0.014776861295104027,0.003174343379214406,0.0002226535143563524,0.002295131329447031,63,3135,0.020503520965576172,12.312,28.78,95,6,10,1.21,831,0.00614363607019186,0.0006080755265429616,0.007177526131272316,1500,1500,1000,1500,1800,1000,1000,1800
1783917693.2040,2.4201,0.01984,50.39,122,109680,0.641,GUIDED,GUIDED,128,1.2100276947021484,0.0,10.0,0.5,0.0,0.0,nan,nan,nan,nan,nan,nan,nan,nan,nan,nan,0.14215664716880233,-0.02972138500896792,0.00019879596156525915,0,0,0.9365410208702087,0.04872937873005867,10.002030372619629,0.5758234262466431,-0.010974270291626453,-0.0012870110804215074,0,-15,-1000,0,0,2,0.01477232575416565,0.0031209795270115137,0.0002247762167826295,0.002293710131198168,63,3135,0.01973104476928711,12.312,28.78,95,6,10,1.21,831,0.00614363607019186,0.0006080755265429616,0.007177526131272316,1500,1500,1000,1500,1800,1000,1000,1800
1783917693.2237,2.4401,0.01972,50.71,123,109680,0.660,GUIDED,GUIDED,128,1.2200273275375366,0.0,10.0,0.5,0.0,0.0,nan,nan,nan,nan,nan,nan,nan,nan,nan,nan,0.15215628000419051,-0.02972138500896792,0.00019879596156525915,0,0,0.9365410208702087,0.04872937873005867,10.002030372619629,0.5758234262466431,-0.010974270291626453,-0.0012870110804215074,0,-15,-1000,0,1,2,0.014736996032297611,0.003135347506031394,0.00023707687796559185,0.0022557482589036226,63,3135,0.01973104476928711,12.312,28.78,95,6,10,1.21,831,0.00614363607019186,0.0006080755265429616,0.007177526131272316,1500,1500,1000,1500,1800,1000,1000,1800
1783917693.2442,2.4601,0.02046,48.88,124,109720,0.681,GUIDED,GUIDED,128,1.2300275564193726,0.0,10.0,0.5,0.0,0.0,nan,nan,nan,nan,nan,nan,nan,nan,nan,nan,0.14186353634358764,-0.02911545376891195,0.00012290276573704304,0,0,0.9588504433631897,0.04873960092663765,10.002140998840332,0.5746592283248901,-0.011330006644129753,-0.001307064201682806,0,-14,-1000,0,0,2,0.014703118242323399,0.0030818572267889977,0.00025503337383270264,0.0022512408904731274,63,3135,0.020352602005004883,12.312,28.78,95,6,10,1.21,831,0.00614363607019186,0.00056701764697209,0.007177526131272316,1500,1500,1000,1500,1800,1000,1000,1800
1783917693.2636,2.4800,0.01938,51.61,125,109720,0.700,GUIDED,GUIDED,128,1.2400065660476685,0.0,10.0,0.5,0.0,0.0,nan,nan,nan,nan,nan,nan,nan,nan,nan,nan,0.15184254597188354,-0.02911545376891195,0.00012290276573704304,0,0,0.9588504433631897,0.04873960092663765,10.002140998840332,0.5746592283248901,-0.011330006644129753,-0.001307064201682806,0,-14,-1000,0,0,2,0.01470308005809784,0.0030921753495931625,0.00027961863088421524,0.002255217172205448,63,3135,0.020352602005004883,12.312,28.78,95,6,10,1.21,831,0.00614363607019186,0.00056701764697209,0.007177526131272316,1500,1500,1000,1500,1800,1000,1000,1800
1783917693.2841,2.5001,0.02059,48.58,126,109760,0.721,GUIDED,GUIDED,128,1.2500269412994385,0.0,10.0,0.5,0.0,0.0,nan,nan,nan,nan,nan,nan,nan,nan,nan,nan,0.14147865729876666,-0.028484800076308037,5.1540528514582885e-05,0,0,0.9812201857566833,0.048666659742593765,10.002240180969238,0.5735129117965698,-0.011652002111077309,-0.0013231260236352682,0,-15,-1000,-1,0,2,0.014646029099822044,0.003050357336178422,0.00030610503745265305,0.0022122133523225784,63,3135,0.02050042152404785,12.312,28.75,95,6,10,1.21,831,0.00614363607019186,0.00056701764697209,0.007177526131272316,1500,1500,1000,1500,1800,1000,1000,1800
1783917693.3036,2.5201,0.01941,51.52,127,109760,0.740,GUIDED,GUIDED,128,1.2600277662277222,0.0,10.0,0.5,0.0,0.0,nan,nan,nan,nan,nan,nan,nan,nan,nan,nan,0.15147948222705035,-0.028484800076308037,5.1540528514582885e-05,0,0,0.9812201857566833,0.048666659742593765,10.002240180969238,0.5735129117965698,-0.011652002111077309,-0.0013231260236352682,0,-15,-1000,-1,0,2,0.014646029099822044,0.003050357336178422,0.00030610503745265305,0.0022122133523225784,63,3135,0.02050042152404785,12.312,28.75,95,6,10,1.21,831,0.00614363607019186,0.00056701764697209,0.007177526131272316,1500,1500,1000,1500,1800,1000,1000,1800
1783917693.3242,2.5401,0.02064,48.45,128,109800,0.761,GUIDED,GUIDED,128,1.2700269222259521,0.0,10.0,0.5,0.0,0.0,nan,nan,nan,nan,nan,nan,nan,nan,nan,nan,0.14203786166478008,-0.02819074080666706,3.414367551899831e-05,0,0,1.0028644800186157,0.04874522611498833,10.002386093139648,0.5722407102584839,-0.011867137625813484,-0.0013973243767395616,0,-14,-1000,0,0,2,0.01463093888014555,0.0030105970799922943,0.00037750788033008575,0.0021344684064388275,63,3135,0.0205535888671875,12.312,28.75,95,6,10,1.21,831,0.004655831027776003,0.0005601394223049283,0.007376070134341717,1500,1500,1000,1500,1800,1000,1000,1800
1783917693.3439,2.5601,0.01969,50.79,129,109820,0.780,GUIDED,GUIDED,128,1.2800270318984985,0.0,10.0,0.5,0.0,0.0,nan,nan,nan,nan,nan,nan,nan,nan,nan,nan,0.14183736910722322,-0.027910360464639968,-3.6362586415047016e-05,0,0,1.014018177986145,0.04871375486254692,10.002422332763672,0.5716904401779175,-0.012010845355689526,-0.0013775405241176486,0,-14,-1000,3,0,2,0.014673170633614063,0.003004403319209814,0.00038380365003831685,0.002070382237434387,63,3135,0.019600391387939453,12.312,28.75,95,6,10,1.21,831,0.004655831027776003,0.0005601394223049283,0.007376070134341717,1500,1500,1000,1500,1800,1000,1000,1800
1783917693.3637,2.5801,0.01985,50.37,130,109820,0.800,GUIDED,GUIDED,128,1.290027379989624,0.0,10.0,0.5,0.0,0.0,nan,nan,nan,nan,nan,nan,nan,nan,nan,nan,0.1518377171983487,-0.027910360464639968,-3.6362586415047016e-05,0,0,1.014018177986145,0.04871375486254692,10.002422332763672,0.5716904401779175,-0.012010845355689526,-0.0013775405241176486,0,-15,-1001,1,0,2,0.014649160206317902,0.0029774524737149477,0.0003937242436222732,0.0021641200874000788,63,3135,0.019600391387939453,12.312,28.75,95,6,10,1.21,831,0.004655831027776003,0.0005601394223049283,0.007376070134341717,1500,1500,1000,1500,1800,1000,1000,1800
1783917693.3841,2.6001,0.02040,49.02,131,109860,0.821,GUIDED,GUIDED,128,1.3000257015228271,0.0,10.0,0.5,0.0,0.0,nan,nan,nan,nan,nan,nan,nan,nan,nan,nan,0.1419341017312486,-0.02768447260292453,-0.00023171997459374644,0,0,1.0360904932022095,0.048793695867061615,10.002544403076172,0.5704373717308044,-0.012187415733933449,-0.0013352282112464309,0,-14,-1000,0,0,2,0.01463128998875618,0.002941311802715063,0.00040557736065238714,0.0021678300108760595,63,3135,0.020293712615966797,12.312,28.78,95,6,10,1.21,831,0.004655831027776003,0.0005601394223049283,0.007376070134341717,1500,1500,1000,1500,1800,1000,1000,1800
1783917693.4036,2.6201,0.01948,51.34,132,109860,0.840,GUIDED,GUIDED,128,1.310028076171875,0.0,10.0,0.5,0.0,0.0,nan,nan,nan,nan,nan,nan,nan,nan,nan,nan,0.15193647638029645,-0.02768447260292453,-0.00023171997459374644,0,0,1.0360904932022095,0.048793695867061615,10.002544403076172,0.5704373717308044,-0.012187415733933449,-0.0013352282112464309,0,-14,-1000,0,0,2,0.014657299965620041,0.0029294395353645086,0.000416222435887903,0.002030635252594948,63,3135,0.020293712615966797,12.312,28.78,95,6,10,1.21,831,0.004655831027776003,0.0005601394223049283,0.007376070134341717,1500,1500,1000,1500,1800,1000,1000,1800
1783917693.4241,2.6401,0.02050,48.77,133,109900,0.861,GUIDED,GUIDED,128,1.3200267553329468,0.0,10.0,0.5,0.0,0.0,nan,nan,nan,nan,nan,nan,nan,nan,nan,nan,0.14220210431883396,-0.02762914829425685,-0.00022972730348888798,0,0,1.0580288171768188,0.04893102869391441,10.002696990966797,0.5691641569137573,-0.0122986463829875,-0.0014244753401726484,0,-14,-1000,0,0,2,0.01461601909250021,0.002882283413782716,0.00043576161260716617,0.002001335611566901,63,3135,0.020418643951416016,12.312,28.78,95,6,10,1.21,831,0.004655831027776003,0.0005196125130169094,0.007376070134341717,1500,1500,1000,1500,1800,1000,1000,1800
1783917693.4436,2.6601,0.01946,51.39,134,109900,0.880,GUIDED,GUIDED,128,1.3300291299819946,0.0,10.0,0.5,0.0,0.0,nan,nan,nan,nan,nan,nan,nan,nan,nan,nan,0.1522044789678818,-0.02762914829425685,-0.00022972730348888798,0,0,1.0580288171768188,0.04893102869391441,10.002696990966797,0.5691641569137573,-0.0122986463829875,-0.0014244753401726484,0,-14,-1000,0,0,2,0.01461601909250021,0.002882283413782716,0.00043576161260716617,0.002001335611566901,63,3135,0.020418643951416016,12.312,28.78,95,6,10,1.21,831,0.004655831027776003,0.0005196125130169094,0.007376070134341717,1500,1500,1000,1500,1800,1000,1000,1800
1783917693.4643,2.6801,0.02069,48.34,135,109940,0.901,GUIDED,GUIDED,128,1.340032696723938,0.0,10.0,0.5,0.0,0.0,nan,nan,nan,nan,nan,nan,nan,nan,nan,nan,0.14185564592674826,-0.027087744534058242,-0.00024118917824915908,0,0,1.0802439451217651,0.04882296919822693,10.002790451049805,0.568088710308075,-0.012548837810754776,-0.0014718170277774334,0,-14,-1000,1,-1,2,0.01464882306754589,0.002843512687832117,0.00048586915363557637,0.0019156726775690913,63,3135,0.02060103416442871,12.312,28.78,95,6,10,1.21,831,0.004655831027776003,0.0005196125130169094,0.007376070134341717,1500,1500,1000,1500,1800,1000,1000,1800
1783917693.4840,2.7001,0.01974,50.67,136,109960,0.921,GUIDED,GUIDED,128,1.3500317335128784,0.0,10.0,0.5,0.0,0.0,nan,nan,nan,nan,nan,nan,nan,nan,nan,nan,0.14143420503571347,-0.026598883586658455,-0.0002036944814362441,0,0,1.0914429426193237,0.048685550689697266,10.0028076171875,0.5676392316818237,-0.012751743197441101,-0.001503375475294888,0,-14,-1000,2,2,2,0.014679410494863987,0.0028734500519931316,0.0005152134108357131,0.0018557022558525205,63,3135,0.019613981246948242,12.312,28.78,95,6,10,1.21,831,0.004655831027776003,0.0005196125130169094,0.007376070134341717,1500,1500,1000,1500,1800,1000,1000,1800
1783917693.5038,2.7201,0.01980,50.50,137,109960,0.940,GUIDED,GUIDED,128,1.3600295782089233,0.0,10.0,0.5,0.0,0.0,nan,nan,nan,nan,nan,nan,nan,nan,nan,nan,0.1514320497317584,-0.026598883586658455,-0.0002036944814362441,0,0,1.0914429426193237,0.048685550689697266,10.0028076171875,0.5676392316818237,-0.012751743197441101,-0.001503375475294888,0,-14,-1000,2,0,2,0.01469083409756422,0.0028187958523631096,0.0005458794767037034,0.0018296006601303816,63,3135,0.019613981246948242,12.312,28.78,95,6,10,1.21,831,0.004655831027776003,0.0005196125130169094,0.007376070134341717,1500,1500,1000,1500,1800,1000,1000,1800
1783917693.5240,2.7401,0.02016,49.61,138,110000,0.960,GUIDED,GUIDED,128,1.3700268268585205,0.0,10.0,0.5,0.0,0.0,nan,nan,nan,nan,nan,nan,nan,nan,nan,nan,0.1413945037583667,-0.02638245147181627,-0.00026113237635174173,0,0,1.1134265661239624,0.04869256168603897,10.002935409545898,0.5665140748023987,-0.012880748137831688,-0.0015439946437254548,0,-14,-1000,0,1,1,0.014667311683297157,0.002834896557033062,0.0005867438740096986,0.001755526172928512,63,3135,0.02007293701171875,12.312,28.78,95,6,10,1.21,831,0.005116187036037445,0.0005152270314283669,0.007409013342112303,1500,1500,1000,1500,1800,1000,1000,1800
1783917693.5436,2.7601,0.01964,50.91,139,110000,0.980,GUIDED,GUIDED,128,1.3800280094146729,0.0,10.0,0.5,0.0,0.0,nan,nan,nan,nan,nan,nan,nan,nan,nan,nan,0.15139568631451905,-0.02638245147181627,-0.00026113237635174173,0,0,1.1134265661239624,0.04869256168603897,10.002935409545898,0.5665140748023987,-0.012880748137831688,-0.0015439946437254548,0,-14,-1000,0,1,1,0.01468849740922451,0.0027847730088979006,0.0005999300628900528,0.0015938958385959268,63,3135,0.02007293701171875,12.312,28.78,95,6,10,1.21,831,0.005116187036037445,0.0005152270314283669,0.007409013342112303,1500,1500,1000,1500,1800,1000,1000,1800
1783917693.5642,2.7801,0.02061,48.53,140,110040,0.000,GUIDED,GUIDED,128,1.3900266885757446,0.0,10.0,0.5,0.0,0.0,nan,nan,nan,nan,nan,nan,nan,nan,nan,nan,0.14156698498160297,-0.026275859639500868,-5.446755353957257e-05,0,0,1.1352914571762085,0.048753365874290466,10.003036499023438,0.5653377175331116,-0.01297739427536726,-0.0017216766718775034,0,-14,-1000,1,0,1,0.014680590480566025,0.0027820318937301636,0.0006131224217824638,0.0014807777479290962,63,3135,0.020520448684692383,12.312,28.78,95,6,10,1.21,831,0.005116187036037445,0.0005152270314283669,0.007409013342112303,1500,1500,1000,1500,1800,1000,1000,1800
1783917693.5836,2.8001,0.01938,51.59,141,110040,0.020,GUIDED,GUIDED,128,1.4000287055969238,0.0,10.0,0.5,0.0,0.0,nan,nan,nan,nan,nan,nan,nan,nan,nan,nan,0.15156900200278217,-0.026275859639500868,-5.446755353957257e-05,0,0,1.1352914571762085,0.048753365874290466,10.003036499023438,0.5653377175331116,-0.01297739427536726,-0.0017216766718775034,0,-14,-1000,1,0,1,0.014675572514533997,0.002730276435613632,0.000625658081844449,0.0014420021325349808,63,3135,0.020520448684692383,12.312,28.78,95,6,10,1.21,831,0.005116187036037445,0.0005152270314283669,0.007409013342112303,1500,1500,1000,1500,1800,1000,1000,1800
1783917693.6042,2.8201,0.02057,48.61,142,110080,0.040,GUIDED,GUIDED,128,1.4100265502929688,0.0,10.0,0.5,0.0,0.0,nan,nan,nan,nan,nan,nan,nan,nan,nan,nan,0.14150645488209596,-0.02599854118477766,0.00011610211256104022,0,0,1.157224178314209,0.04872773587703705,10.003111839294434,0.5642567276954651,-0.013122706674039364,-0.001863652840256691,0,-14,-1000,2,0,1,0.014698129147291183,0.0027204793877899647,0.0006366997840814292,0.0013110892614349723,63,3135,0.020490646362304688,12.312,28.75,95,6,10,1.21,831,0.005116187036037445,0.0005152270314283669,0.007409013342112303,1500,1500,1000,1500,1800,1000,1000,1800
1783917693.6239,2.8401,0.01973,50.68,143,110100,0.060,GUIDED,GUIDED,128,1.420030951499939,0.0,10.0,0.5,0.0,0.0,nan,nan,nan,nan,nan,nan,nan,nan,nan,nan,0.14161264945435922,-0.026020221465204926,0.00020985391667869635,0,0,1.168116569519043,0.04875640571117401,10.003169059753418,0.5636827349662781,-0.013126742094755173,-0.0019508167169988155,0,-14,-1000,2,1,1,0.014719804748892784,0.0027042394503951073,0.0006544138304889202,0.0012021709699183702,63,3135,0.019640445709228516,12.312,28.75,95,6,10,1.21,831,0.005116187036037445,0.00048494894872419536,0.007409013342112303,1500,1500,1000,1500,1800,1000,1000,1800
1783917693.6437,2.8601,0.01984,50.41,144,110100,0.080,GUIDED,GUIDED,128,1.4300267696380615,0.0,10.0,0.5,0.0,0.0,nan,nan,nan,nan,nan,nan,nan,nan,nan,nan,0.15160846759248178,-0.026020221465204926,0.00020985391667869635,0,0,1.168116569519043,0.04875640571117401,10.003169059753418,0.5636827349662781,-0.013126742094755173,-0.0019508167169988155,0,-14,-1000,2,-1,1,0.014731776900589466,0.00264562526717782,0.0006733770132996142,0.001074678497388959,63,3135,0.019640445709228516,12.312,28.75,95,6,10,1.21,831,0.005116187036037445,0.00048494894872419536,0.007409013342112303,1500,1500,1000,1500,1800,1000,1000,1800
1783917693.6640,2.8801,0.02032,49.22,145,110140,0.100,GUIDED,GUIDED,128,1.4400317668914795,0.0,10.0,0.5,0.0,0.0,nan,nan,nan,nan,nan,nan,nan,nan,nan,nan,0.1412882642359779,-0.025548720005965832,0.0003041530341852017,0,0,1.1901386976242065,0.04860851913690567,10.003227233886719,0.562703013420105,-0.013313581235706806,-0.00203884718939662,0,-14,-1000,0,2,1,0.014714770019054413,0.002671168651431799,0.0006902734749019146,0.0008462650584988296,63,3135,0.020229339599609375,12.312,28.75,95,6,10,1.21,831,0.005116187036037445,0.00048494894872419536,0.007409013342112303,1500,1500,1000,1500,1800,1000,1000,1800
1783917693.6837,2.9001,0.01962,50.97,146,110140,0.120,GUIDED,GUIDED,128,1.4500325918197632,0.0,10.0,0.5,0.0,0.0,nan,nan,nan,nan,nan,nan,nan,nan,nan,nan,0.1512890891642616,-0.025548720005965832,0.0003041530341852017,0,0,1.1901386976242065,0.04860851913690567,10.003227233886719,0.562703013420105,-0.013313581235706806,-0.00203884718939662,0,-14,-1000,0,2,1,0.014708125963807106,0.0026181796565651894,0.000705951766576618,0.0007353672408498824,63,3135,0.020229339599609375,12.312,28.75,95,6,10,1.21,831,0.005116187036037445,0.00048494894872419536,0.007409013342112303,1500,1500,1000,1500,1800,1000,1000,1800
1783917693.7041,2.9201,0.02047,48.86,147,110180,0.140,GUIDED,GUIDED,128,1.4600318670272827,0.0,10.0,0.5,0.0,0.0,nan,nan,nan,nan,nan,nan,nan,nan,nan,nan,0.1407413182259562,-0.024978517487635552,0.00045439124033824297,0,0,1.2122069597244263,0.04839213192462921,10.003264427185059,0.5618247389793396,-0.01351785659790039,-0.0021470608189702034,0,-14,-1000,0,2,0,0.014691982418298721,0.00264065177179873,0.0007227123714983463,0.0006894711987115443,63,3135,0.020384788513183594,12.312,28.75,95,6,10,1.21,831,0.005116187036037445,0.00048494894872419536,0.007409013342112303,1500,1500,1000,1500,1800,1000,1000,1800
1783917693.7236,2.9401,0.01943,51.48,148,110180,0.160,GUIDED,GUIDED,128,1.470027208328247,0.0,10.0,0.5,0.0,0.0,nan,nan,nan,nan,nan,nan,nan,nan,nan,nan,0.15073665952692056,-0.024978517487635552,0.00045439124033824297,0,0,1.2122069597244263,0.04839213192462921,10.003264427185059,0.5618247389793396,-0.01351785659790039,-0.0021470608189702034,0,-14,-1000,0,2,0,0.014693611301481724,0.0025894532445818186,0.0007456077146343887,0.0005631293170154095,63,3135,0.020384788513183594,12.312,28.75,95,6,10,1.21,831,0.005116187036037445,0.00048494894872419536,0.007409013342112303,1500,1500,1000,1500,1800,1000,1000,1800
1783917693.7442,2.9601,0.02060,48.54,149,110220,0.180,GUIDED,GUIDED,128,1.4800267219543457,0.0,10.0,0.5,0.0,0.0,nan,nan,nan,nan,nan,nan,nan,nan,nan,nan,0.14015424233513285,-0.024756271871357476,0.0002947755077668023,0,0,1.2345302104949951,0.048342265188694,10.003329277038574,0.5608193874359131,-0.01361737959086895,-0.002092347713187337,0,-14,-1001,1,2,0,0.014680746011435986,0.0026065728161484003,0.0007570298039354384,0.0005900186952203512,63,3135,0.020518064498901367,12.312,28.75,95,6,10,1.21,831,0.0033695842139422894,0.0004859156906604767,0.007504205219447613,1500,1500,1000,1500,1800,1000,1000,1800
1783917693.7640,2.9801,0.01982,50.46,150,110240,0.200,GUIDED,GUIDED,128,1.4900282621383667,0.0,10.0,0.5,0.0,0.0,nan,nan,nan,nan,nan,nan,nan,nan,nan,nan,0.14041906089842743,-0.024934394456893338,0.00011233147555378756,0,0,1.2453199625015259,0.048439811915159225,10.003392219543457,0.5602114200592041,-0.013570859096944332,-0.002023353474214673,0,-14,-1001,0,-1,0,0.014667153358459473,0.002533325692638755,0.0007659632829017937,0.0005751471035182476,63,3135,0.01970982551574707,12.312,28.75,95,6,10,1.21,831,0.0033695842139422894,0.0004859156906604767,0.007504205219447613,1500,1500,1000,1500,1800,1000,1000,1800
1783917693.7838,3.0001,0.01979,50.53,151,110240,0.220,GUIDED,GUIDED,128,1.5000271797180176,0.0,10.0,0.5,0.0,0.0,nan,nan,nan,nan,nan,nan,nan,nan,nan,nan,0.1504179784780783,-0.024934394456893338,0.00011233147555378756,0,0,1.2453199625015259,0.048439811915159225,10.003392219543457,0.5602114200592041,-0.013570859096944332,-0.002023353474214673,0,-14,-1001,2,2,0,0.014669558964669704,0.0025532925501465797,0.0007761393208056688,0.0005563569720834494,63,3135,0.01970982551574707,12.312,28.78,95,6,10,1.21,831,0.0033695842139422894,0.0004859156906604767,0.007504205219447613,1500,1500,1000,1500,1800,1000,1000,1800
1783917693.8040,3.0201,0.02027,49.33,152,110280,0.240,GUIDED,GUIDED,128,1.5100271701812744,0.0,10.0,0.5,0.0,0.0,nan,nan,nan,nan,nan,nan,nan,nan,nan,nan,0.1403002243549375,-0.024765426635321455,-5.866413652758518e-05,0,0,1.2671560049057007,0.04838326573371887,10.003453254699707,0.5592193603515625,-0.013635765761137009,-0.001959867775440216,0,-14,-1001,0,0,0,0.014628714881837368,0.00250268098898232,0.0007851338014006615,0.0005743891233578324,63,3135,0.020142793655395508,12.312,28.78,95,6,10,1.21,831,0.0033695842139422894,0.0004859156906604767,0.007504205219447613,1500,1500,1000,1500,1800,1000,1000,1800
1783917693.8237,3.0401,0.01969,50.79,153,110280,0.260,GUIDED,GUIDED,128,1.5200271606445312,0.0,10.0,0.5,0.0,0.0,nan,nan,nan,nan,nan,nan,nan,nan,nan,nan,0.15030021481819433,-0.024765426635321455,-5.866413652758518e-05,0,0,1.2671560049057007,0.04838326573371887,10.003453254699707,0.5592193603515625,-0.013635765761137009,-0.001959867775440216,0,-14,-1000,2,2,0,0.014652201905846596,0.0025300204288214445,0.0008031702018342912,0.0004958393983542919,63,3135,0.020142793655395508,12.312,28.78,95,6,10,1.21,831,0.0033695842139422894,0.0004859156906604767,0.007504205219447613,1500,1500,1000,1500,1800,1000,1000,1800
1783917693.8442,3.0601,0.02046,48.87,154,110320,0.280,GUIDED,GUIDED,128,1.5300278663635254,0.0,10.0,0.5,0.0,0.0,nan,nan,nan,nan,nan,nan,nan,nan,nan,nan,0.14006632947198577,-0.024435446004275316,0.00013656840053168562,0,0,1.2890304327011108,0.04825535789132118,10.003509521484375,0.5582726001739502,-0.01375243254005909,-0.0021050709765404463,0,-14,-1000,0,0,0,0.01461442094296217,0.0024857916869223118,0.0008228981751017272,0.0005038303788751364,63,3135,0.020359516143798828,12.312,28.78,95,6,10,1.21,831,0.0033695842139422894,0.00045820660307072103,0.007504205219447613,1500,1500,1000,1500,1800,1000,1000,1800
1783917693.8636,3.0801,0.01937,51.63,155,110320,0.300,GUIDED,GUIDED,128,1.540027141571045,0.0,10.0,0.5,0.0,0.0,nan,nan,nan,nan,nan,nan,nan,nan,nan,nan,0.1500656046795053,-0.024435446004275316,0.00013656840053168562,0,0,1.2890304327011108,0.04825535789132118,10.003509521484375,0.5582726001739502,-0.01375243254005909,-0.0021050709765404463,0,-14,-1000,0,0,0,0.01464034803211689,0.002491454826667905,0.0008412990137003362,0.00041855042218230665,63,3135,0.020359516143798828,12.312,28.78,95,6,10,1.21,831,0.0033695842139422894,0.00045820660307072103,0.007504205219447613,1500,1500,1000,1500,1800,1000,1000,1800
1783917693.8842,3.1001,0.02060,48.55,156,110360,0.320,GUIDED,GUIDED,128,1.5500271320343018,0.0,10.0,0.5,0.0,0.0,nan,nan,nan,nan,nan,nan,nan,nan,nan,nan,0.14001004119448057,-0.0242520381771185,7.879793929948349e-05,0,0,1.3108322620391846,0.04816436767578125,10.003589630126953,0.5572643876075745,-0.01380578987300396,-0.0021179679315537214,0,-14,-1001,0,0,0,0.014603927731513977,0.002463975455611944,0.0008580450667068362,0.00036589085357263684,63,3135,0.020513296127319336,12.312,28.78,95,6,10,1.21,831,0.0033695842139422894,0.00045820660307072103,0.007504205219447613,1500,1500,1000,1500,1800,1000,1000,1800
1783917693.9040,3.1201,0.01980,50.51,157,110379,0.340,GUIDED,GUIDED,128,1.5600260496139526,0.0,10.0,0.5,0.0,0.0,nan,nan,nan,nan,nan,nan,nan,nan,nan,nan,0.13965481260933582,-0.02385330346199027,6.434745782687426e-05,0,0,1.3218636512756348,0.0479859821498394,10.003584861755371,0.5568733811378479,-0.013933008536696434,-0.002106871921569109,0,-14,-1000,1,0,0,0.01460975967347622,0.002456227084621787,0.0008765682578086853,0.00044931937009096146,63,3135,0.01969313621520996,12.312,28.78,95,6,10,1.21,831,0.0033695842139422894,0.00045820660307072103,0.007504205219447613,1500,1500,1000,1500,1800,1000,1000,1800
1783917693.9238,3.1401,0.01981,50.48,158,110379,0.360,GUIDED,GUIDED,128,1.5700279474258423,0.0,10.0,0.5,0.0,0.0,nan,nan,nan,nan,nan,nan,nan,nan,nan,nan,0.14965671042122547,-0.02385330346199027,6.434745782687426e-05,0,0,1.3218636512756348,0.0479859821498394,10.003584861755371,0.5568733811378479,-0.013933008536696434,-0.002106871921569109,0,-14,-1000,1,1,0,0.01460261270403862,0.0024473657831549644,0.0009029172360897064,0.0003884948091581464,63,3135,0.01969313621520996,12.312,28.78,95,6,10,1.21,831,0.0033695842139422894,0.00045820660307072103,0.007504205219447613,1500,1500,1000,1500,1800,1000,1000,1800
1783917693.9441,3.1601,0.02030,49.26,159,110419,0.380,GUIDED,GUIDED,128,1.58002507686615,0.0,10.0,0.5,0.0,0.0,nan,nan,nan,nan,nan,nan,nan,nan,nan,nan,0.1396147923674144,-0.023690570461431724,6.37279789692225e-05,0,0,1.343584656715393,0.0479343980550766,10.003639221191406,0.5559023022651672,-0.013997180387377739,-0.00213789870031178,0,-14,-1000,0,-1,0,0.01456304732710123,0.002401130273938179,0.0009212133591063321,0.0003443421155679971,63,3135,0.020214557647705078,12.312,28.78,95,6,10,1.21,831,0.0033973511308431625,0.0004627479938790202,0.007585460320115089,1500,1500,1000,1500,1800,1000,1000,1800
1783917693.9636,3.1801,0.01953,51.21,160,110419,0.400,GUIDED,GUIDED,128,1.5900276899337769,0.0,10.0,0.5,0.0,0.0,nan,nan,nan,nan,nan,nan,nan,nan,nan,nan,0.14961740543504135,-0.023690570461431724,6.37279789692225e-05,0,0,1.343584656715393,0.0479343980550766,10.003639221191406,0.5559023022651672,-0.013997180387377739,-0.00213789870031178,0,-14,-1000,0,-1,0,0.014553181827068329,0.0024186582304537296,0.0009361741249449551,0.00020974816288799047,63,3135,0.020214557647705078,12.312,28.78,95,6,10,1.21,831,0.0033973511308431625,0.0004627479938790202,0.007585460320115089,1500,1500,1000,1500,1800,1000,1000,1800
1783917693.9842,3.2001,0.02060,48.54,161,110459,0.420,GUIDED,GUIDED,128,1.6000279188156128,0.0,10.0,0.5,0.0,0.0,nan,nan,nan,nan,nan,nan,nan,nan,nan,nan,0.14012445639138033,-0.024119098146299908,0.0001827649272732549,0,0,1.365067958831787,0.04809020087122917,10.003732681274414,0.554753303527832,-0.013839722611010075,-0.00226058391854167,0,-14,-1000,1,0,0,0.014543450437486172,0.002368529560044408,0.0009450908983126283,-8.483344572596252e-06,63,3135,0.020518779754638672,12.312,28.75,95,6,10,1.21,831,0.0033973511308431625,0.0004627479938790202,0.007585460320115089,1500,1500,1000,1500,1800,1000,1000,1800
1783917694.0036,3.2201,0.01940,51.56,162,110459,0.440,GUIDED,GUIDED,128,1.6100276708602905,0.0,10.0,0.5,0.0,0.0,nan,nan,nan,nan,nan,nan,nan,nan,nan,nan,0.15012420843605806,-0.024119098146299908,0.0001827649272732549,0,0,1.365067958831787,0.04809020087122917,10.003732681274414,0.554753303527832,-0.013839722611010075,-0.00226058391854167,0,-14,-1000,1,0,0,0.014535151422023773,0.0023956189397722483,0.0009529117378406227,-9.101386240217835e-05,63,3135,0.020518779754638672,12.312,28.75,95,6,10,1.21,831,0.0033973511308431625,0.0004627479938790202,0.007585460320115089,1500,1500,1000,1500,1800,1000,1000,1800
1783917694.0242,3.2401,0.02057,48.62,163,110499,0.460,GUIDED,GUIDED,128,1.6200319528579712,0.0,10.0,0.5,0.0,0.0,nan,nan,nan,nan,nan,nan,nan,nan,nan,nan,0.14000962722348548,-0.02396772846869887,0.0004425948405437979,0,0,1.3867844343185425,0.047982826828956604,10.003762245178223,0.5538309216499329,-0.013865123502910137,-0.0024276655167341232,0,-14,-1000,1,0,0,0.014527116902172565,0.0023426716215908527,0.0009651212021708488,-0.0001773832191247493,63,3135,0.020485401153564453,12.312,28.75,95,6,10,1.21,831,0.0033973511308431625,0.00044334924314171076,0.007585460320115089,1500,1500,1000,1500,1800,1000,1000,1800
1783917694.0440,3.2601,0.01982,50.46,164,110519,0.480,GUIDED,GUIDED,128,1.6300328969955444,0.0,10.0,0.5,0.0,0.0,nan,nan,nan,nan,nan,nan,nan,nan,nan,nan,0.13975233334912762,-0.023693800706579757,0.0005148954208543596,0,0,1.3977195024490356,0.047839418053627014,10.003755569458008,0.5534401535987854,-0.013940478675067425,-0.0024655540473759174,0,-14,-1000,1,2,0,0.014519943855702877,0.0023718264419585466,0.0009765736758708954,-0.00038390912231989205,63,3135,0.019730806350708008,12.312,28.75,95,6,10,1.21,831,0.0033973511308431625,0.00044334924314171076,0.007585460320115089,1500,1500,1000,1500,1800,1000,1000,1800
1783917694.0638,3.2801,0.01986,50.35,165,110539,0.500,GUIDED,GUIDED,128,1.6400319337844849,0.0,10.0,0.5,0.0,0.0,nan,nan,nan,nan,nan,nan,nan,nan,nan,nan,0.1397607735225732,-0.023671185838975765,0.0005541038647616488,0,0,1.4085363149642944,0.047809094190597534,10.0037841796875,0.552963137626648,-0.013936027884483337,-0.0025047091767191887,0,-14,-1000,1,0,0,0.014514138922095299,0.002325761830434203,0.000984294107183814,-0.00043804393499158323,63,3135,0.019730806350708008,12.312,28.75,95,6,10,1.21,831,0.0033973511308431625,0.00044334924314171076,0.007585460320115089,1500,1500,1000,1500,1800,1000,1000,1800
1783917694.0839,3.3000,0.02006,49.85,166,110559,0.520,GUIDED,GUIDED,128,1.65000581741333,0.0,10.0,0.5,0.0,0.0,nan,nan,nan,nan,nan,nan,nan,nan,nan,nan,0.13970021612955424,-0.02360197202117698,0.0003963706988836047,0,0,1.4193744659423828,0.04775140434503555,10.003806114196777,0.5524991154670715,-0.01394268125295639,-0.0024263057857751846,0,-14,-1001,0,2,0,0.014474642463028431,0.0023472318425774574,0.0009878516430035233,-0.0006249189609661698,63,3135,0.01997208595275879,12.312,28.78,95,6,10,1.21,831,0.0033973511308431625,0.00044334924314171076,0.007585460320115089,1500,1500,1000,1500,1800,1000,1000,1800
1783917694.1037,3.3201,0.01983,50.42,167,110559,0.540,GUIDED,GUIDED,128,1.6600325107574463,0.0,10.0,0.5,0.0,0.0,nan,nan,nan,nan,nan,nan,nan,nan,nan,nan,0.14972690947367046,-0.02360197202117698,0.0003963706988836047,0,0,1.4193744659423828,0.04775140434503555,10.003806114196777,0.5524991154670715,-0.01394268125295639,-0.0024263057857751846,0,-14,-1001,0,2,0,0.014479856938123703,0.002299714833498001,0.000989674124866724,-0.0006370411720126867,63,3135,0.01997208595275879,12.312,28.78,95,6,10,1.21,831,0.0033973511308431625,0.00044334924314171076,0.007585460320115089,1500,1500,1000,1500,1800,1000,1000,1800
1783917694.1243,3.3401,0.02057,48.60,168,110599,0.561,GUIDED,GUIDED,128,1.6700282096862793,0.0,10.0,0.5,0.0,0.0,nan,nan,nan,nan,nan,nan,nan,nan,nan,nan,0.13970680299465588,-0.023322409482988835,0.0001568954040682925,0,0,1.4410021305084229,0.047602828592061996,10.003828048706055,0.5515685081481934,-0.014018306508660316,-0.002300708554685116,0,-14,-1001,-1,1,0,0.014425531029701233,0.002313906094059348,0.0010028801625594497,-0.000539886299520731,63,3135,0.020467519760131836,12.312,28.78,95,6,10,1.21,831,0.00540346372872591,0.00045101618161424994,0.007929135113954544,1500,1500,1000,1500,1800,1000,1000,1800
1783917694.1436,3.3601,0.01926,51.92,169,110599,0.580,GUIDED,GUIDED,128,1.680027961730957,0.0,10.0,0.5,0.0,0.0,nan,nan,nan,nan,nan,nan,nan,nan,nan,nan,0.1497065550393336,-0.023322409482988835,0.0001568954040682925,0,0,1.4410021305084229,0.047602828592061996,10.003828048706055,0.5515685081481934,-0.014018306508660316,-0.002300708554685116,0,-14,-1001,-1,1,0,0.01445409469306469,0.0022885147482156754,0.0010166650172322989,-0.0005969727644696832,63,3135,0.020467519760131836,12.312,28.78,95,6,10,1.21,831,0.00540346372872591,0.00045101618161424994,0.007929135113954544,1500,1500,1000,1500,1800,1000,1000,1800
1783917694.1642,3.3801,0.02058,48.59,170,110639,0.600,GUIDED,GUIDED,128,1.690026879310608,0.0,10.0,0.5,0.0,0.0,nan,nan,nan,nan,nan,nan,nan,nan,nan,nan,0.14020496023354545,-0.02352702378711196,-7.04851223135277e-06,0,0,1.4623305797576904,0.04762951657176018,10.003878593444824,0.5505131483078003,-0.013915580697357655,-0.0022352375090122223,0,-14,-1000,0,0,0,0.014405500143766403,0.002283944981172681,0.0010299313580617309,-0.000533684273250401,63,3135,0.020496606826782227,12.312,28.78,95,6,10,1.21,831,0.00540346372872591,0.00045101618161424994,0.007929135113954544,1500,1500,1000,1500,1800,1000,1000,1800
1783917694.1840,3.4001,0.01984,50.40,171,110659,0.620,GUIDED,GUIDED,128,1.7000306844711304,0.0,10.0,0.5,0.0,0.0,nan,nan,nan,nan,nan,nan,nan,nan,nan,nan,0.14061941061756844,-0.023714302413650034,-0.00016910829224823544,0,0,1.4729188680648804,0.04769633710384369,10.003918647766113,0.5499364137649536,-0.013846034184098244,-0.0021647976245731115,0,-14,-1001,2,2,0,0.014445202425122261,0.0022952950093895197,0.0010418985038995743,-0.0005415318883024156,63,3135,0.019732236862182617,12.312,28.78,95,6,10,1.21,831,0.00540346372872591,0.00045101618161424994,0.007929135113954544,1500,1500,1000,1500,1800,1000,1000,1800
1783917694.2038,3.4200,0.01977,50.58,172,110659,0.640,GUIDED,GUIDED,128,1.7100247144699097,0.0,10.0,0.5,0.0,0.0,nan,nan,nan,nan,nan,nan,nan,nan,nan,nan,0.15061344061634774,-0.023714302413650034,-0.00016910829224823544,0,0,1.4729188680648804,0.04769633710384369,10.003918647766113,0.5499364137649536,-0.013846034184098244,-0.0021647976245731115,0,-14,-1001,1,0,0,0.014429460279643536,0.002275011735036969,0.0010508674895390868,-0.0005497871898114681,63,3135,0.019732236862182617,12.312,28.78,95,6,10,1.21,831,0.00540346372872591,0.00045101618161424994,0.007929135113954544,1500,1500,1000,1500,1800,1000,1000,1800
1783917694.2240,3.4400,0.02020,49.52,173,110699,0.660,GUIDED,GUIDED,128,1.720005750656128,0.0,10.0,0.5,0.0,0.0,nan,nan,nan,nan,nan,nan,nan,nan,nan,nan,0.14080184822011427,-0.023617268787372626,-0.00017375083185116463,0,0,1.4943432807922363,0.04759914055466652,10.003951072692871,0.5489943027496338,-0.013845940120518208,-0.002180837793275714,0,-14,-1000,1,2,0,0.014433398842811584,0.002286129631102085,0.001066479366272688,-0.0006051101954653859,63,3135,0.020108938217163086,12.312,28.78,95,6,10,1.21,831,0.00540346372872591,0.00043218760401941836,0.007929135113954544,1500,1500,1000,1500,1800,1000,1000,1800
1783917694.2436,3.4601,0.01966,50.86,174,110699,0.680,GUIDED,GUIDED,128,1.7300273180007935,0.0,10.0,0.5,0.0,0.0,nan,nan,nan,nan,nan,nan,nan,nan,nan,nan,0.1508234155647798,-0.023617268787372626,-0.00017375083185116463,0,0,1.4943432807922363,0.04759914055466652,10.003951072692871,0.5489943027496338,-0.013845940120518208,-0.002180837793275714,0,-14,-1000,1,2,0,0.014464718289673328,0.0022669273894280195,0.001081655966117978,-0.0006339611718431115,63,3135,0.020108938217163086,12.312,28.78,95,6,10,1.21,831,0.00540346372872591,0.00043218760401941836,0.007929135113954544,1500,1500,1000,1500,1800,1000,1000,1800
1783917694.2641,3.4801,0.02050,48.79,175,110739,0.700,GUIDED,GUIDED,128,1.7400267124176025,0.0,10.0,0.5,0.0,0.0,nan,nan,nan,nan,nan,nan,nan,nan,nan,nan,0.14087479051575663,-0.023375737082223635,-0.00014196035895005588,0,0,1.5158125162124634,0.04743589088320732,10.00397777557373,0.5481160283088684,-0.013891136273741722,-0.002214608946815133,0,-14,-1000,1,1,0,0.014455145224928856,0.002263567177578807,0.0010936107719317079,-0.0006824769079685211,63,3135,0.020409107208251953,12.312,28.78,95,6,10,1.21,831,0.00540346372872591,0.00043218760401941836,0.007929135113954544,1500,1500,1000,1500,1800,1000,1000,1800
1783917694.2835,3.5000,0.01942,51.50,176,110739,0.720,GUIDED,GUIDED,128,1.750008463859558,0.0,10.0,0.5,0.0,0.0,nan,nan,nan,nan,nan,nan,nan,nan,nan,nan,0.1508565419577122,-0.023375737082223635,-0.00014196035895005588,0,0,1.5158125162124634,0.04743589088320732,10.00397777557373,0.5481160283088684,-0.013891136273741722,-0.002214608946815133,0,-14,-1000,1,1,0,0.014509331434965134,0.002261626534163952,0.0011015200288966298,-0.0007613273337483406,63,3135,0.020409107208251953,12.312,28.78,95,6,10,1.21,831,0.00540346372872591,0.00043218760401941836,0.007929135113954544,1500,1500,1000,1500,1800,1000,1000,1800
1783917694.3041,3.5200,0.02058,48.60,177,110779,0.740,GUIDED,GUIDED,128,1.7600047588348389,0.0,10.0,0.5,0.0,0.0,nan,nan,nan,nan,nan,nan,nan,nan,nan,nan,0.1407499929815298,-0.022975493342079552,-0.00031675226206614527,0,0,1.5373231172561646,0.047210000455379486,10.00399112701416,0.5473032593727112,-0.01399179920554161,-0.0021214012522250414,0,-14,-1000,1,1,0,0.014493710361421108,0.002260638400912285,0.001107962685637176,-0.000734509143512696,63,3135,0.020491838455200195,12.312,28.78,95,6,10,1.21,831,0.00540346372872591,0.00043218760401941836,0.007929135113954544,1500,1500,1000,1500,1800,1000,1000,1800
1783917694.3240,3.5401,0.01993,50.17,178,110799,0.760,GUIDED,GUIDED,128,1.7700270414352417,0.0,10.0,0.5,0.0,0.0,nan,nan,nan,nan,nan,nan,nan,nan,nan,nan,0.14114275157633493,-0.02314940143176667,-0.0004071204601164514,0,0,1.5478706359863281,0.04724772274494171,10.004029273986816,0.5467732548713684,-0.013913172297179699,-0.002091251313686371,0,-14,-1001,3,0,0,0.014550120569765568,0.0022615529596805573,0.0011215511476621032,-0.0007690652273595333,63,3135,0.019818782806396484,12.312,28.78,95,6,10,1.21,831,0.004913922864943743,0.00044011534191668034,0.007828451693058014,1500,1500,1000,1500,1800,1000,1000,1800
1783917694.3440,3.5601,0.01991,50.22,179,110819,0.780,GUIDED,GUIDED,128,1.7800260782241821,0.0,10.0,0.5,0.0,0.0,nan,nan,nan,nan,nan,nan,nan,nan,nan,nan,0.14120721761967248,-0.02300053416645112,-0.0004663538065484167,0,0,1.5585381984710693,0.04717724397778511,10.004034996032715,0.5463500618934631,-0.013958429917693138,-0.0020603565499186516,0,-14,-1001,1,2,0,0.01453753188252449,0.0022747789043933153,0.001142496825195849,-0.0007959668291732669,63,3135,0.019823312759399414,12.312,28.78,95,6,10,1.21,831,0.004913922864943743,0.00044011534191668034,0.007828451693058014,1500,1500,1000,1500,1800,1000,1000,1800
1783917694.3640,3.5801,0.02000,50.01,180,110839,0.800,GUIDED,GUIDED,128,1.7900267839431763,0.0,10.0,0.5,0.0,0.0,nan,nan,nan,nan,nan,nan,nan,nan,nan,nan,0.14175720331490477,-0.02335746440085087,-0.00044083729048131426,0,0,1.5689740180969238,0.04728713631629944,10.004080772399902,0.5457813143730164,-0.01381580252200365,-0.002101517515257001,0,-14,-1000,0,0,0,0.014527712017297745,0.0022538439370691776,0.0011590954381972551,-0.0008423927938565612,63,3135,0.019891977310180664,12.312,28.78,95,6,10,1.21,831,0.004913922864943743,0.00044011534191668034,0.007828451693058014,1500,1500,1000,1500,1800,1000,1000,1800
1783917694.3837,3.6001,0.01973,50.68,181,110839,0.820,GUIDED,GUIDED,128,1.800026535987854,0.0,10.0,0.5,0.0,0.0,nan,nan,nan,nan,nan,nan,nan,nan,nan,nan,0.1517569553595825,-0.02335746440085087,-0.00044083729048131426,0,0,1.5689740180969238,0.04728713631629944,10.004080772399902,0.5457813143730164,-0.01381580252200365,-0.002101517515257001,0,-14,-1000,0,0,0,0.01453633513301611,0.002266332972794771,0.0011721744667738676,-0.0009051389060914516,63,3135,0.019891977310180664,12.312,28.75,95,6,10,1.21,831,0.004913922864943743,0.00044011534191668034,0.007828451693058014,1500,1500,1000,1500,1800,1000,1000,1800
1783917694.4040,3.6200,0.02032,49.20,182,110880,0.840,GUIDED,GUIDED,128,1.8100049495697021,0.0,10.0,0.5,0.0,0.0,nan,nan,nan,nan,nan,nan,nan,nan,nan,nan,0.14167783418138719,-0.023347217516880674,-0.00018227460547633884,0,0,1.5905979871749878,0.047237008810043335,10.004108428955078,0.5448769330978394,-0.013792777433991432,-0.002266766270622611,0,-14,-1000,2,0,0,0.014545113779604435,0.002249407349154353,0.0011804664973169565,-0.000971789238974452,63,3135,0.020239830017089844,12.312,28.75,95,6,10,1.21,831,0.004913922864943743,0.00044011534191668034,0.007828451693058014,1500,1500,1000,1500,1800,1000,1000,1800
1783917694.4236,3.6401,0.01957,51.11,183,110880,0.860,GUIDED,GUIDED,128,1.820029854774475,0.0,10.0,0.5,0.0,0.0,nan,nan,nan,nan,nan,nan,nan,nan,nan,nan,0.15170273938616013,-0.023347217516880674,-0.00018227460547633884,0,0,1.5905979871749878,0.047237008810043335,10.004108428955078,0.5448769330978394,-0.013792777433991432,-0.002266766270622611,0,-14,-1000,2,0,0,0.014552551321685314,0.0022501733619719744,0.001192661700770259,-0.0011296744924038649,63,3135,0.020239830017089844,12.312,28.75,95,6,10,1.21,831,0.004913922864943743,0.00044011534191668034,0.007828451693058014,1500,1500,1000,1500,1800,1000,1000,1800
1783917694.4441,3.6600,0.02054,48.69,184,110920,0.880,GUIDED,GUIDED,128,1.8300076723098755,0.0,10.0,0.5,0.0,0.0,nan,nan,nan,nan,nan,nan,nan,nan,nan,nan,0.14188269648465296,-0.023284564975929244,7.995295229387342e-05,0,0,1.61181640625,0.04713160917162895,10.004129409790039,0.54405677318573,-0.013768097385764122,-0.0024302767124027014,0,-14,-1000,2,0,0,0.014560925774276257,0.002222266513854265,0.0012028085766360164,-0.0012101922184228897,63,3135,0.020454883575439453,12.312,28.75,95,6,10,1.21,831,0.004913922864943743,0.00042146298801526427,0.007828451693058014,1500,1500,1000,1500,1800,1000,1000,1800
1783917694.4635,3.6801,0.01939,51.58,185,110920,0.900,GUIDED,GUIDED,128,1.840028166770935,0.0,10.0,0.5,0.0,0.0,nan,nan,nan,nan,nan,nan,nan,nan,nan,nan,0.15190319094571253,-0.023284564975929244,7.995295229387342e-05,0,0,1.61181640625,0.04713160917162895,10.004129409790039,0.54405677318573,-0.013768097385764122,-0.0024302767124027014,0,-14,-1000,2,0,0,0.014560925774276257,0.002222266513854265,0.0012028085766360164,-0.0012101922184228897,63,3135,0.020454883575439453,12.312,28.75,95,6,10,1.21,831,0.004913922864943743,0.00042146298801526427,0.007828451693058014,1500,1500,1000,1500,1800,1000,1000,1800
1783917694.4842,3.7000,0.02074,48.21,186,110960,0.920,GUIDED,GUIDED,128,1.8500242233276367,0.0,10.0,0.5,0.0,0.0,nan,nan,nan,nan,nan,nan,nan,nan,nan,nan,0.1423013599298444,-0.023269642572307073,1.1931877515008321e-05,0,0,1.6329485177993774,0.04707340896129608,10.004168510437012,0.5431709885597229,-0.013743110932409763,-0.0024135794956237078,0,-14,-1001,2,0,-1,0.01458349172025919,0.002215481363236904,0.0012073133839294314,-0.0014243990881368518,63,3135,0.02032637596130371,12.312,28.78,95,6,10,1.21,831,0.004913922864943743,0.00042146298801526427,0.007828451693058014,1500,1500,1000,1500,1800,1000,1000,1800
1783917694.5039,3.7200,0.01967,50.83,187,110980,0.940,GUIDED,GUIDED,128,1.8600233793258667,0.0,10.0,0.5,0.0,0.0,nan,nan,nan,nan,nan,nan,nan,nan,nan,nan,0.142104573597816,-0.02293711265114203,-0.0001331816617196691,0,0,1.6436752080917358,0.04690394550561905,10.004151344299316,0.5428645610809326,-0.013837257400155067,-0.0023198872804641724,0,-14,-1001,4,2,-1,0.01463641133159399,0.002249974524602294,0.0012015686370432377,-0.001539468765258789,63,3135,0.019583463668823242,12.312,28.78,95,6,10,1.21,831,0.004913922864943743,0.00042146298801526427,0.007828451693058014,1500,1500,1000,1500,1800,1000,1000,1800
1783917694.5237,3.7401,0.01974,50.67,188,110980,0.960,GUIDED,GUIDED,128,1.8700274229049683,0.0,10.0,0.5,0.0,0.0,nan,nan,nan,nan,nan,nan,nan,nan,nan,nan,0.15210861717691757,-0.02293711265114203,-0.0001331816617196691,0,0,1.6436752080917358,0.04690394550561905,10.004151344299316,0.5428645610809326,-0.013837257400155067,-0.0023198872804641724,0,-14,-1001,4,2,-1,0.014618010260164738,0.0022158795036375523,0.001204220810905099,-0.001510472735390067,63,3135,0.019583463668823242,12.312,28.78,95,6,10,1.21,831,0.004913922864943743,0.00042146298801526427,0.007828451693058014,1500,1500,1000,1500,1800,1000,1000,1800
1783917694.5442,3.7601,0.02054,48.69,189,111020,0.980,GUIDED,GUIDED,128,1.8800266981124878,0.0,10.0,0.5,0.0,0.0,nan,nan,nan,nan,nan,nan,nan,nan,nan,nan,0.14263427814262167,-0.023025036527258368,-0.00043628678556952884,0,0,1.664627194404602,0.046894364058971405,10.00418472290039,0.542011022567749,-0.01378096267580986,-0.0021641605999320745,0,-13,-1001,3,3,-1,0.01465292926877737,0.002250805962830782,0.0012220024364069104,-0.0014993008226156235,63,3135,0.02045416831970215,12.312,28.78,95,6,10,1.21,831,0.00639441329985857,0.00042934477096423507,0.008104044944047928,1500,1500,1000,1500,1800,1000,1000,1800
1783917694.5636,3.7800,0.01941,51.53,190,111020,0.000,GUIDED,GUIDED,128,1.8900233507156372,0.0,10.0,0.5,0.0,0.0,nan,nan,nan,nan,nan,nan,nan,nan,nan,nan,0.15263093074577108,-0.023025036527258368,-0.00043628678556952884,0,0,1.664627194404602,0.046894364058971405,10.00418472290039,0.542011022567749,-0.01378096267580986,-0.0021641605999320745,0,-13,-1001,3,3,-1,0.014622436836361885,0.002211353275924921,0.0012369189644232392,-0.0014046614523977041,63,3135,0.02045416831970215,12.312,28.78,95,6,10,1.21,831,0.00639441329985857,0.00042934477096423507,0.008104044944047928,1500,1500,1000,1500,1800,1000,1000,1800
1783917694.5842,3.8000,0.02058,48.59,191,111060,0.021,GUIDED,GUIDED,128,1.9000232219696045,0.0,10.0,0.5,0.0,0.0,nan,nan,nan,nan,nan,nan,nan,nan,nan,nan,0.14385741554200487,-0.0235736473479185,-0.0007007431623920631,0,0,1.6852219104766846,0.04711141064763069,10.004263877868652,0.5409594774246216,-0.013589533977210522,-0.0020571767818182707,0,-13,-1000,3,2,-1,0.014671381562948227,0.0022461218759417534,0.0012494539842009544,-0.0014205576153472066,63,3135,0.02049541473388672,12.312,28.78,95,6,10,1.21,831,0.00639441329985857,0.00042934477096423507,0.008104044944047928,1500,1500,1000,1500,1800,1000,1000,1800
1783917694.6035,3.8201,0.01934,51.71,192,111060,0.040,GUIDED,GUIDED,128,1.910029649734497,0.0,10.0,0.5,0.0,0.0,nan,nan,nan,nan,nan,nan,nan,nan,nan,nan,0.15386384330689745,-0.0235736473479185,-0.0007007431623920631,0,0,1.6852219104766846,0.04711141064763069,10.004263877868652,0.5409594774246216,-0.013589533977210522,-0.0020571767818182707,0,-13,-1000,3,2,-1,0.014671381562948227,0.0022461218759417534,0.0012494539842009544,-0.0014205576153472066,63,3135,0.02049541473388672,12.312,28.78,95,6,10,1.21,831,0.00639441329985857,0.00042934477096423507,0.008104044944047928,1500,1500,1000,1500,1800,1000,1000,1800
1783917694.6243,3.8400,0.02074,48.21,193,111100,0.061,GUIDED,GUIDED,128,1.9200233221054077,0.0,10.0,0.5,0.0,0.0,nan,nan,nan,nan,nan,nan,nan,nan,nan,nan,0.14430448384860156,-0.02353100285727458,-0.0004997887833833301,0,0,1.7061679363250732,0.047051023691892624,10.004289627075195,0.5401552319526672,-0.013579290360212326,-0.002188064157962799,0,-14,-1000,2,1,-1,0.014691628515720367,0.002234895946457982,0.0012710343580693007,-0.0015174973523244262,63,3135,0.020684480667114258,12.312,28.78,95,6,10,1.21,831,0.00639441329985857,0.00041149320895783603,0.008104044944047928,1500,1500,1000,1500,1800,1000,1000,1800
1783917694.6440,3.8601,0.01977,50.58,194,111120,0.081,GUIDED,GUIDED,128,1.9300298690795898,0.0,10.0,0.5,0.0,0.0,nan,nan,nan,nan,nan,nan,nan,nan,nan,nan,0.1442635405043914,-0.023282972692473734,-0.000342263798790288,0,0,1.7167613506317139,0.04692495986819267,10.00428295135498,0.539840042591095,-0.013649707660079002,-0.002275157021358609,0,-14,-1000,2,3,-1,0.014711102470755577,0.002254839288070798,0.0012833793880417943,-0.0015471887309104204,63,3135,0.01966404914855957,12.312,28.78,95,6,10,1.21,831,0.00639441329985857,0.00041149320895783603,0.008104044944047928,1500,1500,1000,1500,1800,1000,1000,1800
1783917694.6637,3.8800,0.01966,50.88,195,111120,0.100,GUIDED,GUIDED,128,1.9400235414505005,0.0,10.0,0.5,0.0,0.0,nan,nan,nan,nan,nan,nan,nan,nan,nan,nan,0.15425721287530206,-0.023282972692473734,-0.000342263798790288,0,0,1.7167613506317139,0.04692495986819267,10.00428295135498,0.539840042591095,-0.013649707660079002,-0.002275157021358609,0,-14,-1000,2,3,-1,0.014730162918567657,0.0022266446612775326,0.0012872590450569987,-0.001674122642725706,63,3135,0.01966404914855957,12.312,28.78,95,6,10,1.21,831,0.00639441329985857,0.00041149320895783603,0.008104044944047928,1500,1500,1000,1500,1800,1000,1000,1800
1783917694.6841,3.9000,0.02040,49.03,196,111160,0.121,GUIDED,GUIDED,128,1.9500234127044678,0.0,10.0,0.5,0.0,0.0,nan,nan,nan,nan,nan,nan,nan,nan,nan,nan,0.14476632013241011,-0.023231302654682123,-0.00032882321402765563,0,0,1.7376224994659424,0.046891216188669205,10.004324913024902,0.5390488505363464,-0.013660057447850704,-0.0023071435280144215,0,-13,-1001,3,3,-1,0.014762823469936848,0.0022674244828522205,0.0012863200390711427,-0.0017770775593817234,63,3135,0.02031230926513672,12.312,28.78,95,6,10,1.21,831,0.00639441329985857,0.00041149320895783603,0.008104044944047928,1500,1500,1000,1500,1800,1000,1000,1800
1783917694.7036,3.9200,0.01952,51.23,197,111160,0.140,GUIDED,GUIDED,128,1.9600239992141724,0.0,10.0,0.5,0.0,0.0,nan,nan,nan,nan,nan,nan,nan,nan,nan,nan,0.1547669066421147,-0.023231302654682123,-0.00032882321402765563,0,0,1.7376224994659424,0.046891216188669205,10.004324913024902,0.5390488505363464,-0.013660057447850704,-0.0023071435280144215,0,-13,-1001,3,3,-1,0.014778705313801765,0.0022333194501698017,0.001279276330024004,-0.0018104028422385454,63,3135,0.02031230926513672,12.312,28.78,95,6,10,1.21,831,0.00639441329985857,0.00041149320895783603,0.008104044944047928,1500,1500,1000,1500,1800,1000,1000,1800
1783917694.7242,3.9400,0.02061,48.52,198,111180,0.161,GUIDED,GUIDED,128,1.9700231552124023,0.0,10.0,0.5,0.0,0.0,nan,nan,nan,nan,nan,nan,nan,nan,nan,nan,0.1545406881083734,-0.02291067774254069,-0.000423794741326373,0,0,1.7482436895370483,0.04672825708985329,10.004308700561523,0.5388203263282776,-0.013751085847616196,-0.0022429514210671186,0,-13,-1001,4,3,-1,0.0148300277069211,0.002274829428642988,0.0012808123137801886,-0.001816033967770636,63,3135,0.020195484161376953,12.312,28.78,95,6,10,1.21,831,0.003470785217359662,0.00041982883703894913,0.008154568262398243,1500,1500,1000,1500,1800,1000,1000,1800
1783917694.7436,3.9600,0.01941,51.52,199,111200,0.180,GUIDED,GUIDED,128,1.9800232648849487,0.0,10.0,0.5,0.0,0.0,nan,nan,nan,nan,nan,nan,nan,nan,nan,nan,0.1549350375834336,-0.023092686478831604,-0.0005554499356761945,0,0,1.7585937976837158,0.04678884148597717,10.004339218139648,0.538390576839447,-0.01368098147213459,-0.002184559591114521,0,-13,-1001,4,3,-1,0.0148300277069211,0.002274829428642988,0.0012808123137801886,-0.001816033967770636,63,3135,0.019285917282104492,12.312,28.78,95,6,10,1.21,831,0.003470785217359662,0.00041982883703894913,0.008154568262398243,1500,1500,1000,1500,1800,1000,1000,1800
1783917694.7641,3.9800,0.02051,48.75,200,111240,0.201,GUIDED,GUIDED,128,1.9900230169296265,0.0,10.0,0.5,0.0,0.0,nan,nan,nan,nan,nan,nan,nan,nan,nan,nan,0.14552624183350216,-0.023337987283436046,-0.00087594718676069,0,0,1.779370665550232,0.04686862230300903,10.004382133483887,0.537600576877594,-0.013585418462753296,-0.0020242976024746895,0,-13,-1001,5,2,-1,0.014911862090229988,0.002263385336846113,0.0013156331842765212,-0.001678414293564856,63,3135,0.020154953002929688,12.312,28.78,95,6,10,1.21,831,0.003470785217359662,0.00041982883703894913,0.008154568262398243,1500,1500,1000,1500,1800,1000,1000,1800
1783917694.7839,4.0001,0.01980,50.52,201,111260,0.220,GUIDED,GUIDED,128,2.0000264644622803,0.0,10.0,0.5,0.0,0.0,nan,nan,nan,nan,nan,nan,nan,nan,nan,nan,0.14592882485854008,-0.023640575276438456,-0.0009448396839011027,0,0,1.78968346118927,0.04696701467037201,10.004416465759277,0.5371895432472229,-0.013467526063323021,-0.0020043442491441965,0,-13,-1001,3,0,-1,0.01493568904697895,0.002224974101409316,0.0013266726164147258,-0.0016999543877318501,63,3135,0.019708871841430664,12.312,28.78,95,6,10,1.21,831,0.003470785217359662,0.00041982883703894913,0.008154568262398243,1500,1500,1000,1500,1800,1000,1000,1800
1783917694.8037,4.0201,0.01973,50.69,202,111260,0.240,GUIDED,GUIDED,128,2.010026454925537,0.0,10.0,0.5,0.0,0.0,nan,nan,nan,nan,nan,nan,nan,nan,nan,nan,0.15592881532179692,-0.023640575276438456,-0.0009448396839011027,0,0,1.78968346118927,0.04696701467037201,10.004416465759277,0.5371895432472229,-0.013467526063323021,-0.0020043442491441965,0,-13,-1001,3,0,-1,0.015009230002760887,0.00226005632430315,0.0013350092340260744,-0.001690470613539219,63,3135,0.019708871841430664,12.312,28.78,95,6,10,1.21,831,0.003470785217359662,0.00041982883703894913,0.008154568262398243,1500,1500,1000,1500,1800,1000,1000,1800
1783917694.8241,4.0401,0.02046,48.87,203,111300,0.261,GUIDED,GUIDED,128,2.0200263261795044,0.0,10.0,0.5,0.0,0.0,nan,nan,nan,nan,nan,nan,nan,nan,nan,nan,0.14604437758495467,-0.023644362865493266,-0.0010771723874402773,0,0,1.8105777502059937,0.04692010581493378,10.004444122314453,0.5366064310073853,-0.013438256457448006,-0.001943909446708858,0,-13,-1001,3,1,-1,0.015027492307126522,0.0022488979157060385,0.0013505036476999521,-0.0016018541064113379,63,3135,0.020328998565673828,12.312,28.78,95,6,10,1.21,831,0.003470785217359662,0.0004027552786283195,0.008154568262398243,1500,1500,1000,1500,1800,1000,1000,1800
1783917694.8436,4.0600,0.01948,51.32,204,111300,0.280,GUIDED,GUIDED,128,2.0300240516662598,0.0,10.0,0.5,0.0,0.0,nan,nan,nan,nan,nan,nan,nan,nan,nan,nan,0.15604210307171004,-0.023644362865493266,-0.0010771723874402773,0,0,1.8105777502059937,0.04692010581493378,10.004444122314453,0.5366064310073853,-0.013438256457448006,-0.001943909446708858,0,-13,-1001,3,1,-1,0.015068575739860535,0.0022701742127537727,0.0013627136358991265,-0.0016668064054101706,63,3135,0.020328998565673828,12.312,28.78,95,6,10,1.21,831,0.003470785217359662,0.0004027552786283195,0.008154568262398243,1500,1500,1000,1500,1800,1000,1000,1800
1783917694.8642,4.0800,0.02058,48.59,205,111340,0.301,GUIDED,GUIDED,128,2.0400232076644897,0.0,10.0,0.5,0.0,0.0,nan,nan,nan,nan,nan,nan,nan,nan,nan,nan,0.14596394561447013,-0.023425148341651623,-0.0011985297737058392,0,0,1.8315317630767822,0.046805113554000854,10.004471778869629,0.5361002683639526,-0.013498429208993912,-0.0018898112466558814,0,-13,-1001,4,2,-1,0.01511140912771225,0.00227450137026608,0.0013699864502996206,-0.001665622228756547,63,3135,0.020494461059570312,12.312,28.78,95,6,10,1.21,831,0.003470785217359662,0.0004027552786283195,0.008154568262398243,1500,1500,1000,1500,1800,1000,1000,1800
1783917694.8835,4.1001,0.01934,51.71,206,111340,0.320,GUIDED,GUIDED,128,2.050029993057251,0.0,10.0,0.5,0.0,0.0,nan,nan,nan,nan,nan,nan,nan,nan,nan,nan,0.15597073100723136,-0.023425148341651623,-0.0011985297737058392,0,0,1.8315317630767822,0.046805113554000854,10.004471778869629,0.5361002683639526,-0.013498429208993912,-0.0018898112466558814,0,-13,-1001,4,2,-1,0.01511140912771225,0.00227450137026608,0.0013699864502996206,-0.001665622228756547,63,3135,0.020494461059570312,12.312,28.78,95,6,10,1.21,831,0.003470785217359662,0.0004027552786283195,0.008154568262398243,1500,1500,1000,1500,1800,1000,1000,1800
1783917694.9042,4.1201,0.02068,48.36,207,111380,0.341,GUIDED,GUIDED,128,2.06002676486969,0.0,10.0,0.5,0.0,0.0,nan,nan,nan,nan,nan,nan,nan,nan,nan,nan,0.14569627287276576,-0.023041142841748227,-0.000911901852613264,0,0,1.852543830871582,0.046624235808849335,10.00448226928711,0.5356725454330444,-0.013615705072879791,-0.002061352599412203,0,-13,-1000,1,2,-1,0.015122629702091217,0.002298894338309765,0.001366666634567082,-0.0017918103840202093,63,3135,0.020326852798461914,12.312,28.75,95,6,10,1.21,831,0.003470785217359662,0.0004027552786283195,0.008154568262398243,1500,1500,1000,1500,1800,1000,1000,1800
1783917694.9240,4.1401,0.01982,50.45,208,111400,0.361,GUIDED,GUIDED,128,2.070025682449341,0.0,10.0,0.5,0.0,0.0,nan,nan,nan,nan,nan,nan,nan,nan,nan,nan,0.14592989419891683,-0.023260507844848843,-0.0008051303414558439,0,0,1.8628525733947754,0.046696584671735764,10.004511833190918,0.5353587865829468,-0.013530825264751911,-0.00214006588794291,0,-13,-1000,1,0,-1,0.015127678401768208,0.0022859692107886076,0.0013688195031136274,-0.001792711904272437,63,3135,0.0197145938873291,12.312,28.75,95,6,10,1.21,831,0.004490112420171499,0.00041046913247555494,0.00823585782200098,1500,1500,1000,1500,1800,1000,1000,1800
1783917694.9437,4.1600,0.01964,50.92,209,111400,0.380,GUIDED,GUIDED,128,2.0800238847732544,0.0,10.0,0.5,0.0,0.0,nan,nan,nan,nan,nan,nan,nan,nan,nan,nan,0.1559280965228304,-0.023260507844848843,-0.0008051303414558439,0,0,1.8628525733947754,0.046696584671735764,10.004511833190918,0.5353587865829468,-0.013530825264751911,-0.00214006588794291,0,-13,-1000,1,0,-1,0.015128323808312416,0.0022981802467256784,0.0013906304957345128,-0.0019395413110032678,63,3135,0.0197145938873291,12.312,28.75,95,6,10,1.21,831,0.004490112420171499,0.00041046913247555494,0.00823585782200098,1500,1500,1000,1500,1800,1000,1000,1800
1783917694.9641,4.1801,0.02043,48.96,210,111440,0.401,GUIDED,GUIDED,128,2.090027928352356,0.0,10.0,0.5,0.0,0.0,nan,nan,nan,nan,nan,nan,nan,nan,nan,nan,0.1463043015636706,-0.023478046012816948,-0.0006961009501908607,0,0,1.8835070133209229,0.04680003970861435,10.004546165466309,0.5347660779953003,-0.01346495933830738,-0.002222835784777999,0,-13,-1000,1,0,-1,0.015130295418202877,0.0022839249577373266,0.0014057375956326723,-0.0020194430835545063,63,3135,0.020340442657470703,12.312,28.75,95,6,10,1.21,831,0.004490112420171499,0.00041046913247555494,0.00823585782200098,1500,1500,1000,1500,1800,1000,1000,1800
1783917694.9836,4.2001,0.01953,51.21,211,111440,0.420,GUIDED,GUIDED,128,2.1000272035598755,0.0,10.0,0.5,0.0,0.0,nan,nan,nan,nan,nan,nan,nan,nan,nan,nan,0.15630357677119014,-0.023478046012816948,-0.0006961009501908607,0,0,1.8835070133209229,0.04680003970861435,10.004546165466309,0.5347660779953003,-0.01346495933830738,-0.002222835784777999,0,-13,-1000,1,0,-1,0.015132451429963112,0.0022978861816227436,0.0014162382576614618,-0.002069002017378807,63,3135,0.020340442657470703,12.312,28.75,95,6,10,1.21,831,0.004490112420171499,0.00041046913247555494,0.00823585782200098,1500,1500,1000,1500,1800,1000,1000,1800
1783917695.0042,4.2201,0.02057,48.62,212,111480,0.441,GUIDED,GUIDED,128,2.1100263595581055,0.0,10.0,0.5,0.0,0.0,nan,nan,nan,nan,nan,nan,nan,nan,nan,nan,0.14657552909122423,-0.02354834792368364,-0.000630411991203274,0,0,1.9042396545410156,0.046820495277643204,10.004562377929688,0.5341855883598328,-0.013436180539429188,-0.002270121593028307,0,-13,-1000,1,0,-1,0.01513550616800785,0.0022726634051650763,0.001421538763679564,-0.0021137490402907133,63,3135,0.02048349380493164,12.312,28.78,95,6,10,1.21,831,0.004490112420171499,0.00041046913247555494,0.00823585782200098,1500,1500,1000,1500,1800,1000,1000,1800
1783917695.0236,4.2401,0.01936,51.64,213,111480,0.460,GUIDED,GUIDED,128,2.120027780532837,0.0,10.0,0.5,0.0,0.0,nan,nan,nan,nan,nan,nan,nan,nan,nan,nan,0.15657695006595568,-0.02354834792368364,-0.000630411991203274,0,0,1.9042396545410156,0.046820495277643204,10.004562377929688,0.5341855883598328,-0.013436180539429188,-0.002270121593028307,0,-13,-1000,1,0,-1,0.01513550616800785,0.0022726634051650763,0.001421538763679564,-0.0021137490402907133,63,3135,0.02048349380493164,12.312,28.78,95,6,10,1.21,831,0.004490112420171499,0.00041046913247555494,0.00823585782200098,1500,1500,1000,1500,1800,1000,1000,1800
1783917695.0442,4.2601,0.02063,48.47,214,111520,0.481,GUIDED,GUIDED,128,2.1300281286239624,0.0,10.0,0.5,0.0,0.0,nan,nan,nan,nan,nan,nan,nan,nan,nan,nan,0.14660403180734938,-0.023504562206368013,-0.0005539612648361699,0,0,1.9250342845916748,0.04676946997642517,10.004572868347168,0.5337113738059998,-0.013432000763714314,-0.0023203170858323574,0,-13,-1000,1,0,-2,0.015139255672693253,0.0022653404157608747,0.0014330570120364428,-0.002372131682932377,63,3135,0.02054905891418457,12.312,28.78,95,6,10,1.21,831,0.004490112420171499,0.00039269731496460736,0.00823585782200098,1500,1500,1000,1500,1800,1000,1000,1800
1783917695.0640,4.2801,0.01980,50.50,215,111540,0.501,GUIDED,GUIDED,128,2.1400338411331177,0.0,10.0,0.5,0.0,0.0,nan,nan,nan,nan,nan,nan,nan,nan,nan,nan,0.14673094685648166,-0.023552320293018892,-0.0005042140105078873,0,0,1.9353787899017334,0.04678652435541153,10.00459098815918,0.533442497253418,-0.013414273969829082,-0.002359500154852867,0,-13,-1000,1,3,-2,0.015142315067350864,0.0023011777084320784,0.0014302367344498634,-0.0024208605755120516,63,3135,0.019711971282958984,12.312,28.78,95,6,10,1.21,831,0.004490112420171499,0.00039269731496460736,0.00823585782200098,1500,1500,1000,1500,1800,1000,1000,1800
1783917695.0837,4.3001,0.01971,50.73,216,111540,0.520,GUIDED,GUIDED,128,2.150026798248291,0.0,10.0,0.5,0.0,0.0,nan,nan,nan,nan,nan,nan,nan,nan,nan,nan,0.156723903971655,-0.023552320293018892,-0.0005042140105078873,0,0,1.9353787899017334,0.04678652435541153,10.00459098815918,0.533442497253418,-0.013414273969829082,-0.002359500154852867,0,-13,-1000,1,3,-2,0.015145305544137955,0.0022729781921952963,0.0014209052314981818,-0.0024405966978520155,63,3135,0.019711971282958984,12.312,28.75,95,6,10,1.21,831,0.004490112420171499,0.00039269731496460736,0.00823585782200098,1500,1500,1000,1500,1800,1000,1000,1800
1783917695.1041,4.3201,0.02040,49.02,217,111580,0.541,GUIDED,GUIDED,128,2.160026431083679,0.0,10.0,0.5,0.0,0.0,nan,nan,nan,nan,nan,nan,nan,nan,nan,nan,0.14646229914774261,-0.02324422534720102,-0.00048760383253721937,0,0,1.9562808275222778,0.04662362113595009,10.004581451416016,0.5330725312232971,-0.013498100452125072,-0.002363584004342556,0,-13,-1001,0,2,-2,0.01512762252241373,0.0023031013552099466,0.001403115806169808,-0.002593444660305977,63,3135,0.020314455032348633,12.312,28.75,95,6,10,1.21,831,0.004490112420171499,0.00039269731496460736,0.00823585782200098,1500,1500,1000,1500,1800,1000,1000,1800
1783917695.1236,4.3401,0.01955,51.16,218,111580,0.560,GUIDED,GUIDED,128,2.1700276136398315,0.0,10.0,0.5,0.0,0.0,nan,nan,nan,nan,nan,nan,nan,nan,nan,nan,0.15646348170389496,-0.02324422534720102,-0.00048760383253721937,0,0,1.9562808275222778,0.04662362113595009,10.004581451416016,0.5330725312232971,-0.013498100452125072,-0.002363584004342556,0,-13,-1001,0,2,-2,0.015164606273174286,0.002281354973092675,0.0013926096726208925,-0.0025773432571440935,63,3135,0.020314455032348633,12.312,28.75,95,6,10,1.21,831,0.004490112420171499,0.00039269731496460736,0.00823585782200098,1500,1500,1000,1500,1800,1000,1000,1800
1783917695.1441,4.3601,0.02050,48.78,219,111620,0.581,GUIDED,GUIDED,128,2.180026412010193,0.0,10.0,0.5,0.0,0.0,nan,nan,nan,nan,nan,nan,nan,nan,nan,nan,0.14669185166631085,-0.023320783748382787,-0.00088891407843466,0,0,1.9769700765609741,0.04666407033801079,10.004596710205078,0.5325420498847961,-0.013477252796292305,-0.002140697091817856,0,-13,-1001,2,3,-2,0.015163521282374859,0.002312062308192253,0.0014083978021517396,-0.0024859034456312656,63,3135,0.020414352416992188,12.312,28.75,95,6,10,1.21,831,0.0034319034311920404,0.0004025169473607093,0.008220775052905083,1500,1500,1000,1500,1800,1000,1000,1800
1783917695.1635,4.3801,0.01940,51.55,220,111620,0.600,GUIDED,GUIDED,128,2.190028667449951,0.0,10.0,0.5,0.0,0.0,nan,nan,nan,nan,nan,nan,nan,nan,nan,nan,0.15669410710606915,-0.023320783748382787,-0.00088891407843466,0,0,1.9769700765609741,0.04666407033801079,10.004596710205078,0.5325420498847961,-0.013477252796292305,-0.002140697091817856,0,-13,-1001,2,3,-2,0.015163521282374859,0.002312062308192253,0.0014083978021517396,-0.0024859034456312656,63,3135,0.020414352416992188,12.312,28.75,95,6,10,1.21,831,0.0034319034311920404,0.0004025169473607093,0.008220775052905083,1500,1500,1000,1500,1800,1000,1000,1800
1783917695.1841,4.4000,0.02058,48.60,221,111660,0.621,GUIDED,GUIDED,128,2.200023055076599,0.0,10.0,0.5,0.0,0.0,nan,nan,nan,nan,nan,nan,nan,nan,nan,nan,0.1473485691504336,-0.023946463776850137,-0.0011908993845826067,0,0,1.9974135160446167,0.046939779072999954,10.004651069641113,0.531904935836792,-0.01327519677579403,-0.001997730229049921,0,-13,-1001,2,2,-2,0.015199394896626472,0.00229405309073627,0.0014307007659226656,-0.00234613916836679,63,3135,0.02023792266845703,12.312,28.78,95,6,10,1.21,831,0.0034319034311920404,0.0004025169473607093,0.008220775052905083,1500,1500,1000,1500,1800,1000,1000,1800
1783917695.2041,4.4200,0.01994,50.16,222,111680,0.641,GUIDED,GUIDED,128,2.2100239992141724,0.0,10.0,0.5,0.0,0.0,nan,nan,nan,nan,nan,nan,nan,nan,nan,nan,0.14719978112681437,-0.02378703875909835,-0.0012183002362580009,0,0,2.0078623294830322,0.046853166073560715,10.004640579223633,0.5317322611808777,-0.013317234814167023,-0.001975853694602847,0,-13,-1001,0,0,-2,0.015191297978162766,0.0022391171660274267,0.0014367412077262998,-0.002259584842249751,63,3135,0.019829988479614258,12.312,28.78,95,6,10,1.21,831,0.0034319034311920404,0.0004025169473607093,0.008220775052905083,1500,1500,1000,1500,1800,1000,1000,1800
1783917695.2237,4.4400,0.01970,50.77,223,111680,0.660,GUIDED,GUIDED,128,2.220024824142456,0.0,10.0,0.5,0.0,0.0,nan,nan,nan,nan,nan,nan,nan,nan,nan,nan,0.15720060605509806,-0.02378703875909835,-0.0012183002362580009,0,0,2.0078623294830322,0.046853166073560715,10.004640579223633,0.5317322611808777,-0.013317234814167023,-0.001975853694602847,0,-13,-1000,3,3,-1,0.015237064100801945,0.002276628278195858,0.001448635826818645,-0.0022215782664716244,63,3135,0.019829988479614258,12.312,28.78,95,6,10,1.21,831,0.0034319034311920404,0.0004025169473607093,0.008220775052905083,1500,1500,1000,1500,1800,1000,1000,1800
1783917695.2440,4.4600,0.02024,49.41,224,111720,0.681,GUIDED,GUIDED,128,2.230022430419922,0.0,10.0,0.5,0.0,0.0,nan,nan,nan,nan,nan,nan,nan,nan,nan,nan,0.1471842183826559,-0.02375944891468727,-0.001166871203517693,0,0,2.028608798980713,0.04681471362709999,10.004654884338379,0.5313093662261963,-0.013310963287949562,-0.0020138053223490715,0,-13,-1000,0,0,-1,0.015208268538117409,0.0022442315239459276,0.0014591135550290346,-0.002155156107619405,63,3135,0.02014780044555664,12.312,28.78,95,6,10,1.21,831,0.0034319034311920404,0.0003939958696719259,0.008220775052905083,1500,1500,1000,1500,1800,1000,1000,1800
1783917695.2636,4.4800,0.01964,50.91,225,111720,0.700,GUIDED,GUIDED,128,2.2400227785110474,0.0,10.0,0.5,0.0,0.0,nan,nan,nan,nan,nan,nan,nan,nan,nan,nan,0.1571845664737814,-0.02375944891468727,-0.001166871203517693,0,0,2.028608798980713,0.04681471362709999,10.004654884338379,0.5313093662261963,-0.013310963287949562,-0.0020138053223490715,0,-13,-1000,0,0,-1,0.015241371467709541,0.002288810210302472,0.0014645337359979749,-0.002098239492624998,63,3135,0.02014780044555664,12.312,28.78,95,6,10,1.21,831,0.0034319034311920404,0.0003939958696719259,0.008220775052905083,1500,1500,1000,1500,1800,1000,1000,1800
1783917695.2841,4.5000,0.02049,48.80,226,111760,0.721,GUIDED,GUIDED,128,2.2500239610671997,0.0,10.0,0.5,0.0,0.0,nan,nan,nan,nan,nan,nan,nan,nan,nan,nan,0.14719840677248774,-0.02380540741232074,-0.0010746904973163696,0,0,2.049290418624878,0.04683295264840126,10.004685401916504,0.5309085249900818,-0.01329495944082737,-0.0020846452098339796,0,-13,-1000,3,0,-1,0.015270816162228584,0.0022639466915279627,0.0014621956506744027,-0.002169985556975007,63,3135,0.020407676696777344,12.312,28.75,95,6,10,1.21,831,0.0034319034311920404,0.0003939958696719259,0.008220775052905083,1500,1500,1000,1500,1800,1000,1000,1800
1783917695.3036,4.5200,0.01944,51.45,227,111760,0.740,GUIDED,GUIDED,128,2.260024309158325,0.0,10.0,0.5,0.0,0.0,nan,nan,nan,nan,nan,nan,nan,nan,nan,nan,0.15719875486361323,-0.02380540741232074,-0.0010746904973163696,0,0,2.049290418624878,0.04683295264840126,10.004685401916504,0.5309085249900818,-0.01329495944082737,-0.0020846452098339796,0,-13,-1000,3,0,-1,0.015270816162228584,0.0022639466915279627,0.0014621956506744027,-0.002169985556975007,63,3135,0.020407676696777344,12.312,28.75,95,6,10,1.21,831,0.0034319034311920404,0.0003939958696719259,0.008220775052905083,1500,1500,1000,1500,1800,1000,1000,1800
1783917695.3243,4.5400,0.02077,48.14,228,111800,0.761,GUIDED,GUIDED,128,2.2700235843658447,0.0,10.0,0.5,0.0,0.0,nan,nan,nan,nan,nan,nan,nan,nan,nan,nan,0.14706398376959717,-0.02374603304777365,-0.0008192497103562879,0,0,2.0700182914733887,0.04677784815430641,10.004683494567871,0.5305656790733337,-0.013297424651682377,-0.0022310228087008,0,-13,-1000,2,1,-2,0.01530669629573822,0.0022908751852810383,0.00145158136729151,-0.0022910975385457277,63,3135,0.020677804946899414,12.312,28.75,95,6,10,1.21,831,0.004191892221570015,0.00040262227412313223,0.008576080203056335,1500,1500,1000,1500,1800,1000,1000,1800
1783917695.3440,4.5600,0.01963,50.94,229,111820,0.780,GUIDED,GUIDED,128,2.2800246477127075,0.0,10.0,0.5,0.0,0.0,nan,nan,nan,nan,nan,nan,nan,nan,nan,nan,0.1469616259428258,-0.023658971330439142,-0.0007202788502450753,0,0,2.0803749561309814,0.04674486070871353,10.00467300415039,0.5304194688796997,-0.013328644447028637,-0.002282107016071677,0,-13,-1000,2,1,-2,0.015319013968110085,0.0023033353500068188,0.0014768061228096485,-0.0022908272221684456,63,3135,0.019526004791259766,12.312,28.75,95,6,10,1.21,831,0.004191892221570015,0.00040262227412313223,0.008576080203056335,1500,1500,1000,1500,1800,1000,1000,1800
1783917695.3636,4.5800,0.01968,50.81,230,111820,0.800,GUIDED,GUIDED,128,2.2900230884552,0.0,10.0,0.5,0.0,0.0,nan,nan,nan,nan,nan,nan,nan,nan,nan,nan,0.15696006668531848,-0.023658971330439142,-0.0007202788502450753,0,0,2.0803749561309814,0.04674486070871353,10.00467300415039,0.5304194688796997,-0.013328644447028637,-0.002282107016071677,0,-13,-1000,2,1,-2,0.015330837108194828,0.0023010687436908484,0.0014945602742955089,-0.0023759910836815834,63,3135,0.019526004791259766,12.312,28.75,95,6,10,1.21,831,0.004191892221570015,0.00040262227412313223,0.008576080203056335,1500,1500,1000,1500,1800,1000,1000,1800
1783917695.3842,4.6000,0.02058,48.59,231,111860,0.821,GUIDED,GUIDED,128,2.3000235557556152,0.0,10.0,0.5,0.0,0.0,nan,nan,nan,nan,nan,nan,nan,nan,nan,nan,0.14765608121582255,-0.024346337102303824,-0.0006095538294620725,0,0,2.100691556930542,0.04704673960804939,10.004705429077148,0.5298351049423218,-0.013106083497405052,-0.0023647546768188477,0,-13,-1000,2,0,-2,0.015342656522989273,0.002287107054144144,0.0015063800383359194,-0.0024467920884490013,63,3135,0.020478010177612305,12.312,28.78,95,6,10,1.21,831,0.004191892221570015,0.00040262227412313223,0.008576080203056335,1500,1500,1000,1500,1800,1000,1000,1800
1783917695.4036,4.6201,0.01940,51.53,232,111860,0.840,GUIDED,GUIDED,128,2.31002676486969,0.0,10.0,0.5,0.0,0.0,nan,nan,nan,nan,nan,nan,nan,nan,nan,nan,0.15765929032989726,-0.024346337102303824,-0.0006095538294620725,0,0,2.100691556930542,0.04704673960804939,10.004705429077148,0.5298351049423218,-0.013106083497405052,-0.0023647546768188477,0,-13,-1000,2,0,-2,0.015353641472756863,0.0023031674791127443,0.001514263334684074,-0.002550502773374319,63,3135,0.020478010177612305,12.312,28.78,95,6,10,1.21,831,0.004191892221570015,0.00040262227412313223,0.008576080203056335,1500,1500,1000,1500,1800,1000,1000,1800
1783917695.4242,4.6401,0.02060,48.54,233,111900,0.861,GUIDED,GUIDED,128,2.32002592086792,0.0,10.0,0.5,0.0,0.0,nan,nan,nan,nan,nan,nan,nan,nan,nan,nan,0.14808833462008225,-0.024396224095655727,-0.0004584402427123095,0,0,2.120872735977173,0.04706159979104996,10.0046968460083,0.5294823050498962,-0.013085860759019852,-0.0024470447096973658,0,-13,-1000,2,0,-2,0.015364902094006538,0.002285236259922385,0.0015218481421470642,-0.0026389234699308872,63,3135,0.020515918731689453,12.312,28.78,95,6,10,1.21,831,0.004191892221570015,0.00039402308175340295,0.008576080203056335,1500,1500,1000,1500,1800,1000,1000,1800
1783917695.4436,4.6601,0.01932,51.75,234,111900,0.880,GUIDED,GUIDED,128,2.33002769947052,0.0,10.0,0.5,0.0,0.0,nan,nan,nan,nan,nan,nan,nan,nan,nan,nan,0.15809011322268235,-0.024396224095655727,-0.0004584402427123095,0,0,2.120872735977173,0.04706159979104996,10.0046968460083,0.5294823050498962,-0.013085860759019852,-0.0024470447096973658,0,-13,-1000,2,0,-2,0.015364902094006538,0.002285236259922385,0.0015218481421470642,-0.0026389234699308872,63,3135,0.020515918731689453,12.312,28.78,95,6,10,1.21,831,0.004191892221570015,0.00039402308175340295,0.008576080203056335,1500,1500,1000,1500,1800,1000,1000,1800
1783917695.4643,4.6801,0.02076,48.18,235,111940,0.901,GUIDED,GUIDED,128,2.340027332305908,0.0,10.0,0.5,0.0,0.0,nan,nan,nan,nan,nan,nan,nan,nan,nan,nan,0.1478473367952876,-0.024189693684949214,-0.00044860011339214936,0,0,2.1415610313415527,0.04699400067329407,10.004683494567871,0.5292248725891113,-0.013166072778403759,-0.0024450174532830715,0,-13,-1000,2,1,-2,0.015388062223792076,0.0023055169731378555,0.0015207959804683924,-0.002789811696857214,63,3135,0.02066969871520996,12.312,28.78,95,6,10,1.21,831,0.004191892221570015,0.00039402308175340295,0.008576080203056335,1500,1500,1000,1500,1800,1000,1000,1800
1783917695.4840,4.7001,0.01966,50.87,236,111960,0.921,GUIDED,GUIDED,128,2.3500261306762695,0.0,10.0,0.5,0.0,0.0,nan,nan,nan,nan,nan,nan,nan,nan,nan,nan,0.14787150081079353,-0.024213668188918534,-0.0003740564343578407,0,0,2.151862621307373,0.046998556703329086,10.004683494567871,0.5290361046791077,-0.013154861517250538,-0.0024880552664399147,0,-13,-1000,2,3,-2,0.015401346608996391,0.002353015821427107,0.001507279579527676,-0.002933358773589134,63,3135,0.019551753997802734,12.312,28.78,95,6,10,1.21,831,0.004191892221570015,0.00039402308175340295,0.008576080203056335,1500,1500,1000,1500,1800,1000,1000,1800
1783917695.5037,4.7200,0.01977,50.58,237,111960,0.940,GUIDED,GUIDED,128,2.360023856163025,0.0,10.0,0.5,0.0,0.0,nan,nan,nan,nan,nan,nan,nan,nan,nan,nan,0.1578692262975489,-0.024213668188918534,-0.0003740564343578407,0,0,2.151862621307373,0.046998556703329086,10.004683494567871,0.5290361046791077,-0.013154861517250538,-0.0024880552664399147,0,-13,-1000,2,3,-2,0.015413482673466206,0.0023345593363046646,0.0014861400704830885,-0.002959853271022439,63,3135,0.019551753997802734,12.312,28.78,95,6,10,1.21,831,0.004191892221570015,0.00039402308175340295,0.008576080203056335,1500,1500,1000,1500,1800,1000,1000,1800
1783917695.5240,4.7400,0.02031,49.25,238,112000,0.961,GUIDED,GUIDED,128,2.370022773742676,0.0,10.0,0.5,0.0,0.0,nan,nan,nan,nan,nan,nan,nan,nan,nan,nan,0.1477998197342305,-0.02405513395023863,-0.0002823886979495191,0,0,2.172473669052124,0.04695668816566467,10.004664421081543,0.5287227630615234,-0.013222218491137028,-0.002529967576265335,0,-13,-1000,1,3,-2,0.015403244644403458,0.002387818181887269,0.0014730450930073857,-0.002941632177680731,63,3135,0.020220518112182617,12.312,28.78,95,6,10,1.21,831,0.004823493305593729,0.0004055024473927915,0.008761458098888397,1500,1500,1000,1500,1800,1000,1000,1800
1783917695.5436,4.7601,0.01957,51.10,239,112000,0.980,GUIDED,GUIDED,128,2.3800259828567505,0.0,10.0,0.5,0.0,0.0,nan,nan,nan,nan,nan,nan,nan,nan,nan,nan,0.15780302884830522,-0.02405513395023863,-0.0002823886979495191,0,0,2.172473669052124,0.04695668816566467,10.004664421081543,0.5287227630615234,-0.013222218491137028,-0.002529967576265335,0,-13,-1000,1,3,-2,0.01542632281780243,0.0023547299206256866,0.0014882104005664587,-0.0029691567178815603,63,3135,0.020220518112182617,12.312,28.78,95,6,10,1.21,831,0.004823493305593729,0.0004055024473927915,0.008761458098888397,1500,1500,1000,1500,1800,1000,1000,1800
1783917695.5642,4.7800,0.02056,48.64,240,112040,0.000,GUIDED,GUIDED,128,2.3900249004364014,0.0,10.0,0.5,0.0,0.0,nan,nan,nan,nan,nan,nan,nan,nan,nan,nan,0.14821069933183367,-0.024291337959512212,-0.000550059854305212,0,0,2.1928203105926514,0.04709930345416069,10.004668235778809,0.5282866358757019,-0.013168185018002987,-0.002377629978582263,0,-13,-1001,0,3,-2,0.015392187982797623,0.002400363562628627,0.0015006919857114553,-0.0028791408985853195,63,3135,0.02047872543334961,12.312,28.78,95,6,10,1.21,831,0.004823493305593729,0.0004055024473927915,0.008761458098888397,1500,1500,1000,1500,1800,1000,1000,1800
1783917695.5836,4.8001,0.01941,51.52,241,112040,0.020,GUIDED,GUIDED,128,2.4000250101089478,0.0,10.0,0.5,0.0,0.0,nan,nan,nan,nan,nan,nan,nan,nan,nan,nan,0.15821080900438006,-0.024291337959512212,-0.000550059854305212,0,0,2.1928203105926514,0.04709930345416069,10.004668235778809,0.5282866358757019,-0.013168185018002987,-0.002377629978582263,0,-13,-1001,0,3,-2,0.015392187982797623,0.002400363562628627,0.0015006919857114553,-0.0028791408985853195,63,3135,0.02047872543334961,12.312,28.78,95,6,10,1.21,831,0.004823493305593729,0.0004055024473927915,0.008761458098888397,1500,1500,1000,1500,1800,1000,1000,1800
1783917695.6043,4.8200,0.02070,48.30,242,112080,0.040,GUIDED,GUIDED,128,2.4100228548049927,0.0,10.0,0.5,0.0,0.0,nan,nan,nan,nan,nan,nan,nan,nan,nan,nan,0.14841412040971574,-0.02431929880594886,-0.000863895681977167,0,0,2.2132556438446045,0.04715602099895477,10.004663467407227,0.527916669845581,-0.013184787705540657,-0.002193683758378029,0,-13,-1001,2,2,-2,0.015406792052090168,0.0023934566415846348,0.0015163833741098642,-0.0026570805348455906,63,3135,0.020593881607055664,12.312,28.78,95,6,10,1.21,831,0.004823493305593729,0.0004055024473927915,0.008761458098888397,1500,1500,1000,1500,1800,1000,1000,1800
1783917695.6239,4.8400,0.01957,51.09,243,112100,0.060,GUIDED,GUIDED,128,2.42002272605896,0.0,10.0,0.5,0.0,0.0,nan,nan,nan,nan,nan,nan,nan,nan,nan,nan,0.14870530311667107,-0.02450039451130699,-0.0010352230538262352,0,0,2.2234015464782715,0.047240059822797775,10.004676818847656,0.5276642441749573,-0.013128751888871193,-0.0021024763118475676,0,-13,-1001,0,0,-2,0.015391978435218334,0.002361730206757784,0.0015259993961080909,-0.002618177095428109,63,3135,0.01948261260986328,12.312,28.78,95,6,10,1.21,831,0.004823493305593729,0.0003970474353991449,0.008761458098888397,1500,1500,1000,1500,1800,1000,1000,1800
1783917695.6438,4.8600,0.01989,50.29,244,112100,0.080,GUIDED,GUIDED,128,2.4300228357315063,0.0,10.0,0.5,0.0,0.0,nan,nan,nan,nan,nan,nan,nan,nan,nan,nan,0.15870541278921746,-0.02450039451130699,-0.0010352230538262352,0,0,2.2234015464782715,0.047240059822797775,10.004676818847656,0.5276642441749573,-0.013128751888871193,-0.0021024763118475676,0,-13,-1001,0,0,-2,0.015421978197991848,0.002371653215959668,0.0015348822344094515,-0.002536734798923135,63,3135,0.01948261260986328,12.312,28.78,95,6,10,1.21,831,0.004823493305593729,0.0003970474353991449,0.008761458098888397,1500,1500,1000,1500,1800,1000,1000,1800
1783917695.6642,4.8800,0.02040,49.03,245,112140,0.100,GUIDED,GUIDED,128,2.440023899078369,0.0,10.0,0.5,0.0,0.0,nan,nan,nan,nan,nan,nan,nan,nan,nan,nan,0.1486487064593112,-0.0242758736759301,-0.0009405181391070024,0,0,2.2439584732055664,0.04717324674129486,10.00467586517334,0.5273760557174683,-0.013219804503023624,-0.002156603615731001,0,-13,-1000,0,1,-2,0.015378997661173344,0.0023587755858898163,0.0015366156585514545,-0.00249736150726676,63,3135,0.020313739776611328,12.312,28.78,95,6,10,1.21,831,0.004823493305593729,0.0003970474353991449,0.008761458098888397,1500,1500,1000,1500,1800,1000,1000,1800
1783917695.6836,4.9001,0.01944,51.43,246,112140,0.120,GUIDED,GUIDED,128,2.4500253200531006,0.0,10.0,0.5,0.0,0.0,nan,nan,nan,nan,nan,nan,nan,nan,nan,nan,0.15865012743404264,-0.0242758736759301,-0.0009405181391070024,0,0,2.2439584732055664,0.04717324674129486,10.00467586517334,0.5273760557174683,-0.013219804503023624,-0.002156603615731001,0,-13,-1000,0,1,-2,0.015395686030387878,0.0023534814827144146,0.0015338030643761158,-0.0024203730281442404,63,3135,0.020313739776611328,12.312,28.78,95,6,10,1.21,831,0.004823493305593729,0.0003970474353991449,0.008761458098888397,1500,1500,1000,1500,1800,1000,1000,1800
1783917695.7042,4.9201,0.02065,48.42,247,112180,0.140,GUIDED,GUIDED,128,2.4600292444229126,0.0,10.0,0.5,0.0,0.0,nan,nan,nan,nan,nan,nan,nan,nan,nan,nan,0.1484775641315259,-0.02379977559013545,-0.0008386246948202483,0,0,2.264582395553589,0.047036707401275635,10.004660606384277,0.5271177291870117,-0.013415848836302757,-0.0022066221572458744,0,-13,-1000,2,2,-2,0.015408871695399284,0.002357959747314453,0.0015218969201669097,-0.0024907009210437536,63,3135,0.020566940307617188,12.312,28.78,95,6,10,1.21,831,0.004823493305593729,0.0003970474353991449,0.008761458098888397,1500,1500,1000,1500,1800,1000,1000,1800
1783917695.7235,4.9401,0.01930,51.81,248,112180,0.160,GUIDED,GUIDED,128,2.4700276851654053,0.0,10.0,0.5,0.0,0.0,nan,nan,nan,nan,nan,nan,nan,nan,nan,nan,0.15847600487401858,-0.02379977559013545,-0.0008386246948202483,0,0,2.264582395553589,0.047036707401275635,10.004660606384277,0.5271177291870117,-0.013415848836302757,-0.0022066221572458744,0,-13,-1000,2,2,-2,0.015408871695399284,0.002357959747314453,0.0015218969201669097,-0.0024907009210437536,63,3135,0.020566940307617188,12.312,28.78,95,6,10,1.21,831,0.004823493305593729,0.0003970474353991449,0.008761458098888397,1500,1500,1000,1500,1800,1000,1000,1800
1783917695.7442,4.9601,0.02061,48.51,249,112220,0.180,GUIDED,GUIDED,128,2.4800260066986084,0.0,10.0,0.5,0.0,0.0,nan,nan,nan,nan,nan,nan,nan,nan,nan,nan,0.1486975485029782,-0.023887820842272,-0.0006942386410371242,0,0,2.284987688064575,0.04709993675351143,10.004661560058594,0.5267548561096191,-0.013401521369814873,-0.0022905340883880854,0,-13,-1000,1,2,-2,0.015391695313155651,0.0023552789352834225,0.0015389365144073963,-0.0026536178775131702,63,3135,0.02054286003112793,12.312,28.78,95,6,10,1.21,831,0.003318316536024213,0.00040839274879544973,0.008738130331039429,1500,1500,1000,1500,1800,1000,1000,1800
1783917695.7639,4.9801,0.01973,50.67,250,112240,0.200,GUIDED,GUIDED,128,2.4900254011154175,0.0,10.0,0.5,0.0,0.0,nan,nan,nan,nan,nan,nan,nan,nan,nan,nan,0.14918951233060224,-0.024286889040480583,-0.0006549918482535617,0,0,2.2950384616851807,0.04727120324969292,10.004679679870605,0.5264411568641663,-0.013269999995827675,-0.0023236547131091356,0,-13,-1000,1,0,-2,0.015380708500742912,0.0023356005549430847,0.001554739661514759,-0.0026949988678097725,63,3135,0.019647836685180664,12.312,28.78,95,6,10,1.21,831,0.003318316536024213,0.00040839274879544973,0.008738130331039429,1500,1500,1000,1500,1800,1000,1000,1800
1783917695.7837,5.0001,0.01984,50.41,251,112240,0.220,GUIDED,GUIDED,128,2.5000252723693848,0.0,10.0,0.5,0.0,0.0,nan,nan,nan,nan,nan,nan,nan,nan,nan,nan,0.15918938358456952,-0.024286889040480583,-0.0006549918482535617,0,0,2.2950384616851807,0.04727120324969292,10.004679679870605,0.5264411568641663,-0.013269999995827675,-0.0023236547131091356,0,-13,-1000,1,0,-2,0.015372848138213158,0.0023505801800638437,0.001565788872539997,-0.0027281378861516714,63,3135,0.019647836685180664,12.312,28.78,95,6,10,1.21,831,0.003318316536024213,0.00040839274879544973,0.008738130331039429,1500,1500,1000,1500,1800,1000,1000,1800
1783917695.8040,5.0200,0.02029,49.28,252,112280,0.240,GUIDED,GUIDED,128,2.510022521018982,0.0,10.0,0.5,0.0,0.0,nan,nan,nan,nan,nan,nan,nan,nan,nan,nan,0.1493981615818677,-0.02431012772956217,-0.0005454031737168585,0,0,2.3154478073120117,0.04732440039515495,10.004669189453125,0.5260826945304871,-0.013287296518683434,-0.0023808691184967756,0,-13,-1000,1,0,-2,0.01536492444574833,0.0023198535200208426,0.0015691050793975592,-0.0028070276603102684,63,3135,0.02020740509033203,12.312,28.78,95,6,10,1.21,831,0.003318316536024213,0.00040839274879544973,0.008738130331039429,1500,1500,1000,1500,1800,1000,1000,1800
1783917695.8236,5.0401,0.01960,51.03,253,112280,0.260,GUIDED,GUIDED,128,2.520025134086609,0.0,10.0,0.5,0.0,0.0,nan,nan,nan,nan,nan,nan,nan,nan,nan,nan,0.15940077464949465,-0.02431012772956217,-0.0005454031737168585,0,0,2.3154478073120117,0.04732440039515495,10.004669189453125,0.5260826945304871,-0.013287296518683434,-0.0023808691184967756,0,-13,-1000,1,0,-2,0.015356892719864845,0.0023567769676446915,0.0015727916033938527,-0.0028723482973873615,63,3135,0.02020740509033203,12.312,28.78,95,6,10,1.21,831,0.003318316536024213,0.00040839274879544973,0.008738130331039429,1500,1500,1000,1500,1800,1000,1000,1800
1783917695.8441,5.0601,0.02052,48.74,254,112320,0.280,GUIDED,GUIDED,128,2.5300257205963135,0.0,10.0,0.5,0.0,0.0,nan,nan,nan,nan,nan,nan,nan,nan,nan,nan,0.14938083637489175,-0.024529758668871214,-0.000459519786806176,0,0,2.336198329925537,0.04744289815425873,10.004680633544922,0.5256612300872803,-0.013228907249867916,-0.0024370611645281315,0,-13,-1000,1,0,-2,0.01534887496381998,0.0023143307771533728,0.0015746052376925945,-0.002902371110394597,63,3135,0.0203857421875,12.312,28.78,95,6,10,1.21,831,0.003318316536024213,0.00039994585677050054,0.008738130331039429,1500,1500,1000,1500,1800,1000,1000,1800
1783917695.8636,5.0801,0.01945,51.41,255,112320,0.300,GUIDED,GUIDED,128,2.54002583026886,0.0,10.0,0.5,0.0,0.0,nan,nan,nan,nan,nan,nan,nan,nan,nan,nan,0.15938094604743813,-0.024529758668871214,-0.000459519786806176,0,0,2.336198329925537,0.04744289815425873,10.004680633544922,0.5256612300872803,-0.013228907249867916,-0.0024370611645281315,0,-13,-1000,1,0,-2,0.015360175631940365,0.0023558931425213814,0.0015672523295506835,-0.002999747870489955,63,3135,0.0203857421875,12.312,28.78,95,6,10,1.21,831,0.003318316536024213,0.00039994585677050054,0.008738130331039429,1500,1500,1000,1500,1800,1000,1000,1800
1783917695.8842,5.1001,0.02065,48.42,256,112360,0.320,GUIDED,GUIDED,128,2.550026535987854,0.0,10.0,0.5,0.0,0.0,nan,nan,nan,nan,nan,nan,nan,nan,nan,nan,0.14920326608346385,-0.02425590254584674,-0.0004246197387117595,0,0,2.3567686080932617,0.047326043248176575,10.004656791687012,0.5254349708557129,-0.013319551944732666,-0.0024434456136077642,0,-13,-1000,3,0,-2,0.01539045013487339,0.0023320212494581938,0.0015526080969721079,-0.002997454022988677,63,3135,0.020601272583007812,12.312,28.75,95,6,10,1.21,831,0.003318316536024213,0.00039994585677050054,0.008738130331039429,1500,1500,1000,1500,1800,1000,1000,1800
1783917695.9039,5.1201,0.01965,50.88,257,112380,0.340,GUIDED,GUIDED,128,2.5600250959396362,0.0,10.0,0.5,0.0,0.0,nan,nan,nan,nan,nan,nan,nan,nan,nan,nan,0.14890189160698697,-0.023898909622006744,-0.00031681076269492615,0,0,2.367140293121338,0.0471830777823925,10.004629135131836,0.525393545627594,-0.013443120755255222,-0.0024897216353565454,0,-13,-1000,3,2,-2,0.015420141629874706,0.002369691850617528,0.0015295989578589797,-0.003092586062848568,63,3135,0.019567489624023438,12.312,28.75,95,6,10,1.21,831,0.003318316536024213,0.00039994585677050054,0.008738130331039429,1500,1500,1000,1500,1800,1000,1000,1800
1783917695.9237,5.1401,0.01984,50.39,258,112380,0.360,GUIDED,GUIDED,128,2.57002592086792,0.0,10.0,0.5,0.0,0.0,nan,nan,nan,nan,nan,nan,nan,nan,nan,nan,0.15890271653527066,-0.023898909622006744,-0.00031681076269492615,0,0,2.367140293121338,0.0471830777823925,10.004629135131836,0.525393545627594,-0.013443120755255222,-0.0024897216353565454,0,-13,-1000,3,1,-2,0.015449234284460545,0.002353022340685129,0.0015004263259470463,-0.003215103643015027,63,3135,0.019567489624023438,12.312,28.75,95,6,10,1.21,831,0.003318316536024213,0.00039994585677050054,0.008738130331039429,1500,1500,1000,1500,1800,1000,1000,1800
1783917695.9442,5.1601,0.02043,48.95,259,112420,0.380,GUIDED,GUIDED,128,2.580026149749756,0.0,10.0,0.5,0.0,0.0,nan,nan,nan,nan,nan,nan,nan,nan,nan,nan,0.14950672631519984,-0.024219053138620338,-0.00043329997496064244,0,0,2.387321949005127,0.047346778213977814,10.00464916229248,0.5249400734901428,-0.01335279829800129,-0.002434029243886471,0,-13,-1001,1,1,-3,0.015439867973327637,0.002362005179747939,0.0014972700737416744,-0.003270515939220786,63,3135,0.020326614379882812,12.312,28.75,95,6,10,1.21,831,0.004986869171261787,0.0004081955994479358,0.008868969976902008,1500,1500,1000,1500,1800,1000,1000,1800
1783917695.9636,5.1800,0.01945,51.40,260,112420,0.400,GUIDED,GUIDED,128,2.590022563934326,0.0,10.0,0.5,0.0,0.0,nan,nan,nan,nan,nan,nan,nan,nan,nan,nan,0.15950314049977016,-0.024219053138620338,-0.00043329997496064244,0,0,2.387321949005127,0.047346778213977814,10.00464916229248,0.5249400734901428,-0.01335279829800129,-0.002434029243886471,0,-13,-1001,1,1,-3,0.015485822223126888,0.0023429396096616983,0.0015038088895380497,-0.0032700677402317524,63,3135,0.020326614379882812,12.312,28.75,95,6,10,1.21,831,0.004986869171261787,0.0004081955994479358,0.008868969976902008,1500,1500,1000,1500,1800,1000,1000,1800
1783917695.9843,5.2001,0.02068,48.35,261,112459,0.421,GUIDED,GUIDED,128,2.600026845932007,0.0,10.0,0.5,0.0,0.0,nan,nan,nan,nan,nan,nan,nan,nan,nan,nan,0.14992666455160636,-0.02439102119079802,-0.0006500084179656288,0,0,2.4075417518615723,0.04744121432304382,10.004643440246582,0.5245711207389832,-0.013308035209774971,-0.002305608941242099,0,-13,-1001,0,1,-2,0.015453648753464222,0.002358878031373024,0.0015086850617080927,-0.0030994315166026354,63,3135,0.020580768585205078,12.312,28.78,95,6,10,1.21,831,0.004986869171261787,0.0004081955994479358,0.008868969976902008,1500,1500,1000,1500,1800,1000,1000,1800
1783917696.0035,5.2201,0.01923,52.01,262,112459,0.440,GUIDED,GUIDED,128,2.610026240348816,0.0,10.0,0.5,0.0,0.0,nan,nan,nan,nan,nan,nan,nan,nan,nan,nan,0.15992605896841544,-0.02439102119079802,-0.0006500084179656288,0,0,2.4075417518615723,0.04744121432304382,10.004643440246582,0.5245711207389832,-0.013308035209774971,-0.002305608941242099,0,-13,-1001,0,1,-2,0.015453648753464222,0.002358878031373024,0.0015086850617080927,-0.0030994315166026354,63,3135,0.020580768585205078,12.312,28.78,95,6,10,1.21,831,0.004986869171261787,0.0004081955994479358,0.008868969976902008,1500,1500,1000,1500,1800,1000,1000,1800
1783917696.0242,5.2401,0.02063,48.47,263,112499,0.460,GUIDED,GUIDED,128,2.6200265884399414,0.0,10.0,0.5,0.0,0.0,nan,nan,nan,nan,nan,nan,nan,nan,nan,nan,0.150138815756951,-0.02442424505248108,-0.000746302847165843,0,0,2.427846670150757,0.04745647311210632,10.00464153289795,0.5242724418640137,-0.013297663070261478,-0.0022489121183753014,0,-13,-1001,1,0,-2,0.015460953116416931,0.002337459707632661,0.0015129161765798926,-0.002907141111791134,63,3135,0.020547151565551758,12.312,28.78,95,6,10,1.21,831,0.004986869171261787,0.0003994494618382305,0.008868969976902008,1500,1500,1000,1500,1800,1000,1000,1800
1783917696.0441,5.2601,0.01990,50.24,264,112519,0.480,GUIDED,GUIDED,128,2.630031108856201,0.0,10.0,0.5,0.0,0.0,nan,nan,nan,nan,nan,nan,nan,nan,nan,nan,0.15036167950394155,-0.024480075875232498,-0.0008057720931388306,0,0,2.437931537628174,0.047515686601400375,10.004652976989746,0.5240973830223083,-0.013299616053700447,-0.0022211847826838493,0,-13,-1001,1,2,-2,0.015474893152713776,0.002352596027776599,0.0015205382369458675,-0.0028233504854142666,63,3135,0.019763946533203125,12.312,28.78,95,6,10,1.21,831,0.004986869171261787,0.0003994494618382305,0.008868969976902008,1500,1500,1000,1500,1800,1000,1000,1800
1783917696.0638,5.2801,0.01977,50.58,265,112539,0.500,GUIDED,GUIDED,128,2.640028238296509,0.0,10.0,0.5,0.0,0.0,nan,nan,nan,nan,nan,nan,nan,nan,nan,nan,0.15011103523525127,-0.024206704389965222,-0.0007704606890059267,0,0,2.448225975036621,0.04739995673298836,10.004634857177734,0.5240704417228699,-0.01339063048362732,-0.002231110353022814,0,-13,-1000,2,0,-2,0.01548077818006277,0.002337216166779399,0.0015211758436635137,-0.0027787904255092144,63,3135,0.019763946533203125,12.312,28.78,95,6,10,1.21,831,0.004986869171261787,0.0003994494618382305,0.008868969976902008,1500,1500,1000,1500,1800,1000,1000,1800
1783917696.0840,5.3000,0.02012,49.69,266,112559,0.520,GUIDED,GUIDED,128,2.650007963180542,0.0,10.0,0.5,0.0,0.0,nan,nan,nan,nan,nan,nan,nan,nan,nan,nan,0.15024270678356746,-0.02424399375834357,-0.000616538333131602,0,0,2.458362579345703,0.047413039952516556,10.004636764526367,0.5239038467407227,-0.01337665505707264,-0.002321078674867749,0,-13,-1000,0,3,-2,0.015449692495167255,0.002367980545386672,0.0015160203911364079,-0.002732647815719247,63,3135,0.02003788948059082,12.312,28.78,95,6,10,1.21,831,0.004986869171261787,0.0003994494618382305,0.008868969976902008,1500,1500,1000,1500,1800,1000,1000,1800
1783917696.1036,5.3201,0.01968,50.82,267,112559,0.540,GUIDED,GUIDED,128,2.6600276231765747,0.0,10.0,0.5,0.0,0.0,nan,nan,nan,nan,nan,nan,nan,nan,nan,nan,0.16026236677960018,-0.02424399375834357,-0.000616538333131602,0,0,2.458362579345703,0.047413039952516556,10.004636764526367,0.5239038467407227,-0.01337665505707264,-0.002321078674867749,0,-13,-1000,0,3,-2,0.015422148630023003,0.002344367327168584,0.0015015571843832731,-0.0028071687556803226,63,3135,0.02003788948059082,12.312,28.78,95,6,10,1.21,831,0.004986869171261787,0.0003994494618382305,0.008868969976902008,1500,1500,1000,1500,1800,1000,1000,1800
1783917696.1241,5.3401,0.02045,48.91,268,112599,0.560,GUIDED,GUIDED,128,2.670027494430542,0.0,10.0,0.5,0.0,0.0,nan,nan,nan,nan,nan,nan,nan,nan,nan,nan,0.15011738853315684,-0.023833871899803603,-0.0004386702681402309,0,0,2.478858232498169,0.04724651202559471,10.004617691040039,0.5237013101577759,-0.013517294079065323,-0.002412758767604828,0,-13,-1000,0,2,-2,0.015395944006741047,0.0023718131706118584,0.0014826952246949077,-0.0028807392809540033,63,3135,0.020361661911010742,12.312,28.78,95,6,10,1.21,831,0.004986869171261787,0.00041144632268697023,0.008868969976902008,1500,1500,1000,1500,1800,1000,1000,1800
1783917696.1436,5.3601,0.01952,51.22,269,112599,0.580,GUIDED,GUIDED,128,2.6800320148468018,0.0,10.0,0.5,0.0,0.0,nan,nan,nan,nan,nan,nan,nan,nan,nan,nan,0.1601219089494166,-0.023833871899803603,-0.0004386702681402309,0,0,2.478858232498169,0.04724651202559471,10.004617691040039,0.5237013101577759,-0.013517294079065323,-0.002412758767604828,0,-13,-1000,0,2,-2,0.015376372262835503,0.0023441817611455917,0.001490641850978136,-0.0028493457939475775,63,3135,0.020361661911010742,12.312,28.78,95,6,10,1.21,831,0.004986869171261787,0.00041144632268697023,0.008868969976902008,1500,1500,1000,1500,1800,1000,1000,1800
1783917696.1642,5.3801,0.02059,48.58,270,112639,0.600,GUIDED,GUIDED,128,2.690029263496399,0.0,10.0,0.5,0.0,0.0,nan,nan,nan,nan,nan,nan,nan,nan,nan,nan,0.15088819733996223,-0.024160013941149874,-0.0005335646519900933,0,0,2.4988813400268555,0.047408245503902435,10.004619598388672,0.5232439637184143,-0.013422372750937939,-0.0023590726777911186,0,-13,-1001,1,2,-2,0.015377012081444263,0.0023670278023928404,0.0015080904122442007,-0.0028844447806477547,63,3135,0.02021932601928711,12.312,28.78,95,6,10,1.21,831,0.005264009814709425,0.00041144632268697023,0.008615860715508461,1500,1500,1000,1500,1800,1000,1000,1800
1783917696.1841,5.4001,0.01989,50.27,271,112659,0.620,GUIDED,GUIDED,128,2.7000309228897095,0.0,10.0,0.5,0.0,0.0,nan,nan,nan,nan,nan,nan,nan,nan,nan,nan,0.15148197286319395,-0.024474373978937387,-0.000626457762045984,0,0,2.5088016986846924,0.04755648225545883,10.004630088806152,0.5229480862617493,-0.013326461426913738,-0.002311497461050749,0,-13,-1001,1,0,-2,0.015376641415059566,0.0023382361978292465,0.0015205757226794958,-0.0028493786230683327,63,3135,0.019803285598754883,12.312,28.78,95,6,10,1.21,831,0.005264009814709425,0.00041144632268697023,0.008615860715508461,1500,1500,1000,1500,1800,1000,1000,1800
1783917696.2038,5.4201,0.01965,50.88,272,112659,0.640,GUIDED,GUIDED,128,2.710028886795044,0.0,10.0,0.5,0.0,0.0,nan,nan,nan,nan,nan,nan,nan,nan,nan,nan,0.16147993676852843,-0.024474373978937387,-0.000626457762045984,0,0,2.5088016986846924,0.04755648225545883,10.004630088806152,0.5229480862617493,-0.013326461426913738,-0.002311497461050749,0,-13,-1001,1,0,-2,0.015403504483401775,0.002375833922997117,0.0015295791672542691,-0.0027976445853710175,63,3135,0.019803285598754883,12.312,28.78,95,6,10,1.21,831,0.005264009814709425,0.00041144632268697023,0.008615860715508461,1500,1500,1000,1500,1800,1000,1000,1800
1783917696.2241,5.4401,0.02032,49.21,273,112699,0.660,GUIDED,GUIDED,128,2.7200307846069336,0.0,10.0,0.5,0.0,0.0,nan,nan,nan,nan,nan,nan,nan,nan,nan,nan,0.15184372591126089,-0.024431084003085128,-0.0005783971357575194,0,0,2.5289864540100098,0.04757877439260483,10.004624366760254,0.5226324796676636,-0.013364325277507305,-0.0023359416518360376,0,-13,-1000,1,0,-2,0.015393154695630074,0.002340514212846756,0.0015346254222095013,-0.0028335668612271547,63,3135,0.020237207412719727,12.312,28.78,95,6,10,1.21,831,0.005264009814709425,0.0004031028365716338,0.008615860715508461,1500,1500,1000,1500,1800,1000,1000,1800
1783917696.2436,5.4601,0.01953,51.20,274,112699,0.680,GUIDED,GUIDED,128,2.7300280332565308,0.0,10.0,0.5,0.0,0.0,nan,nan,nan,nan,nan,nan,nan,nan,nan,nan,0.16184097456085805,-0.024431084003085128,-0.0005783971357575194,0,0,2.5289864540100098,0.04757877439260483,10.004624366760254,0.5226324796676636,-0.013364325277507305,-0.0023359416518360376,0,-13,-1000,1,0,-2,0.015432516112923622,0.0023835001047700644,0.0015444927848875523,-0.0027639996260404587,63,3135,0.020237207412719727,12.312,28.78,95,6,10,1.21,831,0.005264009814709425,0.0004031028365716338,0.008615860715508461,1500,1500,1000,1500,1800,1000,1000,1800
1783917696.2643,5.4801,0.02066,48.40,275,112739,0.700,GUIDED,GUIDED,128,2.740031361579895,0.0,10.0,0.5,0.0,0.0,nan,nan,nan,nan,nan,nan,nan,nan,nan,nan,0.15204492546546713,-0.024260168078784162,-0.00048767949803745544,0,0,2.5492498874664307,0.047527626156806946,10.004611015319824,0.5223645567893982,-0.01343347318470478,-0.0023806090466678143,0,-13,-1000,3,0,-2,0.01545974612236023,0.002346346154808998,0.0015445207245647907,-0.0028244866989552975,63,3135,0.02057623863220215,12.312,28.78,95,6,10,1.21,831,0.005264009814709425,0.0004031028365716338,0.008615860715508461,1500,1500,1000,1500,1800,1000,1000,1800
1783917696.2836,5.5001,0.01933,51.73,276,112739,0.720,GUIDED,GUIDED,128,2.750030755996704,0.0,10.0,0.5,0.0,0.0,nan,nan,nan,nan,nan,nan,nan,nan,nan,nan,0.16204431988227622,-0.024260168078784162,-0.00048767949803745544,0,0,2.5492498874664307,0.047527626156806946,10.004611015319824,0.5223645567893982,-0.01343347318470478,-0.0023806090466678143,0,-13,-1000,3,0,-2,0.015484480187296867,0.0023912217002362013,0.0015369595494121313,-0.002878658240661025,63,3135,0.02057623863220215,12.312,28.78,95,6,10,1.21,831,0.005264009814709425,0.0004031028365716338,0.008615860715508461,1500,1500,1000,1500,1800,1000,1000,1800
1783917696.3043,5.5201,0.02071,48.28,277,112779,0.740,GUIDED,GUIDED,128,2.760028839111328,0.0,10.0,0.5,0.0,0.0,nan,nan,nan,nan,nan,nan,nan,nan,nan,nan,0.15195694916852187,-0.023985080087568677,-0.0002683208312539605,0,0,2.5695927143096924,0.04740713909268379,10.004582405090332,0.5222159624099731,-0.013522732071578503,-0.002490737708285451,0,-13,-1000,2,0,-2,0.015508671291172504,0.0023569657932966948,0.0015218699118122458,-0.0028681079857051373,63,3135,0.020629167556762695,12.312,28.75,95,6,10,1.21,831,0.005264009814709425,0.0004031028365716338,0.008615860715508461,1500,1500,1000,1500,1800,1000,1000,1800
1783917696.3240,5.5401,0.01965,50.90,278,112799,0.760,GUIDED,GUIDED,128,2.7700275182724,0.0,10.0,0.5,0.0,0.0,nan,nan,nan,nan,nan,nan,nan,nan,nan,nan,0.1520742969702246,-0.023914488622644274,-0.00029240021213689654,0,0,2.5797126293182373,0.047382403165102005,10.004584312438965,0.5220782160758972,-0.013549206778407097,-0.002477936679497361,0,-13,-1001,3,2,-2,0.015545833855867386,0.002395031740888953,0.0015015751123428345,-0.0029383774381130934,63,3135,0.019545555114746094,12.312,28.75,95,6,10,1.21,831,0.005264009814709425,0.0004146149440202862,0.008615860715508461,1500,1500,1000,1500,1800,1000,1000,1800
1783917696.3438,5.5601,0.01982,50.46,279,112799,0.780,GUIDED,GUIDED,128,2.7800302505493164,0.0,10.0,0.5,0.0,0.0,nan,nan,nan,nan,nan,nan,nan,nan,nan,nan,0.1620770292471411,-0.023914488622644274,-0.00029240021213689654,0,0,2.5797126293182373,0.047382403165102005,10.004584312438965,0.5220782160758972,-0.013549206778407097,-0.002477936679497361,0,-13,-1001,3,0,-2,0.015584655106067657,0.0023648275528103113,0.001507831853814423,-0.0029273012187331915,63,3135,0.019545555114746094,12.312,28.75,95,6,10,1.21,831,0.005264009814709425,0.0004146149440202862,0.008615860715508461,1500,1500,1000,1500,1800,1000,1000,1800
1783917696.3640,5.5801,0.02023,49.43,280,112839,0.800,GUIDED,GUIDED,128,2.790025472640991,0.0,10.0,0.5,0.0,0.0,nan,nan,nan,nan,nan,nan,nan,nan,nan,nan,0.15282984518859477,-0.02424743595728053,-0.0003406932104703317,0,0,2.599620819091797,0.047545988112688065,10.004583358764648,0.5216938257217407,-0.013451425358653069,-0.0024495040997862816,0,-13,-1001,2,2,-2,0.015591876581311226,0.002386145992204547,0.0015235807513818145,-0.0029558215755969286,63,3135,0.020143508911132812,12.312,28.75,95,6,10,1.21,831,0.005458320956677198,0.0004146149440202862,0.008682441897690296,1500,1500,1000,1500,1800,1000,1000,1800
1783917696.3836,5.6000,0.01959,51.04,281,112839,0.820,GUIDED,GUIDED,128,2.8000247478485107,0.0,10.0,0.5,0.0,0.0,nan,nan,nan,nan,nan,nan,nan,nan,nan,nan,0.1628291203961143,-0.02424743595728053,-0.0003406932104703317,0,0,2.599620819091797,0.047545988112688065,10.004583358764648,0.5216938257217407,-0.013451425358653069,-0.0024495040997862816,0,-13,-1001,2,2,-2,0.01564333774149418,0.0023556160740554333,0.0015350020257756114,-0.0028768102638423443,63,3135,0.020143508911132812,12.312,28.75,95,6,10,1.21,831,0.005458320956677198,0.0004146149440202862,0.008682441897690296,1500,1500,1000,1500,1800,1000,1000,1800
1783917696.4041,5.6201,0.02055,48.67,282,112879,0.840,GUIDED,GUIDED,128,2.8100274801254272,0.0,10.0,0.5,0.0,0.0,nan,nan,nan,nan,nan,nan,nan,nan,nan,nan,0.1532893706587604,-0.02433775939933,-0.0003698316482562327,0,0,2.6196389198303223,0.04762229695916176,10.004569053649902,0.5214192271232605,-0.01344333402812481,-0.002424421953037381,0,-13,-1001,2,2,-2,0.015647031366825104,0.002378895878791809,0.0015423084842041135,-0.002872503362596035,63,3135,0.0204620361328125,12.312,28.75,95,6,10,1.21,831,0.005458320956677198,0.0004146149440202862,0.008682441897690296,1500,1500,1000,1500,1800,1000,1000,1800
1783917696.4235,5.6400,0.01940,51.55,283,112879,0.860,GUIDED,GUIDED,128,2.820024251937866,0.0,10.0,0.5,0.0,0.0,nan,nan,nan,nan,nan,nan,nan,nan,nan,nan,0.16328614247119935,-0.02433775939933,-0.0003698316482562327,0,0,2.6196389198303223,0.04762229695916176,10.004569053649902,0.5214192271232605,-0.01344333402812481,-0.002424421953037381,0,-13,-1001,2,2,-2,0.015647031366825104,0.002378895878791809,0.0015423084842041135,-0.002872503362596035,63,3135,0.0204620361328125,12.312,28.75,95,6,10,1.21,831,0.005458320956677198,0.0004146149440202862,0.008682441897690296,1500,1500,1000,1500,1800,1000,1000,1800
1783917696.4442,5.6601,0.02064,48.44,284,112919,0.880,GUIDED,GUIDED,128,2.830025553703308,0.0,10.0,0.5,0.0,0.0,nan,nan,nan,nan,nan,nan,nan,nan,nan,nan,0.15395260453227141,-0.024613771331775346,-0.0005852427468469295,0,0,2.6395304203033447,0.04778287559747696,10.00459098815918,0.5210978388786316,-0.013376688584685326,-0.002312718192115426,0,-13,-1001,2,0,-2,0.015715010464191437,0.0023619167041033506,0.0015548461815342307,-0.0027822840493172407,63,3135,0.02055811882019043,12.312,28.75,95,6,10,1.21,831,0.005458320956677198,0.0004066159308422357,0.008682441897690296,1500,1500,1000,1500,1800,1000,1000,1800
1783917696.4639,5.6801,0.01976,50.61,285,112939,0.900,GUIDED,GUIDED,128,2.8400256633758545,0.0,10.0,0.5,0.0,0.0,nan,nan,nan,nan,nan,nan,nan,nan,nan,nan,0.15373356235664,-0.024297694846387594,-0.0006283603080962557,0,0,2.649737596511841,0.04766853153705597,10.004570960998535,0.5211047530174255,-0.013493158854544163,-0.002276261569932103,0,-13,-1001,3,2,-2,0.01576562598347664,0.0023600466083735228,0.0015554568963125348,-0.0027872594073414803,63,3135,0.019665002822875977,12.312,28.75,95,6,10,1.21,831,0.005458320956677198,0.0004066159308422357,0.008682441897690296,1500,1500,1000,1500,1800,1000,1000,1800
1783917696.4839,5.7000,0.01999,50.03,286,112960,0.920,GUIDED,GUIDED,128,2.8500239849090576,0.0,10.0,0.5,0.0,0.0,nan,nan,nan,nan,nan,nan,nan,nan,nan,nan,0.1534168027548257,-0.02433109027277921,-0.000652137776148266,0,0,2.660198450088501,0.04767366871237755,10.004570960998535,0.5210205912590027,-0.013476843945682049,-0.0022625336423516273,0,-13,-1000,4,1,-2,0.01581544801592827,0.002364052925258875,0.0015468799974769354,-0.0027590193785727024,63,3135,0.01992630958557129,12.312,28.75,95,6,10,1.21,831,0.005458320956677198,0.0004066159308422357,0.008682441897690296,1500,1500,1000,1500,1800,1000,1000,1800
1783917696.5040,5.7200,0.02004,49.90,287,112980,0.940,GUIDED,GUIDED,128,2.8600224256515503,0.0,10.0,0.5,0.0,0.0,nan,nan,nan,nan,nan,nan,nan,nan,nan,nan,0.15342134269852709,-0.024274276953298052,-0.0005092086133765758,0,0,2.670264720916748,0.04766007512807846,10.004573822021484,0.5209788084030151,-0.013501796871423721,-0.0023467056453227997,0,-13,-1000,2,2,-2,0.015838447958230972,0.0023687765933573246,0.0015340768732130527,-0.0027360524982213974,63,3135,0.01993727684020996,12.312,28.75,95,6,10,1.21,831,0.005458320956677198,0.00041912251617759466,0.008682441897690296,1500,1500,1000,1500,1800,1000,1000,1800
1783917696.5236,5.7400,0.01967,50.83,288,112980,0.960,GUIDED,GUIDED,128,2.8700220584869385,0.0,10.0,0.5,0.0,0.0,nan,nan,nan,nan,nan,nan,nan,nan,nan,nan,0.16342097553391527,-0.024274276953298052,-0.0005092086133765758,0,0,2.670264720916748,0.04766007512807846,10.004573822021484,0.5209788084030151,-0.013501796871423721,-0.0023467056453227997,0,-13,-1000,2,2,-2,0.015860771760344505,0.002359705977141857,0.0015151953557506204,-0.0028273118659853935,63,3135,0.01993727684020996,12.312,28.75,95,6,10,1.21,831,0.005458320956677198,0.00041912251617759466,0.008682441897690296,1500,1500,1000,1500,1800,1000,1000,1800
1783917696.5442,5.7601,0.02057,48.61,289,113020,0.980,GUIDED,GUIDED,128,2.8800251483917236,0.0,10.0,0.5,0.0,0.0,nan,nan,nan,nan,nan,nan,nan,nan,nan,nan,0.15368071262263472,-0.024399661064354487,-0.0002811854598041936,0,0,2.69026255607605,0.04771573469042778,10.004569053649902,0.5208318829536438,-0.013461541384458542,-0.0024756018538028,0,-13,-1000,2,2,-2,0.015876511111855507,0.00237578758969903,0.0015269643627107143,-0.0028898995369672775,63,3135,0.02046656608581543,12.312,28.75,95,6,10,1.21,831,0.005547119304537773,0.00041912251617759466,0.008573852479457855,1500,1500,1000,1500,1800,1000,1000,1800
1783917696.5637,5.7800,0.01946,51.40,290,113020,0.000,GUIDED,GUIDED,128,2.890022873878479,0.0,10.0,0.5,0.0,0.0,nan,nan,nan,nan,nan,nan,nan,nan,nan,nan,0.1636784381093901,-0.024399661064354487,-0.0002811854598041936,0,0,2.69026255607605,0.04771573469042778,10.004569053649902,0.5208318829536438,-0.013461541384458542,-0.0024756018538028,0,-13,-1000,2,2,-2,0.01589200831949711,0.0023627704940736294,0.0015408721519634128,-0.0029777339659631252,63,3135,0.02046656608581543,12.312,28.75,95,6,10,1.21,831,0.005547119304537773,0.00041912251617759466,0.008573852479457855,1500,1500,1000,1500,1800,1000,1000,1800
1783917696.5841,5.8000,0.02046,48.88,291,113060,0.021,GUIDED,GUIDED,128,2.900023937225342,0.0,10.0,0.5,0.0,0.0,nan,nan,nan,nan,nan,nan,nan,nan,nan,nan,0.15409626006442745,-0.024569801777984537,-0.00026535689770941246,0,0,2.7101895809173584,0.04781678318977356,10.004558563232422,0.5206333994865417,-0.013421650975942612,-0.0024786838330328465,0,-13,-1001,2,3,-2,0.015907976776361465,0.0023853834718465805,0.0015489048091694713,-0.0030255706515163183,63,3135,0.020375490188598633,12.312,28.78,95,6,10,1.21,831,0.005547119304537773,0.00041912251617759466,0.008573852479457855,1500,1500,1000,1500,1800,1000,1000,1800
1783917696.6035,5.8201,0.01939,51.57,292,113060,0.040,GUIDED,GUIDED,128,2.910028576850891,0.0,10.0,0.5,0.0,0.0,nan,nan,nan,nan,nan,nan,nan,nan,nan,nan,0.16410089968997676,-0.024569801777984537,-0.00026535689770941246,0,0,2.7101895809173584,0.04781678318977356,10.004558563232422,0.5206333994865417,-0.013421650975942612,-0.0024786838330328465,0,-13,-1001,2,3,-2,0.015907976776361465,0.0023853834718465805,0.0015489048091694713,-0.0030255706515163183,63,3135,0.020375490188598633,12.312,28.78,95,6,10,1.21,831,0.005547119304537773,0.00041912251617759466,0.008573852479457855,1500,1500,1000,1500,1800,1000,1000,1800
1783917696.6241,5.8400,0.02062,48.51,293,113080,0.061,GUIDED,GUIDED,128,2.920004367828369,0.0,10.0,0.5,0.0,0.0,nan,nan,nan,nan,nan,nan,nan,nan,nan,nan,0.16447544908865439,-0.024779541900102547,-0.00034573250692258254,0,0,2.7200675010681152,0.04792717099189758,10.00456714630127,0.5204736590385437,-0.01336428988724947,-0.00243723439052701,0,-13,-1000,2,3,-3,0.01593850925564766,0.002408525673672557,0.0015451081562787294,-0.0033184317871928215,63,3135,0.020276784896850586,12.312,28.78,95,6,10,1.21,831,0.005547119304537773,0.0004100975056644529,0.008573852479457855,1500,1500,1000,1500,1800,1000,1000,1800
1783917696.6440,5.8601,0.01982,50.45,294,113120,0.080,GUIDED,GUIDED,128,2.9300252199172974,0.0,10.0,0.5,0.0,0.0,nan,nan,nan,nan,nan,nan,nan,nan,nan,nan,0.15449504224044627,-0.024636865814595683,-0.00041943828351130325,0,0,2.7401633262634277,0.047899436205625534,10.004554748535156,0.5204190611839294,-0.013430651277303696,-0.0023875224869698286,0,-13,-1001,2,1,-3,0.01595248281955719,0.0023915304336696863,0.0015398034593090415,-0.0033401325345039368,63,3135,0.019736289978027344,12.312,28.78,95,6,10,1.21,831,0.005547119304537773,0.0004100975056644529,0.008573852479457855,1500,1500,1000,1500,1800,1000,1000,1800
1783917696.6636,5.8800,0.01967,50.83,295,113120,0.100,GUIDED,GUIDED,128,2.940024971961975,0.0,10.0,0.5,0.0,0.0,nan,nan,nan,nan,nan,nan,nan,nan,nan,nan,0.164494794285124,-0.024636865814595683,-0.00041943828351130325,0,0,2.7401633262634277,0.047899436205625534,10.004554748535156,0.5204190611839294,-0.013430651277303696,-0.0023875224869698286,0,-13,-1001,2,1,-3,0.015966597944498062,0.0024185481015592813,0.001525041414424777,-0.003463580971583724,63,3135,0.019736289978027344,12.312,28.78,95,6,10,1.21,831,0.005547119304537773,0.0004100975056644529,0.008573852479457855,1500,1500,1000,1500,1800,1000,1000,1800
1783917696.6841,5.9000,0.02050,48.77,296,113160,0.121,GUIDED,GUIDED,128,2.950024366378784,0.0,10.0,0.5,0.0,0.0,nan,nan,nan,nan,nan,nan,nan,nan,nan,nan,0.15428152022083663,-0.024234840050174154,-0.000331474569583207,0,0,2.760357618331909,0.04779590293765068,10.004530906677246,0.5204296708106995,-0.013602986000478268,-0.002424543257802725,0,-13,-1000,2,0,-3,0.01598195731639862,0.0024007640313357115,0.001500736572779715,-0.0035617402754724026,63,3135,0.020415067672729492,12.312,28.75,95,6,10,1.21,831,0.005547119304537773,0.0004100975056644529,0.008573852479457855,1500,1500,1000,1500,1800,1000,1000,1800
1783917696.7035,5.9200,0.01940,51.55,297,113160,0.140,GUIDED,GUIDED,128,2.960021495819092,0.0,10.0,0.5,0.0,0.0,nan,nan,nan,nan,nan,nan,nan,nan,nan,nan,0.16427864966114425,-0.024234840050174154,-0.000331474569583207,0,0,2.760357618331909,0.04779590293765068,10.004530906677246,0.5204296708106995,-0.013602986000478268,-0.002424543257802725,0,-13,-1000,2,0,-3,0.015998220071196556,0.002440521027892828,0.0014717408921569586,-0.003508863737806678,63,3135,0.020415067672729492,12.312,28.75,95,6,10,1.21,831,0.005547119304537773,0.0004100975056644529,0.008573852479457855,1500,1500,1000,1500,1800,1000,1000,1800
1783917696.7241,5.9400,0.02061,48.52,298,113200,0.161,GUIDED,GUIDED,128,2.970021367073059,0.0,10.0,0.5,0.0,0.0,nan,nan,nan,nan,nan,nan,nan,nan,nan,nan,0.15385143591695008,-0.02377489833307723,-0.0001705401728911357,0,0,2.7806358337402344,0.04762609302997589,10.004498481750488,0.5205156207084656,-0.013770493678748608,-0.002498738234862685,0,-13,-1000,2,0,-3,0.016013000160455704,0.002411582274362445,0.0014368786942213774,-0.0035882547963410616,63,3135,0.02052760124206543,12.312,28.75,95,6,10,1.21,831,0.005547119304537773,0.00021345267305150628,0.008573852479457855,1500,1500,1000,1500,1800,1000,1000,1800
1783917696.7435,5.9601,0.01936,51.66,299,113200,0.180,GUIDED,GUIDED,128,2.980025291442871,0.0,10.0,0.5,0.0,0.0,nan,nan,nan,nan,nan,nan,nan,nan,nan,nan,0.1638553602867621,-0.02377489833307723,-0.0001705401728911357,0,0,2.7806358337402344,0.04762609302997589,10.004498481750488,0.5205156207084656,-0.013770493678748608,-0.002498738234862685,0,-13,-1000,2,0,-3,0.016013000160455704,0.002411582274362445,0.0014368786942213774,-0.0035882547963410616,63,3135,0.02052760124206543,12.312,28.75,95,6,10,1.21,831,0.005547119304537773,0.00021345267305150628,0.008573852479457855,1500,1500,1000,1500,1800,1000,1000,1800
1783917696.7642,5.9800,0.02068,48.35,300,113240,0.201,GUIDED,GUIDED,128,2.990024447441101,0.0,10.0,0.5,0.0,0.0,nan,nan,nan,nan,nan,nan,nan,nan,nan,nan,0.1549752325652463,-0.024615069731036655,-0.00028247972812903317,0,0,2.8001554012298584,0.048008907586336136,10.004511833190918,0.5201459527015686,-0.013506438583135605,-0.0024418183602392673,0,-13,-1001,2,0,-3,0.016037458553910255,0.0024204570800065994,0.001444229856133461,-0.0034948913380503654,63,3135,0.020310640335083008,12.312,28.75,95,6,10,1.21,831,0.005373487249016762,0.00021345267305150628,0.008899344131350517,1500,1500,1000,1500,1800,1000,1000,1800
1783917696.7839,6.0001,0.01974,50.66,301,113260,0.220,GUIDED,GUIDED,128,3.000025153160095,0.0,10.0,0.5,0.0,0.0,nan,nan,nan,nan,nan,nan,nan,nan,nan,nan,0.1547958718911701,-0.02443017024688329,-0.00043072188701262677,0,0,2.8102688789367676,0.047944698482751846,10.004488945007324,0.5201843976974487,-0.01357611920684576,-0.0023430162109434605,0,-13,-1001,2,3,-3,0.01606622338294983,0.002462242729961872,0.001445562462322414,-0.0033410240430384874,63,3135,0.019651412963867188,12.312,28.78,94,6,10,1.21,831,0.005373487249016762,0.00021345267305150628,0.008899344131350517,1500,1500,1000,1500,1800,1000,1000,1800
1783917696.8036,6.0201,0.01969,50.78,302,113260,0.240,GUIDED,GUIDED,128,3.0100255012512207,0.0,10.0,0.5,0.0,0.0,nan,nan,nan,nan,nan,nan,nan,nan,nan,nan,0.1647962199822956,-0.02443017024688329,-0.00043072188701262677,0,0,2.8102688789367676,0.047944698482751846,10.004488945007324,0.5201843976974487,-0.01357611920684576,-0.0023430162109434605,0,-13,-1001,2,3,-3,0.016109202057123184,0.0024334536865353584,0.0014435048215091228,-0.0032451844308525324,63,3135,0.019651412963867188,12.312,28.78,94,6,10,1.21,831,0.005373487249016762,0.00021345267305150628,0.008899344131350517,1500,1500,1000,1500,1800,1000,1000,1800
1783917696.8241,6.0400,0.02047,48.85,303,113300,0.261,GUIDED,GUIDED,128,3.020022749900818,0.0,10.0,0.5,0.0,0.0,nan,nan,nan,nan,nan,nan,nan,nan,nan,nan,0.15486480876659006,-0.024383127556275266,-0.0005071961751618951,0,0,2.8302805423736572,0.04796980321407318,10.004465103149414,0.5201364755630493,-0.013617773540318012,-0.0022850986570119858,0,-13,-1000,0,2,-2,0.016080128028988838,0.002462338889017701,0.0014445723500102758,-0.0030952845700085163,63,3135,0.020386219024658203,12.312,28.78,94,6,10,1.21,831,0.005373487249016762,0.00021345267305150628,0.008899344131350517,1500,1500,1000,1500,1800,1000,1000,1800
1783917696.8436,6.0600,0.01952,51.23,304,113300,0.280,GUIDED,GUIDED,128,3.0300240516662598,0.0,10.0,0.5,0.0,0.0,nan,nan,nan,nan,nan,nan,nan,nan,nan,nan,0.16486611053203196,-0.024383127556275266,-0.0005071961751618951,0,0,2.8302805423736572,0.04796980321407318,10.004465103149414,0.5201364755630493,-0.013617773540318012,-0.0022850986570119858,0,-13,-1000,0,2,-2,0.01612803339958191,0.002430593827739358,0.0014459529193118215,-0.002984036225825548,63,3135,0.020386219024658203,12.312,28.78,94,6,10,1.21,831,0.005373487249016762,0.00021345267305150628,0.008899344131350517,1500,1500,1000,1500,1800,1000,1000,1800
1783917696.8642,6.0801,0.02059,48.56,305,113340,0.301,GUIDED,GUIDED,128,3.040025472640991,0.0,10.0,0.5,0.0,0.0,nan,nan,nan,nan,nan,nan,nan,nan,nan,nan,0.1551059766097339,-0.02455648361514228,-0.0005317348479069476,0,0,2.850182294845581,0.04807195067405701,10.004456520080566,0.5200555324554443,-0.013576661236584187,-0.002265975810587406,0,-13,-1000,0,1,-2,0.01609315164387226,0.0024485818576067686,0.0014428512658923864,-0.0028849125374108553,63,3135,0.02044057846069336,12.312,28.78,94,6,10,1.21,831,0.005373487249016762,0.00021609582472592592,0.008899344131350517,1500,1500,1000,1500,1800,1000,1000,1800
1783917696.8836,6.1001,0.01935,51.69,306,113340,0.320,GUIDED,GUIDED,128,3.0500258207321167,0.0,10.0,0.5,0.0,0.0,nan,nan,nan,nan,nan,nan,nan,nan,nan,nan,0.1651063247008594,-0.02455648361514228,-0.0005317348479069476,0,0,2.850182294845581,0.04807195067405701,10.004456520080566,0.5200555324554443,-0.013576661236584187,-0.002265975810587406,0,-13,-1000,0,1,-2,0.01609315164387226,0.0024485818576067686,0.0014428512658923864,-0.0028849125374108553,63,3135,0.02044057846069336,12.312,28.78,94,6,10,1.21,831,0.005373487249016762,0.00021609582472592592,0.008899344131350517,1500,1500,1000,1500,1800,1000,1000,1800
1783917696.9043,6.1201,0.02077,48.15,307,113380,0.341,GUIDED,GUIDED,128,3.0600298643112183,0.0,10.0,0.5,0.0,0.0,nan,nan,nan,nan,nan,nan,nan,nan,nan,nan,0.15464350476927022,-0.02414682450188433,-0.0005487956817376762,0,0,2.870417594909668,0.04793112725019455,10.004419326782227,0.5201892256736755,-0.013731873594224453,-0.0022346521727740765,0,-13,-1001,1,0,-2,0.01612120121717453,0.0024168966338038445,0.0014218592550605536,-0.002595993224531412,63,3135,0.020339488983154297,12.312,28.78,94,6,10,1.21,831,0.005373487249016762,0.00021609582472592592,0.008899344131350517,1500,1500,1000,1500,1800,1000,1000,1800
1783917696.9239,6.1401,0.01961,51.01,308,113400,0.360,GUIDED,GUIDED,128,3.0700268745422363,0.0,10.0,0.5,0.0,0.0,nan,nan,nan,nan,nan,nan,nan,nan,nan,nan,0.15415608862091934,-0.023760697317953914,-0.0005646227430426672,0,0,2.880645990371704,0.0477791428565979,10.004389762878418,0.5203370451927185,-0.013867055997252464,-0.0022084456868469715,0,-13,-1001,1,2,-2,0.01613130420446396,0.002437446266412735,0.001406408380717039,-0.0025992821902036667,63,3135,0.019520044326782227,12.312,28.78,94,6,10,1.21,831,0.005373487249016762,0.00021609582472592592,0.008899344131350517,1500,1500,1000,1500,1800,1000,1000,1800
1783917696.9437,6.1601,0.01976,50.60,309,113400,0.380,GUIDED,GUIDED,128,3.080026149749756,0.0,10.0,0.5,0.0,0.0,nan,nan,nan,nan,nan,nan,nan,nan,nan,nan,0.16415536382843887,-0.023760697317953914,-0.0005646227430426672,0,0,2.880645990371704,0.0477791428565979,10.004389762878418,0.5203370451927185,-0.013867055997252464,-0.0022084456868469715,0,-13,-1001,1,2,-2,0.016161726787686348,0.00240523018874228,0.0014268396189436316,-0.002468343125656247,63,3135,0.019520044326782227,12.312,28.78,94,6,10,1.21,831,0.005373487249016762,0.00021609582472592592,0.008899344131350517,1500,1500,1000,1500,1800,1000,1000,1800
1783917696.9643,6.1801,0.02056,48.63,310,113440,0.401,GUIDED,GUIDED,128,3.090031147003174,0.0,10.0,0.5,0.0,0.0,nan,nan,nan,nan,nan,nan,nan,nan,nan,nan,0.15491081114187752,-0.024571727059269417,-0.0004840764306956293,0,0,2.9003562927246094,0.048167090862989426,10.004399299621582,0.5200710296630859,-0.013622789643704891,-0.0022604551631957293,0,-13,-1000,0,3,-2,0.01611160859465599,0.0024316352792084217,0.0014485139399766922,-0.002421538345515728,63,3135,0.020457744598388672,12.312,28.78,94,6,10,1.21,831,0.0030294402968138456,0.00022649310994893312,0.008808453567326069,1500,1500,1000,1500,1800,1000,1000,1800
1783917696.9836,6.2001,0.01934,51.69,311,113440,0.420,GUIDED,GUIDED,128,3.100029706954956,0.0,10.0,0.5,0.0,0.0,nan,nan,nan,nan,nan,nan,nan,nan,nan,nan,0.16490937109365975,-0.024571727059269417,-0.0004840764306956293,0,0,2.9003562927246094,0.048167090862989426,10.004399299621582,0.5200710296630859,-0.013622789643704891,-0.0022604551631957293,0,-13,-1000,0,3,-2,0.016108015552163124,0.002391370479017496,0.0014624776085838675,-0.0024580545723438263,63,3135,0.020457744598388672,12.312,28.78,94,6,10,1.21,831,0.0030294402968138456,0.00022649310994893312,0.008808453567326069,1500,1500,1000,1500,1800,1000,1000,1800
1783917697.0041,6.2201,0.02055,48.66,312,113480,0.441,GUIDED,GUIDED,128,3.1100258827209473,0.0,10.0,0.5,0.0,0.0,nan,nan,nan,nan,nan,nan,nan,nan,nan,nan,0.15477089719364173,-0.024639680974471133,-0.0003368378330616175,0,0,2.920461416244507,0.048219650983810425,10.004369735717773,0.5200880765914917,-0.013613902032375336,-0.002328394679352641,0,-13,-1000,2,2,-2,0.016115810722112656,0.002414509654045105,0.0014737362507730722,-0.002428183564916253,63,3135,0.020464181900024414,12.312,28.78,94,6,10,1.21,831,0.0030294402968138456,0.00022649310994893312,0.008808453567326069,1500,1500,1000,1500,1800,1000,1000,1800
1783917697.0235,6.2401,0.01935,51.67,313,113480,0.460,GUIDED,GUIDED,128,3.1200259923934937,0.0,10.0,0.5,0.0,0.0,nan,nan,nan,nan,nan,nan,nan,nan,nan,nan,0.16477100686618812,-0.024639680974471133,-0.0003368378330616175,0,0,2.920461416244507,0.048219650983810425,10.004369735717773,0.5200880765914917,-0.013613902032375336,-0.002328394679352641,0,-13,-1000,2,2,-2,0.016115810722112656,0.002414509654045105,0.0014737362507730722,-0.002428183564916253,63,3135,0.020464181900024414,12.312,28.78,94,6,10,1.21,831,0.0030294402968138456,0.00022649310994893312,0.008808453567326069,1500,1500,1000,1500,1800,1000,1000,1800
1783917697.0442,6.2600,0.02068,48.35,314,113520,0.481,GUIDED,GUIDED,128,3.1300246715545654,0.0,10.0,0.5,0.0,0.0,nan,nan,nan,nan,nan,nan,nan,nan,nan,nan,0.15444985109982712,-0.024529740841763865,-0.0001268221921969506,0,0,2.9406518936157227,0.048198945820331573,10.0043306350708,0.5201627612113953,-0.01366542186588049,-0.002427072497084737,0,-13,-1000,2,3,-2,0.016129693016409874,0.002403584308922291,0.0014883942203596234,-0.002573143457993865,63,3135,0.02060222625732422,12.312,28.78,94,6,10,1.21,831,0.0030294402968138456,0.00022573600290343165,0.008808453567326069,1500,1500,1000,1500,1800,1000,1000,1800
1783917697.0640,6.2800,0.01977,50.59,315,113540,0.500,GUIDED,GUIDED,128,3.1400225162506104,0.0,10.0,0.5,0.0,0.0,nan,nan,nan,nan,nan,nan,nan,nan,nan,nan,0.15441401754889184,-0.02456573841278765,-2.9811192334573862e-05,0,0,2.950695276260376,0.04823540151119232,10.004315376281738,0.5201571583747864,-0.01366568636149168,-0.002474272157996893,0,-13,-1000,2,0,-2,0.016137508675456047,0.0023662541061639786,0.0014850053703412414,-0.0026678259018808603,63,3135,0.019662857055664062,12.312,28.78,94,6,10,1.21,831,0.0030294402968138456,0.00022573600290343165,0.008808453567326069,1500,1500,1000,1500,1800,1000,1000,1800
1783917697.0836,6.3000,0.01967,50.83,316,113540,0.520,GUIDED,GUIDED,128,3.1500236988067627,0.0,10.0,0.5,0.0,0.0,nan,nan,nan,nan,nan,nan,nan,nan,nan,nan,0.16441520010504418,-0.02456573841278765,-2.9811192334573862e-05,0,0,2.950695276260376,0.04823540151119232,10.004315376281738,0.5201571583747864,-0.01366568636149168,-0.002474272157996893,0,-13,-1000,2,0,-2,0.016145238652825356,0.002406381070613861,0.0014760250924155116,-0.0026574148796498775,63,3135,0.019662857055664062,12.312,28.75,94,6,10,1.21,831,0.0030294402968138456,0.00022573600290343165,0.008808453567326069,1500,1500,1000,1500,1800,1000,1000,1800
1783917697.1041,6.3200,0.02048,48.82,317,113580,0.541,GUIDED,GUIDED,128,3.1600217819213867,0.0,10.0,0.5,0.0,0.0,nan,nan,nan,nan,nan,nan,nan,nan,nan,nan,0.15377231853582032,-0.024172894263354724,0.00012343302877116172,0,0,2.97102952003479,0.0480954572558403,10.00425910949707,0.5203342437744141,-0.01381169818341732,-0.0025302621070295572,0,-13,-1000,1,0,-2,0.01615322194993496,0.0023851606529206038,0.00145752786193043,-0.0027434304356575012,63,3135,0.02039480209350586,12.312,28.75,94,6,10,1.21,831,0.0030294402968138456,0.00022573600290343165,0.008808453567326069,1500,1500,1000,1500,1800,1000,1000,1800
1783917697.1236,6.3400,0.01946,51.40,318,113580,0.560,GUIDED,GUIDED,128,3.1700236797332764,0.0,10.0,0.5,0.0,0.0,nan,nan,nan,nan,nan,nan,nan,nan,nan,nan,0.16377421634770997,-0.024172894263354724,0.00012343302877116172,0,0,2.97102952003479,0.0480954572558403,10.00425910949707,0.5203342437744141,-0.01381169818341732,-0.0025302621070295572,0,-13,-1000,1,0,-2,0.0161628145724535,0.002405860461294651,0.0014351233839988708,-0.0028441296890378,63,3135,0.02039480209350586,12.312,28.75,94,6,10,1.21,831,0.0030294402968138456,0.00022573600290343165,0.008808453567326069,1500,1500,1000,1500,1800,1000,1000,1800
1783917697.1441,6.3600,0.02058,48.60,319,113620,0.581,GUIDED,GUIDED,128,3.18002450466156,0.0,10.0,0.5,0.0,0.0,nan,nan,nan,nan,nan,nan,nan,nan,nan,nan,0.15360146725868976,-0.024283772247982678,0.0002976559012278484,0,0,2.9911608695983887,0.04815828427672386,10.004218101501465,0.5203586220741272,-0.013783955946564674,-0.002607173752039671,0,-13,-1000,1,2,-2,0.01616661809384823,0.0024092632811516523,0.001443347311578691,-0.0029611093923449516,63,3135,0.020491600036621094,12.312,28.75,94,6,10,1.21,831,0.0032554790377616882,0.00023537037486676127,0.008914366364479065,1500,1500,1000,1500,1800,1000,1000,1800
1783917697.1635,6.3801,0.01938,51.59,320,113620,0.600,GUIDED,GUIDED,128,3.1900296211242676,0.0,10.0,0.5,0.0,0.0,nan,nan,nan,nan,nan,nan,nan,nan,nan,nan,0.16360658372139728,-0.024283772247982678,0.0002976559012278484,0,0,2.9911608695983887,0.04815828427672386,10.004218101501465,0.5203586220741272,-0.013783955946564674,-0.002607173752039671,0,-13,-1000,1,2,-2,0.01616661809384823,0.0024092632811516523,0.001443347311578691,-0.0029611093923449516,63,3135,0.020491600036621094,12.312,28.75,94,6,10,1.21,831,0.0032554790377616882,0.00023537037486676127,0.008914366364479065,1500,1500,1000,1500,1800,1000,1000,1800
1783917697.1841,6.4000,0.02059,48.56,321,113660,0.621,GUIDED,GUIDED,128,3.200005531311035,0.0,10.0,0.5,0.0,0.0,nan,nan,nan,nan,nan,nan,nan,nan,nan,nan,0.15350460023034201,-0.024538310148313834,0.00018031044663545815,0,0,3.0112569332122803,0.04826774820685387,10.004181861877441,0.5203481316566467,-0.013700197450816631,-0.002518501365557313,0,-13,-1001,1,2,-2,0.01617484726011753,0.00240555452182889,0.0014486665604636073,-0.0030903799924999475,63,3135,0.020543336868286133,12.312,28.78,94,6,10,1.21,831,0.0032554790377616882,0.00023537037486676127,0.008914366364479065,1500,1500,1000,1500,1800,1000,1000,1800
1783917697.2039,6.4200,0.01979,50.53,322,113680,0.640,GUIDED,GUIDED,128,3.210022449493408,0.0,10.0,0.5,0.0,0.0,nan,nan,nan,nan,nan,nan,nan,nan,nan,nan,0.15360154166562412,-0.024802114811903402,3.2937779671346826e-05,0,0,3.021240711212158,0.0483856126666069,10.004170417785645,0.5203112959861755,-0.01361593883484602,-0.0024268084671348333,0,-13,-1001,1,1,-3,0.016161182895302773,0.0024072458036243916,0.0014404935063794255,-0.0032841183710843325,63,3135,0.019704103469848633,12.312,28.78,94,6,10,1.21,831,0.0032554790377616882,0.00023537037486676127,0.008914366364479065,1500,1500,1000,1500,1800,1000,1000,1800
1783917697.2237,6.4400,0.01978,50.56,323,113680,0.660,GUIDED,GUIDED,128,3.22002375125885,0.0,10.0,0.5,0.0,0.0,nan,nan,nan,nan,nan,nan,nan,nan,nan,nan,0.16360284343106601,-0.024802114811903402,3.2937779671346826e-05,0,0,3.021240711212158,0.0483856126666069,10.004170417785645,0.5203112959861755,-0.01361593883484602,-0.0024268084671348333,0,-13,-1001,1,1,-3,0.016147568821907043,0.0024088737554848194,0.0014278949238359928,-0.0034514768049120903,63,3135,0.019704103469848633,12.312,28.78,94,6,10,1.21,831,0.0032554790377616882,0.00023537037486676127,0.008914366364479065,1500,1500,1000,1500,1800,1000,1000,1800
1783917697.2441,6.4601,0.02038,49.06,324,113720,0.681,GUIDED,GUIDED,128,3.2300291061401367,0.0,10.0,0.5,0.0,0.0,nan,nan,nan,nan,nan,nan,nan,nan,nan,nan,0.15327643717247103,-0.024664698568237158,-0.00016385013901917215,0,0,3.041482448577881,0.04836529120802879,10.004131317138672,0.5203632712364197,-0.013683543540537357,-0.0022906181402504444,0,-13,-1001,1,1,-3,0.016133984550833702,0.0024161182809621096,0.0014107134193181992,-0.0036240459885448217,63,3135,0.020299673080444336,12.312,28.78,94,6,10,1.21,831,0.0032554790377616882,0.00023480058007407933,0.008914366364479065,1500,1500,1000,1500,1800,1000,1000,1800
1783917697.2636,6.4801,0.01957,51.11,325,113720,0.700,GUIDED,GUIDED,128,3.2400267124176025,0.0,10.0,0.5,0.0,0.0,nan,nan,nan,nan,nan,nan,nan,nan,nan,nan,0.16327404344993685,-0.024664698568237158,-0.00016385013901917215,0,0,3.041482448577881,0.04836529120802879,10.004131317138672,0.5203632712364197,-0.013683543540537357,-0.0022906181402504444,0,-13,-1001,1,1,-3,0.016121892258524895,0.0024163303896784782,0.0013856753939762712,-0.003678535344079137,63,3135,0.020299673080444336,12.312,28.78,94,6,10,1.21,831,0.0032554790377616882,0.00023480058007407933,0.008914366364479065,1500,1500,1000,1500,1800,1000,1000,1800
1783917697.2841,6.5001,0.02050,48.78,326,113760,0.721,GUIDED,GUIDED,128,3.250027060508728,0.0,10.0,0.5,0.0,0.0,nan,nan,nan,nan,nan,nan,nan,nan,nan,nan,0.15273009670289017,-0.024400539096498596,0.00011016958566412768,0,0,3.061807155609131,0.048271339386701584,10.0040864944458,0.5204900503158569,-0.013781812973320484,-0.0024229451082646847,0,-13,-1000,1,2,-3,0.01611148938536644,0.0024361771065741777,0.001354335923679173,-0.0036688121035695076,63,3135,0.020415544509887695,12.312,28.75,94,6,10,1.21,831,0.0032554790377616882,0.00023480058007407933,0.008914366364479065,1500,1500,1000,1500,1800,1000,1000,1800
1783917697.3035,6.5200,0.01938,51.61,327,113760,0.740,GUIDED,GUIDED,128,3.2600247859954834,0.0,10.0,0.5,0.0,0.0,nan,nan,nan,nan,nan,nan,nan,nan,nan,nan,0.16272782218964554,-0.024400539096498596,0.00011016958566412768,0,0,3.061807155609131,0.048271339386701584,10.0040864944458,0.5204900503158569,-0.013781812973320484,-0.0024229451082646847,0,-13,-1000,1,2,-3,0.01611148938536644,0.0024361771065741777,0.001354335923679173,-0.0036688121035695076,63,3135,0.020415544509887695,12.312,28.75,94,6,10,1.21,831,0.0032554790377616882,0.00023480058007407933,0.008914366364479065,1500,1500,1000,1500,1800,1000,1000,1800
1783917697.3242,6.5401,0.02071,48.28,328,113800,0.761,GUIDED,GUIDED,128,3.2700268030166626,0.0,10.0,0.5,0.0,0.0,nan,nan,nan,nan,nan,nan,nan,nan,nan,nan,0.1520515499381764,-0.023963462186556202,6.692630012047895e-05,0,0,3.0822057723999023,0.04811043292284012,10.004029273986816,0.5206515192985535,-0.013941260054707527,-0.0023649423383176327,0,-13,-1001,0,2,-3,0.016056131571531296,0.002450015628710389,0.0012782615376636386,-0.0035517222713679075,63,3135,0.020657777786254883,12.312,28.75,94,6,10,1.21,831,0.0032554790377616882,0.00023480058007407933,0.008914366364479065,1500,1500,1000,1500,1800,1000,1000,1800
1783917697.3439,6.5600,0.01968,50.83,329,113820,0.780,GUIDED,GUIDED,128,3.2800248861312866,0.0,10.0,0.5,0.0,0.0,nan,nan,nan,nan,nan,nan,nan,nan,nan,nan,0.15242297032895463,-0.024559897796188165,-0.00010672976662175031,0,0,3.0920846462249756,0.04842495545744896,10.004023551940918,0.5205059051513672,-0.013778497464954853,-0.002261378336697817,0,-13,-1001,2,2,-3,0.01608208753168583,0.0024489224888384342,0.0012740249512717128,-0.0034307618625462055,63,3135,0.01958775520324707,12.312,28.75,94,6,10,1.21,831,0.005735882557928562,0.0002454511122778058,0.008700275793671608,1500,1500,1000,1500,1800,1000,1000,1800
1783917697.3638,6.5801,0.01988,50.31,330,113820,0.800,GUIDED,GUIDED,128,3.2900272607803345,0.0,10.0,0.5,0.0,0.0,nan,nan,nan,nan,nan,nan,nan,nan,nan,nan,0.16242534497800248,-0.024559897796188165,-0.00010672976662175031,0,0,3.0920846462249756,0.04842495545744896,10.004023551940918,0.5205059051513672,-0.013778497464954853,-0.002261378336697817,0,-13,-1001,0,1,-2,0.016025306656956673,0.002447044011205435,0.0012748774606734514,-0.0031623190734535456,63,3135,0.01958775520324707,12.312,28.75,94,6,10,1.21,831,0.005735882557928562,0.0002454511122778058,0.008700275793671608,1500,1500,1000,1500,1800,1000,1000,1800
1783917697.3840,6.6000,0.02023,49.44,331,113860,0.821,GUIDED,GUIDED,128,3.30002224445343,0.0,10.0,0.5,0.0,0.0,nan,nan,nan,nan,nan,nan,nan,nan,nan,nan,0.1523514394717304,-0.024925227558084247,-0.0001562061385016176,0,0,3.1121928691864014,0.04866833984851837,10.003987312316895,0.5204831957817078,-0.013708092272281647,-0.002211890183389187,0,-13,-1000,1,2,-2,0.01603149250149727,0.0024457983672618866,0.001271746470592916,-0.003116551088169217,63,3135,0.020143985748291016,12.312,28.78,94,6,10,1.21,831,0.005735882557928562,0.0002454511122778058,0.008700275793671608,1500,1500,1000,1500,1800,1000,1000,1800
1783917697.4036,6.6200,0.01959,51.04,332,113860,0.840,GUIDED,GUIDED,128,3.310022711753845,0.0,10.0,0.5,0.0,0.0,nan,nan,nan,nan,nan,nan,nan,nan,nan,nan,0.16235190677214545,-0.024925227558084247,-0.0001562061385016176,0,0,3.1121928691864014,0.04866833984851837,10.003987312316895,0.5204831957817078,-0.013708092272281647,-0.002211890183389187,0,-13,-1000,1,2,-2,0.01597716100513935,0.002445795340463519,0.0012688091956079006,-0.002938025165349245,63,3135,0.020143985748291016,12.312,28.78,94,6,10,1.21,831,0.005735882557928562,0.0002454511122778058,0.008700275793671608,1500,1500,1000,1500,1800,1000,1000,1800
1783917697.4241,6.6400,0.02052,48.74,333,113900,0.861,GUIDED,GUIDED,128,3.3200219869613647,0.0,10.0,0.5,0.0,0.0,nan,nan,nan,nan,nan,nan,nan,nan,nan,nan,0.15222096664342222,-0.025075760170401615,-0.00021268128556239203,0,0,3.1323904991149902,0.04881513491272926,10.003946304321289,0.5204442739486694,-0.013705934397876263,-0.0021556082647293806,0,-13,-1001,1,2,-2,0.015983762219548225,0.002461070427671075,0.00126693956553936,-0.002812010934576392,63,3135,0.020433902740478516,12.312,28.78,94,6,10,1.21,831,0.005735882557928562,0.0002454511122778058,0.008700275793671608,1500,1500,1000,1500,1800,1000,1000,1800
1783917697.4435,6.6600,0.01942,51.50,334,113900,0.880,GUIDED,GUIDED,128,3.330024242401123,0.0,10.0,0.5,0.0,0.0,nan,nan,nan,nan,nan,nan,nan,nan,nan,nan,0.16222322208318052,-0.025075760170401615,-0.00021268128556239203,0,0,3.1323904991149902,0.04881513491272926,10.003946304321289,0.5204442739486694,-0.013705934397876263,-0.0021556082647293806,0,-13,-1001,1,2,-2,0.015983762219548225,0.002461070427671075,0.00126693956553936,-0.002812010934576392,63,3135,0.020433902740478516,12.312,28.78,94,6,10,1.21,831,0.005735882557928562,0.0002454511122778058,0.008700275793671608,1500,1500,1000,1500,1800,1000,1000,1800
1783917697.4643,6.6801,0.02080,48.08,335,113940,0.901,GUIDED,GUIDED,128,3.340030312538147,0.0,10.0,0.5,0.0,0.0,nan,nan,nan,nan,nan,nan,nan,nan,nan,nan,0.15227614338268147,-0.02541829498506418,-0.000337233766507114,0,0,3.1525063514709473,0.04905833676457405,10.00391960144043,0.5203503370285034,-0.013648584485054016,-0.002068280940875411,0,-13,-1001,2,2,-2,0.015948424115777016,0.002459160750731826,0.0012617422034963965,-0.0025623266119509935,63,3135,0.02035975456237793,12.312,28.78,94,6,10,1.21,831,0.005735882557928562,0.0002486678713466972,0.008700275793671608,1500,1500,1000,1500,1800,1000,1000,1800
1783917697.4841,6.7001,0.01973,50.69,336,113960,0.921,GUIDED,GUIDED,128,3.350030541419983,0.0,10.0,0.5,0.0,0.0,nan,nan,nan,nan,nan,nan,nan,nan,nan,nan,0.15234404976298077,-0.025119346278964873,-0.00031712288058255217,0,0,3.162324905395508,0.048970360308885574,10.003891944885254,0.5204160213470459,-0.01377038937062025,-0.0020639244467020035,0,-13,-1000,0,0,-2,0.015908479690551758,0.0024288282729685307,0.0012539380695670843,-0.0024560282472521067,63,3135,0.019618749618530273,12.312,28.73,94,6,10,1.21,831,0.005735882557928562,0.0002486678713466972,0.008700275793671608,1500,1500,1000,1500,1800,1000,1000,1800
1783917697.5037,6.7200,0.01966,50.86,337,113960,0.940,GUIDED,GUIDED,128,3.360022187232971,0.0,10.0,0.5,0.0,0.0,nan,nan,nan,nan,nan,nan,nan,nan,nan,nan,0.16233569557596905,-0.025119346278964873,-0.00031712288058255217,0,0,3.162324905395508,0.048970360308885574,10.003891944885254,0.5204160213470459,-0.01377038937062025,-0.0020639244467020035,0,-13,-1000,0,0,-2,0.015926187857985497,0.00247509079053998,0.0012419760460034013,-0.0023450180888175964,63,3135,0.019618749618530273,12.312,28.73,94,6,10,1.21,831,0.005735882557928562,0.0002486678713466972,0.008700275793671608,1500,1500,1000,1500,1800,1000,1000,1800
1783917697.5240,6.7400,0.02031,49.23,338,114000,0.961,GUIDED,GUIDED,128,3.3700220584869385,0.0,10.0,0.5,0.0,0.0,nan,nan,nan,nan,nan,nan,nan,nan,nan,nan,0.15180417820776052,-0.024769466070595433,-0.0002668958522360396,0,0,3.182722806930542,0.048894066363573074,10.0038423538208,0.5204930901527405,-0.01392834447324276,-0.0020642916206270456,0,-13,-1001,-1,0,-2,0.015865283086895943,0.002441918011754751,0.0012272652238607407,-0.002288299147039652,63,3135,0.020231246948242188,12.312,28.73,94,6,10,1.21,831,0.005735882557928562,0.0002486678713466972,0.008700275793671608,1500,1500,1000,1500,1800,1000,1000,1800
1783917697.5436,6.7601,0.01957,51.11,339,114000,0.980,GUIDED,GUIDED,128,3.380025267601013,0.0,10.0,0.5,0.0,0.0,nan,nan,nan,nan,nan,nan,nan,nan,nan,nan,0.1618073873218352,-0.024769466070595433,-0.0002668958522360396,0,0,3.182722806930542,0.048894066363573074,10.0038423538208,0.5204930901527405,-0.01392834447324276,-0.0020642916206270456,0,-13,-1001,-1,0,-2,0.01588243991136551,0.0024755436461418867,0.0012452612863853574,-0.0022189575247466564,63,3135,0.020231246948242188,12.312,28.73,94,6,10,1.21,831,0.005735882557928562,0.0002486678713466972,0.008700275793671608,1500,1500,1000,1500,1800,1000,1000,1800
1783917697.5642,6.7801,0.02056,48.64,340,114040,0.000,GUIDED,GUIDED,128,3.390025019645691,0.0,10.0,0.5,0.0,0.0,nan,nan,nan,nan,nan,nan,nan,nan,nan,nan,0.15262553134761112,-0.025954532208959043,-0.0003088107847372128,0,0,3.2025039196014404,0.04954317584633827,10.00384521484375,0.5201469659805298,-0.013618909753859043,-0.0020417438354343176,0,-13,-1000,0,0,-1,0.015834709629416466,0.00243657105602324,0.0012635461753234267,-0.0021109029185026884,63,3135,0.020473718643188477,12.312,28.73,94,6,10,1.21,831,0.005604780279099941,0.0002578567364253104,0.00866129994392395,1500,1500,1000,1500,1800,1000,1000,1800
1783917697.5836,6.8000,0.01940,51.55,341,114040,0.020,GUIDED,GUIDED,128,3.4000244140625,0.0,10.0,0.5,0.0,0.0,nan,nan,nan,nan,nan,nan,nan,nan,nan,nan,0.1626249257644202,-0.025954532208959043,-0.0003088107847372128,0,0,3.2025039196014404,0.04954317584633827,10.00384521484375,0.5201469659805298,-0.013618909753859043,-0.0020417438354343176,0,-13,-1000,0,0,-1,0.015834709629416466,0.00243657105602324,0.0012635461753234267,-0.0021109029185026884,63,3135,0.020473718643188477,12.312,28.73,94,6,10,1.21,831,0.005604780279099941,0.0002578567364253104,0.00866129994392395,1500,1500,1000,1500,1800,1000,1000,1800
1783917697.6044,6.8200,0.02086,47.93,342,114080,0.041,GUIDED,GUIDED,128,3.4100242853164673,0.0,10.0,0.5,0.0,0.0,nan,nan,nan,nan,nan,nan,nan,nan,nan,nan,0.15264765685046958,-0.02622065506154074,-0.00021706954468431574,0,0,3.2226524353027344,0.04976557567715645,10.003816604614258,0.5200480222702026,-0.01359366625547409,-0.0020781925413757563,0,-13,-1000,2,0,-1,0.01583111472427845,0.002432467183098197,0.001289993990212679,-0.0020879379007965326,63,3135,0.020334482192993164,12.312,28.78,94,6,10,1.21,831,0.005604780279099941,0.0002578567364253104,0.00866129994392395,1500,1500,1000,1500,1800,1000,1000,1800
1783917697.6239,6.8400,0.01952,51.22,343,114100,0.060,GUIDED,GUIDED,128,3.4200234413146973,0.0,10.0,0.5,0.0,0.0,nan,nan,nan,nan,nan,nan,nan,nan,nan,nan,0.15243286173621487,-0.02604155571082108,-0.00021273105801364756,0,0,3.2328500747680664,0.04972793534398079,10.003789901733398,0.5200574398040771,-0.01367533765733242,-0.0020652804523706436,0,-13,-1001,0,3,-1,0.01581605337560177,0.0024778638035058975,0.0013021654449403286,-0.002030394971370697,63,3135,0.019420385360717773,12.312,28.78,94,6,10,1.21,831,0.005604780279099941,0.0002578567364253104,0.00866129994392395,1500,1500,1000,1500,1800,1000,1000,1800
1783917697.6437,6.8600,0.01973,50.67,344,114100,0.080,GUIDED,GUIDED,128,3.4300230741500854,0.0,10.0,0.5,0.0,0.0,nan,nan,nan,nan,nan,nan,nan,nan,nan,nan,0.16243249457160303,-0.02604155571082108,-0.00021273105801364756,0,0,3.2328500747680664,0.04972793534398079,10.003789901733398,0.5200574398040771,-0.01367533765733242,-0.0020652804523706436,0,-13,-1001,0,3,-1,0.01582646742463112,0.0024413506034761667,0.0013124709948897362,-0.001989715499803424,63,3135,0.019420385360717773,12.312,28.78,94,6,10,1.21,831,0.005604780279099941,0.0002578567364253104,0.00866129994392395,1500,1500,1000,1500,1800,1000,1000,1800
1783917697.6641,6.8800,0.02039,49.05,345,114140,0.100,GUIDED,GUIDED,128,3.440022110939026,0.0,10.0,0.5,0.0,0.0,nan,nan,nan,nan,nan,nan,nan,nan,nan,nan,0.15263678037950595,-0.026413965128611945,-0.000320659865024114,0,0,3.2529356479644775,0.050020478665828705,10.003772735595703,0.5198895335197449,-0.013629226945340633,-0.0019930568523705006,0,-13,-1001,0,3,-1,0.015777530148625374,0.002487290883436799,0.0013186923461034894,-0.0019588833674788475,63,3135,0.02030181884765625,12.312,28.78,94,6,10,1.21,831,0.005604780279099941,0.00025540144997648895,0.00866129994392395,1500,1500,1000,1500,1800,1000,1000,1800
1783917697.6836,6.9000,0.01956,51.12,346,114140,0.120,GUIDED,GUIDED,128,3.4500231742858887,0.0,10.0,0.5,0.0,0.0,nan,nan,nan,nan,nan,nan,nan,nan,nan,nan,0.16263784372636872,-0.026413965128611945,-0.000320659865024114,0,0,3.2529356479644775,0.050020478665828705,10.003772735595703,0.5198895335197449,-0.013629226945340633,-0.0019930568523705006,0,-13,-1001,0,3,-1,0.015795692801475525,0.0024611055850982666,0.0013166617136448622,-0.0019710203632712364,63,3135,0.02030181884765625,12.312,28.75,94,6,10,1.21,831,0.005604780279099941,0.00025540144997648895,0.00866129994392395,1500,1500,1000,1500,1800,1000,1000,1800
1783917697.7041,6.9200,0.02046,48.87,347,114180,0.140,GUIDED,GUIDED,128,3.460022449493408,0.0,10.0,0.5,0.0,0.0,nan,nan,nan,nan,nan,nan,nan,nan,nan,nan,0.1522528176601964,-0.02618694753775806,-0.00013321530455365823,0,0,3.273284435272217,0.0500025637447834,10.003730773925781,0.5199100375175476,-0.013749952428042889,-0.0020770514383912086,0,-13,-1000,2,3,-1,0.015816528350114822,0.0025133094750344753,0.001310205552726984,-0.0020082949195057154,63,3135,0.020379066467285156,12.312,28.75,94,6,10,1.21,831,0.005604780279099941,0.00025540144997648895,0.00866129994392395,1500,1500,1000,1500,1800,1000,1000,1800
1783917697.7235,6.9400,0.01946,51.40,348,114180,0.160,GUIDED,GUIDED,128,3.470024585723877,0.0,10.0,0.5,0.0,0.0,nan,nan,nan,nan,nan,nan,nan,nan,nan,nan,0.16225495389066513,-0.02618694753775806,-0.00013321530455365823,0,0,3.273284435272217,0.0500025637447834,10.003730773925781,0.5199100375175476,-0.013749952428042889,-0.0020770514383912086,0,-13,-1000,2,3,-1,0.015816528350114822,0.0025133094750344753,0.001310205552726984,-0.0020082949195057154,63,3135,0.020379066467285156,12.312,28.75,94,6,10,1.21,831,0.005604780279099941,0.00025540144997648895,0.00866129994392395,1500,1500,1000,1500,1800,1000,1000,1800
1783917697.7443,6.9601,0.02077,48.14,349,114220,0.181,GUIDED,GUIDED,128,3.4800257682800293,0.0,10.0,0.5,0.0,0.0,nan,nan,nan,nan,nan,nan,nan,nan,nan,nan,0.15235723393689327,-0.026465722025363264,5.752707328634393e-05,0,0,3.293391466140747,0.05024607107043266,10.003703117370605,0.5197898745536804,-0.01372959092259407,-0.002171209082007408,0,-13,-1000,2,2,-1,0.015850476920604706,0.002510908292606473,0.001310325926169753,-0.0022446364164352417,63,3135,0.02069091796875,12.312,28.75,94,6,10,1.21,831,0.005507270339876413,0.00026351865381002426,0.008528964594006538,1500,1500,1000,1500,1800,1000,1000,1800
1783917697.7639,6.9800,0.01953,51.19,350,114240,0.200,GUIDED,GUIDED,128,3.4900249242782593,0.0,10.0,0.5,0.0,0.0,nan,nan,nan,nan,nan,nan,nan,nan,nan,nan,0.15275253140296263,-0.02700417058298496,0.0001259025988899292,0,0,3.303285837173462,0.050550833344459534,10.003702163696289,0.5196221470832825,-0.013594672083854675,-0.002210135105997324,0,-13,-1000,2,2,-2,0.015864400193095207,0.0025149236898869276,0.0013217827072367072,-0.002331019379198551,63,3135,0.019448280334472656,12.312,28.75,94,6,10,1.21,831,0.005507270339876413,0.00026351865381002426,0.008528964594006538,1500,1500,1000,1500,1800,1000,1000,1800
1783917697.7838,7.0000,0.01999,50.02,351,114240,0.220,GUIDED,GUIDED,128,3.500022530555725,0.0,10.0,0.5,0.0,0.0,nan,nan,nan,nan,nan,nan,nan,nan,nan,nan,0.16275013768042845,-0.02700417058298496,0.0001259025988899292,0,0,3.303285837173462,0.050550833344459534,10.003702163696289,0.5196221470832825,-0.013594672083854675,-0.002210135105997324,0,-13,-1000,2,1,-2,0.01587763801217079,0.0025104167871177197,0.00132543605286628,-0.002448802115395665,63,3135,0.019448280334472656,12.312,28.78,94,6,10,1.21,831,0.005507270339876413,0.00026351865381002426,0.008528964594006538,1500,1500,1000,1500,1800,1000,1000,1800
1783917697.8040,7.0200,0.02012,49.71,352,114280,0.240,GUIDED,GUIDED,128,3.510024905204773,0.0,10.0,0.5,0.0,0.0,nan,nan,nan,nan,nan,nan,nan,nan,nan,nan,0.1528042082786154,-0.027191630322504975,0.00015977238831046785,0,0,3.3234009742736816,0.050781261175870895,10.003668785095215,0.5195258259773254,-0.013619479723274708,-0.0022104186937212944,0,-13,-1000,1,3,-2,0.015875693410634995,0.0025386991910636425,0.0013254389632493258,-0.002517544897273183,63,3135,0.020033597946166992,12.312,28.78,94,6,10,1.21,831,0.005507270339876413,0.00026351865381002426,0.008528964594006538,1500,1500,1000,1500,1800,1000,1000,1800
1783917697.8236,7.0400,0.01964,50.91,353,114280,0.260,GUIDED,GUIDED,128,3.520024538040161,0.0,10.0,0.5,0.0,0.0,nan,nan,nan,nan,nan,nan,nan,nan,nan,nan,0.16280384111400353,-0.027191630322504975,0.00015977238831046785,0,0,3.3234009742736816,0.050781261175870895,10.003668785095215,0.5195258259773254,-0.013619479723274708,-0.0022104186937212944,0,-13,-1000,1,3,-2,0.01586993783712387,0.002524262061342597,0.0013231089105829597,-0.002566818380728364,63,3135,0.020033597946166992,12.312,28.78,94,6,10,1.21,831,0.005507270339876413,0.00026351865381002426,0.008528964594006538,1500,1500,1000,1500,1800,1000,1000,1800
1783917697.8441,7.0600,0.02049,48.79,354,114320,0.280,GUIDED,GUIDED,128,3.530022144317627,0.0,10.0,0.5,0.0,0.0,nan,nan,nan,nan,nan,nan,nan,nan,nan,nan,0.15266673351208637,-0.027237544868202176,0.0001195408209415656,0,0,3.343592882156372,0.05091467499732971,10.003634452819824,0.5194928050041199,-0.013669997453689575,-0.0021673692390322685,0,-13,-1001,1,2,-2,0.015865208581089973,0.002548118820413947,0.0013156208442524076,-0.0027879890985786915,63,3135,0.020412206649780273,12.312,28.78,94,6,10,1.21,831,0.005507270339876413,0.0002608319919090718,0.008528964594006538,1500,1500,1000,1500,1800,1000,1000,1800
1783917697.8635,7.0800,0.01944,51.43,355,114320,0.300,GUIDED,GUIDED,128,3.5400229692459106,0.0,10.0,0.5,0.0,0.0,nan,nan,nan,nan,nan,nan,nan,nan,nan,nan,0.16266755844037004,-0.027237544868202176,0.0001195408209415656,0,0,3.343592882156372,0.05091467499732971,10.003634452819824,0.5194928050041199,-0.013669997453689575,-0.0021673692390322685,0,-13,-1001,1,2,-2,0.015865208581089973,0.002548118820413947,0.0013156208442524076,-0.0027879890985786915,63,3135,0.020412206649780273,12.312,28.78,94,6,10,1.21,831,0.005507270339876413,0.0002608319919090718,0.008528964594006538,1500,1500,1000,1500,1800,1000,1000,1800
1783917697.8844,7.1000,0.02091,47.83,356,114360,0.321,GUIDED,GUIDED,128,3.550023078918457,0.0,10.0,0.5,0.0,0.0,nan,nan,nan,nan,nan,nan,nan,nan,nan,nan,0.15233047629527752,-0.027012992262481876,0.0003291041814275685,0,0,3.3638651371002197,0.05095568671822548,10.003592491149902,0.5195302963256836,-0.013823321089148521,-0.002264134120196104,0,-13,-1000,1,3,-2,0.015859408304095268,0.002579929307103157,0.0012814478250220418,-0.0028467196971178055,63,3135,0.020750045776367188,12.312,28.78,94,6,10,1.21,831,0.005507270339876413,0.0002608319919090718,0.008528964594006538,1500,1500,1000,1500,1800,1000,1000,1800
1783917697.9040,7.1200,0.01958,51.06,357,114380,0.340,GUIDED,GUIDED,128,3.5600231885910034,0.0,10.0,0.5,0.0,0.0,nan,nan,nan,nan,nan,nan,nan,nan,nan,nan,0.15182015950873484,-0.02696814286049801,0.000354842515602952,0,0,3.374393939971924,0.05101379007101059,10.003572463989258,0.5195196866989136,-0.013882760889828205,-0.00226743146777153,0,-13,-1000,2,0,-2,0.01587090827524662,0.00257091224193573,0.0012511230306699872,-0.0029367904644459486,63,3135,0.019472837448120117,12.312,28.78,94,6,10,1.21,831,0.005507270339876413,0.0002608319919090718,0.008528964594006538,1500,1500,1000,1500,1800,1000,1000,1800
1783917697.9237,7.1400,0.01966,50.85,358,114380,0.360,GUIDED,GUIDED,128,3.570022225379944,0.0,10.0,0.5,0.0,0.0,nan,nan,nan,nan,nan,nan,nan,nan,nan,nan,0.16181919629767524,-0.02696814286049801,0.000354842515602952,0,0,3.374393939971924,0.05101379007101059,10.003572463989258,0.5195196866989136,-0.013882760889828205,-0.00226743146777153,0,-13,-1001,0,3,-2,0.01583527959883213,0.002605966292321682,0.001223779865540564,-0.0029102175030857325,63,3135,0.019472837448120117,12.312,28.78,94,6,10,1.21,831,0.005507270339876413,0.0002608319919090718,0.008528964594006538,1500,1500,1000,1500,1800,1000,1000,1800
1783917697.9442,7.1600,0.02050,48.79,359,114420,0.380,GUIDED,GUIDED,128,3.5800249576568604,0.0,10.0,0.5,0.0,0.0,nan,nan,nan,nan,nan,nan,nan,nan,nan,nan,0.15189673347604968,-0.02717299411037817,4.514615061174338e-05,0,0,3.394477605819702,0.05124332010746002,10.003538131713867,0.5194281935691833,-0.013897009193897247,-0.002068806439638138,0,-13,-1001,2,0,-2,0.015843002125620842,0.002591279335319996,0.0012279441580176353,-0.002823556773364544,63,3135,0.02039194107055664,12.312,28.78,94,6,10,1.21,831,0.005432506091892719,0.0002694993745535612,0.008393129333853722,1500,1500,1000,1500,1800,1000,1000,1800
1783917697.9636,7.1801,0.01944,51.43,360,114420,0.400,GUIDED,GUIDED,128,3.5900251865386963,0.0,10.0,0.5,0.0,0.0,nan,nan,nan,nan,nan,nan,nan,nan,nan,nan,0.1618969623578856,-0.02717299411037817,4.514615061174338e-05,0,0,3.394477605819702,0.05124332010746002,10.003538131713867,0.5194281935691833,-0.013897009193897247,-0.002068806439638138,0,-13,-1001,2,0,-2,0.015796853229403496,0.0026271010283380747,0.001230744761414826,-0.0027053954545408487,63,3135,0.02039194107055664,12.312,28.78,94,6,10,1.21,831,0.005432506091892719,0.0002694993745535612,0.008393129333853722,1500,1500,1000,1500,1800,1000,1000,1800
1783917697.9841,7.2001,0.02046,48.87,361,114460,0.420,GUIDED,GUIDED,128,3.600025177001953,0.0,10.0,0.5,0.0,0.0,nan,nan,nan,nan,nan,nan,nan,nan,nan,nan,0.1520623537925,-0.027481192479206926,-0.00014945995103565974,0,0,3.4145069122314453,0.05152704939246178,10.003511428833008,0.519315779209137,-0.013882881961762905,-0.0019410336390137672,0,-13,-1001,3,0,-2,0.01582702063024044,0.002608869457617402,0.0012297236826270819,-0.0026338952593505383,63,3135,0.020378828048706055,12.312,28.78,94,6,10,1.21,831,0.005432506091892719,0.0002694993745535612,0.008393129333853722,1500,1500,1000,1500,1800,1000,1000,1800
1783917698.0036,7.2201,0.01946,51.39,362,114460,0.440,GUIDED,GUIDED,128,3.6100250482559204,0.0,10.0,0.5,0.0,0.0,nan,nan,nan,nan,nan,nan,nan,nan,nan,nan,0.16206222504646722,-0.027481192479206926,-0.00014945995103565974,0,0,3.4145069122314453,0.05152704939246178,10.003511428833008,0.519315779209137,-0.013882881961762905,-0.0019410336390137672,0,-13,-1001,3,0,-2,0.01582702063024044,0.002608869457617402,0.0012297236826270819,-0.0026338952593505383,63,3135,0.020378828048706055,12.312,28.78,94,6,10,1.21,831,0.005432506091892719,0.0002694993745535612,0.008393129333853722,1500,1500,1000,1500,1800,1000,1000,1800
1783917698.0242,7.2400,0.02069,48.34,363,114500,0.460,GUIDED,GUIDED,128,3.620002865791321,0.0,10.0,0.5,0.0,0.0,nan,nan,nan,nan,nan,nan,nan,nan,nan,nan,0.1524587330685334,-0.027989909002812036,-0.00018460832689574155,0,0,3.4344310760498047,0.05192769318819046,10.003495216369629,0.5191178321838379,-0.013820486143231392,-0.0019113804446533322,0,-13,-1000,2,0,-2,0.015814946964383125,0.002635269658640027,0.0012250958243384957,-0.0025156033225357533,63,3135,0.020606040954589844,12.312,28.78,94,6,10,1.21,831,0.005432506091892719,0.00027161408797837794,0.008393129333853722,1500,1500,1000,1500,1800,1000,1000,1800
1783917698.0439,7.2601,0.01961,51.01,364,114520,0.480,GUIDED,GUIDED,128,3.630025029182434,0.0,10.0,0.5,0.0,0.0,nan,nan,nan,nan,nan,nan,nan,nan,nan,nan,0.15218017331252115,-0.0277095251735074,-0.00014507505802064747,0,0,3.4446237087249756,0.05186283215880394,10.003471374511719,0.5191802382469177,-0.013944918289780617,-0.0019204398849979043,0,-13,-1000,0,3,-2,0.015786658972501755,0.002680710982531309,0.0012229629792273045,-0.0024233933072537184,63,3135,0.019518613815307617,12.312,28.78,94,6,10,1.21,831,0.005432506091892719,0.00027161408797837794,0.008393129333853722,1500,1500,1000,1500,1800,1000,1000,1800
1783917698.0639,7.2801,0.02007,49.83,365,114520,0.500,GUIDED,GUIDED,128,3.6400251388549805,0.0,10.0,0.5,0.0,0.0,nan,nan,nan,nan,nan,nan,nan,nan,nan,nan,0.1621802829850675,-0.0277095251735074,-0.00014507505802064747,0,0,3.4446237087249756,0.05186283215880394,10.003471374511719,0.5191802382469177,-0.013944918289780617,-0.0019204398849979043,0,-13,-1001,3,0,-2,0.01583102159202099,0.002657262608408928,0.0012162469793111086,-0.002295795362442732,63,3135,0.019518613815307617,12.312,28.78,94,6,10,1.21,831,0.005432506091892719,0.00027161408797837794,0.008393129333853722,1500,1500,1000,1500,1800,1000,1000,1800
1783917698.0841,7.3000,0.02017,49.57,366,114559,0.520,GUIDED,GUIDED,128,3.6500236988067627,0.0,10.0,0.5,0.0,0.0,nan,nan,nan,nan,nan,nan,nan,nan,nan,nan,0.15192468556849026,-0.02743873926758425,-0.0002545418004856171,0,0,3.4648756980895996,0.051884155720472336,10.003437042236328,0.519181489944458,-0.014113567769527435,-0.001837417483329773,0,-13,-1001,0,3,-1,0.015779128298163414,0.00270259752869606,0.0012078339932486415,-0.0021608592942357063,63,3135,0.020066499710083008,12.312,28.78,94,6,10,1.21,831,0.005432506091892719,0.00027161408797837794,0.008393129333853722,1500,1500,1000,1500,1800,1000,1000,1800
1783917698.1037,7.3200,0.01956,51.12,367,114559,0.540,GUIDED,GUIDED,128,3.660024881362915,0.0,10.0,0.5,0.0,0.0,nan,nan,nan,nan,nan,nan,nan,nan,nan,nan,0.16192586812464257,-0.02743873926758425,-0.0002545418004856171,0,0,3.4648756980895996,0.051884155720472336,10.003437042236328,0.519181489944458,-0.014113567769527435,-0.001837417483329773,0,-13,-1001,0,3,-1,0.0158076249063015,0.002680145436897874,0.0011939251562580466,-0.002111393492668867,63,3135,0.020066499710083008,12.312,28.78,94,6,10,1.21,831,0.005432506091892719,0.00027161408797837794,0.008393129333853722,1500,1500,1000,1500,1800,1000,1000,1800
1783917698.1241,7.3400,0.02042,48.98,368,114599,0.560,GUIDED,GUIDED,128,3.6700215339660645,0.0,10.0,0.5,0.0,0.0,nan,nan,nan,nan,nan,nan,nan,nan,nan,nan,0.15208276543650356,-0.02761863614490979,-0.0003261555447625574,0,0,3.4849188327789307,0.052133481949567795,10.003417015075684,0.5190640687942505,-0.01415365282446146,-0.0017845085822045803,0,-13,-1001,1,3,-1,0.015781037509441376,0.0027269278652966022,0.0011815293692052364,-0.0020268165972083807,63,3135,0.020330429077148438,12.312,28.78,94,6,10,1.21,831,0.005140355322510004,0.00027913879603147507,0.008360320702195168,1500,1500,1000,1500,1800,1000,1000,1800
1783917698.1436,7.3601,0.01949,51.31,369,114599,0.580,GUIDED,GUIDED,128,3.6800252199172974,0.0,10.0,0.5,0.0,0.0,nan,nan,nan,nan,nan,nan,nan,nan,nan,nan,0.16208645138773645,-0.02761863614490979,-0.0003261555447625574,0,0,3.4849188327789307,0.052133481949567795,10.003417015075684,0.5190640687942505,-0.01415365282446146,-0.0017845085822045803,0,-13,-1001,1,3,-1,0.015781037509441376,0.0027269278652966022,0.0011815293692052364,-0.0020268165972083807,63,3135,0.020330429077148438,12.312,28.78,94,6,10,1.21,831,0.005140355322510004,0.00027913879603147507,0.008360320702195168,1500,1500,1000,1500,1800,1000,1000,1800
1783917698.1641,7.3800,0.02058,48.60,370,114639,0.600,GUIDED,GUIDED,128,3.690023899078369,0.0,10.0,0.5,0.0,0.0,nan,nan,nan,nan,nan,nan,nan,nan,nan,nan,0.15231134414652608,-0.027985603548468845,-0.00034372116827625053,0,0,3.504908800125122,0.052428148686885834,10.003395080566406,0.5189392566680908,-0.01411191001534462,-0.0017617031699046493,0,-13,-1001,2,3,-1,0.015787972137331963,0.0027381926774978638,0.001213911920785904,-0.0018859803676605225,63,3135,0.020527124404907227,12.312,28.78,94,6,10,1.21,831,0.005140355322510004,0.00027913879603147507,0.008360320702195168,1500,1500,1000,1500,1800,1000,1000,1800
1783917698.1840,7.4000,0.01984,50.40,371,114659,0.620,GUIDED,GUIDED,128,3.700024366378784,0.0,10.0,0.5,0.0,0.0,nan,nan,nan,nan,nan,nan,nan,nan,nan,nan,0.15212472644780933,-0.027754815243996075,-0.0003711514211921056,0,0,3.515052318572998,0.052407000213861465,10.003374099731445,0.518964409828186,-0.014232945628464222,-0.0017337530152872205,0,-13,-1001,0,0,-1,0.015772394835948944,0.002699520904570818,0.0012248762650415301,-0.0017882726388052106,63,3135,0.019730567932128906,12.312,28.75,94,6,10,1.21,831,0.005140355322510004,0.00027913879603147507,0.008360320702195168,1500,1500,1000,1500,1800,1000,1000,1800
1783917698.2037,7.4200,0.01971,50.74,372,114659,0.640,GUIDED,GUIDED,128,3.71002459526062,0.0,10.0,0.5,0.0,0.0,nan,nan,nan,nan,nan,nan,nan,nan,nan,nan,0.16212495532964524,-0.027754815243996075,-0.0003711514211921056,0,0,3.515052318572998,0.052407000213861465,10.003374099731445,0.518964409828186,-0.014232945628464222,-0.0017337530152872205,0,-13,-1001,3,3,-1,0.01579737290740013,0.002732176100835204,0.0012355030048638582,-0.0017246217466890812,63,3135,0.019730567932128906,12.312,28.75,94,6,10,1.21,831,0.005140355322510004,0.00027913879603147507,0.008360320702195168,1500,1500,1000,1500,1800,1000,1000,1800
1783917698.2240,7.4400,0.02033,49.18,373,114699,0.660,GUIDED,GUIDED,128,3.720023989677429,0.0,10.0,0.5,0.0,0.0,nan,nan,nan,nan,nan,nan,nan,nan,nan,nan,0.152564176723746,-0.028157655116912244,-0.0003329773031035266,0,0,3.53497052192688,0.052777331322431564,10.00335693359375,0.518757700920105,-0.014214176684617996,-0.0017458819784224033,0,-13,-1000,0,0,-1,0.01576293259859085,0.0026938063092529774,0.0012446907348930836,-0.0017393992748111486,63,3135,0.020250797271728516,12.312,28.75,94,6,10,1.21,831,0.005140355322510004,0.0002807846467476338,0.008360320702195168,1500,1500,1000,1500,1800,1000,1000,1800
1783917698.2436,7.4600,0.01955,51.15,374,114699,0.680,GUIDED,GUIDED,128,3.730021595954895,0.0,10.0,0.5,0.0,0.0,nan,nan,nan,nan,nan,nan,nan,nan,nan,nan,0.16256178300121177,-0.028157655116912244,-0.0003329773031035266,0,0,3.53497052192688,0.052777331322431564,10.00335693359375,0.518757700920105,-0.014214176684617996,-0.0017458819784224033,0,-13,-1000,0,0,-1,0.015776291489601135,0.002746056765317917,0.0012516792630776763,-0.0017813968006521463,63,3135,0.020250797271728516,12.312,28.75,94,6,10,1.21,831,0.005140355322510004,0.0002807846467476338,0.008360320702195168,1500,1500,1000,1500,1800,1000,1000,1800
1783917698.2641,7.4800,0.02053,48.72,375,114739,0.700,GUIDED,GUIDED,128,3.740020990371704,0.0,10.0,0.5,0.0,0.0,nan,nan,nan,nan,nan,nan,nan,nan,nan,nan,0.15239075669149366,-0.027883176533451095,-0.0001492573618893595,0,0,3.5551869869232178,0.052802782505750656,10.003323554992676,0.5187311172485352,-0.01438734121620655,-0.0018326815916225314,0,-13,-1000,2,0,-1,0.015795161947607994,0.0027206111699342728,0.001251525362022221,-0.0018377408850938082,63,3135,0.020444393157958984,12.312,28.75,94,6,10,1.21,831,0.005140355322510004,0.0002807846467476338,0.008360320702195168,1500,1500,1000,1500,1800,1000,1000,1800
1783917698.2836,7.5001,0.01946,51.38,376,114739,0.720,GUIDED,GUIDED,128,3.750028967857361,0.0,10.0,0.5,0.0,0.0,nan,nan,nan,nan,nan,nan,nan,nan,nan,nan,0.16239873417715037,-0.027883176533451095,-0.0001492573618893595,0,0,3.5551869869232178,0.052802782505750656,10.003323554992676,0.5187311172485352,-0.01438734121620655,-0.0018326815916225314,0,-13,-1000,2,0,-1,0.015813982114195824,0.00276528880931437,0.0012446718756109476,-0.0019706664606928825,63,3135,0.020444393157958984,12.312,28.75,94,6,10,1.21,831,0.005140355322510004,0.0002807846467476338,0.008360320702195168,1500,1500,1000,1500,1800,1000,1000,1800
1783917698.3041,7.5200,0.02054,48.68,377,114779,0.740,GUIDED,GUIDED,128,3.7600032091140747,0.0,10.0,0.5,0.0,0.0,nan,nan,nan,nan,nan,nan,nan,nan,nan,nan,0.15195498105474714,-0.027367088401671145,6.0164580996439464e-05,0,0,3.575479030609131,0.05273854732513428,10.003280639648438,0.5188038349151611,-0.014648218639194965,-0.0019288142211735249,0,-13,-1000,2,1,-1,0.015832174569368362,0.002747906371951103,0.0012304640840739012,-0.002025987021625042,63,3135,0.02045750617980957,12.312,28.75,94,6,10,1.21,831,0.005140355322510004,0.0002807846467476338,0.008360320702195168,1500,1500,1000,1500,1800,1000,1000,1800
1783917698.3239,7.5400,0.01977,50.59,378,114799,0.760,GUIDED,GUIDED,128,3.7700244188308716,0.0,10.0,0.5,0.0,0.0,nan,nan,nan,nan,nan,nan,nan,nan,nan,nan,0.15219735855831348,-0.027581335774164453,0.00018110637915294157,0,0,3.58542799949646,0.05290629714727402,10.00327205657959,0.5187056064605713,-0.014621373265981674,-0.0019936845637857914,0,-13,-1000,2,2,-1,0.015849236398935318,0.002782247494906187,0.0012142248451709747,-0.002128163119778037,63,3135,0.019674301147460938,12.312,28.75,94,6,10,1.21,831,0.005126449279487133,0.0002870469179470092,0.008397425524890423,1500,1500,1000,1500,1800,1000,1000,1800
1783917698.3437,7.5600,0.01987,50.33,379,114799,0.780,GUIDED,GUIDED,128,3.7800240516662598,0.0,10.0,0.5,0.0,0.0,nan,nan,nan,nan,nan,nan,nan,nan,nan,nan,0.16219699139370164,-0.027581335774164453,0.00018110637915294157,0,0,3.58542799949646,0.05290629714727402,10.00327205657959,0.5187056064605713,-0.014621373265981674,-0.0019936845637857914,0,-13,-1000,2,1,-1,0.01585989259183407,0.002758798422291875,0.001222221297211945,-0.0021801707334816456,63,3135,0.019674301147460938,12.312,28.75,94,6,10,1.21,831,0.005126449279487133,0.0002870469179470092,0.008397425524890423,1500,1500,1000,1500,1800,1000,1000,1800
1783917698.3641,7.5800,0.02035,49.13,380,114839,0.800,GUIDED,GUIDED,128,3.790024518966675,0.0,10.0,0.5,0.0,0.0,nan,nan,nan,nan,nan,nan,nan,nan,nan,nan,0.1525059515989991,-0.027732771525630633,0.0002354236913581476,0,0,3.6053879261016846,0.053153615444898605,10.00324821472168,0.5185506343841553,-0.014676731079816818,-0.0020112795755267143,0,-13,-1001,0,1,-2,0.01583698019385338,0.0027606619987636805,0.001224607229232788,-0.0022905527148395777,63,3135,0.02025580406188965,12.312,28.75,94,6,10,1.21,831,0.005126449279487133,0.0002870469179470092,0.008397425524890423,1500,1500,1000,1500,1800,1000,1000,1800
1783917698.3836,7.6000,0.01949,51.31,381,114839,0.820,GUIDED,GUIDED,128,3.8000235557556152,0.0,10.0,0.5,0.0,0.0,nan,nan,nan,nan,nan,nan,nan,nan,nan,nan,0.16250498838793948,-0.027732771525630633,0.0002354236913581476,0,0,3.6053879261016846,0.053153615444898605,10.00324821472168,0.5185506343841553,-0.014676731079816818,-0.0020112795755267143,0,-13,-1001,0,1,-2,0.015867630019783974,0.0027506777551025152,0.0012240814976394176,-0.0022551920264959335,63,3135,0.02025580406188965,12.312,28.78,94,6,10,1.21,831,0.005126449279487133,0.0002870469179470092,0.008397425524890423,1500,1500,1000,1500,1800,1000,1000,1800
1783917698.4041,7.6200,0.02052,48.73,382,114879,0.840,GUIDED,GUIDED,128,3.810024380683899,0.0,10.0,0.5,0.0,0.0,nan,nan,nan,nan,nan,nan,nan,nan,nan,nan,0.15257590472147975,-0.027700083140011343,-3.0756042485320656e-05,0,0,3.6254451274871826,0.053292207419872284,10.003220558166504,0.5184771418571472,-0.014775619842112064,-0.00184163311496377,0,-13,-1001,0,1,-1,0.015835952013731003,0.0027535115368664265,0.0012200037017464638,-0.0022579955402761698,63,3135,0.02043938636779785,12.312,28.78,94,6,10,1.21,831,0.005126449279487133,0.0002870469179470092,0.008397425524890423,1500,1500,1000,1500,1800,1000,1000,1800
1783917698.4235,7.6400,0.01944,51.44,383,114879,0.860,GUIDED,GUIDED,128,3.820022225379944,0.0,10.0,0.5,0.0,0.0,nan,nan,nan,nan,nan,nan,nan,nan,nan,nan,0.16257374941752464,-0.027700083140011343,-3.0756042485320656e-05,0,0,3.6254451274871826,0.053292207419872284,10.003220558166504,0.5184771418571472,-0.014775619842112064,-0.00184163311496377,0,-13,-1001,0,1,-1,0.015857281163334846,0.0027405335567891598,0.0012165890075266361,-0.0022194066550582647,63,3135,0.02043938636779785,12.312,28.78,94,6,10,1.21,831,0.005126449279487133,0.0002870469179470092,0.008397425524890423,1500,1500,1000,1500,1800,1000,1000,1800
1783917698.4443,7.6601,0.02077,48.14,384,114919,0.881,GUIDED,GUIDED,128,3.8300278186798096,0.0,10.0,0.5,0.0,0.0,nan,nan,nan,nan,nan,nan,nan,nan,nan,nan,0.15249892668331158,-0.027489163966561633,-0.00015992157246348584,0,0,3.6455800533294678,0.05333559960126877,10.003196716308594,0.5184456706047058,-0.014922446571290493,-0.001753294258378446,0,-13,-1001,1,0,-1,0.015843747183680534,0.002730853157117963,0.0012120854808017612,-0.00219424394890666,63,3135,0.02068638801574707,12.312,28.78,94,6,10,1.21,831,0.005126449279487133,0.00028399823349900544,0.008397425524890423,1500,1500,1000,1500,1800,1000,1000,1800
1783917698.4641,7.6800,0.01974,50.66,385,114939,0.900,GUIDED,GUIDED,128,3.84002423286438,0.0,10.0,0.5,0.0,0.0,nan,nan,nan,nan,nan,nan,nan,nan,nan,nan,0.1525800507937992,-0.027499876427245967,-0.0002190145415695735,0,0,3.6555943489074707,0.05341307818889618,10.003191947937012,0.5183885097503662,-0.014960994012653828,-0.0017164238961413503,0,-13,-1001,1,2,-1,0.015856686979532242,0.002738406416028738,0.0012035543331876397,-0.0021716654300689697,63,3135,0.01959705352783203,12.312,28.78,94,6,10,1.21,831,0.005126449279487133,0.00028399823349900544,0.008397425524890423,1500,1500,1000,1500,1800,1000,1000,1800
1783917698.4838,7.7000,0.01970,50.75,386,114939,0.920,GUIDED,GUIDED,128,3.8500237464904785,0.0,10.0,0.5,0.0,0.0,nan,nan,nan,nan,nan,nan,nan,nan,nan,nan,0.1625795644198978,-0.027499876427245967,-0.0002190145415695735,0,0,3.6555943489074707,0.05341307818889618,10.003191947937012,0.5183885097503662,-0.014960994012653828,-0.0017164238961413503,0,-13,-1001,2,0,-1,0.01586744748055935,0.0027298638597130775,0.0011898712255060673,-0.002170809078961611,63,3135,0.01959705352783203,12.312,28.75,94,6,10,1.21,831,0.005126449279487133,0.00028399823349900544,0.008397425524890423,1500,1500,1000,1500,1800,1000,1000,1800
1783917698.5041,7.7200,0.02033,49.19,387,114979,0.940,GUIDED,GUIDED,128,3.860022187232971,0.0,10.0,0.5,0.0,0.0,nan,nan,nan,nan,nan,nan,nan,nan,nan,nan,0.15221819163192446,-0.026985091505097942,-0.00026243801059651177,0,0,3.6758620738983154,0.05330802500247955,10.00316333770752,0.5184416770935059,-0.015197552740573883,-0.0016748352209106088,0,-13,-1000,0,2,-1,0.015838412567973137,0.002737907227128744,0.00117278634570539,-0.002134439768269658,63,3135,0.020225048065185547,12.312,28.75,94,6,10,1.21,831,0.005126449279487133,0.00028399823349900544,0.008397425524890423,1500,1500,1000,1500,1800,1000,1000,1800
1783917698.5236,7.7400,0.01954,51.18,388,114979,0.960,GUIDED,GUIDED,128,3.8700218200683594,0.0,10.0,0.5,0.0,0.0,nan,nan,nan,nan,nan,nan,nan,nan,nan,nan,0.1622178244673126,-0.026985091505097942,-0.00026243801059651177,0,0,3.6758620738983154,0.05330802500247955,10.00316333770752,0.5184416770935059,-0.015197552740573883,-0.0016748352209106088,0,-13,-1000,0,2,-1,0.01586800068616867,0.0027139815501868725,0.0011552029754966497,-0.0020785878878086805,63,3135,0.020225048065185547,12.312,28.75,94,6,10,1.21,831,0.005126449279487133,0.00028399823349900544,0.008397425524890423,1500,1500,1000,1500,1800,1000,1000,1800
1783917698.5441,7.7600,0.02043,48.95,389,115019,0.980,GUIDED,GUIDED,128,3.880003809928894,0.0,10.0,0.5,0.0,0.0,nan,nan,nan,nan,nan,nan,nan,nan,nan,nan,0.15229165035134856,-0.02701211114833432,-0.0002602743351957995,0,0,3.69588565826416,0.053436990827322006,10.003153800964355,0.518375039100647,-0.015256411395967007,-0.001670578378252685,0,-13,-1001,0,3,-1,0.015828436240553856,0.002745013916864991,0.001164866960607469,-0.0020312743727117777,63,3135,0.02034473419189453,12.312,28.75,94,6,10,1.21,831,0.005127907730638981,0.0002909857139457017,0.008460329845547676,1500,1500,1000,1500,1800,1000,1000,1800
1783917698.5636,7.7801,0.01957,51.09,390,115019,0.000,GUIDED,GUIDED,128,3.8900257349014282,0.0,10.0,0.5,0.0,0.0,nan,nan,nan,nan,nan,nan,nan,nan,nan,nan,0.16231357532388274,-0.02701211114833432,-0.0002602743351957995,0,0,3.69588565826416,0.053436990827322006,10.003153800964355,0.518375039100647,-0.015256411395967007,-0.001670578378252685,0,-13,-1001,0,3,-1,0.01585099846124649,0.0026986319571733475,0.0011685481294989586,-0.0020176328253000975,63,3135,0.02034473419189453,12.312,28.75,94,6,10,1.21,831,0.005127907730638981,0.0002909857139457017,0.008460329845547676,1500,1500,1000,1500,1800,1000,1000,1800
1783917698.5843,7.8001,0.02068,48.36,391,115060,0.021,GUIDED,GUIDED,128,3.9000279903411865,0.0,10.0,0.5,0.0,0.0,nan,nan,nan,nan,nan,nan,nan,nan,nan,nan,0.15206715300630963,-0.027055253440127346,-0.0002957998804022457,0,0,3.716287851333618,0.05360131710767746,10.00314712524414,0.518286406993866,-0.015326377004384995,-0.0016462134663015604,0,-13,-1001,0,3,-1,0.015825115144252777,0.002738733310252428,0.0011698637390509248,-0.0020431631710380316,63,3135,0.02057647705078125,12.312,28.78,94,6,10,1.21,831,0.005127907730638981,0.0002909857139457017,0.008460329845547676,1500,1500,1000,1500,1800,1000,1000,1800
1783917698.6035,7.8201,0.01921,52.04,392,115060,0.040,GUIDED,GUIDED,128,3.9100295305252075,0.0,10.0,0.5,0.0,0.0,nan,nan,nan,nan,nan,nan,nan,nan,nan,nan,0.1620686931903306,-0.027055253440127346,-0.0002957998804022457,0,0,3.716287851333618,0.05360131710767746,10.00314712524414,0.518286406993866,-0.015326377004384995,-0.0016462134663015604,0,-13,-1001,0,3,-1,0.015825115144252777,0.002738733310252428,0.0011698637390509248,-0.0020431631710380316,63,3135,0.02057647705078125,12.312,28.78,94,6,10,1.21,831,0.005127907730638981,0.0002909857139457017,0.008460329845547676,1500,1500,1000,1500,1800,1000,1000,1800
1783917698.6240,7.8400,0.02049,48.80,393,115080,0.061,GUIDED,GUIDED,128,3.920005440711975,0.0,10.0,0.5,0.0,0.0,nan,nan,nan,nan,nan,nan,nan,nan,nan,nan,0.16232608012987665,-0.027258807402744632,-0.000312615139502417,0,0,3.7262020111083984,0.053763117641210556,10.003150939941406,0.5181734561920166,-0.015302270650863647,-0.0016387075884267688,0,-13,-1001,1,3,-1,0.015832655131816864,0.002736457623541355,0.0011729628313332796,-0.0018424460431560874,63,3135,0.020228147506713867,12.312,28.78,94,6,10,1.21,831,0.005127907730638981,0.0002909857139457017,0.008460329845547676,1500,1500,1000,1500,1800,1000,1000,1800
1783917698.6442,7.8601,0.02016,49.61,394,115120,0.081,GUIDED,GUIDED,128,3.930031180381775,0.0,10.0,0.5,0.0,0.0,nan,nan,nan,nan,nan,nan,nan,nan,nan,nan,0.15224525888830007,-0.027022827477668897,-0.0004384253236297572,0,0,3.7463178634643555,0.05377627909183502,10.00313949584961,0.5181680917739868,-0.015446112491190434,-0.001559463795274496,0,-13,-1001,2,0,-1,0.015859419479966164,0.002690911525860429,0.001172413001768291,-0.0018818362150341272,63,3135,0.020050764083862305,12.312,28.78,94,6,10,1.21,831,0.005127907730638981,0.00028662607655860484,0.008460329845547676,1500,1500,1000,1500,1800,1000,1000,1800
1783917698.6636,7.8801,0.01943,51.48,395,115120,0.100,GUIDED,GUIDED,128,3.940026640892029,0.0,10.0,0.5,0.0,0.0,nan,nan,nan,nan,nan,nan,nan,nan,nan,nan,0.16224071939855395,-0.027022827477668897,-0.0004384253236297572,0,0,3.7463178634643555,0.05377627909183502,10.00313949584961,0.5181680917739868,-0.015446112491190434,-0.001559463795274496,0,-13,-1001,2,0,-1,0.015898095443844795,0.0027172155678272247,0.0011690276442095637,-0.0018364021088927984,63,3135,0.020050764083862305,12.312,28.78,94,6,10,1.21,831,0.005127907730638981,0.00028662607655860484,0.008460329845547676,1500,1500,1000,1500,1800,1000,1000,1800
1783917698.6842,7.9001,0.02057,48.61,396,115160,0.121,GUIDED,GUIDED,128,3.9500280618667603,0.0,10.0,0.5,0.0,0.0,nan,nan,nan,nan,nan,nan,nan,nan,nan,nan,0.1519579402999324,-0.02662765865751297,-0.00033916344712125275,0,0,3.76651668548584,0.05369929224252701,10.003124237060547,0.5182173848152161,-0.015629814937710762,-0.0016079630004242063,0,-13,-1000,0,0,-1,0.0158842820674181,0.0026824732776731253,0.001161401392892003,-0.0017893596086651087,63,3135,0.02048778533935547,12.312,28.75,94,6,10,1.21,831,0.005127907730638981,0.00028662607655860484,0.008460329845547676,1500,1500,1000,1500,1800,1000,1000,1800
1783917698.7036,7.9201,0.01942,51.50,397,115160,0.140,GUIDED,GUIDED,128,3.9600284099578857,0.0,10.0,0.5,0.0,0.0,nan,nan,nan,nan,nan,nan,nan,nan,nan,nan,0.16195828839105786,-0.02662765865751297,-0.00033916344712125275,0,0,3.76651668548584,0.05369929224252701,10.003124237060547,0.5182173848152161,-0.015629814937710762,-0.0016079630004242063,0,-13,-1000,0,0,-1,0.01591726951301098,0.002700800308957696,0.0011494330829009414,-0.0018184849759563804,63,3135,0.02048778533935547,12.312,28.75,94,6,10,1.21,831,0.005127907730638981,0.00028662607655860484,0.008460329845547676,1500,1500,1000,1500,1800,1000,1000,1800
1783917698.7242,7.9401,0.02064,48.45,398,115200,0.161,GUIDED,GUIDED,128,3.9700279235839844,0.0,10.0,0.5,0.0,0.0,nan,nan,nan,nan,nan,nan,nan,nan,nan,nan,0.15208170349605535,-0.026722972035466402,-0.00012438610814647852,0,0,3.7865428924560547,0.053833965212106705,10.003121376037598,0.5181307196617126,-0.01565253920853138,-0.0017303129425272346,0,-13,-1000,1,2,-1,0.015916189178824425,0.0026999765541404486,0.0011362713994458318,-0.0018461145227774978,63,3135,0.02055525779724121,12.312,28.75,94,6,10,1.21,831,0.0037595718167722225,0.0002919975377153605,0.008257645182311535,1500,1500,1000,1500,1800,1000,1000,1800
1783917698.7435,7.9601,0.01928,51.85,399,115200,0.180,GUIDED,GUIDED,128,3.980025291442871,0.0,10.0,0.5,0.0,0.0,nan,nan,nan,nan,nan,nan,nan,nan,nan,nan,0.16207907135494204,-0.026722972035466402,-0.00012438610814647852,0,0,3.7865428924560547,0.053833965212106705,10.003121376037598,0.5181307196617126,-0.01565253920853138,-0.0017303129425272346,0,-13,-1000,1,2,-1,0.015916189178824425,0.0026999765541404486,0.0011362713994458318,-0.0018461145227774978,63,3135,0.02055525779724121,12.312,28.75,94,6,10,1.21,831,0.0037595718167722225,0.0002919975377153605,0.008257645182311535,1500,1500,1000,1500,1800,1000,1000,1800
1783917698.7642,7.9801,0.02065,48.43,400,115220,0.201,GUIDED,GUIDED,128,3.9900306463241577,0.0,10.0,0.5,0.0,0.0,nan,nan,nan,nan,nan,nan,nan,nan,nan,nan,0.16190394742223604,-0.02657207944218932,4.640759978248197e-05,0,0,3.796666383743286,0.05380119010806084,10.003108978271484,0.5181636214256287,-0.015720734372735023,-0.0018217628821730614,0,-13,-1000,1,2,-1,0.015897579491138458,0.0026860220823436975,0.0011453786864876747,-0.0020028208382427692,63,3135,0.020366668701171875,12.312,28.75,94,6,10,1.21,831,0.0037595718167722225,0.0002919975377153605,0.008257645182311535,1500,1500,1000,1500,1800,1000,1000,1800
1783917698.7841,8.0001,0.01993,50.18,401,115260,0.221,GUIDED,GUIDED,128,4.000029683113098,0.0,10.0,0.5,0.0,0.0,nan,nan,nan,nan,nan,nan,nan,nan,nan,nan,0.15189646135110554,-0.02666501685424784,0.0001806028048657528,0,0,3.816739082336426,0.05394358187913895,10.003097534179688,0.5181254148483276,-0.015749286860227585,-0.0018926332704722881,0,-13,-1000,1,0,-1,0.015896713361144066,0.002668466418981552,0.0011421857634559274,-0.002086495514959097,63,3135,0.019843339920043945,12.312,28.78,94,6,10,1.21,831,0.0037595718167722225,0.0002919975377153605,0.008257645182311535,1500,1500,1000,1500,1800,1000,1000,1800
1783917698.8036,8.0201,0.01951,51.27,402,115260,0.240,GUIDED,GUIDED,128,4.010026216506958,0.0,10.0,0.5,0.0,0.0,nan,nan,nan,nan,nan,nan,nan,nan,nan,nan,0.16189299474496538,-0.02666501685424784,0.0001806028048657528,0,0,3.816739082336426,0.05394358187913895,10.003097534179688,0.5181254148483276,-0.015749286860227585,-0.0018926332704722881,0,-13,-1000,1,0,-1,0.015921706333756447,0.002680507954210043,0.001136347302235663,-0.0020957414526492357,63,3135,0.019843339920043945,12.312,28.78,94,6,10,1.21,831,0.0037595718167722225,0.0002919975377153605,0.008257645182311535,1500,1500,1000,1500,1800,1000,1000,1800
1783917698.8242,8.0401,0.02064,48.44,403,115300,0.261,GUIDED,GUIDED,128,4.020030379295349,0.0,10.0,0.5,0.0,0.0,nan,nan,nan,nan,nan,nan,nan,nan,nan,nan,0.1520979939269059,-0.027033010350355904,0.00010305310965387287,0,0,3.836724281311035,0.054189667105674744,10.003094673156738,0.5180180072784424,-0.015678903087973595,-0.0018462081206962466,0,-13,-1001,0,0,-1,0.01590554788708687,0.0026641881559044123,0.0011310750851407647,-0.0020937309600412846,63,3135,0.020558595657348633,12.312,28.78,94,6,10,1.21,831,0.0037595718167722225,0.00028806470800191164,0.008257645182311535,1500,1500,1000,1500,1800,1000,1000,1800
1783917698.8436,8.0601,0.01934,51.70,404,115300,0.280,GUIDED,GUIDED,128,4.0300257205963135,0.0,10.0,0.5,0.0,0.0,nan,nan,nan,nan,nan,nan,nan,nan,nan,nan,0.16209333522787023,-0.027033010350355904,0.00010305310965387287,0,0,3.836724281311035,0.054189667105674744,10.003094673156738,0.5180180072784424,-0.015678903087973595,-0.0018462081206962466,0,-13,-1001,0,0,-1,0.01594783179461956,0.002676613861694932,0.0011242247419431806,-0.002060904633253813,63,3135,0.020558595657348633,12.312,28.78,94,6,10,1.21,831,0.0037595718167722225,0.00028806470800191164,0.008257645182311535,1500,1500,1000,1500,1800,1000,1000,1800
1783917698.8641,8.0801,0.02052,48.72,405,115320,0.301,GUIDED,GUIDED,128,4.040026307106018,0.0,10.0,0.5,0.0,0.0,nan,nan,nan,nan,nan,nan,nan,nan,nan,nan,0.16170592060212235,-0.0266901677064098,5.094256577630428e-06,0,0,3.846919536590576,0.05406925454735756,10.003077507019043,0.518129289150238,-0.015807323157787323,-0.0017797406762838364,0,-13,-1000,0,0,-1,0.015911320224404335,0.002644321881234646,0.0011145543539896607,-0.0020072506740689278,63,3135,0.02018451690673828,12.312,28.78,94,6,10,1.21,831,0.0037595718167722225,0.00028806470800191164,0.008257645182311535,1500,1500,1000,1500,1800,1000,1000,1800
1783917698.8837,8.1000,0.01955,51.14,406,115340,0.320,GUIDED,GUIDED,128,4.050024509429932,0.0,10.0,0.5,0.0,0.0,nan,nan,nan,nan,nan,nan,nan,nan,nan,nan,0.16164324219234438,-0.02667989299596864,-1.8649879463362735e-05,0,0,3.856977939605713,0.054114170372486115,10.00307559967041,0.5181307196617126,-0.015839187428355217,-0.001764930784702301,0,-13,-1000,0,0,-1,0.015911320224404335,0.002644321881234646,0.0011145543539896607,-0.0020072506740689278,63,3135,0.01939868927001953,12.312,28.78,94,6,10,1.21,831,0.0037595718167722225,0.00028806470800191164,0.008257645182311535,1500,1500,1000,1500,1800,1000,1000,1800
1783917698.9043,8.1200,0.02062,48.50,407,115380,0.341,GUIDED,GUIDED,128,4.060021281242371,0.0,10.0,0.5,0.0,0.0,nan,nan,nan,nan,nan,nan,nan,nan,nan,nan,0.15100826664377093,-0.02622362511909424,-0.00015754601995741045,0,0,3.877305030822754,0.05395502224564552,10.0030517578125,0.5183066129684448,-0.01601072959601879,-0.001670973957516253,0,-13,-1001,0,0,-1,0.015931902453303337,0.002640533959493041,0.0010836553992703557,-0.0019589888397604227,63,3135,0.020535945892333984,12.312,28.78,94,6,10,1.21,831,0.0037595718167722225,0.00028806470800191164,0.008257645182311535,1500,1500,1000,1500,1800,1000,1000,1800
1783917698.9239,8.1400,0.01959,51.05,408,115400,0.360,GUIDED,GUIDED,128,4.070021390914917,0.0,10.0,0.5,0.0,0.0,nan,nan,nan,nan,nan,nan,nan,nan,nan,nan,0.15104754563277528,-0.026367473974646453,-0.00012797166649833758,0,0,3.887314796447754,0.05407002568244934,10.003057479858398,0.5182783603668213,-0.015994075685739517,-0.001691352343186736,0,-13,-1000,2,3,-1,0.01596132665872574,0.0026792206335812807,0.0010686747264117002,-0.0018671288853511214,63,3135,0.019499778747558594,12.312,28.78,94,6,10,1.21,831,0.003864643396809697,0.0002942912105936557,0.008403967134654522,1500,1500,1000,1500,1800,1000,1000,1800
1783917698.9436,8.1600,0.01970,50.76,409,115400,0.380,GUIDED,GUIDED,128,4.080000162124634,0.0,10.0,0.5,0.0,0.0,nan,nan,nan,nan,nan,nan,nan,nan,nan,nan,0.16102631684249205,-0.026367473974646453,-0.00012797166649833758,0,0,3.887314796447754,0.05407002568244934,10.003057479858398,0.5182783603668213,-0.015994075685739517,-0.001691352343186736,0,-13,-1000,2,3,-1,0.015947939828038216,0.002636201912537217,0.0010748860659077764,-0.0018044277094304562,63,3135,0.019499778747558594,12.312,28.78,94,6,10,1.21,831,0.003864643396809697,0.0002942912105936557,0.008403967134654522,1500,1500,1000,1500,1800,1000,1000,1800
1783917698.9641,8.1800,0.02057,48.60,410,115440,0.401,GUIDED,GUIDED,128,4.090023994445801,0.0,10.0,0.5,0.0,0.0,nan,nan,nan,nan,nan,nan,nan,nan,nan,nan,0.15103513959300924,-0.026571378149006435,7.766419216904442e-05,0,0,3.907405376434326,0.05422719195485115,10.003059387207031,0.5182347297668457,-0.01596709154546261,-0.0018111774697899818,0,-13,-1000,0,3,-1,0.015918804332613945,0.00267090299166739,0.001077438471838832,-0.0018825049046427011,63,3135,0.02049112319946289,12.312,28.78,94,6,10,1.21,831,0.003864643396809697,0.0002942912105936557,0.008403967134654522,1500,1500,1000,1500,1800,1000,1000,1800
1783917698.9836,8.2000,0.01943,51.47,411,115440,0.420,GUIDED,GUIDED,128,4.100024104118347,0.0,10.0,0.5,0.0,0.0,nan,nan,nan,nan,nan,nan,nan,nan,nan,nan,0.1610352492655556,-0.026571378149006435,7.766419216904442e-05,0,0,3.907405376434326,0.05422719195485115,10.003059387207031,0.5182347297668457,-0.01596709154546261,-0.0018111774697899818,0,-13,-1000,0,3,-1,0.015891050919890404,0.002622587839141488,0.001075351145118475,-0.001876716734841466,63,3135,0.02049112319946289,12.312,28.78,94,6,10,1.21,831,0.003864643396809697,0.0002942912105936557,0.008403967134654522,1500,1500,1000,1500,1800,1000,1000,1800
1783917699.0042,8.2200,0.02062,48.50,412,115480,0.441,GUIDED,GUIDED,128,4.110022783279419,0.0,10.0,0.5,0.0,0.0,nan,nan,nan,nan,nan,nan,nan,nan,nan,nan,0.1508371404575669,-0.026450237630668453,0.0002624504473268726,0,0,3.927581310272217,0.05428007245063782,10.003046035766602,0.5182467699050903,-0.016067562624812126,-0.0019101554062217474,0,-13,-1000,0,2,-1,0.015864206477999687,0.002652715193107724,0.001070322934538126,-0.0019758669659495354,63,3135,0.020213603973388672,12.312,28.75,94,6,10,1.21,831,0.003864643396809697,0.0002942912105936557,0.008403967134654522,1500,1500,1000,1500,1800,1000,1000,1800
1783917699.0235,8.2400,0.01934,51.71,413,115480,0.460,GUIDED,GUIDED,128,4.120000123977661,0.0,10.0,0.5,0.0,0.0,nan,nan,nan,nan,nan,nan,nan,nan,nan,nan,0.1608144811558091,-0.026450237630668453,0.0002624504473268726,0,0,3.927581310272217,0.05428007245063782,10.003046035766602,0.5182467699050903,-0.016067562624812126,-0.0019101554062217474,0,-13,-1000,0,2,-1,0.015864206477999687,0.002652715193107724,0.001070322934538126,-0.0019758669659495354,63,3135,0.01922917366027832,12.312,28.75,94,6,10,1.21,831,0.003864643396809697,0.0002942912105936557,0.008403967134654522,1500,1500,1000,1500,1800,1000,1000,1800
1783917699.0441,8.2600,0.02055,48.67,414,115500,0.481,GUIDED,GUIDED,128,4.129999995231628,0.0,10.0,0.5,0.0,0.0,nan,nan,nan,nan,nan,nan,nan,nan,nan,nan,0.16082210412017917,-0.02657100145220511,0.00033203465650647,0,0,3.9376144409179688,0.054372452199459076,10.003046035766602,0.5182231664657593,-0.016051175072789192,-0.0019503298681229353,0,-13,-1000,0,2,-1,0.015815675258636475,0.0026510185562074184,0.0010543479584157467,-0.002086569555103779,63,3135,0.020209074020385742,12.312,28.75,94,6,10,1.21,831,0.003864643396809697,0.0002892721095122397,0.008403967134654522,1500,1500,1000,1500,1800,1000,1000,1800
1783917699.0641,8.2800,0.01997,50.07,415,115540,0.501,GUIDED,GUIDED,128,4.140024900436401,0.0,10.0,0.5,0.0,0.0,nan,nan,nan,nan,nan,nan,nan,nan,nan,nan,0.15044396225891357,-0.02616171958208852,0.00032753908979290397,0,0,3.95790433883667,0.054276272654533386,10.003023147583008,0.5182884931564331,-0.016231944784522057,-0.0019345198525115848,0,-13,-1001,2,0,-1,0.01583925262093544,0.002616737736389041,0.001038332236930728,-0.0021844259463250637,63,3135,0.019868135452270508,12.312,28.75,94,6,10,1.21,831,0.003864643396809697,0.0002892721095122397,0.008403967134654522,1500,1500,1000,1500,1800,1000,1000,1800
1783917699.0837,8.3000,0.01962,50.98,416,115540,0.520,GUIDED,GUIDED,128,4.150024056434631,0.0,10.0,0.5,0.0,0.0,nan,nan,nan,nan,nan,nan,nan,nan,nan,nan,0.16044311825714352,-0.02616171958208852,0.00032753908979290397,0,0,3.95790433883667,0.054276272654533386,10.003023147583008,0.5182884931564331,-0.016231944784522057,-0.0019345198525115848,0,-13,-1001,2,0,-1,0.015836581587791443,0.002651776419952512,0.0010202077683061361,-0.0021661834325641394,63,3135,0.019868135452270508,12.312,28.75,94,6,10,1.21,831,0.003864643396809697,0.0002892721095122397,0.008403967134654522,1500,1500,1000,1500,1800,1000,1000,1800
1783917699.1041,8.3200,0.02041,49.00,417,115580,0.541,GUIDED,GUIDED,128,4.160022616386414,0.0,10.0,0.5,0.0,0.0,nan,nan,nan,nan,nan,nan,nan,nan,nan,nan,0.14988585934154758,-0.025647047655305885,0.00020330283792401255,0,0,3.9782626628875732,0.054096028208732605,10.002994537353516,0.5184025168418884,-0.016425026580691338,-0.0018462738953530788,0,-13,-1001,3,0,-1,0.015865430235862732,0.0026117581874132156,0.0009984372882172465,-0.002102635335177183,63,3135,0.020319461822509766,12.312,28.75,94,6,10,1.21,831,0.003864643396809697,0.0002892721095122397,0.008403967134654522,1500,1500,1000,1500,1800,1000,1000,1800
1783917699.1236,8.3400,0.01953,51.21,418,115580,0.560,GUIDED,GUIDED,128,4.170023679733276,0.0,10.0,0.5,0.0,0.0,nan,nan,nan,nan,nan,nan,nan,nan,nan,nan,0.15988692268841037,-0.025647047655305885,0.00020330283792401255,0,0,3.9782626628875732,0.054096028208732605,10.002994537353516,0.5184025168418884,-0.016425026580691338,-0.0018462738953530788,0,-13,-1001,3,0,-1,0.01583542861044407,0.0026432392187416553,0.000979460310190916,-0.0019926978275179863,63,3135,0.020319461822509766,12.312,28.75,94,6,10,1.21,831,0.003864643396809697,0.0002892721095122397,0.008403967134654522,1500,1500,1000,1500,1800,1000,1000,1800
1783917699.1442,8.3601,0.02054,48.67,419,115620,0.581,GUIDED,GUIDED,128,4.180025339126587,0.0,10.0,0.5,0.0,0.0,nan,nan,nan,nan,nan,nan,nan,nan,nan,nan,0.14970418446659922,-0.02562362280986257,8.277399054825926e-05,0,0,3.9984254837036133,0.05414106324315071,10.002978324890137,0.5184149742126465,-0.01646455191075802,-0.0017673262627795339,0,-13,-1001,2,0,-1,0.01585312746465206,0.002608628012239933,0.000979254487901926,-0.0019328977214172482,63,3135,0.020461559295654297,12.312,28.75,94,6,10,1.21,831,0.003991803154349327,0.0002952628128696233,0.008276812732219696,1500,1500,1000,1500,1800,1000,1000,1800
1783917699.1635,8.3801,0.01938,51.61,420,115620,0.600,GUIDED,GUIDED,128,4.190030455589294,0.0,10.0,0.5,0.0,0.0,nan,nan,nan,nan,nan,nan,nan,nan,nan,nan,0.1597093009293067,-0.02562362280986257,8.277399054825926e-05,0,0,3.9984254837036133,0.05414106324315071,10.002978324890137,0.5184149742126465,-0.01646455191075802,-0.0017673262627795339,0,-13,-1001,2,0,-1,0.01585312746465206,0.002608628012239933,0.000979254487901926,-0.0019328977214172482,63,3135,0.020461559295654297,12.312,28.75,94,6,10,1.21,831,0.003991803154349327,0.0002952628128696233,0.008276812732219696,1500,1500,1000,1500,1800,1000,1000,1800
1783917699.1845,8.4000,0.02093,47.79,421,115660,0.621,GUIDED,GUIDED,128,4.200024247169495,0.0,10.0,0.5,0.0,0.0,nan,nan,nan,nan,nan,nan,nan,nan,nan,nan,0.14967486033089925,-0.025735916615212774,-6.547176571780784e-05,0,0,4.018548488616943,0.05423242226243019,10.00296688079834,0.5183602571487427,-0.01645246520638466,-0.0016751292860135436,0,-13,-1001,2,1,-1,0.015839140862226486,0.0026056980714201927,0.0009757271036505699,-0.0018200107151642442,63,3135,0.020859241485595703,12.312,28.75,94,6,10,1.21,831,0.003991803154349327,0.0002952628128696233,0.008276812732219696,1500,1500,1000,1500,1800,1000,1000,1800
1783917699.2039,8.4200,0.01943,51.47,422,115680,0.640,GUIDED,GUIDED,128,4.210021018981934,0.0,10.0,0.5,0.0,0.0,nan,nan,nan,nan,nan,nan,nan,nan,nan,nan,0.14980585426063983,-0.025948845494359517,-9.824447322698661e-05,0,0,4.028555393218994,0.05434771999716759,10.00296688079834,0.5182787775993347,-0.01639609783887863,-0.0016562079545110464,0,-13,-1001,0,1,-1,0.015797320753335953,0.0026212804950773716,0.0009731427417136729,-0.001694770297035575,63,3135,0.01934361457824707,12.312,28.75,94,6,10,1.21,831,0.003991803154349327,0.0002952628128696233,0.008276812732219696,1500,1500,1000,1500,1800,1000,1000,1800
1783917699.2237,8.4400,0.01978,50.55,423,115680,0.660,GUIDED,GUIDED,128,4.220022082328796,0.0,10.0,0.5,0.0,0.0,nan,nan,nan,nan,nan,nan,nan,nan,nan,nan,0.1598069176075026,-0.025948845494359517,-9.824447322698661e-05,0,0,4.028555393218994,0.05434771999716759,10.00296688079834,0.5182787775993347,-0.01639609783887863,-0.0016562079545110464,0,-13,-1001,0,1,-1,0.015824301168322563,0.002602833556011319,0.0009702914976514876,-0.0016709782648831606,63,3135,0.01934361457824707,12.312,28.75,94,6,10,1.21,831,0.003991803154349327,0.0002952628128696233,0.008276812732219696,1500,1500,1000,1500,1800,1000,1000,1800
1783917699.2441,8.4600,0.02039,49.04,424,115720,0.681,GUIDED,GUIDED,128,4.230021715164185,0.0,10.0,0.5,0.0,0.0,nan,nan,nan,nan,nan,nan,nan,nan,nan,nan,0.1495280996061455,-0.025713430728615608,-0.00020468700402959117,0,0,4.048797607421875,0.054285019636154175,10.002952575683594,0.5182996988296509,-0.01649581454694271,-0.001586494268849492,0,-13,-1001,-1,0,-1,0.015760527923703194,0.002584326546639204,0.0009678554488345981,-0.0015782046830281615,63,3135,0.020308494567871094,12.312,28.75,94,6,10,1.21,831,0.003991803154349327,0.0002961289428640157,0.008276812732219696,1500,1500,1000,1500,1800,1000,1000,1800
1783917699.2636,8.4800,0.01956,51.12,425,115720,0.700,GUIDED,GUIDED,128,4.240023136138916,0.0,10.0,0.5,0.0,0.0,nan,nan,nan,nan,nan,nan,nan,nan,nan,nan,0.1595295205808769,-0.025713430728615608,-0.00020468700402959117,0,0,4.048797607421875,0.054285019636154175,10.002952575683594,0.5182996988296509,-0.01649581454694271,-0.001586494268849492,0,-13,-1001,-1,0,-1,0.015771981328725815,0.0025843495968729258,0.0009659904171712697,-0.0014136817771941423,63,3135,0.020308494567871094,12.312,28.75,94,6,10,1.21,831,0.003991803154349327,0.0002961289428640157,0.008276812732219696,1500,1500,1000,1500,1800,1000,1000,1800
1783917699.2842,8.5000,0.02058,48.58,426,115760,0.721,GUIDED,GUIDED,128,4.250022530555725,0.0,10.0,0.5,0.0,0.0,nan,nan,nan,nan,nan,nan,nan,nan,nan,nan,0.14909079763182576,-0.025364714057766597,-0.00018206799012347383,0,0,4.06911039352417,0.05413728207349777,10.002935409545898,0.5183720588684082,-0.016611849889159203,-0.0015896424883976579,0,-13,-1000,0,0,-1,0.015714289620518684,0.002570454264059663,0.0009610990528017282,-0.0013477271422743797,63,3135,0.020501136779785156,12.312,28.78,94,6,10,1.21,831,0.003991803154349327,0.0002961289428640157,0.008276812732219696,1500,1500,1000,1500,1800,1000,1000,1800
1783917699.3035,8.5201,0.01930,51.80,427,115760,0.740,GUIDED,GUIDED,128,4.260026335716248,0.0,10.0,0.5,0.0,0.0,nan,nan,nan,nan,nan,nan,nan,nan,nan,nan,0.15909460279234822,-0.025364714057766597,-0.00018206799012347383,0,0,4.06911039352417,0.05413728207349777,10.002935409545898,0.5183720588684082,-0.016611849889159203,-0.0015896424883976579,0,-13,-1000,0,0,-1,0.015714289620518684,0.002570454264059663,0.0009610990528017282,-0.0013477271422743797,63,3135,0.020501136779785156,12.312,28.78,94,6,10,1.21,831,0.003991803154349327,0.0002961289428640157,0.008276812732219696,1500,1500,1000,1500,1800,1000,1000,1800
1783917699.3244,8.5400,0.02085,47.96,428,115780,0.761,GUIDED,GUIDED,128,4.270021677017212,0.0,10.0,0.5,0.0,0.0,nan,nan,nan,nan,nan,nan,nan,nan,nan,nan,0.15896569819613643,-0.025237539533789297,-0.00014960030593445892,0,0,4.0792341232299805,0.05410527065396309,10.002930641174316,0.5183723568916321,-0.016666792333126068,-0.0016056346939876676,0,-13,-1000,1,0,-1,0.015690220519900322,0.0025438808370381594,0.0009442727896384895,-0.0013428825186565518,63,3135,0.020389795303344727,12.312,28.78,94,6,10,1.21,831,0.003991803154349327,0.0002961289428640157,0.008276812732219696,1500,1500,1000,1500,1800,1000,1000,1800
1783917699.3439,8.5600,0.01956,51.12,429,115820,0.780,GUIDED,GUIDED,128,4.280000329017639,0.0,10.0,0.5,0.0,0.0,nan,nan,nan,nan,nan,nan,nan,nan,nan,nan,0.14890509253026152,-0.025261975429091272,-0.00015252099977801532,0,0,4.099382400512695,0.05413571372628212,10.002914428710938,0.5183094143867493,-0.016670260578393936,-0.0015945881605148315,0,-13,-1001,0,3,-1,0.015674810856580734,0.0025705844163894653,0.0009543779888190329,-0.0013379727024585009,63,3135,0.01947617530822754,12.312,28.78,94,6,10,1.21,831,0.0041541834361851215,0.00030151859391480684,0.008364000357687473,1500,1500,1000,1500,1800,1000,1000,1800
1783917699.3636,8.5800,0.01964,50.91,430,115820,0.800,GUIDED,GUIDED,128,4.29000198841095,0.0,10.0,0.5,0.0,0.0,nan,nan,nan,nan,nan,nan,nan,nan,nan,nan,0.15890675192357206,-0.025261975429091272,-0.00015252099977801532,0,0,4.099382400512695,0.05413571372628212,10.002914428710938,0.5183094143867493,-0.016670260578393936,-0.0015945881605148315,0,-13,-1001,0,3,-1,0.015691859647631645,0.0025183530524373055,0.0009619980701245368,-0.0012628997210413218,63,3135,0.01947617530822754,12.312,28.78,94,6,10,1.21,831,0.0041541834361851215,0.00030151859391480684,0.008364000357687473,1500,1500,1000,1500,1800,1000,1000,1800
1783917699.3841,8.6000,0.02052,48.74,431,115860,0.821,GUIDED,GUIDED,128,4.3000229597091675,0.0,10.0,0.5,0.0,0.0,nan,nan,nan,nan,nan,nan,nan,nan,nan,nan,0.1489709308638395,-0.025454087960393192,-5.717546175426896e-05,0,0,4.119485378265381,0.05421721935272217,10.002897262573242,0.5182250142097473,-0.016606401652097702,-0.0016397250583395362,0,-13,-1000,0,3,-1,0.015658654272556305,0.002557678148150444,0.000967496947851032,-0.001295886468142271,63,3135,0.020433664321899414,12.312,28.75,94,6,10,1.21,831,0.0041541834361851215,0.00030151859391480684,0.008364000357687473,1500,1500,1000,1500,1800,1000,1000,1800
1783917699.4036,8.6200,0.01951,51.25,432,115860,0.840,GUIDED,GUIDED,128,4.310021877288818,0.0,10.0,0.5,0.0,0.0,nan,nan,nan,nan,nan,nan,nan,nan,nan,nan,0.15896984844349035,-0.025454087960393192,-5.717546175426896e-05,0,0,4.119485378265381,0.05421721935272217,10.002897262573242,0.5182250142097473,-0.016606401652097702,-0.0016397250583395362,0,-13,-1000,0,3,-1,0.015699254348874092,0.0025143823586404324,0.0009680308285169303,-0.0013732321094721556,63,3135,0.020433664321899414,12.312,28.75,94,6,10,1.21,831,0.0041541834361851215,0.00030151859391480684,0.008364000357687473,1500,1500,1000,1500,1800,1000,1000,1800
1783917699.4241,8.6400,0.02052,48.74,433,115900,0.861,GUIDED,GUIDED,128,4.320021390914917,0.0,10.0,0.5,0.0,0.0,nan,nan,nan,nan,nan,nan,nan,nan,nan,nan,0.14928940091089293,-0.025778831475621655,-0.00015315636107136963,0,0,4.139500141143799,0.054400794208049774,10.002889633178711,0.5180317163467407,-0.016524897888302803,-0.0015799056272953749,0,-13,-1001,0,2,0,0.015661068260669708,0.0025443185586482286,0.0009726919233798981,-0.0012649937998503447,63,3135,0.02043461799621582,12.312,28.75,94,6,10,1.21,831,0.0041541834361851215,0.0003025376354344189,0.008364000357687473,1500,1500,1000,1500,1800,1000,1000,1800
1783917699.4435,8.6601,0.01942,51.50,434,115900,0.880,GUIDED,GUIDED,128,4.33002781867981,0.0,10.0,0.5,0.0,0.0,nan,nan,nan,nan,nan,nan,nan,nan,nan,nan,0.15929582867578548,-0.025778831475621655,-0.00015315636107136963,0,0,4.139500141143799,0.054400794208049774,10.002889633178711,0.5180317163467407,-0.016524897888302803,-0.0015799056272953749,0,-13,-1001,0,2,0,0.015661068260669708,0.0025443185586482286,0.0009726919233798981,-0.0012649937998503447,63,3135,0.02043461799621582,12.312,28.75,94,6,10,1.21,831,0.0041541834361851215,0.0003025376354344189,0.008364000357687473,1500,1500,1000,1500,1800,1000,1000,1800
1783917699.4645,8.6800,0.02095,47.73,435,115940,0.901,GUIDED,GUIDED,128,4.340022325515747,0.0,10.0,0.5,0.0,0.0,nan,nan,nan,nan,nan,nan,nan,nan,nan,nan,0.14903476069507338,-0.025501155757049674,-0.00013674294326047496,0,0,4.159768104553223,0.05427400767803192,10.002869606018066,0.5180245637893677,-0.016612013801932335,-0.0015778192318975925,0,-13,-1000,1,3,0,0.01566074788570404,0.0025538208428770304,0.0009768495801836252,-0.0011799639323726296,63,3135,0.020870685577392578,12.312,28.75,94,6,10,1.21,831,0.0041541834361851215,0.0003025376354344189,0.008364000357687473,1500,1500,1000,1500,1800,1000,1000,1800
1783917699.4840,8.7000,0.01950,51.28,436,115960,0.920,GUIDED,GUIDED,128,4.350022315979004,0.0,10.0,0.5,0.0,0.0,nan,nan,nan,nan,nan,nan,nan,nan,nan,nan,0.14872852603720713,-0.025113441058412626,-8.61946318100968e-06,0,0,4.1699910163879395,0.05410243198275566,10.002849578857422,0.5180726647377014,-0.016736801713705063,-0.0016402286710217595,0,-13,-1000,0,0,0,0.01564435102045536,0.002520690206438303,0.0009719977388158441,-0.0012484926264733076,63,3135,0.019394636154174805,12.312,28.75,94,6,10,1.21,831,0.0041541834361851215,0.0003025376354344189,0.008364000357687473,1500,1500,1000,1500,1800,1000,1000,1800
1783917699.5036,8.7200,0.01966,50.87,437,115960,0.940,GUIDED,GUIDED,128,4.360021114349365,0.0,10.0,0.5,0.0,0.0,nan,nan,nan,nan,nan,nan,nan,nan,nan,nan,0.15872732440756843,-0.025113441058412626,-8.61946318100968e-06,0,0,4.1699910163879395,0.05410243198275566,10.002849578857422,0.5180726647377014,-0.016736801713705063,-0.0016402286710217595,0,-13,-1000,0,0,0,0.015647653490304947,0.0025630448944866657,0.0009644349338486791,-0.001294538495130837,63,3135,0.019394636154174805,12.312,28.75,94,6,10,1.21,831,0.0041541834361851215,0.0003025376354344189,0.008364000357687473,1500,1500,1000,1500,1800,1000,1000,1800
1783917699.5241,8.7400,0.02045,48.90,438,116000,0.961,GUIDED,GUIDED,128,4.370021224021912,0.0,10.0,0.5,0.0,0.0,nan,nan,nan,nan,nan,nan,nan,nan,nan,nan,0.14883120835311714,-0.025215314428997902,0.00032303088165882513,0,0,4.190097332000732,0.05415646731853485,10.002830505371094,0.5179513692855835,-0.016709182411432266,-0.001820695004425943,0,-13,-1000,1,0,-1,0.01565099135041237,0.0025321906432509422,0.0009541044128127396,-0.001338738715276122,63,3135,0.020366430282592773,12.312,28.75,94,6,10,1.21,831,0.004306484013795853,0.00030733022140339017,0.00832951907068491,1500,1500,1000,1500,1800,1000,1000,1800
1783917699.5436,8.7600,0.01948,51.33,439,116000,0.980,GUIDED,GUIDED,128,4.3800013065338135,0.0,10.0,0.5,0.0,0.0,nan,nan,nan,nan,nan,nan,nan,nan,nan,nan,0.15881129086501897,-0.025215314428997902,0.00032303088165882513,0,0,4.190097332000732,0.05415646731853485,10.002830505371094,0.5179513692855835,-0.016709182411432266,-0.001820695004425943,0,-13,-1000,1,0,-1,0.015650533139705658,0.0025791493244469166,0.0009600799530744553,-0.0014078487874940038,63,3135,0.020366430282592773,12.312,28.75,94,6,10,1.21,831,0.004306484013795853,0.00030733022140339017,0.00832951907068491,1500,1500,1000,1500,1800,1000,1000,1800
1783917699.5642,8.7800,0.02062,48.48,440,116040,0.000,GUIDED,GUIDED,128,4.390000939369202,0.0,10.0,0.5,0.0,0.0,nan,nan,nan,nan,nan,nan,nan,nan,nan,nan,0.14948607579559003,-0.025446766920491477,0.00044588549440827433,0,0,4.209707736968994,0.05428288131952286,10.002803802490234,0.5177865028381348,-0.016648538410663605,-0.001876208232715726,0,-13,-1000,1,0,-1,0.015640931203961372,0.0025474228896200657,0.000960887991823256,-0.0015340307727456093,63,3135,0.020541667938232422,12.312,28.75,94,6,10,1.21,831,0.004306484013795853,0.00030733022140339017,0.00832951907068491,1500,1500,1000,1500,1800,1000,1000,1800
1783917699.5835,8.8000,0.01934,51.70,441,116040,0.020,GUIDED,GUIDED,128,4.400024771690369,0.0,10.0,0.5,0.0,0.0,nan,nan,nan,nan,nan,nan,nan,nan,nan,nan,0.159509908116757,-0.025446766920491477,0.00044588549440827433,0,0,4.209707736968994,0.05428288131952286,10.002803802490234,0.5177865028381348,-0.016648538410663605,-0.001876208232715726,0,-13,-1000,1,0,-1,0.015640931203961372,0.0025474228896200657,0.000960887991823256,-0.0015340307727456093,63,3135,0.020541667938232422,12.312,28.75,94,6,10,1.21,831,0.004306484013795853,0.00030733022140339017,0.00832951907068491,1500,1500,1000,1500,1800,1000,1000,1800
1783917699.6044,8.8201,0.02086,47.94,442,116080,0.041,GUIDED,GUIDED,128,4.410029768943787,0.0,10.0,0.5,0.0,0.0,nan,nan,nan,nan,nan,nan,nan,nan,nan,nan,0.14958405653181575,-0.02538537271857389,0.00029017358154304713,0,0,4.229833602905273,0.05429369583725929,10.002768516540527,0.517673909664154,-0.016690228134393692,-0.0017659355653449893,0,-13,-1001,1,1,-1,0.015616058371961117,0.002560373628512025,0.0009553356212563813,-0.0014997220132499933,63,3135,0.020749807357788086,12.312,28.75,94,6,10,1.21,831,0.004306484013795853,0.00030733022140339017,0.00832951907068491,1500,1500,1000,1500,1800,1000,1000,1800
1783917699.6239,8.8401,0.01949,51.30,443,116100,0.060,GUIDED,GUIDED,128,4.420025944709778,0.0,10.0,0.5,0.0,0.0,nan,nan,nan,nan,nan,nan,nan,nan,nan,nan,0.1497356376721164,-0.02550771089391226,0.0002042192263416124,0,0,4.239835739135742,0.05436423420906067,10.00275993347168,0.5175829529762268,-0.01666032150387764,-0.0017113543581217527,0,-13,-1001,0,1,-1,0.015593922697007656,0.002574484096840024,0.0009529726230539382,-0.0014646343188360333,63,3135,0.01940441131591797,12.312,28.75,94,6,10,1.21,831,0.004306484013795853,0.0003085396019741893,0.00832951907068491,1500,1500,1000,1500,1800,1000,1000,1800
1783917699.6436,8.8601,0.01975,50.62,444,116100,0.080,GUIDED,GUIDED,128,4.430025815963745,0.0,10.0,0.5,0.0,0.0,nan,nan,nan,nan,nan,nan,nan,nan,nan,nan,0.15973550892608365,-0.02550771089391226,0.0002042192263416124,0,0,4.239835739135742,0.05436423420906067,10.00275993347168,0.5175829529762268,-0.01666032150387764,-0.0017113543581217527,0,-13,-1001,0,1,-1,0.015615982934832573,0.002582575660198927,0.0009506734204478562,-0.0014041722752153873,63,3135,0.01940441131591797,12.312,28.75,94,6,10,1.21,831,0.004306484013795853,0.0003085396019741893,0.00832951907068491,1500,1500,1000,1500,1800,1000,1000,1800
1783917699.6642,8.8800,0.02057,48.62,445,116140,0.100,GUIDED,GUIDED,128,4.440020799636841,0.0,10.0,0.5,0.0,0.0,nan,nan,nan,nan,nan,nan,nan,nan,nan,nan,0.1495610659655163,-0.02514448732511597,0.0002174577716644024,0,0,4.260071754455566,0.0542316772043705,10.002730369567871,0.5175445079803467,-0.016793496906757355,-0.0017019289080053568,0,-13,-1000,-1,0,-1,0.015555262565612793,0.0025461609475314617,0.0009451521909795702,-0.0013764777686446905,63,3135,0.020465850830078125,12.312,28.75,94,6,10,1.21,831,0.004306484013795853,0.0003085396019741893,0.00832951907068491,1500,1500,1000,1500,1800,1000,1000,1800
1783917699.6836,8.9000,0.01937,51.63,446,116140,0.120,GUIDED,GUIDED,128,4.450023651123047,0.0,10.0,0.5,0.0,0.0,nan,nan,nan,nan,nan,nan,nan,nan,nan,nan,0.15956391745172233,-0.02514448732511597,0.0002174577716644024,0,0,4.260071754455566,0.0542316772043705,10.002730369567871,0.5175445079803467,-0.016793496906757355,-0.0017019289080053568,0,-13,-1000,-1,0,-1,0.01558470819145441,0.002580014755949378,0.0009386398014612496,-0.001301071373745799,63,3135,0.020465850830078125,12.312,28.75,94,6,10,1.21,831,0.004306484013795853,0.0003085396019741893,0.00832951907068491,1500,1500,1000,1500,1800,1000,1000,1800
1783917699.7043,8.9200,0.02074,48.22,447,116180,0.141,GUIDED,GUIDED,128,4.460021495819092,0.0,10.0,0.5,0.0,0.0,nan,nan,nan,nan,nan,nan,nan,nan,nan,nan,0.14920447981758828,-0.024647464078494323,0.00030292921706744297,0,0,4.280374526977539,0.05401809141039848,10.002695083618164,0.5175759792327881,-0.01695713959634304,-0.0017309035174548626,0,-13,-1000,0,0,-1,0.015554788522422314,0.002530348487198353,0.0009280580561608076,-0.0012939820298925042,63,3135,0.02065420150756836,12.312,28.78,94,6,10,1.21,831,0.004306484013795853,0.0003085396019741893,0.00832951907068491,1500,1500,1000,1500,1800,1000,1000,1800
1783917699.7235,8.9400,0.01919,52.10,448,116180,0.160,GUIDED,GUIDED,128,4.4700223207473755,0.0,10.0,0.5,0.0,0.0,nan,nan,nan,nan,nan,nan,nan,nan,nan,nan,0.15920530474587194,-0.024647464078494323,0.00030292921706744297,0,0,4.280374526977539,0.05401809141039848,10.002695083618164,0.5175759792327881,-0.01695713959634304,-0.0017309035174548626,0,-13,-1000,0,0,-1,0.015554788522422314,0.002530348487198353,0.0009280580561608076,-0.0012939820298925042,63,3135,0.02065420150756836,12.312,28.78,94,6,10,1.21,831,0.004306484013795853,0.0003085396019741893,0.00832951907068491,1500,1500,1000,1500,1800,1000,1000,1800
1783917699.7441,8.9600,0.02055,48.67,449,116200,0.180,GUIDED,GUIDED,128,4.480002403259277,0.0,10.0,0.5,0.0,0.0,nan,nan,nan,nan,nan,nan,nan,nan,nan,nan,0.15945134952057283,-0.024832879651431074,0.0002714384332771929,0,0,4.290349006652832,0.05410446599125862,10.00268840789795,0.5174371600151062,-0.0168999582529068,-0.001708868076093495,0,-13,-1001,3,0,-1,0.015581831336021423,0.0025029825046658516,0.000923578510992229,-0.0012953674886375666,63,3135,0.020247459411621094,12.312,28.78,94,6,10,1.21,831,0.004366359673440456,0.0003142591449432075,0.008487719111144543,1500,1500,1000,1500,1800,1000,1000,1800
1783917699.7639,8.9800,0.01988,50.30,450,116240,0.200,GUIDED,GUIDED,128,4.490001082420349,0.0,10.0,0.5,0.0,0.0,nan,nan,nan,nan,nan,nan,nan,nan,nan,nan,0.14977427981678743,-0.025076528875850223,0.00015746486681232326,0,0,4.3103485107421875,0.05421239882707596,10.002667427062988,0.5172502398490906,-0.0168216023594141,-0.0016309521161019802,0,-13,-1001,0,2,-1,0.015553482808172703,0.002525330986827612,0.0009257240453734994,-0.0013271209318190813,63,3135,0.019794225692749023,12.312,28.78,94,6,10,1.21,831,0.004366359673440456,0.0003142591449432075,0.008487719111144543,1500,1500,1000,1500,1800,1000,1000,1800
1783917699.7837,9.0000,0.01974,50.67,451,116240,0.220,GUIDED,GUIDED,128,4.500023722648621,0.0,10.0,0.5,0.0,0.0,nan,nan,nan,nan,nan,nan,nan,nan,nan,nan,0.15979692004505888,-0.025076528875850223,0.00015746486681232326,0,0,4.3103485107421875,0.05421239882707596,10.002667427062988,0.5172502398490906,-0.0168216023594141,-0.0016309521161019802,0,-13,-1001,0,2,-1,0.015606140717864037,0.0024891674984246492,0.0009267629939131439,-0.0012500373413786292,63,3135,0.019794225692749023,12.312,28.75,94,6,10,1.21,831,0.004366359673440456,0.0003142591449432075,0.008487719111144543,1500,1500,1000,1500,1800,1000,1000,1800
1783917699.8040,9.0200,0.02038,49.08,452,116280,0.240,GUIDED,GUIDED,128,4.510020613670349,0.0,10.0,0.5,0.0,0.0,nan,nan,nan,nan,nan,nan,nan,nan,nan,nan,0.14990533685144253,-0.02507923999787776,0.0002630863501666375,0,0,4.330432415008545,0.054220281541347504,10.002640724182129,0.5171374082565308,-0.016824588179588318,-0.0016765157924965024,0,-13,-1000,1,2,0,0.015583483502268791,0.002517163520678878,0.0009261524537578225,-0.001269758795388043,63,3135,0.020290613174438477,12.312,28.75,94,6,10,1.21,831,0.004366359673440456,0.0003142591449432075,0.008487719111144543,1500,1500,1000,1500,1800,1000,1000,1800
1783917699.8236,9.0400,0.01955,51.16,453,116280,0.260,GUIDED,GUIDED,128,4.5200207233428955,0.0,10.0,0.5,0.0,0.0,nan,nan,nan,nan,nan,nan,nan,nan,nan,nan,0.1599054465239889,-0.02507923999787776,0.0002630863501666375,0,0,4.330432415008545,0.054220281541347504,10.002640724182129,0.5171374082565308,-0.016824588179588318,-0.0016765157924965024,0,-13,-1000,1,2,0,0.015617487020790577,0.0024911006912589073,0.0009278355864807963,-0.0011361709330230951,63,3135,0.020290613174438477,12.312,28.75,94,6,10,1.21,831,0.004366359673440456,0.0003142591449432075,0.008487719111144543,1500,1500,1000,1500,1800,1000,1000,1800
1783917699.8442,9.0600,0.02059,48.58,454,116320,0.280,GUIDED,GUIDED,128,4.53002142906189,0.0,10.0,0.5,0.0,0.0,nan,nan,nan,nan,nan,nan,nan,nan,nan,nan,0.14983538237352154,-0.024919997767796073,0.00026820362979166224,0,0,4.350581645965576,0.05414290726184845,10.002614974975586,0.5170921087265015,-0.016871854662895203,-0.0016646039439365268,0,-13,-1001,1,0,0,0.015594659373164177,0.002489496022462845,0.0009275111951865256,-0.001204570522531867,63,3135,0.020502090454101562,12.312,28.75,94,6,10,1.21,831,0.004366359673440456,0.00031482207123190165,0.008487719111144543,1500,1500,1000,1500,1800,1000,1000,1800
1783917699.8636,9.0800,0.01938,51.60,455,116320,0.300,GUIDED,GUIDED,128,4.540022969245911,0.0,10.0,0.5,0.0,0.0,nan,nan,nan,nan,nan,nan,nan,nan,nan,nan,0.1598369225575425,-0.024919997767796073,0.00026820362979166224,0,0,4.350581645965576,0.05414290726184845,10.002614974975586,0.5170921087265015,-0.016871854662895203,-0.0016646039439365268,0,-13,-1001,1,0,0,0.015594659373164177,0.002489496022462845,0.0009275111951865256,-0.001204570522531867,63,3135,0.020502090454101562,12.312,28.75,94,6,10,1.21,831,0.004366359673440456,0.00031482207123190165,0.008487719111144543,1500,1500,1000,1500,1800,1000,1000,1800
1783917699.8841,9.1000,0.02056,48.63,456,116360,0.320,GUIDED,GUIDED,128,4.549999713897705,0.0,10.0,0.5,0.0,0.0,nan,nan,nan,nan,nan,nan,nan,nan,nan,nan,0.1495933629858751,-0.024609239538945248,6.742494671600372e-05,0,0,4.370802879333496,0.053981099277734756,10.00259017944336,0.5170915722846985,-0.016957851126790047,-0.001534368610009551,0,-13,-1001,3,0,0,0.015628980472683907,0.0024827918969094753,0.0009198416955769062,-0.0011772944126278162,63,3135,0.020510435104370117,12.312,28.75,94,6,10,1.21,831,0.004366359673440456,0.00031482207123190165,0.008487719111144543,1500,1500,1000,1500,1800,1000,1000,1800
1783917699.9041,9.1200,0.01995,50.11,457,116380,0.340,GUIDED,GUIDED,128,4.560024738311768,0.0,10.0,0.5,0.0,0.0,nan,nan,nan,nan,nan,nan,nan,nan,nan,nan,0.14958738753239448,-0.024535496219094982,0.00010560453307644066,0,0,4.380875587463379,0.05394363775849342,10.002581596374512,0.5170674920082092,-0.016978798434138298,-0.0015514561673626304,0,-13,-1001,1,3,0,0.015629777684807777,0.002510501304641366,0.0009120669565163553,-0.0011611254885792732,63,3135,0.01978468894958496,12.312,28.75,94,6,10,1.21,831,0.004366359673440456,0.00031482207123190165,0.008487719111144543,1500,1500,1000,1500,1800,1000,1000,1800
1783917699.9238,9.1400,0.01971,50.74,458,116380,0.360,GUIDED,GUIDED,128,4.570021152496338,0.0,10.0,0.5,0.0,0.0,nan,nan,nan,nan,nan,nan,nan,nan,nan,nan,0.1595838017169648,-0.024535496219094982,0.00010560453307644066,0,0,4.380875587463379,0.05394363775849342,10.002581596374512,0.5170674920082092,-0.016978798434138298,-0.0015514561673626304,0,-13,-1000,3,0,0,0.015660913661122322,0.002482769312337041,0.0009037924464792013,-0.0011485579889267683,63,3135,0.01978468894958496,12.312,28.75,94,6,10,1.21,831,0.004366359673440456,0.00031482207123190165,0.008487719111144543,1500,1500,1000,1500,1800,1000,1000,1800
1783917699.9442,9.1600,0.02038,49.07,459,116420,0.380,GUIDED,GUIDED,128,4.5800018310546875,0.0,10.0,0.5,0.0,0.0,nan,nan,nan,nan,nan,nan,nan,nan,nan,nan,0.14968043347152354,-0.024665803301231342,0.00018477627394160225,0,0,4.400921821594238,0.05396917089819908,10.0025634765625,0.5169738531112671,-0.016918307170271873,-0.0015867045149207115,0,-13,-1000,0,2,0,0.015622352249920368,0.0025017315056174994,0.0009079828159883618,-0.0012117335572838783,63,3135,0.020288467407226562,12.312,28.75,94,6,10,1.21,831,0.004472292028367519,0.00031960420892573893,0.008363896980881691,1500,1500,1000,1500,1800,1000,1000,1800
1783917699.9637,9.1801,0.01954,51.17,460,116420,0.400,GUIDED,GUIDED,128,4.590034604072571,0.0,10.0,0.5,0.0,0.0,nan,nan,nan,nan,nan,nan,nan,nan,nan,nan,0.1597132064894068,-0.024665803301231342,0.00018477627394160225,0,0,4.400921821594238,0.05396917089819908,10.0025634765625,0.5169738531112671,-0.016918307170271873,-0.0015867045149207115,0,-13,-1000,0,2,0,0.015653204172849655,0.0024702567607164383,0.0009104977361857891,-0.0011722734197974205,63,3135,0.020288467407226562,12.312,28.75,94,6,10,1.21,831,0.004472292028367519,0.00031960420892573893,0.008363896980881691,1500,1500,1000,1500,1800,1000,1000,1800
1783917699.9841,9.2001,0.02039,49.04,461,116460,0.420,GUIDED,GUIDED,128,4.600025177001953,0.0,10.0,0.5,0.0,0.0,nan,nan,nan,nan,nan,nan,nan,nan,nan,nan,0.14980717677343933,-0.025295697338393215,9.970019676828947e-05,0,0,4.421151161193848,0.054261114448308945,10.002559661865234,0.516781747341156,-0.016723191365599632,-0.0015353834023699164,0,-13,-1001,1,3,0,0.015627242624759674,0.002516526496037841,0.0009105712524615228,-0.0011810131836682558,63,3135,0.02031087875366211,12.312,28.78,94,6,10,1.21,831,0.004472292028367519,0.00031960420892573893,0.008363896980881691,1500,1500,1000,1500,1800,1000,1000,1800
1783917700.0036,9.2200,0.01945,51.40,462,116460,0.440,GUIDED,GUIDED,128,4.61002254486084,0.0,10.0,0.5,0.0,0.0,nan,nan,nan,nan,nan,nan,nan,nan,nan,nan,0.15980454463232602,-0.025295697338393215,9.970019676828947e-05,0,0,4.421151161193848,0.054261114448308945,10.002559661865234,0.516781747341156,-0.016723191365599632,-0.0015353834023699164,0,-13,-1001,1,3,0,0.015627242624759674,0.002516526496037841,0.0009105712524615228,-0.0011810131836682558,63,3135,0.02031087875366211,12.312,28.78,94,6,10,1.21,831,0.004472292028367519,0.00031960420892573893,0.008363896980881691,1500,1500,1000,1500,1800,1000,1000,1800
1783917700.0243,9.2400,0.02078,48.11,463,116500,0.461,GUIDED,GUIDED,128,4.620021462440491,0.0,10.0,0.5,0.0,0.0,nan,nan,nan,nan,nan,nan,nan,nan,nan,nan,0.1497081833888983,-0.025237848576330886,8.193804682014036e-05,0,0,4.441259860992432,0.05421403795480728,10.002538681030273,0.5167739987373352,-0.016729410737752914,-0.0015130151296034455,0,-13,-1000,1,3,0,0.015619439072906971,0.002516028005629778,0.0009101128089241683,-0.0011282495688647032,63,3135,0.020702123641967773,12.312,28.78,94,6,10,1.21,831,0.004472292028367519,0.0003195201570633799,0.008363896980881691,1500,1500,1000,1500,1800,1000,1000,1800
1783917700.0440,9.2600,0.01965,50.90,464,116520,0.480,GUIDED,GUIDED,128,4.630007743835449,0.0,10.0,0.5,0.0,0.0,nan,nan,nan,nan,nan,nan,nan,nan,nan,nan,0.1494140460379921,-0.024924554688235852,6.310703384219745e-05,0,0,4.451422691345215,0.054067835211753845,10.002523422241211,0.5168418884277344,-0.016825880855321884,-0.0014933333732187748,0,-13,-1001,1,0,0,0.015616104006767273,0.0024740940425544977,0.0009087464422918856,-0.0011324916267767549,63,3135,0.019533634185791016,12.312,28.78,94,6,10,1.21,831,0.004472292028367519,0.0003195201570633799,0.008363896980881691,1500,1500,1000,1500,1800,1000,1000,1800
1783917700.0639,9.2801,0.01995,50.14,465,116520,0.500,GUIDED,GUIDED,128,4.6400251388549805,0.0,10.0,0.5,0.0,0.0,nan,nan,nan,nan,nan,nan,nan,nan,nan,nan,0.15943144105752333,-0.024924554688235852,6.310703384219745e-05,0,0,4.451422691345215,0.054067835211753845,10.002523422241211,0.5168418884277344,-0.016825880855321884,-0.0014933333732187748,0,-13,-1001,2,3,0,0.01561356708407402,0.002514875028282404,0.0009059032308869064,-0.0011469098972156644,63,3135,0.019533634185791016,12.312,28.78,94,6,10,1.21,831,0.004472292028367519,0.0003195201570633799,0.008363896980881691,1500,1500,1000,1500,1800,1000,1000,1800
1783917700.0840,9.3000,0.02008,49.81,466,116560,0.520,GUIDED,GUIDED,128,4.650023341178894,0.0,10.0,0.5,0.0,0.0,nan,nan,nan,nan,nan,nan,nan,nan,nan,nan,0.14954277085440484,-0.02482141129668553,1.3258853203042438e-05,0,0,4.4714884757995605,0.05406391993165016,10.002514839172363,0.5167385935783386,-0.01688317023217678,-0.0014595980755984783,0,-13,-1001,0,0,0,0.015578287653625011,0.0024788498412817717,0.0008993701194413006,-0.0011169055942445993,63,3135,0.01999187469482422,12.312,28.75,94,6,10,1.21,831,0.004472292028367519,0.0003195201570633799,0.008363896980881691,1500,1500,1000,1500,1800,1000,1000,1800
1783917700.1036,9.3200,0.01958,51.06,467,116560,0.540,GUIDED,GUIDED,128,4.660022497177124,0.0,10.0,0.5,0.0,0.0,nan,nan,nan,nan,nan,nan,nan,nan,nan,nan,0.1595419268526348,-0.02482141129668553,1.3258853203042438e-05,0,0,4.4714884757995605,0.05406391993165016,10.002514839172363,0.5167385935783386,-0.01688317023217678,-0.0014595980755984783,0,-13,-1001,0,0,0,0.015596016310155392,0.002509264275431633,0.0008908349554985762,-0.0011436576023697853,63,3135,0.01999187469482422,12.312,28.75,94,6,10,1.21,831,0.004472292028367519,0.0003195201570633799,0.008363896980881691,1500,1500,1000,1500,1800,1000,1000,1800
1783917700.1241,9.3400,0.02053,48.70,468,116600,0.560,GUIDED,GUIDED,128,4.670020937919617,0.0,10.0,0.5,0.0,0.0,nan,nan,nan,nan,nan,nan,nan,nan,nan,nan,0.1494158254097205,-0.024604938333282048,8.455355690320781e-05,0,0,4.491639137268066,0.05396004766225815,10.002492904663086,0.5167235136032104,-0.01694818027317524,-0.0014880961971357465,0,-13,-1000,0,0,0,0.015549679286777973,0.0024753722827881575,0.0008817148627713323,-0.0012101749889552593,63,3135,0.020449399948120117,12.312,28.75,94,6,10,1.21,831,0.004406795371323824,0.00032336008735001087,0.008255922235548496,1500,1500,1000,1500,1800,1000,1000,1800
1783917700.1435,9.3600,0.01935,51.67,469,116600,0.580,GUIDED,GUIDED,128,4.680002689361572,0.0,10.0,0.5,0.0,0.0,nan,nan,nan,nan,nan,nan,nan,nan,nan,nan,0.15939757685167605,-0.024604938333282048,8.455355690320781e-05,0,0,4.491639137268066,0.05396004766225815,10.002492904663086,0.5167235136032104,-0.01694818027317524,-0.0014880961971357465,0,-13,-1000,0,0,0,0.015549679286777973,0.0024753722827881575,0.0008817148627713323,-0.0012101749889552593,63,3135,0.020449399948120117,12.312,28.75,94,6,10,1.21,831,0.004406795371323824,0.00032336008735001087,0.008255922235548496,1500,1500,1000,1500,1800,1000,1000,1800
1783917700.1641,9.3800,0.02066,48.40,470,116639,0.600,GUIDED,GUIDED,128,4.689999461174011,0.0,10.0,0.5,0.0,0.0,nan,nan,nan,nan,nan,nan,nan,nan,nan,nan,0.14972291426702944,-0.024860322525253803,5.426108725865332e-05,0,0,4.511603355407715,0.05407039821147919,10.002480506896973,0.5165544748306274,-0.016864445060491562,-0.0014634489780291915,0,-13,-1001,1,0,0,0.01554312277585268,0.0024632392451167107,0.0008809913415461779,-0.0012265520635992289,63,3135,0.020575284957885742,12.312,28.75,94,6,10,1.21,831,0.004406795371323824,0.00032336008735001087,0.008255922235548496,1500,1500,1000,1500,1800,1000,1000,1800
1783917700.1839,9.4000,0.01976,50.62,471,116659,0.620,GUIDED,GUIDED,128,4.700003266334534,0.0,10.0,0.5,0.0,0.0,nan,nan,nan,nan,nan,nan,nan,nan,nan,nan,0.15002930355442837,-0.025131915859771956,-3.6432222237951437e-06,0,0,4.521518707275391,0.0542001873254776,10.00247859954834,0.5164286494255066,-0.016782574355602264,-0.0014289167011156678,0,-13,-1001,1,2,0,0.015552625060081482,0.0024907109327614307,0.0008788465056568384,-0.001173924538306892,63,3135,0.019648313522338867,12.312,28.78,94,6,10,1.21,831,0.004406795371323824,0.00032336008735001087,0.008255922235548496,1500,1500,1000,1500,1800,1000,1000,1800
1783917700.2037,9.4200,0.01979,50.54,472,116659,0.640,GUIDED,GUIDED,128,4.710010886192322,0.0,10.0,0.5,0.0,0.0,nan,nan,nan,nan,nan,nan,nan,nan,nan,nan,0.16003692341221643,-0.025131915859771956,-3.6432222237951437e-06,0,0,4.521518707275391,0.0542001873254776,10.00247859954834,0.5164286494255066,-0.016782574355602264,-0.0014289167011156678,0,-13,-1001,1,0,0,0.015545002184808254,0.00245365290902555,0.0008737053140066564,-0.0011927371378988028,63,3135,0.019648313522338867,12.312,28.78,94,6,10,1.21,831,0.004406795371323824,0.00032336008735001087,0.008255922235548496,1500,1500,1000,1500,1800,1000,1000,1800
1783917700.2242,9.4400,0.02050,48.77,473,116699,0.660,GUIDED,GUIDED,128,4.72002387046814,0.0,10.0,0.5,0.0,0.0,nan,nan,nan,nan,nan,nan,nan,nan,nan,nan,0.15004915011791453,-0.025097058186415992,8.999692978538774e-05,0,0,4.5416131019592285,0.054154083132743835,10.002459526062012,0.5163745880126953,-0.016776081174612045,-0.0014719677856191993,0,-13,-1000,0,2,0,0.0155112836509943,0.002481617499142885,0.0008704580832272768,-0.0012091704411432147,63,3135,0.020395278930664062,12.312,28.78,94,6,10,1.21,831,0.004406795371323824,0.00032385491067543626,0.008255922235548496,1500,1500,1000,1500,1800,1000,1000,1800
1783917700.2436,9.4600,0.01938,51.60,474,116699,0.680,GUIDED,GUIDED,128,4.730020523071289,0.0,10.0,0.5,0.0,0.0,nan,nan,nan,nan,nan,nan,nan,nan,nan,nan,0.16004580272106392,-0.025097058186415992,8.999692978538774e-05,0,0,4.5416131019592285,0.054154083132743835,10.002459526062012,0.5163745880126953,-0.016776081174612045,-0.0014719677856191993,0,-13,-1000,0,2,0,0.015540017746388912,0.0024467327166348696,0.0008642249158583581,-0.0012394507648423314,63,3135,0.020395278930664062,12.312,28.78,94,6,10,1.21,831,0.004406795371323824,0.00032385491067543626,0.008255922235548496,1500,1500,1000,1500,1800,1000,1000,1800
1783917700.2642,9.4800,0.02066,48.41,475,116739,0.700,GUIDED,GUIDED,128,4.740020155906677,0.0,10.0,0.5,0.0,0.0,nan,nan,nan,nan,nan,nan,nan,nan,nan,nan,0.14993042147304028,-0.024822900935941555,5.600601361724659e-05,0,0,4.561776638031006,0.05402451753616333,10.00244140625,0.5163465738296509,-0.01685956120491028,-0.00144188164267689,0,-13,-1000,0,2,0,0.01550729013979435,0.002483286429196596,0.0008568716584704816,-0.0012232573935762048,63,3135,0.02055525779724121,12.312,28.78,94,6,10,1.21,831,0.004406795371323824,0.00032385491067543626,0.008255922235548496,1500,1500,1000,1500,1800,1000,1000,1800
1783917700.2835,9.5001,0.01931,51.78,476,116739,0.720,GUIDED,GUIDED,128,4.750031113624573,0.0,10.0,0.5,0.0,0.0,nan,nan,nan,nan,nan,nan,nan,nan,nan,nan,0.15994137919093576,-0.024822900935941555,5.600601361724659e-05,0,0,4.561776638031006,0.05402451753616333,10.00244140625,0.5163465738296509,-0.01685956120491028,-0.00144188164267689,0,-13,-1000,0,2,0,0.01550729013979435,0.002483286429196596,0.0008568716584704816,-0.0012232573935762048,63,3135,0.02055525779724121,12.312,28.78,94,6,10,1.21,831,0.004406795371323824,0.00032385491067543626,0.008255922235548496,1500,1500,1000,1500,1800,1000,1000,1800
1783917700.3042,9.5200,0.02070,48.31,477,116779,0.740,GUIDED,GUIDED,128,4.760022878646851,0.0,10.0,0.5,0.0,0.0,nan,nan,nan,nan,nan,nan,nan,nan,nan,nan,0.14970482729082613,-0.024391444508368772,4.531594887934422e-05,0,0,4.582008361816406,0.05381541699171066,10.002418518066406,0.5163446068763733,-0.016987938433885574,-0.001422495231963694,0,-13,-1001,1,1,0,0.015528000891208649,0.002462944248691201,0.0008350415155291557,-0.0012314511695876718,63,3135,0.020627975463867188,12.312,28.78,94,6,10,1.21,831,0.004406795371323824,0.00032385491067543626,0.008255922235548496,1500,1500,1000,1500,1800,1000,1000,1800
1783917700.3239,9.5401,0.01966,50.85,478,116799,0.760,GUIDED,GUIDED,128,4.7700254917144775,0.0,10.0,0.5,0.0,0.0,nan,nan,nan,nan,nan,nan,nan,nan,nan,nan,0.14998159567035507,-0.02460623193957459,2.8292382453634808e-05,0,0,4.591943264007568,0.05390625074505806,10.002416610717773,0.5162239074707031,-0.016916373744606972,-0.0014115654630586505,0,-13,-1001,2,1,0,0.015552190132439137,0.0024528198409825563,0.0008251260151155293,-0.001192399999126792,63,3135,0.019576311111450195,12.312,28.78,94,6,10,1.21,831,0.004500329494476318,0.000327267189277336,0.008418209850788116,1500,1500,1000,1500,1800,1000,1000,1800
1783917700.3436,9.5600,0.01973,50.68,479,116799,0.780,GUIDED,GUIDED,128,4.780006289482117,0.0,10.0,0.5,0.0,0.0,nan,nan,nan,nan,nan,nan,nan,nan,nan,nan,0.1599623934379942,-0.02460623193957459,2.8292382453634808e-05,0,0,4.591943264007568,0.05390625074505806,10.002416610717773,0.5162239074707031,-0.016916373744606972,-0.0014115654630586505,0,-13,-1001,2,1,0,0.015567806549370289,0.0024394693318754435,0.0008239094167947769,-0.0011616437695920467,63,3135,0.019576311111450195,12.312,28.78,94,6,10,1.21,831,0.004500329494476318,0.000327267189277336,0.008418209850788116,1500,1500,1000,1500,1800,1000,1000,1800
1783917700.3642,9.5800,0.02055,48.67,480,116839,0.800,GUIDED,GUIDED,128,4.7900238037109375,0.0,10.0,0.5,0.0,0.0,nan,nan,nan,nan,nan,nan,nan,nan,nan,nan,0.1503307511970236,-0.024918351445634535,-6.823556675065665e-05,0,0,4.61187219619751,0.05402153357863426,10.002406120300293,0.5160623788833618,-0.016802730038762093,-0.0013497783802449703,0,-13,-1001,0,1,0,0.015540970489382744,0.0024260208010673523,0.0008214371628127992,-0.0011246397625654936,63,3135,0.020462751388549805,12.312,28.78,94,6,10,1.21,831,0.004500329494476318,0.000327267189277336,0.008418209850788116,1500,1500,1000,1500,1800,1000,1000,1800
1783917700.3836,9.6000,0.01941,51.51,481,116839,0.820,GUIDED,GUIDED,128,4.8000242710113525,0.0,10.0,0.5,0.0,0.0,nan,nan,nan,nan,nan,nan,nan,nan,nan,nan,0.16033121849743862,-0.024918351445634535,-6.823556675065665e-05,0,0,4.61187219619751,0.05402153357863426,10.002406120300293,0.5160623788833618,-0.016802730038762093,-0.0013497783802449703,0,-13,-1001,0,1,0,0.015585246495902538,0.002414081012830138,0.0008172711241059005,-0.0011477491352707148,63,3135,0.020462751388549805,12.312,28.75,94,6,10,1.21,831,0.004500329494476318,0.000327267189277336,0.008418209850788116,1500,1500,1000,1500,1800,1000,1000,1800
1783917700.4041,9.6200,0.02052,48.73,482,116879,0.840,GUIDED,GUIDED,128,4.810020804405212,0.0,10.0,0.5,0.0,0.0,nan,nan,nan,nan,nan,nan,nan,nan,nan,nan,0.15049352822270567,-0.024974322605795903,-1.82020837884685e-05,0,0,4.631887912750244,0.0540381483733654,10.002389907836914,0.5159575939178467,-0.016780007630586624,-0.0013693049550056458,0,-13,-1000,0,3,0,0.015540394000709057,0.0024361726827919483,0.0008130115456879139,-0.0010890710400417447,63,3135,0.020439863204956055,12.312,28.75,94,6,10,1.21,831,0.004500329494476318,0.000327267189277336,0.008418209850788116,1500,1500,1000,1500,1800,1000,1000,1800
1783917700.4235,9.6400,0.01942,51.49,483,116879,0.860,GUIDED,GUIDED,128,4.820021748542786,0.0,10.0,0.5,0.0,0.0,nan,nan,nan,nan,nan,nan,nan,nan,nan,nan,0.16049447236027892,-0.024974322605795903,-1.82020837884685e-05,0,0,4.631887912750244,0.0540381483733654,10.002389907836914,0.5159575939178467,-0.016780007630586624,-0.0013693049550056458,0,-13,-1000,0,3,0,0.015540394000709057,0.0024361726827919483,0.0008130115456879139,-0.0010890710400417447,63,3135,0.020439863204956055,12.312,28.75,94,6,10,1.21,831,0.004500329494476318,0.000327267189277336,0.008418209850788116,1500,1500,1000,1500,1800,1000,1000,1800
1783917700.4442,9.6601,0.02067,48.37,484,116899,0.880,GUIDED,GUIDED,128,4.830028414726257,0.0,10.0,0.5,0.0,0.0,nan,nan,nan,nan,nan,nan,nan,nan,nan,nan,0.16071435415798502,-0.02515856011275549,2.1413920536151286e-05,0,0,4.641829967498779,0.054113779217004776,10.002388954162598,0.5158679485321045,-0.016717303544282913,-0.0013916266616433859,0,-13,-1001,2,3,0,0.015570960938930511,0.0024474700912833214,0.0008111816714517772,-0.0009350222535431385,63,3135,0.02032780647277832,12.312,28.75,94,6,10,1.21,831,0.004500329494476318,0.0003274532500654459,0.008418209850788116,1500,1500,1000,1500,1800,1000,1000,1800
1783917700.4642,9.6801,0.01995,50.12,485,116939,0.900,GUIDED,GUIDED,128,4.840028882026672,0.0,10.0,0.5,0.0,0.0,nan,nan,nan,nan,nan,nan,nan,nan,nan,nan,0.15059952059351664,-0.024937093080672088,-3.5297271548784e-05,0,0,4.661962509155273,0.053989559412002563,10.002373695373535,0.515857994556427,-0.016773449257016182,-0.0013500747736543417,0,-13,-1001,1,0,0,0.015574894845485687,0.0024032138753682375,0.0008072260534390807,-0.0009225185494869947,63,3135,0.01983022689819336,12.312,28.75,94,6,10,1.21,831,0.004500329494476318,0.0003274532500654459,0.008418209850788116,1500,1500,1000,1500,1800,1000,1000,1800
1783917700.4837,9.7001,0.01957,51.11,486,116939,0.920,GUIDED,GUIDED,128,4.850028157234192,0.0,10.0,0.5,0.0,0.0,nan,nan,nan,nan,nan,nan,nan,nan,nan,nan,0.16059879580103614,-0.024937093080672088,-3.5297271548784e-05,0,0,4.661962509155273,0.053989559412002563,10.002373695373535,0.515857994556427,-0.016773449257016182,-0.0013500747736543417,0,-13,-1000,4,3,0,0.01563282683491707,0.0024394046049565077,0.0008012379985302687,-0.0009476677514612675,63,3135,0.01983022689819336,12.312,28.75,94,6,10,1.21,831,0.004500329494476318,0.0003274532500654459,0.008418209850788116,1500,1500,1000,1500,1800,1000,1000,1800
1783917700.5042,9.7201,0.02045,48.89,487,116979,0.940,GUIDED,GUIDED,128,4.860029697418213,0.0,10.0,0.5,0.0,0.0,nan,nan,nan,nan,nan,nan,nan,nan,nan,nan,0.15025627765648447,-0.02448875512877945,0.00018499284363300257,0,0,4.682166576385498,0.053785379976034164,10.002351760864258,0.5159388184547424,-0.01691441424190998,-0.0014645954361185431,0,-13,-1000,4,0,0,0.015678271651268005,0.0023941455874592066,0.0007907302933745086,-0.0010502297664061189,63,3135,0.02035808563232422,12.312,28.75,94,6,10,1.21,831,0.004500329494476318,0.0003274532500654459,0.008418209850788116,1500,1500,1000,1500,1800,1000,1000,1800
1783917700.5236,9.7400,0.01941,51.51,488,116979,0.960,GUIDED,GUIDED,128,4.870022654533386,0.0,10.0,0.5,0.0,0.0,nan,nan,nan,nan,nan,nan,nan,nan,nan,nan,0.16024923477165778,-0.02448875512877945,0.00018499284363300257,0,0,4.682166576385498,0.053785379976034164,10.002351760864258,0.5159388184547424,-0.01691441424190998,-0.0014645954361185431,0,-13,-1000,4,0,0,0.015714002773165703,0.002430787542834878,0.0007822276093065739,-0.0010997214121744037,63,3135,0.02035808563232422,12.312,28.75,94,6,10,1.21,831,0.004500329494476318,0.0003274532500654459,0.008418209850788116,1500,1500,1000,1500,1800,1000,1000,1800
1783917700.5444,9.7600,0.02077,48.14,489,117019,0.981,GUIDED,GUIDED,128,4.880002975463867,0.0,10.0,0.5,0.0,0.0,nan,nan,nan,nan,nan,nan,nan,nan,nan,nan,0.15029819804638034,-0.024631140171445683,0.0004045473242544162,0,0,4.70215368270874,0.05381805822253227,10.002331733703613,0.5159066319465637,-0.016851074993610382,-0.001579792588017881,0,-13,-1000,2,0,0,0.015730593353509903,0.002382798818871379,0.0007770683732815087,-0.0012215460883453488,63,3135,0.020657777786254883,12.312,28.75,94,6,10,1.21,831,0.004553135484457016,0.00033040225389413536,0.008260432630777359,1500,1500,1000,1500,1800,1000,1000,1800
1783917700.5635,9.7800,0.01915,52.21,490,117019,0.000,GUIDED,GUIDED,128,4.890001177787781,0.0,10.0,0.5,0.0,0.0,nan,nan,nan,nan,nan,nan,nan,nan,nan,nan,0.16029640037029388,-0.024631140171445683,0.0004045473242544162,0,0,4.70215368270874,0.05381805822253227,10.002331733703613,0.5159066319465637,-0.016851074993610382,-0.001579792588017881,0,-13,-1000,2,0,0,0.015730593353509903,0.002382798818871379,0.0007770683732815087,-0.0012215460883453488,63,3135,0.020657777786254883,12.312,28.75,94,6,10,1.21,831,0.004553135484457016,0.00033040225389413536,0.008260432630777359,1500,1500,1000,1500,1800,1000,1000,1800
1783917700.5842,9.8001,0.02065,48.43,491,117059,0.021,GUIDED,GUIDED,128,4.900028109550476,0.0,10.0,0.5,0.0,0.0,nan,nan,nan,nan,nan,nan,nan,nan,nan,nan,0.1508730908799137,-0.025352928874917753,0.00028413618721356403,0,0,4.721890926361084,0.05413374304771423,10.002323150634766,0.5157409310340881,-0.016616610810160637,-0.0015053177485242486,0,-13,-1001,2,1,0,0.015744967386126518,0.002388258231803775,0.0007636367809027433,-0.0011931494809687138,63,3135,0.02056598663330078,12.312,28.78,94,6,10,1.21,831,0.004553135484457016,0.00033040225389413536,0.008260432630777359,1500,1500,1000,1500,1800,1000,1000,1800
1783917700.6040,9.8201,0.01983,50.43,492,117079,0.041,GUIDED,GUIDED,128,4.91002893447876,0.0,10.0,0.5,0.0,0.0,nan,nan,nan,nan,nan,nan,nan,nan,nan,nan,0.15064427792634658,-0.02512137500867028,0.00022241248665457684,0,0,4.732006072998047,0.05401923879981041,10.002305030822754,0.515807032585144,-0.016684189438819885,-0.0014592200750485063,0,-13,-1001,0,1,0,0.01573806069791317,0.002394524635747075,0.0007565041887573898,-0.0011224218178540468,63,3135,0.019720792770385742,12.312,28.78,94,6,10,1.21,831,0.004553135484457016,0.00033040225389413536,0.008260432630777359,1500,1500,1000,1500,1800,1000,1000,1800
1783917700.6237,9.8400,0.01967,50.84,493,117079,0.060,GUIDED,GUIDED,128,4.920020937919617,0.0,10.0,0.5,0.0,0.0,nan,nan,nan,nan,nan,nan,nan,nan,nan,nan,0.16063628136720348,-0.02512137500867028,0.00022241248665457684,0,0,4.732006072998047,0.05401923879981041,10.002305030822754,0.515807032585144,-0.016684189438819885,-0.0014592200750485063,0,-13,-1001,0,1,0,0.015744971111416817,0.002368771005421877,0.0007507506525143981,-0.001089094439521432,63,3135,0.019720792770385742,12.312,28.78,94,6,10,1.21,831,0.004553135484457016,0.00033040225389413536,0.008260432630777359,1500,1500,1000,1500,1800,1000,1000,1800
1783917700.6442,9.8600,0.02053,48.71,494,117120,0.081,GUIDED,GUIDED,128,4.9300209283828735,0.0,10.0,0.5,0.0,0.0,nan,nan,nan,nan,nan,nan,nan,nan,nan,nan,0.15044744684199268,-0.02545100848850644,0.00014780157648483592,0,0,4.752346038818359,0.054122377187013626,10.002298355102539,0.5157197713851929,-0.016553422436118126,-0.0014122892171144485,0,-13,-1001,0,1,0,0.015696540474891663,0.0023836621548980474,0.0007443424547091126,-0.0010488523403182626,63,3135,0.020427465438842773,12.312,28.78,94,6,10,1.21,831,0.004553135484457016,0.0003309929743409157,0.008260432630777359,1500,1500,1000,1500,1800,1000,1000,1800
1783917700.6636,9.8801,0.01941,51.52,495,117120,0.100,GUIDED,GUIDED,128,4.9400269985198975,0.0,10.0,0.5,0.0,0.0,nan,nan,nan,nan,nan,nan,nan,nan,nan,nan,0.16045351697901658,-0.02545100848850644,0.00014780157648483592,0,0,4.752346038818359,0.054122377187013626,10.002298355102539,0.5157197713851929,-0.016553422436118126,-0.0014122892171144485,0,-13,-1001,0,1,0,0.0157302338629961,0.002400782657787204,0.0007371120154857635,-0.0010331931989639997,63,3135,0.020427465438842773,12.312,28.78,94,6,10,1.21,831,0.004553135484457016,0.0003309929743409157,0.008260432630777359,1500,1500,1000,1500,1800,1000,1000,1800
1783917700.6841,9.9000,0.02051,48.77,496,117160,0.121,GUIDED,GUIDED,128,4.950023412704468,0.0,10.0,0.5,0.0,0.0,nan,nan,nan,nan,nan,nan,nan,nan,nan,nan,0.15016368979028952,-0.025144514138816267,0.0001095124208763008,0,0,4.772523880004883,0.05394827947020531,10.002278327941895,0.515782356262207,-0.016629861667752266,-0.0013786202762275934,0,-13,-1001,0,0,0,0.015673253685235977,0.0023836633190512657,0.0007297176634892821,-0.0009502741741016507,63,3135,0.020420551300048828,12.312,28.78,94,6,10,1.21,831,0.004553135484457016,0.0003309929743409157,0.008260432630777359,1500,1500,1000,1500,1800,1000,1000,1800
1783917700.7035,9.9200,0.01941,51.51,497,117160,0.140,GUIDED,GUIDED,128,4.960001587867737,0.0,10.0,0.5,0.0,0.0,nan,nan,nan,nan,nan,nan,nan,nan,nan,nan,0.16014186495355856,-0.025144514138816267,0.0001095124208763008,0,0,4.772523880004883,0.05394827947020531,10.002278327941895,0.515782356262207,-0.016629861667752266,-0.0013786202762275934,0,-13,-1001,0,0,0,0.015705915167927742,0.0024288813583552837,0.0007234384538605809,-0.000855910824611783,63,3135,0.020420551300048828,12.312,28.78,94,6,10,1.21,831,0.004553135484457016,0.0003309929743409157,0.008260432630777359,1500,1500,1000,1500,1800,1000,1000,1800
1783917700.7241,9.9400,0.02060,48.54,498,117200,0.161,GUIDED,GUIDED,128,4.970002055168152,0.0,10.0,0.5,0.0,0.0,nan,nan,nan,nan,nan,nan,nan,nan,nan,nan,0.1496657129925583,-0.024647898998317746,1.8820845892435645e-05,0,0,4.792764186859131,0.05370231717824936,10.002262115478516,0.5159187912940979,-0.016774576157331467,-0.0013168992009013891,0,-13,-1001,1,0,0,0.015691909939050674,0.0024184242356568575,0.0007159402593970299,-0.0008157025440596044,63,3135,0.020513057708740234,12.312,28.78,94,6,10,1.21,831,0.004553135484457016,0.0003336060035508126,0.008260432630777359,1500,1500,1000,1500,1800,1000,1000,1800
1783917700.7435,9.9600,0.01934,51.71,499,117200,0.180,GUIDED,GUIDED,128,4.98000431060791,0.0,10.0,0.5,0.0,0.0,nan,nan,nan,nan,nan,nan,nan,nan,nan,nan,0.1596679684323166,-0.024647898998317746,1.8820845892435645e-05,0,0,4.792764186859131,0.05370231717824936,10.002262115478516,0.5159187912940979,-0.016774576157331467,-0.0013168992009013891,0,-13,-1001,1,0,0,0.015691909939050674,0.0024184242356568575,0.0007159402593970299,-0.0008157025440596044,63,3135,0.020513057708740234,12.312,28.78,94,6,10,1.21,831,0.004553135484457016,0.0003336060035508126,0.008260432630777359,1500,1500,1000,1500,1800,1000,1000,1800
1783917700.7641,9.9800,0.02060,48.55,500,117220,0.201,GUIDED,GUIDED,128,4.9900062084198,0.0,10.0,0.5,0.0,0.0,nan,nan,nan,nan,nan,nan,nan,nan,nan,nan,0.16022272054692582,-0.02515523745083945,-0.00010315724401147811,0,0,4.802512168884277,0.053922027349472046,10.002266883850098,0.5157451033592224,-0.01660851389169693,-0.0012492281384766102,0,-13,-1001,2,0,0,0.015689866617321968,0.0024308764841407537,0.0007148745353333652,-0.0007397766457870603,63,3135,0.020287036895751953,12.312,28.78,94,6,10,1.21,831,0.005913232918828726,0.0003336060035508126,0.008261896669864655,1500,1500,1000,1500,1800,1000,1000,1800
1783917700.7841,10.0001,0.02005,49.88,501,117260,0.221,GUIDED,GUIDED,128,5.000028491020203,0.0,10.0,0.5,0.0,0.0,nan,nan,nan,nan,nan,nan,nan,nan,nan,nan,0.15052581828664396,-0.025349821015294965,-5.3953350547164027e-05,0,0,4.822378158569336,0.05399852246046066,10.0022554397583,0.5156603455543518,-0.01654033549129963,-0.001271028770133853,0,-13,-1000,0,4,0,0.015664117410779,0.002487514866515994,0.0007163983536884189,-0.0007224932196550071,63,3135,0.019940853118896484,12.312,28.75,94,6,10,1.21,831,0.005913232918828726,0.0003336060035508126,0.008261896669864655,1500,1500,1000,1500,1800,1000,1000,1800
1783917700.8036,10.0200,0.01948,51.33,502,117260,0.240,GUIDED,GUIDED,128,5.010001182556152,0.0,10.0,0.5,0.0,0.0,nan,nan,nan,nan,nan,nan,nan,nan,nan,nan,0.16049850982259362,-0.025349821015294965,-5.3953350547164027e-05,0,0,4.822378158569336,0.05399852246046066,10.0022554397583,0.5156603455543518,-0.01654033549129963,-0.001271028770133853,0,-13,-1000,0,4,0,0.015716318041086197,0.0024525292683392763,0.000717119371984154,-0.0006172629073262215,63,3135,0.019940853118896484,12.312,28.75,94,6,10,1.21,831,0.005913232918828726,0.0003336060035508126,0.008261896669864655,1500,1500,1000,1500,1800,1000,1000,1800
1783917700.8242,10.0400,0.02055,48.65,503,117300,0.261,GUIDED,GUIDED,128,5.020024061203003,0.0,10.0,0.5,0.0,0.0,nan,nan,nan,nan,nan,nan,nan,nan,nan,nan,0.15057733090958172,-0.025317734255865677,-5.92555579102135e-05,0,0,4.842335224151611,0.05398140847682953,10.00224781036377,0.5156528353691101,-0.01654898002743721,-0.0012635627062991261,0,-13,-1000,0,3,0,0.015686796978116035,0.0025049305986613035,0.0007189330644905567,-0.0006361441919580102,63,3135,0.020470619201660156,12.312,28.75,94,6,10,1.21,831,0.005913232918828726,0.00033349203295074403,0.008261896669864655,1500,1500,1000,1500,1800,1000,1000,1800
1783917700.8435,10.0600,0.01938,51.60,504,117300,0.280,GUIDED,GUIDED,128,5.030000329017639,0.0,10.0,0.5,0.0,0.0,nan,nan,nan,nan,nan,nan,nan,nan,nan,nan,0.16055359872421793,-0.025317734255865677,-5.92555579102135e-05,0,0,4.842335224151611,0.05398140847682953,10.00224781036377,0.5156528353691101,-0.01654898002743721,-0.0012635627062991261,0,-13,-1000,0,3,0,0.015686796978116035,0.0025049305986613035,0.0007189330644905567,-0.0006361441919580102,63,3135,0.020470619201660156,12.312,28.75,94,6,10,1.21,831,0.005913232918828726,0.00033349203295074403,0.008261896669864655,1500,1500,1000,1500,1800,1000,1000,1800
1783917700.8641,10.0800,0.02056,48.63,505,117340,0.301,GUIDED,GUIDED,128,5.040004253387451,0.0,10.0,0.5,0.0,0.0,nan,nan,nan,nan,nan,nan,nan,nan,nan,nan,0.1504364703316879,-0.025029312970737908,3.6150084058716135e-05,0,0,4.862374305725098,0.0538782998919487,10.002236366271973,0.5157001614570618,-0.016655970364809036,-0.00131203792989254,0,-13,-1000,1,3,0,0.015708884224295616,0.002527152420952916,0.0007223754073493183,-0.0006213134620338678,63,3135,0.02048349380493164,12.312,28.75,94,6,10,1.21,831,0.005913232918828726,0.00033349203295074403,0.008261896669864655,1500,1500,1000,1500,1800,1000,1000,1800
1783917700.8835,10.1001,0.01941,51.53,506,117340,0.320,GUIDED,GUIDED,128,5.050025224685669,0.0,10.0,0.5,0.0,0.0,nan,nan,nan,nan,nan,nan,nan,nan,nan,nan,0.16045744162990563,-0.025029312970737908,3.6150084058716135e-05,0,0,4.862374305725098,0.0538782998919487,10.002236366271973,0.5157001614570618,-0.016655970364809036,-0.00131203792989254,0,-13,-1000,1,3,0,0.015708884224295616,0.002527152420952916,0.0007223754073493183,-0.0006213134620338678,63,3135,0.02048349380493164,12.312,28.75,94,6,10,1.21,831,0.005913232918828726,0.00033349203295074403,0.008261896669864655,1500,1500,1000,1500,1800,1000,1000,1800
1783917700.9041,10.1200,0.02060,48.55,507,117380,0.341,GUIDED,GUIDED,128,5.059999227523804,0.0,10.0,0.5,0.0,0.0,nan,nan,nan,nan,nan,nan,nan,nan,nan,nan,0.15055209330773478,-0.02494126472578392,1.0750366404448358e-05,0,0,4.882342338562012,0.05383886396884918,10.002232551574707,0.5156489610671997,-0.01668403670191765,-0.0012951709795743227,0,-13,-1001,2,2,0,0.015729732811450958,0.002550034550949931,0.0007186972070485353,-0.0006132309208624065,63,3135,0.02024364471435547,12.312,28.78,93,6,10,1.21,831,0.005913232918828726,0.00033577511203475296,0.008261896669864655,1500,1500,1000,1500,1800,1000,1000,1800
1783917700.9239,10.1400,0.01984,50.41,508,117400,0.361,GUIDED,GUIDED,128,5.070000648498535,0.0,10.0,0.5,0.0,0.0,nan,nan,nan,nan,nan,nan,nan,nan,nan,nan,0.15019934405538787,-0.024465017214496104,-1.4607233130161257e-05,0,0,4.892504692077637,0.05364275351166725,10.002220153808594,0.5157597064971924,-0.01684577390551567,-0.0012733729090541601,0,-13,-1001,1,1,0,0.015734639018774033,0.002525991527363658,0.000716302078217268,-0.0005636545829474926,63,3135,0.019678831100463867,12.312,28.78,93,6,10,1.21,831,0.005913232918828726,0.00033577511203475296,0.008261896669864655,1500,1500,1000,1500,1800,1000,1000,1800
1783917700.9437,10.1600,0.01975,50.63,509,117400,0.380,GUIDED,GUIDED,128,5.080000638961792,0.0,10.0,0.5,0.0,0.0,nan,nan,nan,nan,nan,nan,nan,nan,nan,nan,0.1601993345186447,-0.024465017214496104,-1.4607233130161257e-05,0,0,4.892504692077637,0.05364275351166725,10.002220153808594,0.5157597064971924,-0.01684577390551567,-0.0012733729090541601,0,-13,-1001,1,1,0,0.015746193006634712,0.002534264698624611,0.0007183235138654709,-0.0006070201052352786,63,3135,0.019678831100463867,12.312,28.78,93,6,10,1.21,831,0.005913232918828726,0.00033577511203475296,0.008261896669864655,1500,1500,1000,1500,1800,1000,1000,1800
1783917700.9640,10.1800,0.02032,49.20,510,117440,0.401,GUIDED,GUIDED,128,5.090000629425049,0.0,10.0,0.5,0.0,0.0,nan,nan,nan,nan,nan,nan,nan,nan,nan,nan,0.15064900349780824,-0.024767084791477927,4.2634665890798826e-05,0,0,4.912277698516846,0.053792454302310944,10.00221061706543,0.5156311392784119,-0.01675780490040779,-0.0013009154936298728,0,-13,-1000,0,2,0,0.015707654878497124,0.00254131481051445,0.0007196249207481742,-0.0006759040406905115,63,3135,0.02023935317993164,12.312,28.78,93,6,10,1.21,831,0.0053327567875385284,0.00033577511203475296,0.008109115064144135,1500,1500,1000,1500,1800,1000,1000,1800
1783917700.9835,10.2000,0.01949,51.31,511,117440,0.420,GUIDED,GUIDED,128,5.100000262260437,0.0,10.0,0.5,0.0,0.0,nan,nan,nan,nan,nan,nan,nan,nan,nan,nan,0.16064863633319637,-0.024767084791477927,4.2634665890798826e-05,0,0,4.912277698516846,0.053792454302310944,10.00221061706543,0.5156311392784119,-0.01675780490040779,-0.0013009154936298728,0,-13,-1000,0,2,0,0.015714766457676888,0.0025149318389594555,0.0007199774845503271,-0.0006198482005856931,63,3135,0.02023935317993164,12.312,28.78,93,6,10,1.21,831,0.0053327567875385284,0.00033577511203475296,0.008109115064144135,1500,1500,1000,1500,1800,1000,1000,1800
1783917701.0041,10.2200,0.02062,48.49,512,117480,0.441,GUIDED,GUIDED,128,5.110006213188171,0.0,10.0,0.5,0.0,0.0,nan,nan,nan,nan,nan,nan,nan,nan,nan,nan,0.15137491078870344,-0.02526567204286928,0.00010654338331116424,0,0,4.931930065155029,0.0540560744702816,10.00220775604248,0.5154159665107727,-0.01662214659154415,-0.0013361613964661956,0,-13,-1001,1,3,0,0.015693876892328262,0.002552479039877653,0.000718799012247473,-0.0006628069095313549,63,3135,0.020539283752441406,12.312,28.78,93,6,10,1.21,831,0.0053327567875385284,0.0003361993294674903,0.008109115064144135,1500,1500,1000,1500,1800,1000,1000,1800
1783917701.0235,10.2401,0.01940,51.55,513,117480,0.460,GUIDED,GUIDED,128,5.120026707649231,0.0,10.0,0.5,0.0,0.0,nan,nan,nan,nan,nan,nan,nan,nan,nan,nan,0.16139540524976298,-0.02526567204286928,0.00010654338331116424,0,0,4.931930065155029,0.0540560744702816,10.00220775604248,0.5154159665107727,-0.01662214659154415,-0.0013361613964661956,0,-13,-1001,1,3,0,0.015693876892328262,0.002552479039877653,0.000718799012247473,-0.0006628069095313549,63,3135,0.020539283752441406,12.312,28.78,93,6,10,1.21,831,0.0053327567875385284,0.0003361993294674903,0.008109115064144135,1500,1500,1000,1500,1800,1000,1000,1800
1783917701.0441,10.2600,0.02058,48.60,514,117500,0.481,GUIDED,GUIDED,128,5.130021572113037,0.0,10.0,0.5,0.0,0.0,nan,nan,nan,nan,nan,nan,nan,nan,nan,nan,0.16122700273931334,-0.024966647200496815,5.1932522753413667e-05,0,0,4.942017555236816,0.053930770605802536,10.002196311950684,0.5154597163200378,-0.01672244444489479,-0.0012980245519429445,0,-13,-1001,2,3,0,0.015708470717072487,0.0025538390036672354,0.0007169594173319638,-0.0006474384572356939,63,3135,0.02027106285095215,12.312,28.78,93,6,10,1.21,831,0.0053327567875385284,0.0003361993294674903,0.008109115064144135,1500,1500,1000,1500,1800,1000,1000,1800
1783917701.0639,10.2800,0.01984,50.41,515,117540,0.501,GUIDED,GUIDED,128,5.14000129699707,0.0,10.0,0.5,0.0,0.0,nan,nan,nan,nan,nan,nan,nan,nan,nan,nan,0.15116332838906751,-0.02477215623419572,1.6340956235047846e-05,0,0,4.962031841278076,0.05383117496967316,10.002182960510254,0.5154765248298645,-0.01677723228931427,-0.0012697672937065363,0,-13,-1001,2,0,0,0.01572292670607567,0.0025083753280341625,0.0007139740628190339,-0.0006624583620578051,63,3135,0.019747018814086914,12.312,28.78,93,6,10,1.21,831,0.0053327567875385284,0.0003361993294674903,0.008109115064144135,1500,1500,1000,1500,1800,1000,1000,1800
1783917701.0836,10.3000,0.01967,50.84,516,117540,0.520,GUIDED,GUIDED,128,5.150022029876709,0.0,10.0,0.5,0.0,0.0,nan,nan,nan,nan,nan,nan,nan,nan,nan,nan,0.16118406126870616,-0.02477215623419572,1.6340956235047846e-05,0,0,4.962031841278076,0.05383117496967316,10.002182960510254,0.5154765248298645,-0.01677723228931427,-0.0012697672937065363,0,-13,-1001,2,0,0,0.015764320269227028,0.002547388430684805,0.0007107937708497047,-0.0006796522648073733,63,3135,0.019747018814086914,12.312,28.78,93,6,10,1.21,831,0.0053327567875385284,0.0003361993294674903,0.008109115064144135,1500,1500,1000,1500,1800,1000,1000,1800
1783917701.1041,10.3200,0.02051,48.75,517,117580,0.541,GUIDED,GUIDED,128,5.160023212432861,0.0,10.0,0.5,0.0,0.0,nan,nan,nan,nan,nan,nan,nan,nan,nan,nan,0.15126488606259586,-0.024698175029499968,0.00029242837358845093,0,0,4.9819746017456055,0.0537978857755661,10.002175331115723,0.5154635906219482,-0.01680072583258152,-0.0014247616054490209,0,-13,-1000,2,1,0,0.015781020745635033,0.0025220003444701433,0.0007030187407508492,-0.0007674568332731724,63,3135,0.020430326461791992,12.312,28.75,93,6,10,1.21,831,0.0053327567875385284,0.0003384367155376822,0.008109115064144135,1500,1500,1000,1500,1800,1000,1000,1800
1783917701.1236,10.3400,0.01948,51.33,518,117580,0.560,GUIDED,GUIDED,128,5.170024752616882,0.0,10.0,0.5,0.0,0.0,nan,nan,nan,nan,nan,nan,nan,nan,nan,nan,0.16126642624661683,-0.024698175029499968,0.00029242837358845093,0,0,4.9819746017456055,0.0537978857755661,10.002175331115723,0.5154635906219482,-0.01680072583258152,-0.0014247616054490209,0,-13,-1000,2,1,0,0.015797225758433342,0.0025347769260406494,0.0006931188981980085,-0.0008914701174944639,63,3135,0.020430326461791992,12.312,28.75,93,6,10,1.21,831,0.0053327567875385284,0.0003384367155376822,0.008109115064144135,1500,1500,1000,1500,1800,1000,1000,1800
1783917701.1442,10.3600,0.02062,48.50,519,117620,0.581,GUIDED,GUIDED,128,5.180021405220032,0.0,10.0,0.5,0.0,0.0,nan,nan,nan,nan,nan,nan,nan,nan,nan,nan,0.15136668399819492,-0.02474771995042641,0.0006078792514742676,0,0,5.001858711242676,0.05382972210645676,10.002157211303711,0.5154706835746765,-0.01679050177335739,-0.0015964257763698697,0,-13,-1000,2,1,0,0.015809331089258194,0.002523585455492139,0.0006838983972556889,-0.0010351468808948994,63,3135,0.020536422729492188,12.312,28.75,93,6,10,1.21,831,0.005282146390527487,0.0003384367155376822,0.00809093564748764,1500,1500,1000,1500,1800,1000,1000,1800
1783917701.1635,10.3800,0.01923,52.00,520,117620,0.600,GUIDED,GUIDED,128,5.1900012493133545,0.0,10.0,0.5,0.0,0.0,nan,nan,nan,nan,nan,nan,nan,nan,nan,nan,0.16134652809151764,-0.02474771995042641,0.0006078792514742676,0,0,5.001858711242676,0.05382972210645676,10.002157211303711,0.5154706835746765,-0.01679050177335739,-0.0015964257763698697,0,-13,-1000,2,1,0,0.015809331089258194,0.002523585455492139,0.0006838983972556889,-0.0010351468808948994,63,3135,0.020536422729492188,12.312,28.75,93,6,10,1.21,831,0.005282146390527487,0.0003384367155376822,0.00809093564748764,1500,1500,1000,1500,1800,1000,1000,1800
1783917701.1843,10.4000,0.02081,48.06,521,117660,0.621,GUIDED,GUIDED,128,5.200023055076599,0.0,10.0,0.5,0.0,0.0,nan,nan,nan,nan,nan,nan,nan,nan,nan,nan,0.15153700610310247,-0.02492348938529763,0.0005273000241230261,0,0,5.021695613861084,0.05391400307416916,10.002130508422852,0.5154674649238586,-0.0167376808822155,-0.00153448642231524,0,-13,-1001,0,2,0,0.015795571729540825,0.0025007217191159725,0.0006645886460319161,-0.0010436775628477335,63,3135,0.020386457443237305,12.312,28.8,93,6,10,1.21,831,0.005282146390527487,0.0003384367155376822,0.00809093564748764,1500,1500,1000,1500,1800,1000,1000,1800
1783917701.2039,10.4200,0.01965,50.88,522,117680,0.640,GUIDED,GUIDED,128,5.210020065307617,0.0,10.0,0.5,0.0,0.0,nan,nan,nan,nan,nan,nan,nan,nan,nan,nan,0.15183704904310555,-0.02519906731347084,0.00037261292001557547,0,0,5.031541347503662,0.05402768403291702,10.002126693725586,0.5153815746307373,-0.016644209623336792,-0.001442975364625454,0,-13,-1001,4,0,0,0.0158451609313488,0.002462506527081132,0.0006534378626383841,-0.000997430644929409,63,3135,0.019567251205444336,12.312,28.8,93,6,10,1.21,831,0.005282146390527487,0.0003386935859452933,0.00809093564748764,1500,1500,1000,1500,1800,1000,1000,1800
1783917701.2236,10.4400,0.01969,50.79,523,117680,0.660,GUIDED,GUIDED,128,5.220021367073059,0.0,10.0,0.5,0.0,0.0,nan,nan,nan,nan,nan,nan,nan,nan,nan,nan,0.16183835080854742,-0.02519906731347084,0.00037261292001557547,0,0,5.031541347503662,0.05402768403291702,10.002126693725586,0.5153815746307373,-0.016644209623336792,-0.001442975364625454,0,-13,-1001,4,0,0,0.015806304290890694,0.0024967908393591642,0.0006448830245062709,-0.0009636027389205992,63,3135,0.019567251205444336,12.312,28.8,93,6,10,1.21,831,0.005282146390527487,0.0003386935859452933,0.00809093564748764,1500,1500,1000,1500,1800,1000,1000,1800
1783917701.2441,10.4600,0.02048,48.83,524,117720,0.681,GUIDED,GUIDED,128,5.229999661445618,0.0,10.0,0.5,0.0,0.0,nan,nan,nan,nan,nan,nan,nan,nan,nan,nan,0.15171536703330457,-0.025089270595890698,0.00021719646187891122,0,0,5.051526069641113,0.053962837904691696,10.002111434936523,0.5154488682746887,-0.016670161858201027,-0.0013444359647110105,0,-13,-1001,3,0,0,0.015841888263821602,0.002454399364069104,0.000637042336165905,-0.0008906025905162096,63,3135,0.02039313316345215,12.312,28.8,93,6,10,1.21,831,0.005282146390527487,0.0003386935859452933,0.00809093564748764,1500,1500,1000,1500,1800,1000,1000,1800
1783917701.2636,10.4800,0.01950,51.28,525,117720,0.700,GUIDED,GUIDED,128,5.240023136138916,0.0,10.0,0.5,0.0,0.0,nan,nan,nan,nan,nan,nan,nan,nan,nan,nan,0.16173884172660288,-0.025089270595890698,0.00021719646187891122,0,0,5.051526069641113,0.053962837904691696,10.002111434936523,0.5154488682746887,-0.016670161858201027,-0.0013444359647110105,0,-13,-1001,3,0,0,0.01580905355513096,0.00250299833714962,0.0006302864640019834,-0.0008331940625794232,63,3135,0.02039313316345215,12.312,28.8,93,6,10,1.21,831,0.005282146390527487,0.0003386935859452933,0.00809093564748764,1500,1500,1000,1500,1800,1000,1000,1800
1783917701.2841,10.5000,0.02054,48.69,526,117760,0.721,GUIDED,GUIDED,128,5.25000524520874,0.0,10.0,0.5,0.0,0.0,nan,nan,nan,nan,nan,nan,nan,nan,nan,nan,0.15148942497284998,-0.02473120534951185,0.0002722574283142028,0,0,5.071597576141357,0.05381402373313904,10.002093315124512,0.5155412554740906,-0.016790973022580147,-0.0013657639501616359,0,-13,-1000,1,0,0,0.015822745859622955,0.002470041625201702,0.0006217744667083025,-0.00081386644160375,63,3135,0.02045464515686035,12.312,28.78,93,6,10,1.21,831,0.005282146390527487,0.0003386935859452933,0.00809093564748764,1500,1500,1000,1500,1800,1000,1000,1800
1783917701.3035,10.5201,0.01940,51.56,527,117760,0.740,GUIDED,GUIDED,128,5.260027766227722,0.0,10.0,0.5,0.0,0.0,nan,nan,nan,nan,nan,nan,nan,nan,nan,nan,0.16151194599183188,-0.02473120534951185,0.0002722574283142028,0,0,5.071597576141357,0.05381402373313904,10.002093315124512,0.5155412554740906,-0.016790973022580147,-0.0013657639501616359,0,-13,-1000,1,0,0,0.015822745859622955,0.002470041625201702,0.0006217744667083025,-0.00081386644160375,63,3135,0.02045464515686035,12.312,28.78,93,6,10,1.21,831,0.005282146390527487,0.0003386935859452933,0.00809093564748764,1500,1500,1000,1500,1800,1000,1000,1800
1783917701.3241,10.5400,0.02054,48.69,528,117780,0.761,GUIDED,GUIDED,128,5.270004868507385,0.0,10.0,0.5,0.0,0.0,nan,nan,nan,nan,nan,nan,nan,nan,nan,nan,0.16149579970585348,-0.02467135590855886,0.0002875673335759931,0,0,5.081587314605713,0.053783126175403595,10.002090454101562,0.5155432820320129,-0.016807688400149345,-0.001372951315715909,0,-13,-1001,3,0,0,0.015836793929338455,0.0024694460444152355,0.0006077811121940613,-0.0006752025219611824,63,3135,0.020235776901245117,12.312,28.78,93,6,10,1.21,831,0.005282146390527487,0.00034200234222225845,0.00809093564748764,1500,1500,1000,1500,1800,1000,1000,1800
1783917701.3439,10.5600,0.01988,50.30,529,117820,0.781,GUIDED,GUIDED,128,5.279999613761902,0.0,10.0,0.5,0.0,0.0,nan,nan,nan,nan,nan,nan,nan,nan,nan,nan,0.15163813473198678,-0.024779442755743942,0.00023014975235426767,0,0,5.101475238800049,0.05381881073117256,10.002079963684082,0.5155227780342102,-0.016765886917710304,-0.0013337446143850684,0,-13,-1001,0,3,0,0.015815015882253647,0.002507850294932723,0.0006043072207830846,-0.000702519784681499,63,3135,0.019794940948486328,12.312,28.78,93,6,10,1.21,831,0.005237996578216553,0.00034200234222225845,0.008098907768726349,1500,1500,1000,1500,1800,1000,1000,1800
1783917701.3636,10.5800,0.01964,50.90,530,117820,0.800,GUIDED,GUIDED,128,5.2900002002716064,0.0,10.0,0.5,0.0,0.0,nan,nan,nan,nan,nan,nan,nan,nan,nan,nan,0.16163872124169135,-0.024779442755743942,0.00023014975235426767,0,0,5.101475238800049,0.05381881073117256,10.002079963684082,0.5155227780342102,-0.016765886917710304,-0.0013337446143850684,0,-13,-1001,0,3,0,0.015888895839452744,0.0024802631232887506,0.0006011365330778062,-0.0006270692683756351,63,3135,0.019794940948486328,12.312,28.78,93,6,10,1.21,831,0.005237996578216553,0.00034200234222225845,0.008098907768726349,1500,1500,1000,1500,1800,1000,1000,1800
1783917701.3840,10.6000,0.02047,48.86,531,117860,0.821,GUIDED,GUIDED,128,5.299999237060547,0.0,10.0,0.5,0.0,0.0,nan,nan,nan,nan,nan,nan,nan,nan,nan,nan,0.15179763561473836,-0.02502304155464273,0.00016547208209482123,0,0,5.121316909790039,0.05390789732336998,10.002067565917969,0.5155218839645386,-0.016676679253578186,-0.0012892450904473662,0,-13,-1001,1,1,0,0.015871062874794006,0.002489547012373805,0.0005977603723295033,-0.0006092076655477285,63,3135,0.020383358001708984,12.312,28.78,93,6,10,1.21,831,0.005237996578216553,0.00034200234222225845,0.008098907768726349,1500,1500,1000,1500,1800,1000,1000,1800
1783917701.4035,10.6200,0.01948,51.33,532,117860,0.840,GUIDED,GUIDED,128,5.310001254081726,0.0,10.0,0.5,0.0,0.0,nan,nan,nan,nan,nan,nan,nan,nan,nan,nan,0.1617996526359175,-0.02502304155464273,0.00016547208209482123,0,0,5.121316909790039,0.05390789732336998,10.002067565917969,0.5155218839645386,-0.016676679253578186,-0.0012892450904473662,0,-13,-1001,1,1,0,0.015913376584649086,0.0024807427544146776,0.0005946660530753434,-0.0005309855914674699,63,3135,0.020383358001708984,12.312,28.78,93,6,10,1.21,831,0.005237996578216553,0.00034200234222225845,0.008098907768726349,1500,1500,1000,1500,1800,1000,1000,1800
1783917701.4241,10.6400,0.02057,48.61,533,117900,0.861,GUIDED,GUIDED,128,5.319999933242798,0.0,10.0,0.5,0.0,0.0,nan,nan,nan,nan,nan,nan,nan,nan,nan,nan,0.151788033555652,-0.025012345839350046,2.4512364207599814e-05,0,0,5.141254425048828,0.05390268936753273,10.002059936523438,0.5155639052391052,-0.016679847612977028,-0.0012034571263939142,0,-13,-1001,2,0,0,0.01592043787240982,0.00247534504160285,0.0005928620812483132,-0.0004972100141458213,63,3135,0.020192384719848633,12.312,28.78,93,6,10,1.21,831,0.005237996578216553,0.0003418580745346844,0.008098907768726349,1500,1500,1000,1500,1800,1000,1000,1800
1783917701.4436,10.6601,0.01954,51.18,534,117900,0.880,GUIDED,GUIDED,128,5.330029129981995,0.0,10.0,0.5,0.0,0.0,nan,nan,nan,nan,nan,nan,nan,nan,nan,nan,0.16181723029484876,-0.025012345839350046,2.4512364207599814e-05,0,0,5.141254425048828,0.05390268936753273,10.002059936523438,0.5155639052391052,-0.016679847612977028,-0.0012034571263939142,0,-13,-1001,2,0,0,0.01592043787240982,0.00247534504160285,0.0005928620812483132,-0.0004972100141458213,63,3135,0.019412517547607422,12.312,28.78,93,6,10,1.21,831,0.005237996578216553,0.0003418580745346844,0.008098907768726349,1500,1500,1000,1500,1800,1000,1000,1800
1783917701.4642,10.6800,0.02059,48.56,535,117920,0.901,GUIDED,GUIDED,128,5.340020656585693,0.0,10.0,0.5,0.0,0.0,nan,nan,nan,nan,nan,nan,nan,nan,nan,nan,0.16198084219719278,-0.02513871153440157,-4.732707972923385e-05,0,0,5.151155948638916,0.05396314710378647,10.002063751220703,0.5155214071273804,-0.01664179563522339,-0.0011641830205917358,0,-13,-1001,3,0,0,0.015932954847812653,0.0024625021032989025,0.0005931832711212337,-0.0003935045679099858,63,3135,0.02020859718322754,12.312,28.78,93,6,10,1.21,831,0.005237996578216553,0.0003418580745346844,0.008098907768726349,1500,1500,1000,1500,1800,1000,1000,1800
1783917701.4841,10.7000,0.01987,50.33,536,117960,0.921,GUIDED,GUIDED,128,5.350003123283386,0.0,10.0,0.5,0.0,0.0,nan,nan,nan,nan,nan,nan,nan,nan,nan,nan,0.15167268683820806,-0.024894580433824497,-0.000131498829870535,0,0,5.171233177185059,0.05381874740123749,10.002054214477539,0.5156446099281311,-0.016699375584721565,-0.0011100803967565298,0,-13,-1001,0,1,0,0.01589709334075451,0.002456753281876445,0.0005917715607210994,-0.0004128099244553596,63,3135,0.019750356674194336,12.312,28.75,93,6,10,1.21,831,0.005237996578216553,0.0003418580745346844,0.008098907768726349,1500,1500,1000,1500,1800,1000,1000,1800
1783917701.5036,10.7200,0.01950,51.29,537,117960,0.940,GUIDED,GUIDED,128,5.360000371932983,0.0,10.0,0.5,0.0,0.0,nan,nan,nan,nan,nan,nan,nan,nan,nan,nan,0.1616699354878052,-0.024894580433824497,-0.000131498829870535,0,0,5.171233177185059,0.05381874740123749,10.002054214477539,0.5156446099281311,-0.016699375584721565,-0.0011100803967565298,0,-13,-1001,0,1,0,0.01593954674899578,0.002452380023896694,0.0005908575840294361,-0.00035815019509755075,63,3135,0.019750356674194336,12.312,28.75,93,6,10,1.21,831,0.005237996578216553,0.0003418580745346844,0.008098907768726349,1500,1500,1000,1500,1800,1000,1000,1800
1783917701.5240,10.7400,0.02044,48.93,538,118000,0.961,GUIDED,GUIDED,128,5.370000123977661,0.0,10.0,0.5,0.0,0.0,nan,nan,nan,nan,nan,nan,nan,nan,nan,nan,0.15121371625499933,-0.024407373690248868,-0.00013133477505569658,0,0,5.191387176513672,0.05359802767634392,10.002050399780273,0.5158189535140991,-0.01685323193669319,-0.0011079726973548532,0,-13,-1000,0,1,0,0.01590302586555481,0.0024487776681780815,0.0005886498838663101,-0.000397080642869696,63,3135,0.020355939865112305,12.312,28.75,93,6,10,1.21,831,0.005237996578216553,0.00034391917870379984,0.008098907768726349,1500,1500,1000,1500,1800,1000,1000,1800
1783917701.5436,10.7600,0.01955,51.15,539,118000,0.980,GUIDED,GUIDED,128,5.380024552345276,0.0,10.0,0.5,0.0,0.0,nan,nan,nan,nan,nan,nan,nan,nan,nan,nan,0.16123814462261404,-0.024407373690248868,-0.00013133477505569658,0,0,5.191387176513672,0.05359802767634392,10.002050399780273,0.5158189535140991,-0.01685323193669319,-0.0011079726973548532,0,-13,-1000,0,1,0,0.015935229137539864,0.002441540826112032,0.0005893708439543843,-0.00036053877556696534,63,3135,0.020355939865112305,12.312,28.75,93,6,10,1.21,831,0.005237996578216553,0.00034391917870379984,0.008098907768726349,1500,1500,1000,1500,1800,1000,1000,1800
1783917701.5642,10.7800,0.02059,48.56,540,118040,0.000,GUIDED,GUIDED,128,5.390002369880676,0.0,10.0,0.5,0.0,0.0,nan,nan,nan,nan,nan,nan,nan,nan,nan,nan,0.15151866979154877,-0.024767299879969614,-7.75930111649387e-05,0,0,5.211180686950684,0.05376049131155014,10.002047538757324,0.5157634019851685,-0.01673922687768936,-0.0011373487068340182,0,-13,-1000,0,2,0,0.015903810039162636,0.002450593514367938,0.0005894284113310277,-0.0003782317799050361,63,3135,0.020508527755737305,12.312,28.75,93,6,10,1.21,831,0.00520129082724452,0.00034391917870379984,0.007877868600189686,1500,1500,1000,1500,1800,1000,1000,1800
1783917701.5835,10.8000,0.01933,51.73,541,118040,0.020,GUIDED,GUIDED,128,5.4000242948532104,0.0,10.0,0.5,0.0,0.0,nan,nan,nan,nan,nan,nan,nan,nan,nan,nan,0.16154059476408295,-0.024767299879969614,-7.75930111649387e-05,0,0,5.211180686950684,0.05376049131155014,10.002047538757324,0.5157634019851685,-0.01673922687768936,-0.0011373487068340182,0,-13,-1000,0,2,0,0.015903810039162636,0.002450593514367938,0.0005894284113310277,-0.0003782317799050361,63,3135,0.020508527755737305,12.312,28.75,93,6,10,1.21,831,0.00520129082724452,0.00034391917870379984,0.007877868600189686,1500,1500,1000,1500,1800,1000,1000,1800
1783917701.6041,10.8200,0.02059,48.57,542,118080,0.040,GUIDED,GUIDED,128,5.410005688667297,0.0,10.0,0.5,0.0,0.0,nan,nan,nan,nan,nan,nan,nan,nan,nan,nan,0.152045526729541,-0.02538883957283851,-1.1007535155785515e-05,0,0,5.230861663818359,0.05404004454612732,10.002053260803223,0.5156453251838684,-0.016541780903935432,-0.0011790954740718007,0,-13,-1000,1,3,0,0.015889877453446388,0.0024542210157960653,0.0005866842111572623,-0.0003845167811959982,63,3135,0.020246267318725586,12.312,28.78,93,6,10,1.21,831,0.00520129082724452,0.0003439401916693896,0.007877868600189686,1500,1500,1000,1500,1800,1000,1000,1800
1783917701.6239,10.8400,0.01980,50.51,543,118100,0.060,GUIDED,GUIDED,128,5.420004963874817,0.0,10.0,0.5,0.0,0.0,nan,nan,nan,nan,nan,nan,nan,nan,nan,nan,0.15177303206992784,-0.025145189053088397,-4.4425909212505044e-05,0,0,5.240959167480469,0.053919628262519836,10.002044677734375,0.5157459378242493,-0.016612930223345757,-0.0011548459297046065,0,-13,-1001,1,0,0,0.015894955024123192,0.0024193688295781612,0.0005839734221808612,-0.0004103469545952976,63,3135,0.01971125602722168,12.312,28.78,93,6,10,1.21,831,0.00520129082724452,0.0003439401916693896,0.007877868600189686,1500,1500,1000,1500,1800,1000,1000,1800
1783917701.6436,10.8600,0.01973,50.68,544,118100,0.080,GUIDED,GUIDED,128,5.43000602722168,0.0,10.0,0.5,0.0,0.0,nan,nan,nan,nan,nan,nan,nan,nan,nan,nan,0.1617740954167906,-0.025145189053088397,-4.4425909212505044e-05,0,0,5.240959167480469,0.053919628262519836,10.002044677734375,0.5157459378242493,-0.016612930223345757,-0.0011548459297046065,0,-13,-1001,1,0,0,0.015872735530138016,0.002467236714437604,0.0005849655135534704,-0.0003541843907441944,63,3135,0.01971125602722168,12.312,28.78,93,6,10,1.21,831,0.00520129082724452,0.0003439401916693896,0.007877868600189686,1500,1500,1000,1500,1800,1000,1000,1800
1783917701.6642,10.8801,0.02060,48.54,545,118140,0.100,GUIDED,GUIDED,128,5.440028548240662,0.0,10.0,0.5,0.0,0.0,nan,nan,nan,nan,nan,nan,nan,nan,nan,nan,0.15203493316202524,-0.024981267781764408,-8.51003934042925e-05,0,0,5.260572910308838,0.053845521062612534,10.002038955688477,0.5158313512802124,-0.016664784401655197,-0.0011280588805675507,0,-13,-1000,0,0,0,0.01584581285715103,0.0024342783726751804,0.000583402463234961,-0.00034541814238764346,63,3135,0.020496606826782227,12.312,28.78,93,6,10,1.21,831,0.00520129082724452,0.0003439401916693896,0.007877868600189686,1500,1500,1000,1500,1800,1000,1000,1800
1783917701.6836,10.9001,0.01939,51.58,546,118140,0.120,GUIDED,GUIDED,128,5.450025320053101,0.0,10.0,0.5,0.0,0.0,nan,nan,nan,nan,nan,nan,nan,nan,nan,nan,0.16203170497446417,-0.024981267781764408,-8.51003934042925e-05,0,0,5.260572910308838,0.053845521062612534,10.002038955688477,0.5158313512802124,-0.016664784401655197,-0.0011280588805675507,0,-13,-1000,0,0,0,0.01585107110440731,0.0024842608254402876,0.0005826454726047814,-0.00035647820914164186,63,3135,0.020496606826782227,12.312,28.78,93,6,10,1.21,831,0.00520129082724452,0.0003439401916693896,0.007877868600189686,1500,1500,1000,1500,1800,1000,1000,1800
1783917701.7041,10.9200,0.02049,48.81,547,118180,0.140,GUIDED,GUIDED,128,5.460007667541504,0.0,10.0,0.5,0.0,0.0,nan,nan,nan,nan,nan,nan,nan,nan,nan,nan,0.1519542019791143,-0.024928436902951944,-5.489632087012954e-06,0,0,5.280550479888916,0.0538238100707531,10.00204086303711,0.5158788561820984,-0.01668275147676468,-0.0011751233832910657,0,-13,-1000,0,0,0,0.015811122953891754,0.0024461804423481226,0.0005792685551568866,-0.00037636992055922747,63,3135,0.02040719985961914,12.312,28.75,93,6,10,1.21,831,0.00520129082724452,0.00034495157888159156,0.007877868600189686,1500,1500,1000,1500,1800,1000,1000,1800
1783917701.7235,10.9400,0.01938,51.61,548,118180,0.160,GUIDED,GUIDED,128,5.470012426376343,0.0,10.0,0.5,0.0,0.0,nan,nan,nan,nan,nan,nan,nan,nan,nan,nan,0.16195896081395314,-0.024928436902951944,-5.489632087012954e-06,0,0,5.280550479888916,0.0538238100707531,10.00204086303711,0.5158788561820984,-0.01668275147676468,-0.0011751233832910657,0,-13,-1000,0,0,0,0.015811122953891754,0.0024461804423481226,0.0005792685551568866,-0.00037636992055922747,63,3135,0.02040719985961914,12.312,28.75,93,6,10,1.21,831,0.00520129082724452,0.00034495157888159156,0.007877868600189686,1500,1500,1000,1500,1800,1000,1000,1800
1783917701.7443,10.9601,0.02082,48.02,549,118200,0.181,GUIDED,GUIDED,128,5.480029463768005,0.0,10.0,0.5,0.0,0.0,nan,nan,nan,nan,nan,nan,nan,nan,nan,nan,0.16154838162547347,-0.02454124502172447,-2.8291269790925444e-05,0,0,5.2907185554504395,0.05363234505057335,10.002031326293945,0.5160287022590637,-0.016795754432678223,-0.0011564528103917837,0,-13,-1001,0,1,0,0.015802020207047462,0.002465886063873768,0.000575446174480021,-0.00035272541572339833,63,3135,0.020410537719726562,12.312,28.75,93,6,10,1.21,831,0.0051953974179923534,0.00034495157888159156,0.007920247502624989,1500,1500,1000,1500,1800,1000,1000,1800
1783917701.7639,10.9800,0.01963,50.93,550,118240,0.200,GUIDED,GUIDED,128,5.490001797676086,0.0,10.0,0.5,0.0,0.0,nan,nan,nan,nan,nan,nan,nan,nan,nan,nan,0.15185814652656454,-0.02493034980244335,-4.789438960583776e-05,0,0,5.310528755187988,0.0537949837744236,10.002026557922363,0.5159434676170349,-0.016665004193782806,-0.0011423819232732058,0,-13,-1001,2,1,0,0.01582181267440319,0.002469705417752266,0.0005748947151005268,-0.00031289641628973186,63,3135,0.019548654556274414,12.312,28.75,93,6,10,1.21,831,0.0051953974179923534,0.00034495157888159156,0.007920247502624989,1500,1500,1000,1500,1800,1000,1000,1800
1783917701.7837,11.0001,0.01978,50.55,551,118240,0.220,GUIDED,GUIDED,128,5.500028491020203,0.0,10.0,0.5,0.0,0.0,nan,nan,nan,nan,nan,nan,nan,nan,nan,nan,0.16188483987068075,-0.02493034980244335,-4.789438960583776e-05,0,0,5.310528755187988,0.0537949837744236,10.002026557922363,0.5159434676170349,-0.016665004193782806,-0.0011423819232732058,0,-13,-1001,2,1,0,0.01583610102534294,0.0024678159970790148,0.0005726834642700851,-0.0003487568465061486,63,3135,0.019548654556274414,12.312,28.78,93,6,10,1.21,831,0.0051953974179923534,0.00034495157888159156,0.007920247502624989,1500,1500,1000,1500,1800,1000,1000,1800
1783917701.8041,11.0200,0.02034,49.15,552,118280,0.240,GUIDED,GUIDED,128,5.510007977485657,0.0,10.0,0.5,0.0,0.0,nan,nan,nan,nan,nan,nan,nan,nan,nan,nan,0.1523778611448632,-0.025512847030679856,-5.624176054972374e-05,0,0,5.330227375030518,0.054073821753263474,10.002029418945312,0.5158209800720215,-0.01648968644440174,-0.0011392143787816167,0,-13,-1001,1,0,0,0.015837620943784714,0.002454922068864107,0.0005697337328456342,-0.00037033017724752426,63,3135,0.020259618759155273,12.312,28.78,93,6,10,1.21,831,0.0051953974179923534,0.0003451654629316181,0.007920247502624989,1500,1500,1000,1500,1800,1000,1000,1800
1783917701.8235,11.0400,0.01945,51.40,553,118280,0.260,GUIDED,GUIDED,128,5.520001173019409,0.0,10.0,0.5,0.0,0.0,nan,nan,nan,nan,nan,nan,nan,nan,nan,nan,0.16237105667861562,-0.025512847030679856,-5.624176054972374e-05,0,0,5.330227375030518,0.054073821753263474,10.002029418945312,0.5158209800720215,-0.01648968644440174,-0.0011392143787816167,0,-13,-1001,1,0,0,0.015869140625,0.0024699654895812273,0.0005675720749422908,-0.00036079552955925465,63,3135,0.020259618759155273,12.312,28.78,93,6,10,1.21,831,0.0051953974179923534,0.0003451654629316181,0.007920247502624989,1500,1500,1000,1500,1800,1000,1000,1800
1783917701.8443,11.0601,0.02081,48.06,554,118320,0.281,GUIDED,GUIDED,128,5.530029058456421,0.0,10.0,0.5,0.0,0.0,nan,nan,nan,nan,nan,nan,nan,nan,nan,nan,0.15222995661369024,-0.025361971306271686,-5.327838378483456e-05,0,0,5.350253582000732,0.05401487648487091,10.002022743225098,0.5159034132957458,-0.016542762517929077,-0.001137071056291461,0,-13,-1001,0,0,0,0.015848735347390175,0.0024423173163086176,0.0005669936072081327,-0.0002817068016156554,63,3135,0.020702123641967773,12.312,28.78,93,6,10,1.21,831,0.0051953974179923534,0.0003451654629316181,0.007920247502624989,1500,1500,1000,1500,1800,1000,1000,1800
1783917701.8635,11.0801,0.01919,52.11,555,118320,0.300,GUIDED,GUIDED,128,5.5400285720825195,0.0,10.0,0.5,0.0,0.0,nan,nan,nan,nan,nan,nan,nan,nan,nan,nan,0.16222947023978884,-0.025361971306271686,-5.327838378483456e-05,0,0,5.350253582000732,0.05401487648487091,10.002022743225098,0.5159034132957458,-0.016542762517929077,-0.001137071056291461,0,-13,-1001,0,0,0,0.015848735347390175,0.0024423173163086176,0.0005669936072081327,-0.0002817068016156554,63,3135,0.020702123641967773,12.312,28.78,93,6,10,1.21,831,0.0051953974179923534,0.0003451654629316181,0.007920247502624989,1500,1500,1000,1500,1800,1000,1000,1800
1783917701.8842,11.1001,0.02069,48.34,556,118360,0.320,GUIDED,GUIDED,128,5.550028562545776,0.0,10.0,0.5,0.0,0.0,nan,nan,nan,nan,nan,nan,nan,nan,nan,nan,0.15192401840459677,-0.025058321383271066,-6.173402364923874e-06,0,0,5.370365142822266,0.05387118458747864,10.002010345458984,0.516015350818634,-0.016635114327073097,-0.0011571092763915658,0,-13,-1001,0,0,0,0.015843631699681282,0.0024441899731755257,0.0005609343061223626,-0.00038553171907551587,63,3135,0.020604372024536133,12.312,28.78,93,6,10,1.21,831,0.0051953974179923534,0.0003451654629316181,0.007920247502624989,1500,1500,1000,1500,1800,1000,1000,1800
1783917701.9039,11.1200,0.01972,50.72,557,118380,0.340,GUIDED,GUIDED,128,5.560007572174072,0.0,10.0,0.5,0.0,0.0,nan,nan,nan,nan,nan,nan,nan,nan,nan,nan,0.1518865422146307,-0.024984826676497304,-5.9729931507347504e-05,0,0,5.380377292633057,0.053843043744564056,10.002012252807617,0.5160178542137146,-0.016661299392580986,-0.0011272896081209183,0,-13,-1001,3,3,0,0.015885790809988976,0.0024948224890977144,0.0005593958776444197,-0.00029524407000280917,63,3135,0.019626140594482422,12.312,28.78,93,6,10,1.21,831,0.0051953974179923534,0.0003462514723651111,0.007920247502624989,1500,1500,1000,1500,1800,1000,1000,1800
1783917701.9237,11.1400,0.01973,50.68,558,118380,0.360,GUIDED,GUIDED,128,5.5700050592422485,0.0,10.0,0.5,0.0,0.0,nan,nan,nan,nan,nan,nan,nan,nan,nan,nan,0.16188402928280693,-0.024984826676497304,-5.9729931507347504e-05,0,0,5.380377292633057,0.053843043744564056,10.002012252807617,0.5160178542137146,-0.016661299392580986,-0.0011272896081209183,0,-13,-1001,3,3,0,0.01585475541651249,0.002457513241097331,0.0005582576850429177,-0.00023404003877658397,63,3135,0.019626140594482422,12.312,28.78,93,6,10,1.21,831,0.0051953974179923534,0.0003462514723651111,0.007920247502624989,1500,1500,1000,1500,1800,1000,1000,1800
1783917701.9442,11.1601,0.02057,48.62,559,118420,0.380,GUIDED,GUIDED,128,5.580029606819153,0.0,10.0,0.5,0.0,0.0,nan,nan,nan,nan,nan,nan,nan,nan,nan,nan,0.1518381599109137,-0.025057380320917224,-6.355399001702826e-05,0,0,5.40041446685791,0.05388224497437477,10.002009391784668,0.5160370469093323,-0.016642043367028236,-0.001123429974541068,0,-13,-1000,1,2,0,0.01585983671247959,0.0024872925132513046,0.0005577813135460019,-0.00023882540699560195,63,3135,0.020483016967773438,12.312,28.78,93,6,10,1.21,831,0.0037082836497575045,0.0003462514723651111,0.007727440912276506,1500,1500,1000,1500,1800,1000,1000,1800
1783917701.9635,11.1800,0.01931,51.78,560,118420,0.400,GUIDED,GUIDED,128,5.590001225471497,0.0,10.0,0.5,0.0,0.0,nan,nan,nan,nan,nan,nan,nan,nan,nan,nan,0.16180977856325743,-0.025057380320917224,-6.355399001702826e-05,0,0,5.40041446685791,0.05388224497437477,10.002009391784668,0.5160370469093323,-0.016642043367028236,-0.001123429974541068,0,-13,-1000,1,2,0,0.015844274312257767,0.002451871056109667,0.0005551634239964187,-0.00027555570704862475,63,3135,0.020483016967773438,12.312,28.78,93,6,10,1.21,831,0.0037082836497575045,0.0003462514723651111,0.007727440912276506,1500,1500,1000,1500,1800,1000,1000,1800
1783917701.9841,11.2000,0.02061,48.51,561,118460,0.420,GUIDED,GUIDED,128,5.600022673606873,0.0,10.0,0.5,0.0,0.0,nan,nan,nan,nan,nan,nan,nan,nan,nan,nan,0.15169636912422144,-0.025236694618457563,1.1723422911928509e-05,0,0,5.420446395874023,0.05397225171327591,10.00200080871582,0.5160964727401733,-0.016590481624007225,-0.0011619359720498323,0,-13,-1000,0,2,0,0.015819896012544632,0.002474060747772455,0.0005509671755135059,-0.0003446627233643085,63,3135,0.020528078079223633,12.312,28.75,93,6,10,1.21,831,0.0037082836497575045,0.0003462514723651111,0.007727440912276506,1500,1500,1000,1500,1800,1000,1000,1800
1783917702.0035,11.2201,0.01935,51.67,562,118460,0.440,GUIDED,GUIDED,128,5.610025882720947,0.0,10.0,0.5,0.0,0.0,nan,nan,nan,nan,nan,nan,nan,nan,nan,nan,0.16169957823829612,-0.025236694618457563,1.1723422911928509e-05,0,0,5.420446395874023,0.05397225171327591,10.00200080871582,0.5160964727401733,-0.016590481624007225,-0.0011619359720498323,0,-13,-1000,0,2,0,0.015819896012544632,0.002474060747772455,0.0005509671755135059,-0.0003446627233643085,63,3135,0.020528078079223633,12.312,28.75,93,6,10,1.21,831,0.0037082836497575045,0.0003462514723651111,0.007727440912276506,1500,1500,1000,1500,1800,1000,1000,1800
1783917702.0242,11.2401,0.02069,48.33,563,118500,0.460,GUIDED,GUIDED,128,5.620026707649231,0.0,10.0,0.5,0.0,0.0,nan,nan,nan,nan,nan,nan,nan,nan,nan,nan,0.1514657823234899,-0.025231710430871714,0.0002481486529879451,0,0,5.440557956695557,0.05396760627627373,10.001991271972656,0.5161675214767456,-0.016590677201747894,-0.001292930101044476,0,-13,-1000,0,0,0,0.015808533877134323,0.002458169125020504,0.0005381926894187927,-0.0004376402939669788,63,3135,0.020608186721801758,12.312,28.75,93,6,10,1.21,831,0.0037082836497575045,0.0003463008033577353,0.007727440912276506,1500,1500,1000,1500,1800,1000,1000,1800
1783917702.0439,11.2600,0.01969,50.79,564,118520,0.480,GUIDED,GUIDED,128,5.630024790763855,0.0,10.0,0.5,0.0,0.0,nan,nan,nan,nan,nan,nan,nan,nan,nan,nan,0.15146522960342187,-0.025397803396397415,0.00023579198878604431,0,0,5.450562477111816,0.054027918726205826,10.001992225646973,0.5161641240119934,-0.01652960479259491,-0.0012863465817645192,0,-13,-1000,2,3,0,0.015835247933864594,0.0024891067296266556,0.0005321096978150308,-0.0004840757173951715,63,3135,0.019600391387939453,12.312,28.75,93,6,10,1.21,831,0.0037082836497575045,0.0003463008033577353,0.007727440912276506,1500,1500,1000,1500,1800,1000,1000,1800
1783917702.0638,11.2800,0.01996,50.09,565,118520,0.500,GUIDED,GUIDED,128,5.6400229930877686,0.0,10.0,0.5,0.0,0.0,nan,nan,nan,nan,nan,nan,nan,nan,nan,nan,0.16146343192733542,-0.025397803396397415,0.00023579198878604431,0,0,5.450562477111816,0.054027918726205826,10.001992225646973,0.5161641240119934,-0.01652960479259491,-0.0012863465817645192,0,-13,-1001,0,0,0,0.015802979469299316,0.002467965241521597,0.0005252605769783258,-0.0004615458892658353,63,3135,0.019600391387939453,12.312,28.75,93,6,10,1.21,831,0.0037082836497575045,0.0003463008033577353,0.007727440912276506,1500,1500,1000,1500,1800,1000,1000,1800
1783917702.0840,11.3000,0.02016,49.59,566,118560,0.520,GUIDED,GUIDED,128,5.650022387504578,0.0,10.0,0.5,0.0,0.0,nan,nan,nan,nan,nan,nan,nan,nan,nan,nan,0.15050062112698803,-0.025041329583282736,0.00011386647005083702,0,0,5.471222400665283,0.05386760085821152,10.00197696685791,0.5163386464118958,-0.0166428554803133,-0.0012071431847289205,0,-13,-1001,2,3,0,0.0158246960490942,0.0025081702042371035,0.0005201277090236545,-0.00042562943417578936,63,3135,0.020069360733032227,12.312,28.78,93,6,10,1.21,831,0.0037082836497575045,0.0003463008033577353,0.007727440912276506,1500,1500,1000,1500,1800,1000,1000,1800
1783917702.1036,11.3200,0.01961,50.98,567,118560,0.540,GUIDED,GUIDED,128,5.660022854804993,0.0,10.0,0.5,0.0,0.0,nan,nan,nan,nan,nan,nan,nan,nan,nan,nan,0.16050108842740304,-0.025041329583282736,0.00011386647005083702,0,0,5.471222400665283,0.05386760085821152,10.00197696685791,0.5163386464118958,-0.0166428554803133,-0.0012071431847289205,0,-13,-1001,2,3,0,0.015791520476341248,0.0024669242557138205,0.0005121543654240668,-0.0004548372817225754,63,3135,0.020069360733032227,12.312,28.78,93,6,10,1.21,831,0.0037082836497575045,0.0003463008033577353,0.007727440912276506,1500,1500,1000,1500,1800,1000,1000,1800
1783917702.1243,11.3400,0.02067,48.39,568,118600,0.560,GUIDED,GUIDED,128,5.670000910758972,0.0,10.0,0.5,0.0,0.0,nan,nan,nan,nan,nan,nan,nan,nan,nan,nan,0.1499465629312789,-0.024601682059986668,0.0001159830322209612,0,0,5.491515159606934,0.05364504083991051,10.001968383789062,0.516477108001709,-0.016768191009759903,-0.0012034097453579307,0,-13,-1001,1,3,0,0.015795612707734108,0.0025078258477151394,0.0005071806372143328,-0.00046328266034834087,63,3135,0.02057790756225586,12.312,28.78,93,6,10,1.21,831,0.0037082836497575045,0.00034721530391834676,0.007727440912276506,1500,1500,1000,1500,1800,1000,1000,1800
1783917702.1435,11.3600,0.01917,52.17,569,118600,0.580,GUIDED,GUIDED,128,5.680001616477966,0.0,10.0,0.5,0.0,0.0,nan,nan,nan,nan,nan,nan,nan,nan,nan,nan,0.159947268650273,-0.024601682059986668,0.0001159830322209612,0,0,5.491515159606934,0.05364504083991051,10.001968383789062,0.516477108001709,-0.016768191009759903,-0.0012034097453579307,0,-13,-1001,1,3,0,0.015795612707734108,0.0025078258477151394,0.0005071806372143328,-0.00046328266034834087,63,3135,0.02057790756225586,12.312,28.78,93,6,10,1.21,831,0.0037082836497575045,0.00034721530391834676,0.007727440912276506,1500,1500,1000,1500,1800,1000,1000,1800
1783917702.1644,11.3800,0.02094,47.75,570,118640,0.601,GUIDED,GUIDED,128,5.690000772476196,0.0,10.0,0.5,0.0,0.0,nan,nan,nan,nan,nan,nan,nan,nan,nan,nan,0.1502691494078645,-0.025459510807533052,0.0002577002932426203,0,0,5.511377334594727,0.05405469611287117,10.001973152160645,0.5163703560829163,-0.016509437933564186,-0.001287983264774084,0,-13,-1000,0,3,0,0.015765419229865074,0.002523972187191248,0.0004937001504004002,-0.00045891257468611,63,3135,0.020411014556884766,12.312,28.78,93,6,10,1.21,831,0.0038314044941216707,0.00034721530391834676,0.007851704955101013,1500,1500,1000,1500,1800,1000,1000,1800
1783917702.1839,11.4000,0.01949,51.30,571,118660,0.620,GUIDED,GUIDED,128,5.700023174285889,0.0,10.0,0.5,0.0,0.0,nan,nan,nan,nan,nan,nan,nan,nan,nan,nan,0.14996654271104431,-0.025266408347015552,0.00038812588187430016,0,0,5.5215277671813965,0.053962815552949905,10.001958847045898,0.5164711475372314,-0.016567878425121307,-0.001355025451630354,0,-13,-1000,2,0,0,0.015775196254253387,0.002487899037078023,0.00048227052320726216,-0.0005661939503625035,63,3135,0.0194091796875,12.312,28.75,93,6,10,1.21,831,0.0038314044941216707,0.00034721530391834676,0.007851704955101013,1500,1500,1000,1500,1800,1000,1000,1800
1783917702.2036,11.4200,0.01974,50.65,572,118660,0.640,GUIDED,GUIDED,128,5.710022211074829,0.0,10.0,0.5,0.0,0.0,nan,nan,nan,nan,nan,nan,nan,nan,nan,nan,0.15996557949998472,-0.025266408347015552,0.00038812588187430016,0,0,5.5215277671813965,0.053962815552949905,10.001958847045898,0.5164711475372314,-0.016567878425121307,-0.001355025451630354,0,-13,-1000,2,0,0,0.015714338049292564,0.0025240308605134487,0.00047175370855256915,-0.0005990808131173253,63,3135,0.0194091796875,12.312,28.75,93,6,10,1.21,831,0.0038314044941216707,0.00034721530391834676,0.007851704955101013,1500,1500,1000,1500,1800,1000,1000,1800
1783917702.2240,11.4400,0.02041,49.00,573,118700,0.660,GUIDED,GUIDED,128,5.7200011014938354,0.0,10.0,0.5,0.0,0.0,nan,nan,nan,nan,nan,nan,nan,nan,nan,nan,0.14969173651140993,-0.025249500577797,0.00014500205030974767,0,0,5.541701316833496,0.05395641550421715,10.001940727233887,0.5165168642997742,-0.016573945060372353,-0.0012041963636875153,0,-13,-1001,1,0,0,0.01572589762508869,0.0024772065225988626,0.0004616196674760431,-0.0005647033685818315,63,3135,0.0203249454498291,12.312,28.75,93,6,10,1.21,831,0.0038314044941216707,0.00034721530391834676,0.007851704955101013,1500,1500,1000,1500,1800,1000,1000,1800
1783917702.2435,11.4600,0.01949,51.31,574,118700,0.680,GUIDED,GUIDED,128,5.730001091957092,0.0,10.0,0.5,0.0,0.0,nan,nan,nan,nan,nan,nan,nan,nan,nan,nan,0.15969172697466671,-0.025249500577797,0.00014500205030974767,0,0,5.541701316833496,0.05395641550421715,10.001940727233887,0.5165168642997742,-0.016573945060372353,-0.0012041963636875153,0,-13,-1001,1,0,0,0.015667565166950226,0.002513961400836706,0.00045527794281952083,-0.00046154810115695,63,3135,0.0203249454498291,12.312,28.75,93,6,10,1.21,831,0.0038314044941216707,0.00034721530391834676,0.007851704955101013,1500,1500,1000,1500,1800,1000,1000,1800
1783917702.2641,11.4800,0.02053,48.72,575,118739,0.700,GUIDED,GUIDED,128,5.7399996519088745,0.0,10.0,0.5,0.0,0.0,nan,nan,nan,nan,nan,nan,nan,nan,nan,nan,0.14966609991934132,-0.025385570182087657,1.990011587484162e-05,0,0,5.561809539794922,0.05403834953904152,10.001916885375977,0.516468346118927,-0.016542689874768257,-0.0011182036250829697,0,-13,-1000,1,0,0,0.01567922905087471,0.0024784686975181103,0.0004492051375564188,-0.0003946711076423526,63,3135,0.02044367790222168,12.312,28.75,93,6,10,1.21,831,0.0038314044941216707,0.00025767605984583497,0.007851704955101013,1500,1500,1000,1500,1800,1000,1000,1800
1783917702.2835,11.5000,0.01947,51.35,576,118739,0.720,GUIDED,GUIDED,128,5.750022649765015,0.0,10.0,0.5,0.0,0.0,nan,nan,nan,nan,nan,nan,nan,nan,nan,nan,0.15968909777548143,-0.025385570182087657,1.990011587484162e-05,0,0,5.561809539794922,0.05403834953904152,10.001916885375977,0.516468346118927,-0.016542689874768257,-0.0011182036250829697,0,-13,-1000,1,0,0,0.01567922905087471,0.0024784686975181103,0.0004492051375564188,-0.0003946711076423526,63,3135,0.02044367790222168,12.312,28.75,93,6,10,1.21,831,0.0038314044941216707,0.00025767605984583497,0.007851704955101013,1500,1500,1000,1500,1800,1000,1000,1800
1783917702.3042,11.5201,0.02067,48.39,577,118779,0.740,GUIDED,GUIDED,128,5.760028004646301,0.0,10.0,0.5,0.0,0.0,nan,nan,nan,nan,nan,nan,nan,nan,nan,nan,0.1491635685564218,-0.024916185868533558,-1.7166072000841153e-05,0,0,5.582126617431641,0.05384000763297081,10.001886367797852,0.5165917873382568,-0.016699176281690598,-0.0010791841195896268,0,-13,-1000,2,0,0,0.015650741755962372,0.002484733471646905,0.000441213691374287,-0.00025970928254537284,63,3135,0.02058267593383789,12.312,28.78,93,6,10,1.21,831,0.0038314044941216707,0.00025767605984583497,0.007851704955101013,1500,1500,1000,1500,1800,1000,1000,1800
1783917702.3238,11.5400,0.01964,50.93,578,118799,0.760,GUIDED,GUIDED,128,5.770005702972412,0.0,10.0,0.5,0.0,0.0,nan,nan,nan,nan,nan,nan,nan,nan,nan,nan,0.1487533164033074,-0.02450056224722944,-2.3601039648300966e-05,0,0,5.592350006103516,0.053647175431251526,10.00186824798584,0.5166867971420288,-0.01682780496776104,-0.0010650074109435081,0,-13,-1000,0,3,0,0.015606633387506008,0.002525352407246828,0.00043974543223157525,-0.00024292450689245015,63,3135,0.019547700881958008,12.312,28.78,93,6,10,1.21,831,0.0038314044941216707,0.00025767605984583497,0.007851704955101013,1500,1500,1000,1500,1800,1000,1000,1800
1783917702.3436,11.5600,0.01979,50.53,579,118799,0.780,GUIDED,GUIDED,128,5.780001640319824,0.0,10.0,0.5,0.0,0.0,nan,nan,nan,nan,nan,nan,nan,nan,nan,nan,0.15874925375071952,-0.02450056224722944,-2.3601039648300966e-05,0,0,5.592350006103516,0.053647175431251526,10.00186824798584,0.5166867971420288,-0.01682780496776104,-0.0010650074109435081,0,-13,-1000,0,3,0,0.015613130293786526,0.0024865204468369484,0.000436747184721753,-0.00015240645734593272,63,3135,0.019547700881958008,12.312,28.78,93,6,10,1.21,831,0.0038314044941216707,0.00025767605984583497,0.007851704955101013,1500,1500,1000,1500,1800,1000,1000,1800
1783917702.3640,11.5800,0.02040,49.02,580,118839,0.800,GUIDED,GUIDED,128,5.790001630783081,0.0,10.0,0.5,0.0,0.0,nan,nan,nan,nan,nan,nan,nan,nan,nan,nan,0.14927830452360408,-0.025362082750937445,1.1941857782419001e-05,0,0,5.612241744995117,0.0540541410446167,10.0018310546875,0.5164438486099243,-0.016565367579460144,-0.0010640545515343547,0,-13,-1001,0,3,0,0.015575629658997059,0.0025293552316725254,0.0004343692562542856,-0.00015994496061466634,63,3135,0.02031540870666504,12.312,28.78,93,6,10,1.21,831,0.0038496414199471474,0.00024748739087954164,0.00792607944458723,1500,1500,1000,1500,1800,1000,1000,1800
1783917702.3836,11.6000,0.01952,51.24,581,118839,0.820,GUIDED,GUIDED,128,5.800003886222839,0.0,10.0,0.5,0.0,0.0,nan,nan,nan,nan,nan,nan,nan,nan,nan,nan,0.15928055996336235,-0.025362082750937445,1.1941857782419001e-05,0,0,5.612241744995117,0.0540541410446167,10.0018310546875,0.5164438486099243,-0.016565367579460144,-0.0010640545515343547,0,-13,-1001,0,3,0,0.015557651408016682,0.0024933803360909224,0.00043186964467167854,-9.808765025809407e-05,63,3135,0.02031540870666504,12.312,28.78,93,6,10,1.21,831,0.0038496414199471474,0.00024748739087954164,0.00792607944458723,1500,1500,1000,1500,1800,1000,1000,1800
1783917702.4041,11.6200,0.02057,48.61,582,118879,0.840,GUIDED,GUIDED,128,5.810020923614502,0.0,10.0,0.5,0.0,0.0,nan,nan,nan,nan,nan,nan,nan,nan,nan,nan,0.14918353235925996,-0.025396469354372654,-2.9791721522032157e-05,0,0,5.632410526275635,0.05407435819506645,10.001791000366211,0.5164122581481934,-0.01655718684196472,-0.0010168342851102352,0,-13,-1001,2,2,0,0.015556799247860909,0.002515714382752776,0.00043023237958550453,-6.592931458726525e-05,63,3135,0.02048659324645996,12.312,28.78,93,6,10,1.21,831,0.0038496414199471474,0.00024748739087954164,0.00792607944458723,1500,1500,1000,1500,1800,1000,1000,1800
1783917702.4235,11.6400,0.01936,51.66,583,118879,0.860,GUIDED,GUIDED,128,5.820001482963562,0.0,10.0,0.5,0.0,0.0,nan,nan,nan,nan,nan,nan,nan,nan,nan,nan,0.15916409170832,-0.025396469354372654,-2.9791721522032157e-05,0,0,5.632410526275635,0.05407435819506645,10.001791000366211,0.5164122581481934,-0.01655718684196472,-0.0010168342851102352,0,-13,-1001,2,2,0,0.015556799247860909,0.002515714382752776,0.00043023237958550453,-6.592931458726525e-05,63,3135,0.02048659324645996,12.312,28.78,93,6,10,1.21,831,0.0038496414199471474,0.00024748739087954164,0.00792607944458723,1500,1500,1000,1500,1800,1000,1000,1800
1783917702.4443,11.6600,0.02081,48.06,584,118919,0.880,GUIDED,GUIDED,128,5.830023169517517,0.0,10.0,0.5,0.0,0.0,nan,nan,nan,nan,nan,nan,nan,nan,nan,nan,0.14894114916056478,-0.025254619006032982,-0.00013413230314500294,0,0,5.652632236480713,0.0540093332529068,10.00174617767334,0.5164254903793335,-0.01660154201090336,-0.000930714828427881,0,-13,-1001,3,2,0,0.01553481724113226,0.00251470017246902,0.00043390339124016464,8.95411940291524e-05,63,3135,0.020708084106445312,12.312,28.78,93,6,10,1.21,831,0.0038496414199471474,0.00023963880084920675,0.00792607944458723,1500,1500,1000,1500,1800,1000,1000,1800
1783917702.4640,11.6800,0.01968,50.81,585,118939,0.900,GUIDED,GUIDED,128,5.840022563934326,0.0,10.0,0.5,0.0,0.0,nan,nan,nan,nan,nan,nan,nan,nan,nan,nan,0.14890839838331715,-0.02526564870010298,-0.0001318017820959869,0,0,5.662707328796387,0.05402989313006401,10.001721382141113,0.5164006948471069,-0.016607044264674187,-0.0009177446481771767,0,-13,-1001,0,1,0,0.015487361699342728,0.0024930897634476423,0.0004363764019217342,8.606482879258692e-05,63,3135,0.019576311111450195,12.312,28.78,93,6,10,1.21,831,0.0038496414199471474,0.00023963880084920675,0.00792607944458723,1500,1500,1000,1500,1800,1000,1000,1800
1783917702.4838,11.7000,0.01978,50.55,586,118939,0.920,GUIDED,GUIDED,128,5.850021958351135,0.0,10.0,0.5,0.0,0.0,nan,nan,nan,nan,nan,nan,nan,nan,nan,nan,0.15890779280012624,-0.02526564870010298,-0.0001318017820959869,0,0,5.662707328796387,0.05402989313006401,10.001721382141113,0.5164006948471069,-0.016607044264674187,-0.0009177446481771767,0,-13,-1000,2,2,0,0.015513349324464798,0.0025173653848469257,0.00044030218850821257,0.00012260020594112575,63,3135,0.019576311111450195,12.312,28.78,93,6,10,1.21,831,0.0038496414199471474,0.00023963880084920675,0.00792607944458723,1500,1500,1000,1500,1800,1000,1000,1800
1783917702.5040,11.7200,0.02025,49.37,587,118979,0.940,GUIDED,GUIDED,128,5.860020637512207,0.0,10.0,0.5,0.0,0.0,nan,nan,nan,nan,nan,nan,nan,nan,nan,nan,0.14847836924000038,-0.024804365371132054,-7.649015995776689e-05,0,0,5.683030128479004,0.053828541189432144,10.00167465209961,0.5164614915847778,-0.016757115721702576,-0.0009226992260664701,0,-13,-1000,0,1,0,0.01546015776693821,0.002498266752809286,0.00044382672058418393,0.0001675947569310665,63,3135,0.020168781280517578,12.312,28.78,93,6,10,1.21,831,0.0038496414199471474,0.00023963880084920675,0.00792607944458723,1500,1500,1000,1500,1800,1000,1000,1800
1783917702.5236,11.7400,0.01958,51.08,588,118979,0.960,GUIDED,GUIDED,128,5.8700196743011475,0.0,10.0,0.5,0.0,0.0,nan,nan,nan,nan,nan,nan,nan,nan,nan,nan,0.1584774060289408,-0.024804365371132054,-7.649015995776689e-05,0,0,5.683030128479004,0.053828541189432144,10.00167465209961,0.5164614915847778,-0.016757115721702576,-0.0009226992260664701,0,-13,-1000,0,1,0,0.015494238585233688,0.0025273680221289396,0.000447509519290179,9.17154538910836e-05,63,3135,0.020168781280517578,12.312,28.78,93,6,10,1.21,831,0.0038496414199471474,0.00023963880084920675,0.00792607944458723,1500,1500,1000,1500,1800,1000,1000,1800
1783917702.5441,11.7600,0.02053,48.71,589,119019,0.980,GUIDED,GUIDED,128,5.880022406578064,0.0,10.0,0.5,0.0,0.0,nan,nan,nan,nan,nan,nan,nan,nan,nan,nan,0.1484697428829811,-0.024877036152846328,-0.0001012279999331716,0,0,5.703174114227295,0.05386204272508621,10.00162410736084,0.5163843631744385,-0.016734501346945763,-0.0008792348089627922,0,-13,-1001,1,2,0,0.015464101918041706,0.0025167453568428755,0.0004504751705098897,0.00015896160039119422,63,3135,0.020448684692382812,12.312,28.78,93,6,10,1.21,831,0.003983695060014725,0.0002306890528416261,0.007931611500680447,1500,1500,1000,1500,1800,1000,1000,1800
1783917702.5636,11.7800,0.01949,51.31,590,119019,0.000,GUIDED,GUIDED,128,5.890021085739136,0.0,10.0,0.5,0.0,0.0,nan,nan,nan,nan,nan,nan,nan,nan,nan,nan,0.15846842204405287,-0.024877036152846328,-0.0001012279999331716,0,0,5.703174114227295,0.05386204272508621,10.00162410736084,0.5163843631744385,-0.016734501346945763,-0.0008792348089627922,0,-13,-1001,1,2,0,0.015464101918041706,0.0025167453568428755,0.0004504751705098897,0.00015896160039119422,63,3135,0.020448684692382812,12.312,28.78,93,6,10,1.21,831,0.003983695060014725,0.0002306890528416261,0.007931611500680447,1500,1500,1000,1500,1800,1000,1000,1800
1783917702.5842,11.8000,0.02064,48.44,591,119059,0.021,GUIDED,GUIDED,128,5.90002179145813,0.0,10.0,0.5,0.0,0.0,nan,nan,nan,nan,nan,nan,nan,nan,nan,nan,0.14849528167901355,-0.02498451177697006,-8.038560730161425e-05,0,0,5.7232818603515625,0.05394638329744339,10.001572608947754,0.5163070559501648,-0.016721144318580627,-0.0008615355473011732,0,-13,-1001,2,1,0,0.015469526872038841,0.002514159306883812,0.00045715615851804614,0.00021905419998802245,63,3135,0.02054882049560547,12.312,28.78,93,6,10,1.21,831,0.003983695060014725,0.0002306890528416261,0.007931611500680447,1500,1500,1000,1500,1800,1000,1000,1800
1783917702.6039,11.8200,0.01963,50.95,592,119079,0.040,GUIDED,GUIDED,128,5.910022735595703,0.0,10.0,0.5,0.0,0.0,nan,nan,nan,nan,nan,nan,nan,nan,nan,nan,0.14864790490755467,-0.0252187134517556,-2.435704671336085e-05,0,0,5.733286380767822,0.05405900254845619,10.001543998718262,0.5162168741226196,-0.01665094867348671,-0.0008773655281402171,0,-13,-1000,0,1,0,0.015447191894054413,0.0025222867261618376,0.00046233690227381885,0.00031374325044453144,63,3135,0.01953911781311035,12.312,28.78,93,6,10,1.21,831,0.003983695060014725,0.0002306890528416261,0.007931611500680447,1500,1500,1000,1500,1800,1000,1000,1800
1783917702.6237,11.8400,0.01980,50.50,593,119079,0.060,GUIDED,GUIDED,128,5.920019865036011,0.0,10.0,0.5,0.0,0.0,nan,nan,nan,nan,nan,nan,nan,nan,nan,nan,0.15864503434786228,-0.0252187134517556,-2.435704671336085e-05,0,0,5.733286380767822,0.05405900254845619,10.001543998718262,0.5162168741226196,-0.01665094867348671,-0.0008773655281402171,0,-13,-1000,0,1,0,0.015453065745532513,0.00251136627048254,0.0004654505755752325,0.00021081356680952013,63,3135,0.01953911781311035,12.312,28.78,93,6,10,1.21,831,0.003983695060014725,0.0002306890528416261,0.007931611500680447,1500,1500,1000,1500,1800,1000,1000,1800
1783917702.6441,11.8600,0.02039,49.04,594,119119,0.081,GUIDED,GUIDED,128,5.930022478103638,0.0,10.0,0.5,0.0,0.0,nan,nan,nan,nan,nan,nan,nan,nan,nan,nan,0.14846875091288686,-0.02502816473126015,3.108769380965812e-05,0,0,5.753495216369629,0.05399071052670479,10.001486778259277,0.5161995887756348,-0.016721533611416817,-0.0008763403166085482,0,-13,-1001,0,0,0,0.01540469378232956,0.0025027156807482243,0.00046961577027104795,0.0002171556989196688,63,3135,0.02030777931213379,12.312,28.78,93,6,10,1.21,831,0.003983695060014725,0.00022249219182413071,0.007931611500680447,1500,1500,1000,1500,1800,1000,1000,1800
1783917702.6636,11.8801,0.01952,51.23,595,119119,0.100,GUIDED,GUIDED,128,5.940025448799133,0.0,10.0,0.5,0.0,0.0,nan,nan,nan,nan,nan,nan,nan,nan,nan,nan,0.15847172160838247,-0.02502816473126015,3.108769380965812e-05,0,0,5.753495216369629,0.05399071052670479,10.001486778259277,0.5161995887756348,-0.016721533611416817,-0.0008763403166085482,0,-13,-1001,0,0,0,0.015418309718370438,0.002527474192902446,0.0004729805514216423,0.000171470339410007,63,3135,0.02030777931213379,12.312,28.78,93,6,10,1.21,831,0.003983695060014725,0.00022249219182413071,0.007931611500680447,1500,1500,1000,1500,1800,1000,1000,1800
1783917702.6841,11.9000,0.02054,48.68,596,119159,0.121,GUIDED,GUIDED,128,5.950022220611572,0.0,10.0,0.5,0.0,0.0,nan,nan,nan,nan,nan,nan,nan,nan,nan,nan,0.1482312066028627,-0.024686184623817192,0.0003664694871945843,0,0,5.773764610290527,0.05383796617388725,10.001425743103027,0.5161810517311096,-0.016830788925290108,-0.0010347344214096665,0,-13,-1000,0,1,0,0.015389198437333107,0.0025214501656591892,0.0004744813486468047,5.707316449843347e-05,63,3135,0.020457744598388672,12.312,28.75,93,6,10,1.21,831,0.003983695060014725,0.00022249219182413071,0.007931611500680447,1500,1500,1000,1500,1800,1000,1000,1800
1783917702.7036,11.9201,0.01946,51.38,597,119159,0.140,GUIDED,GUIDED,128,5.960026979446411,0.0,10.0,0.5,0.0,0.0,nan,nan,nan,nan,nan,nan,nan,nan,nan,nan,0.15823596543770158,-0.024686184623817192,0.0003664694871945843,0,0,5.773764610290527,0.05383796617388725,10.001425743103027,0.5161810517311096,-0.016830788925290108,-0.0010347344214096665,0,-13,-1000,0,1,0,0.015389198437333107,0.0025214501656591892,0.0004744813486468047,5.707316449843347e-05,63,3135,0.020457744598388672,12.312,28.75,93,6,10,1.21,831,0.003983695060014725,0.00022249219182413071,0.007931611500680447,1500,1500,1000,1500,1800,1000,1000,1800
1783917702.7242,11.9400,0.02066,48.41,598,119199,0.161,GUIDED,GUIDED,128,5.970022439956665,0.0,10.0,0.5,0.0,0.0,nan,nan,nan,nan,nan,nan,nan,nan,nan,nan,0.14784547867755768,-0.024160561175897575,0.0004001775532051317,0,0,5.794084072113037,0.05360798165202141,10.001364707946777,0.516219437122345,-0.017001476138830185,-0.0010189571185037494,0,-13,-1001,1,0,0,0.015397577546536922,0.0025281179696321487,0.00047507151612080634,-4.9706868594512343e-05,63,3135,0.020573854446411133,12.312,28.75,93,6,10,1.21,831,0.003983695060014725,0.00022249219182413071,0.007931611500680447,1500,1500,1000,1500,1800,1000,1000,1800
1783917702.7435,11.9600,0.01926,51.92,599,119199,0.180,GUIDED,GUIDED,128,5.98002290725708,0.0,10.0,0.5,0.0,0.0,nan,nan,nan,nan,nan,nan,nan,nan,nan,nan,0.15784594597797272,-0.024160561175897575,0.0004001775532051317,0,0,5.794084072113037,0.05360798165202141,10.001364707946777,0.516219437122345,-0.017001476138830185,-0.0010189571185037494,0,-13,-1001,1,0,0,0.015397577546536922,0.0025281179696321487,0.00047507151612080634,-4.9706868594512343e-05,63,3135,0.020573854446411133,12.312,28.75,93,6,10,1.21,831,0.003983695060014725,0.00022249219182413071,0.007931611500680447,1500,1500,1000,1500,1800,1000,1000,1800
1783917702.7642,11.9800,0.02068,48.37,600,119220,0.201,GUIDED,GUIDED,128,5.989999890327454,0.0,10.0,0.5,0.0,0.0,nan,nan,nan,nan,nan,nan,nan,nan,nan,nan,0.15775588833005144,-0.02461000057893885,0.0003434332902991146,0,0,5.804418087005615,0.053821321576833725,10.001324653625488,0.5160652995109558,-0.016865164041519165,-0.0009630704298615456,0,-13,-1001,2,0,0,0.015418827533721924,0.0025097131729125977,0.0004682456492446363,-7.57368397898972e-05,63,3135,0.02028822898864746,12.312,28.75,93,6,10,1.21,831,0.004112862981855869,0.00021454780653584749,0.007901305332779884,1500,1500,1000,1500,1800,1000,1000,1800
1783917702.7840,12.0000,0.01986,50.34,601,119260,0.221,GUIDED,GUIDED,128,6.0000221729278564,0.0,10.0,0.5,0.0,0.0,nan,nan,nan,nan,nan,nan,nan,nan,nan,nan,0.14790490697662537,-0.024689551417248573,0.00023904876548747696,0,0,5.824498653411865,0.05390321463346481,10.001260757446289,0.5159456133842468,-0.016866516321897507,-0.0008659135201014578,0,-13,-1001,2,3,0,0.015448709018528461,0.00253957137465477,0.00046591091086156666,-6.180451600812376e-05,63,3135,0.019761085510253906,12.312,28.78,93,6,10,1.21,831,0.004112862981855869,0.00021454780653584749,0.007901305332779884,1500,1500,1000,1500,1800,1000,1000,1800
1783917702.8036,12.0200,0.01952,51.22,602,119260,0.240,GUIDED,GUIDED,128,6.010001063346863,0.0,10.0,0.5,0.0,0.0,nan,nan,nan,nan,nan,nan,nan,nan,nan,nan,0.15788379739563171,-0.024689551417248573,0.00023904876548747696,0,0,5.824498653411865,0.05390321463346481,10.001260757446289,0.5159456133842468,-0.016866516321897507,-0.0008659135201014578,0,-13,-1001,2,3,0,0.015477299690246582,0.0024793033953756094,0.00046132004354149103,-5.122975562699139e-05,63,3135,0.019761085510253906,12.312,28.78,93,6,10,1.21,831,0.004112862981855869,0.00021454780653584749,0.007901305332779884,1500,1500,1000,1500,1800,1000,1000,1800
1783917702.8241,12.0400,0.02052,48.74,603,119300,0.261,GUIDED,GUIDED,128,6.019999146461487,0.0,10.0,0.5,0.0,0.0,nan,nan,nan,nan,nan,nan,nan,nan,nan,nan,0.14774944774304466,-0.024686132646076636,0.00012243737702195443,0,0,5.844645023345947,0.053888797760009766,10.001202583312988,0.5159375667572021,-0.01686016656458378,-0.0007650010520592332,0,-13,-1001,1,2,0,0.015474564395844936,0.0025046865921467543,0.0004598378436639905,-4.538209759630263e-05,63,3135,0.02043604850769043,12.312,28.78,93,6,10,1.21,831,0.004112862981855869,0.00021454780653584749,0.007901305332779884,1500,1500,1000,1500,1800,1000,1000,1800
1783917702.8435,12.0600,0.01941,51.52,604,119300,0.280,GUIDED,GUIDED,128,6.03000283241272,0.0,10.0,0.5,0.0,0.0,nan,nan,nan,nan,nan,nan,nan,nan,nan,nan,0.15775313369427757,-0.024686132646076636,0.00012243737702195443,0,0,5.844645023345947,0.053888797760009766,10.001202583312988,0.5159375667572021,-0.01686016656458378,-0.0007650010520592332,0,-13,-1001,1,2,0,0.015474564395844936,0.0025046865921467543,0.0004598378436639905,-4.538209759630263e-05,63,3135,0.02043604850769043,12.312,28.78,93,6,10,1.21,831,0.004112862981855869,0.00021454780653584749,0.007901305332779884,1500,1500,1000,1500,1800,1000,1000,1800
1783917702.8641,12.0800,0.02064,48.46,605,119340,0.301,GUIDED,GUIDED,128,6.03999924659729,0.0,10.0,0.5,0.0,0.0,nan,nan,nan,nan,nan,nan,nan,nan,nan,nan,0.14778025750667012,-0.02493923184080714,0.00013539294390390666,0,0,5.864724159240723,0.05396311730146408,10.001132011413574,0.5158741474151611,-0.016756948083639145,-0.0007317362469621003,0,-13,-1001,0,2,0,0.015496009029448032,0.0024774675257503986,0.0004575549392029643,-3.185050445608795e-05,63,3135,0.020567893981933594,12.312,28.78,93,6,10,1.21,831,0.004112862981855869,0.00020580725686158985,0.007901305332779884,1500,1500,1000,1500,1800,1000,1000,1800
1783917702.8835,12.1000,0.01940,51.55,606,119340,0.320,GUIDED,GUIDED,128,6.050022482872009,0.0,10.0,0.5,0.0,0.0,nan,nan,nan,nan,nan,nan,nan,nan,nan,nan,0.15780349378138936,-0.02493923184080714,0.00013539294390390666,0,0,5.864724159240723,0.05396311730146408,10.001132011413574,0.5158741474151611,-0.016756948083639145,-0.0007317362469621003,0,-13,-1001,0,2,0,0.015496009029448032,0.0024774675257503986,0.0004575549392029643,-3.185050445608795e-05,63,3135,0.020567893981933594,12.312,28.78,93,6,10,1.21,831,0.004112862981855869,0.00020580725686158985,0.007901305332779884,1500,1500,1000,1500,1800,1000,1000,1800
1783917702.9041,12.1200,0.02053,48.70,607,119360,0.341,GUIDED,GUIDED,128,6.059999704360962,0.0,10.0,0.5,0.0,0.0,nan,nan,nan,nan,nan,nan,nan,nan,nan,nan,0.15745515846577693,-0.024577435080426063,0.00019312874419621256,0,0,5.874917984008789,0.0537910982966423,10.001107215881348,0.5159502029418945,-0.016866516321897507,-0.0007507543195970356,0,-13,-1001,0,2,0,0.015512452460825443,0.0024785706773400307,0.0004560195957310498,-1.1692900443449616e-05,63,3135,0.020219087600708008,12.312,28.78,93,6,10,1.21,831,0.004112862981855869,0.00020580725686158985,0.007901305332779884,1500,1500,1000,1500,1800,1000,1000,1800
1783917702.9240,12.1400,0.01997,50.08,608,119400,0.361,GUIDED,GUIDED,128,6.070024490356445,0.0,10.0,0.5,0.0,0.0,nan,nan,nan,nan,nan,nan,nan,nan,nan,nan,0.14699522674784624,-0.024135110736991375,0.00010223959216982517,0,0,5.8952202796936035,0.05356274172663689,10.001052856445312,0.5160555243492126,-0.016990050673484802,-0.0006668950081802905,0,-13,-1001,2,0,0,0.015540563501417637,0.0024510794319212437,0.0004562723042909056,1.6240112017840147e-05,63,3135,0.019815683364868164,12.312,28.78,93,6,10,1.21,831,0.004112862981855869,0.00020580725686158985,0.007901305332779884,1500,1500,1000,1500,1800,1000,1000,1800
1783917702.9436,12.1600,0.01960,51.03,609,119400,0.380,GUIDED,GUIDED,128,6.080006241798401,0.0,10.0,0.5,0.0,0.0,nan,nan,nan,nan,nan,nan,nan,nan,nan,nan,0.1569769781898018,-0.024135110736991375,0.00010223959216982517,0,0,5.8952202796936035,0.05356274172663689,10.001052856445312,0.5160555243492126,-0.016990050673484802,-0.0006668950081802905,0,-13,-1001,2,0,0,0.015563465654850006,0.002477409318089485,0.00045411341125145555,1.6260251868516207e-05,63,3135,0.019815683364868164,12.312,28.78,93,6,10,1.21,831,0.004112862981855869,0.00020580725686158985,0.007901305332779884,1500,1500,1000,1500,1800,1000,1000,1800
1783917702.9642,12.1800,0.02054,48.69,610,119440,0.401,GUIDED,GUIDED,128,6.090022444725037,0.0,10.0,0.5,0.0,0.0,nan,nan,nan,nan,nan,nan,nan,nan,nan,nan,0.14749444207554682,-0.025016746569210508,5.3155541050715774e-05,0,0,5.915042877197266,0.05397339165210724,10.000981330871582,0.5158685445785522,-0.016718126833438873,-0.0005972610088065267,0,-13,-1001,1,0,0,0.015555726364254951,0.002445491496473551,0.0004508359997998923,8.800358045846224e-06,63,3135,0.020451068878173828,12.312,28.78,93,6,10,1.21,831,0.004232487641274929,0.00019797486311290413,0.007837453857064247,1500,1500,1000,1500,1800,1000,1000,1800
1783917702.9836,12.2001,0.01939,51.57,611,119440,0.420,GUIDED,GUIDED,128,6.100027680397034,0.0,10.0,0.5,0.0,0.0,nan,nan,nan,nan,nan,nan,nan,nan,nan,nan,0.1574996777475439,-0.025016746569210508,5.3155541050715774e-05,0,0,5.915042877197266,0.05397339165210724,10.000981330871582,0.5158685445785522,-0.016718126833438873,-0.0005972610088065267,0,-13,-1001,1,0,0,0.0155924828723073,0.0024724737741053104,0.0004485341487452388,2.3101107217371464e-05,63,3135,0.020451068878173828,12.312,28.78,93,6,10,1.21,831,0.004232487641274929,0.00019797486311290413,0.007837453857064247,1500,1500,1000,1500,1800,1000,1000,1800
1783917703.0043,12.2200,0.02070,48.32,612,119480,0.441,GUIDED,GUIDED,128,6.110020995140076,0.0,10.0,0.5,0.0,0.0,nan,nan,nan,nan,nan,nan,nan,nan,nan,nan,0.14739489711760517,-0.02511631522327804,-5.009944967254655e-05,0,0,5.935158729553223,0.053994596004486084,10.000927925109863,0.5158582925796509,-0.016672883182764053,-0.0005068128812126815,0,-13,-1001,0,0,0,0.015557589940726757,0.002442274009808898,0.0004466766258701682,8.056731894612312e-05,63,3135,0.02061176300048828,12.312,28.75,93,6,10,1.21,831,0.004232487641274929,0.00019797486311290413,0.007837453857064247,1500,1500,1000,1500,1800,1000,1000,1800
1783917703.0235,12.2400,0.01920,52.07,613,119480,0.460,GUIDED,GUIDED,128,6.120004892349243,0.0,10.0,0.5,0.0,0.0,nan,nan,nan,nan,nan,nan,nan,nan,nan,nan,0.15737879432677265,-0.02511631522327804,-5.009944967254655e-05,0,0,5.935158729553223,0.053994596004486084,10.000927925109863,0.5158582925796509,-0.016672883182764053,-0.0005068128812126815,0,-13,-1001,0,0,0,0.015557589940726757,0.002442274009808898,0.0004466766258701682,8.056731894612312e-05,63,3135,0.02061176300048828,12.312,28.75,93,6,10,1.21,831,0.004232487641274929,0.00019797486311290413,0.007837453857064247,1500,1500,1000,1500,1800,1000,1000,1800
1783917703.0441,12.2601,0.02063,48.48,614,119500,0.481,GUIDED,GUIDED,128,6.1300270557403564,0.0,10.0,0.5,0.0,0.0,nan,nan,nan,nan,nan,nan,nan,nan,nan,nan,0.15709467981185485,-0.024867255112414215,-7.39863620879801e-05,0,0,5.945313453674316,0.05387182533740997,10.000907897949219,0.5159457921981812,-0.0167457964271307,-0.00048145907931029797,0,-13,-1001,0,0,0,0.015547503717243671,0.0024384972639381886,0.00044846077798865736,0.00015537231229245663,63,3135,0.020336389541625977,12.312,28.75,93,6,10,1.21,831,0.004232487641274929,0.00019797486311290413,0.007837453857064247,1500,1500,1000,1500,1800,1000,1000,1800
1783917703.0641,12.2800,0.02002,49.95,615,119540,0.501,GUIDED,GUIDED,128,6.140022039413452,0.0,10.0,0.5,0.0,0.0,nan,nan,nan,nan,nan,nan,nan,nan,nan,nan,0.14719195093924106,-0.025044503003691265,-0.0001788170402522776,0,0,5.965379238128662,0.053952235728502274,10.000844955444336,0.5158487558364868,-0.016689887270331383,-0.00038459518691524863,0,-13,-1001,3,2,0,0.01558659877628088,0.0024702304508537054,0.0004496676556300372,9.77774616330862e-05,63,3135,0.01993560791015625,12.312,28.75,93,6,10,1.21,831,0.004232487641274929,0.00018987961811944842,0.007837453857064247,1500,1500,1000,1500,1800,1000,1000,1800
1783917703.0836,12.3000,0.01949,51.30,616,119540,0.520,GUIDED,GUIDED,128,6.1500221490859985,0.0,10.0,0.5,0.0,0.0,nan,nan,nan,nan,nan,nan,nan,nan,nan,nan,0.15719206061178745,-0.025044503003691265,-0.0001788170402522776,0,0,5.965379238128662,0.053952235728502274,10.000844955444336,0.5158487558364868,-0.016689887270331383,-0.00038459518691524863,0,-13,-1001,3,2,0,0.015560002997517586,0.0024541711900383234,0.00045024367864243686,0.00010105047840625048,63,3135,0.01993560791015625,12.312,28.78,93,6,10,1.21,831,0.004232487641274929,0.00018987961811944842,0.007837453857064247,1500,1500,1000,1500,1800,1000,1000,1800
1783917703.1043,12.3200,0.02065,48.42,617,119580,0.541,GUIDED,GUIDED,128,6.160022258758545,0.0,10.0,0.5,0.0,0.0,nan,nan,nan,nan,nan,nan,nan,nan,nan,nan,0.14673852110794816,-0.02461586186551367,-0.00018356202653650223,0,0,5.985657691955566,0.05375160276889801,10.000800132751465,0.5159499049186707,-0.01682152785360813,-0.00035597727401182055,0,-13,-1000,2,1,0,0.015589362010359764,0.0024732525926083326,0.00045235492871142924,0.00013997420319356024,63,3135,0.020564556121826172,12.312,28.78,93,6,10,1.21,831,0.004232487641274929,0.00018987961811944842,0.007837453857064247,1500,1500,1000,1500,1800,1000,1000,1800
1783917703.1236,12.3401,0.01930,51.81,618,119580,0.560,GUIDED,GUIDED,128,6.1700252294540405,0.0,10.0,0.5,0.0,0.0,nan,nan,nan,nan,nan,nan,nan,nan,nan,nan,0.15674149180344377,-0.02461586186551367,-0.00018356202653650223,0,0,5.985657691955566,0.05375160276889801,10.000800132751465,0.5159499049186707,-0.01682152785360813,-0.00035597727401182055,0,-13,-1000,2,1,0,0.015556702390313148,0.002473103580996394,0.0004533831088338047,4.867679672315717e-05,63,3135,0.020564556121826172,12.312,28.78,93,6,10,1.21,831,0.004232487641274929,0.00018987961811944842,0.007837453857064247,1500,1500,1000,1500,1800,1000,1000,1800
1783917703.1441,12.3600,0.02059,48.57,619,119620,0.581,GUIDED,GUIDED,128,6.180004239082336,0.0,10.0,0.5,0.0,0.0,nan,nan,nan,nan,nan,nan,nan,nan,nan,nan,0.14665795266356865,-0.024684757936491226,-0.00022340735431576912,0,0,6.005740165710449,0.053787704557180405,10.000761032104492,0.515938401222229,-0.0168025940656662,-0.00031039779423736036,0,-13,-1001,2,1,0,0.015565895475447178,0.0024697009939700365,0.0004513803869485855,5.6461256463080645e-05,63,3135,0.02050638198852539,12.312,28.78,93,6,10,1.21,831,0.0044151609763503075,0.00018378342792857438,0.007809160742908716,1500,1500,1000,1500,1800,1000,1000,1800
1783917703.1635,12.3800,0.01933,51.74,620,119620,0.600,GUIDED,GUIDED,128,6.1900047063827515,0.0,10.0,0.5,0.0,0.0,nan,nan,nan,nan,nan,nan,nan,nan,nan,nan,0.1566584199639837,-0.024684757936491226,-0.00022340735431576912,0,0,6.005740165710449,0.053787704557180405,10.000761032104492,0.515938401222229,-0.0168025940656662,-0.00031039779423736036,0,-13,-1001,2,1,0,0.015565895475447178,0.0024697009939700365,0.0004513803869485855,5.6461256463080645e-05,63,3135,0.02050638198852539,12.312,28.78,93,6,10,1.21,831,0.0044151609763503075,0.00018378342792857438,0.007809160742908716,1500,1500,1000,1500,1800,1000,1000,1800
1783917703.1843,12.4000,0.02084,47.99,621,119660,0.621,GUIDED,GUIDED,128,6.20000147819519,0.0,10.0,0.5,0.0,0.0,nan,nan,nan,nan,nan,nan,nan,nan,nan,nan,0.14672887604587936,-0.024864360355949047,-0.00026253994825095687,0,0,6.025782108306885,0.053875695914030075,10.000726699829102,0.5158716440200806,-0.016749702394008636,-0.00026798283215612173,0,-13,-1001,2,0,0,0.01554024126380682,0.0024698288179934025,0.00044356228318065405,4.542441456578672e-05,63,3135,0.02075362205505371,12.312,28.78,93,6,10,1.21,831,0.0044151609763503075,0.00018378342792857438,0.007809160742908716,1500,1500,1000,1500,1800,1000,1000,1800
1783917703.2038,12.4200,0.01954,51.19,622,119680,0.640,GUIDED,GUIDED,128,6.210021018981934,0.0,10.0,0.5,0.0,0.0,nan,nan,nan,nan,nan,nan,nan,nan,nan,nan,0.14697169209673688,-0.02512877310305181,-0.00028835441770618756,0,0,6.035748481750488,0.05399097129702568,10.000707626342773,0.5157621502876282,-0.016663597896695137,-0.0002420667588012293,0,-13,-1001,0,4,0,0.01549592986702919,0.002520274603739381,0.0004404062929097563,2.14765896089375e-06,63,3135,0.01945185661315918,12.312,28.78,93,6,10,1.21,831,0.0044151609763503075,0.00018378342792857438,0.007809160742908716,1500,1500,1000,1500,1800,1000,1000,1800
1783917703.2235,12.4400,0.01970,50.76,623,119680,0.660,GUIDED,GUIDED,128,6.21999979019165,0.0,10.0,0.5,0.0,0.0,nan,nan,nan,nan,nan,nan,nan,nan,nan,nan,0.15695046330645368,-0.02512877310305181,-0.00028835441770618756,0,0,6.035748481750488,0.05399097129702568,10.000707626342773,0.5157621502876282,-0.016663597896695137,-0.0002420667588012293,0,-13,-1001,0,4,0,0.015517575666308403,0.00247991387732327,0.0004384651256259531,6.454347749240696e-05,63,3135,0.01945185661315918,12.312,28.78,93,6,10,1.21,831,0.0044151609763503075,0.00018378342792857438,0.007809160742908716,1500,1500,1000,1500,1800,1000,1000,1800
1783917703.2441,12.4600,0.02051,48.75,624,119720,0.681,GUIDED,GUIDED,128,6.229999899864197,0.0,10.0,0.5,0.0,0.0,nan,nan,nan,nan,nan,nan,nan,nan,nan,nan,0.14680988626877928,-0.02502153472823946,-0.0002900108379737892,0,0,6.055898666381836,0.05392742529511452,10.000673294067383,0.5157566666603088,-0.016688823699951172,-0.00022128867567516863,0,-13,-1001,-1,3,0,0.015452863648533821,0.002513652201741934,0.0004383390478324145,8.899712702259421e-05,63,3135,0.02042984962463379,12.312,28.78,93,6,10,1.21,831,0.0044151609763503075,0.00018220268248114735,0.007809160742908716,1500,1500,1000,1500,1800,1000,1000,1800
1783917703.2635,12.4800,0.01942,51.49,625,119720,0.700,GUIDED,GUIDED,128,6.240000009536743,0.0,10.0,0.5,0.0,0.0,nan,nan,nan,nan,nan,nan,nan,nan,nan,nan,0.15680999594132566,-0.02502153472823946,-0.0002900108379737892,0,0,6.055898666381836,0.05392742529511452,10.000673294067383,0.5157566666603088,-0.016688823699951172,-0.00022128867567516863,0,-13,-1001,-1,3,0,0.015452863648533821,0.002513652201741934,0.0004383390478324145,8.899712702259421e-05,63,3135,0.02042984962463379,12.312,28.78,93,6,10,1.21,831,0.0044151609763503075,0.00018220268248114735,0.007809160742908716,1500,1500,1000,1500,1800,1000,1000,1800
1783917703.2841,12.5000,0.02064,48.44,626,119760,0.721,GUIDED,GUIDED,128,6.249999761581421,0.0,10.0,0.5,0.0,0.0,nan,nan,nan,nan,nan,nan,nan,nan,nan,nan,0.14651760933546998,-0.024744277943803527,-0.0003954751543024118,0,0,6.076115131378174,0.053779877722263336,10.000642776489258,0.5158003568649292,-0.016763711348176003,-0.00014277949230745435,0,-13,-1001,0,3,0,0.015445609577000141,0.002511038212105632,0.00043861320591531694,0.00010902158101089299,63,3135,0.020559310913085938,12.312,28.78,93,6,10,1.21,831,0.0044151609763503075,0.00018220268248114735,0.007809160742908716,1500,1500,1000,1500,1800,1000,1000,1800
1783917703.3035,12.5200,0.01937,51.62,627,119760,0.740,GUIDED,GUIDED,128,6.260019659996033,0.0,10.0,0.5,0.0,0.0,nan,nan,nan,nan,nan,nan,nan,nan,nan,nan,0.1565375077500818,-0.024744277943803527,-0.0003954751543024118,0,0,6.076115131378174,0.053779877722263336,10.000642776489258,0.5158003568649292,-0.016763711348176003,-0.00014277949230745435,0,-13,-1001,0,3,0,0.015445609577000141,0.002511038212105632,0.00043861320591531694,0.00010902158101089299,63,3135,0.020559310913085938,12.312,28.78,93,6,10,1.21,831,0.0044151609763503075,0.00018220268248114735,0.007809160742908716,1500,1500,1000,1500,1800,1000,1000,1800
1783917703.3245,12.5401,0.02096,47.72,628,119800,0.761,GUIDED,GUIDED,128,6.270030379295349,0.0,10.0,0.5,0.0,0.0,nan,nan,nan,nan,nan,nan,nan,nan,nan,nan,0.14618877511897316,-0.024220144663272967,-0.00048525482482190323,0,0,6.09638786315918,0.053555477410554886,10.000616073608398,0.5158504247665405,-0.016936762258410454,-7.552825991297141e-05,0,-13,-1001,1,3,0,0.015432329848408699,0.0025115692988038063,0.0004431040142662823,0.00014368016854859889,63,3135,0.020447731018066406,12.312,28.78,93,6,10,1.21,831,0.0044151609763503075,0.00018220268248114735,0.007809160742908716,1500,1500,1000,1500,1800,1000,1000,1800
1783917703.3439,12.5600,0.01943,51.47,629,119820,0.780,GUIDED,GUIDED,128,6.279999732971191,0.0,10.0,0.5,0.0,0.0,nan,nan,nan,nan,nan,nan,nan,nan,nan,nan,0.14658346515424792,-0.024738938328426045,-0.0004941828280069637,0,0,6.1062469482421875,0.05378623306751251,10.00059986114502,0.5156862139701843,-0.016770463436841965,-6.10134047747124e-05,0,-13,-1001,0,0,0,0.015409653075039387,0.002469496103003621,0.00043982849456369877,9.07427747733891e-05,63,3135,0.01934051513671875,12.312,28.78,93,6,10,1.21,831,0.004509401973336935,0.0001777614961611107,0.007757778279483318,1500,1500,1000,1500,1800,1000,1000,1800
1783917703.3636,12.5800,0.01974,50.65,630,119820,0.800,GUIDED,GUIDED,128,6.290021657943726,0.0,10.0,0.5,0.0,0.0,nan,nan,nan,nan,nan,nan,nan,nan,nan,nan,0.1566053901267821,-0.024738938328426045,-0.0004941828280069637,0,0,6.1062469482421875,0.05378623306751251,10.00059986114502,0.5156862139701843,-0.016770463436841965,-6.10134047747124e-05,0,-13,-1001,0,0,0,0.015414676629006863,0.002518655499443412,0.00043898026342503726,0.00016381643945351243,63,3135,0.01934051513671875,12.312,28.78,93,6,10,1.21,831,0.004509401973336935,0.0001777614961611107,0.007757778279483318,1500,1500,1000,1500,1800,1000,1000,1800
1783917703.3841,12.6000,0.02048,48.82,631,119860,0.821,GUIDED,GUIDED,128,6.300001859664917,0.0,10.0,0.5,0.0,0.0,nan,nan,nan,nan,nan,nan,nan,nan,nan,nan,0.14680282989911017,-0.024933035464422992,-0.0005310950177171337,0,0,6.126260757446289,0.05387578532099724,10.00057601928711,0.515552818775177,-0.016710104420781136,-2.5937039026757702e-05,0,-13,-1001,-1,0,0,0.015351898968219757,0.0024859041441231966,0.0004356783756520599,0.00010738190030679107,63,3135,0.020400047302246094,12.312,28.75,93,6,10,1.21,831,0.004509401973336935,0.0001777614961611107,0.007757778279483318,1500,1500,1000,1500,1800,1000,1000,1800
1783917703.4036,12.6201,0.01946,51.38,632,119860,0.840,GUIDED,GUIDED,128,6.3100258111953735,0.0,10.0,0.5,0.0,0.0,nan,nan,nan,nan,nan,nan,nan,nan,nan,nan,0.15682678142956671,-0.024933035464422992,-0.0005310950177171337,0,0,6.126260757446289,0.05387578532099724,10.00057601928711,0.515552818775177,-0.016710104420781136,-2.5937039026757702e-05,0,-13,-1001,-1,0,0,0.015375119633972645,0.00251430319622159,0.00043361380812712014,0.00011819705832749605,63,3135,0.020400047302246094,12.312,28.75,93,6,10,1.21,831,0.004509401973336935,0.0001777614961611107,0.007757778279483318,1500,1500,1000,1500,1800,1000,1000,1800
1783917703.4243,12.6401,0.02075,48.20,633,119900,0.861,GUIDED,GUIDED,128,6.320026159286499,0.0,10.0,0.5,0.0,0.0,nan,nan,nan,nan,nan,nan,nan,nan,nan,nan,0.14686677693739877,-0.02494023167563671,-0.0005635625917985915,0,0,6.146345615386963,0.05386948958039284,10.000556945800781,0.5154809355735779,-0.01670231483876705,3.820206075033639e-06,0,-13,-1001,0,1,0,0.015330029651522636,0.0024943735916167498,0.0004308987990953028,8.833970059640706e-05,63,3135,0.020643234252929688,12.312,28.75,93,6,10,1.21,831,0.004509401973336935,0.0001777614961611107,0.007757778279483318,1500,1500,1000,1500,1800,1000,1000,1800
1783917703.4435,12.6600,0.01917,52.15,634,119900,0.880,GUIDED,GUIDED,128,6.330021142959595,0.0,10.0,0.5,0.0,0.0,nan,nan,nan,nan,nan,nan,nan,nan,nan,nan,0.15686176061049448,-0.02494023167563671,-0.0005635625917985915,0,0,6.146345615386963,0.05386948958039284,10.000556945800781,0.5154809355735779,-0.01670231483876705,3.820206075033639e-06,0,-13,-1001,0,1,0,0.015330029651522636,0.0024943735916167498,0.0004308987990953028,8.833970059640706e-05,63,3135,0.020643234252929688,12.312,28.75,93,6,10,1.21,831,0.004509401973336935,0.0001777614961611107,0.007757778279483318,1500,1500,1000,1500,1800,1000,1000,1800
1783917703.4641,12.6801,0.02062,48.50,635,119920,0.901,GUIDED,GUIDED,128,6.34002685546875,0.0,10.0,0.5,0.0,0.0,nan,nan,nan,nan,nan,nan,nan,nan,nan,nan,0.1570915508244311,-0.0250575502403754,-0.0005075535935938115,0,0,6.156332969665527,0.05392909795045853,10.000540733337402,0.5153588652610779,-0.01666899584233761,-1.91563340194989e-05,0,-13,-1001,0,1,0,0.015315474942326546,0.0024893339723348618,0.0004255922103766352,1.60635681822896e-06,63,3135,0.020300865173339844,12.312,28.75,93,6,10,1.21,831,0.004509401973336935,0.0001758043945301324,0.007757778279483318,1500,1500,1000,1500,1800,1000,1000,1800
1783917703.4840,12.7000,0.01989,50.27,636,119960,0.921,GUIDED,GUIDED,128,6.350001811981201,0.0,10.0,0.5,0.0,0.0,nan,nan,nan,nan,nan,nan,nan,nan,nan,nan,0.14688986618759906,-0.024741488681734185,-0.0005743701688214085,0,0,6.176520347595215,0.053781766444444656,10.000517845153809,0.5153526663780212,-0.016766412183642387,3.2634732633596286e-05,0,-13,-1001,3,1,0,0.015357954427599907,0.0025050409603863955,0.0004243371949996799,9.746348951011896e-06,63,3135,0.019805431365966797,12.312,28.78,93,6,10,1.21,831,0.004509401973336935,0.0001758043945301324,0.007757778279483318,1500,1500,1000,1500,1800,1000,1000,1800
1783917703.5036,12.7200,0.01956,51.14,637,119960,0.940,GUIDED,GUIDED,128,6.359999895095825,0.0,10.0,0.5,0.0,0.0,nan,nan,nan,nan,nan,nan,nan,nan,nan,nan,0.15688794930222308,-0.024741488681734185,-0.0005743701688214085,0,0,6.176520347595215,0.053781766444444656,10.000517845153809,0.5153526663780212,-0.016766412183642387,3.2634732633596286e-05,0,-13,-1001,3,1,0,0.015355647541582584,0.0024883223231881857,0.00042258092435076833,2.901448169723153e-05,63,3135,0.019805431365966797,12.312,28.78,93,6,10,1.21,831,0.004509401973336935,0.0001758043945301324,0.007757778279483318,1500,1500,1000,1500,1800,1000,1000,1800
1783917703.5242,12.7401,0.02064,48.45,638,120000,0.961,GUIDED,GUIDED,128,6.370026469230652,0.0,10.0,0.5,0.0,0.0,nan,nan,nan,nan,nan,nan,nan,nan,nan,nan,0.14658711312898814,-0.024271650909891973,-0.000513673021158493,0,0,6.196763515472412,0.0535578615963459,10.00049877166748,0.515401303768158,-0.016908401623368263,8.603300557297189e-06,0,-13,-1000,3,1,0,0.01539651956409216,0.0025066572707146406,0.00042283179936930537,1.5769503079354763e-05,63,3135,0.020556211471557617,12.312,28.78,93,6,10,1.21,831,0.004509401973336935,0.0001758043945301324,0.007757778279483318,1500,1500,1000,1500,1800,1000,1000,1800
1783917703.5436,12.7601,0.01936,51.65,639,120000,0.980,GUIDED,GUIDED,128,6.380025863647461,0.0,10.0,0.5,0.0,0.0,nan,nan,nan,nan,nan,nan,nan,nan,nan,nan,0.15658650754579723,-0.024271650909891973,-0.000513673021158493,0,0,6.196763515472412,0.0535578615963459,10.00049877166748,0.515401303768158,-0.016908401623368263,8.603300557297189e-06,0,-13,-1000,3,1,0,0.015384243801236153,0.002485342090949416,0.0004165425489190966,-2.9460381483659148e-05,63,3135,0.020556211471557617,12.312,28.78,93,6,10,1.21,831,0.004509401973336935,0.0001758043945301324,0.007757778279483318,1500,1500,1000,1500,1800,1000,1000,1800
1783917703.5642,12.7800,0.02067,48.38,640,120040,0.000,GUIDED,GUIDED,128,6.390021562576294,0.0,10.0,0.5,0.0,0.0,nan,nan,nan,nan,nan,nan,nan,nan,nan,nan,0.147423621452112,-0.025134619817034642,-0.000472615275456415,0,0,6.216468334197998,0.05396997928619385,10.000466346740723,0.5150859355926514,-0.016648102551698685,3.619140215960215e-06,0,-13,-1000,2,1,0,0.015401627868413925,0.0024993258994072676,0.0004088348359800875,-9.421410504728556e-05,63,3135,0.020580291748046875,12.312,28.78,93,6,10,1.21,831,0.004589900840073824,0.0001726522168610245,0.007886474020779133,1500,1500,1000,1500,1800,1000,1000,1800
1783917703.5834,12.8000,0.01922,52.04,641,120040,0.020,GUIDED,GUIDED,128,6.400000333786011,0.0,10.0,0.5,0.0,0.0,nan,nan,nan,nan,nan,nan,nan,nan,nan,nan,0.1574023926618288,-0.025134619817034642,-0.000472615275456415,0,0,6.216468334197998,0.05396997928619385,10.000466346740723,0.5150859355926514,-0.016648102551698685,3.619140215960215e-06,0,-13,-1000,2,1,0,0.015401627868413925,0.0024993258994072676,0.0004088348359800875,-9.421410504728556e-05,63,3135,0.020580291748046875,12.312,28.78,93,6,10,1.21,831,0.004589900840073824,0.0001726522168610245,0.007886474020779133,1500,1500,1000,1500,1800,1000,1000,1800
1783917703.6041,12.8200,0.02069,48.33,642,120080,0.040,GUIDED,GUIDED,128,6.410000324249268,0.0,10.0,0.5,0.0,0.0,nan,nan,nan,nan,nan,nan,nan,nan,nan,nan,0.14758606926962914,-0.025127668891725477,-0.00040624236634277243,0,0,6.236492156982422,0.053991831839084625,10.000443458557129,0.5149661302566528,-0.01666473224759102,-2.1486777768586762e-05,0,-13,-1000,2,1,0,0.015393048524856567,0.002474312437698245,0.0003933448460884392,-9.595457231625915e-05,63,3135,0.020619869232177734,12.312,28.75,93,6,10,1.21,831,0.004589900840073824,0.0001726522168610245,0.007886474020779133,1500,1500,1000,1500,1800,1000,1000,1800
1783917703.6239,12.8400,0.01973,50.69,643,120100,0.060,GUIDED,GUIDED,128,6.420019030570984,0.0,10.0,0.5,0.0,0.0,nan,nan,nan,nan,nan,nan,nan,nan,nan,nan,0.14739957094485595,-0.024852934925243018,-0.0004722004927235226,0,0,6.246610641479492,0.05386867746710777,10.000436782836914,0.5150161981582642,-0.016752246767282486,2.0448393115657382e-05,0,-13,-1001,2,2,0,0.015404708683490753,0.0024708451237529516,0.0003892012173309922,-2.1442363504320383e-05,63,3135,0.019639968872070312,12.312,28.75,93,6,10,1.21,831,0.004589900840073824,0.0001726522168610245,0.007886474020779133,1500,1500,1000,1500,1800,1000,1000,1800
1783917703.6436,12.8600,0.01971,50.74,644,120100,0.080,GUIDED,GUIDED,128,6.430000066757202,0.0,10.0,0.5,0.0,0.0,nan,nan,nan,nan,nan,nan,nan,nan,nan,nan,0.1573806071310742,-0.024852934925243018,-0.0004722004927235226,0,0,6.246610641479492,0.05386867746710777,10.000436782836914,0.5150161981582642,-0.016752246767282486,2.0448393115657382e-05,0,-13,-1001,2,2,0,0.015397434122860432,0.0024688015691936016,0.0003854705428238958,-5.510519258677959e-07,63,3135,0.019639968872070312,12.312,28.75,93,6,10,1.21,831,0.004589900840073824,0.0001726522168610245,0.007886474020779133,1500,1500,1000,1500,1800,1000,1000,1800
1783917703.6641,12.8800,0.02049,48.80,645,120140,0.100,GUIDED,GUIDED,128,6.44002091884613,0.0,10.0,0.5,0.0,0.0,nan,nan,nan,nan,nan,nan,nan,nan,nan,nan,0.14775262888588997,-0.025005211894100453,-0.0005338052762919314,0,0,6.266571044921875,0.05394785851240158,10.000405311584473,0.514836311340332,-0.01671004481613636,7.418586756102741e-05,0,-13,-1001,0,2,0,0.015390360727906227,0.002484855940565467,0.00038327061338350177,2.3785833036527038e-05,63,3135,0.020410776138305664,12.312,28.75,93,6,10,1.21,831,0.004589900840073824,0.00017003598622977734,0.007886474020779133,1500,1500,1000,1500,1800,1000,1000,1800
1783917703.6836,12.9000,0.01951,51.26,646,120140,0.120,GUIDED,GUIDED,128,6.450024485588074,0.0,10.0,0.5,0.0,0.0,nan,nan,nan,nan,nan,nan,nan,nan,nan,nan,0.15775619562783333,-0.025005211894100453,-0.0005338052762919314,0,0,6.266571044921875,0.05394785851240158,10.000405311584473,0.514836311340332,-0.01671004481613636,7.418586756102741e-05,0,-13,-1001,0,2,0,0.015397640876471996,0.0024535092525184155,0.00038099801167845726,4.476253525353968e-05,63,3135,0.020410776138305664,12.312,28.75,93,6,10,1.21,831,0.004589900840073824,0.00017003598622977734,0.007886474020779133,1500,1500,1000,1500,1800,1000,1000,1800
1783917703.7041,12.9200,0.02057,48.62,647,120180,0.140,GUIDED,GUIDED,128,6.460023760795593,0.0,10.0,0.5,0.0,0.0,nan,nan,nan,nan,nan,nan,nan,nan,nan,nan,0.14752819899136482,-0.024642470619139642,-0.00053407575320588,0,0,6.286764144897461,0.05374634638428688,10.000385284423828,0.5148560404777527,-0.016803130507469177,8.59047140693292e-05,0,-13,-1001,0,3,0,0.015379279851913452,0.002495513530448079,0.00038093654438853264,6.177672185003757e-05,63,3135,0.020485639572143555,12.312,28.73,93,6,10,1.21,831,0.004589900840073824,0.00017003598622977734,0.007886474020779133,1500,1500,1000,1500,1800,1000,1000,1800
1783917703.7235,12.9400,0.01936,51.65,648,120180,0.160,GUIDED,GUIDED,128,6.47002375125885,0.0,10.0,0.5,0.0,0.0,nan,nan,nan,nan,nan,nan,nan,nan,nan,nan,0.15752818945462166,-0.024642470619139642,-0.00053407575320588,0,0,6.286764144897461,0.05374634638428688,10.000385284423828,0.5148560404777527,-0.016803130507469177,8.59047140693292e-05,0,-13,-1001,0,3,0,0.015379279851913452,0.002495513530448079,0.00038093654438853264,6.177672185003757e-05,63,3135,0.020485639572143555,12.312,28.73,93,6,10,1.21,831,0.004589900840073824,0.00017003598622977734,0.007886474020779133,1500,1500,1000,1500,1800,1000,1000,1800
1783917703.7441,12.9600,0.02061,48.53,649,120200,0.180,GUIDED,GUIDED,128,6.480018734931946,0.0,10.0,0.5,0.0,0.0,nan,nan,nan,nan,nan,nan,nan,nan,nan,nan,0.1572160259067946,-0.024250804956076,-0.0005616333056639546,0,0,6.296934604644775,0.05355214327573776,10.00037956237793,0.5149349570274353,-0.016917135566473007,0.00010511869913898408,0,-13,-1000,0,3,0,0.015351543202996254,0.0024924823082983494,0.00037992739817127585,0.00014257669681683183,63,3135,0.020293235778808594,12.312,28.73,93,6,10,1.21,831,0.004589900840073824,0.00017003598622977734,0.007886474020779133,1500,1500,1000,1500,1800,1000,1000,1800
1783917703.7640,12.9800,0.01985,50.38,650,120240,0.200,GUIDED,GUIDED,128,6.4900206327438354,0.0,10.0,0.5,0.0,0.0,nan,nan,nan,nan,nan,nan,nan,nan,nan,nan,0.14853988837770202,-0.02518674057796787,-0.0005195242641067629,0,0,6.316178798675537,0.05397813022136688,10.000348091125488,0.5146080851554871,-0.016622716560959816,9.897696872940287e-05,0,-13,-1000,3,0,0,0.015394111163914204,0.0024549306835979223,0.0003747705486603081,8.199506555683911e-05,63,3135,0.019765377044677734,12.312,28.73,93,6,10,1.21,831,0.004634049255400896,0.00016715207311790437,0.007780862040817738,1500,1500,1000,1500,1800,1000,1000,1800
1783917703.7836,13.0000,0.01964,50.91,651,120240,0.220,GUIDED,GUIDED,128,6.50002133846283,0.0,10.0,0.5,0.0,0.0,nan,nan,nan,nan,nan,nan,nan,nan,nan,nan,0.15854059409669616,-0.02518674057796787,-0.0005195242641067629,0,0,6.316178798675537,0.05397813022136688,10.000348091125488,0.5146080851554871,-0.016622716560959816,9.897696872940287e-05,0,-13,-1000,3,0,0,0.01538095436990261,0.002491340506821871,0.00037051341496407986,5.246966611593962e-05,63,3135,0.019765377044677734,12.312,28.78,93,6,10,1.21,831,0.004634049255400896,0.00016715207311790437,0.007780862040817738,1500,1500,1000,1500,1800,1000,1000,1800
1783917703.8041,13.0200,0.02048,48.83,652,120280,0.240,GUIDED,GUIDED,128,6.510021328926086,0.0,10.0,0.5,0.0,0.0,nan,nan,nan,nan,nan,nan,nan,nan,nan,nan,0.14869898084991173,-0.025220635830911154,-0.00042806798216434103,0,0,6.33617639541626,0.054001398384571075,10.00032901763916,0.5145180225372314,-0.01661658100783825,5.7186742196790874e-05,0,-13,-1000,4,0,0,0.015432693064212799,0.0024592201225459576,0.0003660001966636628,8.713026181794703e-05,63,3135,0.020397663116455078,12.312,28.78,93,6,10,1.21,831,0.004634049255400896,0.00016715207311790437,0.007780862040817738,1500,1500,1000,1500,1800,1000,1000,1800
1783917703.8236,13.0401,0.01950,51.27,653,120280,0.260,GUIDED,GUIDED,128,6.520026445388794,0.0,10.0,0.5,0.0,0.0,nan,nan,nan,nan,nan,nan,nan,nan,nan,nan,0.15870409731261925,-0.025220635830911154,-0.00042806798216434103,0,0,6.33617639541626,0.054001398384571075,10.00032901763916,0.5145180225372314,-0.01661658100783825,5.7186742196790874e-05,0,-13,-1000,4,0,0,0.015426822006702423,0.0024698630440980196,0.00036324371467344463,9.379966650158167e-05,63,3135,0.020397663116455078,12.312,28.78,93,6,10,1.21,831,0.004634049255400896,0.00016715207311790437,0.007780862040817738,1500,1500,1000,1500,1800,1000,1000,1800
1783917703.8443,13.0601,0.02076,48.18,654,120320,0.281,GUIDED,GUIDED,128,6.530027270317078,0.0,10.0,0.5,0.0,0.0,nan,nan,nan,nan,nan,nan,nan,nan,nan,nan,0.14868197143222178,-0.025130799650953738,-0.00045394888078630747,0,0,6.356234550476074,0.053938984870910645,10.000306129455566,0.514497697353363,-0.016632413491606712,8.534358494216576e-05,0,-13,-1001,4,2,0,0.015478482469916344,0.00247262348420918,0.0003608261176850647,9.790417971089482e-05,63,3135,0.020651578903198242,12.312,28.78,93,6,10,1.21,831,0.004634049255400896,0.0001647166209295392,0.007780862040817738,1500,1500,1000,1500,1800,1000,1000,1800
1783917703.8635,13.0801,0.01918,52.13,655,120320,0.300,GUIDED,GUIDED,128,6.54002833366394,0.0,10.0,0.5,0.0,0.0,nan,nan,nan,nan,nan,nan,nan,nan,nan,nan,0.15868303477908458,-0.025130799650953738,-0.00045394888078630747,0,0,6.356234550476074,0.053938984870910645,10.000306129455566,0.514497697353363,-0.016632413491606712,8.534358494216576e-05,0,-13,-1001,4,2,0,0.015478482469916344,0.00247262348420918,0.0003608261176850647,9.790417971089482e-05,63,3135,0.020651578903198242,12.312,28.78,93,6,10,1.21,831,0.004634049255400896,0.0001647166209295392,0.007780862040817738,1500,1500,1000,1500,1800,1000,1000,1800
1783917703.8842,13.1000,0.02063,48.47,656,120360,0.320,GUIDED,GUIDED,128,6.550004959106445,0.0,10.0,0.5,0.0,0.0,nan,nan,nan,nan,nan,nan,nan,nan,nan,nan,0.1484576340884471,-0.024831477083139698,-0.0004227514333948648,0,0,6.376363277435303,0.053793326020240784,10.000284194946289,0.5145400166511536,-0.016721131280064583,7.999562512850389e-05,0,-13,-1000,4,2,0,0.01552075520157814,0.0024885244201868773,0.0003604851372074336,0.00015561829786747694,63,3135,0.02054429054260254,12.312,28.75,93,6,10,1.21,831,0.004634049255400896,0.0001647166209295392,0.007780862040817738,1500,1500,1000,1500,1800,1000,1000,1800
1783917703.9040,13.1201,0.01983,50.42,657,120380,0.340,GUIDED,GUIDED,128,6.560025930404663,0.0,10.0,0.5,0.0,0.0,nan,nan,nan,nan,nan,nan,nan,nan,nan,nan,0.14845677165355972,-0.024753445198073418,-0.0003311753067437534,0,0,6.386390686035156,0.05376363545656204,10.000269889831543,0.5145367980003357,-0.01674904115498066,3.53831856045872e-05,0,-13,-1000,1,1,0,0.015520340763032436,0.002500060712918639,0.00035979514359496534,8.905987488105893e-05,63,3135,0.019724607467651367,12.312,28.75,93,6,10,1.21,831,0.004634049255400896,0.0001647166209295392,0.007780862040817738,1500,1500,1000,1500,1800,1000,1000,1800
1783917703.9238,13.1401,0.01984,50.40,658,120380,0.360,GUIDED,GUIDED,128,6.570025563240051,0.0,10.0,0.5,0.0,0.0,nan,nan,nan,nan,nan,nan,nan,nan,nan,nan,0.1584564044889479,-0.024753445198073418,-0.0003311753067437534,0,0,6.386390686035156,0.05376363545656204,10.000269889831543,0.5145367980003357,-0.01674904115498066,3.53831856045872e-05,0,-13,-1000,3,2,0,0.015556145459413528,0.0025054842699319124,0.00036067626206204295,9.452886297367513e-05,63,3135,0.019724607467651367,12.312,28.75,93,6,10,1.21,831,0.004634049255400896,0.0001647166209295392,0.007780862040817738,1500,1500,1000,1500,1800,1000,1000,1800
1783917703.9441,13.1600,0.02024,49.41,659,120420,0.380,GUIDED,GUIDED,128,6.580019235610962,0.0,10.0,0.5,0.0,0.0,nan,nan,nan,nan,nan,nan,nan,nan,nan,nan,0.14839297412596408,-0.02485584030987359,-0.0002951109490183682,0,0,6.406454086303711,0.053800687193870544,10.000245094299316,0.5145331621170044,-0.016711315140128136,2.8877126169390976e-05,0,-13,-1001,0,0,0,0.015506603755056858,0.0024943107273429632,0.00035435525933280587,3.899290459230542e-05,63,3135,0.02015233039855957,12.312,28.75,93,6,10,1.21,831,0.0035506263375282288,0.00016229948960244656,0.0076520503498613834,1500,1500,1000,1500,1800,1000,1000,1800
1783917703.9636,13.1800,0.01949,51.30,660,120420,0.400,GUIDED,GUIDED,128,6.590020537376404,0.0,10.0,0.5,0.0,0.0,nan,nan,nan,nan,nan,nan,nan,nan,nan,nan,0.15839427589140598,-0.02485584030987359,-0.0002951109490183682,0,0,6.406454086303711,0.053800687193870544,10.000245094299316,0.5145331621170044,-0.016711315140128136,2.8877126169390976e-05,0,-13,-1001,0,0,0,0.015536180697381496,0.002527621341869235,0.0003487425856292248,4.226897726766765e-05,63,3135,0.02015233039855957,12.312,28.75,93,6,10,1.21,831,0.0035506263375282288,0.00016229948960244656,0.0076520503498613834,1500,1500,1000,1500,1800,1000,1000,1800
1783917703.9841,13.2000,0.02056,48.63,661,120460,0.420,GUIDED,GUIDED,128,6.600022077560425,0.0,10.0,0.5,0.0,0.0,nan,nan,nan,nan,nan,nan,nan,nan,nan,nan,0.14841779844541048,-0.02508776871641014,-0.00039502408638680754,0,0,6.426511287689209,0.05389145016670227,10.000222206115723,0.5144874453544617,-0.016629813238978386,9.977650188375264e-05,0,-13,-1001,0,0,0,0.015481936745345592,0.0024931267835199833,0.0003432577650528401,9.761122055351734e-05,63,3135,0.02048039436340332,12.312,28.78,93,6,10,1.21,831,0.0035506263375282288,0.00016229948960244656,0.0076520503498613834,1500,1500,1000,1500,1800,1000,1000,1800
1783917704.0035,13.2200,0.01936,51.64,662,120460,0.440,GUIDED,GUIDED,128,6.610018491744995,0.0,10.0,0.5,0.0,0.0,nan,nan,nan,nan,nan,nan,nan,nan,nan,nan,0.1584142126299808,-0.02508776871641014,-0.00039502408638680754,0,0,6.426511287689209,0.05389145016670227,10.000222206115723,0.5144874453544617,-0.016629813238978386,9.977650188375264e-05,0,-13,-1001,0,0,0,0.015481936745345592,0.0024931267835199833,0.0003432577650528401,9.761122055351734e-05,63,3135,0.02048039436340332,12.312,28.78,93,6,10,1.21,831,0.0035506263375282288,0.00016229948960244656,0.0076520503498613834,1500,1500,1000,1500,1800,1000,1000,1800
1783917704.0242,13.2400,0.02067,48.37,663,120500,0.460,GUIDED,GUIDED,128,6.619999647140503,0.0,10.0,0.5,0.0,0.0,nan,nan,nan,nan,nan,nan,nan,nan,nan,nan,0.14821977547693405,-0.025025193130070882,-0.00035702510972885975,0,0,6.446633815765381,0.05388602986931801,10.000204086303711,0.5145180821418762,-0.01666281186044216,8.829926082398742e-05,0,-13,-1000,1,0,0,0.015464607626199722,0.0024822712875902653,0.0003370828344486654,0.00018510574591346085,63,3135,0.020588397979736328,12.312,28.78,93,6,10,1.21,831,0.0035506263375282288,0.00016229948960244656,0.0076520503498613834,1500,1500,1000,1500,1800,1000,1000,1800
1783917704.0438,13.2600,0.01968,50.80,664,120520,0.480,GUIDED,GUIDED,128,6.630017995834351,0.0,10.0,0.5,0.0,0.0,nan,nan,nan,nan,nan,nan,nan,nan,nan,nan,0.14828389615004967,-0.025161324214650282,-0.00033322257909626865,0,0,6.4566497802734375,0.053945738822221756,10.000187873840332,0.5144824385643005,-0.01661868952214718,8.39171334519051e-05,0,-13,-1000,1,3,0,0.015468567609786987,0.0025239556562155485,0.00033542781602591276,0.0001514726027380675,63,3135,0.019599437713623047,12.312,28.78,93,6,10,1.21,831,0.0035506263375282288,0.00015969945525284857,0.0076520503498613834,1500,1500,1000,1500,1800,1000,1000,1800
1783917704.0637,13.2800,0.01986,50.34,665,120520,0.500,GUIDED,GUIDED,128,6.640020370483398,0.0,10.0,0.5,0.0,0.0,nan,nan,nan,nan,nan,nan,nan,nan,nan,nan,0.15828627079909752,-0.025161324214650282,-0.00033322257909626865,0,0,6.4566497802734375,0.053945738822221756,10.000187873840332,0.5144824385643005,-0.01661868952214718,8.39171334519051e-05,0,-13,-1001,2,0,0,0.015481024980545044,0.0024826566223055124,0.00033494282979518175,0.00020241481252014637,63,3135,0.019599437713623047,12.312,28.78,93,6,10,1.21,831,0.0035506263375282288,0.00015969945525284857,0.0076520503498613834,1500,1500,1000,1500,1800,1000,1000,1800
1783917704.0840,13.3000,0.02029,49.27,666,120560,0.520,GUIDED,GUIDED,128,6.649999618530273,0.0,10.0,0.5,0.0,0.0,nan,nan,nan,nan,nan,nan,nan,nan,nan,nan,0.14799695787591738,-0.02488545241918363,-0.0003558416033447524,0,0,6.476866722106934,0.053799811750650406,10.000166893005371,0.5145122408866882,-0.016693713143467903,0.00010908952390309423,0,-13,-1000,0,2,0,0.01544215064495802,0.0025079003535211086,0.00033462539431639016,0.00014688516966998577,63,3135,0.020206928253173828,12.312,28.75,93,6,10,1.21,831,0.0035506263375282288,0.00015969945525284857,0.0076520503498613834,1500,1500,1000,1500,1800,1000,1000,1800
1783917704.1035,13.3200,0.01953,51.20,667,120560,0.540,GUIDED,GUIDED,128,6.660000681877136,0.0,10.0,0.5,0.0,0.0,nan,nan,nan,nan,nan,nan,nan,nan,nan,nan,0.15799802122278017,-0.02488545241918363,-0.0003558416033447524,0,0,6.476866722106934,0.053799811750650406,10.000166893005371,0.5145122408866882,-0.016693713143467903,0.00010908952390309423,0,-13,-1000,0,2,0,0.015478973276913166,0.0024943521711975336,0.00033555543632246554,0.0001922214578371495,63,3135,0.020206928253173828,12.312,28.75,93,6,10,1.21,831,0.0035506263375282288,0.00015969945525284857,0.0076520503498613834,1500,1500,1000,1500,1800,1000,1000,1800
1783917704.1241,13.3400,0.02058,48.58,668,120600,0.560,GUIDED,GUIDED,128,6.669999957084656,0.0,10.0,0.5,0.0,0.0,nan,nan,nan,nan,nan,nan,nan,nan,nan,nan,0.14754896093338957,-0.024400691590317956,-0.00026237091484370193,0,0,6.497133255004883,0.05357769876718521,10.000147819519043,0.5146172046661377,-0.016845352947711945,6.61362792016007e-05,0,-13,-1000,0,0,0,0.015430605039000511,0.002488936297595501,0.00033847958547994494,0.0002343579544685781,63,3135,0.02049565315246582,12.312,28.75,93,6,10,1.21,831,0.0035506263375282288,0.00015969945525284857,0.0076520503498613834,1500,1500,1000,1500,1800,1000,1000,1800
1783917704.1434,13.3600,0.01933,51.72,669,120600,0.580,GUIDED,GUIDED,128,6.680000424385071,0.0,10.0,0.5,0.0,0.0,nan,nan,nan,nan,nan,nan,nan,nan,nan,nan,0.1575494282338046,-0.024400691590317956,-0.00026237091484370193,0,0,6.497133255004883,0.05357769876718521,10.000147819519043,0.5146172046661377,-0.016845352947711945,6.61362792016007e-05,0,-13,-1000,0,0,0,0.015430605039000511,0.002488936297595501,0.00033847958547994494,0.0002343579544685781,63,3135,0.02049565315246582,12.312,28.75,93,6,10,1.21,831,0.0035506263375282288,0.00015969945525284857,0.0076520503498613834,1500,1500,1000,1500,1800,1000,1000,1800
1783917704.1643,13.3800,0.02085,47.97,670,120640,0.600,GUIDED,GUIDED,128,6.690001845359802,0.0,10.0,0.5,0.0,0.0,nan,nan,nan,nan,nan,nan,nan,nan,nan,nan,0.14757048629118194,-0.025276791254520106,-0.00017169435442986004,0,0,6.517462253570557,0.05397491157054901,10.000113487243652,0.5144159197807312,-0.01656886748969555,3.360589107614942e-05,0,-13,-1001,0,0,0,0.015418319962918758,0.0024689198471605778,0.00033041532151401043,0.0001875846355687827,63,3135,0.020761728286743164,12.312,28.75,93,6,10,1.21,831,0.003620569594204426,0.00015735374472569674,0.007701722905039787,1500,1500,1000,1500,1800,1000,1000,1800
1783917704.1839,13.4000,0.01964,50.93,671,120660,0.620,GUIDED,GUIDED,128,6.700000762939453,0.0,10.0,0.5,0.0,0.0,nan,nan,nan,nan,nan,nan,nan,nan,nan,nan,0.14735433847418106,-0.025088884535995642,-0.0001496326790560974,0,0,6.527598857879639,0.05388246476650238,10.000105857849121,0.5144612193107605,-0.016623981297016144,2.5273409846704453e-05,0,-13,-1001,2,2,0,0.015440963208675385,0.002477767411619425,0.000326554145431146,0.00019845168571919203,63,3135,0.019527435302734375,12.312,28.75,93,6,10,1.21,831,0.003620569594204426,0.00015735374472569674,0.007701722905039787,1500,1500,1000,1500,1800,1000,1000,1800
1783917704.2036,13.4200,0.01966,50.87,672,120660,0.640,GUIDED,GUIDED,128,6.710004925727844,0.0,10.0,0.5,0.0,0.0,nan,nan,nan,nan,nan,nan,nan,nan,nan,nan,0.15735850126257217,-0.025088884535995642,-0.0001496326790560974,0,0,6.527598857879639,0.05388246476650238,10.000105857849121,0.5144612193107605,-0.016623981297016144,2.5273409846704453e-05,0,-13,-1001,2,2,0,0.015448372811079025,0.002444513840600848,0.00032293290132656693,0.0002150350483134389,63,3135,0.019527435302734375,12.312,28.75,93,6,10,1.21,831,0.003620569594204426,0.00015735374472569674,0.007701722905039787,1500,1500,1000,1500,1800,1000,1000,1800
1783917704.2241,13.4400,0.02047,48.85,673,120700,0.660,GUIDED,GUIDED,128,6.720005989074707,0.0,10.0,0.5,0.0,0.0,nan,nan,nan,nan,nan,nan,nan,nan,nan,nan,0.14747384093124566,-0.02549402972341177,-0.00020984530432829987,0,0,6.547636032104492,0.054075635969638824,10.000076293945312,0.514373779296875,-0.016501598060131073,7.710591307841241e-05,0,-13,-1001,0,3,0,0.01541162934154272,0.0024699752684682608,0.00032142127747647464,0.00020435385522432625,63,3135,0.020385026931762695,12.312,28.75,93,6,10,1.21,831,0.003620569594204426,0.00015489365614484996,0.007701722905039787,1500,1500,1000,1500,1800,1000,1000,1800
1783917704.2435,13.4600,0.01947,51.36,674,120700,0.680,GUIDED,GUIDED,128,6.730000972747803,0.0,10.0,0.5,0.0,0.0,nan,nan,nan,nan,nan,nan,nan,nan,nan,nan,0.15746882460434136,-0.02549402972341177,-0.00020984530432829987,0,0,6.547636032104492,0.054075635969638824,10.000076293945312,0.514373779296875,-0.016501598060131073,7.710591307841241e-05,0,-13,-1001,0,3,0,0.015438015572726727,0.002427028026431799,0.0003199551429133862,0.00024510154617019,63,3135,0.020385026931762695,12.312,28.75,93,6,10,1.21,831,0.003620569594204426,0.00015489365614484996,0.007701722905039787,1500,1500,1000,1500,1800,1000,1000,1800
1783917704.2643,13.4800,0.02077,48.14,675,120740,0.700,GUIDED,GUIDED,128,6.740022420883179,0.0,10.0,0.5,0.0,0.0,nan,nan,nan,nan,nan,nan,nan,nan,nan,nan,0.1471071868215768,-0.025216806431309306,-0.00010498474468297991,0,0,6.567866325378418,0.05395624786615372,10.000052452087402,0.5144619941711426,-0.0165927242487669,3.0329743822221644e-05,0,-13,-1000,0,3,0,0.01538789737969637,0.002472066320478916,0.0003200580831617117,0.00020788825349882245,63,3135,0.020671606063842773,12.312,28.75,93,6,10,1.21,831,0.003620569594204426,0.00015489365614484996,0.007701722905039787,1500,1500,1000,1500,1800,1000,1000,1800
1783917704.2835,13.5000,0.01916,52.18,676,120740,0.720,GUIDED,GUIDED,128,6.750007629394531,0.0,10.0,0.5,0.0,0.0,nan,nan,nan,nan,nan,nan,nan,nan,nan,nan,0.15709239533292935,-0.025216806431309306,-0.00010498474468297991,0,0,6.567866325378418,0.05395624786615372,10.000052452087402,0.5144619941711426,-0.0165927242487669,3.0329743822221644e-05,0,-13,-1000,0,3,0,0.01538789737969637,0.002472066320478916,0.0003200580831617117,0.00020788825349882245,63,3135,0.020671606063842773,12.312,28.75,93,6,10,1.21,831,0.003620569594204426,0.00015489365614484996,0.007701722905039787,1500,1500,1000,1500,1800,1000,1000,1800
1783917704.3044,13.5200,0.02094,47.76,677,120760,0.741,GUIDED,GUIDED,128,6.760020732879639,0.0,10.0,0.5,0.0,0.0,nan,nan,nan,nan,nan,nan,nan,nan,nan,nan,0.15674322801027887,-0.024898868660734565,-8.102421979958237e-05,0,0,6.57805061340332,0.053787712007761,10.000044822692871,0.5145647525787354,-0.016678981482982635,2.0900961317238398e-05,0,-13,-1001,0,3,0,0.015374815091490746,0.002490393817424774,0.00032267937785945833,0.00024952093372121453,63,3135,0.02044057846069336,12.312,28.78,93,6,10,1.21,831,0.003620569594204426,0.00015489365614484996,0.007701722905039787,1500,1500,1000,1500,1800,1000,1000,1800
1783917704.3239,13.5400,0.01950,51.27,678,120799,0.760,GUIDED,GUIDED,128,6.770001769065857,0.0,10.0,0.5,0.0,0.0,nan,nan,nan,nan,nan,nan,nan,nan,nan,nan,0.14673919073489256,-0.025045941172375324,-0.00010162838581759442,0,0,6.598177433013916,0.05385366827249527,10.000015258789062,0.5144829154014587,-0.01663214899599552,4.986550993635319e-05,0,-13,-1001,3,0,0,0.015410682186484337,0.002459385897964239,0.00032554392237216234,0.00025884920614771545,63,3135,0.019418001174926758,12.312,28.78,93,6,10,1.21,831,0.003590043867006898,0.00015240545326378196,0.007675785571336746,1500,1500,1000,1500,1800,1000,1000,1800
1783917704.3437,13.5600,0.01977,50.59,679,120799,0.780,GUIDED,GUIDED,128,6.780022501945496,0.0,10.0,0.5,0.0,0.0,nan,nan,nan,nan,nan,nan,nan,nan,nan,nan,0.15675992361453123,-0.025045941172375324,-0.00010162838581759442,0,0,6.598177433013916,0.05385366827249527,10.000015258789062,0.5144829154014587,-0.01663214899599552,4.986550993635319e-05,0,-13,-1001,3,0,0,0.015401347540318966,0.002471829066053033,0.0003218751517124474,0.0002549883211031556,63,3135,0.019418001174926758,12.312,28.78,93,6,10,1.21,831,0.003590043867006898,0.00015240545326378196,0.007675785571336746,1500,1500,1000,1500,1800,1000,1000,1800
1783917704.3641,13.5800,0.02038,49.07,680,120839,0.800,GUIDED,GUIDED,128,6.790021777153015,0.0,10.0,0.5,0.0,0.0,nan,nan,nan,nan,nan,nan,nan,nan,nan,nan,0.14671174384928412,-0.02530731517441025,0.0002616215610403146,0,0,6.618285179138184,0.05397643521428108,9.999987602233887,0.5144481062889099,-0.016552124172449112,-0.0001438894250895828,0,-13,-1000,1,1,0,0.015392409637570381,0.0024507155176252127,0.0003152237622998655,0.0001168835733551532,63,3135,0.020295381546020508,12.312,28.78,93,6,10,1.21,831,0.003590043867006898,0.00015240545326378196,0.007675785571336746,1500,1500,1000,1500,1800,1000,1000,1800
1783917704.3835,13.6000,0.01947,51.37,681,120839,0.820,GUIDED,GUIDED,128,6.8000006675720215,0.0,10.0,0.5,0.0,0.0,nan,nan,nan,nan,nan,nan,nan,nan,nan,nan,0.15669063426829047,-0.02530731517441025,0.0002616215610403146,0,0,6.618285179138184,0.05397643521428108,9.999987602233887,0.5144481062889099,-0.016552124172449112,-0.0001438894250895828,0,-13,-1000,1,1,0,0.015392821282148361,0.0024642227217555046,0.0003074349951930344,1.615338260307908e-05,63,3135,0.020295381546020508,12.312,28.78,93,6,10,1.21,831,0.003590043867006898,0.00015240545326378196,0.007675785571336746,1500,1500,1000,1500,1800,1000,1000,1800
1783917704.4043,13.6200,0.02080,48.07,682,120879,0.840,GUIDED,GUIDED,128,6.810021281242371,0.0,10.0,0.5,0.0,0.0,nan,nan,nan,nan,nan,nan,nan,nan,nan,nan,0.1466042818538614,-0.025350042897242096,0.00033076705908982736,0,0,6.638454914093018,0.0539998896420002,9.999958038330078,0.5144118666648865,-0.016540996730327606,-0.00016674186917953193,0,-13,-1001,0,1,0,0.015349981375038624,0.0024435885716229677,0.0002977489784825593,-7.85220181569457e-05,63,3135,0.02069854736328125,12.312,28.75,93,6,10,1.21,831,0.003590043867006898,0.00015240545326378196,0.007675785571336746,1500,1500,1000,1500,1800,1000,1000,1800
1783917704.4235,13.6400,0.01913,52.26,683,120879,0.860,GUIDED,GUIDED,128,6.820005416870117,0.0,10.0,0.5,0.0,0.0,nan,nan,nan,nan,nan,nan,nan,nan,nan,nan,0.15658841748160798,-0.025350042897242096,0.00033076705908982736,0,0,6.638454914093018,0.0539998896420002,9.999958038330078,0.5144118666648865,-0.016540996730327606,-0.00016674186917953193,0,-13,-1001,0,1,0,0.015349981375038624,0.0024435885716229677,0.0002977489784825593,-7.85220181569457e-05,63,3135,0.02069854736328125,12.312,28.75,93,6,10,1.21,831,0.003590043867006898,0.00015240545326378196,0.007675785571336746,1500,1500,1000,1500,1800,1000,1000,1800
1783917704.4442,13.6601,0.02073,48.23,684,120919,0.880,GUIDED,GUIDED,128,6.830027937889099,0.0,10.0,0.5,0.0,0.0,nan,nan,nan,nan,nan,nan,nan,nan,nan,nan,0.14633509155402036,-0.025223270216453507,0.00016216892875607457,0,0,6.658666133880615,0.05393844097852707,9.99992847442627,0.5144491791725159,-0.016578711569309235,-5.233296542428434e-05,0,-13,-1001,0,3,0,0.015345465391874313,0.002477414207533002,0.00028586661210283637,-1.7718790331855416e-05,63,3135,0.020680665969848633,12.312,28.75,93,6,10,1.21,831,0.003590043867006898,0.00014977269165683538,0.007675785571336746,1500,1500,1000,1500,1800,1000,1000,1800
1783917704.4640,13.6801,0.01984,50.42,685,120939,0.900,GUIDED,GUIDED,128,6.840027332305908,0.0,10.0,0.5,0.0,0.0,nan,nan,nan,nan,nan,nan,nan,nan,nan,nan,0.14628197830711012,-0.02530017465272393,0.00010485097437568073,0,0,6.6687421798706055,0.05396106466650963,9.999911308288574,0.5144355893135071,-0.016547372564673424,-9.329554814030416e-06,0,-13,-1001,2,0,0,0.015380436554551125,0.0024593560956418514,0.0002821006055455655,4.9119029426947236e-05,63,3135,0.01972651481628418,12.312,28.75,93,6,10,1.21,831,0.003590043867006898,0.00014977269165683538,0.007675785571336746,1500,1500,1000,1500,1800,1000,1000,1800
1783917704.4836,13.7001,0.01961,51.00,686,120939,0.920,GUIDED,GUIDED,128,6.850027322769165,0.0,10.0,0.5,0.0,0.0,nan,nan,nan,nan,nan,nan,nan,nan,nan,nan,0.15628196877036696,-0.02530017465272393,0.00010485097437568073,0,0,6.6687421798706055,0.05396106466650963,9.999911308288574,0.5144355893135071,-0.016547372564673424,-9.329554814030416e-06,0,-13,-1001,2,0,0,0.01534233521670103,0.0024905374739319086,0.0002796515473164618,4.4505170080810785e-05,63,3135,0.01972651481628418,12.312,28.75,93,6,10,1.21,831,0.003590043867006898,0.00014977269165683538,0.007675785571336746,1500,1500,1000,1500,1800,1000,1000,1800
1783917704.5041,13.7200,0.02044,48.93,687,120979,0.940,GUIDED,GUIDED,128,6.860019683837891,0.0,10.0,0.5,0.0,0.0,nan,nan,nan,nan,nan,nan,nan,nan,nan,nan,0.14586197703629447,-0.024918148480730654,9.075587296080589e-05,0,0,6.689040660858154,0.053764667361974716,9.999889373779297,0.5145013332366943,-0.016654545441269875,1.1472150617919397e-05,0,-13,-1001,1,0,0,0.015352034009993076,0.002464164514094591,0.0002802318485919386,0.00021083166939206421,63,3135,0.02035355567932129,12.312,28.75,93,6,10,1.21,831,0.003590043867006898,0.00014977269165683538,0.007675785571336746,1500,1500,1000,1500,1800,1000,1000,1800
1783917704.5235,13.7400,0.01945,51.40,688,120979,0.960,GUIDED,GUIDED,128,6.87000048160553,0.0,10.0,0.5,0.0,0.0,nan,nan,nan,nan,nan,nan,nan,nan,nan,nan,0.15584277480393363,-0.024918148480730654,9.075587296080589e-05,0,0,6.689040660858154,0.053764667361974716,9.999889373779297,0.5145013332366943,-0.016654545441269875,1.1472150617919397e-05,0,-13,-1001,1,0,0,0.015319760888814926,0.002505111275240779,0.0002825712726917118,0.00019822409376502037,63,3135,0.02035355567932129,12.312,28.75,93,6,10,1.21,831,0.003590043867006898,0.00014977269165683538,0.007675785571336746,1500,1500,1000,1500,1800,1000,1000,1800
1783917704.5441,13.7600,0.02059,48.56,689,121019,0.980,GUIDED,GUIDED,128,6.880021333694458,0.0,10.0,0.5,0.0,0.0,nan,nan,nan,nan,nan,nan,nan,nan,nan,nan,0.14580195681578378,-0.02499947687669863,6.139599350079307e-05,0,0,6.70919132232666,0.05380319058895111,9.99986743927002,0.514449954032898,-0.016629831865429878,4.108697976334952e-05,0,-13,-1001,1,0,0,0.015325144864618778,0.0024649561382830143,0.000278870458714664,0.00028014680719934404,63,3135,0.020507097244262695,12.312,28.75,93,6,10,1.21,831,0.0036723625380545855,0.0001466435642214492,0.007671602535992861,1500,1500,1000,1500,1800,1000,1000,1800
1783917704.5636,13.7800,0.01944,51.44,690,121019,0.000,GUIDED,GUIDED,128,6.890021324157715,0.0,10.0,0.5,0.0,0.0,nan,nan,nan,nan,nan,nan,nan,nan,nan,nan,0.15580194727904062,-0.02499947687669863,6.139599350079307e-05,0,0,6.70919132232666,0.05380319058895111,9.99986743927002,0.514449954032898,-0.016629831865429878,4.108697976334952e-05,0,-13,-1001,1,0,0,0.015325144864618778,0.0024649561382830143,0.000278870458714664,0.00028014680719934404,63,3135,0.020507097244262695,12.312,28.75,93,6,10,1.21,831,0.0036723625380545855,0.0001466435642214492,0.007671602535992861,1500,1500,1000,1500,1800,1000,1000,1800
1783917704.5841,13.8000,0.02055,48.66,691,121039,0.021,GUIDED,GUIDED,128,6.900023460388184,0.0,10.0,0.5,0.0,0.0,nan,nan,nan,nan,nan,nan,nan,nan,nan,nan,0.1560001488747379,-0.025398274970458885,8.434730159181441e-05,0,0,6.71917200088501,0.05398505926132202,9.99985408782959,0.5143479108810425,-0.01650458760559559,3.5544493584893644e-05,0,-13,-1000,2,0,0,0.015313928946852684,0.0024809043388813734,0.0002718496834859252,0.00030267375404946506,63,3135,0.020220041275024414,12.312,28.78,93,6,10,1.21,831,0.0036723625380545855,0.0001466435642214492,0.007671602535992861,1500,1500,1000,1500,1800,1000,1000,1800
1783917704.6041,13.8200,0.01995,50.14,692,121079,0.041,GUIDED,GUIDED,128,6.910019278526306,0.0,10.0,0.5,0.0,0.0,nan,nan,nan,nan,nan,nan,nan,nan,nan,nan,0.14588159688894564,-0.025462356106803048,0.00014316340798216321,0,0,6.739334583282471,0.054010145366191864,9.999836921691895,0.5143200755119324,-0.016482073813676834,1.1497872947074939e-05,0,-13,-1000,0,3,0,0.015284467488527298,0.0025226539000868797,0.00027052158839069307,0.0002939043624792248,63,3135,0.019858360290527344,12.312,28.78,93,6,10,1.21,831,0.0036723625380545855,0.0001466435642214492,0.007671602535992861,1500,1500,1000,1500,1800,1000,1000,1800
1783917704.6236,13.8400,0.01958,51.08,693,121079,0.060,GUIDED,GUIDED,128,6.920019268989563,0.0,10.0,0.5,0.0,0.0,nan,nan,nan,nan,nan,nan,nan,nan,nan,nan,0.15588158735220248,-0.025462356106803048,0.00014316340798216321,0,0,6.739334583282471,0.054010145366191864,9.999836921691895,0.5143200755119324,-0.016482073813676834,1.1497872947074939e-05,0,-13,-1000,0,3,0,0.015312525443732738,0.0024836761876940727,0.000268894771579653,0.00028788764029741287,63,3135,0.019858360290527344,12.312,28.78,93,6,10,1.21,831,0.0036723625380545855,0.0001466435642214492,0.007671602535992861,1500,1500,1000,1500,1800,1000,1000,1800
1783917704.6441,13.8600,0.02043,48.95,694,121119,0.081,GUIDED,GUIDED,128,6.930018782615662,0.0,10.0,0.5,0.0,0.0,nan,nan,nan,nan,nan,nan,nan,nan,nan,nan,0.14572638164262694,-0.025316484510596794,5.832406424381958e-05,0,0,6.759538650512695,0.05394992604851723,9.999817848205566,0.5142915844917297,-0.016531525179743767,7.149197335820645e-05,0,-13,-1001,1,3,0,0.015294449403882027,0.0025301615241914988,0.0002705327933654189,0.00033954784157685935,63,3135,0.0203397274017334,12.312,28.78,93,6,10,1.21,831,0.0036723625380545855,0.00014504240243695676,0.007671602535992861,1500,1500,1000,1500,1800,1000,1000,1800
1783917704.6636,13.8800,0.01957,51.10,695,121119,0.100,GUIDED,GUIDED,128,6.940019726753235,0.0,10.0,0.5,0.0,0.0,nan,nan,nan,nan,nan,nan,nan,nan,nan,nan,0.15572732578020018,-0.025316484510596794,5.832406424381958e-05,0,0,6.759538650512695,0.05394992604851723,9.999817848205566,0.5142915844917297,-0.016531525179743767,7.149197335820645e-05,0,-13,-1001,1,3,0,0.015322473831474781,0.0025259614922106266,0.0002726246020756662,0.00035987963201478124,63,3135,0.0203397274017334,12.312,28.78,93,6,10,1.21,831,0.0036723625380545855,0.00014504240243695676,0.007671602535992861,1500,1500,1000,1500,1800,1000,1000,1800
1783917704.6841,13.9000,0.02047,48.84,696,121159,0.121,GUIDED,GUIDED,128,6.950021982192993,0.0,10.0,0.5,0.0,0.0,nan,nan,nan,nan,nan,nan,nan,nan,nan,nan,0.1453750494269351,-0.025012653278190532,1.6327179931943078e-05,0,0,6.779794692993164,0.053806036710739136,9.999801635742188,0.5143484473228455,-0.01662386767566204,0.00010509915591683239,0,-13,-1001,1,1,0,0.015304096043109894,0.0025400749873369932,0.00027593885897658765,0.0003822708094958216,63,3135,0.020388126373291016,12.312,28.78,93,6,10,1.21,831,0.0036723625380545855,0.00014504240243695676,0.007671602535992861,1500,1500,1000,1500,1800,1000,1000,1800
1783917704.7035,13.9200,0.01943,51.46,697,121159,0.140,GUIDED,GUIDED,128,6.960021018981934,0.0,10.0,0.5,0.0,0.0,nan,nan,nan,nan,nan,nan,nan,nan,nan,nan,0.15537408621587553,-0.025012653278190532,1.6327179931943078e-05,0,0,6.779794692993164,0.053806036710739136,9.999801635742188,0.5143484473228455,-0.01662386767566204,0.00010509915591683239,0,-13,-1001,1,1,0,0.015304096043109894,0.0025400749873369932,0.00027593885897658765,0.0003822708094958216,63,3135,0.020388126373291016,12.312,28.78,93,6,10,1.21,831,0.0036723625380545855,0.00014504240243695676,0.007671602535992861,1500,1500,1000,1500,1800,1000,1000,1800
1783917704.7242,13.9400,0.02061,48.51,698,121199,0.161,GUIDED,GUIDED,128,6.97001838684082,0.0,10.0,0.5,0.0,0.0,nan,nan,nan,nan,nan,nan,nan,nan,nan,nan,0.1454499063864929,-0.025124331802299015,4.390840020058995e-06,0,0,6.799918174743652,0.053872816264629364,9.99977970123291,0.5142318606376648,-0.016597945243120193,0.0001246544998139143,0,-13,-1001,1,1,0,0.015297341160476208,0.0025384342297911644,0.00028583360835909843,0.00042472087079659104,63,3135,0.02052903175354004,12.312,28.78,93,6,10,1.21,831,0.0037589464336633682,0.00014279696915764362,0.007623465731739998,1500,1500,1000,1500,1800,1000,1000,1800
1783917704.7438,13.9600,0.01969,50.78,699,121219,0.180,GUIDED,GUIDED,128,6.980018377304077,0.0,10.0,0.5,0.0,0.0,nan,nan,nan,nan,nan,nan,nan,nan,nan,nan,0.14530531248059916,-0.024971461364792155,-2.0110829994748327e-05,0,0,6.810031890869141,0.053814634680747986,9.999774932861328,0.5142496824264526,-0.016652613878250122,0.00014155356620904058,0,-13,-1001,1,2,0,0.015308590605854988,0.002548165852203965,0.00028553864103741944,0.00044663043809123337,63,3135,0.019605636596679688,12.312,28.78,93,6,10,1.21,831,0.0037589464336633682,0.00014279696915764362,0.007623465731739998,1500,1500,1000,1500,1800,1000,1000,1800
1783917704.7637,13.9800,0.01986,50.36,700,121219,0.200,GUIDED,GUIDED,128,6.9900208711624146,0.0,10.0,0.5,0.0,0.0,nan,nan,nan,nan,nan,nan,nan,nan,nan,nan,0.15530780633893657,-0.024971461364792155,-2.0110829994748327e-05,0,0,6.810031890869141,0.053814634680747986,9.999774932861328,0.5142496824264526,-0.016652613878250122,0.00014155356620904058,0,-13,-1001,2,0,0,0.01530017051845789,0.002524071140214801,0.00028591754380613565,0.0004965137341059744,63,3135,0.019605636596679688,12.312,28.78,93,6,10,1.21,831,0.0037589464336633682,0.00014279696915764362,0.007623465731739998,1500,1500,1000,1500,1800,1000,1000,1800
1783917704.7840,14.0000,0.02027,49.32,701,121259,0.221,GUIDED,GUIDED,128,7.000000953674316,0.0,10.0,0.5,0.0,0.0,nan,nan,nan,nan,nan,nan,nan,nan,nan,nan,0.14528972247522606,-0.02509858034708106,-9.583452461137067e-05,0,0,6.83013391494751,0.053902387619018555,9.999759674072266,0.5141897201538086,-0.016629885882139206,0.0001940823276527226,0,-13,-1001,-1,2,0,0.015249568969011307,0.0025342011358588934,0.00028705777367576957,0.00047219719272106886,63,3135,0.020189762115478516,12.312,28.75,93,6,10,1.21,831,0.0037589464336633682,0.00014279696915764362,0.007623465731739998,1500,1500,1000,1500,1800,1000,1000,1800
1783917704.8036,14.0201,0.01966,50.87,702,121259,0.240,GUIDED,GUIDED,128,7.010028123855591,0.0,10.0,0.5,0.0,0.0,nan,nan,nan,nan,nan,nan,nan,nan,nan,nan,0.15531689265650048,-0.02509858034708106,-9.583452461137067e-05,0,0,6.83013391494751,0.053902387619018555,9.999759674072266,0.5141897201538086,-0.016629885882139206,0.0001940823276527226,0,-13,-1001,-1,2,0,0.015271607786417007,0.002497672103345394,0.0002872967452276498,0.0004139236989431083,63,3135,0.020189762115478516,12.312,28.75,93,6,10,1.21,831,0.0037589464336633682,0.00014279696915764362,0.007623465731739998,1500,1500,1000,1500,1800,1000,1000,1800
1783917704.8241,14.0401,0.02050,48.78,703,121300,0.261,GUIDED,GUIDED,128,7.020025730133057,0.0,10.0,0.5,0.0,0.0,nan,nan,nan,nan,nan,nan,nan,nan,nan,nan,0.1450268618931483,-0.02549007361497238,-1.8486348667661866e-05,0,0,6.8505988121032715,0.05407825484871864,9.999738693237305,0.5140873789787292,-0.016505394130945206,0.00016153862816281617,0,-13,-1000,0,3,0,0.015219214372336864,0.0025274408981204033,0.00028999746427871287,0.0004487092373892665,63,3135,0.0204160213470459,12.312,28.75,93,6,10,1.21,831,0.0037589464336633682,0.0001407481322530657,0.007623465731739998,1500,1500,1000,1500,1800,1000,1000,1800
1783917704.8435,14.0600,0.01941,51.52,704,121300,0.280,GUIDED,GUIDED,128,7.030022740364075,0.0,10.0,0.5,0.0,0.0,nan,nan,nan,nan,nan,nan,nan,nan,nan,nan,0.15502387212416638,-0.02549007361497238,-1.8486348667661866e-05,0,0,6.8505988121032715,0.05407825484871864,9.999738693237305,0.5140873789787292,-0.016505394130945206,0.00016153862816281617,0,-13,-1000,0,3,0,0.015219214372336864,0.0025274408981204033,0.00028999746427871287,0.0004487092373892665,63,3135,0.0204160213470459,12.312,28.75,93,6,10,1.21,831,0.0037589464336633682,0.0001407481322530657,0.007623465731739998,1500,1500,1000,1500,1800,1000,1000,1800
1783917704.8644,14.0800,0.02080,48.07,705,121340,0.301,GUIDED,GUIDED,128,7.0400248765945435,0.0,10.0,0.5,0.0,0.0,nan,nan,nan,nan,nan,nan,nan,nan,nan,nan,0.14480881610371585,-0.02522589922488817,-9.053615960445596e-06,0,0,6.870821475982666,0.05395642668008804,9.999723434448242,0.5140842199325562,-0.016587577760219574,0.00016490230336785316,0,-13,-1001,0,3,0,0.015207204967737198,0.002527127508074045,0.00029532943153753877,0.0004062904336024076,63,3135,0.020700693130493164,12.312,28.75,93,6,10,1.21,831,0.0037589464336633682,0.0001407481322530657,0.007623465731739998,1500,1500,1000,1500,1800,1000,1000,1800
1783917704.8835,14.1000,0.01913,52.28,706,121340,0.320,GUIDED,GUIDED,128,7.050006747245789,0.0,10.0,0.5,0.0,0.0,nan,nan,nan,nan,nan,nan,nan,nan,nan,nan,0.15479068675496097,-0.02522589922488817,-9.053615960445596e-06,0,0,6.870821475982666,0.05395642668008804,9.999723434448242,0.5140842199325562,-0.016587577760219574,0.00016490230336785316,0,-13,-1001,0,3,0,0.015207204967737198,0.002527127508074045,0.00029532943153753877,0.0004062904336024076,63,3135,0.020700693130493164,12.312,28.75,93,6,10,1.21,831,0.0037589464336633682,0.0001407481322530657,0.007623465731739998,1500,1500,1000,1500,1800,1000,1000,1800
1783917704.9044,14.1201,0.02090,47.85,707,121380,0.341,GUIDED,GUIDED,128,7.0600268840789795,0.0,10.0,0.5,0.0,0.0,nan,nan,nan,nan,nan,nan,nan,nan,nan,nan,0.1445341932826259,-0.024780012657345342,2.620795513343506e-05,0,0,6.8910932540893555,0.05375489220023155,9.999710083007812,0.5140870213508606,-0.016728654503822327,0.00015225248353090137,0,-13,-1001,1,3,0,0.01520741917192936,0.002526304917410016,0.0003019062278326601,0.00038947255234234035,63,3135,0.020794391632080078,12.312,28.78,93,6,10,1.21,831,0.0037589464336633682,0.0001407481322530657,0.007623465731739998,1500,1500,1000,1500,1800,1000,1000,1800
1783917704.9239,14.1400,0.01951,51.27,708,121400,0.360,GUIDED,GUIDED,128,7.070021271705627,0.0,10.0,0.5,0.0,0.0,nan,nan,nan,nan,nan,nan,nan,nan,nan,nan,0.1446446479148557,-0.025023828980764152,9.613101576679255e-06,0,0,6.901101589202881,0.053847841918468475,9.999698638916016,0.5140151977539062,-0.01664155162870884,0.0001684407761786133,0,-13,-1001,1,0,0,0.015218660235404968,0.002492234343662858,0.00030484888702630997,0.0003415100509300828,63,3135,0.019416332244873047,12.312,28.78,93,6,10,1.21,831,0.0037025813944637775,0.00013912470603827387,0.007809117902070284,1500,1500,1000,1500,1800,1000,1000,1800
1783917704.9437,14.1601,0.01984,50.41,709,121400,0.380,GUIDED,GUIDED,128,7.080027461051941,0.0,10.0,0.5,0.0,0.0,nan,nan,nan,nan,nan,nan,nan,nan,nan,nan,0.15465083726116918,-0.025023828980764152,9.613101576679255e-06,0,0,6.901101589202881,0.053847841918468475,9.999698638916016,0.5140151977539062,-0.01664155162870884,0.0001684407761786133,0,-13,-1001,1,0,0,0.015226173214614391,0.002530745230615139,0.00030279773636721075,0.00035506687709130347,63,3135,0.019416332244873047,12.312,28.78,93,6,10,1.21,831,0.0037025813944637775,0.00013912470603827387,0.007809117902070284,1500,1500,1000,1500,1800,1000,1000,1800
1783917704.9643,14.1800,0.02053,48.70,710,121440,0.401,GUIDED,GUIDED,128,7.0900009870529175,0.0,10.0,0.5,0.0,0.0,nan,nan,nan,nan,nan,nan,nan,nan,nan,nan,0.1448091672131855,-0.025248677528174363,-5.3554257549067396e-05,0,0,6.9211602210998535,0.053966984152793884,9.999682426452637,0.5138746500015259,-0.016580522060394287,0.00021427073806989938,0,-13,-1001,0,0,0,0.015190713107585907,0.002484041964635253,0.0003002986777573824,0.0003825805615633726,63,3135,0.02042865753173828,12.312,28.78,93,6,10,1.21,831,0.0037025813944637775,0.00013912470603827387,0.007809117902070284,1500,1500,1000,1500,1800,1000,1000,1800
1783917704.9835,14.2000,0.01924,51.98,711,121440,0.420,GUIDED,GUIDED,128,7.100006341934204,0.0,10.0,0.5,0.0,0.0,nan,nan,nan,nan,nan,nan,nan,nan,nan,nan,0.15481452209447213,-0.025248677528174363,-5.3554257549067396e-05,0,0,6.9211602210998535,0.053966984152793884,9.999682426452637,0.5138746500015259,-0.016580522060394287,0.00021427073806989938,0,-13,-1001,0,0,0,0.015190713107585907,0.002484041964635253,0.0003002986777573824,0.0003825805615633726,63,3135,0.02042865753173828,12.312,28.78,93,6,10,1.21,831,0.0037025813944637775,0.00013912470603827387,0.007809117902070284,1500,1500,1000,1500,1800,1000,1000,1800
1783917705.0042,14.2200,0.02068,48.36,712,121480,0.441,GUIDED,GUIDED,128,7.110020637512207,0.0,10.0,0.5,0.0,0.0,nan,nan,nan,nan,nan,nan,nan,nan,nan,nan,0.14478302016308825,-0.025259950671366178,0.00013178228399984506,0,0,6.941281795501709,0.05398418381810188,9.99966812133789,0.5138309001922607,-0.016583943739533424,0.00011552569776540622,0,-13,-1000,0,0,0,0.015163508243858814,0.0024850736372172832,0.0002989732602145523,0.0004065928515046835,63,3135,0.02059650421142578,12.312,28.75,93,6,10,1.21,831,0.0037025813944637775,0.00013912470603827387,0.007809117902070284,1500,1500,1000,1500,1800,1000,1000,1800
1783917705.0235,14.2401,0.01933,51.74,713,121480,0.460,GUIDED,GUIDED,128,7.120025157928467,0.0,10.0,0.5,0.0,0.0,nan,nan,nan,nan,nan,nan,nan,nan,nan,nan,0.15478754057934802,-0.025259950671366178,0.00013178228399984506,0,0,6.941281795501709,0.05398418381810188,9.99966812133789,0.5138309001922607,-0.016583943739533424,0.00011552569776540622,0,-13,-1000,0,0,0,0.015163508243858814,0.0024850736372172832,0.0002989732602145523,0.0004065928515046835,63,3135,0.02059650421142578,12.312,28.75,93,6,10,1.21,831,0.0037025813944637775,0.00013912470603827387,0.007809117902070284,1500,1500,1000,1500,1800,1000,1000,1800
1783917705.0440,14.2600,0.02055,48.67,714,121500,0.481,GUIDED,GUIDED,128,7.129999756813049,0.0,10.0,0.5,0.0,0.0,nan,nan,nan,nan,nan,nan,nan,nan,nan,nan,0.15492883769638743,-0.025435671605612095,9.847741681930701e-05,0,0,6.951294422149658,0.05405892804265022,9.999655723571777,0.5137273669242859,-0.016525644809007645,0.00014191212540026754,0,-13,-1001,0,1,0,0.015147523954510689,0.0025197064969688654,0.0003027251223102212,0.0004248983459547162,63,3135,0.020244598388671875,12.312,28.75,93,6,10,1.21,831,0.0037025813944637775,0.00013679536641575396,0.007809117902070284,1500,1500,1000,1500,1800,1000,1000,1800
1783917705.0639,14.2800,0.01988,50.30,715,121540,0.500,GUIDED,GUIDED,128,7.1399993896484375,0.0,10.0,0.5,0.0,0.0,nan,nan,nan,nan,nan,nan,nan,nan,nan,nan,0.14477860798160752,-0.02517658559979059,0.00018596200054338765,0,0,6.971492290496826,0.05393599718809128,9.999638557434082,0.5136996507644653,-0.01660425402224064,0.00010131375165656209,0,-13,-1000,2,2,0,0.01517751719802618,0.0025528259575366974,0.0003066775680053979,0.0004615288635250181,63,3135,0.019799232482910156,12.312,28.75,93,6,10,1.21,831,0.0037025813944637775,0.00013679536641575396,0.007809117902070284,1500,1500,1000,1500,1800,1000,1000,1800
1783917705.0835,14.3000,0.01961,50.99,716,121540,0.520,GUIDED,GUIDED,128,7.150001049041748,0.0,10.0,0.5,0.0,0.0,nan,nan,nan,nan,nan,nan,nan,nan,nan,nan,0.15478026737491807,-0.02517658559979059,0.00018596200054338765,0,0,6.971492290496826,0.05393599718809128,9.999638557434082,0.5136996507644653,-0.01660425402224064,0.00010131375165656209,0,-13,-1000,2,2,0,0.015194954350590706,0.002537068910896778,0.00030922936275601387,0.00037702196277678013,63,3135,0.019799232482910156,12.312,28.78,92,6,10,1.21,831,0.0037025813944637775,0.00013679536641575396,0.007809117902070284,1500,1500,1000,1500,1800,1000,1000,1800
1783917705.1041,14.3200,0.02055,48.66,717,121580,0.541,GUIDED,GUIDED,128,7.1600000858306885,0.0,10.0,0.5,0.0,0.0,nan,nan,nan,nan,nan,nan,nan,nan,nan,nan,0.14450905362373667,-0.024727261884448532,0.0005030989691319648,0,0,6.991738796234131,0.05373411625623703,9.99962043762207,0.5137133598327637,-0.016747115179896355,-7.132388418540359e-05,0,-13,-1000,2,2,0,0.015207583084702492,0.0025596737395972013,0.0003108759119641036,0.000267835013801232,63,3135,0.020462989807128906,12.312,28.78,92,6,10,1.21,831,0.0037025813944637775,0.00013679536641575396,0.007809117902070284,1500,1500,1000,1500,1800,1000,1000,1800
1783917705.1235,14.3400,0.01943,51.47,718,121580,0.560,GUIDED,GUIDED,128,7.170004487037659,0.0,10.0,0.5,0.0,0.0,nan,nan,nan,nan,nan,nan,nan,nan,nan,nan,0.1545134548307069,-0.024727261884448532,0.0005030989691319648,0,0,6.991738796234131,0.05373411625623703,9.99962043762207,0.5137133598327637,-0.016747115179896355,-7.132388418540359e-05,0,-13,-1000,2,2,0,0.015220426954329014,0.0025813456159085035,0.0003100732865277678,9.83462086878717e-05,63,3135,0.020462989807128906,12.312,28.78,92,6,10,1.21,831,0.0037025813944637775,0.00013679536641575396,0.007809117902070284,1500,1500,1000,1500,1800,1000,1000,1800
1783917705.1443,14.3600,0.02076,48.18,719,121620,0.581,GUIDED,GUIDED,128,7.180000185966492,0.0,10.0,0.5,0.0,0.0,nan,nan,nan,nan,nan,nan,nan,nan,nan,nan,0.14489957338023088,-0.024988635734792014,0.0007209908635228068,0,0,7.011694431304932,0.053887199610471725,9.999581336975098,0.5135135650634766,-0.01668459363281727,-0.00017454905901104212,0,-13,-1000,1,0,0,0.01520670484751463,0.0025496180169284344,0.00030233676079660654,-5.964742740616202e-06,63,3135,0.020671844482421875,12.312,28.78,92,6,10,1.21,831,0.004608237650245428,0.0001352356921415776,0.007763240020722151,1500,1500,1000,1500,1800,1000,1000,1800
1783917705.1635,14.3800,0.01918,52.14,720,121620,0.600,GUIDED,GUIDED,128,7.1900023221969604,0.0,10.0,0.5,0.0,0.0,nan,nan,nan,nan,nan,nan,nan,nan,nan,nan,0.15490170961069963,-0.024988635734792014,0.0007209908635228068,0,0,7.011694431304932,0.053887199610471725,9.999581336975098,0.5135135650634766,-0.01668459363281727,-0.00017454905901104212,0,-13,-1000,1,0,0,0.01520670484751463,0.0025496180169284344,0.00030233676079660654,-5.964742740616202e-06,63,3135,0.020671844482421875,12.312,28.78,92,6,10,1.21,831,0.004608237650245428,0.0001352356921415776,0.007763240020722151,1500,1500,1000,1500,1800,1000,1000,1800
1783917705.1843,14.4000,0.02088,47.90,721,121640,0.621,GUIDED,GUIDED,128,7.200001001358032,0.0,10.0,0.5,0.0,0.0,nan,nan,nan,nan,nan,nan,nan,nan,nan,nan,0.15482227801631882,-0.024775977073662667,0.0006184384343047548,0,0,7.021770477294922,0.0538097508251667,9.999570846557617,0.5135147571563721,-0.016762657091021538,-0.00010928374103968963,0,-13,-1001,0,0,0,0.01519340742379427,0.002531555248424411,0.0002839121734723449,2.977659460157156e-05,63,3135,0.020412921905517578,12.312,28.78,92,6,10,1.21,831,0.004608237650245428,0.0001352356921415776,0.007763240020722151,1500,1500,1000,1500,1800,1000,1000,1800
1783917705.2039,14.4200,0.01954,51.17,722,121680,0.640,GUIDED,GUIDED,128,7.209999680519104,0.0,10.0,0.5,0.0,0.0,nan,nan,nan,nan,nan,nan,nan,nan,nan,nan,0.14497513605467074,-0.02482309827937536,0.0004991897741035951,0,0,7.041779518127441,0.05384514480829239,9.999547004699707,0.5134205222129822,-0.016755886375904083,-2.6670391889638267e-05,0,-13,-1001,3,3,0,0.015243785455822945,0.0025661922991275787,0.0002767907571978867,4.245230229571462e-05,63,3135,0.019458770751953125,12.312,28.78,92,6,10,1.21,831,0.004608237650245428,0.0001352356921415776,0.007763240020722151,1500,1500,1000,1500,1800,1000,1000,1800
1783917705.2236,14.4400,0.01976,50.61,723,121680,0.660,GUIDED,GUIDED,128,7.220021605491638,0.0,10.0,0.5,0.0,0.0,nan,nan,nan,nan,nan,nan,nan,nan,nan,nan,0.15499706102720492,-0.02482309827937536,0.0004991897741035951,0,0,7.041779518127441,0.05384514480829239,9.999547004699707,0.5134205222129822,-0.016755886375904083,-2.6670391889638267e-05,0,-13,-1001,3,3,0,0.015229328535497189,0.0025178331416100264,0.00026967775193043053,7.401290349662304e-05,63,3135,0.019458770751953125,12.312,28.78,92,6,10,1.21,831,0.004608237650245428,0.0001352356921415776,0.007763240020722151,1500,1500,1000,1500,1800,1000,1000,1800
1783917705.2441,14.4600,0.02045,48.90,724,121720,0.681,GUIDED,GUIDED,128,7.230018377304077,0.0,10.0,0.5,0.0,0.0,nan,nan,nan,nan,nan,nan,nan,nan,nan,nan,0.14527738442679805,-0.025151778454073688,0.00041358926218639804,0,0,7.061703681945801,0.05397868528962135,9.99951457977295,0.5133005976676941,-0.0166432224214077,4.147162690060213e-05,0,-13,-1001,3,1,0,0.015264785848557949,0.0025313254445791245,0.00026505428832024336,0.00010027771349996328,63,3135,0.02036738395690918,12.312,28.78,92,6,10,1.21,831,0.004608237650245428,0.00013253450742922723,0.007763240020722151,1500,1500,1000,1500,1800,1000,1000,1800
1783917705.2635,14.4800,0.01946,51.39,725,121720,0.700,GUIDED,GUIDED,128,7.240000486373901,0.0,10.0,0.5,0.0,0.0,nan,nan,nan,nan,nan,nan,nan,nan,nan,nan,0.15525949349662227,-0.025151778454073688,0.00041358926218639804,0,0,7.061703681945801,0.05397868528962135,9.99951457977295,0.5133005976676941,-0.0166432224214077,4.147162690060213e-05,0,-13,-1001,3,1,0,0.015264785848557949,0.0025313254445791245,0.00026505428832024336,0.00010027771349996328,63,3135,0.02036738395690918,12.312,28.78,92,6,10,1.21,831,0.004608237650245428,0.00013253450742922723,0.007763240020722151,1500,1500,1000,1500,1800,1000,1000,1800
1783917705.2843,14.5000,0.02077,48.14,726,121760,0.721,GUIDED,GUIDED,128,7.250019669532776,0.0,10.0,0.5,0.0,0.0,nan,nan,nan,nan,nan,nan,nan,nan,nan,nan,0.14511597513107333,-0.024816791851334025,0.0003495887367873934,0,0,7.081844806671143,0.05381736159324646,9.999496459960938,0.5133130550384521,-0.016743486747145653,8.888382581062615e-05,0,-13,-1001,2,1,0,0.015254462137818336,0.0024984446354210377,0.0002604345208965242,0.000225857860641554,63,3135,0.02068805694580078,12.312,28.78,92,6,10,1.21,831,0.004608237650245428,0.00013253450742922723,0.007763240020722151,1500,1500,1000,1500,1800,1000,1000,1800
1783917705.3035,14.5200,0.01920,52.09,727,121760,0.740,GUIDED,GUIDED,128,7.260024785995483,0.0,10.0,0.5,0.0,0.0,nan,nan,nan,nan,nan,nan,nan,nan,nan,nan,0.15512109159378085,-0.024816791851334025,0.0003495887367873934,0,0,7.081844806671143,0.05381736159324646,9.999496459960938,0.5133130550384521,-0.016743486747145653,8.888382581062615e-05,0,-13,-1001,2,1,0,0.015254462137818336,0.0024984446354210377,0.0002604345208965242,0.000225857860641554,63,3135,0.02068805694580078,12.312,28.78,92,6,10,1.21,831,0.004608237650245428,0.00013253450742922723,0.007763240020722151,1500,1500,1000,1500,1800,1000,1000,1800
1783917705.3243,14.5401,0.02077,48.15,728,121780,0.761,GUIDED,GUIDED,128,7.270025849342346,0.0,10.0,0.5,0.0,0.0,nan,nan,nan,nan,nan,nan,nan,nan,nan,nan,0.15486628642842207,-0.02442335656429654,0.000252986620595441,0,0,7.091992378234863,0.053634319454431534,9.999492645263672,0.5133755803108215,-0.0168649572879076,0.00014685950009152293,0,-13,-1001,3,0,0,0.01525578647851944,0.0024708681739866734,0.00026209381758235395,0.0002741027856245637,63,3135,0.02036905288696289,12.312,28.78,92,6,10,1.21,831,0.004608237650245428,0.00013253450742922723,0.007763240020722151,1500,1500,1000,1500,1800,1000,1000,1800
1783917705.3441,14.5600,0.01979,50.52,729,121820,0.781,GUIDED,GUIDED,128,7.280024766921997,0.0,10.0,0.5,0.0,0.0,nan,nan,nan,nan,nan,nan,nan,nan,nan,nan,0.14529422995337843,-0.024825356811658063,0.00018887933055724768,0,0,7.111857891082764,0.05380750820040703,9.999467849731445,0.5132055282592773,-0.016732852905988693,0.00019818756845779717,0,-13,-1001,0,2,0,0.015218491666018963,0.0024716814514249563,0.00026067878934554756,0.000280010950518772,63,3135,0.01968693733215332,12.312,28.78,92,6,10,1.21,831,0.004596983082592487,0.0001297176640946418,0.007644970901310444,1500,1500,1000,1500,1800,1000,1000,1800
1783917705.3637,14.5801,0.01959,51.04,730,121820,0.800,GUIDED,GUIDED,128,7.290027856826782,0.0,10.0,0.5,0.0,0.0,nan,nan,nan,nan,nan,nan,nan,nan,nan,nan,0.15529731985816358,-0.024825356811658063,0.00018887933055724768,0,0,7.111857891082764,0.05380750820040703,9.999467849731445,0.5132055282592773,-0.016732852905988693,0.00019818756845779717,0,-13,-1001,0,2,0,0.015277517959475517,0.002455940470099449,0.0002574868849478662,0.00033282916410826147,63,3135,0.01968693733215332,12.312,28.78,92,6,10,1.21,831,0.004596983082592487,0.0001297176640946418,0.007644970901310444,1500,1500,1000,1500,1800,1000,1000,1800
1783917705.3843,14.6001,0.02060,48.54,731,121860,0.821,GUIDED,GUIDED,128,7.300027132034302,0.0,10.0,0.5,0.0,0.0,nan,nan,nan,nan,nan,nan,nan,nan,nan,nan,0.14554585213514348,-0.025043443380716013,0.00017889243793797787,0,0,7.131786823272705,0.05389026552438736,9.999455451965332,0.513102650642395,-0.016654720529913902,0.00021111135720275342,0,-13,-1001,1,3,0,0.015251112170517445,0.002474818844348192,0.0002546246978454292,0.00030472571961581707,63,3135,0.020500659942626953,12.312,28.78,92,6,10,1.21,831,0.004596983082592487,0.0001297176640946418,0.007644970901310444,1500,1500,1000,1500,1800,1000,1000,1800
1783917705.4036,14.6200,0.01931,51.78,732,121860,0.840,GUIDED,GUIDED,128,7.310024619102478,0.0,10.0,0.5,0.0,0.0,nan,nan,nan,nan,nan,nan,nan,nan,nan,nan,0.15554333920331975,-0.025043443380716013,0.00017889243793797787,0,0,7.131786823272705,0.05389026552438736,9.999455451965332,0.513102650642395,-0.016654720529913902,0.00021111135720275342,0,-13,-1001,1,3,0,0.015276039019227028,0.0024462032597512007,0.00025280803674831986,0.00036995901609770954,63,3135,0.020500659942626953,12.312,28.78,92,6,10,1.21,831,0.004596983082592487,0.0001297176640946418,0.007644970901310444,1500,1500,1000,1500,1800,1000,1000,1800
1783917705.4243,14.6400,0.02073,48.23,733,121900,0.861,GUIDED,GUIDED,128,7.320024728775024,0.0,10.0,0.5,0.0,0.0,nan,nan,nan,nan,nan,nan,nan,nan,nan,nan,0.14565861285924678,-0.025071249622453204,0.00012514861756461723,0,0,7.151783466339111,0.053880076855421066,9.999444007873535,0.5130380988121033,-0.01663278415799141,0.00024874761584214866,0,-13,-1001,2,3,0,0.015281597152352333,0.002489098347723484,0.00025348569033667445,0.0003992547863163054,63,3135,0.020632266998291016,12.312,28.78,92,6,10,1.21,831,0.004596983082592487,0.00012769018940161914,0.007644970901310444,1500,1500,1000,1500,1800,1000,1000,1800
1783917705.4435,14.6600,0.01920,52.09,734,121900,0.880,GUIDED,GUIDED,128,7.330024719238281,0.0,10.0,0.5,0.0,0.0,nan,nan,nan,nan,nan,nan,nan,nan,nan,nan,0.1556586033225036,-0.025071249622453204,0.00012514861756461723,0,0,7.151783466339111,0.053880076855421066,9.999444007873535,0.5130380988121033,-0.01663278415799141,0.00024874761584214866,0,-13,-1001,2,3,0,0.015281597152352333,0.002489098347723484,0.00025348569033667445,0.0003992547863163054,63,3135,0.020632266998291016,12.312,28.78,92,6,10,1.21,831,0.004596983082592487,0.00012769018940161914,0.007644970901310444,1500,1500,1000,1500,1800,1000,1000,1800
1783917705.4643,14.6800,0.02077,48.14,735,121920,0.901,GUIDED,GUIDED,128,7.340024709701538,0.0,10.0,0.5,0.0,0.0,nan,nan,nan,nan,nan,nan,nan,nan,nan,nan,0.1558408527424085,-0.02522603367410001,0.00014339531440621156,0,0,7.161726951599121,0.05393790081143379,9.999433517456055,0.5129655003547668,-0.016576804220676422,0.0002442695258650929,0,-13,-1001,2,3,0,0.015275451354682446,0.0024865742307156324,0.00025594711769372225,0.00039903269498609006,63,3135,0.02037501335144043,12.312,28.78,92,6,10,1.21,831,0.004596983082592487,0.00012769018940161914,0.007644970901310444,1500,1500,1000,1500,1800,1000,1000,1800
1783917705.4841,14.7000,0.01979,50.52,736,121960,0.921,GUIDED,GUIDED,128,7.350024461746216,0.0,10.0,0.5,0.0,0.0,nan,nan,nan,nan,nan,nan,nan,nan,nan,nan,0.14574990215122224,-0.024878338565872127,2.0035321915704875e-05,0,0,7.181822299957275,0.05378996208310127,9.99942684173584,0.512962818145752,-0.016692133620381355,0.00031934567959979177,0,-13,-1001,0,0,0,0.015251892618834972,0.0024441813584417105,0.00025880910106934607,0.0004511523002292961,63,3135,0.019687175750732422,12.312,28.75,92,6,10,1.21,831,0.004596983082592487,0.00012769018940161914,0.007644970901310444,1500,1500,1000,1500,1800,1000,1000,1800
1783917705.5036,14.7201,0.01957,51.10,737,121960,0.940,GUIDED,GUIDED,128,7.360027194023132,0.0,10.0,0.5,0.0,0.0,nan,nan,nan,nan,nan,nan,nan,nan,nan,nan,0.15575263442813875,-0.024878338565872127,2.0035321915704875e-05,0,0,7.181822299957275,0.05378996208310127,9.99942684173584,0.512962818145752,-0.016692133620381355,0.00031934567959979177,0,-13,-1001,0,0,0,0.01531224511563778,0.002490353537723422,0.00026540615363046527,0.0005175441037863493,63,3135,0.019687175750732422,12.312,28.75,92,6,10,1.21,831,0.004596983082592487,0.00012769018940161914,0.007644970901310444,1500,1500,1000,1500,1800,1000,1000,1800
1783917705.5243,14.7400,0.02064,48.45,738,122000,0.961,GUIDED,GUIDED,128,7.370024681091309,0.0,10.0,0.5,0.0,0.0,nan,nan,nan,nan,nan,nan,nan,nan,nan,nan,0.14550903300606702,-0.024502624586030777,9.64595790799909e-06,0,0,7.20197057723999,0.05356708914041519,9.999419212341309,0.513016402721405,-0.016780376434326172,0.00032974881469272077,0,-13,-1001,0,1,0,0.015285665169358253,0.002466496778652072,0.0002718515752349049,0.0005389984580688179,63,3135,0.02053523063659668,12.312,28.75,92,6,10,1.21,831,0.004596983082592487,0.0001264869060833007,0.007644970901310444,1500,1500,1000,1500,1800,1000,1000,1800
1783917705.5436,14.7600,0.01928,51.87,739,122000,0.980,GUIDED,GUIDED,128,7.3800249099731445,0.0,10.0,0.5,0.0,0.0,nan,nan,nan,nan,nan,nan,nan,nan,nan,nan,0.15550926188790296,-0.024502624586030777,9.64595790799909e-06,0,0,7.20197057723999,0.05356708914041519,9.999419212341309,0.513016402721405,-0.016780376434326172,0.00032974881469272077,0,-13,-1001,0,1,0,0.015285665169358253,0.002466496778652072,0.0002718515752349049,0.0005389984580688179,63,3135,0.02053523063659668,12.312,28.75,92,6,10,1.21,831,0.004596983082592487,0.0001264869060833007,0.007644970901310444,1500,1500,1000,1500,1800,1000,1000,1800
1783917705.5643,14.7801,0.02078,48.13,740,122040,0.000,GUIDED,GUIDED,128,7.390027642250061,0.0,10.0,0.5,0.0,0.0,nan,nan,nan,nan,nan,nan,nan,nan,nan,nan,0.145848133184336,-0.02486032666360383,-8.578836104330598e-06,0,0,7.221798896789551,0.05373019352555275,9.999408721923828,0.5129214525222778,-0.01666802540421486,0.000346327549777925,0,-13,-1001,1,1,0,0.015310540795326233,0.002482631942257285,0.00027569528901949525,0.0005213598487898707,63,3135,0.020679235458374023,12.312,28.75,92,6,10,1.21,831,0.004582087509334087,0.0001264869060833007,0.007744941860437393,1500,1500,1000,1500,1800,1000,1000,1800
1783917705.5835,14.8000,0.01912,52.30,741,122040,0.020,GUIDED,GUIDED,128,7.400001049041748,0.0,10.0,0.5,0.0,0.0,nan,nan,nan,nan,nan,nan,nan,nan,nan,nan,0.15582153997602302,-0.02486032666360383,-8.578836104330598e-06,0,0,7.221798896789551,0.05373019352555275,9.999408721923828,0.5129214525222778,-0.01666802540421486,0.000346327549777925,0,-13,-1001,1,1,0,0.015310540795326233,0.002482631942257285,0.00027569528901949525,0.0005213598487898707,63,3135,0.020679235458374023,12.312,28.75,92,6,10,1.21,831,0.004582087509334087,0.0001264869060833007,0.007744941860437393,1500,1500,1000,1500,1800,1000,1000,1800
1783917705.6041,14.8200,0.02063,48.47,742,122060,0.040,GUIDED,GUIDED,128,7.40999960899353,0.0,10.0,0.5,0.0,0.0,nan,nan,nan,nan,nan,nan,nan,nan,nan,nan,0.15616652236019793,-0.025238512817012445,-2.8887321981601113e-05,0,0,7.231647491455078,0.05389190837740898,9.999402046203613,0.5128088593482971,-0.01654304563999176,0.0003619068884290755,0,-13,-1001,2,2,0,0.015317225828766823,0.0025018167216330767,0.0002777467016130686,0.0005516160745173693,63,3135,0.02028965950012207,12.312,28.78,92,6,10,1.21,831,0.004582087509334087,0.0001264869060833007,0.007744941860437393,1500,1500,1000,1500,1800,1000,1000,1800
1783917705.6239,14.8400,0.01985,50.38,743,122100,0.060,GUIDED,GUIDED,128,7.420020222663879,0.0,10.0,0.5,0.0,0.0,nan,nan,nan,nan,nan,nan,nan,nan,nan,nan,0.14627674897207008,-0.025258336879182934,-0.00015340506516483372,0,0,7.251605987548828,0.05389101058244705,9.999395370483398,0.5127810835838318,-0.01653108187019825,0.0004376514698378742,0,-13,-1001,1,1,0,0.015321423299610615,0.0025034642312675714,0.0002788663259707391,0.0004842931230086833,63,3135,0.019765377044677734,12.312,28.78,92,6,10,1.21,831,0.004582087509334087,0.00012439792044460773,0.007744941860437393,1500,1500,1000,1500,1800,1000,1000,1800
1783917705.6435,14.8600,0.01960,51.02,744,122100,0.080,GUIDED,GUIDED,128,7.429999589920044,0.0,10.0,0.5,0.0,0.0,nan,nan,nan,nan,nan,nan,nan,nan,nan,nan,0.15625611622823463,-0.025258336879182934,-0.00015340506516483372,0,0,7.251605987548828,0.05389101058244705,9.999395370483398,0.5127810835838318,-0.01653108187019825,0.0004376514698378742,0,-13,-1001,1,1,0,0.015361887402832508,0.0025031238328665495,0.0002798877831082791,0.00042457060771994293,63,3135,0.019765377044677734,12.312,28.78,92,6,10,1.21,831,0.004582087509334087,0.00012439792044460773,0.007744941860437393,1500,1500,1000,1500,1800,1000,1000,1800
1783917705.6641,14.8800,0.02056,48.63,745,122140,0.100,GUIDED,GUIDED,128,7.440020561218262,0.0,10.0,0.5,0.0,0.0,nan,nan,nan,nan,nan,nan,nan,nan,nan,nan,0.14621553829929335,-0.025084110222501697,-4.552032966078582e-05,0,0,7.271625518798828,0.053805939853191376,9.9993896484375,0.5128053426742554,-0.016582556068897247,0.0003786678134929389,0,-13,-1000,0,0,0,0.015338290482759476,0.0024879765696823597,0.0002819349756464362,0.0004451644781511277,63,3135,0.02047872543334961,12.312,28.78,92,6,10,1.21,831,0.004582087509334087,0.00012439792044460773,0.007744941860437393,1500,1500,1000,1500,1800,1000,1000,1800
1783917705.6835,14.9000,0.01944,51.45,746,122140,0.120,GUIDED,GUIDED,128,7.450000166893005,0.0,10.0,0.5,0.0,0.0,nan,nan,nan,nan,nan,nan,nan,nan,nan,nan,0.156195143974037,-0.025084110222501697,-4.552032966078582e-05,0,0,7.271625518798828,0.053805939853191376,9.9993896484375,0.5128053426742554,-0.016582556068897247,0.0003786678134929389,0,-13,-1000,0,0,0,0.015338290482759476,0.0024879765696823597,0.0002819349756464362,0.0004451644781511277,63,3135,0.02047872543334961,12.312,28.78,92,6,10,1.21,831,0.004582087509334087,0.00012439792044460773,0.007744941860437393,1500,1500,1000,1500,1800,1000,1000,1800
1783917705.7042,14.9200,0.02063,48.48,747,122180,0.140,GUIDED,GUIDED,128,7.460022926330566,0.0,10.0,0.5,0.0,0.0,nan,nan,nan,nan,nan,nan,nan,nan,nan,nan,0.14605579871277355,-0.024740265567984213,-5.919055630896025e-05,0,0,7.291711330413818,0.053638700395822525,9.999385833740234,0.5128493905067444,-0.0166845191270113,0.00038876273902133107,0,-13,-1001,0,0,0,0.015363178215920925,0.002495758468285203,0.0002886396541725844,0.0004380158497951925,63,3135,0.020542621612548828,12.312,28.75,92,6,10,1.21,831,0.004582087509334087,0.00012439792044460773,0.007744941860437393,1500,1500,1000,1500,1800,1000,1000,1800
1783917705.7235,14.9400,0.01933,51.74,748,122180,0.160,GUIDED,GUIDED,128,7.470022797584534,0.0,10.0,0.5,0.0,0.0,nan,nan,nan,nan,nan,nan,nan,nan,nan,nan,0.15605566996674083,-0.024740265567984213,-5.919055630896025e-05,0,0,7.291711330413818,0.053638700395822525,9.999385833740234,0.5128493905067444,-0.0166845191270113,0.00038876273902133107,0,-13,-1001,0,0,0,0.015363178215920925,0.002495758468285203,0.0002886396541725844,0.0004380158497951925,63,3135,0.020542621612548828,12.312,28.75,92,6,10,1.21,831,0.004582087509334087,0.00012439792044460773,0.007744941860437393,1500,1500,1000,1500,1800,1000,1000,1800
1783917705.7441,14.9600,0.02060,48.54,749,122200,0.180,GUIDED,GUIDED,128,7.4800190925598145,0.0,10.0,0.5,0.0,0.0,nan,nan,nan,nan,nan,nan,nan,nan,nan,nan,0.15603678133493257,-0.024666805269036005,-4.337033466101899e-05,0,0,7.301712989807129,0.05359836667776108,9.99937915802002,0.51285719871521,-0.016703644767403603,0.0003834831586573273,0,-13,-1000,1,0,0,0.015381034463644028,0.0024934373795986176,0.00029377228929661214,0.00040151149732992053,63,3135,0.02029109001159668,12.312,28.75,92,6,10,1.21,831,0.004582087509334087,0.00012402427091728896,0.007744941860437393,1500,1500,1000,1500,1800,1000,1000,1800
1783917705.7639,14.9800,0.01983,50.44,750,122240,0.200,GUIDED,GUIDED,128,7.490003347396851,0.0,10.0,0.5,0.0,0.0,nan,nan,nan,nan,nan,nan,nan,nan,nan,nan,0.14642490355315008,-0.025026142078507195,-4.723647808093853e-05,0,0,7.3215250968933105,0.05376488342881203,9.999366760253906,0.5127325057983398,-0.016592320054769516,0.0003928731312043965,0,-13,-1001,2,3,0,0.015395411290228367,0.0025387152563780546,0.00029358817846514285,0.0004596884245984256,63,3135,0.019738435745239258,12.312,28.75,92,6,10,1.21,831,0.0045426166616380215,0.00012402427091728896,0.007642124313861132,1500,1500,1000,1500,1800,1000,1000,1800
1783917705.7836,15.0000,0.01971,50.74,751,122240,0.220,GUIDED,GUIDED,128,7.50001859664917,0.0,10.0,0.5,0.0,0.0,nan,nan,nan,nan,nan,nan,nan,nan,nan,nan,0.1564401528054694,-0.025026142078507195,-4.723647808093853e-05,0,0,7.3215250968933105,0.05376488342881203,9.999366760253906,0.5127325057983398,-0.016592320054769516,0.0003928731312043965,0,-13,-1001,2,3,0,0.015413179062306881,0.002496829954907298,0.0002918793470598757,0.00043835327960550785,63,3135,0.019738435745239258,12.312,28.75,92,6,10,1.21,831,0.0045426166616380215,0.00012402427091728896,0.007642124313861132,1500,1500,1000,1500,1800,1000,1000,1800
1783917705.8041,15.0200,0.02043,48.94,752,122280,0.240,GUIDED,GUIDED,128,7.51001763343811,0.0,10.0,0.5,0.0,0.0,nan,nan,nan,nan,nan,nan,nan,nan,nan,nan,0.14661800691639504,-0.025162353295923447,0.0002523942480433598,0,0,7.341421127319336,0.053827911615371704,9.999356269836426,0.5126892924308777,-0.01655006781220436,0.00022593789617531002,0,-13,-1000,0,2,0,0.015394466929137707,0.002525302581489086,0.00028873031260445714,0.0003085025819018483,63,3135,0.02035045623779297,12.312,28.75,92,6,10,1.21,831,0.0045426166616380215,0.00012402427091728896,0.007642124313861132,1500,1500,1000,1500,1800,1000,1000,1800
1783917705.8236,15.0400,0.01951,51.25,753,122280,0.260,GUIDED,GUIDED,128,7.520021080970764,0.0,10.0,0.5,0.0,0.0,nan,nan,nan,nan,nan,nan,nan,nan,nan,nan,0.15662145444904885,-0.025162353295923447,0.0002523942480433598,0,0,7.341421127319336,0.053827911615371704,9.999356269836426,0.5126892924308777,-0.01655006781220436,0.00022593789617531002,0,-13,-1000,0,2,0,0.015415164642035961,0.0024929388891905546,0.00028507376555353403,0.00025247022858820856,63,3135,0.02035045623779297,12.312,28.75,92,6,10,1.21,831,0.0045426166616380215,0.00012402427091728896,0.007642124313861132,1500,1500,1000,1500,1800,1000,1000,1800
1783917705.8443,15.0600,0.02067,48.37,754,122300,0.280,GUIDED,GUIDED,128,7.530024528503418,0.0,10.0,0.5,0.0,0.0,nan,nan,nan,nan,nan,nan,nan,nan,nan,nan,0.15733715556953015,-0.025419722487951144,0.00028150089815119183,0,0,7.350880146026611,0.0539424829185009,9.99934196472168,0.5125904083251953,-0.0164676234126091,0.00021739222574979067,0,-13,-1001,0,0,0,0.015370707027614117,0.0024881763383746147,0.0002824449329636991,0.0002755456371232867,63,3135,0.02026081085205078,12.312,28.75,92,6,10,1.21,831,0.0045426166616380215,0.00012144126958446577,0.007642124313861132,1500,1500,1000,1500,1800,1000,1000,1800
1783917705.8636,15.0800,0.01940,51.56,755,122320,0.300,GUIDED,GUIDED,128,7.540024518966675,0.0,10.0,0.5,0.0,0.0,nan,nan,nan,nan,nan,nan,nan,nan,nan,nan,0.1575145905482953,-0.02555848760617777,0.00027240022073237927,0,0,7.3607940673828125,0.05400583893060684,9.999330520629883,0.5125376582145691,-0.016424085944890976,0.0002292537537869066,0,-13,-1001,0,0,0,0.015370707027614117,0.0024881763383746147,0.0002824449329636991,0.0002755456371232867,63,3135,0.019272565841674805,12.312,28.75,92,6,10,1.21,831,0.0045426166616380215,0.00012144126958446577,0.007642124313861132,1500,1500,1000,1500,1800,1000,1000,1800
1783917705.8840,15.1000,0.02037,49.08,756,122340,0.320,GUIDED,GUIDED,128,7.550005078315735,0.0,10.0,0.5,0.0,0.0,nan,nan,nan,nan,nan,nan,nan,nan,nan,nan,0.15730962792915323,-0.025217741282723995,0.00022440676599215612,0,0,7.370885848999023,0.053858980536460876,9.999327659606934,0.5125917792320251,-0.016536027193069458,0.0002586146001704037,0,-13,-1001,2,0,0,0.015410404652357101,0.002460361458361149,0.0002786603872664273,0.00022884845384396613,63,3135,0.02010345458984375,12.312,28.78,92,6,10,1.21,831,0.0045426166616380215,0.00012144126958446577,0.007642124313861132,1500,1500,1000,1500,1800,1000,1000,1800
1783917705.9042,15.1201,0.02013,49.67,757,122380,0.340,GUIDED,GUIDED,128,7.560027480125427,0.0,10.0,0.5,0.0,0.0,nan,nan,nan,nan,nan,nan,nan,nan,nan,nan,0.14706842646102683,-0.02491955415123261,0.0002525491134405454,0,0,7.390960216522217,0.05369294807314873,9.999317169189453,0.5127010345458984,-0.016612326726317406,0.00024842325365170836,0,-13,-1001,3,2,0,0.015459220856428146,0.002481363248080015,0.0002786062832456082,0.00024007889442145824,63,3135,0.020027875900268555,12.312,28.78,92,6,10,1.21,831,0.0045426166616380215,0.00012144126958446577,0.007642124313861132,1500,1500,1000,1500,1800,1000,1000,1800
1783917705.9237,15.1401,0.01950,51.29,758,122380,0.360,GUIDED,GUIDED,128,7.570026516914368,0.0,10.0,0.5,0.0,0.0,nan,nan,nan,nan,nan,nan,nan,nan,nan,nan,0.15706746324996726,-0.02491955415123261,0.0002525491134405454,0,0,7.390960216522217,0.05369294807314873,9.999317169189453,0.5127010345458984,-0.016612326726317406,0.00024842325365170836,0,-13,-1001,3,2,0,0.01550084538757801,0.0024520880542695522,0.000279512838460505,0.00026135050575248897,63,3135,0.020027875900268555,12.312,28.78,92,6,10,1.21,831,0.0045426166616380215,0.00012144126958446577,0.007642124313861132,1500,1500,1000,1500,1800,1000,1000,1800
1783917705.9443,15.1600,0.02064,48.45,759,122420,0.380,GUIDED,GUIDED,128,7.580024719238281,0.0,10.0,0.5,0.0,0.0,nan,nan,nan,nan,nan,nan,nan,nan,nan,nan,0.14743007439503175,-0.025366374290948603,0.00022320958029394965,0,0,7.410737037658691,0.05388705059885979,9.999292373657227,0.5126194953918457,-0.016466420143842697,0.00027967814821749926,0,-13,-1001,1,3,0,0.01549764908850193,0.002485013799741864,0.00027776320348493755,0.0002730467531364411,63,3135,0.020536184310913086,12.312,28.78,92,6,10,1.21,831,0.004506130702793598,0.0001211316412081942,0.00758740259334445,1500,1500,1000,1500,1800,1000,1000,1800
1783917705.9637,15.1801,0.01937,51.62,760,122420,0.400,GUIDED,GUIDED,128,7.590026378631592,0.0,10.0,0.5,0.0,0.0,nan,nan,nan,nan,nan,nan,nan,nan,nan,nan,0.1574317337883423,-0.025366374290948603,0.00022320958029394965,0,0,7.410737037658691,0.05388705059885979,9.999292373657227,0.5126194953918457,-0.016466420143842697,0.00027967814821749926,0,-13,-1001,1,3,0,0.015557104721665382,0.0024553542025387287,0.00027510442305356264,0.00038687579217366874,63,3135,0.020536184310913086,12.312,28.78,92,6,10,1.21,831,0.004506130702793598,0.0001211316412081942,0.00758740259334445,1500,1500,1000,1500,1800,1000,1000,1800
1783917705.9844,15.2000,0.02077,48.16,761,122460,0.421,GUIDED,GUIDED,128,7.600024461746216,0.0,10.0,0.5,0.0,0.0,nan,nan,nan,nan,nan,nan,nan,nan,nan,nan,0.14760515217585304,-0.02559174014395573,0.00017875108549722713,0,0,7.430605888366699,0.05398522689938545,9.999279975891113,0.5125939846038818,-0.016392987221479416,0.00031250412575900555,0,-13,-1001,0,4,0,0.015515218488872051,0.002511804224923253,0.0002712312852963805,0.0002720929333008826,63,3135,0.02065110206604004,12.312,28.78,92,6,10,1.21,831,0.004506130702793598,0.0001211316412081942,0.00758740259334445,1500,1500,1000,1500,1800,1000,1000,1800
1783917706.0035,15.2201,0.01909,52.39,762,122460,0.440,GUIDED,GUIDED,128,7.610027432441711,0.0,10.0,0.5,0.0,0.0,nan,nan,nan,nan,nan,nan,nan,nan,nan,nan,0.15760812287134865,-0.02559174014395573,0.00017875108549722713,0,0,7.430605888366699,0.05398522689938545,9.999279975891113,0.5125939846038818,-0.016392987221479416,0.00031250412575900555,0,-13,-1001,0,4,0,0.015515218488872051,0.002511804224923253,0.0002712312852963805,0.0002720929333008826,63,3135,0.02065110206604004,12.312,28.78,92,6,10,1.21,831,0.004506130702793598,0.0001211316412081942,0.00758740259334445,1500,1500,1000,1500,1800,1000,1000,1800
1783917706.0242,15.2400,0.02068,48.36,763,122500,0.460,GUIDED,GUIDED,128,7.6200190782547,0.0,10.0,0.5,0.0,0.0,nan,nan,nan,nan,nan,nan,nan,nan,nan,nan,0.1475988998933912,-0.02558473011015391,0.00016974795009915846,0,0,7.450550079345703,0.053987566381692886,9.999268531799316,0.5126267075538635,-0.016398385167121887,0.0003243093378841877,0,-13,-1001,1,3,0,0.015530637465417385,0.0025209898594766855,0.00026475120102986693,0.0002536042593419552,63,3135,0.020604372024536133,12.312,28.78,92,6,10,1.21,831,0.004506130702793598,0.00011891864414792508,0.00758740259334445,1500,1500,1000,1500,1800,1000,1000,1800
1783917706.0438,15.2600,0.01965,50.90,764,122520,0.480,GUIDED,GUIDED,128,7.630017161369324,0.0,10.0,0.5,0.0,0.0,nan,nan,nan,nan,nan,nan,nan,nan,nan,nan,0.14769942747752313,-0.02571171248477261,0.0001730131388763469,0,0,7.460465908050537,0.05405135080218315,9.999259948730469,0.5126161575317383,-0.016361897811293602,0.00032737961737439036,0,-13,-1001,2,0,0,0.01555273961275816,0.002487750491127372,0.0002634348929859698,0.0003550839319359511,63,3135,0.019563913345336914,12.312,28.78,92,6,10,1.21,831,0.004506130702793598,0.00011891864414792508,0.00758740259334445,1500,1500,1000,1500,1800,1000,1000,1800
1783917706.0636,15.2800,0.01978,50.56,765,122520,0.500,GUIDED,GUIDED,128,7.6400169134140015,0.0,10.0,0.5,0.0,0.0,nan,nan,nan,nan,nan,nan,nan,nan,nan,nan,0.15769917952220086,-0.02571171248477261,0.0001730131388763469,0,0,7.460465908050537,0.05405135080218315,9.999259948730469,0.5126161575317383,-0.016361897811293602,0.00032737961737439036,0,-13,-1001,2,0,0,0.015552075579762459,0.002527650212869048,0.00026260141748934984,0.00030075424001552165,63,3135,0.019563913345336914,12.312,28.78,92,6,10,1.21,831,0.004506130702793598,0.00011891864414792508,0.00758740259334445,1500,1500,1000,1500,1800,1000,1000,1800
1783917706.0840,15.3000,0.02040,49.02,766,122560,0.520,GUIDED,GUIDED,128,7.650016903877258,0.0,10.0,0.5,0.0,0.0,nan,nan,nan,nan,nan,nan,nan,nan,nan,nan,0.14748197380648498,-0.02540702660360809,9.293758764875157e-05,0,0,7.480522155761719,0.053914230316877365,9.999252319335938,0.5127090811729431,-0.01645864173769951,0.00037801609141752124,0,-13,-1001,0,1,0,0.015511805191636086,0.002504508476704359,0.00026243532192893326,0.0003330592007841915,63,3135,0.020319223403930664,12.312,28.75,92,6,10,1.21,831,0.004506130702793598,0.00011891864414792508,0.00758740259334445,1500,1500,1000,1500,1800,1000,1000,1800
1783917706.1035,15.3200,0.01951,51.27,767,122560,0.540,GUIDED,GUIDED,128,7.660018086433411,0.0,10.0,0.5,0.0,0.0,nan,nan,nan,nan,nan,nan,nan,nan,nan,nan,0.15748315636263732,-0.02540702660360809,9.293758764875157e-05,0,0,7.480522155761719,0.053914230316877365,9.999252319335938,0.5127090811729431,-0.01645864173769951,0.00037801609141752124,0,-13,-1001,0,1,0,0.015536775812506676,0.002537098713219166,0.0002645679051056504,0.000330305629177019,63,3135,0.020319223403930664,12.312,28.75,92,6,10,1.21,831,0.004506130702793598,0.00011891864414792508,0.00758740259334445,1500,1500,1000,1500,1800,1000,1000,1800
1783917706.1241,15.3400,0.02057,48.61,768,122600,0.560,GUIDED,GUIDED,128,7.669999361038208,0.0,10.0,0.5,0.0,0.0,nan,nan,nan,nan,nan,nan,nan,nan,nan,nan,0.147111312529994,-0.02490975814688475,0.0001549596895521376,0,0,7.500638961791992,0.0537002831697464,9.999244689941406,0.512845516204834,-0.016622217372059822,0.000346612447174266,0,-13,-1000,-1,2,0,0.015473959967494011,0.0025455330032855272,0.0002672209811862558,0.0003460522275418043,63,3135,0.020485877990722656,12.312,28.75,92,6,10,1.21,831,0.004506130702793598,0.0001182611013064161,0.00758740259334445,1500,1500,1000,1500,1800,1000,1000,1800
1783917706.1435,15.3600,0.01939,51.57,769,122600,0.580,GUIDED,GUIDED,128,7.680020570755005,0.0,10.0,0.5,0.0,0.0,nan,nan,nan,nan,nan,nan,nan,nan,nan,nan,0.15713252224679086,-0.02490975814688475,0.0001549596895521376,0,0,7.500638961791992,0.0537002831697464,9.999244689941406,0.512845516204834,-0.016622217372059822,0.000346612447174266,0,-13,-1000,-1,2,0,0.015473959967494011,0.0025455330032855272,0.0002672209811862558,0.0003460522275418043,63,3135,0.020485877990722656,12.312,28.75,92,6,10,1.21,831,0.004506130702793598,0.0001182611013064161,0.00758740259334445,1500,1500,1000,1500,1800,1000,1000,1800
1783917706.1641,15.3800,0.02058,48.59,770,122620,0.600,GUIDED,GUIDED,128,7.68999981880188,0.0,10.0,0.5,0.0,0.0,nan,nan,nan,nan,nan,nan,nan,nan,nan,nan,0.15754403983539472,-0.02541370721516837,0.0001988572970879845,0,0,7.510433197021484,0.05393221229314804,9.99923324584961,0.5127147436141968,-0.016465166583657265,0.0003278754011262208,0,-13,-1001,0,2,0,0.015454727225005627,0.0025407772045582533,0.00026294690906070173,0.00036540289875119925,63,3135,0.02026987075805664,12.312,28.75,92,6,10,1.21,831,0.004474036395549774,0.0001182611013064161,0.007375909946858883,1500,1500,1000,1500,1800,1000,1000,1800
1783917706.1840,15.4000,0.01990,50.26,771,122660,0.620,GUIDED,GUIDED,128,7.700018048286438,0.0,10.0,0.5,0.0,0.0,nan,nan,nan,nan,nan,nan,nan,nan,nan,nan,0.14778794658025415,-0.025567536559215738,0.0001327530123371349,0,0,7.5303215980529785,0.05402659252285957,9.999221801757812,0.51264888048172,-0.016430843621492386,0.0003726479772012681,0,-13,-1001,1,0,0,0.015464141964912415,0.002519934670999646,0.0002598013379611075,0.0003814082301687449,63,3135,0.019810199737548828,12.312,28.78,92,6,10,1.21,831,0.004474036395549774,0.0001182611013064161,0.007375909946858883,1500,1500,1000,1500,1800,1000,1000,1800
1783917706.2036,15.4200,0.01965,50.88,772,122660,0.640,GUIDED,GUIDED,128,7.710000038146973,0.0,10.0,0.5,0.0,0.0,nan,nan,nan,nan,nan,nan,nan,nan,nan,nan,0.15776993644078882,-0.025567536559215738,0.0001327530123371349,0,0,7.5303215980529785,0.05402659252285957,9.999221801757812,0.51264888048172,-0.016430843621492386,0.0003726479772012681,0,-13,-1001,1,0,0,0.015484346076846123,0.0025394251570105553,0.00025724584702402353,0.0003625127428676933,63,3135,0.019810199737548828,12.312,28.78,92,6,10,1.21,831,0.004474036395549774,0.0001182611013064161,0.007375909946858883,1500,1500,1000,1500,1800,1000,1000,1800
1783917706.2240,15.4400,0.02042,48.97,773,122700,0.660,GUIDED,GUIDED,128,7.71999979019165,0.0,10.0,0.5,0.0,0.0,nan,nan,nan,nan,nan,nan,nan,nan,nan,nan,0.14776108759388665,-0.025674776280345025,6.321691998544747e-05,0,0,7.550283432006836,0.05402722582221031,9.999213218688965,0.5126758813858032,-0.016369294375181198,0.00041775009594857693,0,-13,-1001,0,0,0,0.01547024492174387,0.0025176056660711765,0.0002535773965064436,0.0002958110999315977,63,3135,0.02033209800720215,12.312,28.78,92,6,10,1.21,831,0.004474036395549774,0.00011595935211516917,0.007375909946858883,1500,1500,1000,1500,1800,1000,1000,1800
1783917706.2436,15.4600,0.01953,51.21,774,122700,0.680,GUIDED,GUIDED,128,7.730007886886597,0.0,10.0,0.5,0.0,0.0,nan,nan,nan,nan,nan,nan,nan,nan,nan,nan,0.15776918428883294,-0.025674776280345025,6.321691998544747e-05,0,0,7.550283432006836,0.05402722582221031,9.999213218688965,0.5126758813858032,-0.016369294375181198,0.00041775009594857693,0,-13,-1001,0,0,0,0.015523074194788933,0.002551050391048193,0.00025105447275564075,0.00027502700686454773,63,3135,0.02033209800720215,12.312,28.78,92,6,10,1.21,831,0.004474036395549774,0.00011595935211516917,0.007375909946858883,1500,1500,1000,1500,1800,1000,1000,1800
1783917706.2641,15.4800,0.02054,48.69,775,122740,0.700,GUIDED,GUIDED,128,7.740000486373901,0.0,10.0,0.5,0.0,0.0,nan,nan,nan,nan,nan,nan,nan,nan,nan,nan,0.14718679473485446,-0.025366818320472807,0.00012107116040908591,0,0,7.570737838745117,0.053926702588796616,9.999204635620117,0.5127454996109009,-0.0164890568703413,0.00038930337177589536,0,-13,-1001,0,0,0,0.01548196654766798,0.002537208842113614,0.00024980466696433723,0.00030021133716218174,63,3135,0.020456314086914062,12.312,28.78,92,6,10,1.21,831,0.004474036395549774,0.00011595935211516917,0.007375909946858883,1500,1500,1000,1500,1800,1000,1000,1800
1783917706.2835,15.5000,0.01934,51.69,776,122740,0.720,GUIDED,GUIDED,128,7.7500001192092896,0.0,10.0,0.5,0.0,0.0,nan,nan,nan,nan,nan,nan,nan,nan,nan,nan,0.15718642757024265,-0.025366818320472807,0.00012107116040908591,0,0,7.570737838745117,0.053926702588796616,9.999204635620117,0.5127454996109009,-0.0164890568703413,0.00038930337177589536,0,-13,-1001,0,0,0,0.01548196654766798,0.002537208842113614,0.00024980466696433723,0.00030021133716218174,63,3135,0.020456314086914062,12.312,28.78,92,6,10,1.21,831,0.004474036395549774,0.00011595935211516917,0.007375909946858883,1500,1500,1000,1500,1800,1000,1000,1800
1783917706.3043,15.5200,0.02082,48.02,777,122780,0.740,GUIDED,GUIDED,128,7.7600215673446655,0.0,10.0,0.5,0.0,0.0,nan,nan,nan,nan,nan,nan,nan,nan,nan,nan,0.14720317387072906,-0.025302006471905492,0.00015280102982631193,0,0,7.590710639953613,0.053904831409454346,9.999191284179688,0.5127639174461365,-0.016513848677277565,0.00037869258085265756,0,-13,-1000,0,0,0,0.015465673990547657,0.002529329154640436,0.0002519880945328623,0.0003716119972523302,63,3135,0.020426034927368164,12.312,28.75,92,6,10,1.21,831,0.004474036395549774,0.0001157281149062328,0.007375909946858883,1500,1500,1000,1500,1800,1000,1000,1800
1783917706.3241,15.5400,0.01978,50.55,778,122800,0.760,GUIDED,GUIDED,128,7.770021080970764,0.0,10.0,0.5,0.0,0.0,nan,nan,nan,nan,nan,nan,nan,nan,nan,nan,0.14685965058238645,-0.024897267566422913,0.0001118075211362894,0,0,7.600841522216797,0.0537150539457798,9.999191284179688,0.5128864049911499,-0.016637956723570824,0.00040236019412986934,0,-13,-1001,3,3,0,0.01550918910652399,0.0025661762338131666,0.00025679453392513096,0.000430676038376987,63,3135,0.01967477798461914,12.312,28.75,92,6,10,1.21,831,0.004474036395549774,0.0001157281149062328,0.007375909946858883,1500,1500,1000,1500,1800,1000,1000,1800
1783917706.3436,15.5600,0.01958,51.08,779,122800,0.780,GUIDED,GUIDED,128,7.780020713806152,0.0,10.0,0.5,0.0,0.0,nan,nan,nan,nan,nan,nan,nan,nan,nan,nan,0.15685928341777464,-0.024897267566422913,0.0001118075211362894,0,0,7.600841522216797,0.0537150539457798,9.999191284179688,0.5128864049911499,-0.016637956723570824,0.00040236019412986934,0,-13,-1001,3,3,0,0.015485111624002457,0.002517895307391882,0.00025427693617530167,0.00040550698759034276,63,3135,0.01967477798461914,12.312,28.75,92,6,10,1.21,831,0.004474036395549774,0.0001157281149062328,0.007375909946858883,1500,1500,1000,1500,1800,1000,1000,1800
1783917706.3642,15.5800,0.02054,48.68,780,122840,0.800,GUIDED,GUIDED,128,7.790002226829529,0.0,10.0,0.5,0.0,0.0,nan,nan,nan,nan,nan,nan,nan,nan,nan,nan,0.14708486846074567,-0.025228553411295176,0.00012714900897131069,0,0,7.6207051277160645,0.05387428030371666,9.99917984008789,0.5128242373466492,-0.01653861813247204,0.000400110031478107,0,-13,-1001,0,2,0,0.015461282804608345,0.00254261982627213,0.00025060478947125375,0.00035247232881374657,63,3135,0.02045416831970215,12.312,28.75,92,6,10,1.21,831,0.004253150895237923,0.0001157281149062328,0.007379026617854834,1500,1500,1000,1500,1800,1000,1000,1800
1783917706.3835,15.6000,0.01936,51.65,781,122840,0.820,GUIDED,GUIDED,128,7.80000114440918,0.0,10.0,0.5,0.0,0.0,nan,nan,nan,nan,nan,nan,nan,nan,nan,nan,0.15708378604039655,-0.025228553411295176,0.00012714900897131069,0,0,7.6207051277160645,0.05387428030371666,9.99917984008789,0.5128242373466492,-0.01653861813247204,0.000400110031478107,0,-13,-1001,0,2,0,0.015453414991497993,0.002495391294360161,0.0002473517379257828,0.00040245839045383036,63,3135,0.02045416831970215,12.312,28.75,92,6,10,1.21,831,0.004253150895237923,0.0001157281149062328,0.007379026617854834,1500,1500,1000,1500,1800,1000,1000,1800
1783917706.4041,15.6200,0.02060,48.54,782,122879,0.840,GUIDED,GUIDED,128,7.810020923614502,0.0,10.0,0.5,0.0,0.0,nan,nan,nan,nan,nan,nan,nan,nan,nan,nan,0.1475759071219948,-0.025917090126060225,0.00021068730535113726,0,0,7.640480041503906,0.05414893478155136,9.999161720275879,0.5126814842224121,-0.016299663111567497,0.00036234065191820264,0,-13,-1000,0,2,0,0.01540567446500063,0.0025220615789294243,0.00024600932374596596,0.0004194797365926206,63,3135,0.02051830291748047,12.312,28.75,92,6,10,1.21,831,0.004253150895237923,0.00011327646643621847,0.007379026617854834,1500,1500,1000,1500,1800,1000,1000,1800
1783917706.4235,15.6400,0.01937,51.63,783,122879,0.860,GUIDED,GUIDED,128,7.820021390914917,0.0,10.0,0.5,0.0,0.0,nan,nan,nan,nan,nan,nan,nan,nan,nan,nan,0.15757637442240985,-0.025917090126060225,0.00021068730535113726,0,0,7.640480041503906,0.05414893478155136,9.999161720275879,0.5126814842224121,-0.016299663111567497,0.00036234065191820264,0,-13,-1000,0,2,0,0.01540567446500063,0.0025220615789294243,0.00024600932374596596,0.0004194797365926206,63,3135,0.02051830291748047,12.312,28.75,92,6,10,1.21,831,0.004253150895237923,0.00011327646643621847,0.007379026617854834,1500,1500,1000,1500,1800,1000,1000,1800
1783917706.4442,15.6600,0.02064,48.44,784,122919,0.880,GUIDED,GUIDED,128,7.8299994468688965,0.0,10.0,0.5,0.0,0.0,nan,nan,nan,nan,nan,nan,nan,nan,nan,nan,0.14748028149324033,-0.025803492497959612,0.00021261283913500415,0,0,7.660505771636963,0.054091863334178925,9.999149322509766,0.5127094388008118,-0.016332298517227173,0.0003683867980726063,0,-13,-1001,0,3,0,0.015375064685940742,0.0025226206053048372,0.00024411152116954327,0.0003535008290782571,63,3135,0.020559072494506836,12.312,28.75,92,6,10,1.21,831,0.004253150895237923,0.00011327646643621847,0.007379026617854834,1500,1500,1000,1500,1800,1000,1000,1800
1783917706.4638,15.6800,0.01969,50.79,785,122939,0.900,GUIDED,GUIDED,128,7.84000027179718,0.0,10.0,0.5,0.0,0.0,nan,nan,nan,nan,nan,nan,nan,nan,nan,nan,0.14722808709806162,-0.025460540239606328,0.00014562607062872438,0,0,7.670612812042236,0.053944721817970276,9.999149322509766,0.5127937197685242,-0.016445349901914597,0.0004070616269018501,0,-13,-1001,2,0,0,0.015408067032694817,0.002488593105226755,0.00024250734713859856,0.00033116948907263577,63,3135,0.01959967613220215,12.312,28.75,92,6,10,1.21,831,0.004253150895237923,0.00011327646643621847,0.007379026617854834,1500,1500,1000,1500,1800,1000,1000,1800
1783917706.4836,15.7000,0.01976,50.60,786,122939,0.920,GUIDED,GUIDED,128,7.850002646446228,0.0,10.0,0.5,0.0,0.0,nan,nan,nan,nan,nan,nan,nan,nan,nan,nan,0.15723046174710947,-0.025460540239606328,0.00014562607062872438,0,0,7.670612812042236,0.053944721817970276,9.999149322509766,0.5127937197685242,-0.016445349901914597,0.0004070616269018501,0,-13,-1001,2,0,0,0.015364055521786213,0.002546505769714713,0.0002444802667014301,0.00036213613930158317,63,3135,0.01959967613220215,12.312,28.78,92,6,10,1.21,831,0.004253150895237923,0.00011327646643621847,0.007379026617854834,1500,1500,1000,1500,1800,1000,1000,1800
1783917706.5041,15.7200,0.02049,48.81,787,122979,0.940,GUIDED,GUIDED,128,7.860020637512207,0.0,10.0,0.5,0.0,0.0,nan,nan,nan,nan,nan,nan,nan,nan,nan,nan,0.1472923675636686,-0.025444109769243457,0.00011691123032236527,0,0,7.690608024597168,0.053924329578876495,9.999137878417969,0.5127711296081543,-0.01644306257367134,0.0004302473971620202,0,-13,-1001,1,0,0,0.015375418588519096,0.00251251133158803,0.0002469031314831227,0.000430066604167223,63,3135,0.020403623580932617,12.312,28.78,92,6,10,1.21,831,0.004253150895237923,0.00011322399222990498,0.007379026617854834,1500,1500,1000,1500,1800,1000,1000,1800
1783917706.5236,15.7400,0.01949,51.30,788,122979,0.960,GUIDED,GUIDED,128,7.870020031929016,0.0,10.0,0.5,0.0,0.0,nan,nan,nan,nan,nan,nan,nan,nan,nan,nan,0.15729176198047767,-0.025444109769243457,0.00011691123032236527,0,0,7.690608024597168,0.053924329578876495,9.999137878417969,0.5127711296081543,-0.01644306257367134,0.0004302473971620202,0,-13,-1001,1,0,0,0.015350746922194958,0.002550652716308832,0.0002498289686627686,0.00036683527287095785,63,3135,0.020403623580932617,12.312,28.78,92,6,10,1.21,831,0.004253150895237923,0.00011322399222990498,0.007379026617854834,1500,1500,1000,1500,1800,1000,1000,1800
1783917706.5443,15.7600,0.02068,48.35,789,123019,0.980,GUIDED,GUIDED,128,7.880019187927246,0.0,10.0,0.5,0.0,0.0,nan,nan,nan,nan,nan,nan,nan,nan,nan,nan,0.14744173639184063,-0.025501796197588317,0.0001466579744541772,0,0,7.710565090179443,0.053964655846357346,9.999128341674805,0.512708842754364,-0.01643303968012333,0.00041857914766296744,0,-13,-1001,1,0,0,0.015347346663475037,0.002513751620426774,0.0002458342059981078,0.0003314292698632926,63,3135,0.020581960678100586,12.312,28.78,92,6,10,1.21,831,0.004274424165487289,0.00011322399222990498,0.00740174762904644,1500,1500,1000,1500,1800,1000,1000,1800
1783917706.5635,15.7800,0.01927,51.91,790,123019,0.000,GUIDED,GUIDED,128,7.890006422996521,0.0,10.0,0.5,0.0,0.0,nan,nan,nan,nan,nan,nan,nan,nan,nan,nan,0.15742897146111554,-0.025501796197588317,0.0001466579744541772,0,0,7.710565090179443,0.053964655846357346,9.999128341674805,0.512708842754364,-0.01643303968012333,0.00041857914766296744,0,-13,-1001,1,0,0,0.015347346663475037,0.002513751620426774,0.0002458342059981078,0.0003314292698632926,63,3135,0.020581960678100586,12.312,28.78,92,6,10,1.21,831,0.004274424165487289,0.00011322399222990498,0.00740174762904644,1500,1500,1000,1500,1800,1000,1000,1800
1783917706.5842,15.8000,0.02071,48.28,791,123059,0.021,GUIDED,GUIDED,128,7.900018095970154,0.0,10.0,0.5,0.0,0.0,nan,nan,nan,nan,nan,nan,nan,nan,nan,nan,0.14766076836800066,-0.02566015699688213,0.0001519338200237192,0,0,7.7304887771606445,0.054055534303188324,9.99911880493164,0.5126258134841919,-0.016394078731536865,0.0004210391780361533,0,-13,-1001,0,0,0,0.015331929549574852,0.0025107713881880045,0.00023245273041538894,0.00020361965289339423,63,3135,0.020649433135986328,12.312,28.75,92,6,10,1.21,831,0.004274424165487289,0.00011322399222990498,0.00740174762904644,1500,1500,1000,1500,1800,1000,1000,1800
1783917706.6040,15.8200,0.01971,50.75,792,123079,0.041,GUIDED,GUIDED,128,7.910018563270569,0.0,10.0,0.5,0.0,0.0,nan,nan,nan,nan,nan,nan,nan,nan,nan,nan,0.1478816318922107,-0.025907428983654297,0.0001066958425862901,0,0,7.740396499633789,0.05417117103934288,9.99911117553711,0.5125518441200256,-0.016318079084157944,0.00045156216947361827,0,-13,-1001,2,2,0,0.015346609055995941,0.0025452845729887486,0.00022794456162955612,0.00024245990789495409,63,3135,0.01961994171142578,12.312,28.75,92,6,10,1.21,831,0.004274424165487289,0.00011113881919300184,0.00740174762904644,1500,1500,1000,1500,1800,1000,1000,1800
1783917706.6238,15.8400,0.01983,50.44,793,123079,0.060,GUIDED,GUIDED,128,7.920024156570435,0.0,10.0,0.5,0.0,0.0,nan,nan,nan,nan,nan,nan,nan,nan,nan,nan,0.15788722519207643,-0.025907428983654297,0.0001066958425862901,0,0,7.740396499633789,0.05417117103934288,9.99911117553711,0.5125518441200256,-0.016318079084157944,0.00045156216947361827,0,-13,-1001,0,0,0,0.01531605701893568,0.0025027524679899216,0.00022277815151028335,0.00025767210172489285,63,3135,0.01961994171142578,12.312,28.75,92,6,10,1.21,831,0.004274424165487289,0.00011113881919300184,0.00740174762904644,1500,1500,1000,1500,1800,1000,1000,1800
1783917706.6441,15.8600,0.02033,49.19,794,123119,0.081,GUIDED,GUIDED,128,7.930024266242981,0.0,10.0,0.5,0.0,0.0,nan,nan,nan,nan,nan,nan,nan,nan,nan,nan,0.14778474639664962,-0.025761325638833866,6.115608406876479e-05,0,0,7.7604241371154785,0.054111678153276443,9.999104499816895,0.5125951170921326,-0.016368083655834198,0.00048170879017561674,0,-13,-1001,3,2,0,0.015343459323048592,0.0025343780871480703,0.00022042768250685185,0.0002750921994447708,63,3135,0.020244836807250977,12.312,28.75,92,6,10,1.21,831,0.004274424165487289,0.00011113881919300184,0.00740174762904644,1500,1500,1000,1500,1800,1000,1000,1800
1783917706.6636,15.8800,0.01951,51.25,795,123119,0.100,GUIDED,GUIDED,128,7.940024018287659,0.0,10.0,0.5,0.0,0.0,nan,nan,nan,nan,nan,nan,nan,nan,nan,nan,0.15778449844132736,-0.025761325638833866,6.115608406876479e-05,0,0,7.7604241371154785,0.054111678153276443,9.999104499816895,0.5125951170921326,-0.016368083655834198,0.00048170879017561674,0,-13,-1001,3,2,0,0.015319852158427238,0.0025210457388311625,0.00021719596406910568,0.00023165656602941453,63,3135,0.020244836807250977,12.312,28.75,92,6,10,1.21,831,0.004274424165487289,0.00011113881919300184,0.00740174762904644,1500,1500,1000,1500,1800,1000,1000,1800
1783917706.6842,15.9000,0.02060,48.55,796,123159,0.121,GUIDED,GUIDED,128,7.950024247169495,0.0,10.0,0.5,0.0,0.0,nan,nan,nan,nan,nan,nan,nan,nan,nan,nan,0.14755656036722273,-0.02547297152717757,2.7710272457577242e-05,0,0,7.780517578125,0.05396955460309982,9.999102592468262,0.5126729011535645,-0.01645250990986824,0.0005021199467591941,0,-13,-1001,3,2,0,0.015348601154983044,0.0025538569316267967,0.00021762029791716486,0.00033000519033521414,63,3135,0.02051520347595215,12.312,28.75,92,6,10,1.21,831,0.004274424165487289,0.00011113881919300184,0.00740174762904644,1500,1500,1000,1500,1800,1000,1000,1800
1783917706.7035,15.9200,0.01929,51.83,797,123159,0.140,GUIDED,GUIDED,128,7.960023999214172,0.0,10.0,0.5,0.0,0.0,nan,nan,nan,nan,nan,nan,nan,nan,nan,nan,0.15755631241190046,-0.02547297152717757,2.7710272457577242e-05,0,0,7.780517578125,0.05396955460309982,9.999102592468262,0.5126729011535645,-0.01645250990986824,0.0005021199467591941,0,-13,-1001,3,2,0,0.015348601154983044,0.0025538569316267967,0.00021762029791716486,0.00033000519033521414,63,3135,0.02051520347595215,12.312,28.75,92,6,10,1.21,831,0.004274424165487289,0.00011113881919300184,0.00740174762904644,1500,1500,1000,1500,1800,1000,1000,1800
1783917706.7242,15.9400,0.02073,48.24,798,123199,0.161,GUIDED,GUIDED,128,7.970024108886719,0.0,10.0,0.5,0.0,0.0,nan,nan,nan,nan,nan,nan,nan,nan,nan,nan,0.14729282765065912,-0.024999521900380132,0.0001176293189742131,0,0,7.800665855407715,0.05375168099999428,9.999098777770996,0.5127394795417786,-0.016600066795945168,0.00045240757754072547,0,-13,-1000,3,2,0,0.01536580827087164,0.0025765851605683565,0.00022075993183534592,0.0002944092848338187,63,3135,0.02036285400390625,12.312,28.75,92,6,10,1.21,831,0.004274424165487289,0.00011124883167212829,0.00740174762904644,1500,1500,1000,1500,1800,1000,1000,1800
1783917706.7440,15.9600,0.01979,50.54,799,123219,0.181,GUIDED,GUIDED,128,7.9800238609313965,0.0,10.0,0.5,0.0,0.0,nan,nan,nan,nan,nan,nan,nan,nan,nan,nan,0.14769421359631857,-0.025433983469150056,0.0001368181968088391,0,0,7.810489177703857,0.053979985415935516,9.9990873336792,0.512609601020813,-0.01648104190826416,0.0004479361232370138,0,-13,-1000,0,1,0,0.015333425253629684,0.0025601102970540524,0.00021708584972657263,0.0003177204343955964,63,3135,0.019690990447998047,12.312,28.75,92,6,10,1.21,831,0.004290307871997356,0.00011124883167212829,0.007392690051347017,1500,1500,1000,1500,1800,1000,1000,1800
1783917706.7639,15.9800,0.01985,50.39,800,123219,0.200,GUIDED,GUIDED,128,7.990020155906677,0.0,10.0,0.5,0.0,0.0,nan,nan,nan,nan,nan,nan,nan,nan,nan,nan,0.15769050857159933,-0.025433983469150056,0.0001368181968088391,0,0,7.810489177703857,0.053979985415935516,9.9990873336792,0.512609601020813,-0.01648104190826416,0.0004479361232370138,0,-13,-1000,3,2,0,0.015366033650934696,0.002588597359135747,0.000213814084418118,0.00037018387229181826,63,3135,0.019690990447998047,12.312,28.75,92,6,10,1.21,831,0.004290307871997356,0.00011124883167212829,0.007392690051347017,1500,1500,1000,1500,1800,1000,1000,1800
1783917706.7842,16.0000,0.02028,49.31,801,123259,0.221,GUIDED,GUIDED,128,8.000019788742065,0.0,10.0,0.5,0.0,0.0,nan,nan,nan,nan,nan,nan,nan,nan,nan,nan,0.1478164120444662,-0.02558914726041883,0.00013138828317873466,0,0,7.83041524887085,0.05406872183084488,9.999078750610352,0.5125793814659119,-0.016442690044641495,0.0004560265224426985,0,-13,-1001,0,1,0,0.015320871956646442,0.0025687518063932657,0.00021071455557830632,0.00040241683018393815,63,3135,0.020197629928588867,12.312,28.78,92,6,10,1.21,831,0.004290307871997356,0.00011124883167212829,0.007392690051347017,1500,1500,1000,1500,1800,1000,1000,1800
1783917706.8036,16.0200,0.01946,51.38,802,123259,0.240,GUIDED,GUIDED,128,8.010024905204773,0.0,10.0,0.5,0.0,0.0,nan,nan,nan,nan,nan,nan,nan,nan,nan,nan,0.1578215285071737,-0.02558914726041883,0.00013138828317873466,0,0,7.83041524887085,0.05406872183084488,9.999078750610352,0.5125793814659119,-0.016442690044641495,0.0004560265224426985,0,-13,-1001,0,1,0,0.015356883406639099,0.002583712339401245,0.00021012533397879452,0.00044361394247971475,63,3135,0.020197629928588867,12.312,28.78,92,6,10,1.21,831,0.004290307871997356,0.00011124883167212829,0.007392690051347017,1500,1500,1000,1500,1800,1000,1000,1800
1783917706.8243,16.0400,0.02066,48.40,803,123299,0.261,GUIDED,GUIDED,128,8.020024061203003,0.0,10.0,0.5,0.0,0.0,nan,nan,nan,nan,nan,nan,nan,nan,nan,nan,0.14775958140236436,-0.02553842020726053,7.85221668539428e-05,0,0,7.850411415100098,0.05406290665268898,9.99907112121582,0.5126168727874756,-0.01646861992776394,0.0004909536219201982,0,-13,-1001,0,2,0,0.01532283890992403,0.002581323729828,0.00020990522170905024,0.00047972341417334974,63,3135,0.020579814910888672,12.312,28.78,92,6,10,1.21,831,0.004290307871997356,0.00010880588524742052,0.007392690051347017,1500,1500,1000,1500,1800,1000,1000,1800
1783917706.8435,16.0601,0.01924,51.98,804,123299,0.280,GUIDED,GUIDED,128,8.030026078224182,0.0,10.0,0.5,0.0,0.0,nan,nan,nan,nan,nan,nan,nan,nan,nan,nan,0.15776159842354356,-0.02553842020726053,7.85221668539428e-05,0,0,7.850411415100098,0.05406290665268898,9.99907112121582,0.5126168727874756,-0.01646861992776394,0.0004909536219201982,0,-13,-1001,0,2,0,0.01532283890992403,0.002581323729828,0.00020990522170905024,0.00047972341417334974,63,3135,0.020579814910888672,12.312,28.78,92,6,10,1.21,831,0.004290307871997356,0.00010880588524742052,0.007392690051347017,1500,1500,1000,1500,1800,1000,1000,1800
1783917706.8643,16.0801,0.02078,48.13,805,123339,0.301,GUIDED,GUIDED,128,8.040025115013123,0.0,10.0,0.5,0.0,0.0,nan,nan,nan,nan,nan,nan,nan,nan,nan,nan,0.14768833139041262,-0.02531389130464541,0.00014749543004759441,0,0,7.8704657554626465,0.053972277790308,9.999064445495605,0.5126272439956665,-0.01654592715203762,0.00045498611871153116,0,-13,-1000,1,2,0,0.015342317521572113,0.002576566068455577,0.00020982901332899928,0.00038923497777432203,63,3135,0.020368099212646484,12.312,28.78,92,6,10,1.21,831,0.004290307871997356,0.00010880588524742052,0.007392690051347017,1500,1500,1000,1500,1800,1000,1000,1800
1783917706.8841,16.1000,0.01977,50.59,806,123359,0.321,GUIDED,GUIDED,128,8.050024151802063,0.0,10.0,0.5,0.0,0.0,nan,nan,nan,nan,nan,nan,nan,nan,nan,nan,0.14770979700687648,-0.02531307241784679,7.508825236118887e-05,0,0,7.880454063415527,0.053976062685251236,9.999059677124023,0.5126210451126099,-0.016548585146665573,0.0004995434428565204,0,-13,-1001,3,0,0,0.015390726737678051,0.0025441343896090984,0.00021094085241202265,0.0004175027715973556,63,3135,0.019660472869873047,12.312,28.75,92,6,10,1.21,831,0.004290307871997356,0.00010880588524742052,0.007392690051347017,1500,1500,1000,1500,1800,1000,1000,1800
1783917706.9037,16.1200,0.01964,50.92,807,123359,0.340,GUIDED,GUIDED,128,8.06002390384674,0.0,10.0,0.5,0.0,0.0,nan,nan,nan,nan,nan,nan,nan,nan,nan,nan,0.1577095490515542,-0.02531307241784679,7.508825236118887e-05,0,0,7.880454063415527,0.053976062685251236,9.999059677124023,0.5126210451126099,-0.016548585146665573,0.0004995434428565204,0,-13,-1001,3,0,0,0.01535281166434288,0.002573292702436447,0.00021475036919582635,0.00045254637370817363,63,3135,0.019660472869873047,12.312,28.75,92,6,10,1.21,831,0.004290307871997356,0.00010880588524742052,0.007392690051347017,1500,1500,1000,1500,1800,1000,1000,1800
1783917706.9242,16.1400,0.02054,48.68,808,123400,0.361,GUIDED,GUIDED,128,8.070023894309998,0.0,10.0,0.5,0.0,0.0,nan,nan,nan,nan,nan,nan,nan,nan,nan,nan,0.1468850989563492,-0.02482110478891837,0.00011354135622113559,0,0,7.901031970977783,0.05374123901128769,9.999055862426758,0.5127633810043335,-0.016697047278285027,0.00047954494948498905,0,-13,-1000,2,0,0,0.015383073128759861,0.0025333017110824585,0.00021911539079155773,0.0004818958695977926,63,3135,0.020438432693481445,12.312,28.75,92,6,10,1.21,831,0.004290307871997356,0.00010916157771134749,0.007392690051347017,1500,1500,1000,1500,1800,1000,1000,1800
1783917706.9436,16.1600,0.01938,51.60,809,123400,0.380,GUIDED,GUIDED,128,8.080024003982544,0.0,10.0,0.5,0.0,0.0,nan,nan,nan,nan,nan,nan,nan,nan,nan,nan,0.1568852086288956,-0.02482110478891837,0.00011354135622113559,0,0,7.901031970977783,0.05374123901128769,9.999055862426758,0.5127633810043335,-0.016697047278285027,0.00047954494948498905,0,-13,-1000,2,0,0,0.015343590639531612,0.0025767944753170013,0.00021841208217665553,0.0004489855491556227,63,3135,0.020438432693481445,12.312,28.75,92,6,10,1.21,831,0.004290307871997356,0.00010916157771134749,0.007392690051347017,1500,1500,1000,1500,1800,1000,1000,1800
1783917706.9646,16.1800,0.02095,47.74,810,123440,0.401,GUIDED,GUIDED,128,8.090023875236511,0.0,10.0,0.5,0.0,0.0,nan,nan,nan,nan,nan,nan,nan,nan,nan,nan,0.14715560190790486,-0.025116541030804882,0.00014320661942595562,0,0,7.9209208488464355,0.053898971527814865,9.999045372009277,0.5126713514328003,-0.0166175439953804,0.0004684743471443653,0,-13,-1000,2,0,0,0.015369090251624584,0.0025286353193223476,0.00021726790873799473,0.0005099858390167356,63,3135,0.020831584930419922,12.312,28.75,92,6,10,1.21,831,0.004304762929677963,0.00010916157771134749,0.007205241359770298,1500,1500,1000,1500,1800,1000,1000,1800
1783917706.9836,16.2000,0.01900,52.62,811,123440,0.420,GUIDED,GUIDED,128,8.100020408630371,0.0,10.0,0.5,0.0,0.0,nan,nan,nan,nan,nan,nan,nan,nan,nan,nan,0.15715213530176472,-0.025116541030804882,0.00014320661942595562,0,0,7.9209208488464355,0.053898971527814865,9.999045372009277,0.5126713514328003,-0.0166175439953804,0.0004684743471443653,0,-13,-1000,2,0,0,0.015369090251624584,0.0025286353193223476,0.00021726790873799473,0.0005099858390167356,63,3135,0.020831584930419922,12.312,28.75,92,6,10,1.21,831,0.004304762929677963,0.00010916157771134749,0.007205241359770298,1500,1500,1000,1500,1800,1000,1000,1800
1783917707.0042,16.2200,0.02059,48.57,812,123480,0.441,GUIDED,GUIDED,128,8.110000371932983,0.0,10.0,0.5,0.0,0.0,nan,nan,nan,nan,nan,nan,nan,nan,nan,nan,0.1475313003200793,-0.025658024149534504,0.00018952938349130004,0,0,7.940727710723877,0.05416945740580559,9.999027252197266,0.5125523805618286,-0.01646108366549015,0.0004521913651842624,0,-13,-1000,2,0,0,0.015368524938821793,0.002536497777327895,0.00021434191148728132,0.00038719718577340245,63,3135,0.020503759384155273,12.312,28.78,92,6,10,1.21,831,0.004304762929677963,0.0001067378034349531,0.007205241359770298,1500,1500,1000,1500,1800,1000,1000,1800
1783917707.0235,16.2400,0.01936,51.66,813,123480,0.460,GUIDED,GUIDED,128,8.120023846626282,0.0,10.0,0.5,0.0,0.0,nan,nan,nan,nan,nan,nan,nan,nan,nan,nan,0.15755477501337764,-0.025658024149534504,0.00018952938349130004,0,0,7.940727710723877,0.05416945740580559,9.999027252197266,0.5125523805618286,-0.01646108366549015,0.0004521913651842624,0,-13,-1000,2,0,0,0.015368524938821793,0.002536497777327895,0.00021434191148728132,0.00038719718577340245,63,3135,0.020503759384155273,12.312,28.78,92,6,10,1.21,831,0.004304762929677963,0.0001067378034349531,0.007205241359770298,1500,1500,1000,1500,1800,1000,1000,1800
1783917707.0443,16.2600,0.02080,48.08,814,123520,0.481,GUIDED,GUIDED,128,8.130023837089539,0.0,10.0,0.5,0.0,0.0,nan,nan,nan,nan,nan,nan,nan,nan,nan,nan,0.1474598274107217,-0.02551478035454427,0.00012151834356430096,0,0,7.96077299118042,0.054105132818222046,9.999019622802734,0.5125810503959656,-0.016506647691130638,0.0004958623903803527,0,-13,-1001,3,0,0,0.015393228270113468,0.0025299976114183664,0.00021228792320471257,0.0004437138559296727,63,3135,0.020364761352539062,12.312,28.78,92,6,10,1.21,831,0.004304762929677963,0.0001067378034349531,0.007205241359770298,1500,1500,1000,1500,1800,1000,1000,1800
1783917707.0641,16.2800,0.01974,50.66,815,123540,0.501,GUIDED,GUIDED,128,8.140024065971375,0.0,10.0,0.5,0.0,0.0,nan,nan,nan,nan,nan,nan,nan,nan,nan,nan,0.14720137880726256,-0.025188229868171926,8.474932548968627e-05,0,0,7.970885276794434,0.05395469069480896,9.999021530151367,0.5126655697822571,-0.01660832390189171,0.000515989784616977,0,-13,-1001,0,1,0,0.015372812747955322,0.002545995404943824,0.0002145166217815131,0.0004893206059932709,63,3135,0.019634008407592773,12.312,28.78,92,6,10,1.21,831,0.004304762929677963,0.0001067378034349531,0.007205241359770298,1500,1500,1000,1500,1800,1000,1000,1800
1783917707.0836,16.3000,0.01958,51.08,816,123540,0.520,GUIDED,GUIDED,128,8.150023818016052,0.0,10.0,0.5,0.0,0.0,nan,nan,nan,nan,nan,nan,nan,nan,nan,nan,0.1572011308519403,-0.025188229868171926,8.474932548968627e-05,0,0,7.970885276794434,0.05395469069480896,9.999021530151367,0.5126655697822571,-0.01660832390189171,0.000515989784616977,0,-13,-1001,0,1,0,0.015417559072375298,0.0025276849046349525,0.00021589835523627698,0.0004466914979275316,63,3135,0.019634008407592773,12.312,28.78,92,6,10,1.21,831,0.004304762929677963,0.0001067378034349531,0.007205241359770298,1500,1500,1000,1500,1800,1000,1000,1800
1783917707.1043,16.3200,0.02067,48.39,817,123580,0.541,GUIDED,GUIDED,128,8.160023808479309,0.0,10.0,0.5,0.0,0.0,nan,nan,nan,nan,nan,nan,nan,nan,nan,nan,0.1471903898482705,-0.025220619510374336,6.179901124449163e-05,0,0,7.990903854370117,0.05392836034297943,9.999011039733887,0.5126610398292542,-0.016574421897530556,0.0005352968000806868,0,-13,-1001,0,1,0,0.015376484021544456,0.00253004627302289,0.00021852865756954998,0.0004569182056002319,63,3135,0.02056097984313965,12.312,28.78,92,6,10,1.21,831,0.004304762929677963,0.00010721209400799125,0.007205241359770298,1500,1500,1000,1500,1800,1000,1000,1800
1783917707.1235,16.3400,0.01916,52.20,818,123580,0.560,GUIDED,GUIDED,128,8.170002579689026,0.0,10.0,0.5,0.0,0.0,nan,nan,nan,nan,nan,nan,nan,nan,nan,nan,0.15716916105798728,-0.025220619510374336,6.179901124449163e-05,0,0,7.990903854370117,0.05392836034297943,9.999011039733887,0.5126610398292542,-0.016574421897530556,0.0005352968000806868,0,-13,-1001,0,1,0,0.015376484021544456,0.00253004627302289,0.00021852865756954998,0.0004569182056002319,63,3135,0.02056097984313965,12.312,28.78,92,6,10,1.21,831,0.004304762929677963,0.00010721209400799125,0.007205241359770298,1500,1500,1000,1500,1800,1000,1000,1800
1783917707.1442,16.3600,0.02073,48.24,819,123620,0.581,GUIDED,GUIDED,128,8.18001937866211,0.0,10.0,0.5,0.0,0.0,nan,nan,nan,nan,nan,nan,nan,nan,nan,nan,0.14721932858910344,-0.025302958591059556,5.010298743332218e-05,0,0,8.01087760925293,0.05395600572228432,9.999003410339355,0.5126569271087646,-0.016542844474315643,0.0005464543355628848,0,-13,-1001,0,0,0,0.01538882590830326,0.0025139078497886658,0.00022159433865454048,0.0004982285900041461,63,3135,0.02064800262451172,12.312,28.78,92,6,10,1.21,831,0.0044118482619524,0.00010721209400799125,0.00693665212020278,1500,1500,1000,1500,1800,1000,1000,1800
1783917707.1635,16.3800,0.01930,51.81,820,123620,0.600,GUIDED,GUIDED,128,8.190018892288208,0.0,10.0,0.5,0.0,0.0,nan,nan,nan,nan,nan,nan,nan,nan,nan,nan,0.15721884221520208,-0.025302958591059556,5.010298743332218e-05,0,0,8.01087760925293,0.05395600572228432,9.999003410339355,0.5126569271087646,-0.016542844474315643,0.0005464543355628848,0,-13,-1001,0,0,0,0.01538882590830326,0.0025139078497886658,0.00022159433865454048,0.0004982285900041461,63,3135,0.02064800262451172,12.312,28.78,92,6,10,1.21,831,0.0044118482619524,0.00010721209400799125,0.00693665212020278,1500,1500,1000,1500,1800,1000,1000,1800
1783917707.1840,16.4000,0.02054,48.70,821,123640,0.621,GUIDED,GUIDED,128,8.200002431869507,0.0,10.0,0.5,0.0,0.0,nan,nan,nan,nan,nan,nan,nan,nan,nan,nan,0.15706073908453294,-0.025126578053945792,7.102130913578988e-05,0,0,8.020933151245117,0.05388197302818298,9.999004364013672,0.5127066373825073,-0.016601935029029846,0.0005338265327736735,0,-13,-1001,2,0,0,0.015405124053359032,0.002512752078473568,0.00021936775010544807,0.0005145673057995737,63,3135,0.020276308059692383,12.312,28.78,92,6,10,1.21,831,0.0044118482619524,0.00010721209400799125,0.00693665212020278,1500,1500,1000,1500,1800,1000,1000,1800
1783917707.2041,16.4200,0.02005,49.89,822,123680,0.641,GUIDED,GUIDED,128,8.210000395774841,0.0,10.0,0.5,0.0,0.0,nan,nan,nan,nan,nan,nan,nan,nan,nan,nan,0.14735647566165103,-0.025690960440531464,-4.7874974205641555e-05,0,0,8.040741920471191,0.05413733422756195,9.998991012573242,0.5126451253890991,-0.01642352156341076,0.0006101797916926444,0,-13,-1001,1,3,0,0.015414425171911716,0.0025401716120541096,0.00021994895359966904,0.0005325218080542982,63,3135,0.019960641860961914,12.312,28.78,92,6,10,1.21,831,0.0044118482619524,0.00010482387733645737,0.00693665212020278,1500,1500,1000,1500,1800,1000,1000,1800
1783917707.2236,16.4400,0.01954,51.19,823,123680,0.660,GUIDED,GUIDED,128,8.220019817352295,0.0,10.0,0.5,0.0,0.0,nan,nan,nan,nan,nan,nan,nan,nan,nan,nan,0.15737589723910464,-0.025690960440531464,-4.7874974205641555e-05,0,0,8.040741920471191,0.05413733422756195,9.998991012573242,0.5126451253890991,-0.01642352156341076,0.0006101797916926444,0,-13,-1001,1,3,0,0.015438568778336048,0.0024978716392070055,0.00022085048840381205,0.000540351087693125,63,3135,0.019960641860961914,12.312,28.78,92,6,10,1.21,831,0.0044118482619524,0.00010482387733645737,0.00693665212020278,1500,1500,1000,1500,1800,1000,1000,1800
1783917707.2442,16.4600,0.02057,48.61,824,123720,0.681,GUIDED,GUIDED,128,8.230019211769104,0.0,10.0,0.5,0.0,0.0,nan,nan,nan,nan,nan,nan,nan,nan,nan,nan,0.14721800279187738,-0.025568158057637062,4.3829066085950734e-05,0,0,8.060791015625,0.05406427010893822,9.998987197875977,0.5127075910568237,-0.016452237963676453,0.0005594368558377028,0,-13,-1000,0,3,0,0.015421358868479729,0.002543523907661438,0.00022103835362941027,0.0004433827707543969,63,3135,0.02049422264099121,12.312,28.78,92,6,10,1.21,831,0.0044118482619524,0.00010482387733645737,0.00693665212020278,1500,1500,1000,1500,1800,1000,1000,1800
1783917707.2634,16.4800,0.01927,51.90,825,123720,0.700,GUIDED,GUIDED,128,8.239999532699585,0.0,10.0,0.5,0.0,0.0,nan,nan,nan,nan,nan,nan,nan,nan,nan,nan,0.15719832372235834,-0.025568158057637062,4.3829066085950734e-05,0,0,8.060791015625,0.05406427010893822,9.998987197875977,0.5127075910568237,-0.016452237963676453,0.0005594368558377028,0,-13,-1000,0,3,0,0.015421358868479729,0.002543523907661438,0.00022103835362941027,0.0004433827707543969,63,3135,0.02049422264099121,12.312,28.78,92,6,10,1.21,831,0.0044118482619524,0.00010482387733645737,0.00693665212020278,1500,1500,1000,1500,1800,1000,1000,1800
1783917707.2842,16.5000,0.02075,48.20,826,123740,0.721,GUIDED,GUIDED,128,8.250001311302185,0.0,10.0,0.5,0.0,0.0,nan,nan,nan,nan,nan,nan,nan,nan,nan,nan,0.15693191721302718,-0.025254508994787185,5.946878628452492e-06,0,0,8.070905685424805,0.053911298513412476,9.998990058898926,0.5127962231636047,-0.01654500514268875,0.0005796563345938921,0,-13,-1001,0,3,0,0.015417088754475117,0.0025450175162404776,0.00022523631923832,0.00048445211723446846,63,3135,0.0203549861907959,12.312,28.78,92,6,10,1.21,831,0.0044118482619524,0.00010482387733645737,0.00693665212020278,1500,1500,1000,1500,1800,1000,1000,1800
1783917707.3037,16.5200,0.01946,51.37,827,123760,0.740,GUIDED,GUIDED,128,8.260021924972534,0.0,10.0,0.5,0.0,0.0,nan,nan,nan,nan,nan,nan,nan,nan,nan,nan,0.15694561604364604,-0.025273876161794252,-3.7800347627346556e-05,0,0,8.080904960632324,0.05390903726220131,9.998987197875977,0.5128006339073181,-0.016532517969608307,0.0006065656198188663,0,-13,-1001,0,3,0,0.015417088754475117,0.0025450175162404776,0.00022523631923832,0.00048445211723446846,63,3135,0.019336223602294922,12.312,28.78,92,6,10,1.21,831,0.0044118482619524,0.00010482387733645737,0.00693665212020278,1500,1500,1000,1500,1800,1000,1000,1800
1783917707.3240,16.5400,0.02034,49.15,828,123780,0.761,GUIDED,GUIDED,128,8.270001888275146,0.0,10.0,0.5,0.0,0.0,nan,nan,nan,nan,nan,nan,nan,nan,nan,nan,0.1568673909166666,-0.02524835004248421,-3.0013194856449727e-05,0,0,8.090930938720703,0.053873538970947266,9.998983383178711,0.512819230556488,-0.016526760533452034,0.0006042721215635538,0,-13,-1001,1,3,0,0.015448267571628094,0.0025575936306267977,0.00023283393238671124,0.00042590725934132934,63,3135,0.020087003707885742,12.312,28.78,92,6,10,1.21,831,0.0044118482619524,0.0001057087501976639,0.00693665212020278,1500,1500,1000,1500,1800,1000,1000,1800
1783917707.3441,16.5600,0.02011,49.73,829,123820,0.781,GUIDED,GUIDED,128,8.280019044876099,0.0,10.0,0.5,0.0,0.0,nan,nan,nan,nan,nan,nan,nan,nan,nan,nan,0.14682900851147812,-0.02529636825583429,-7.072995298477297e-05,0,0,8.110909461975098,0.0538950152695179,9.998978614807129,0.5128636956214905,-0.01651143655180931,0.0006305329734459519,0,-13,-1000,5,0,0,0.015525488182902336,0.0025145511608570814,0.000232121063163504,0.0005085709854029119,63,3135,0.020006656646728516,12.312,28.78,92,6,10,1.21,831,0.004459920804947615,0.0001057087501976639,0.006961229257285595,1500,1500,1000,1500,1800,1000,1000,1800
1783917707.3636,16.5800,0.01945,51.41,830,123820,0.800,GUIDED,GUIDED,128,8.290005922317505,0.0,10.0,0.5,0.0,0.0,nan,nan,nan,nan,nan,nan,nan,nan,nan,nan,0.15681588595288437,-0.02529636825583429,-7.072995298477297e-05,0,0,8.110909461975098,0.0538950152695179,9.998978614807129,0.5128636956214905,-0.01651143655180931,0.0006305329734459519,0,-13,-1000,5,0,0,0.015529810450971127,0.002543875714763999,0.00023048360890243202,0.0004641633131541312,63,3135,0.020006656646728516,12.312,28.78,92,6,10,1.21,831,0.004459920804947615,0.0001057087501976639,0.006961229257285595,1500,1500,1000,1500,1800,1000,1000,1800
1783917707.3841,16.6000,0.02058,48.60,831,123860,0.821,GUIDED,GUIDED,128,8.300021767616272,0.0,10.0,0.5,0.0,0.0,nan,nan,nan,nan,nan,nan,nan,nan,nan,nan,0.1468124911669305,-0.02549452817045833,9.206475932968495e-05,0,0,8.130857467651367,0.053965792059898376,9.998973846435547,0.5129048228263855,-0.016437891870737076,0.0005392964230850339,0,-13,-1000,3,1,0,0.015570721589028835,0.0025230878964066505,0.00022897969756741077,0.00046332625788636506,63,3135,0.02049088478088379,12.312,28.78,92,6,10,1.21,831,0.004459920804947615,0.0001057087501976639,0.006961229257285595,1500,1500,1000,1500,1800,1000,1000,1800
1783917707.4036,16.6200,0.01943,51.47,832,123860,0.840,GUIDED,GUIDED,128,8.310023784637451,0.0,10.0,0.5,0.0,0.0,nan,nan,nan,nan,nan,nan,nan,nan,nan,nan,0.15681450818810969,-0.02549452817045833,9.206475932968495e-05,0,0,8.130857467651367,0.053965792059898376,9.998973846435547,0.5129048228263855,-0.016437891870737076,0.0005392964230850339,0,-13,-1000,3,1,0,0.015570721589028835,0.0025230878964066505,0.00022897969756741077,0.00046332625788636506,63,3135,0.02049088478088379,12.312,28.78,92,6,10,1.21,831,0.004459920804947615,0.0001057087501976639,0.006961229257285595,1500,1500,1000,1500,1800,1000,1000,1800
1783917707.4242,16.6400,0.02060,48.54,833,123900,0.861,GUIDED,GUIDED,128,8.320022344589233,0.0,10.0,0.5,0.0,0.0,nan,nan,nan,nan,nan,nan,nan,nan,nan,nan,0.14666469552504055,-0.025469018145285814,0.00013079969363685533,0,0,8.150876998901367,0.053943995386362076,9.998967170715332,0.5129792094230652,-0.01644003577530384,0.0005207870271988213,0,-13,-1000,2,2,0,0.015568846836686134,0.002522066468372941,0.00022568706481251866,0.0003486051282379776,63,3135,0.020519256591796875,12.312,28.78,92,6,10,1.21,831,0.004459920804947615,0.0001033453008858487,0.006961229257285595,1500,1500,1000,1500,1800,1000,1000,1800
1783917707.4435,16.6600,0.01935,51.69,834,123900,0.880,GUIDED,GUIDED,128,8.330023646354675,0.0,10.0,0.5,0.0,0.0,nan,nan,nan,nan,nan,nan,nan,nan,nan,nan,0.15666599729048244,-0.025469018145285814,0.00013079969363685533,0,0,8.150876998901367,0.053943995386362076,9.998967170715332,0.5129792094230652,-0.01644003577530384,0.0005207870271988213,0,-13,-1000,2,2,0,0.015568846836686134,0.002522066468372941,0.00022568706481251866,0.0003486051282379776,63,3135,0.020519256591796875,12.312,28.78,92,6,10,1.21,831,0.004459920804947615,0.0001033453008858487,0.006961229257285595,1500,1500,1000,1500,1800,1000,1000,1800
1783917707.4642,16.6800,0.02073,48.24,835,123920,0.901,GUIDED,GUIDED,128,8.340023517608643,0.0,10.0,0.5,0.0,0.0,nan,nan,nan,nan,nan,nan,nan,nan,nan,nan,0.15667438825728974,-0.025604965295527714,0.0002472687937425277,0,0,8.16083812713623,0.05399291589856148,9.9989595413208,0.5129967331886292,-0.016389790922403336,0.0004579483938869089,0,-13,-1000,1,2,0,0.015545076690614223,0.0025210315361618996,0.0002201883471570909,0.0002300871128682047,63,3135,0.020372629165649414,12.312,28.78,92,6,10,1.21,831,0.004459920804947615,0.0001033453008858487,0.006961229257285595,1500,1500,1000,1500,1800,1000,1000,1800
1783917707.4840,16.7000,0.01976,50.62,836,123960,0.921,GUIDED,GUIDED,128,8.350022196769714,0.0,10.0,0.5,0.0,0.0,nan,nan,nan,nan,nan,nan,nan,nan,nan,nan,0.14627639266734446,-0.025229407826490125,0.0002373812235139909,0,0,8.180962562561035,0.053834326565265656,9.998952865600586,0.5131539106369019,-0.016515057533979416,0.0004675112140830606,0,-13,-1001,0,1,0,0.015511613339185715,0.0025232972111552954,0.00021651669521816075,0.00017872630269266665,63,3135,0.0196688175201416,12.312,28.78,92,6,10,1.21,831,0.004459920804947615,0.0001033453008858487,0.006961229257285595,1500,1500,1000,1500,1800,1000,1000,1800
1783917707.5036,16.7200,0.01963,50.93,837,123960,0.940,GUIDED,GUIDED,128,8.360023617744446,0.0,10.0,0.5,0.0,0.0,nan,nan,nan,nan,nan,nan,nan,nan,nan,nan,0.1562778136420759,-0.025229407826490125,0.0002373812235139909,0,0,8.180962562561035,0.053834326565265656,9.998952865600586,0.5131539106369019,-0.016515057533979416,0.0004675112140830606,0,-13,-1001,0,1,0,0.015547676011919975,0.0025239759124815464,0.00021479926363099366,0.00020816028700210154,63,3135,0.0196688175201416,12.312,28.78,92,6,10,1.21,831,0.004459920804947615,0.0001033453008858487,0.006961229257285595,1500,1500,1000,1500,1800,1000,1000,1800
1783917707.5242,16.7400,0.02060,48.54,838,124000,0.961,GUIDED,GUIDED,128,8.370023727416992,0.0,10.0,0.5,0.0,0.0,nan,nan,nan,nan,nan,nan,nan,nan,nan,nan,0.1458464798696042,-0.024705012457337947,9.251256242285839e-05,0,0,8.201142311096191,0.053600504994392395,9.998950004577637,0.5132992267608643,-0.0166828203946352,0.0005528029869310558,0,-13,-1001,1,1,0,0.015519526787102222,0.0025268965400755405,0.00021390689653344452,0.00021061417646706104,63,3135,0.020519256591796875,12.312,28.78,92,6,10,1.21,831,0.004459920804947615,0.00010450604895595461,0.006961229257285595,1500,1500,1000,1500,1800,1000,1000,1800
1783917707.5435,16.7600,0.01931,51.79,839,124000,0.980,GUIDED,GUIDED,128,8.38002359867096,0.0,10.0,0.5,0.0,0.0,nan,nan,nan,nan,nan,nan,nan,nan,nan,nan,0.15584635112357148,-0.024705012457337947,9.251256242285839e-05,0,0,8.201142311096191,0.053600504994392395,9.998950004577637,0.5132992267608643,-0.0166828203946352,0.0005528029869310558,0,-13,-1001,1,1,0,0.015519526787102222,0.0025268965400755405,0.00021390689653344452,0.00021061417646706104,63,3135,0.020519256591796875,12.312,28.78,92,6,10,1.21,831,0.004459920804947615,0.00010450604895595461,0.006961229257285595,1500,1500,1000,1500,1800,1000,1000,1800
1783917707.5644,16.7800,0.02086,47.94,840,124040,0.000,GUIDED,GUIDED,128,8.390023589134216,0.0,10.0,0.5,0.0,0.0,nan,nan,nan,nan,nan,nan,nan,nan,nan,nan,0.14600687602896234,-0.024958235083084115,-6.331538234726104e-05,0,0,8.221040725708008,0.05373498424887657,9.998942375183105,0.5132651925086975,-0.016614263877272606,0.0006471751257777214,0,-13,-1001,2,0,0,0.015512305311858654,0.00250569568015635,0.00020428450079634786,0.00033632645499892533,63,3135,0.020743846893310547,12.312,28.78,92,6,10,1.21,831,0.004505667369812727,0.00010450604895595461,0.00700469920411706,1500,1500,1000,1500,1800,1000,1000,1800
1783917707.5835,16.8000,0.01911,52.31,841,124040,0.020,GUIDED,GUIDED,128,8.4000244140625,0.0,10.0,0.5,0.0,0.0,nan,nan,nan,nan,nan,nan,nan,nan,nan,nan,0.15600770095724603,-0.024958235083084115,-6.331538234726104e-05,0,0,8.221040725708008,0.05373498424887657,9.998942375183105,0.5132651925086975,-0.016614263877272606,0.0006471751257777214,0,-13,-1001,2,0,0,0.015512305311858654,0.00250569568015635,0.00020428450079634786,0.00033632645499892533,63,3135,0.020743846893310547,12.312,28.78,92,6,10,1.21,831,0.004505667369812727,0.00010450604895595461,0.00700469920411706,1500,1500,1000,1500,1800,1000,1000,1800
1783917707.6043,16.8200,0.02083,48.00,842,124080,0.040,GUIDED,GUIDED,128,8.410023927688599,0.0,10.0,0.5,0.0,0.0,nan,nan,nan,nan,nan,nan,nan,nan,nan,nan,0.14633369773273458,-0.025488802912790882,-1.3411373411161866e-05,0,0,8.240857124328613,0.05397786572575569,9.998929977416992,0.5131826996803284,-0.016448168084025383,0.000625520886387676,0,-13,-1000,2,0,0,0.015483320690691471,0.0024859588593244553,0.0001978644577320665,0.000324198801536113,63,3135,0.02077007293701172,12.312,28.75,92,6,10,1.21,831,0.004505667369812727,0.00010194916103500873,0.00700469920411706,1500,1500,1000,1500,1800,1000,1000,1800
1783917707.6240,16.8400,0.01968,50.82,843,124100,0.060,GUIDED,GUIDED,128,8.420023679733276,0.0,10.0,0.5,0.0,0.0,nan,nan,nan,nan,nan,nan,nan,nan,nan,nan,0.14609105375840162,-0.025205494964890853,9.948284257507765e-05,0,0,8.250956535339355,0.053850024938583374,9.998931884765625,0.5132652521133423,-0.016537927091121674,0.0005592401721514761,0,-13,-1000,0,2,0,0.015436283312737942,0.002499435795471072,0.00019678703392855823,0.0004057941841892898,63,3135,0.019571542739868164,12.312,28.75,92,6,10,1.21,831,0.004505667369812727,0.00010194916103500873,0.00700469920411706,1500,1500,1000,1500,1800,1000,1000,1800
1783917707.6436,16.8600,0.01960,51.01,844,124100,0.080,GUIDED,GUIDED,128,8.430023431777954,0.0,10.0,0.5,0.0,0.0,nan,nan,nan,nan,nan,nan,nan,nan,nan,nan,0.15609080580307935,-0.025205494964890853,9.948284257507765e-05,0,0,8.250956535339355,0.053850024938583374,9.998931884765625,0.5132652521133423,-0.016537927091121674,0.0005592401721514761,0,-13,-1000,0,2,0,0.015448615886271,0.0024692611768841743,0.00019547481497284025,0.0004320568114053458,63,3135,0.019571542739868164,12.312,28.75,92,6,10,1.21,831,0.004505667369812727,0.00010194916103500873,0.00700469920411706,1500,1500,1000,1500,1800,1000,1000,1800
1783917707.6642,16.8800,0.02055,48.66,845,124140,0.100,GUIDED,GUIDED,128,8.44002115726471,0.0,10.0,0.5,0.0,0.0,nan,nan,nan,nan,nan,nan,nan,nan,nan,nan,0.14585073811246563,-0.025006132114746643,9.883117388620683e-05,0,0,8.271040916442871,0.05373925343155861,9.99892807006836,0.5133538246154785,-0.016589075326919556,0.0005618188297376037,0,-13,-1000,-1,3,0,0.015388401225209236,0.002511286875233054,0.00019643867562990636,0.00042753471643663943,63,3135,0.020468473434448242,12.312,28.75,92,6,10,1.21,831,0.004505667369812727,0.00010194916103500873,0.00700469920411706,1500,1500,1000,1500,1800,1000,1000,1800
1783917707.6835,16.9000,0.01931,51.78,846,124140,0.120,GUIDED,GUIDED,128,8.450005888938904,0.0,10.0,0.5,0.0,0.0,nan,nan,nan,nan,nan,nan,nan,nan,nan,nan,0.15583546978665996,-0.025006132114746643,9.883117388620683e-05,0,0,8.271040916442871,0.05373925343155861,9.99892807006836,0.5133538246154785,-0.016589075326919556,0.0005618188297376037,0,-13,-1000,-1,3,0,0.015388401225209236,0.002511286875233054,0.00019643867562990636,0.00042753471643663943,63,3135,0.020468473434448242,12.312,28.75,92,6,10,1.21,831,0.004505667369812727,0.00010194916103500873,0.00700469920411706,1500,1500,1000,1500,1800,1000,1000,1800
1783917707.7042,16.9201,0.02068,48.37,847,124160,0.140,GUIDED,GUIDED,128,8.460026979446411,0.0,10.0,0.5,0.0,0.0,nan,nan,nan,nan,nan,nan,nan,nan,nan,nan,0.15587295789314312,-0.024991096157307564,3.947060121426804e-05,0,0,8.281044960021973,0.053731340914964676,9.998924255371094,0.513342022895813,-0.016593188047409058,0.0005982930888421834,0,-13,-1001,-1,3,0,0.01533852145075798,0.0025077955797314644,0.00020261008467059582,0.0004896464524790645,63,3135,0.020362377166748047,12.312,28.78,92,6,10,1.21,831,0.004505667369812727,0.00010194916103500873,0.00700469920411706,1500,1500,1000,1500,1800,1000,1000,1800
1783917707.7236,16.9400,0.01946,51.38,848,124180,0.160,GUIDED,GUIDED,128,8.470024704933167,0.0,10.0,0.5,0.0,0.0,nan,nan,nan,nan,nan,nan,nan,nan,nan,nan,0.15580772657872471,-0.02496249588002202,-2.6637258008868755e-05,0,0,8.291075706481934,0.053690355271101,9.998920440673828,0.5133606195449829,-0.01658603735268116,0.0006386628956533968,0,-13,-1001,-1,3,0,0.01533852145075798,0.0025077955797314644,0.00020261008467059582,0.0004896464524790645,63,3135,0.019364356994628906,12.312,28.78,92,6,10,1.21,831,0.004505667369812727,0.00010310652578482404,0.00700469920411706,1500,1500,1000,1500,1800,1000,1000,1800
1783917707.7440,16.9600,0.02039,49.05,849,124200,0.180,GUIDED,GUIDED,128,8.479999899864197,0.0,10.0,0.5,0.0,0.0,nan,nan,nan,nan,nan,nan,nan,nan,nan,nan,0.15543666074332912,-0.024552223595184774,-8.016554991397036e-05,0,0,8.301227569580078,0.0534939281642437,9.99892520904541,0.513472855091095,-0.016709500923752785,0.0006668144487775862,0,-13,-1001,1,3,0,0.01533515378832817,0.0025094046723097563,0.0002058230311376974,0.0004609882307704538,63,3135,0.02010965347290039,12.312,28.78,92,6,10,1.21,831,0.004505667369812727,0.00010310652578482404,0.00700469920411706,1500,1500,1000,1500,1800,1000,1000,1800
1783917707.7640,16.9800,0.02003,49.94,850,124240,0.200,GUIDED,GUIDED,128,8.489999771118164,0.0,10.0,0.5,0.0,0.0,nan,nan,nan,nan,nan,nan,nan,nan,nan,nan,0.1454767031821971,-0.024801558174817613,-6.2515301758412495e-06,0,0,8.321269989013672,0.05362876504659653,9.998920440673828,0.5134251713752747,-0.016643395647406578,0.0006268931902013719,0,-13,-1000,3,0,0,0.015375407412648201,0.0024627025704830885,0.00020276686700526625,0.0004895508754998446,63,3135,0.01994013786315918,12.312,28.78,92,6,10,1.21,831,0.003569458844140172,0.00010310652578482404,0.006876269355416298,1500,1500,1000,1500,1800,1000,1000,1800
1783917707.7835,17.0000,0.01951,51.27,851,124240,0.220,GUIDED,GUIDED,128,8.50000011920929,0.0,10.0,0.5,0.0,0.0,nan,nan,nan,nan,nan,nan,nan,nan,nan,nan,0.1554770512733226,-0.024801558174817613,-6.2515301758412495e-06,0,0,8.321269989013672,0.05362876504659653,9.998920440673828,0.5134251713752747,-0.016643395647406578,0.0006268931902013719,0,-13,-1000,3,0,0,0.015387386083602905,0.0025032954290509224,0.00020107885939069092,0.00044967481517232955,63,3135,0.01994013786315918,12.312,28.78,92,6,10,1.21,831,0.003569458844140172,0.00010310652578482404,0.006876269355416298,1500,1500,1000,1500,1800,1000,1000,1800
1783917707.8041,17.0200,0.02051,48.76,852,124280,0.240,GUIDED,GUIDED,128,8.509999394416809,0.0,10.0,0.5,0.0,0.0,nan,nan,nan,nan,nan,nan,nan,nan,nan,nan,0.1456165814190898,-0.02537526761036781,-6.766512873780184e-06,0,0,8.3412504196167,0.053872544318437576,9.998908042907715,0.5133554935455322,-0.016452910378575325,0.0006343483692035079,0,-13,-1001,1,0,0,0.015385251492261887,0.0024734078906476498,0.00019802080350928009,0.00042697429307736456,63,3135,0.020426273345947266,12.312,28.78,92,6,10,1.21,831,0.003569458844140172,0.00010083537199534476,0.006876269355416298,1500,1500,1000,1500,1800,1000,1000,1800
1783917707.8236,17.0400,0.01949,51.30,853,124280,0.260,GUIDED,GUIDED,128,8.52000904083252,0.0,10.0,0.5,0.0,0.0,nan,nan,nan,nan,nan,nan,nan,nan,nan,nan,0.15562622783480026,-0.02537526761036781,-6.766512873780184e-06,0,0,8.3412504196167,0.053872544318437576,9.998908042907715,0.5133554935455322,-0.016452910378575325,0.0006343483692035079,0,-13,-1001,1,0,0,0.01541114505380392,0.0025020616594702005,0.00019635558419395238,0.00040180017822422087,63,3135,0.020426273345947266,12.312,28.78,92,6,10,1.21,831,0.003569458844140172,0.00010083537199534476,0.006876269355416298,1500,1500,1000,1500,1800,1000,1000,1800
1783917707.8444,17.0600,0.02084,47.98,854,124320,0.280,GUIDED,GUIDED,128,8.530019402503967,0.0,10.0,0.5,0.0,0.0,nan,nan,nan,nan,nan,nan,nan,nan,nan,nan,0.14524137245741486,-0.02522115122216107,-2.1971512922044434e-05,0,0,8.361422538757324,0.053791698068380356,9.998906135559082,0.5134842991828918,-0.01649521291255951,0.0006442281883209944,0,-13,-1000,0,1,0,0.015366882085800171,0.0024750351440161467,0.0001928146230056882,0.00033949618227779865,63,3135,0.0207521915435791,12.312,28.78,92,6,10,1.21,831,0.003569458844140172,0.00010083537199534476,0.006876269355416298,1500,1500,1000,1500,1800,1000,1000,1800
1783917707.8635,17.0801,0.01912,52.29,855,124320,0.300,GUIDED,GUIDED,128,8.540026187896729,0.0,10.0,0.5,0.0,0.0,nan,nan,nan,nan,nan,nan,nan,nan,nan,nan,0.1552481578501761,-0.02522115122216107,-2.1971512922044434e-05,0,0,8.361422538757324,0.053791698068380356,9.998906135559082,0.5134842991828918,-0.01649521291255951,0.0006442281883209944,0,-13,-1000,0,1,0,0.015366882085800171,0.0024750351440161467,0.0001928146230056882,0.00033949618227779865,63,3135,0.0207521915435791,12.312,28.78,92,6,10,1.21,831,0.003569458844140172,0.00010083537199534476,0.006876269355416298,1500,1500,1000,1500,1800,1000,1000,1800
1783917707.8842,17.1000,0.02073,48.24,856,124360,0.320,GUIDED,GUIDED,128,8.550000429153442,0.0,10.0,0.5,0.0,0.0,nan,nan,nan,nan,nan,nan,nan,nan,nan,nan,0.14482978561892448,-0.024891565729699368,1.5978138240341742e-05,0,0,8.3816499710083,0.05362898111343384,9.998908996582031,0.5135796666145325,-0.016591554507613182,0.0006206661346368492,0,-13,-1000,0,1,0,0.015344277955591679,0.0024969333317130804,0.00019210991740692407,0.0003515813441481441,63,3135,0.020311355590820312,12.312,28.78,92,6,10,1.21,831,0.003569458844140172,0.00010083537199534476,0.006876269355416298,1500,1500,1000,1500,1800,1000,1000,1800
1783917707.9039,17.1200,0.01963,50.95,857,124380,0.340,GUIDED,GUIDED,128,8.560001015663147,0.0,10.0,0.5,0.0,0.0,nan,nan,nan,nan,nan,nan,nan,nan,nan,nan,0.14512869535770398,-0.024824539675251483,6.25052513615425e-05,0,0,8.391313552856445,0.05360202118754387,9.998905181884766,0.5136016607284546,-0.01661468669772148,0.0005960061098448932,0,-13,-1000,1,2,0,0.015364214777946472,0.0025276103988289833,0.00019248570606578141,0.0003374057123437524,63,3135,0.019540786743164062,12.312,28.78,92,6,10,1.21,831,0.003569458844140172,0.00010228178143734112,0.006876269355416298,1500,1500,1000,1500,1800,1000,1000,1800
1783917707.9236,17.1400,0.01976,50.60,858,124380,0.360,GUIDED,GUIDED,128,8.57002341747284,0.0,10.0,0.5,0.0,0.0,nan,nan,nan,nan,nan,nan,nan,nan,nan,nan,0.15515109716739636,-0.024824539675251483,6.25052513615425e-05,0,0,8.391313552856445,0.05360202118754387,9.998905181884766,0.5136016607284546,-0.01661468669772148,0.0005960061098448932,0,-13,-1000,1,2,0,0.015338406898081303,0.002516910433769226,0.0001947688579093665,0.00041265739127993584,63,3135,0.019540786743164062,12.312,28.78,92,6,10,1.21,831,0.003569458844140172,0.00010228178143734112,0.006876269355416298,1500,1500,1000,1500,1800,1000,1000,1800
1783917707.9441,17.1600,0.02045,48.90,859,124420,0.380,GUIDED,GUIDED,128,8.579999566078186,0.0,10.0,0.5,0.0,0.0,nan,nan,nan,nan,nan,nan,nan,nan,nan,nan,0.1449871539623026,-0.024815089081346053,0.00013744425511692825,0,0,8.41146469116211,0.05361701548099518,9.99889850616455,0.5135952830314636,-0.016628799960017204,0.0005565942847169936,0,-13,-1000,0,1,0,0.015320987440645695,0.0025273619685322046,0.00019130518194288015,0.000375349452951923,63,3135,0.02036452293395996,12.312,28.78,92,6,10,1.21,831,0.0036479488480836153,0.00010228178143734112,0.006957387551665306,1500,1500,1000,1500,1800,1000,1000,1800
1783917707.9636,17.1800,0.01949,51.30,860,124420,0.400,GUIDED,GUIDED,128,8.590021014213562,0.0,10.0,0.5,0.0,0.0,nan,nan,nan,nan,nan,nan,nan,nan,nan,nan,0.15500860209767858,-0.024815089081346053,0.00013744425511692825,0,0,8.41146469116211,0.05361701548099518,9.99889850616455,0.5135952830314636,-0.016628799960017204,0.0005565942847169936,0,-13,-1000,0,1,0,0.015320987440645695,0.0025273619685322046,0.00019130518194288015,0.000375349452951923,63,3135,0.02036452293395996,12.312,28.78,92,6,10,1.21,831,0.0036479488480836153,0.00010228178143734112,0.006957387551665306,1500,1500,1000,1500,1800,1000,1000,1800
1783917707.9842,17.2000,0.02058,48.58,861,124460,0.420,GUIDED,GUIDED,128,8.600000500679016,0.0,10.0,0.5,0.0,0.0,nan,nan,nan,nan,nan,nan,nan,nan,nan,nan,0.14482196535134728,-0.024930183174409492,0.00022012319759399642,0,0,8.431604385375977,0.0536811389029026,9.998888969421387,0.5136105418205261,-0.016599372029304504,0.0005143656162545085,0,-13,-1001,0,0,0,0.015297972597181797,0.002506764605641365,0.00017919116362463683,0.00030546606285497546,63,3135,0.020493745803833008,12.312,28.78,92,6,10,1.21,831,0.0036479488480836153,0.00010228178143734112,0.006957387551665306,1500,1500,1000,1500,1800,1000,1000,1800
1783917708.0035,17.2200,0.01939,51.58,862,124460,0.440,GUIDED,GUIDED,128,8.610008597373962,0.0,10.0,0.5,0.0,0.0,nan,nan,nan,nan,nan,nan,nan,nan,nan,nan,0.15483006204629357,-0.024930183174409492,0.00022012319759399642,0,0,8.431604385375977,0.0536811389029026,9.998888969421387,0.5136105418205261,-0.016599372029304504,0.0005143656162545085,0,-13,-1001,0,0,0,0.015297972597181797,0.002506764605641365,0.00017919116362463683,0.00030546606285497546,63,3135,0.020493745803833008,12.312,28.78,92,6,10,1.21,831,0.0036479488480836153,0.00010228178143734112,0.006957387551665306,1500,1500,1000,1500,1800,1000,1000,1800
1783917708.0241,17.2400,0.02060,48.55,863,124500,0.460,GUIDED,GUIDED,128,8.619999289512634,0.0,10.0,0.5,0.0,0.0,nan,nan,nan,nan,nan,nan,nan,nan,nan,nan,0.14458067567627103,-0.024889301137628078,0.00015022246374884443,0,0,8.451793670654297,0.053652726113796234,9.998881340026855,0.5136398673057556,-0.016606571152806282,0.0005591276567429304,0,-13,-1000,1,0,0,0.015267694368958473,0.0024916406255215406,0.00017157214460894465,0.00037143618101254106,63,3135,0.02054738998413086,12.312,28.78,92,6,10,1.21,831,0.0036479488480836153,9.972663247026503e-05,0.006957387551665306,1500,1500,1000,1500,1800,1000,1000,1800
1783917708.0440,17.2600,0.01982,50.45,864,124520,0.480,GUIDED,GUIDED,128,8.629999160766602,0.0,10.0,0.5,0.0,0.0,nan,nan,nan,nan,nan,nan,nan,nan,nan,nan,0.14459843699893585,-0.025022360437960918,0.00010823938472258798,0,0,8.461852073669434,0.05369841679930687,9.99887466430664,0.5135958194732666,-0.01655612885951996,0.0005872208275832236,0,-13,-1001,0,3,0,0.01522413082420826,0.0025225377175956964,0.00016832236724440008,0.000322813808452338,63,3135,0.019713640213012695,12.312,28.78,92,6,10,1.21,831,0.0036479488480836153,9.972663247026503e-05,0.006957387551665306,1500,1500,1000,1500,1800,1000,1000,1800
1783917708.0636,17.2800,0.01964,50.92,865,124520,0.500,GUIDED,GUIDED,128,8.640000224113464,0.0,10.0,0.5,0.0,0.0,nan,nan,nan,nan,nan,nan,nan,nan,nan,nan,0.15459950034579864,-0.025022360437960918,0.00010823938472258798,0,0,8.461852073669434,0.05369841679930687,9.99887466430664,0.5135958194732666,-0.01655612885951996,0.0005872208275832236,0,-13,-1001,0,3,0,0.015225174836814404,0.002480226568877697,0.00016481666534673423,0.0002999305725097656,63,3135,0.019713640213012695,12.312,28.78,92,6,10,1.21,831,0.0036479488480836153,9.972663247026503e-05,0.006957387551665306,1500,1500,1000,1500,1800,1000,1000,1800
1783917708.0842,17.3001,0.02063,48.46,866,124560,0.520,GUIDED,GUIDED,128,8.650026559829712,0.0,10.0,0.5,0.0,0.0,nan,nan,nan,nan,nan,nan,nan,nan,nan,nan,0.14422735953221236,-0.024701557481612946,3.929712065038398e-06,0,0,8.482114791870117,0.053533803671598434,9.99887466430664,0.5136741995811462,-0.016646305099129677,0.0006474440451711416,0,-13,-1001,0,3,0,0.01516636647284031,0.0025278357788920403,0.0001653146609896794,0.0003720829263329506,63,3135,0.02053046226501465,12.312,28.78,92,6,10,1.21,831,0.0036479488480836153,9.972663247026503e-05,0.006957387551665306,1500,1500,1000,1500,1800,1000,1000,1800
1783917708.1035,17.3200,0.01929,51.83,867,124560,0.540,GUIDED,GUIDED,128,8.660008668899536,0.0,10.0,0.5,0.0,0.0,nan,nan,nan,nan,nan,nan,nan,nan,nan,nan,0.15420946860203658,-0.024701557481612946,3.929712065038398e-06,0,0,8.482114791870117,0.053533803671598434,9.99887466430664,0.5136741995811462,-0.016646305099129677,0.0006474440451711416,0,-13,-1001,0,3,0,0.01516636647284031,0.0025278357788920403,0.0001653146609896794,0.0003720829263329506,63,3135,0.02053046226501465,12.312,28.78,92,6,10,1.21,831,0.0036479488480836153,9.972663247026503e-05,0.006957387551665306,1500,1500,1000,1500,1800,1000,1000,1800
1783917708.1241,17.3400,0.02058,48.58,868,124600,0.560,GUIDED,GUIDED,128,8.670000314712524,0.0,10.0,0.5,0.0,0.0,nan,nan,nan,nan,nan,nan,nan,nan,nan,nan,0.14383890117759454,-0.02422238890941929,1.2991833225525209e-05,0,0,8.502416610717773,0.05329595133662224,9.998876571655273,0.5137090682983398,-0.016785629093647003,0.0006411108188331127,0,-13,-1001,0,3,0,0.0151338716968894,0.002527927979826927,0.00016802811296656728,0.0003740618412848562,63,3135,0.02050018310546875,12.312,28.78,92,6,10,1.21,831,0.0036479488480836153,0.00010073368321172893,0.006957387551665306,1500,1500,1000,1500,1800,1000,1000,1800
1783917708.1435,17.3600,0.01937,51.62,869,124600,0.580,GUIDED,GUIDED,128,8.68001937866211,0.0,10.0,0.5,0.0,0.0,nan,nan,nan,nan,nan,nan,nan,nan,nan,nan,0.1538579651271795,-0.02422238890941929,1.2991833225525209e-05,0,0,8.502416610717773,0.05329595133662224,9.998876571655273,0.5137090682983398,-0.016785629093647003,0.0006411108188331127,0,-13,-1001,0,3,0,0.0151338716968894,0.002527927979826927,0.00016802811296656728,0.0003740618412848562,63,3135,0.02050018310546875,12.312,28.78,92,6,10,1.21,831,0.0036479488480836153,0.00010073368321172893,0.006957387551665306,1500,1500,1000,1500,1800,1000,1000,1800
1783917708.1642,17.3800,0.02068,48.35,870,124640,0.600,GUIDED,GUIDED,128,8.690019845962524,0.0,10.0,0.5,0.0,0.0,nan,nan,nan,nan,nan,nan,nan,nan,nan,nan,0.14391304075273428,-0.024529605372151785,-7.682484458726956e-05,0,0,8.522523880004883,0.05343206971883774,9.998869895935059,0.513615608215332,-0.01668684557080269,0.0006968207308091223,0,-13,-1001,2,1,0,0.015118486247956753,0.0025087411049753428,0.00016141835658345371,0.00045912584755569696,63,3135,0.020310163497924805,12.312,28.78,92,6,10,1.21,831,0.003711472265422344,0.00010073368321172893,0.007024137303233147,1500,1500,1000,1500,1800,1000,1000,1800
1783917708.1840,17.4000,0.01981,50.49,871,124660,0.620,GUIDED,GUIDED,128,8.700020790100098,0.0,10.0,0.5,0.0,0.0,nan,nan,nan,nan,nan,nan,nan,nan,nan,nan,0.1440420474787599,-0.024835740201969464,-9.321192011627392e-05,0,0,8.532537460327148,0.05357709154486656,9.99886417388916,0.5135338306427002,-0.016593826934695244,0.0007095854380168021,0,-13,-1001,0,2,0,0.015086175873875618,0.0025120738428086042,0.00015982477634679526,0.0005015586502850056,63,3135,0.01971912384033203,12.312,28.75,92,6,10,1.21,831,0.003711472265422344,0.00010073368321172893,0.007024137303233147,1500,1500,1000,1500,1800,1000,1000,1800
1783917708.2036,17.4200,0.01959,51.05,872,124660,0.640,GUIDED,GUIDED,128,8.710005044937134,0.0,10.0,0.5,0.0,0.0,nan,nan,nan,nan,nan,nan,nan,nan,nan,nan,0.15402630231579603,-0.024835740201969464,-9.321192011627392e-05,0,0,8.532537460327148,0.05357709154486656,9.99886417388916,0.5135338306427002,-0.016593826934695244,0.0007095854380168021,0,-13,-1001,0,2,0,0.015101919881999493,0.002488713478669524,0.00015875980898272246,0.0005110489437356591,63,3135,0.01971912384033203,12.312,28.75,92,6,10,1.21,831,0.003711472265422344,0.00010073368321172893,0.007024137303233147,1500,1500,1000,1500,1800,1000,1000,1800
1783917708.2241,17.4401,0.02055,48.65,873,124700,0.660,GUIDED,GUIDED,128,8.720025300979614,0.0,10.0,0.5,0.0,0.0,nan,nan,nan,nan,nan,nan,nan,nan,nan,nan,0.14389382454747973,-0.024818170047375476,2.2180332811034056e-05,0,0,8.552730560302734,0.05355221405625343,9.998861312866211,0.513510525226593,-0.016589608043432236,0.0006446155020967126,0,-13,-1000,0,3,0,0.015050829388201237,0.0025231996551156044,0.00015840205014683306,0.0004928101552650332,63,3135,0.020468950271606445,12.312,28.75,92,6,10,1.21,831,0.003711472265422344,9.857510303845629e-05,0.007024137303233147,1500,1500,1000,1500,1800,1000,1000,1800
1783917708.2435,17.4600,0.01942,51.51,874,124700,0.680,GUIDED,GUIDED,128,8.730010509490967,0.0,10.0,0.5,0.0,0.0,nan,nan,nan,nan,nan,nan,nan,nan,nan,nan,0.15387903305883227,-0.024818170047375476,2.2180332811034056e-05,0,0,8.552730560302734,0.05355221405625343,9.998861312866211,0.513510525226593,-0.016589608043432236,0.0006446155020967126,0,-13,-1000,0,3,0,0.015050829388201237,0.0025231996551156044,0.00015840205014683306,0.0004928101552650332,63,3135,0.020468950271606445,12.312,28.75,92,6,10,1.21,831,0.003711472265422344,9.857510303845629e-05,0.007024137303233147,1500,1500,1000,1500,1800,1000,1000,1800
1783917708.2642,17.4801,0.02064,48.46,875,124740,0.700,GUIDED,GUIDED,128,8.740025162696838,0.0,10.0,0.5,0.0,0.0,nan,nan,nan,nan,nan,nan,nan,nan,nan,nan,0.14365461773756305,-0.024651791962486472,-4.9119879271070045e-05,0,0,8.57296085357666,0.053444646298885345,9.998860359191895,0.5135155916213989,-0.016623562201857567,0.0006863313028588891,0,-13,-1001,0,3,0,0.015040216967463493,0.002516052918508649,0.00015622019418515265,0.00043959185131825507,63,3135,0.020552396774291992,12.312,28.75,92,6,10,1.21,831,0.003711472265422344,9.857510303845629e-05,0.007024137303233147,1500,1500,1000,1500,1800,1000,1000,1800
1783917708.2835,17.5001,0.01934,51.69,876,124740,0.720,GUIDED,GUIDED,128,8.750025987625122,0.0,10.0,0.5,0.0,0.0,nan,nan,nan,nan,nan,nan,nan,nan,nan,nan,0.15365544266584674,-0.024651791962486472,-4.9119879271070045e-05,0,0,8.57296085357666,0.053444646298885345,9.998860359191895,0.5135155916213989,-0.016623562201857567,0.0006863313028588891,0,-13,-1001,0,3,0,0.015040216967463493,0.002516052918508649,0.00015622019418515265,0.00043959185131825507,63,3135,0.020552396774291992,12.312,28.75,92,6,10,1.21,831,0.003711472265422344,9.857510303845629e-05,0.007024137303233147,1500,1500,1000,1500,1800,1000,1000,1800
1783917708.3042,17.5201,0.02071,48.28,877,124760,0.740,GUIDED,GUIDED,128,8.760026812553406,0.0,10.0,0.5,0.0,0.0,nan,nan,nan,nan,nan,nan,nan,nan,nan,nan,0.15360281190710462,-0.02466916791382142,-5.547703669351212e-05,0,0,8.583051681518555,0.053439490497112274,9.998858451843262,0.5134940147399902,-0.016610553488135338,0.0006911028176546097,0,-13,-1000,0,3,1,0.01501818373799324,0.0025196296628564596,0.00016284390585497022,0.0005569407949224114,63,3135,0.02036452293395996,12.312,28.78,92,6,10,1.21,831,0.003711472265422344,0.0001001249547698535,0.007024137303233147,1500,1500,1000,1500,1800,1000,1000,1800
1783917708.3239,17.5400,0.01971,50.72,878,124800,0.760,GUIDED,GUIDED,128,8.77002465724945,0.0,10.0,0.5,0.0,0.0,nan,nan,nan,nan,nan,nan,nan,nan,nan,nan,0.1428788132220218,-0.02411529105949883,-8.463588450639543e-05,0,0,8.603776931762695,0.05318989232182503,9.99886417388916,0.5134920477867126,-0.016786228865385056,0.0007046340615488589,0,-13,-1001,2,0,0,0.015038993209600449,0.0024813502095639706,0.00016659071843605489,0.0005113691440783441,63,3135,0.019628047943115234,12.312,28.78,92,6,10,1.21,831,0.003711472265422344,0.0001001249547698535,0.007024137303233147,1500,1500,1000,1500,1800,1000,1000,1800
1783917708.3436,17.5601,0.01969,50.79,879,124800,0.780,GUIDED,GUIDED,128,8.780025243759155,0.0,10.0,0.5,0.0,0.0,nan,nan,nan,nan,nan,nan,nan,nan,nan,nan,0.1528793997317264,-0.02411529105949883,-8.463588450639543e-05,0,0,8.603776931762695,0.05318989232182503,9.99886417388916,0.5134920477867126,-0.016786228865385056,0.0007046340615488589,0,-13,-1001,2,0,0,0.015043623745441437,0.0025059939362108707,0.00016521474753972143,0.0005330465501174331,63,3135,0.019628047943115234,12.312,28.78,92,6,10,1.21,831,0.003711472265422344,0.0001001249547698535,0.007024137303233147,1500,1500,1000,1500,1800,1000,1000,1800
1783917708.3641,17.5800,0.02047,48.85,880,124840,0.800,GUIDED,GUIDED,128,8.790024757385254,0.0,10.0,0.5,0.0,0.0,nan,nan,nan,nan,nan,nan,nan,nan,nan,nan,0.14333120235281185,-0.024981952557901047,2.0438650935215895e-05,0,0,8.623735427856445,0.05357059836387634,9.998847007751465,0.5132548809051514,-0.016505662351846695,0.0006538801244460046,0,-13,-1000,1,1,1,0.015049529261887074,0.002472089836373925,0.00016287500329781324,0.000544547161553055,63,3135,0.020385026931762695,12.312,28.78,92,6,10,1.21,831,0.0038115635979920626,0.0001001249547698535,0.006974907126277685,1500,1500,1000,1500,1800,1000,1000,1800
1783917708.3835,17.6000,0.01942,51.49,881,124840,0.820,GUIDED,GUIDED,128,8.800000667572021,0.0,10.0,0.5,0.0,0.0,nan,nan,nan,nan,nan,nan,nan,nan,nan,nan,0.15330711253957943,-0.024981952557901047,2.0438650935215895e-05,0,0,8.623735427856445,0.05357059836387634,9.998847007751465,0.5132548809051514,-0.016505662351846695,0.0006538801244460046,0,-13,-1000,1,1,1,0.015070730820298195,0.002485522534698248,0.00016299898561555892,0.0005729914410039783,63,3135,0.020385026931762695,12.312,28.78,92,6,10,1.21,831,0.0038115635979920626,0.0001001249547698535,0.006974907126277685,1500,1500,1000,1500,1800,1000,1000,1800
1783917708.4043,17.6200,0.02076,48.18,882,124880,0.840,GUIDED,GUIDED,128,8.810021042823792,0.0,10.0,0.5,0.0,0.0,nan,nan,nan,nan,nan,nan,nan,nan,nan,nan,0.14319368434223012,-0.02505719351418515,-6.547317369417919e-05,0,0,8.643898963928223,0.05357644706964493,9.998845100402832,0.513237714767456,-0.016465598717331886,0.0007045825477689505,0,-13,-1001,0,1,1,0.015032455325126648,0.0024535416159778833,0.00016493139264639467,0.000651555834338069,63,3135,0.020671606063842773,12.312,28.78,92,6,10,1.21,831,0.0038115635979920626,9.782060806173831e-05,0.006974907126277685,1500,1500,1000,1500,1800,1000,1000,1800
1783917708.4235,17.6400,0.01922,52.04,883,124880,0.860,GUIDED,GUIDED,128,8.820024371147156,0.0,10.0,0.5,0.0,0.0,nan,nan,nan,nan,nan,nan,nan,nan,nan,nan,0.15319701266559438,-0.02505719351418515,-6.547317369417919e-05,0,0,8.643898963928223,0.05357644706964493,9.998845100402832,0.513237714767456,-0.016465598717331886,0.0007045825477689505,0,-13,-1001,0,1,1,0.015032455325126648,0.0024535416159778833,0.00016493139264639467,0.000651555834338069,63,3135,0.020671606063842773,12.312,28.78,92,6,10,1.21,831,0.0038115635979920626,9.782060806173831e-05,0.006974907126277685,1500,1500,1000,1500,1800,1000,1000,1800
1783917708.4443,17.6601,0.02084,47.98,884,124920,0.880,GUIDED,GUIDED,128,8.830026388168335,0.0,10.0,0.5,0.0,0.0,nan,nan,nan,nan,nan,nan,nan,nan,nan,nan,0.1430147887916572,-0.024956465465792613,-2.3284681306199326e-05,0,0,8.66409683227539,0.053500305861234665,9.998844146728516,0.5132298469543457,-0.016479793936014175,0.0006807756144553423,0,-13,-1001,0,1,1,0.01502311509102583,0.002450946718454361,0.0001693858503131196,0.0006577950553037226,63,3135,0.020758867263793945,12.312,28.78,92,6,10,1.21,831,0.0038115635979920626,9.782060806173831e-05,0.006974907126277685,1500,1500,1000,1500,1800,1000,1000,1800
1783917708.4638,17.6800,0.01950,51.29,885,124940,0.900,GUIDED,GUIDED,128,8.839999675750732,0.0,10.0,0.5,0.0,0.0,nan,nan,nan,nan,nan,nan,nan,nan,nan,nan,0.14299788015425152,-0.025075278976706018,-2.3363529493819436e-05,0,0,8.674168586730957,0.05351460352540016,9.998841285705566,0.5131827592849731,-0.01641945168375969,0.000682472949847579,0,-13,-1000,3,1,1,0.015062551945447922,0.0024523858446627855,0.00017289812967646867,0.0006261825328692794,63,3135,0.019405364990234375,12.312,28.78,92,6,10,1.21,831,0.0038115635979920626,9.782060806173831e-05,0.006974907126277685,1500,1500,1000,1500,1800,1000,1000,1800
1783917708.4836,17.7000,0.01974,50.65,886,124940,0.920,GUIDED,GUIDED,128,8.8499995470047,0.0,10.0,0.5,0.0,0.0,nan,nan,nan,nan,nan,nan,nan,nan,nan,nan,0.1529977514082188,-0.025075278976706018,-2.3363529493819436e-05,0,0,8.674168586730957,0.05351460352540016,9.998841285705566,0.5131827592849731,-0.01641945168375969,0.000682472949847579,0,-13,-1000,3,1,1,0.015023209154605865,0.0024376825895160437,0.00017748416576068848,0.0005994710954837501,63,3135,0.019405364990234375,12.312,28.78,92,6,10,1.21,831,0.0038115635979920626,9.782060806173831e-05,0.006974907126277685,1500,1500,1000,1500,1800,1000,1000,1800
1783917708.5040,17.7200,0.02043,48.95,887,124979,0.940,GUIDED,GUIDED,128,8.859999537467957,0.0,10.0,0.5,0.0,0.0,nan,nan,nan,nan,nan,nan,nan,nan,nan,nan,0.1427116775288885,-0.02466715091806167,3.646975078366063e-05,0,0,8.694439888000488,0.05330884829163551,9.998846054077148,0.513191282749176,-0.01653629168868065,0.0006451751687563956,0,-13,-1001,0,1,1,0.015021502040326595,0.0024408879689872265,0.0001823454804252833,0.0005922293639741838,63,3135,0.020344257354736328,12.312,28.78,92,6,10,1.21,831,0.0038115635979920626,9.782060806173831e-05,0.006974907126277685,1500,1500,1000,1500,1800,1000,1000,1800
1783917708.5235,17.7400,0.01951,51.26,888,124979,0.960,GUIDED,GUIDED,128,8.870004892349243,0.0,10.0,0.5,0.0,0.0,nan,nan,nan,nan,nan,nan,nan,nan,nan,nan,0.15271703241017512,-0.02466715091806167,3.646975078366063e-05,0,0,8.694439888000488,0.05330884829163551,9.998846054077148,0.513191282749176,-0.01653629168868065,0.0006451751687563956,0,-13,-1001,0,1,1,0.015001935884356499,0.0024436668027192354,0.00018859657575376332,0.0006081632454879582,63,3135,0.020344257354736328,12.312,28.78,92,6,10,1.21,831,0.0038115635979920626,9.782060806173831e-05,0.006974907126277685,1500,1500,1000,1500,1800,1000,1000,1800
1783917708.5443,17.7601,0.02081,48.04,889,125019,0.980,GUIDED,GUIDED,128,8.880026459693909,0.0,10.0,0.5,0.0,0.0,nan,nan,nan,nan,nan,nan,nan,nan,nan,nan,0.14279254065496538,-0.024770853753672033,0.00017859032410804548,0,0,8.714569091796875,0.053334325551986694,9.99884033203125,0.5130855441093445,-0.016491128131747246,0.0005664254422299564,0,-13,-1000,0,1,1,0.014977158978581429,0.0024448882322758436,0.00018772456678561866,0.0005553309456445277,63,3135,0.02071213722229004,12.312,28.78,92,6,10,1.21,831,0.0038242433220148087,0.00010022163041867316,0.007092862389981747,1500,1500,1000,1500,1800,1000,1000,1800
1783917708.5636,17.7800,0.01924,51.98,890,125019,0.000,GUIDED,GUIDED,128,8.890021085739136,0.0,10.0,0.5,0.0,0.0,nan,nan,nan,nan,nan,nan,nan,nan,nan,nan,0.15278716670019243,-0.024770853753672033,0.00017859032410804548,0,0,8.714569091796875,0.053334325551986694,9.99884033203125,0.5130855441093445,-0.016491128131747246,0.0005664254422299564,0,-13,-1000,0,1,1,0.014977158978581429,0.0024448882322758436,0.00018772456678561866,0.0005553309456445277,63,3135,0.02071213722229004,12.312,28.78,92,6,10,1.21,831,0.0038242433220148087,0.00010022163041867316,0.007092862389981747,1500,1500,1000,1500,1800,1000,1000,1800
1783917708.5841,17.8000,0.02057,48.62,891,125059,0.021,GUIDED,GUIDED,128,8.900024652481079,0.0,10.0,0.5,0.0,0.0,nan,nan,nan,nan,nan,nan,nan,nan,nan,nan,0.1429269142952177,-0.02497963969470408,0.00027343238995712117,0,0,8.734667778015137,0.05341137945652008,9.998828887939453,0.5129499435424805,-0.016415072605013847,0.0005182755994610488,0,-13,-1001,0,1,0,0.01492910273373127,0.0024458481930196285,0.00018198341422248632,0.00046061555622145534,63,3135,0.020229101181030273,12.312,28.75,92,6,10,1.21,831,0.0038242433220148087,0.00010022163041867316,0.007092862389981747,1500,1500,1000,1500,1800,1000,1000,1800
1783917708.6040,17.8200,0.01991,50.22,892,125079,0.041,GUIDED,GUIDED,128,8.910023093223572,0.0,10.0,0.5,0.0,0.0,nan,nan,nan,nan,nan,nan,nan,nan,nan,nan,0.1431082320303487,-0.025194242957923364,0.00020872112418499913,0,0,8.744677543640137,0.05351894721388817,9.998820304870605,0.5128387212753296,-0.016353275626897812,0.0005605921032838523,0,-13,-1001,2,2,0,0.014946208335459232,0.002446429803967476,0.00017960068362299353,0.00042041874257847667,63,3135,0.019808292388916016,12.312,28.75,92,6,10,1.21,831,0.0038242433220148087,0.00010022163041867316,0.007092862389981747,1500,1500,1000,1500,1800,1000,1000,1800
1783917708.6236,17.8400,0.01957,51.10,893,125079,0.060,GUIDED,GUIDED,128,8.92001748085022,0.0,10.0,0.5,0.0,0.0,nan,nan,nan,nan,nan,nan,nan,nan,nan,nan,0.15310261965699665,-0.025194242957923364,0.00020872112418499913,0,0,8.744677543640137,0.05351894721388817,9.998820304870605,0.5128387212753296,-0.016353275626897812,0.0005605921032838523,0,-13,-1001,2,2,0,0.0148976631462574,0.002448496175929904,0.00017751815903466195,0.00041599752148613334,63,3135,0.019808292388916016,12.312,28.75,92,6,10,1.21,831,0.0038242433220148087,0.00010022163041867316,0.007092862389981747,1500,1500,1000,1500,1800,1000,1000,1800
1783917708.6442,17.8600,0.02063,48.48,894,125119,0.081,GUIDED,GUIDED,128,8.930023074150085,0.0,10.0,0.5,0.0,0.0,nan,nan,nan,nan,nan,nan,nan,nan,nan,nan,0.14313233953575533,-0.025047423108158898,6.024397428388011e-05,0,0,8.76484203338623,0.05344900116324425,9.998815536499023,0.512729823589325,-0.016397658735513687,0.0006490684463642538,0,-13,-1001,2,3,0,0.014921443536877632,0.002483553718775511,0.0001763902691891417,0.0004214042564854026,63,3135,0.020520448684692383,12.312,28.75,92,6,10,1.21,831,0.0038242433220148087,9.766723815118894e-05,0.007092862389981747,1500,1500,1000,1500,1800,1000,1000,1800
1783917708.6636,17.8800,0.01935,51.67,895,125119,0.100,GUIDED,GUIDED,128,8.940023064613342,0.0,10.0,0.5,0.0,0.0,nan,nan,nan,nan,nan,nan,nan,nan,nan,nan,0.15313232999901216,-0.025047423108158898,6.024397428388011e-05,0,0,8.76484203338623,0.05344900116324425,9.998815536499023,0.512729823589325,-0.016397658735513687,0.0006490684463642538,0,-13,-1001,2,3,0,0.01488223671913147,0.002455788431689143,0.0001755124394549057,0.0004125175764784217,63,3135,0.020520448684692383,12.312,28.75,92,6,10,1.21,831,0.0038242433220148087,9.766723815118894e-05,0.007092862389981747,1500,1500,1000,1500,1800,1000,1000,1800
1783917708.6843,17.9000,0.02072,48.25,896,125159,0.121,GUIDED,GUIDED,128,8.95002293586731,0.0,10.0,0.5,0.0,0.0,nan,nan,nan,nan,nan,nan,nan,nan,nan,nan,0.14300343919690506,-0.024745328908926487,3.0869428453550625e-05,0,0,8.785050392150879,0.0532965250313282,9.99881649017334,0.5126838684082031,-0.016484040766954422,0.0006654772441834211,0,-13,-1000,3,3,0,0.014909778721630573,0.002498879097402096,0.0001760629384079948,0.00038413284346461296,63,3135,0.020620346069335938,12.312,28.78,92,6,10,1.21,831,0.0038242433220148087,9.766723815118894e-05,0.007092862389981747,1500,1500,1000,1500,1800,1000,1000,1800
1783917708.7035,17.9200,0.01919,52.11,897,125159,0.140,GUIDED,GUIDED,128,8.960023045539856,0.0,10.0,0.5,0.0,0.0,nan,nan,nan,nan,nan,nan,nan,nan,nan,nan,0.15300354886945144,-0.024745328908926487,3.0869428453550625e-05,0,0,8.785050392150879,0.0532965250313282,9.99881649017334,0.5126838684082031,-0.016484040766954422,0.0006654772441834211,0,-13,-1000,3,3,0,0.014909778721630573,0.002498879097402096,0.0001760629384079948,0.00038413284346461296,63,3135,0.020620346069335938,12.312,28.78,92,6,10,1.21,831,0.0038242433220148087,9.766723815118894e-05,0.007092862389981747,1500,1500,1000,1500,1800,1000,1000,1800
1783917708.7242,17.9400,0.02067,48.39,898,125199,0.161,GUIDED,GUIDED,128,8.970012664794922,0.0,10.0,0.5,0.0,0.0,nan,nan,nan,nan,nan,nan,nan,nan,nan,nan,0.14273597466652507,-0.024320436658684306,0.00011800536190874973,0,0,8.80529499053955,0.05307113751769066,9.998819351196289,0.5126911401748657,-0.016599224880337715,0.0006135174771770835,0,-13,-1000,3,3,0,0.014916732907295227,0.0025155311450362206,0.00017908061272464693,0.00035651499638333917,63,3135,0.020320415496826172,12.312,28.78,92,6,10,1.21,831,0.0038242433220148087,9.766723815118894e-05,0.007092862389981747,1500,1500,1000,1500,1800,1000,1000,1800
1783917708.7440,17.9600,0.01981,50.47,899,125219,0.181,GUIDED,GUIDED,128,8.980023503303528,0.0,10.0,0.5,0.0,0.0,nan,nan,nan,nan,nan,nan,nan,nan,nan,nan,0.1430671451116447,-0.02478455829060765,9.163571407322661e-05,0,0,8.81522274017334,0.05329092964529991,9.998807907104492,0.5125479102134705,-0.016458161175251007,0.000635349249932915,0,-13,-1001,1,0,0,0.014901873655617237,0.0024766779970377684,0.00017381693760398775,0.0003483528271317482,63,3135,0.019726037979125977,12.312,28.78,92,6,10,1.21,831,0.0039047659374773502,9.866933396551758e-05,0.006945793051272631,1500,1500,1000,1500,1800,1000,1000,1800
1783917708.7637,17.9801,0.01970,50.76,900,125219,0.200,GUIDED,GUIDED,128,8.990026593208313,0.0,10.0,0.5,0.0,0.0,nan,nan,nan,nan,nan,nan,nan,nan,nan,nan,0.15307023501642986,-0.02478455829060765,9.163571407322661e-05,0,0,8.81522274017334,0.05329092964529991,9.998807907104492,0.5125479102134705,-0.016458161175251007,0.000635349249932915,0,-13,-1001,1,0,0,0.01492434460669756,0.0025124060921370983,0.0001698601699899882,0.0003688927972689271,63,3135,0.019726037979125977,12.312,28.78,92,6,10,1.21,831,0.0039047659374773502,9.866933396551758e-05,0.006945793051272631,1500,1500,1000,1500,1800,1000,1000,1800
1783917708.7841,18.0000,0.02042,48.96,901,125259,0.221,GUIDED,GUIDED,128,9.000019669532776,0.0,10.0,0.5,0.0,0.0,nan,nan,nan,nan,nan,nan,nan,nan,nan,nan,0.14320783295439785,-0.02496535830429804,-8.743188147863033e-06,0,0,8.835286140441895,0.053369101136922836,9.99880313873291,0.5124278664588928,-0.01639890857040882,0.0006960560567677021,0,-13,-1000,0,0,0,0.014890545047819614,0.0024656059686094522,0.00016447417146991938,0.0003276050556451082,63,3135,0.02033209800720215,12.312,28.75,92,6,10,1.21,831,0.0039047659374773502,9.866933396551758e-05,0.006945793051272631,1500,1500,1000,1500,1800,1000,1000,1800
1783917708.8036,18.0200,0.01944,51.45,902,125259,0.240,GUIDED,GUIDED,128,9.010018467903137,0.0,10.0,0.5,0.0,0.0,nan,nan,nan,nan,nan,nan,nan,nan,nan,nan,0.15320663132475917,-0.02496535830429804,-8.743188147863033e-06,0,0,8.835286140441895,0.053369101136922836,9.99880313873291,0.5124278664588928,-0.01639890857040882,0.0006960560567677021,0,-13,-1000,0,0,0,0.014919012784957886,0.002492786617949605,0.00016223391867242754,0.00038881017826497555,63,3135,0.02033209800720215,12.312,28.75,92,6,10,1.21,831,0.0039047659374773502,9.866933396551758e-05,0.006945793051272631,1500,1500,1000,1500,1800,1000,1000,1800
1783917708.8241,18.0400,0.02060,48.55,903,125299,0.261,GUIDED,GUIDED,128,9.020017862319946,0.0,10.0,0.5,0.0,0.0,nan,nan,nan,nan,nan,nan,nan,nan,nan,nan,0.14326332338064884,-0.024961437815494158,5.5028051620732796e-05,0,0,8.85539722442627,0.053354792296886444,9.998802185058594,0.5123306512832642,-0.016392910853028297,0.0006597883184440434,0,-13,-1000,0,0,0,0.014870880171656609,0.0024468142073601484,0.00015751375758554786,0.00032202136935666203,63,3135,0.020513296127319336,12.312,28.75,92,6,10,1.21,831,0.0039047659374773502,9.866933396551758e-05,0.006945793051272631,1500,1500,1000,1500,1800,1000,1000,1800
1783917708.8435,18.0600,0.01934,51.70,904,125299,0.280,GUIDED,GUIDED,128,9.030016899108887,0.0,10.0,0.5,0.0,0.0,nan,nan,nan,nan,nan,nan,nan,nan,nan,nan,0.15326236016958927,-0.024961437815494158,5.5028051620732796e-05,0,0,8.85539722442627,0.053354792296886444,9.998802185058594,0.5123306512832642,-0.016392910853028297,0.0006597883184440434,0,-13,-1000,0,0,0,0.014870880171656609,0.0024468142073601484,0.00015751375758554786,0.00032202136935666203,63,3135,0.020513296127319336,12.312,28.75,92,6,10,1.21,831,0.0039047659374773502,9.866933396551758e-05,0.006945793051272631,1500,1500,1000,1500,1800,1000,1000,1800
1783917708.8642,18.0801,0.02075,48.18,905,125339,0.301,GUIDED,GUIDED,128,9.040026187896729,0.0,10.0,0.5,0.0,0.0,nan,nan,nan,nan,nan,nan,nan,nan,nan,nan,0.14354623031970595,-0.02511576700575138,5.752016684649466e-06,0,0,8.875445365905762,0.05342574045062065,9.998793601989746,0.5121443271636963,-0.016344770789146423,0.000693193287588656,0,-13,-1001,0,0,0,0.014882957562804222,0.002443349454551935,0.00015451402578037232,0.0004040967905893922,63,3135,0.020391464233398438,12.312,28.75,92,6,10,1.21,831,0.0039047659374773502,9.648291597841308e-05,0.006945793051272631,1500,1500,1000,1500,1800,1000,1000,1800
1783917708.8841,18.1000,0.01982,50.46,906,125359,0.321,GUIDED,GUIDED,128,9.050023078918457,0.0,10.0,0.5,0.0,0.0,nan,nan,nan,nan,nan,nan,nan,nan,nan,nan,0.14335924414094386,-0.024763846964985587,-4.64746678033865e-05,0,0,8.885589599609375,0.0532575361430645,9.998800277709961,0.51216721534729,-0.01645083911716938,0.0007194921490736306,0,-13,-1001,2,2,0,0.014914121478796005,0.0024785781279206276,0.0001559001684654504,0.00045842351391911507,63,3135,0.01971602439880371,12.312,28.78,92,6,10,1.21,831,0.0039047659374773502,9.648291597841308e-05,0.006945793051272631,1500,1500,1000,1500,1800,1000,1000,1800
1783917708.9036,18.1200,0.01953,51.19,907,125359,0.340,GUIDED,GUIDED,128,9.060007095336914,0.0,10.0,0.5,0.0,0.0,nan,nan,nan,nan,nan,nan,nan,nan,nan,nan,0.1533432605594009,-0.024763846964985587,-4.64746678033865e-05,0,0,8.885589599609375,0.0532575361430645,9.998800277709961,0.51216721534729,-0.01645083911716938,0.0007194921490736306,0,-13,-1001,2,2,0,0.014926905743777752,0.0024685333482921124,0.0001577903749421239,0.0004573335172608495,63,3135,0.01971602439880371,12.312,28.78,92,6,10,1.21,831,0.0039047659374773502,9.648291597841308e-05,0.006945793051272631,1500,1500,1000,1500,1800,1000,1000,1800
1783917708.9242,18.1400,0.02064,48.45,908,125399,0.361,GUIDED,GUIDED,128,9.070024013519287,0.0,10.0,0.5,0.0,0.0,nan,nan,nan,nan,nan,nan,nan,nan,nan,nan,0.14311972311186527,-0.024407445488558208,-5.983166930154148e-05,0,0,8.905805587768555,0.05303331837058067,9.998807907104492,0.5121813416481018,-0.01652715541422367,0.0007227989844977856,0,-13,-1001,1,2,0,0.014924027025699615,0.0025031985715031624,0.00015979362069629133,0.00038661592407152057,63,3135,0.020554304122924805,12.312,28.78,92,6,10,1.21,831,0.0039047659374773502,9.648291597841308e-05,0.006945793051272631,1500,1500,1000,1500,1800,1000,1000,1800
1783917708.9436,18.1600,0.01938,51.61,909,125399,0.380,GUIDED,GUIDED,128,9.080023050308228,0.0,10.0,0.5,0.0,0.0,nan,nan,nan,nan,nan,nan,nan,nan,nan,nan,0.1531187599008057,-0.024407445488558208,-5.983166930154148e-05,0,0,8.905805587768555,0.05303331837058067,9.998807907104492,0.5121813416481018,-0.01652715541422367,0.0007227989844977856,0,-13,-1001,1,2,0,0.014941653236746788,0.0024838868994265795,0.00015507929492741823,0.00036731886211782694,63,3135,0.020554304122924805,12.312,28.78,92,6,10,1.21,831,0.0039047659374773502,9.648291597841308e-05,0.006945793051272631,1500,1500,1000,1500,1800,1000,1000,1800
1783917708.9643,18.1801,0.02071,48.28,910,125439,0.401,GUIDED,GUIDED,128,9.090025901794434,0.0,10.0,0.5,0.0,0.0,nan,nan,nan,nan,nan,nan,nan,nan,nan,nan,0.14379919872993713,-0.025242725619728255,5.787328384401313e-05,0,0,8.925634384155273,0.053428567945957184,9.998788833618164,0.5118889808654785,-0.016273103654384613,0.0006658540805801749,0,-13,-1000,0,1,0,0.01492360606789589,0.0024977093562483788,0.0001491264411015436,0.00031308940378949046,63,3135,0.020623207092285156,12.312,28.78,92,6,10,1.21,831,0.0039786226116120815,9.80841214186512e-05,0.007041304837912321,1500,1500,1000,1500,1800,1000,1000,1800
1783917708.9835,18.2000,0.01916,52.20,911,125439,0.420,GUIDED,GUIDED,128,9.100017189979553,0.0,10.0,0.5,0.0,0.0,nan,nan,nan,nan,nan,nan,nan,nan,nan,nan,0.15379048691505676,-0.025242725619728255,5.787328384401313e-05,0,0,8.925634384155273,0.053428567945957184,9.998788833618164,0.5118889808654785,-0.016273103654384613,0.0006658540805801749,0,-13,-1000,0,1,0,0.01492360606789589,0.0024977093562483788,0.0001491264411015436,0.00031308940378949046,63,3135,0.020623207092285156,12.312,28.78,92,6,10,1.21,831,0.0039786226116120815,9.80841214186512e-05,0.007041304837912321,1500,1500,1000,1500,1800,1000,1000,1800
1783917709.0042,18.2200,0.02068,48.35,912,125480,0.441,GUIDED,GUIDED,128,9.110018014907837,0.0,10.0,0.5,0.0,0.0,nan,nan,nan,nan,nan,nan,nan,nan,nan,nan,0.14346049773884115,-0.02520337608165397,1.121082515036123e-05,0,0,8.946120262145996,0.05342873930931091,9.998787879943848,0.5117994546890259,-0.016295921057462692,0.000693345267791301,0,-13,-1001,0,1,0,0.014939776621758938,0.0024882738944143057,0.00013931025750935078,0.00026248267386108637,63,3135,0.020284652709960938,12.312,28.78,92,6,10,1.21,831,0.0039786226116120815,9.80841214186512e-05,0.007041304837912321,1500,1500,1000,1500,1800,1000,1000,1800
1783917709.0236,18.2400,0.01947,51.36,913,125480,0.460,GUIDED,GUIDED,128,9.120017290115356,0.0,10.0,0.5,0.0,0.0,nan,nan,nan,nan,nan,nan,nan,nan,nan,nan,0.15345977294636068,-0.02520337608165397,1.121082515036123e-05,0,0,8.946120262145996,0.05342873930931091,9.998787879943848,0.5117994546890259,-0.016295921057462692,0.000693345267791301,0,-13,-1001,0,1,0,0.014939776621758938,0.0024882738944143057,0.00013931025750935078,0.00026248267386108637,63,3135,0.01932239532470703,12.312,28.78,92,6,10,1.21,831,0.0039786226116120815,9.80841214186512e-05,0.007041304837912321,1500,1500,1000,1500,1800,1000,1000,1800
1783917709.0440,18.2600,0.02039,49.05,914,125500,0.481,GUIDED,GUIDED,128,9.13001549243927,0.0,10.0,0.5,0.0,0.0,nan,nan,nan,nan,nan,nan,nan,nan,nan,nan,0.15363529062400266,-0.025389618234900563,7.426651862393321e-06,0,0,8.956101417541504,0.05350026115775108,9.998783111572266,0.5117079615592957,-0.01622968725860119,0.0006982830818742514,0,-13,-1001,0,0,0,0.014950239099562168,0.0024575013667345047,0.0001302385062444955,0.00031250680331140757,63,3135,0.02013421058654785,12.312,28.78,92,6,10,1.21,831,0.0039786226116120815,9.58681121119298e-05,0.007041304837912321,1500,1500,1000,1500,1800,1000,1000,1800
1783917709.0642,18.2800,0.02018,49.56,915,125540,0.501,GUIDED,GUIDED,128,9.14002013206482,0.0,10.0,0.5,0.0,0.0,nan,nan,nan,nan,nan,nan,nan,nan,nan,nan,0.1435667061270536,-0.025186241112355158,-3.770164177600236e-05,0,0,8.976229667663574,0.05337722599506378,9.998785018920898,0.5116761922836304,-0.016276072710752487,0.0007232367061078548,0,-13,-1001,3,2,0,0.014995942823588848,0.0024665361270308495,0.000129650768940337,0.0003969718236476183,63,3135,0.020073413848876953,12.312,28.78,92,6,10,1.21,831,0.0039786226116120815,9.58681121119298e-05,0.007041304837912321,1500,1500,1000,1500,1800,1000,1000,1800
1783917709.0836,18.3000,0.01940,51.55,916,125540,0.520,GUIDED,GUIDED,128,9.150017142295837,0.0,10.0,0.5,0.0,0.0,nan,nan,nan,nan,nan,nan,nan,nan,nan,nan,0.15356371635807167,-0.025186241112355158,-3.770164177600236e-05,0,0,8.976229667663574,0.05337722599506378,9.998785018920898,0.5116761922836304,-0.016276072710752487,0.0007232367061078548,0,-13,-1001,3,2,0,0.015022233128547668,0.0024495685938745737,0.0001312361127929762,0.00047531689051538706,63,3135,0.020073413848876953,12.312,28.78,92,6,10,1.21,831,0.0039786226116120815,9.58681121119298e-05,0.007041304837912321,1500,1500,1000,1500,1800,1000,1000,1800
1783917709.1043,18.3200,0.02067,48.39,917,125580,0.541,GUIDED,GUIDED,128,9.160016536712646,0.0,10.0,0.5,0.0,0.0,nan,nan,nan,nan,nan,nan,nan,nan,nan,nan,0.14339300734000143,-0.024785241596950097,-0.00010632553749804238,0,0,8.996403694152832,0.053177360445261,9.998790740966797,0.5116739273071289,-0.016392197459936142,0.0007595531060360372,0,-13,-1001,1,3,1,0.015016328543424606,0.0024785720743238926,0.00013478535402100533,0.0005102016148157418,63,3135,0.020564556121826172,12.312,28.75,92,6,10,1.21,831,0.0039786226116120815,9.58681121119298e-05,0.007041304837912321,1500,1500,1000,1500,1800,1000,1000,1800
1783917709.1235,18.3400,0.01925,51.94,918,125580,0.560,GUIDED,GUIDED,128,9.170024991035461,0.0,10.0,0.5,0.0,0.0,nan,nan,nan,nan,nan,nan,nan,nan,nan,nan,0.15340146166281637,-0.024785241596950097,-0.00010632553749804238,0,0,8.996403694152832,0.053177360445261,9.998790740966797,0.5116739273071289,-0.016392197459936142,0.0007595531060360372,0,-13,-1001,1,3,1,0.015016328543424606,0.0024785720743238926,0.00013478535402100533,0.0005102016148157418,63,3135,0.020564556121826172,12.312,28.75,92,6,10,1.21,831,0.0039786226116120815,9.58681121119298e-05,0.007041304837912321,1500,1500,1000,1500,1800,1000,1000,1800
1783917709.1444,18.3600,0.02084,47.99,919,125620,0.581,GUIDED,GUIDED,128,9.180019736289978,0.0,10.0,0.5,0.0,0.0,nan,nan,nan,nan,nan,nan,nan,nan,nan,nan,0.1435282591009684,-0.024915355483666954,-0.00010041619350251337,0,0,9.016426086425781,0.05320809781551361,9.998788833618164,0.5115847587585449,-0.01633482240140438,0.0007572425529360771,0,-13,-1000,0,3,0,0.015036202035844326,0.0024742824025452137,0.00013401829346548766,0.0004248564364388585,63,3135,0.020732641220092773,12.312,28.75,92,6,10,1.21,831,0.0039296639151871204,9.752566256793216e-05,0.007106777746230364,1500,1500,1000,1500,1800,1000,1000,1800
1783917709.1635,18.3800,0.01915,52.22,920,125620,0.600,GUIDED,GUIDED,128,9.190019607543945,0.0,10.0,0.5,0.0,0.0,nan,nan,nan,nan,nan,nan,nan,nan,nan,nan,0.15352813035493568,-0.024915355483666954,-0.00010041619350251337,0,0,9.016426086425781,0.05320809781551361,9.998788833618164,0.5115847587585449,-0.01633482240140438,0.0007572425529360771,0,-13,-1000,0,3,0,0.015036202035844326,0.0024742824025452137,0.00013401829346548766,0.0004248564364388585,63,3135,0.020732641220092773,12.312,28.75,92,6,10,1.21,831,0.0039296639151871204,9.752566256793216e-05,0.007106777746230364,1500,1500,1000,1500,1800,1000,1000,1800
1783917709.1842,18.4000,0.02073,48.24,921,125640,0.621,GUIDED,GUIDED,128,9.200002312660217,0.0,10.0,0.5,0.0,0.0,nan,nan,nan,nan,nan,nan,nan,nan,nan,nan,0.15372269768587168,-0.025295356027656975,-0.00013677802921239178,0,0,9.02634048461914,0.05337991192936897,9.99878215789795,0.5115118622779846,-0.016214625909924507,0.000782090297434479,0,-13,-1000,0,3,0,0.015063281171023846,0.002470285864546895,0.00013042835053056479,0.0004634614451788366,63,3135,0.02032923698425293,12.312,28.78,91,6,10,1.21,831,0.0039296639151871204,9.752566256793216e-05,0.007106777746230364,1500,1500,1000,1500,1800,1000,1000,1800
1783917709.2041,18.4200,0.01982,50.45,922,125680,0.641,GUIDED,GUIDED,128,9.209999918937683,0.0,10.0,0.5,0.0,0.0,nan,nan,nan,nan,nan,nan,nan,nan,nan,nan,0.14381179886215675,-0.025389356925047492,-1.5504443823575716e-05,0,0,9.046374320983887,0.053395967930555344,9.998783111572266,0.5114395022392273,-0.016169624403119087,0.0007115223561413586,0,-13,-1000,3,0,1,0.01511215977370739,0.0024314518086612225,0.00013058129115961492,0.0005561734433285892,63,3135,0.019716739654541016,12.312,28.78,91,6,10,1.21,831,0.0039296639151871204,9.752566256793216e-05,0.007106777746230364,1500,1500,1000,1500,1800,1000,1000,1800
1783917709.2235,18.4400,0.01949,51.32,923,125680,0.660,GUIDED,GUIDED,128,9.22000515460968,0.0,10.0,0.5,0.0,0.0,nan,nan,nan,nan,nan,nan,nan,nan,nan,nan,0.15381703453415382,-0.025389356925047492,-1.5504443823575716e-05,0,0,9.046374320983887,0.053395967930555344,9.998783111572266,0.5114395022392273,-0.016169624403119087,0.0007115223561413586,0,-13,-1000,3,0,1,0.015117542818188667,0.0024669349659234285,0.00013066321844235063,0.0005039561074227095,63,3135,0.019716739654541016,12.312,28.78,91,6,10,1.21,831,0.0039296639151871204,9.752566256793216e-05,0.007106777746230364,1500,1500,1000,1500,1800,1000,1000,1800
1783917709.2442,18.4601,0.02066,48.41,924,125720,0.681,GUIDED,GUIDED,128,9.23002576828003,0.0,10.0,0.5,0.0,0.0,nan,nan,nan,nan,nan,nan,nan,nan,nan,nan,0.14379849463795213,-0.02529307978863674,3.945057943558774e-05,0,0,9.066446304321289,0.05333156883716583,9.998783111572266,0.5114205479621887,-0.01618802919983864,0.0006797940586693585,0,-13,-1000,2,0,1,0.015134499408304691,0.002436932874843478,0.00013038363249506801,0.0005204419139772654,63,3135,0.020572662353515625,12.312,28.78,91,6,10,1.21,831,0.0039296639151871204,9.525110363028944e-05,0.007106777746230364,1500,1500,1000,1500,1800,1000,1000,1800
1783917709.2635,18.4800,0.01927,51.89,925,125720,0.700,GUIDED,GUIDED,128,9.240002989768982,0.0,10.0,0.5,0.0,0.0,nan,nan,nan,nan,nan,nan,nan,nan,nan,nan,0.15377571612690477,-0.02529307978863674,3.945057943558774e-05,0,0,9.066446304321289,0.05333156883716583,9.998783111572266,0.5114205479621887,-0.01618802919983864,0.0006797940586693585,0,-13,-1000,2,0,1,0.015134499408304691,0.002436932874843478,0.00013038363249506801,0.0005204419139772654,63,3135,0.020572662353515625,12.312,28.78,91,6,10,1.21,831,0.0039296639151871204,9.525110363028944e-05,0.007106777746230364,1500,1500,1000,1500,1800,1000,1000,1800
1783917709.2843,18.5000,0.02078,48.13,926,125760,0.721,GUIDED,GUIDED,128,9.250024795532227,0.0,10.0,0.5,0.0,0.0,nan,nan,nan,nan,nan,nan,nan,nan,nan,nan,0.14387862854542094,-0.02536161061550173,6.59031139140676e-05,0,0,9.086470603942871,0.05333790183067322,9.998775482177734,0.511359691619873,-0.016152119264006615,0.0006689265137538314,0,-13,-1001,1,1,1,0.015137607231736183,0.0024437771644443274,0.0001349970989394933,0.0005215212004259229,63,3135,0.020695924758911133,12.312,28.78,91,6,10,1.21,831,0.0039296639151871204,9.525110363028944e-05,0.007106777746230364,1500,1500,1000,1500,1800,1000,1000,1800
1783917709.3035,18.5200,0.01926,51.92,927,125760,0.740,GUIDED,GUIDED,128,9.260023832321167,0.0,10.0,0.5,0.0,0.0,nan,nan,nan,nan,nan,nan,nan,nan,nan,nan,0.15387766533436137,-0.02536161061550173,6.59031139140676e-05,0,0,9.086470603942871,0.05333790183067322,9.998775482177734,0.511359691619873,-0.016152119264006615,0.0006689265137538314,0,-13,-1001,1,1,1,0.015137607231736183,0.0024437771644443274,0.0001349970989394933,0.0005215212004259229,63,3135,0.020695924758911133,12.312,28.78,91,6,10,1.21,831,0.0039296639151871204,9.525110363028944e-05,0.007106777746230364,1500,1500,1000,1500,1800,1000,1000,1800
1783917709.3242,18.5400,0.02069,48.33,928,125780,0.761,GUIDED,GUIDED,128,9.270024418830872,0.0,10.0,0.5,0.0,0.0,nan,nan,nan,nan,nan,nan,nan,nan,nan,nan,0.1535785750043343,-0.025023737634223886,2.923630301612302e-05,0,0,9.096601486206055,0.053157225251197815,9.998781204223633,0.5114571452140808,-0.016242876648902893,0.0006867924821563065,0,-13,-1001,0,3,1,0.015128495171666145,0.002493145875632763,0.0001435728627257049,0.0005196104175411165,63,3135,0.020366430282592773,12.312,28.78,91,6,10,1.21,831,0.0039296639151871204,9.525110363028944e-05,0.007106777746230364,1500,1500,1000,1500,1800,1000,1000,1800
1783917709.3440,18.5600,0.01979,50.52,929,125820,0.781,GUIDED,GUIDED,128,9.28001868724823,0.0,10.0,0.5,0.0,0.0,nan,nan,nan,nan,nan,nan,nan,nan,nan,nan,0.14360934602413747,-0.025118948852018475,-2.2388324724957566e-05,0,0,9.116621971130371,0.05319139361381531,9.99877643585205,0.5114242434501648,-0.016207633540034294,0.0007193509954959154,0,-13,-1001,3,0,1,0.015158692374825478,0.0024729708675295115,0.00014055895735509694,0.0005094491061754525,63,3135,0.019708871841430664,12.312,28.78,91,6,10,1.21,831,0.003832843853160739,9.724176197778434e-05,0.006974879652261734,1500,1500,1000,1500,1800,1000,1000,1800
1783917709.3636,18.5800,0.01959,51.04,930,125820,0.800,GUIDED,GUIDED,128,9.29001784324646,0.0,10.0,0.5,0.0,0.0,nan,nan,nan,nan,nan,nan,nan,nan,nan,nan,0.15360850202236745,-0.025118948852018475,-2.2388324724957566e-05,0,0,9.116621971130371,0.05319139361381531,9.99877643585205,0.5114242434501648,-0.016207633540034294,0.0007193509954959154,0,-13,-1001,3,0,1,0.015163191594183445,0.002511972561478615,0.00013889318506699055,0.0004808293888345361,63,3135,0.019708871841430664,12.312,28.78,91,6,10,1.21,831,0.003832843853160739,9.724176197778434e-05,0.006974879652261734,1500,1500,1000,1500,1800,1000,1000,1800
1783917709.3841,18.6000,0.02050,48.77,931,125860,0.821,GUIDED,GUIDED,128,9.300019264221191,0.0,10.0,0.5,0.0,0.0,nan,nan,nan,nan,nan,nan,nan,nan,nan,nan,0.143940184150398,-0.025767619062427555,3.4065148572729863e-06,0,0,9.136484146118164,0.053496699780225754,9.998761177062988,0.5113131403923035,-0.016009392216801643,0.0007132680038921535,0,-13,-1001,3,0,1,0.0151944849640131,0.002470945008099079,0.00013835946447215974,0.0005527582252398133,63,3135,0.02041769027709961,12.312,28.75,91,6,10,1.21,831,0.003832843853160739,9.724176197778434e-05,0.006974879652261734,1500,1500,1000,1500,1800,1000,1000,1800
1783917709.4035,18.6200,0.01945,51.42,932,125860,0.840,GUIDED,GUIDED,128,9.310022830963135,0.0,10.0,0.5,0.0,0.0,nan,nan,nan,nan,nan,nan,nan,nan,nan,nan,0.15394375089234136,-0.025767619062427555,3.4065148572729863e-06,0,0,9.136484146118164,0.053496699780225754,9.998761177062988,0.5113131403923035,-0.016009392216801643,0.0007132680038921535,0,-13,-1001,3,0,1,0.0151944849640131,0.002470945008099079,0.00013835946447215974,0.0005527582252398133,63,3135,0.02041769027709961,12.312,28.75,91,6,10,1.21,831,0.003832843853160739,9.724176197778434e-05,0.006974879652261734,1500,1500,1000,1500,1800,1000,1000,1800
1783917709.4241,18.6400,0.02058,48.59,933,125900,0.861,GUIDED,GUIDED,128,9.320016384124756,0.0,10.0,0.5,0.0,0.0,nan,nan,nan,nan,nan,nan,nan,nan,nan,nan,0.1437601893869881,-0.025730350093790034,4.65562120264126e-05,0,0,9.156549453735352,0.05346255376935005,9.998760223388672,0.5113776922225952,-0.0160111952573061,0.0006889061187393963,0,-13,-1000,2,1,1,0.015193113125860691,0.0025052232667803764,0.0001410192926414311,0.0005774325109086931,63,3135,0.020231008529663086,12.312,28.75,91,6,10,1.21,831,0.003832843853160739,9.454812970943749e-05,0.006974879652261734,1500,1500,1000,1500,1800,1000,1000,1800
1783917709.4436,18.6600,0.01950,51.27,934,125900,0.880,GUIDED,GUIDED,128,9.330022692680359,0.0,10.0,0.5,0.0,0.0,nan,nan,nan,nan,nan,nan,nan,nan,nan,nan,0.15376649794259112,-0.025730350093790034,4.65562120264126e-05,0,0,9.156549453735352,0.05346255376935005,9.998760223388672,0.5113776922225952,-0.0160111952573061,0.0006889061187393963,0,-13,-1000,2,1,1,0.015193113125860691,0.0025052232667803764,0.0001410192926414311,0.0005774325109086931,63,3135,0.01937580108642578,12.312,28.75,91,6,10,1.21,831,0.003832843853160739,9.454812970943749e-05,0.006974879652261734,1500,1500,1000,1500,1800,1000,1000,1800
1783917709.4642,18.6800,0.02057,48.61,935,125920,0.901,GUIDED,GUIDED,128,9.340022444725037,0.0,10.0,0.5,0.0,0.0,nan,nan,nan,nan,nan,nan,nan,nan,nan,nan,0.1535485136233545,-0.025446740454800228,8.39961941017011e-05,0,0,9.166657447814941,0.05332610383629799,9.998764038085938,0.5114410519599915,-0.01609615795314312,0.0006650877185165882,0,-13,-1001,2,0,1,0.01517920196056366,0.002507864497601986,0.00014561285206582397,0.0006062576430849731,63,3135,0.020244598388671875,12.312,28.75,91,6,10,1.21,831,0.003832843853160739,9.454812970943749e-05,0.006974879652261734,1500,1500,1000,1500,1800,1000,1000,1800
1783917709.4841,18.7000,0.01994,50.15,936,125960,0.921,GUIDED,GUIDED,128,9.350022673606873,0.0,10.0,0.5,0.0,0.0,nan,nan,nan,nan,nan,nan,nan,nan,nan,nan,0.1435202254709298,-0.02546464167105797,9.041740915006948e-05,0,0,9.18669319152832,0.053335223346948624,9.99875545501709,0.5114368796348572,-0.016091087833046913,0.0006663358653895557,0,-13,-1001,0,3,1,0.015167019329965115,0.002546983305364847,0.00015146566147450358,0.0006599810440093279,63,3135,0.019834518432617188,12.312,28.75,91,6,10,1.21,831,0.003832843853160739,9.454812970943749e-05,0.006974879652261734,1500,1500,1000,1500,1800,1000,1000,1800
1783917709.5036,18.7200,0.01950,51.29,937,125960,0.940,GUIDED,GUIDED,128,9.36002266407013,0.0,10.0,0.5,0.0,0.0,nan,nan,nan,nan,nan,nan,nan,nan,nan,nan,0.15352021593418663,-0.02546464167105797,9.041740915006948e-05,0,0,9.18669319152832,0.053335223346948624,9.99875545501709,0.5114368796348572,-0.016091087833046913,0.0006663358653895557,0,-13,-1001,0,3,1,0.01520509459078312,0.0025139846839010715,0.00015574699500575662,0.0005678238812834024,63,3135,0.019834518432617188,12.312,28.75,91,6,10,1.21,831,0.003832843853160739,9.454812970943749e-05,0.006974879652261734,1500,1500,1000,1500,1800,1000,1000,1800
1783917709.5243,18.7400,0.02065,48.44,938,126000,0.961,GUIDED,GUIDED,128,9.370022535324097,0.0,10.0,0.5,0.0,0.0,nan,nan,nan,nan,nan,nan,nan,nan,nan,nan,0.1433840532448818,-0.025196971724448233,0.00015721286629132372,0,0,9.206790924072266,0.05324613302946091,9.99875259399414,0.5114589929580688,-0.016194190829992294,0.0006294233025982976,0,-13,-1001,0,3,1,0.015171399340033531,0.0025524389930069447,0.00015915259427856654,0.0004971628077328205,63,3135,0.020549774169921875,12.312,28.75,91,6,10,1.21,831,0.0038714210968464613,9.635797323426232e-05,0.0069545963779091835,1500,1500,1000,1500,1800,1000,1000,1800
1783917709.5435,18.7600,0.01922,52.03,939,126000,0.980,GUIDED,GUIDED,128,9.380005121231079,0.0,10.0,0.5,0.0,0.0,nan,nan,nan,nan,nan,nan,nan,nan,nan,nan,0.15336663915186421,-0.025196971724448233,0.00015721286629132372,0,0,9.206790924072266,0.05324613302946091,9.99875259399414,0.5114589929580688,-0.016194190829992294,0.0006294233025982976,0,-13,-1001,0,3,1,0.015171399340033531,0.0025524389930069447,0.00015915259427856654,0.0004971628077328205,63,3135,0.020549774169921875,12.312,28.75,91,6,10,1.21,831,0.0038714210968464613,9.635797323426232e-05,0.0069545963779091835,1500,1500,1000,1500,1800,1000,1000,1800
1783917709.5642,18.7800,0.02069,48.33,940,126040,0.000,GUIDED,GUIDED,128,9.389999508857727,0.0,10.0,0.5,0.0,0.0,nan,nan,nan,nan,nan,nan,nan,nan,nan,nan,0.14349441381217765,-0.02549338488096383,0.0001161155407596909,0,0,9.22676944732666,0.053362105041742325,9.998744010925293,0.5113943815231323,-0.016090013086795807,0.0006581062916666269,0,-13,-1001,0,3,1,0.015146656893193722,0.0025520632043480873,0.00015932651876937598,0.0006129223038442433,63,3135,0.020604372024536133,12.312,28.75,91,6,10,1.21,831,0.0038714210968464613,9.635797323426232e-05,0.0069545963779091835,1500,1500,1000,1500,1800,1000,1000,1800
1783917709.5834,18.8000,0.01926,51.93,941,126040,0.020,GUIDED,GUIDED,128,9.399999499320984,0.0,10.0,0.5,0.0,0.0,nan,nan,nan,nan,nan,nan,nan,nan,nan,nan,0.15349440427543448,-0.02549338488096383,0.0001161155407596909,0,0,9.22676944732666,0.053362105041742325,9.998744010925293,0.5113943815231323,-0.016090013086795807,0.0006581062916666269,0,-13,-1001,0,3,1,0.015146656893193722,0.0025520632043480873,0.00015932651876937598,0.0006129223038442433,63,3135,0.020604372024536133,12.312,28.75,91,6,10,1.21,831,0.0038714210968464613,9.635797323426232e-05,0.0069545963779091835,1500,1500,1000,1500,1800,1000,1000,1800
1783917709.6041,18.8200,0.02064,48.45,942,126060,0.040,GUIDED,GUIDED,128,9.40999984741211,0.0,10.0,0.5,0.0,0.0,nan,nan,nan,nan,nan,nan,nan,nan,nan,nan,0.15364027332232702,-0.025763405954897095,0.00010013512861412142,0,0,9.236714363098145,0.05349241569638252,9.998736381530762,0.5113421678543091,-0.01600935123860836,0.0006717374199070036,0,-13,-1001,0,3,1,0.01513590570539236,0.002546625677496195,0.00016237678937613964,0.000595783581957221,63,3135,0.020308256149291992,12.312,28.78,91,6,10,1.21,831,0.0038714210968464613,9.635797323426232e-05,0.0069545963779091835,1500,1500,1000,1500,1800,1000,1000,1800
1783917709.6239,18.8400,0.01979,50.52,943,126100,0.060,GUIDED,GUIDED,128,9.419999122619629,0.0,10.0,0.5,0.0,0.0,nan,nan,nan,nan,nan,nan,nan,nan,nan,nan,0.1435382894637556,-0.025688212404295727,8.692197122935085e-05,0,0,9.256780624389648,0.05345672369003296,9.998735427856445,0.5113623738288879,-0.016032157465815544,0.0006799166440032423,0,-13,-1001,1,1,1,0.015150051563978195,0.002525181509554386,0.00016315490938723087,0.0005812157178297639,63,3135,0.019708871841430664,12.312,28.78,91,6,10,1.21,831,0.0038714210968464613,9.384706936543807e-05,0.0069545963779091835,1500,1500,1000,1500,1800,1000,1000,1800
1783917709.6436,18.8600,0.01969,50.79,944,126100,0.080,GUIDED,GUIDED,128,9.430001735687256,0.0,10.0,0.5,0.0,0.0,nan,nan,nan,nan,nan,nan,nan,nan,nan,nan,0.15354090253138256,-0.025688212404295727,8.692197122935085e-05,0,0,9.256780624389648,0.05345672369003296,9.998735427856445,0.5113623738288879,-0.016032157465815544,0.0006799166440032423,0,-13,-1001,1,1,1,0.015150037594139576,0.0025522769428789616,0.0001647273893468082,0.000564692250918597,63,3135,0.019708871841430664,12.312,28.78,91,6,10,1.21,831,0.0038714210968464613,9.384706936543807e-05,0.0069545963779091835,1500,1500,1000,1500,1800,1000,1000,1800
1783917709.6641,18.8800,0.02051,48.76,945,126140,0.100,GUIDED,GUIDED,128,9.4399995803833,0.0,10.0,0.5,0.0,0.0,nan,nan,nan,nan,nan,nan,nan,nan,nan,nan,0.1433565075430158,-0.02543418447121411,7.376282169596214e-05,0,0,9.27689266204834,0.05333935096859932,9.998735427856445,0.5114029049873352,-0.01611105538904667,0.0006875140825286508,0,-13,-1001,0,2,1,0.015137807466089725,0.0025454149581491947,0.000165642355568707,0.000514000013936311,63,3135,0.020418643951416016,12.312,28.78,91,6,10,1.21,831,0.0038714210968464613,9.384706936543807e-05,0.0069545963779091835,1500,1500,1000,1500,1800,1000,1000,1800
1783917709.6835,18.9000,0.01946,51.37,946,126140,0.120,GUIDED,GUIDED,128,9.450002431869507,0.0,10.0,0.5,0.0,0.0,nan,nan,nan,nan,nan,nan,nan,nan,nan,nan,0.15335935902922185,-0.02543418447121411,7.376282169596214e-05,0,0,9.27689266204834,0.05333935096859932,9.998735427856445,0.5114029049873352,-0.01611105538904667,0.0006875140825286508,0,-13,-1001,0,2,1,0.015137807466089725,0.0025454149581491947,0.000165642355568707,0.000514000013936311,63,3135,0.020418643951416016,12.312,28.78,91,6,10,1.21,831,0.0038714210968464613,9.384706936543807e-05,0.0069545963779091835,1500,1500,1000,1500,1800,1000,1000,1800
1783917709.7041,18.9200,0.02055,48.67,947,126180,0.140,GUIDED,GUIDED,128,9.459999442100525,0.0,10.0,0.5,0.0,0.0,nan,nan,nan,nan,nan,nan,nan,nan,nan,nan,0.1430399373059747,-0.02494603607688406,8.403463461872213e-05,0,0,9.297056198120117,0.05314365401864052,9.998738288879395,0.5114911794662476,-0.016279902309179306,0.0006799318362027407,0,-13,-1000,0,2,0,0.015119344927370548,0.002568400464951992,0.00017033414042089134,0.00046478043077513576,63,3135,0.020495891571044922,12.312,28.75,91,6,10,1.21,831,0.0038714210968464613,9.384706936543807e-05,0.0069545963779091835,1500,1500,1000,1500,1800,1000,1000,1800
1783917709.7235,18.9400,0.01945,51.41,948,126180,0.160,GUIDED,GUIDED,128,9.470017671585083,0.0,10.0,0.5,0.0,0.0,nan,nan,nan,nan,nan,nan,nan,nan,nan,nan,0.1530581667905328,-0.02494603607688406,8.403463461872213e-05,0,0,9.297056198120117,0.05314365401864052,9.998738288879395,0.5114911794662476,-0.016279902309179306,0.0006799318362027407,0,-13,-1000,0,2,0,0.015119344927370548,0.002568400464951992,0.00017033414042089134,0.00046478043077513576,63,3135,0.020495891571044922,12.312,28.75,91,6,10,1.21,831,0.0038714210968464613,9.384706936543807e-05,0.0069545963779091835,1500,1500,1000,1500,1800,1000,1000,1800
1783917709.7440,18.9600,0.02048,48.82,949,126200,0.180,GUIDED,GUIDED,128,9.480000615119934,0.0,10.0,0.5,0.0,0.0,nan,nan,nan,nan,nan,nan,nan,nan,nan,nan,0.15321021461263917,-0.02516932374888083,0.000123721700030704,0,0,9.307015419006348,0.05323409661650658,9.99873161315918,0.5114170908927917,-0.016203204169869423,0.0006608727271668613,0,-13,-1001,0,3,0,0.015098110772669315,0.0025846906937658787,0.00016935750318225473,0.0004500042414292693,63,3135,0.02019810676574707,12.312,28.75,91,6,10,1.21,831,0.0039097703993320465,9.55081413849257e-05,0.006958783604204655,1500,1500,1000,1500,1800,1000,1000,1800
1783917709.7640,18.9800,0.01997,50.06,950,126240,0.200,GUIDED,GUIDED,128,9.490001440048218,0.0,10.0,0.5,0.0,0.0,nan,nan,nan,nan,nan,nan,nan,nan,nan,nan,0.143376292433444,-0.025433684126919282,2.5983803584497377e-05,0,0,9.326987266540527,0.053349029272794724,9.998724937438965,0.51133793592453,-0.016116932034492493,0.0007211559568531811,0,-13,-1001,3,0,1,0.015132153406739235,0.0025466426741331816,0.0001664887968217954,0.0004757856368087232,63,3135,0.01988673210144043,12.312,28.75,91,6,10,1.21,831,0.0039097703993320465,9.55081413849257e-05,0.006958783604204655,1500,1500,1000,1500,1800,1000,1000,1800
1783917709.7836,19.0000,0.01958,51.08,951,126240,0.220,GUIDED,GUIDED,128,9.500011444091797,0.0,10.0,0.5,0.0,0.0,nan,nan,nan,nan,nan,nan,nan,nan,nan,nan,0.1533862964770231,-0.025433684126919282,2.5983803584497377e-05,0,0,9.326987266540527,0.053349029272794724,9.998724937438965,0.51133793592453,-0.016116932034492493,0.0007211559568531811,0,-13,-1001,3,0,1,0.01510052103549242,0.002576190512627363,0.00016486024833284318,0.0004347657086327672,63,3135,0.01988673210144043,12.312,28.78,91,6,10,1.21,831,0.0039097703993320465,9.55081413849257e-05,0.006958783604204655,1500,1500,1000,1500,1800,1000,1000,1800
1783917709.8042,19.0201,0.02061,48.52,952,126280,0.240,GUIDED,GUIDED,128,9.510025978088379,0.0,10.0,0.5,0.0,0.0,nan,nan,nan,nan,nan,nan,nan,nan,nan,nan,0.14340338304071326,-0.025487943789487114,5.097660121982533e-05,0,0,9.34701919555664,0.053367823362350464,9.998723030090332,0.511318027973175,-0.016096455976366997,0.0007078275666572154,0,-13,-1000,2,0,1,0.015120131894946098,0.0025312884245067835,0.00016322365263476968,0.0004748975043185055,63,3135,0.0205228328704834,12.312,28.78,91,6,10,1.21,831,0.0039097703993320465,9.55081413849257e-05,0.006958783604204655,1500,1500,1000,1500,1800,1000,1000,1800
1783917709.8235,19.0400,0.01931,51.78,953,126280,0.260,GUIDED,GUIDED,128,9.52000606060028,0.0,10.0,0.5,0.0,0.0,nan,nan,nan,nan,nan,nan,nan,nan,nan,nan,0.15338346555261512,-0.025487943789487114,5.097660121982533e-05,0,0,9.34701919555664,0.053367823362350464,9.998723030090332,0.511318027973175,-0.016096455976366997,0.0007078275666572154,0,-13,-1000,2,0,1,0.015120131894946098,0.0025312884245067835,0.00016322365263476968,0.0004748975043185055,63,3135,0.0205228328704834,12.312,28.78,91,6,10,1.21,831,0.0039097703993320465,9.55081413849257e-05,0.006958783604204655,1500,1500,1000,1500,1800,1000,1000,1800
1783917709.8442,19.0601,0.02074,48.21,954,126320,0.280,GUIDED,GUIDED,128,9.530025959014893,0.0,10.0,0.5,0.0,0.0,nan,nan,nan,nan,nan,nan,nan,nan,nan,nan,0.1433595104998294,-0.02526713126174313,6.87604328828775e-05,0,0,9.36708927154541,0.053303416818380356,9.998722076416016,0.5113028883934021,-0.016186757013201714,0.0006981106707826257,0,-13,-1001,3,0,0,0.015122130513191223,0.0025196813512593508,0.00015981259639374912,0.00043619610369205475,63,3135,0.020656585693359375,12.312,28.78,91,6,10,1.21,831,0.0039097703993320465,9.30560490814969e-05,0.006958783604204655,1500,1500,1000,1500,1800,1000,1000,1800
1783917709.8635,19.0800,0.01923,51.99,955,126320,0.300,GUIDED,GUIDED,128,9.540007591247559,0.0,10.0,0.5,0.0,0.0,nan,nan,nan,nan,nan,nan,nan,nan,nan,nan,0.1533411427324954,-0.02526713126174313,6.87604328828775e-05,0,0,9.36708927154541,0.053303416818380356,9.998722076416016,0.5113028883934021,-0.016186757013201714,0.0006981106707826257,0,-13,-1001,3,0,0,0.015122130513191223,0.0025196813512593508,0.00015981259639374912,0.00043619610369205475,63,3135,0.020656585693359375,12.312,28.78,91,6,10,1.21,831,0.0039097703993320465,9.30560490814969e-05,0.006958783604204655,1500,1500,1000,1500,1800,1000,1000,1800
1783917709.8841,19.1000,0.02066,48.41,956,126360,0.320,GUIDED,GUIDED,128,9.55002474784851,0.0,10.0,0.5,0.0,0.0,nan,nan,nan,nan,nan,nan,nan,nan,nan,nan,0.14340430497585893,-0.02520677136965507,4.951703473546126e-06,0,0,9.387113571166992,0.053305432200431824,9.998716354370117,0.5112622976303101,-0.016222769394516945,0.0007382542826235294,0,-13,-1001,3,0,0,0.01512643788009882,0.0025303554721176624,0.00015786757285241038,0.000375066592823714,63,3135,0.020314931869506836,12.312,28.78,91,6,10,1.21,831,0.0039097703993320465,9.30560490814969e-05,0.006958783604204655,1500,1500,1000,1500,1800,1000,1000,1800
1783917709.9040,19.1201,0.01990,50.25,957,126380,0.340,GUIDED,GUIDED,128,9.560025572776794,0.0,10.0,0.5,0.0,0.0,nan,nan,nan,nan,nan,nan,nan,nan,nan,nan,0.14312426695997682,-0.024785443139054533,5.994424702840222e-06,0,0,9.39724349975586,0.053122058510780334,9.998723983764648,0.5113494396209717,-0.016360152512788773,0.0007332474342547357,0,-13,-1001,0,2,0,0.015097909606993198,0.002554722595959902,0.00015949142107274383,0.00041504099499434233,63,3135,0.019811630249023438,12.312,28.78,91,6,10,1.21,831,0.0039097703993320465,9.30560490814969e-05,0.006958783604204655,1500,1500,1000,1500,1800,1000,1000,1800
1783917709.9236,19.1400,0.01953,51.20,958,126380,0.360,GUIDED,GUIDED,128,9.570006012916565,0.0,10.0,0.5,0.0,0.0,nan,nan,nan,nan,nan,nan,nan,nan,nan,nan,0.15310470709974733,-0.024785443139054533,5.994424702840222e-06,0,0,9.39724349975586,0.053122058510780334,9.998723983764648,0.5113494396209717,-0.016360152512788773,0.0007332474342547357,0,-13,-1001,0,2,0,0.015118745155632496,0.002530114958062768,0.00015797183732502162,0.0003473186516202986,63,3135,0.019811630249023438,12.312,28.78,91,6,10,1.21,831,0.0039097703993320465,9.30560490814969e-05,0.006958783604204655,1500,1500,1000,1500,1800,1000,1000,1800
1783917709.9442,19.1600,0.02066,48.40,959,126420,0.380,GUIDED,GUIDED,128,9.58002245426178,0.0,10.0,0.5,0.0,0.0,nan,nan,nan,nan,nan,nan,nan,nan,nan,nan,0.14314132404373506,-0.02481278013810168,1.037455177780775e-05,0,0,9.417252540588379,0.05313976854085922,9.998722076416016,0.5113325715065002,-0.016354594379663467,0.0007318197749555111,0,-13,-1001,0,1,0,0.015069019049406052,0.0025382775347679853,0.0001530832814751193,0.0003593850415199995,63,3135,0.02057814598083496,12.312,28.78,91,6,10,1.21,831,0.003945134114474058,9.48736269492656e-05,0.006649680435657501,1500,1500,1000,1500,1800,1000,1000,1800
1783917709.9636,19.1800,0.01937,51.64,960,126420,0.400,GUIDED,GUIDED,128,9.590022683143616,0.0,10.0,0.5,0.0,0.0,nan,nan,nan,nan,nan,nan,nan,nan,nan,nan,0.153141552925571,-0.02481278013810168,1.037455177780775e-05,0,0,9.417252540588379,0.05313976854085922,9.998722076416016,0.5113325715065002,-0.016354594379663467,0.0007318197749555111,0,-13,-1001,0,1,0,0.015069019049406052,0.0025382775347679853,0.0001530832814751193,0.0003593850415199995,63,3135,0.02057814598083496,12.312,28.78,91,6,10,1.21,831,0.003945134114474058,9.48736269492656e-05,0.006649680435657501,1500,1500,1000,1500,1800,1000,1000,1800
1783917709.9841,19.2000,0.02052,48.73,961,126460,0.420,GUIDED,GUIDED,128,9.600000739097595,0.0,10.0,0.5,0.0,0.0,nan,nan,nan,nan,nan,nan,nan,nan,nan,nan,0.14393988905115476,-0.025359273461636838,7.653441621211388e-05,0,0,9.436671257019043,0.05343195050954819,9.99870777130127,0.5111945867538452,-0.01620776765048504,0.000701881421264261,0,-13,-1001,0,1,0,0.01503351703286171,0.002535936888307333,0.00014554124209098518,0.0003848890191875398,63,3135,0.020435094833374023,12.312,28.78,91,6,10,1.21,831,0.003945134114474058,9.48736269492656e-05,0.006649680435657501,1500,1500,1000,1500,1800,1000,1000,1800
1783917710.0036,19.2200,0.01945,51.42,962,126460,0.440,GUIDED,GUIDED,128,9.610019087791443,0.0,10.0,0.5,0.0,0.0,nan,nan,nan,nan,nan,nan,nan,nan,nan,nan,0.15395823774500242,-0.025359273461636838,7.653441621211388e-05,0,0,9.436671257019043,0.05343195050954819,9.99870777130127,0.5111945867538452,-0.01620776765048504,0.000701881421264261,0,-13,-1001,0,1,0,0.01503351703286171,0.002535936888307333,0.00014554124209098518,0.0003848890191875398,63,3135,0.020435094833374023,12.312,28.78,91,6,10,1.21,831,0.003945134114474058,9.48736269492656e-05,0.006649680435657501,1500,1500,1000,1500,1800,1000,1000,1800
1783917710.0241,19.2400,0.02055,48.65,963,126480,0.460,GUIDED,GUIDED,128,9.620000720024109,0.0,10.0,0.5,0.0,0.0,nan,nan,nan,nan,nan,nan,nan,nan,nan,nan,0.1538302230213683,-0.025082602135723196,1.084911191697683e-05,0,0,9.446759223937988,0.05331294983625412,9.998712539672852,0.511207103729248,-0.016298798844218254,0.000737051828764379,0,-13,-1001,0,0,0,0.01502100471407175,0.00251963478513062,0.00014103301509749144,0.00042446021689102054,63,3135,0.020194053649902344,12.312,28.78,91,6,10,1.21,831,0.003945134114474058,9.48736269492656e-05,0.006649680435657501,1500,1500,1000,1500,1800,1000,1000,1800
1783917710.0439,19.2600,0.01979,50.54,964,126520,0.480,GUIDED,GUIDED,128,9.630004048347473,0.0,10.0,0.5,0.0,0.0,nan,nan,nan,nan,nan,nan,nan,nan,nan,nan,0.1437494247131395,-0.024915567171670823,2.466896486136511e-05,0,0,9.466821670532227,0.053228557109832764,9.998714447021484,0.5112196207046509,-0.016346512362360954,0.0007279717247001827,0,-13,-1001,1,2,0,0.01503592636436224,0.002533845603466034,0.00013967508857604116,0.0004129490116611123,63,3135,0.019702672958374023,12.312,28.78,91,6,10,1.21,831,0.003945134114474058,9.271100134355947e-05,0.006649680435657501,1500,1500,1000,1500,1800,1000,1000,1800
1783917710.0637,19.2800,0.01975,50.63,965,126520,0.500,GUIDED,GUIDED,128,9.64000415802002,0.0,10.0,0.5,0.0,0.0,nan,nan,nan,nan,nan,nan,nan,nan,nan,nan,0.1537495343856859,-0.024915567171670823,2.466896486136511e-05,0,0,9.466821670532227,0.053228557109832764,9.998714447021484,0.5112196207046509,-0.016346512362360954,0.0007279717247001827,0,-13,-1001,1,2,0,0.015045319683849812,0.0024922951124608517,0.00013991606829222292,0.0004900446510873735,63,3135,0.019702672958374023,12.312,28.78,91,6,10,1.21,831,0.003945134114474058,9.271100134355947e-05,0.006649680435657501,1500,1500,1000,1500,1800,1000,1000,1800
1783917710.0840,19.3000,0.02039,49.06,966,126560,0.520,GUIDED,GUIDED,128,9.65000033378601,0.0,10.0,0.5,0.0,0.0,nan,nan,nan,nan,nan,nan,nan,nan,nan,nan,0.14379116483518506,-0.024853038840332152,-4.084950867363872e-05,0,0,9.486839294433594,0.05320985987782478,9.998710632324219,0.5111832022666931,-0.016371818259358406,0.000768001249525696,0,-13,-1001,1,3,0,0.015046835877001286,0.002528922399505973,0.00014097146049607545,0.000444491277448833,63,3135,0.020298480987548828,12.312,28.78,91,6,10,1.21,831,0.003945134114474058,9.271100134355947e-05,0.006649680435657501,1500,1500,1000,1500,1800,1000,1000,1800
1783917710.1035,19.3200,0.01949,51.31,967,126560,0.540,GUIDED,GUIDED,128,9.66002082824707,0.0,10.0,0.5,0.0,0.0,nan,nan,nan,nan,nan,nan,nan,nan,nan,nan,0.15381165929624463,-0.024853038840332152,-4.084950867363872e-05,0,0,9.486839294433594,0.05320985987782478,9.998710632324219,0.5111832022666931,-0.016371818259358406,0.000768001249525696,0,-13,-1001,1,3,0,0.015046835877001286,0.002528922399505973,0.00014097146049607545,0.000444491277448833,63,3135,0.020298480987548828,12.312,28.78,91,6,10,1.21,831,0.003945134114474058,9.271100134355947e-05,0.006649680435657501,1500,1500,1000,1500,1800,1000,1000,1800
1783917710.1241,19.3400,0.02057,48.62,968,126580,0.560,GUIDED,GUIDED,128,9.670016050338745,0.0,10.0,0.5,0.0,0.0,nan,nan,nan,nan,nan,nan,nan,nan,nan,nan,0.15355179836333505,-0.024455566078248014,-4.543448315279274e-05,0,0,9.496966361999512,0.0530204251408577,9.99871826171875,0.5112571120262146,-0.016491929069161415,0.0007662435527890921,0,-13,-1000,0,3,1,0.015029877424240112,0.0025174885522574186,0.00014523224672302604,0.0004977555363439023,63,3135,0.02023458480834961,12.312,28.78,91,6,10,1.21,831,0.004010678734630346,9.472002420807257e-05,0.006703926250338554,1500,1500,1000,1500,1800,1000,1000,1800
1783917710.1437,19.3601,0.01955,51.15,969,126600,0.580,GUIDED,GUIDED,128,9.680025696754456,0.0,10.0,0.5,0.0,0.0,nan,nan,nan,nan,nan,nan,nan,nan,nan,nan,0.1537333753217122,-0.024614746293937916,4.205368651592268e-05,0,0,9.506916046142578,0.05309683084487915,9.998712539672852,0.5111868977546692,-0.016444139182567596,0.0007190358592197299,0,-13,-1000,0,3,1,0.015029877424240112,0.0025174885522574186,0.00014523224672302604,0.0004977555363439023,63,3135,0.0194246768951416,12.312,28.78,91,6,10,1.21,831,0.004010678734630346,9.472002420807257e-05,0.006703926250338554,1500,1500,1000,1500,1800,1000,1000,1800
1783917710.1641,19.3800,0.02047,48.84,970,126620,0.600,GUIDED,GUIDED,128,9.690000414848328,0.0,10.0,0.5,0.0,0.0,nan,nan,nan,nan,nan,nan,nan,nan,nan,nan,0.15368015998319623,-0.024455736469140406,5.8505882855366216e-05,0,0,9.516965866088867,0.053027331829071045,9.9987154006958,0.5111742615699768,-0.01649581827223301,0.0007078853668645024,0,-13,-1001,1,2,0,0.01505210530012846,0.0025018337182700634,0.00013901486818213016,0.000400019867811352,63,3135,0.020100831985473633,12.312,28.78,91,6,10,1.21,831,0.004010678734630346,9.472002420807257e-05,0.006703926250338554,1500,1500,1000,1500,1800,1000,1000,1800
1783917710.1840,19.4000,0.01986,50.36,971,126660,0.620,GUIDED,GUIDED,128,9.699999570846558,0.0,10.0,0.5,0.0,0.0,nan,nan,nan,nan,nan,nan,nan,nan,nan,nan,0.144135717883616,-0.02507434132419404,0.00013397264805229412,0,0,9.536796569824219,0.05329817533493042,9.998700141906738,0.5110085010528564,-0.016295038163661957,0.0006731242756359279,0,-13,-1000,4,0,0,0.015107313171029091,0.002457110211253166,0.00013569263683166355,0.000405076309107244,63,3135,0.019752979278564453,12.312,28.78,91,6,10,1.21,831,0.004010678734630346,9.472002420807257e-05,0.006703926250338554,1500,1500,1000,1500,1800,1000,1000,1800
1783917710.2035,19.4200,0.01956,51.13,972,126660,0.640,GUIDED,GUIDED,128,9.710000872612,0.0,10.0,0.5,0.0,0.0,nan,nan,nan,nan,nan,nan,nan,nan,nan,nan,0.1541370196490579,-0.02507434132419404,0.00013397264805229412,0,0,9.536796569824219,0.05329817533493042,9.998700141906738,0.5110085010528564,-0.016295038163661957,0.0006731242756359279,0,-13,-1000,4,0,0,0.015105430968105793,0.0024763261899352074,0.00013428290549200028,0.00042553432285785675,63,3135,0.019752979278564453,12.312,28.78,91,6,10,1.21,831,0.004010678734630346,9.472002420807257e-05,0.006703926250338554,1500,1500,1000,1500,1800,1000,1000,1800
1783917710.2241,19.4400,0.02053,48.71,973,126700,0.660,GUIDED,GUIDED,128,9.720000267028809,0.0,10.0,0.5,0.0,0.0,nan,nan,nan,nan,nan,nan,nan,nan,nan,nan,0.14404131346428492,-0.024982817060521956,0.00018014992054095607,0,0,9.556836128234863,0.05323604494333267,9.998696327209473,0.5110405683517456,-0.0163120087236166,0.0006486662314273417,0,-13,-1001,4,0,0,0.015170007012784481,0.0024398125242441893,0.00013123998360242695,0.00040888297371566296,63,3135,0.020447492599487305,12.312,28.78,91,6,10,1.21,831,0.004010678734630346,9.233706805389374e-05,0.006703926250338554,1500,1500,1000,1500,1800,1000,1000,1800
1783917710.2436,19.4600,0.01948,51.34,974,126700,0.680,GUIDED,GUIDED,128,9.730019688606262,0.0,10.0,0.5,0.0,0.0,nan,nan,nan,nan,nan,nan,nan,nan,nan,nan,0.15406073504173853,-0.024982817060521956,0.00018014992054095607,0,0,9.556836128234863,0.05323604494333267,9.998696327209473,0.5110405683517456,-0.0163120087236166,0.0006486662314273417,0,-13,-1001,4,0,0,0.015170007012784481,0.0024398125242441893,0.00013123998360242695,0.00040888297371566296,63,3135,0.020447492599487305,12.312,28.78,91,6,10,1.21,831,0.004010678734630346,9.233706805389374e-05,0.006703926250338554,1500,1500,1000,1500,1800,1000,1000,1800
1783917710.2641,19.4800,0.02059,48.57,975,126740,0.700,GUIDED,GUIDED,128,9.740018486976624,0.0,10.0,0.5,0.0,0.0,nan,nan,nan,nan,nan,nan,nan,nan,nan,nan,0.14385225482269678,-0.024753366499513783,7.391350312016477e-05,0,0,9.576926231384277,0.053094472736120224,9.998696327209473,0.5111082196235657,-0.016362745314836502,0.000710001855622977,0,-13,-1001,3,3,0,0.015199386514723301,0.0024647770915180445,0.00012477739073801786,0.00031422171741724014,63,3135,0.020537137985229492,12.312,28.78,91,6,10,1.21,831,0.004010678734630346,9.233706805389374e-05,0.006703926250338554,1500,1500,1000,1500,1800,1000,1000,1800
1783917710.2836,19.5001,0.01945,51.41,976,126740,0.720,GUIDED,GUIDED,128,9.750025629997253,0.0,10.0,0.5,0.0,0.0,nan,nan,nan,nan,nan,nan,nan,nan,nan,nan,0.15385939784332667,-0.024753366499513783,7.391350312016477e-05,0,0,9.576926231384277,0.053094472736120224,9.998696327209473,0.5111082196235657,-0.016362745314836502,0.000710001855622977,0,-13,-1001,3,3,0,0.015199386514723301,0.0024647770915180445,0.00012477739073801786,0.00031422171741724014,63,3135,0.020537137985229492,12.312,28.78,91,6,10,1.21,831,0.004010678734630346,9.233706805389374e-05,0.006703926250338554,1500,1500,1000,1500,1800,1000,1000,1800
1783917710.3042,19.5200,0.02061,48.53,977,126760,0.740,GUIDED,GUIDED,128,9.760018944740295,0.0,10.0,0.5,0.0,0.0,nan,nan,nan,nan,nan,nan,nan,nan,nan,nan,0.15381544163984232,-0.024682192053486512,5.0545622191746405e-05,0,0,9.586941719055176,0.05306684225797653,9.99869441986084,0.5111207962036133,-0.016387885436415672,0.0007245945162139833,0,-13,-1000,3,3,0,0.015198932960629463,0.0024783576373010874,0.00012404890730977058,0.00037918007001280785,63,3135,0.02023911476135254,12.312,28.75,91,6,10,1.21,831,0.004010678734630346,9.233706805389374e-05,0.006703926250338554,1500,1500,1000,1500,1800,1000,1000,1800
1783917710.3239,19.5400,0.01969,50.79,978,126800,0.760,GUIDED,GUIDED,128,9.769999504089355,0.0,10.0,0.5,0.0,0.0,nan,nan,nan,nan,nan,nan,nan,nan,nan,nan,0.14362575422651022,-0.024510247405906117,6.46291696857551e-05,0,0,9.607008934020996,0.052954062819480896,9.99869155883789,0.5111802816390991,-0.01642204448580742,0.0007181151886470616,0,-13,-1001,0,0,0,0.015171102248132229,0.0024337456561625004,0.00012250547297298908,0.00038111209869384766,63,3135,0.019603967666625977,12.312,28.75,91,6,10,1.21,831,0.0040685697458684444,0.00018374192586634308,0.006916862912476063,1500,1500,1000,1500,1800,1000,1000,1800
1783917710.3436,19.5600,0.01973,50.68,979,126800,0.780,GUIDED,GUIDED,128,9.78001868724823,0.0,10.0,0.5,0.0,0.0,nan,nan,nan,nan,nan,nan,nan,nan,nan,nan,0.15364493738538473,-0.024510247405906117,6.46291696857551e-05,0,0,9.607008934020996,0.052954062819480896,9.99869155883789,0.5111802816390991,-0.01642204448580742,0.0007181151886470616,0,-13,-1001,0,0,0,0.01523121539503336,0.002473402302712202,0.00011878083023475483,0.00041845301166176796,63,3135,0.019603967666625977,12.312,28.75,91,6,10,1.21,831,0.0040685697458684444,0.00018374192586634308,0.006916862912476063,1500,1500,1000,1500,1800,1000,1000,1800
1783917710.3641,19.5800,0.02047,48.84,980,126840,0.800,GUIDED,GUIDED,128,9.790018081665039,0.0,10.0,0.5,0.0,0.0,nan,nan,nan,nan,nan,nan,nan,nan,nan,nan,0.14374209438411306,-0.024734224863202436,4.323272594827874e-05,0,0,9.626943588256836,0.05304534360766411,9.998676300048828,0.5111615657806396,-0.0163454320281744,0.0007392780971713364,0,-13,-1001,1,0,1,0.01520352903753519,0.0024289852008223534,0.00011623372120084241,0.0004778321599587798,63,3135,0.02039170265197754,12.312,28.75,91,6,10,1.21,831,0.0040685697458684444,0.00018374192586634308,0.006916862912476063,1500,1500,1000,1500,1800,1000,1000,1800
1783917710.3835,19.6000,0.01940,51.54,981,126840,0.820,GUIDED,GUIDED,128,9.799999952316284,0.0,10.0,0.5,0.0,0.0,nan,nan,nan,nan,nan,nan,nan,nan,nan,nan,0.15372396503535818,-0.024734224863202436,4.323272594827874e-05,0,0,9.626943588256836,0.05304534360766411,9.998676300048828,0.5111615657806396,-0.0163454320281744,0.0007392780971713364,0,-13,-1001,1,0,1,0.01520352903753519,0.0024289852008223534,0.00011623372120084241,0.0004778321599587798,63,3135,0.02039170265197754,12.312,28.75,91,6,10,1.21,831,0.0040685697458684444,0.00018374192586634308,0.006916862912476063,1500,1500,1000,1500,1800,1000,1000,1800
1783917710.4041,19.6200,0.02063,48.47,982,126880,0.840,GUIDED,GUIDED,128,9.809999227523804,0.0,10.0,0.5,0.0,0.0,nan,nan,nan,nan,nan,nan,nan,nan,nan,nan,0.143281132086936,-0.024786754572435007,-6.660088516329964e-05,0,0,9.647369384765625,0.0530269518494606,9.998669624328613,0.5111709833145142,-0.016304485499858856,0.0008065447909757495,0,-13,-1001,1,0,1,0.015206641517579556,0.0024278101045638323,0.00011543623986653984,0.00047490367433056235,63,3135,0.02054452896118164,12.312,28.78,91,6,10,1.21,831,0.0040685697458684444,0.00018374192586634308,0.006916862912476063,1500,1500,1000,1500,1800,1000,1000,1800
1783917710.4235,19.6400,0.01936,51.66,983,126880,0.860,GUIDED,GUIDED,128,9.8200181722641,0.0,10.0,0.5,0.0,0.0,nan,nan,nan,nan,nan,nan,nan,nan,nan,nan,0.1533000768272314,-0.024786754572435007,-6.660088516329964e-05,0,0,9.647369384765625,0.0530269518494606,9.998669624328613,0.5111709833145142,-0.016304485499858856,0.0008065447909757495,0,-13,-1001,1,0,1,0.015206641517579556,0.0024278101045638323,0.00011543623986653984,0.00047490367433056235,63,3135,0.02054452896118164,12.312,28.78,91,6,10,1.21,831,0.0040685697458684444,0.00018374192586634308,0.006916862912476063,1500,1500,1000,1500,1800,1000,1000,1800
1783917710.4441,19.6600,0.02060,48.56,984,126900,0.880,GUIDED,GUIDED,128,9.829999327659607,0.0,10.0,0.5,0.0,0.0,nan,nan,nan,nan,nan,nan,nan,nan,nan,nan,0.15339060037189634,-0.02496557422226054,-0.00012573974278829152,0,0,9.657319068908691,0.05308737978339195,9.998659133911133,0.5111368894577026,-0.016236132010817528,0.0008467452717013657,0,-13,-1000,2,0,1,0.01519790105521679,0.0024321088567376137,0.00011492094199638814,0.0005387822166085243,63,3135,0.020261287689208984,12.312,28.78,91,6,10,1.21,831,0.0040685697458684444,0.00017208112694788724,0.006916862912476063,1500,1500,1000,1500,1800,1000,1000,1800
1783917710.4639,19.6800,0.01985,50.37,985,126940,0.900,GUIDED,GUIDED,128,9.839999437332153,0.0,10.0,0.5,0.0,0.0,nan,nan,nan,nan,nan,nan,nan,nan,nan,nan,0.14317603712141236,-0.024756721063552388,-8.188347088914239e-05,0,0,9.677399635314941,0.05294899642467499,9.998647689819336,0.5112143158912659,-0.01627681776881218,0.0008280320907942951,0,-13,-1001,0,2,1,0.015163558535277843,0.0024628734681755304,0.00011664469639072195,0.0005335194291546941,63,3135,0.019757986068725586,12.312,28.78,91,6,10,1.21,831,0.0040685697458684444,0.00017208112694788724,0.006916862912476063,1500,1500,1000,1500,1800,1000,1000,1800
1783917710.4836,19.7000,0.01966,50.87,986,126940,0.920,GUIDED,GUIDED,128,9.8499995470047,0.0,10.0,0.5,0.0,0.0,nan,nan,nan,nan,nan,nan,nan,nan,nan,nan,0.15317614679395875,-0.024756721063552388,-8.188347088914239e-05,0,0,9.677399635314941,0.05294899642467499,9.998647689819336,0.5112143158912659,-0.01627681776881218,0.0008280320907942951,0,-13,-1001,0,2,1,0.015212667174637318,0.0024588904343545437,0.00011925424041692168,0.0005651482497341931,63,3135,0.019757986068725586,12.312,28.78,91,6,10,1.21,831,0.0040685697458684444,0.00017208112694788724,0.006916862912476063,1500,1500,1000,1500,1800,1000,1000,1800
1783917710.5040,19.7200,0.02045,48.90,987,126980,0.940,GUIDED,GUIDED,128,9.859999656677246,0.0,10.0,0.5,0.0,0.0,nan,nan,nan,nan,nan,nan,nan,nan,nan,nan,0.14287279158393484,-0.024383425092878462,-3.771259790035083e-05,0,0,9.697532653808594,0.052735984325408936,9.998641014099121,0.51131272315979,-0.016369357705116272,0.0008063842542469501,0,-13,-1000,0,0,1,0.015166662633419037,0.0024574866984039545,0.00012391644122544676,0.0005917035741731524,63,3135,0.020366191864013672,12.312,28.78,91,6,10,1.21,831,0.0040685697458684444,0.00017208112694788724,0.006916862912476063,1500,1500,1000,1500,1800,1000,1000,1800
1783917710.5236,19.7400,0.01951,51.27,988,126980,0.960,GUIDED,GUIDED,128,9.870021343231201,0.0,10.0,0.5,0.0,0.0,nan,nan,nan,nan,nan,nan,nan,nan,nan,nan,0.15289447813788992,-0.024383425092878462,-3.771259790035083e-05,0,0,9.697532653808594,0.052735984325408936,9.998641014099121,0.51131272315979,-0.016369357705116272,0.0008063842542469501,0,-13,-1000,0,0,1,0.01520022563636303,0.0024896766990423203,0.000130302578327246,0.0006438642158173025,63,3135,0.020366191864013672,12.312,28.78,91,6,10,1.21,831,0.0040685697458684444,0.00017208112694788724,0.006916862912476063,1500,1500,1000,1500,1800,1000,1000,1800
1783917710.5441,19.7600,0.02057,48.60,989,127020,0.980,GUIDED,GUIDED,128,9.880017161369324,0.0,10.0,0.5,0.0,0.0,nan,nan,nan,nan,nan,nan,nan,nan,nan,nan,0.14320703727003248,-0.02468939805205487,-1.8536394592132393e-05,0,0,9.717378616333008,0.05286481976509094,9.998603820800781,0.511218786239624,-0.016267087310552597,0.0008167864289134741,0,-13,-1001,0,0,1,0.015152538195252419,0.0024553779512643814,0.00013149379810784012,0.0006230598082765937,63,3135,0.020503759384155273,12.312,28.78,91,6,10,1.21,831,0.004852205980569124,0.00016817600408103317,0.006945464294403791,1500,1500,1000,1500,1800,1000,1000,1800
1783917710.5636,19.7800,0.01947,51.35,990,127020,0.000,GUIDED,GUIDED,128,9.890024900436401,0.0,10.0,0.5,0.0,0.0,nan,nan,nan,nan,nan,nan,nan,nan,nan,nan,0.15321477633711011,-0.02468939805205487,-1.8536394592132393e-05,0,0,9.717378616333008,0.05286481976509094,9.998603820800781,0.511218786239624,-0.016267087310552597,0.0008167864289134741,0,-13,-1001,0,0,1,0.015152538195252419,0.0024553779512643814,0.00013149379810784012,0.0006230598082765937,63,3135,0.020503759384155273,12.312,28.78,91,6,10,1.21,831,0.004852205980569124,0.00016817600408103317,0.006945464294403791,1500,1500,1000,1500,1800,1000,1000,1800
1783917710.5840,19.8000,0.02044,48.91,991,127039,0.021,GUIDED,GUIDED,128,9.899999976158142,0.0,10.0,0.5,0.0,0.0,nan,nan,nan,nan,nan,nan,nan,nan,nan,nan,0.15313873801038758,-0.024535816266665077,1.360753807831466e-05,0,0,9.72740650177002,0.052783701568841934,9.998602867126465,0.5112321972846985,-0.016308924183249474,0.0007987787248566747,0,-13,-1001,1,0,1,0.015145020559430122,0.0024461818393319845,0.00013215106446295977,0.0005723218782804906,63,3135,0.02013707160949707,12.312,28.78,91,6,10,1.21,831,0.004852205980569124,0.00016817600408103317,0.006945464294403791,1500,1500,1000,1500,1800,1000,1000,1800
1783917710.6041,19.8200,0.02002,49.95,992,127079,0.041,GUIDED,GUIDED,128,9.910017371177673,0.0,10.0,0.5,0.0,0.0,nan,nan,nan,nan,nan,nan,nan,nan,nan,nan,0.14331023299592205,-0.024595338516596624,-5.067560598704724e-05,0,0,9.747318267822266,0.052803054451942444,9.998586654663086,0.5111941695213318,-0.0162857323884964,0.0008452528854832053,0,-13,-1001,0,4,1,0.015127056278288364,0.002495767083019018,0.0001332240499323234,0.0005521883140318096,63,3135,0.019918203353881836,12.312,28.78,91,6,10,1.21,831,0.004852205980569124,0.00016817600408103317,0.006945464294403791,1500,1500,1000,1500,1800,1000,1000,1800
1783917710.6236,19.8400,0.01949,51.31,993,127079,0.060,GUIDED,GUIDED,128,9.920000433921814,0.0,10.0,0.5,0.0,0.0,nan,nan,nan,nan,nan,nan,nan,nan,nan,nan,0.15329329574006267,-0.024595338516596624,-5.067560598704724e-05,0,0,9.747318267822266,0.052803054451942444,9.998586654663086,0.5111941695213318,-0.0162857323884964,0.0008452528854832053,0,-13,-1001,0,4,1,0.015171253122389317,0.002454073866829276,0.00013391095853876323,0.0005694450228475034,63,3135,0.019918203353881836,12.312,28.78,91,6,10,1.21,831,0.004852205980569124,0.00016817600408103317,0.006945464294403791,1500,1500,1000,1500,1800,1000,1000,1800
1783917710.6441,19.8600,0.02057,48.62,994,127119,0.081,GUIDED,GUIDED,128,9.930017471313477,0.0,10.0,0.5,0.0,0.0,nan,nan,nan,nan,nan,nan,nan,nan,nan,nan,0.1437438304294617,-0.024799751309260366,-9.803234343859057e-06,0,0,9.76714038848877,0.052914097905159,9.998549461364746,0.5110465884208679,-0.016231825575232506,0.0008431287715211511,0,-13,-1000,0,2,1,0.015115412883460522,0.0024903868325054646,0.00013401490286923945,0.0005316775059327483,63,3135,0.020481586456298828,12.312,28.78,91,6,10,1.21,831,0.004852205980569124,0.00015801205881871283,0.006945464294403791,1500,1500,1000,1500,1800,1000,1000,1800
1783917710.6636,19.8800,0.01944,51.45,995,127119,0.100,GUIDED,GUIDED,128,9.940020680427551,0.0,10.0,0.5,0.0,0.0,nan,nan,nan,nan,nan,nan,nan,nan,nan,nan,0.1537470395435364,-0.024799751309260366,-9.803234343859057e-06,0,0,9.76714038848877,0.052914097905159,9.998549461364746,0.5110465884208679,-0.016231825575232506,0.0008431287715211511,0,-13,-1000,0,2,1,0.015115412883460522,0.0024903868325054646,0.00013401490286923945,0.0005316775059327483,63,3135,0.020481586456298828,12.312,28.78,91,6,10,1.21,831,0.004852205980569124,0.00015801205881871283,0.006945464294403791,1500,1500,1000,1500,1800,1000,1000,1800
1783917710.6841,19.9000,0.02059,48.57,996,127159,0.121,GUIDED,GUIDED,128,9.95000672340393,0.0,10.0,0.5,0.0,0.0,nan,nan,nan,nan,nan,nan,nan,nan,nan,nan,0.14366717381976785,-0.024395913651790193,1.0842170181916359e-05,0,0,9.78718090057373,0.05274263024330139,9.99853801727295,0.5110612511634827,-0.016365984454751015,0.0008378163911402225,0,-13,-1001,1,2,1,0.015141606330871582,0.002498952206224203,0.0001386891963193193,0.0005959996487945318,63,3135,0.020507335662841797,12.312,28.78,91,6,10,1.21,831,0.004852205980569124,0.00015801205881871283,0.006945464294403791,1500,1500,1000,1500,1800,1000,1000,1800
1783917710.7035,19.9200,0.01936,51.64,997,127159,0.140,GUIDED,GUIDED,128,9.960023045539856,0.0,10.0,0.5,0.0,0.0,nan,nan,nan,nan,nan,nan,nan,nan,nan,nan,0.15368349595569314,-0.024395913651790193,1.0842170181916359e-05,0,0,9.78718090057373,0.05274263024330139,9.99853801727295,0.5110612511634827,-0.016365984454751015,0.0008378163911402225,0,-13,-1001,1,2,1,0.015141606330871582,0.002498952206224203,0.0001386891963193193,0.0005959996487945318,63,3135,0.020507335662841797,12.312,28.78,91,6,10,1.21,831,0.004852205980569124,0.00015801205881871283,0.006945464294403791,1500,1500,1000,1500,1800,1000,1000,1800
1783917710.7241,19.9400,0.02061,48.53,998,127179,0.161,GUIDED,GUIDED,128,9.970021605491638,0.0,10.0,0.5,0.0,0.0,nan,nan,nan,nan,nan,nan,nan,nan,nan,nan,0.15350059499946264,-0.024011472497631137,-1.8099522332381277e-05,0,0,9.797279357910156,0.052558910101652145,9.998540878295898,0.5111091732978821,-0.016481870785355568,0.0008528740727342665,0,-13,-1001,2,2,1,0.015142134390771389,0.0025091113056987524,0.00014881470997352153,0.0006516693974845111,63,3135,0.020277738571166992,12.312,28.78,91,6,10,1.21,831,0.004852205980569124,0.000157083835802041,0.006945464294403791,1500,1500,1000,1500,1800,1000,1000,1800
1783917710.7441,19.9600,0.01995,50.13,999,127219,0.181,GUIDED,GUIDED,128,9.980023980140686,0.0,10.0,0.5,0.0,0.0,nan,nan,nan,nan,nan,nan,nan,nan,nan,nan,0.14398443584702825,-0.024356499478983572,-5.5568636436179345e-05,0,0,9.817054748535156,0.05270441621541977,9.998502731323242,0.5109608769416809,-0.01636667735874653,0.0008965310407802463,0,-13,-1001,1,0,1,0.01514130737632513,0.0024733704049140215,0.00014891278988216072,0.0006078671431168914,63,3135,0.019840717315673828,12.312,28.78,91,6,10,1.21,831,0.004782234318554401,0.000157083835802041,0.006637389771640301,1500,1500,1000,1500,1800,1000,1000,1800
1783917710.7636,19.9801,0.01958,51.07,1000,127219,0.200,GUIDED,GUIDED,128,9.990025043487549,0.0,10.0,0.5,0.0,0.0,nan,nan,nan,nan,nan,nan,nan,nan,nan,nan,0.15398549919389104,-0.024356499478983572,-5.5568636436179345e-05,0,0,9.817054748535156,0.05270441621541977,9.998502731323242,0.5109608769416809,-0.01636667735874653,0.0008965310407802463,0,-13,-1001,1,0,1,0.015183515846729279,0.0024974881671369076,0.00014807023399043828,0.0005478868260979652,63,3135,0.019840717315673828,12.312,28.78,91,6,10,1.21,831,0.004782234318554401,0.000157083835802041,0.006637389771640301,1500,1500,1000,1500,1800,1000,1000,1800
