wall_time,cur_time,cur_loop_dt,cur_ctrl_freq,loop_count,fc_time_boot_ms,hb_age_s,sent_mode,echoed_mode,armed,drone_px_ref,drone_py_ref,drone_pz_ref,drone_vx_ref,drone_vy_ref,drone_vz_ref,payload_px_ref,payload_py_ref,payload_pz_ref,payload_vx_ref,payload_vy_ref,payload_vz_ref,payload_alpha_x,payload_alpha_y,payload_alphadot_x,payload_alphadot_y,ux,uy,uz,yaw_ref,yaw_rate_ref,drone_px_meas,drone_py_meas,drone_pz_meas,drone_vx_meas,drone_vy_meas,drone_vz_meas,drone_ax_meas,drone_ay_meas,drone_az_meas,drone_roll,drone_pitch,drone_yaw,drone_yaw_rate,sent_setpoint_bitmask,echoed_setpoint_bitmask,setpoint_bitmask_callback_dt,batt_voltage,batt_current,batt_rem_percent,GPS_fix_type,sat_count,HDOP,ekf_flags,ekf_pos_horiz_var,ekf_pos_vert_var,ekf_vel_var,ch1,ch2,ch3,ch4,ch5,ch6,ch7,ch8
1783459506.9007,0.0000,nan,nan,1,671288,nan,GUIDED,?,0,8.344650268554688e-07,0.0,10.0,0.5,0.0,0.0,nan,nan,nan,nan,nan,nan,nan,nan,nan,nan,3.969439678856413,6.296974472822335,9.844976811425825,0,0,-3.104142665863037,-6.2341461181640625,0.0708513855934143,0.0004210183979012072,-0.03627396747469902,0.048596613109111786,nan,nan,nan,-0.03154490888118744,-0.004035158082842827,-3.135932207107544,-0.0013102118391543627,3135,3079,nan,24.891,1.07,99,4,21,0.91,895,0.007813909091055393,0.011881351470947266,0.008518562652170658,1500,1500,1452,1498,1897,1102,1897,1102
1783459506.9198,0.0202,0.01908,52.41,2,671308,nan,GUIDED,?,0,0.010094285011291504,0.0,10.0,0.5,0.0,0.0,nan,nan,nan,nan,nan,nan,nan,nan,nan,nan,3.9797193355763154,6.297357631073385,9.84305226418634,0,0,-3.1043577194213867,-6.234750270843506,0.07197993993759155,0.000437673443229869,-0.0361463762819767,0.04905617982149124,nan,nan,nan,-0.03152981773018837,-0.0040613580495119095,-3.1360020637512207,-0.0036411553155630827,3135,3135,0.01867365837097168,24.891,1.07,99,4,21,0.91,895,0.007813909091055393,0.011881351470947266,0.008518562652170658,1500,1500,1452,1498,1897,1102,1897,1102
1783459506.9397,0.0402,0.01989,50.28,3,671329,nan,GUIDED,?,0,0.020078420639038086,0.0,10.0,0.5,0.0,0.0,nan,nan,nan,nan,nan,nan,nan,nan,nan,nan,3.990250370546875,6.298076135645846,9.841030171175666,0,0,-3.1047706604003906,-6.235241889953613,0.07324063777923584,0.0003603325458243489,-0.036277368664741516,0.049495771527290344,nan,nan,nan,-0.0315437912940979,-0.0040503814816474915,-3.1360251903533936,-0.001601834548637271,3135,3135,0.01956033706665039,24.891,1.07,99,4,21,0.91,895,0.007813909091055393,0.011881351470947266,0.008518562652170658,1500,1500,1452,1498,1897,1102,1897,1102
1783459506.9598,0.0601,0.02010,49.76,4,671348,nan,GUIDED,?,0,0.03003668785095215,0.0,10.0,0.5,0.0,0.0,nan,nan,nan,nan,nan,nan,nan,nan,nan,nan,3.999858057815377,6.298786019410523,9.839689530558916,0,0,-3.10495924949646,-6.235868453979492,0.07422780990600586,0.0006716219359077513,-0.036325473338365555,0.049699846655130386,nan,nan,nan,-0.0315520279109478,-0.00402766652405262,-3.1359779834747314,0.0022630244493484497,3135,3135,0.019591808319091797,24.891,1.07,99,4,21,0.91,895,0.007813909091055393,0.011881351470947266,0.008518562652170658,1500,1500,1452,1498,1897,1102,1897,1102
1783459506.9798,0.0802,0.02005,49.87,5,671368,nan,GUIDED,?,0,0.04008662700653076,0.0,10.0,0.5,0.0,0.0,nan,nan,nan,nan,nan,nan,nan,nan,nan,nan,4.010786545147248,6.29978576424086,9.837815231232186,0,0,-3.105319023132324,-6.236403465270996,0.07520723342895508,0.00037210731534287333,-0.036593787372112274,0.05021650344133377,nan,nan,nan,-0.031554676592350006,-0.0040132515132427216,-3.1359434127807617,0.002180047333240509,3135,3135,0.019612550735473633,24.891,1.07,99,4,21,0.91,895,0.007813909091055393,0.011881351470947266,0.008518562652170658,1500,1500,1452,1498,1897,1102,1897,1102
1783459506.9999,0.1002,0.02004,49.90,6,671389,nan,GUIDED,?,0,0.050076961517333984,0.0,10.0,0.5,0.0,0.0,nan,nan,nan,nan,nan,nan,nan,nan,nan,nan,4.021423656409247,6.301167811064972,9.83600432414884,0,0,-3.1056511402130127,-6.236968994140625,0.07620882987976074,0.00019043846987187862,-0.03706520423293114,0.05068375915288925,nan,nan,nan,-0.031549375504255295,-0.004019571468234062,-3.1359341144561768,0.000531979778315872,3135,3135,0.01954174041748047,24.891,1.07,99,4,21,0.91,895,0.007813909091055393,0.011881351470947266,0.008518562652170658,1500,1500,1452,1498,1897,1102,1897,1102
1783459507.0205,0.1205,0.02062,48.51,7,671408,nan,GUIDED,?,0,0.060231924057006836,0.0,10.0,0.5,0.0,0.0,nan,nan,nan,nan,nan,nan,nan,nan,nan,nan,4.031981484498441,6.3023456963767135,9.83436024052658,0,0,-3.1058080196380615,-6.237641334533691,0.07723814249038696,4.8418314690934494e-05,-0.03735708072781563,0.051038697361946106,nan,nan,nan,-0.03154386207461357,-0.004025287926197052,-3.135977029800415,-0.0022045262157917023,3135,3135,0.020006656646728516,24.891,1.07,99,4,21,0.91,895,0.007813909091055393,0.011881351470947266,0.008518562652170658,1500,1500,1452,1498,1897,1102,1897,1102
1783459507.0408,0.1403,0.02027,49.34,8,671429,nan,GUIDED,?,0,0.07017314434051514,0.0,10.0,0.5,0.0,0.0,nan,nan,nan,nan,nan,nan,nan,nan,nan,nan,4.042044427056955,6.303108503725488,9.832673186478711,0,0,-3.1061012744903564,-6.238247871398926,0.07827413082122803,0.00014745269436389208,-0.03744730353355408,0.05141459032893181,nan,nan,nan,-0.03155682981014252,-0.004053844138979912,-3.1360175609588623,-0.0023247040808200836,3135,3135,0.019357681274414062,24.891,1.07,99,4,21,0.91,895,0.007813909091055393,0.011881351470947266,0.008518562652170658,1500,1500,1452,1498,1897,1102,1897,1102
1783459507.0604,0.1604,0.01961,51.00,9,671448,nan,GUIDED,?,0,0.0801774263381958,0.0,10.0,0.5,0.0,0.0,nan,nan,nan,nan,nan,nan,nan,nan,nan,nan,4.051908316524764,6.303784728034095,9.831087480393641,0,0,-3.1062350273132324,-6.2389397621154785,0.07918167114257812,0.0003057305875699967,-0.03743825852870941,0.05180612951517105,nan,nan,nan,-0.03155626356601715,-0.004060983657836914,-3.136000394821167,0.0005653320113196969,3135,3135,0.019025802612304688,24.891,1.07,99,4,21,0.91,895,0.007813909091055393,0.011881351470947266,0.008518562652170658,1500,1500,1452,1498,1897,1102,1897,1102
1783459507.0807,0.1804,0.02034,49.17,10,671468,nan,GUIDED,?,0,0.09018731117248535,0.0,10.0,0.5,0.0,0.0,nan,nan,nan,nan,nan,nan,nan,nan,nan,nan,4.062100593591531,6.303939117101204,9.829615093628503,0,0,-3.1064882278442383,-6.239577293395996,0.07999002933502197,0.0003466117777861655,-0.03715931624174118,0.052189506590366364,nan,nan,nan,-0.03155200555920601,-0.004037113860249519,-3.1359524726867676,0.0025552338920533657,3135,3135,0.019510746002197266,24.891,1.07,99,4,21,0.91,895,0.007813909091055393,0.011881351470947266,0.008518562652170658,1500,1500,1452,1498,1897,1102,1897,1102
1783459507.1009,0.2005,0.02022,49.46,11,671489,nan,GUIDED,?,0,0.10024333000183105,0.0,10.0,0.5,0.0,0.0,nan,nan,nan,nan,nan,nan,nan,nan,nan,nan,4.072627518670982,6.304817330391873,9.828221575075682,0,0,-3.106719493865967,-6.240218639373779,0.080821692943573,0.0002082554274238646,-0.03729607164859772,0.05251389369368553,nan,nan,nan,-0.031556449830532074,-0.004016105085611343,-3.135930061340332,0.0015118715818971395,3135,3135,0.01929163932800293,24.891,1.07,99,4,21,0.91,895,0.008585970848798752,0.0090312659740448,0.010976710356771946,1500,1500,1452,1498,1897,1102,1897,1102
1783459507.1205,0.2203,0.01954,51.17,12,671508,nan,GUIDED,?,0,0.11017239093780518,0.0,10.0,0.5,0.0,0.0,nan,nan,nan,nan,nan,nan,nan,nan,nan,nan,4.083419626024424,6.3061690526173555,9.826732345663824,0,0,-3.10709285736084,-6.240701198577881,0.0818486213684082,-7.446313975378871e-05,-0.03779788315296173,0.05278080329298973,nan,nan,nan,-0.03155219927430153,-0.00401776097714901,-3.1359519958496094,-0.0009915236150845885,3135,3135,0.01887965202331543,24.891,1.07,99,4,21,0.91,895,0.008585970848798752,0.0090312659740448,0.010976710356771946,1500,1500,1452,1498,1897,1102,1897,1102
1783459507.1406,0.2404,0.02013,49.67,13,671529,nan,GUIDED,?,0,0.12021827697753906,0.0,10.0,0.5,0.0,0.0,nan,nan,nan,nan,nan,nan,nan,nan,nan,nan,4.094944084098918,6.306570528848915,9.825239311985518,0,0,-3.1078035831451416,-6.240930557250977,0.08282703161239624,-0.0005177793791517615,-0.0378972552716732,0.05307792127132416,nan,nan,nan,-0.03155461698770523,-0.0040299538522958755,-3.1359851360321045,-0.0018115476705133915,3135,3135,0.019364595413208008,24.891,1.07,99,4,21,0.91,895,0.008585970848798752,0.0090312659740448,0.010976710356771946,1500,1500,1452,1498,1897,1102,1897,1102
1783459507.1608,0.2605,0.02016,49.61,14,671548,nan,GUIDED,?,0,0.1302276849746704,0.0,10.0,0.5,0.0,0.0,nan,nan,nan,nan,nan,nan,nan,nan,nan,nan,4.105122370271867,6.307407336008981,9.823948359729043,0,0,-3.1081438064575195,-6.241471767425537,0.08373373746871948,-0.0004188532184343785,-0.03806791827082634,0.05329976603388786,nan,nan,nan,-0.031560782343149185,-0.004064582288265228,-3.1359901428222656,-0.0004264781600795686,3135,3135,0.01938033103942871,24.891,1.07,99,4,21,0.91,895,0.008585970848798752,0.0090312659740448,0.010976710356771946,1500,1500,1452,1498,1897,1102,1897,1102
1783459507.1804,0.2803,0.01965,50.89,15,671568,nan,GUIDED,?,0,0.1401667594909668,0.0,10.0,0.5,0.0,0.0,nan,nan,nan,nan,nan,nan,nan,nan,nan,nan,4.115785245281879,6.307345495250312,9.822696610106414,0,0,-3.108778238296509,-6.2417802810668945,0.08446216583251953,-0.0004704502352979034,-0.03785409405827522,0.05360190570354462,nan,nan,nan,-0.031547289341688156,-0.004071887582540512,-3.135946035385132,0.00214496161788702,3135,3135,0.01898193359375,24.891,1.07,99,4,21,0.91,895,0.008585970848798752,0.0090312659740448,0.010976710356771946,1500,1500,1452,1498,1897,1102,1897,1102
1783459507.2009,0.3004,0.02048,48.84,16,671589,nan,GUIDED,?,0,0.15018701553344727,0.0,10.0,0.5,0.0,0.0,nan,nan,nan,nan,nan,nan,nan,nan,nan,nan,4.126978316070206,6.307242089360207,9.821481030227622,0,0,-3.1093645095825195,-6.242136001586914,0.0852501392364502,-0.0008090912597253919,-0.03758901730179787,0.053848784416913986,nan,nan,nan,-0.03155560418963432,-0.0040599275380373,-3.1359145641326904,0.0018062589224427938,3135,3135,0.019480466842651367,24.891,1.07,99,4,21,0.91,895,0.008585970848798752,0.0090312659740448,0.010976710356771946,1500,1500,1452,1498,1897,1102,1897,1102
1783459507.2210,0.3205,0.02013,49.69,17,671608,nan,GUIDED,?,0,0.16023755073547363,0.0,10.0,0.5,0.0,0.0,nan,nan,nan,nan,nan,nan,nan,nan,nan,nan,4.13744250713674,6.308720838130427,9.82006252836129,0,0,-3.109652519226074,-6.242696762084961,0.08618664741516113,-0.0008816331392154098,-0.03811901807785034,0.05412706360220909,nan,nan,nan,-0.031550731509923935,-0.004040641710162163,-3.1359262466430664,-0.00010943150846287608,3135,3135,0.0191347599029541,24.891,1.07,99,4,21,0.91,895,0.008585970848798752,0.0090312659740448,0.010976710356771946,1500,1500,1452,1498,1897,1102,1897,1102
1783459507.2408,0.3404,0.01975,50.63,18,671629,nan,GUIDED,?,0,0.17017781734466553,0.0,10.0,0.5,0.0,0.0,nan,nan,nan,nan,nan,nan,nan,nan,nan,nan,4.148202711478946,6.309430025227115,9.818666714647973,0,0,-3.110182046890259,-6.243111610412598,0.08703655004501343,-0.0010493014706298709,-0.03828895464539528,0.05444224551320076,nan,nan,nan,-0.03155502676963806,-0.0040460266172885895,-3.1359617710113525,-0.002050710842013359,3135,3135,0.018851757049560547,24.891,1.07,99,4,21,0.91,895,0.008585970848798752,0.0090312659740448,0.010976710356771946,1500,1500,1452,1498,1897,1102,1897,1102
1783459507.2607,0.3604,0.01991,50.23,19,671648,nan,GUIDED,?,0,0.18019115924835205,0.0,10.0,0.5,0.0,0.0,nan,nan,nan,nan,nan,nan,nan,nan,nan,nan,4.157882350649021,6.310490382608943,9.817210574885703,0,0,-3.110441207885742,-6.243710041046143,0.08784842491149902,-0.0007070114370435476,-0.03855564817786217,0.054814212024211884,nan,nan,nan,-0.031537603586912155,-0.004074767231941223,-3.135988712310791,-0.0015083530452102423,3135,3135,0.01912379264831543,24.891,1.07,99,4,21,0.91,895,0.008585970848798752,0.0090312659740448,0.010976710356771946,1500,1500,1452,1498,1897,1102,1897,1102
1783459507.2808,0.3803,0.02012,49.70,20,671668,nan,GUIDED,?,0,0.19017481803894043,0.0,10.0,0.5,0.0,0.0,nan,nan,nan,nan,nan,nan,nan,nan,nan,nan,4.169106071514637,6.311277473280475,9.815832450751751,0,0,-3.110915422439575,-6.244179725646973,0.08845335245132446,-0.001149173709563911,-0.038738902658224106,0.05526061728596687,nan,nan,nan,-0.031521670520305634,-0.004072330892086029,-3.1359663009643555,0.0008416759083047509,3135,3135,0.019207477569580078,24.891,1.07,99,4,21,0.91,895,0.008585970848798752,0.0090312659740448,0.010976710356771946,1500,1500,1452,1498,1897,1102,1897,1102
1783459507.3009,0.4004,0.02012,49.71,21,671689,nan,GUIDED,?,0,0.20018982887268066,0.0,10.0,0.5,0.0,0.0,nan,nan,nan,nan,nan,nan,nan,nan,nan,nan,4.179794842444322,6.311319180528503,9.814845645181821,0,0,-3.1113569736480713,-6.244661331176758,0.08909940719604492,-0.0012832395732402802,-0.038484927266836166,0.05545734986662865,nan,nan,nan,-0.03152647241950035,-0.0040728505700826645,-3.1359262466430664,0.002031915821135044,3135,3135,0.019114971160888672,24.891,1.07,99,4,21,0.91,895,0.00915563479065895,0.014156230725347996,0.010570556856691837,1500,1500,1452,1498,1897,1102,1897,1102
1783459507.3208,0.4205,0.01985,50.38,22,671708,nan,GUIDED,?,0,0.21023344993591309,0.0,10.0,0.5,0.0,0.0,nan,nan,nan,nan,nan,nan,nan,nan,nan,nan,4.19014642600931,6.311021869689712,9.814328025500473,0,0,-3.1116347312927246,-6.244938373565674,0.08950638771057129,-0.0013006783556193113,-0.03815332427620888,0.05552122741937637,nan,nan,nan,-0.0315353199839592,-0.00405585952103138,-3.1359143257141113,0.0008152264636009932,3135,3135,0.019087553024291992,24.891,1.07,99,4,21,0.91,895,0.00915563479065895,0.014156230725347996,0.010570556856691837,1500,1500,1452,1498,1897,1102,1897,1102
1783459507.3407,0.4403,0.01990,50.24,23,671728,nan,GUIDED,?,0,0.2201615571975708,0.0,10.0,0.5,0.0,0.0,nan,nan,nan,nan,nan,nan,nan,nan,nan,nan,4.200420790330522,6.310848530104808,9.81463877793829,0,0,-3.112135171890259,-6.244771957397461,0.08929270505905151,-0.001211660448461771,-0.03814932703971863,0.05546518415212631,nan,nan,nan,-0.03152303397655487,-0.004024770110845566,-3.1359503269195557,-0.0016565826954320073,3135,3135,0.019025802612304688,24.891,1.07,99,4,21,0.91,895,0.00915563479065895,0.014156230725347996,0.010570556856691837,1500,1500,1452,1498,1897,1102,1897,1102
1783459507.3607,0.4604,0.02007,49.82,24,671748,nan,GUIDED,?,0,0.23018360137939453,0.0,10.0,0.5,0.0,0.0,nan,nan,nan,nan,nan,nan,nan,nan,nan,nan,4.210593351928576,6.311430454955999,9.814088227297127,0,0,-3.112382173538208,-6.245091915130615,0.08961105346679688,-0.0011559552513062954,-0.03830057382583618,0.05559924617409706,nan,nan,nan,-0.03151494264602661,-0.0040314774960279465,-3.13598895072937,-0.002050807001069188,3135,3135,0.019205808639526367,24.891,1.07,99,4,21,0.91,895,0.00915563479065895,0.014156230725347996,0.010570556856691837,1500,1500,1452,1498,1897,1102,1897,1102
1783459507.3808,0.4804,0.02003,49.93,25,671768,nan,GUIDED,?,0,0.24019229412078857,0.0,10.0,0.5,0.0,0.0,nan,nan,nan,nan,nan,nan,nan,nan,nan,nan,4.221446533987449,6.311353699745418,9.814623741976815,0,0,-3.1128287315368652,-6.245022773742676,0.08924561738967896,-0.001385701005347073,-0.038296177983284,0.055501051247119904,nan,nan,nan,-0.03150007873773575,-0.004043644294142723,-3.135981321334839,2.5894845748553053e-05,3135,3135,0.019186019897460938,24.891,1.07,99,4,21,0.91,895,0.00915563479065895,0.014156230725347996,0.010570556856691837,1500,1500,1452,1498,1897,1102,1897,1102
1783459507.4021,0.5004,0.02136,46.81,26,671789,nan,GUIDED,?,0,0.25018417835235596,0.0,10.0,0.5,0.0,0.0,nan,nan,nan,nan,nan,nan,nan,nan,nan,nan,4.232592948198523,6.310570265818339,9.815076706390206,0,0,-3.113246440887451,-6.245025634765625,0.08902084827423096,-0.0018111045937985182,-0.03784221038222313,0.0553693026304245,nan,nan,nan,-0.031505804508924484,-0.004039112478494644,-3.1359472274780273,0.001739407074637711,3135,3135,0.019112348556518555,24.888,1.02,99,4,21,0.91,895,0.00915563479065895,0.014156230725347996,0.010570556856691837,1500,1500,1452,1498,1897,1102,1897,1102
1783459507.4208,0.5204,0.01864,53.66,27,671808,nan,GUIDED,?,0,0.26022112369537354,0.0,10.0,0.5,0.0,0.0,nan,nan,nan,nan,nan,nan,nan,nan,nan,nan,4.242561842536883,6.310645551679089,9.814539269537708,0,0,-3.1134603023529053,-6.245425224304199,0.08950817584991455,-0.0016483423532918096,-0.037654973566532135,0.055398233234882355,nan,nan,nan,-0.03152144327759743,-0.0040097665041685104,-3.1359305381774902,0.0013468030374497175,3135,3135,0.017748355865478516,24.888,1.02,99,4,21,0.91,895,0.00915563479065895,0.014156230725347996,0.010570556856691837,1500,1500,1452,1498,1897,1102,1897,1102
1783459507.4408,0.5404,0.02005,49.88,28,671829,nan,GUIDED,?,0,0.2701842784881592,0.0,10.0,0.5,0.0,0.0,nan,nan,nan,nan,nan,nan,nan,nan,nan,nan,4.2528041948996576,6.310586244604396,9.814942134044232,0,0,-3.1138339042663574,-6.245490074157715,0.08942502737045288,-0.0015938379801809788,-0.03758329153060913,0.05521364510059357,nan,nan,nan,-0.03150568902492523,-0.00397658534348011,-3.1359481811523438,-0.0008963523432612419,3135,3135,0.019124507904052734,24.888,1.02,99,4,21,0.91,895,0.00915563479065895,0.014156230725347996,0.010570556856691837,1500,1500,1452,1498,1897,1102,1897,1102
1783459507.4607,0.5604,0.01985,50.37,29,671848,nan,GUIDED,?,0,0.28019022941589355,0.0,10.0,0.5,0.0,0.0,nan,nan,nan,nan,nan,nan,nan,nan,nan,nan,4.263136584112627,6.311450083543282,9.814736002991365,0,0,-3.114022731781006,-6.2459282875061035,0.0898207426071167,-0.0016732875956222415,-0.03782902657985687,0.05510418862104416,nan,nan,nan,-0.03150160238146782,-0.003950899466872215,-3.135986804962158,-0.0019203231204301119,3135,3135,0.01912522315979004,24.888,1.02,99,4,21,0.91,895,0.00915563479065895,0.014156230725347996,0.010570556856691837,1500,1500,1452,1498,1897,1102,1897,1102
1783459507.4803,0.5804,0.01965,50.89,30,671868,nan,GUIDED,?,0,0.29019737243652344,0.0,10.0,0.5,0.0,0.0,nan,nan,nan,nan,nan,nan,nan,nan,nan,nan,4.273229324450472,6.311585253120751,9.81474919914643,0,0,-3.114351749420166,-6.2460737228393555,0.08957386016845703,-0.001532748807221651,-0.03782309964299202,0.055239107459783554,nan,nan,nan,-0.031502172350883484,-0.0039637330919504166,-3.136007308959961,-0.0012915905099362135,3135,3135,0.019103050231933594,24.888,1.02,99,4,21,0.91,895,0.00915563479065895,0.014156230725347996,0.010570556856691837,1500,1500,1452,1498,1897,1102,1897,1102
1783459507.5007,0.6004,0.02043,48.95,31,671889,nan,GUIDED,?,0,0.300182580947876,0.0,10.0,0.5,0.0,0.0,nan,nan,nan,nan,nan,nan,nan,nan,nan,nan,4.284104989548432,6.3113843556222085,9.815135215487926,0,0,-3.1146576404571533,-6.246272563934326,0.08945512771606445,-0.0018702478846535087,-0.03759231045842171,0.05508479103446007,nan,nan,nan,-0.0315169133245945,-0.00396651029586792,-3.1359829902648926,0.0011225820053368807,3135,3135,0.019591808319091797,24.888,1.02,99,4,21,0.91,895,0.009795602411031723,0.013975764624774456,0.02109605260193348,1500,1500,1452,1498,1897,1102,1897,1102
1783459507.5207,0.6203,0.01994,50.16,32,671908,nan,GUIDED,?,0,0.3101534843444824,0.0,10.0,0.5,0.0,0.0,nan,nan,nan,nan,nan,nan,nan,nan,nan,nan,4.29422387344294,6.310417440780533,9.814733876356408,0,0,-3.1149654388427734,-6.246271133422852,0.08980709314346313,-0.0017779769841581583,-0.037034887820482254,0.0551132969558239,nan,nan,nan,-0.031533122062683105,-0.00396529957652092,-3.1359493732452393,0.0019344266038388014,3135,3135,0.019059181213378906,24.888,1.02,99,4,21,0.91,895,0.009795602411031723,0.013975764624774456,0.02109605260193348,1500,1500,1452,1498,1897,1102,1897,1102
1783459507.5406,0.6404,0.01992,50.21,33,671929,nan,GUIDED,?,0,0.320217490196228,0.0,10.0,0.5,0.0,0.0,nan,nan,nan,nan,nan,nan,nan,nan,nan,nan,4.304819914423202,6.308601847590745,9.815659592652143,0,0,-3.115511417388916,-6.245607376098633,0.08952194452285767,-0.001769926748238504,-0.03636987507343292,0.05474346503615379,nan,nan,nan,-0.031511880457401276,-0.003926051780581474,-3.1359496116638184,0.0001335943234153092,3135,3135,0.01915764808654785,24.888,1.02,99,4,21,0.91,895,0.009795602411031723,0.013975764624774456,0.02109605260193348,1500,1500,1452,1498,1897,1102,1897,1102
1783459507.5609,0.6604,0.02034,49.16,34,671948,nan,GUIDED,?,0,0.3301846981048584,0.0,10.0,0.5,0.0,0.0,nan,nan,nan,nan,nan,nan,nan,nan,nan,nan,4.3158220154752165,6.307874991389021,9.815369101359025,0,0,-3.1157889366149902,-6.245660781860352,0.08979380130767822,-0.002207196783274412,-0.03591939061880112,0.05475422367453575,nan,nan,nan,-0.03149957209825516,-0.003897145390510559,-3.1359825134277344,-0.001667459262534976,3135,3135,0.019260644912719727,24.888,1.02,99,4,21,0.91,895,0.009795602411031723,0.013975764624774456,0.02109605260193348,1500,1500,1452,1498,1897,1102,1897,1102
1783459507.5807,0.6804,0.01974,50.67,35,671968,nan,GUIDED,?,0,0.3401857614517212,0.0,10.0,0.5,0.0,0.0,nan,nan,nan,nan,nan,nan,nan,nan,nan,nan,4.326672927814354,6.30729683743073,9.816135337189884,0,0,-3.116281509399414,-6.24512243270874,0.08935123682022095,-0.002413470298051834,-0.035896409302949905,0.054567351937294006,nan,nan,nan,-0.03149865195155144,-0.0038829389959573746,-3.1360080242156982,-0.0015195704763755202,3135,3135,0.018935680389404297,24.888,1.02,99,4,21,0.91,895,0.009795602411031723,0.013975764624774456,0.02109605260193348,1500,1500,1452,1498,1897,1102,1897,1102
1783459507.6007,0.7004,0.01999,50.04,36,671988,nan,GUIDED,?,0,0.3502246141433716,0.0,10.0,0.5,0.0,0.0,nan,nan,nan,nan,nan,nan,nan,nan,nan,nan,4.337124342931937,6.3066778598401765,9.816612810407872,0,0,-3.1167409420013428,-6.244699001312256,0.08906590938568115,-0.0023864097893238068,-0.03578351065516472,0.05445641651749611,nan,nan,nan,-0.03150465339422226,-0.003880120813846588,-3.1360135078430176,-0.0003703003458213061,3135,3135,0.019207239151000977,24.888,1.02,99,4,21,0.91,895,0.009795602411031723,0.013975764624774456,0.02109605260193348,1500,1500,1452,1498,1897,1102,1897,1102
1783459507.6204,0.7203,0.01972,50.71,37,672008,nan,GUIDED,?,0,0.36016738414764404,0.0,10.0,0.5,0.0,0.0,nan,nan,nan,nan,nan,nan,nan,nan,nan,nan,4.347002908307621,6.306352606130557,9.816254307674749,0,0,-3.1169748306274414,-6.24484920501709,0.08947360515594482,-0.002214305568486452,-0.035509005188941956,0.054428014904260635,nan,nan,nan,-0.03149762377142906,-0.003896377980709076,-3.135983943939209,0.0015239056665450335,3135,3135,0.01909470558166504,24.888,1.02,99,4,21,0.91,895,0.009795602411031723,0.013975764624774456,0.02109605260193348,1500,1500,1452,1498,1897,1102,1897,1102
1783459507.6404,0.7404,0.02003,49.91,38,672028,nan,GUIDED,?,0,0.37017905712127686,0.0,10.0,0.5,0.0,0.0,nan,nan,nan,nan,nan,nan,nan,nan,nan,nan,4.357489856682527,6.3047781923548,9.816354407180444,0,0,-3.1173770427703857,-6.24452543258667,0.08933800458908081,-0.002256488660350442,-0.03478694707155228,0.05444851145148277,nan,nan,nan,-0.03148538991808891,-0.003909725695848465,-3.1359786987304688,0.0004686317697633058,3135,3135,0.01944565773010254,24.888,1.02,99,4,21,0.91,895,0.009795602411031723,0.013975764624774456,0.02109605260193348,1500,1500,1452,1498,1897,1102,1897,1102
1783459507.6608,0.7603,0.02036,49.12,39,672048,nan,GUIDED,?,0,0.38016581535339355,0.0,10.0,0.5,0.0,0.0,nan,nan,nan,nan,nan,nan,nan,nan,nan,nan,4.368160848363278,6.304397104823145,9.81575085066747,0,0,-3.1175928115844727,-6.244734287261963,0.08969521522521973,-0.002526956843212247,-0.034446343779563904,0.05459073930978775,nan,nan,nan,-0.03149389103055,-0.003888137638568878,-3.1359810829162598,-0.00018285398255102336,3135,3135,0.01950669288635254,24.888,1.02,99,4,21,0.91,895,0.009795602411031723,0.013975764624774456,0.02109605260193348,1500,1500,1452,1498,1897,1102,1897,1102
1783459507.6807,0.7804,0.01993,50.18,40,672068,nan,GUIDED,?,0,0.3901866674423218,0.0,10.0,0.5,0.0,0.0,nan,nan,nan,nan,nan,nan,nan,nan,nan,nan,4.378503748994932,6.303229743783542,9.816197563666302,0,0,-3.117954969406128,-6.244499206542969,0.08940744400024414,-0.0025037997402250767,-0.033908091485500336,0.05449897423386574,nan,nan,nan,-0.03150658309459686,-0.0038592685014009476,-3.136003017425537,-0.0010139013174921274,3135,3135,0.019117116928100586,24.888,1.02,99,4,21,0.91,895,0.009795602411031723,0.013975764624774456,0.02109605260193348,1500,1500,1452,1498,1897,1102,1897,1102
1783459507.7008,0.8004,0.02009,49.78,41,672089,nan,GUIDED,?,0,0.4002094268798828,0.0,10.0,0.5,0.0,0.0,nan,nan,nan,nan,nan,nan,nan,nan,nan,nan,4.388335461044789,6.303291776954456,9.81628258631052,0,0,-3.1182868480682373,-6.244316577911377,0.08921831846237183,-0.002201888244599104,-0.034049347043037415,0.05455907806754112,nan,nan,nan,-0.03150530159473419,-0.003853149712085724,-3.136005163192749,-0.00025563008966855705,3135,3135,0.019231319427490234,24.888,1.02,99,4,21,0.91,895,0.012079568579792976,0.013982796110212803,0.01545358169823885,1500,1500,1452,1498,1897,1102,1897,1102
1783459507.7205,0.8204,0.01970,50.76,42,672108,nan,GUIDED,?,0,0.41018855571746826,0.0,10.0,0.5,0.0,0.0,nan,nan,nan,nan,nan,nan,nan,nan,nan,nan,4.399474219192119,6.303365513044069,9.815032254880766,0,0,-3.1186656951904297,-6.244495868682861,0.09007197618484497,-0.002652673050761223,-0.033988405019044876,0.054788097739219666,nan,nan,nan,-0.0314965583384037,-0.0038693659007549286,-3.1359798908233643,0.0011182480957359076,3135,3135,0.019057750701904297,24.888,1.02,99,4,21,0.91,895,0.012079568579792976,0.013982796110212803,0.01545358169823885,1500,1500,1452,1498,1897,1102,1897,1102
1783459507.7408,0.8405,0.02028,49.31,43,672129,nan,GUIDED,?,0,0.42023444175720215,0.0,10.0,0.5,0.0,0.0,nan,nan,nan,nan,nan,nan,nan,nan,nan,nan,4.410564435303062,6.302723620731574,9.814328909882155,0,0,-3.119338035583496,-6.244213581085205,0.0906991958618164,-0.0028674413915723562,-0.033780787140131,0.05483204871416092,nan,nan,nan,-0.03148901090025902,-0.003874249756336212,-3.135955333709717,0.0012893836246803403,3135,3135,0.0194246768951416,24.888,1.02,99,4,21,0.91,895,0.012079568579792976,0.013982796110212803,0.01545358169823885,1500,1500,1452,1498,1897,1102,1897,1102
1783459507.7607,0.8604,0.01993,50.17,44,672148,nan,GUIDED,?,0,0.43019068241119385,0.0,10.0,0.5,0.0,0.0,nan,nan,nan,nan,nan,nan,nan,nan,nan,nan,4.420718600408666,6.302120046510919,9.81323348352155,0,0,-3.1196868419647217,-6.244438171386719,0.09143209457397461,-0.00278032966889441,-0.03330264613032341,0.05504135414958,nan,nan,nan,-0.03149636834859848,-0.003866313025355339,-3.135960578918457,2.6618366973707452e-05,3135,3135,0.01909613609313965,24.888,1.02,99,4,21,0.91,895,0.012079568579792976,0.013982796110212803,0.01545358169823885,1500,1500,1452,1498,1897,1102,1897,1102
1783459507.7808,0.8805,0.02009,49.79,45,672168,nan,GUIDED,?,0,0.4402303695678711,0.0,10.0,0.5,0.0,0.0,nan,nan,nan,nan,nan,nan,nan,nan,nan,nan,4.431637935929275,6.301681099109929,9.812522295958399,0,0,-3.120290756225586,-6.244248867034912,0.09183114767074585,-0.0029395248275250196,-0.03315851464867592,0.0552215650677681,nan,nan,nan,-0.03150157630443573,-0.0038531851023435593,-3.1359689235687256,-0.0005759420455433428,3135,3135,0.019295692443847656,24.888,1.02,99,4,21,0.91,895,0.012079568579792976,0.013982796110212803,0.01545358169823885,1500,1500,1452,1498,1897,1102,1897,1102
1783459507.8005,0.9004,0.01970,50.76,46,672189,nan,GUIDED,?,0,0.45020604133605957,0.0,10.0,0.5,0.0,0.0,nan,nan,nan,nan,nan,nan,nan,nan,nan,nan,4.442156022821571,6.301783586333639,9.811528855453973,0,0,-3.1208503246307373,-6.24413537979126,0.0923147201538086,-0.0029296213760972023,-0.033283207565546036,0.05551593750715256,nan,nan,nan,-0.03150249272584915,-0.0038399193435907364,-3.1359660625457764,-4.180896939942613e-05,3135,3135,0.019051551818847656,24.888,1.02,99,4,21,0.91,895,0.012079568579792976,0.013982796110212803,0.01545358169823885,1500,1500,1452,1498,1897,1102,1897,1102
1783459507.8207,0.9204,0.02022,49.45,47,672208,nan,GUIDED,?,0,0.46017611026763916,0.0,10.0,0.5,0.0,0.0,nan,nan,nan,nan,nan,nan,nan,nan,nan,nan,4.452488721445271,6.3018879060804736,9.810383947649933,0,0,-3.1211445331573486,-6.2444257736206055,0.09312480688095093,-0.0029691243544220924,-0.03317577764391899,0.055709246546030045,nan,nan,nan,-0.031495772302150726,-0.0038450807332992554,-3.1359503269195557,0.0008964120643213391,3135,3135,0.019376277923583984,24.888,1.02,99,4,21,0.91,895,0.012079568579792976,0.013982796110212803,0.01545358169823885,1500,1500,1452,1498,1897,1102,1897,1102
1783459507.8404,0.9401,0.01969,50.79,48,672229,nan,GUIDED,?,0,0.4700530767440796,0.0,10.0,0.5,0.0,0.0,nan,nan,nan,nan,nan,nan,nan,nan,nan,nan,4.463138266817173,6.301570476544255,9.809619497757133,0,0,-3.121647834777832,-6.2444047927856445,0.09370338916778564,-0.00312459166161716,-0.03300462290644646,0.05581655725836754,nan,nan,nan,-0.03150329366326332,-0.0038560666143894196,-3.1359498500823975,8.350511780008674e-05,3135,3135,0.018880367279052734,24.888,1.02,99,4,21,0.91,895,0.012079568579792976,0.013982796110212803,0.01545358169823885,1500,1500,1452,1498,1897,1102,1897,1102
1783459507.8607,0.9604,0.02033,49.19,49,672248,nan,GUIDED,?,0,0.48021090030670166,0.0,10.0,0.5,0.0,0.0,nan,nan,nan,nan,nan,nan,nan,nan,nan,nan,4.473313465847683,6.30180006618242,9.808667615032409,0,0,-3.121917724609375,-6.24474573135376,0.09441381692886353,-0.002978802425786853,-0.0329403355717659,0.05595596134662628,nan,nan,nan,-0.031501684337854385,-0.003859579563140869,-3.135953903198242,-0.0003220737271476537,3135,3135,0.01944565773010254,24.888,1.02,99,4,21,0.91,895,0.012079568579792976,0.013982796110212803,0.01545358169823885,1500,1500,1452,1498,1897,1102,1897,1102
1783459507.8807,0.9804,0.01998,50.05,50,672268,nan,GUIDED,?,0,0.4901844263076782,0.0,10.0,0.5,0.0,0.0,nan,nan,nan,nan,nan,nan,nan,nan,nan,nan,4.484127585999565,6.301439262339407,9.807834915096754,0,0,-3.122366189956665,-6.244778633117676,0.09473764896392822,-0.003205198096111417,-0.03271302953362465,0.05624975636601448,nan,nan,nan,-0.03149137273430824,-0.0038501620292663574,-3.1359658241271973,-0.0006024213507771492,3135,3135,0.0191805362701416,24.888,1.02,99,4,21,0.91,895,0.012079568579792976,0.013982796110212803,0.01545358169823885,1500,1500,1452,1498,1897,1102,1897,1102
1783459507.9028,1.0005,0.02211,45.22,51,672289,0.003,GUIDED,GUIDED,128,0.5002387762069702,0.0,10.0,0.5,0.0,0.0,nan,nan,nan,nan,nan,nan,nan,nan,nan,nan,4.494617838018925,6.301528860746525,9.806931962010546,0,0,-3.1227846145629883,-6.244879245758057,0.09517484903335571,-0.003215288743376732,-0.032706670463085175,0.05651865899562836,nan,nan,nan,-0.031475573778152466,-0.0038368478417396545,-3.135983943939209,-0.0008813358144834638,3135,3135,0.01938343048095703,24.885,1.03,99,4,21,0.91,895,0.011193837970495224,0.022315610200166702,0.014882565476000309,1500,1500,1452,1498,1897,1102,1897,1102
1783459507.9208,1.0204,0.01798,55.60,52,672308,0.021,GUIDED,GUIDED,128,0.5102236270904541,0.0,10.0,0.5,0.0,0.0,nan,nan,nan,nan,nan,nan,nan,nan,nan,nan,4.505738675442001,6.301696190576231,9.806824890522748,0,0,-3.1232638359069824,-6.244874477386475,0.09542572498321533,-0.0035944723058491945,-0.03280603140592575,0.056435633450746536,nan,nan,nan,-0.031467270106077194,-0.003843020647764206,-3.135974168777466,0.0002757495385594666,3135,3135,0.01709151268005371,24.885,1.03,99,4,21,0.91,895,0.011193837970495224,0.022315610200166702,0.014882565476000309,1500,1500,1452,1498,1897,1102,1897,1102
1783459507.9406,1.0405,0.01982,50.46,53,672329,0.041,GUIDED,GUIDED,128,0.5202459096908569,0.0,10.0,0.5,0.0,0.0,nan,nan,nan,nan,nan,nan,nan,nan,nan,nan,4.516968702080711,6.300503113888076,9.808076228665474,0,0,-3.1241111755371094,-6.244271278381348,0.09488111734390259,-0.0038025518879294395,-0.03246546536684036,0.056027602404356,nan,nan,nan,-0.031468093395233154,-0.003852030262351036,-3.1359729766845703,1.0081177606480196e-05,3135,3135,0.01921224594116211,24.885,1.03,99,4,21,0.91,895,0.011193837970495224,0.022315610200166702,0.014882565476000309,1500,1500,1452,1498,1897,1102,1897,1102
1783459507.9609,1.0605,0.02023,49.43,54,672348,0.061,GUIDED,GUIDED,128,0.530232310295105,0.0,10.0,0.5,0.0,0.0,nan,nan,nan,nan,nan,nan,nan,nan,nan,nan,4.527356824723612,6.300355085782567,9.80816081762522,0,0,-3.1245522499084473,-6.2443366050720215,0.09507083892822266,-0.0037798318080604076,-0.03234228491783142,0.05586922913789749,nan,nan,nan,-0.03148108348250389,-0.0038723591715097427,-3.1359691619873047,2.114170274580829e-05,3135,3135,0.01937723159790039,24.885,1.03,99,4,21,0.91,895,0.011193837970495224,0.022315610200166702,0.014882565476000309,1500,1500,1452,1498,1897,1102,1897,1102
1783459507.9805,1.0803,0.01964,50.93,55,672368,0.081,GUIDED,GUIDED,128,0.5401734113693237,0.0,10.0,0.5,0.0,0.0,nan,nan,nan,nan,nan,nan,nan,nan,nan,nan,4.538357654315896,6.2989622155885145,9.809198737857297,0,0,-3.1253151893615723,-6.2438740730285645,0.0944371223449707,-0.003951183054596186,-0.03180515393614769,0.05563586205244064,nan,nan,nan,-0.03146853670477867,-0.0038683079183101654,-3.1359665393829346,0.0003084865165874362,3135,3135,0.018930435180664062,24.885,1.03,99,4,21,0.91,895,0.011193837970495224,0.022315610200166702,0.014882565476000309,1500,1500,1452,1498,1897,1102,1897,1102
1783459508.0007,1.1005,0.02022,49.46,56,672389,0.101,GUIDED,GUIDED,128,0.5502316951751709,0.0,10.0,0.5,0.0,0.0,nan,nan,nan,nan,nan,nan,nan,nan,nan,nan,4.549753019394553,6.297280262239611,9.81032951300991,0,0,-3.1260271072387695,-6.243481159210205,0.0939321517944336,-0.00431212130934,-0.031060926616191864,0.05527455359697342,nan,nan,nan,-0.03144994005560875,-0.0038435254245996475,-3.1359689235687256,-0.00020772307470906526,3135,3135,0.019544601440429688,24.885,1.03,99,4,21,0.91,895,0.011193837970495224,0.022315610200166702,0.014882565476000309,1500,1500,1452,1498,1897,1102,1897,1102
1783459508.0203,1.1203,0.01961,50.99,57,672408,0.120,GUIDED,GUIDED,128,0.5601592063903809,0.0,10.0,0.5,0.0,0.0,nan,nan,nan,nan,nan,nan,nan,nan,nan,nan,4.560462862339755,6.297474693812045,9.80992412601443,0,0,-3.126412868499756,-6.243626594543457,0.0942944884300232,-0.004541081376373768,-0.031089214608073235,0.05529940873384476,nan,nan,nan,-0.03145751357078552,-0.003815406933426857,-3.135981321334839,-0.0005425913259387016,3135,3135,0.018991708755493164,24.885,1.03,99,4,21,0.91,895,0.011193837970495224,0.022315610200166702,0.014882565476000309,1500,1500,1452,1498,1897,1102,1897,1102
1783459508.0401,1.1402,0.01976,50.60,58,672429,0.140,GUIDED,GUIDED,128,0.5700975656509399,0.0,10.0,0.5,0.0,0.0,nan,nan,nan,nan,nan,nan,nan,nan,nan,nan,4.5714141294762145,6.297412143066183,9.81034520731494,0,0,-3.1270625591278076,-6.243343830108643,0.093982994556427,-0.004750784952193499,-0.03121635504066944,0.05523613840341568,nan,nan,nan,-0.03145911544561386,-0.0038085076957941055,-3.13596773147583,0.00044015998719260097,3135,3135,0.01915884017944336,24.885,1.03,99,4,21,0.91,895,0.011193837970495224,0.022315610200166702,0.014882565476000309,1500,1500,1452,1498,1897,1102,1897,1102
1783459508.0605,1.1604,0.02039,49.05,59,672448,0.161,GUIDED,GUIDED,128,0.580177903175354,0.0,10.0,0.5,0.0,0.0,nan,nan,nan,nan,nan,nan,nan,nan,nan,nan,4.581549865784511,6.297693343214153,9.810285952860843,0,0,-3.1274194717407227,-6.243549346923828,0.09427231550216675,-0.004576705861836672,-0.03126005083322525,0.05510330945253372,nan,nan,nan,-0.031454820185899734,-0.0038149394094944,-3.135958194732666,0.0006296220235526562,3135,3135,0.019716739654541016,24.885,1.03,99,4,21,0.91,895,0.011193837970495224,0.022315610200166702,0.014882565476000309,1500,1500,1452,1498,1897,1102,1897,1102
1783459508.0808,1.1804,0.02030,49.26,60,672468,0.181,GUIDED,GUIDED,128,0.5901920795440674,0.0,10.0,0.5,0.0,0.0,nan,nan,nan,nan,nan,nan,nan,nan,nan,nan,4.592526940050975,6.2967821014312975,9.81076819776033,0,0,-3.1280059814453125,-6.243366241455078,0.09382480382919312,-0.004794013686478138,-0.03083966113626957,0.0550832562148571,nan,nan,nan,-0.03144464269280434,-0.003825785592198372,-3.135960340499878,-8.630513184471056e-05,3135,3135,0.019440650939941406,24.885,1.03,99,4,21,0.91,895,0.011193837970495224,0.022315610200166702,0.014882565476000309,1500,1500,1452,1498,1897,1102,1897,1102
1783459508.1007,1.2004,0.01992,50.20,61,672488,0.201,GUIDED,GUIDED,128,0.6002218723297119,0.0,10.0,0.5,0.0,0.0,nan,nan,nan,nan,nan,nan,nan,nan,nan,nan,4.602763353801078,6.29570980994896,9.811065080884218,0,0,-3.1285529136657715,-6.243246555328369,0.09352344274520874,-0.004597534891217947,-0.030289674177765846,0.055085841566324234,nan,nan,nan,-0.03143461048603058,-0.003824600949883461,-3.135957956314087,-0.00015931043890304863,3135,3135,0.01907801628112793,24.885,1.03,99,4,21,0.91,895,0.012178280390799046,0.01039751898497343,0.024140071123838425,1500,1500,1452,1498,1897,1102,1897,1102
1783459508.1209,1.2204,0.02021,49.47,62,672508,0.221,GUIDED,GUIDED,128,0.6102224588394165,0.0,10.0,0.5,0.0,0.0,nan,nan,nan,nan,nan,nan,nan,nan,nan,nan,4.613063724451682,6.295221350844293,9.812079831856597,0,0,-3.1288561820983887,-6.24312162399292,0.0932549238204956,-0.004595523234456778,-0.030079791322350502,0.05465500429272652,nan,nan,nan,-0.03142844885587692,-0.0037906914949417114,-3.1359753608703613,-0.0005194434779696167,3135,3135,0.01930546760559082,24.885,1.03,99,4,21,0.91,895,0.012178280390799046,0.01039751898497343,0.024140071123838425,1500,1500,1452,1498,1897,1102,1897,1102
1783459508.1403,1.2404,0.01939,51.56,63,672529,0.240,GUIDED,GUIDED,128,0.6201785802841187,0.0,10.0,0.5,0.0,0.0,nan,nan,nan,nan,nan,nan,nan,nan,nan,nan,4.623352323141177,6.294126946251843,9.814799541054605,0,0,-3.1293418407440186,-6.242362976074219,0.09180045127868652,-0.004507083911448717,-0.029885942116379738,0.05392451956868172,nan,nan,nan,-0.031424183398485184,-0.003773059695959091,-3.1359634399414062,0.0003074776323046535,3135,3135,0.01885080337524414,24.885,1.03,99,4,21,0.91,895,0.012178280390799046,0.01039751898497343,0.024140071123838425,1500,1500,1452,1498,1897,1102,1897,1102
1783459508.1608,1.2604,0.02055,48.67,64,672548,0.261,GUIDED,GUIDED,128,0.6302130222320557,0.0,10.0,0.5,0.0,0.0,nan,nan,nan,nan,nan,nan,nan,nan,nan,nan,4.633462055975433,6.294491327784732,9.815445204737985,0,0,-3.129615068435669,-6.242315769195557,0.09150850772857666,-0.00439280504360795,-0.030123572796583176,0.053720299154520035,nan,nan,nan,-0.03141941502690315,-0.0037808194756507874,-3.135962963104248,0.0001317790593020618,3135,3135,0.019668102264404297,24.885,1.03,99,4,21,0.91,895,0.012178280390799046,0.01039751898497343,0.024140071123838425,1500,1500,1452,1498,1897,1102,1897,1102
1783459508.1808,1.2805,0.01997,50.08,65,672568,0.281,GUIDED,GUIDED,128,0.6402462720870972,0.0,10.0,0.5,0.0,0.0,nan,nan,nan,nan,nan,nan,nan,nan,nan,nan,4.643875789726405,6.293168383774464,9.818094018067445,0,0,-3.1300477981567383,-6.241710186004639,0.09002983570098877,-0.004362640902400017,-0.029709404334425926,0.05304471775889397,nan,nan,nan,-0.0314110666513443,-0.003801777958869934,-3.1359574794769287,0.0002645750355441123,3135,3135,0.019126176834106445,24.885,1.03,99,4,21,0.91,895,0.012178280390799046,0.01039751898497343,0.024140071123838425,1500,1500,1452,1498,1897,1102,1897,1102
1783459508.2008,1.3004,0.01996,50.09,66,672589,0.301,GUIDED,GUIDED,128,0.6501779556274414,0.0,10.0,0.5,0.0,0.0,nan,nan,nan,nan,nan,nan,nan,nan,nan,nan,4.654459251503333,6.2914533333731795,9.820185307065973,0,0,-3.130449056625366,-6.241189479827881,0.08875030279159546,-0.004507278557866812,-0.029019849374890327,0.05257605016231537,nan,nan,nan,-0.03140806034207344,-0.003807011991739273,-3.1359715461730957,-0.000629894551821053,3135,3135,0.018990278244018555,24.885,1.03,99,4,21,0.91,895,0.012178280390799046,0.01039751898497343,0.024140071123838425,1500,1500,1452,1498,1897,1102,1897,1102
1783459508.2204,1.3203,0.01966,50.85,67,672608,0.321,GUIDED,GUIDED,128,0.6601669788360596,0.0,10.0,0.5,0.0,0.0,nan,nan,nan,nan,nan,nan,nan,nan,nan,nan,4.664671159603384,6.290444161074554,9.82045026956678,0,0,-3.1306841373443604,-6.241236686706543,0.08869129419326782,-0.004500237293541431,-0.02840994857251644,0.05245714262127876,nan,nan,nan,-0.03140667825937271,-0.003796737641096115,-3.1359894275665283,-0.0010853852145373821,3135,3135,0.01899099349975586,24.885,1.03,99,4,21,0.91,895,0.012178280390799046,0.01039751898497343,0.024140071123838425,1500,1500,1452,1498,1897,1102,1897,1102
1783459508.2407,1.3403,0.02022,49.46,68,672629,0.341,GUIDED,GUIDED,128,0.6701542139053345,0.0,10.0,0.5,0.0,0.0,nan,nan,nan,nan,nan,nan,nan,nan,nan,nan,4.674979746273694,6.289795790359465,9.82257286638291,0,0,-3.1310460567474365,-6.2408223152160645,0.08767563104629517,-0.004476815462112427,-0.02827484905719757,0.05181805416941643,nan,nan,nan,-0.03141044080257416,-0.0037585515528917313,-3.135989189147949,-7.506590191042051e-05,3135,3135,0.019390583038330078,24.885,1.03,99,4,21,0.91,895,0.012178280390799046,0.01039751898497343,0.024140071123838425,1500,1500,1452,1498,1897,1102,1897,1102
1783459508.2604,1.3604,0.01974,50.67,69,672648,0.361,GUIDED,GUIDED,128,0.680176854133606,0.0,10.0,0.5,0.0,0.0,nan,nan,nan,nan,nan,nan,nan,nan,nan,nan,4.685452166625437,6.290194188599051,9.822956236629159,0,0,-3.131260633468628,-6.240919589996338,0.08756846189498901,-0.004612610209733248,-0.02844870276749134,0.05165858939290047,nan,nan,nan,-0.03141150251030922,-0.003740815445780754,-3.13596773147583,0.0010521096410229802,3135,3135,0.019128799438476562,24.885,1.03,99,4,21,0.91,895,0.012178280390799046,0.01039751898497343,0.024140071123838425,1500,1500,1452,1498,1897,1102,1897,1102
1783459508.2807,1.3804,0.02034,49.15,70,672668,0.381,GUIDED,GUIDED,128,0.6901810169219971,0.0,10.0,0.5,0.0,0.0,nan,nan,nan,nan,nan,nan,nan,nan,nan,nan,4.695594565729925,6.289853678905892,9.824494265729221,0,0,-3.131584405899048,-6.240617275238037,0.08647680282592773,-0.004505490884184837,-0.028426650911569595,0.05140087753534317,nan,nan,nan,-0.031403008848428726,-0.003758193925023079,-3.1359589099884033,0.00041780018364079297,3135,3135,0.01947808265686035,24.885,1.03,99,4,21,0.91,895,0.012178280390799046,0.01039751898497343,0.024140071123838425,1500,1500,1452,1498,1897,1102,1897,1102
1783459508.3008,1.4004,0.02007,49.84,71,672689,0.401,GUIDED,GUIDED,128,0.7001792192459106,0.0,10.0,0.5,0.0,0.0,nan,nan,nan,nan,nan,nan,nan,nan,nan,nan,4.705865052685749,6.288956996245791,9.825922331573716,0,0,-3.131882429122925,-6.240372180938721,0.08554023504257202,-0.004490630701184273,-0.028050456196069717,0.05111711099743843,nan,nan,nan,-0.03140362724661827,-0.0037696324288845062,-3.1359503269195557,0.00045600702287629247,3135,3135,0.01912546157836914,24.885,1.03,99,4,21,0.91,895,0.0131231639534235,0.015194239094853401,0.02730666846036911,1500,1500,1452,1498,1897,1102,1897,1102
1783459508.3210,1.4205,0.02018,49.56,72,672708,0.421,GUIDED,GUIDED,128,0.710235595703125,0.0,10.0,0.5,0.0,0.0,nan,nan,nan,nan,nan,nan,nan,nan,nan,nan,4.716407243088982,6.2874385365910594,9.82763696270517,0,0,-3.132150173187256,-6.239957809448242,0.08462893962860107,-0.0046165334060788155,-0.027413010597229004,0.050653304904699326,nan,nan,nan,-0.03140845522284508,-0.003757968544960022,-3.1359524726867676,-0.0001982101530302316,3135,3135,0.019170761108398438,24.885,1.03,99,4,21,0.91,895,0.0131231639534235,0.015194239094853401,0.02730666846036911,1500,1500,1452,1498,1897,1102,1897,1102
1783459508.3410,1.4404,0.02000,50.01,73,672729,0.441,GUIDED,GUIDED,128,0.7201884984970093,0.0,10.0,0.5,0.0,0.0,nan,nan,nan,nan,nan,nan,nan,nan,nan,nan,4.726444612753119,6.284134373498054,9.831856705365496,0,0,-3.1325695514678955,-6.238680839538574,0.08202576637268066,-0.00442317221313715,-0.026242610067129135,0.049719978123903275,nan,nan,nan,-0.031405236572027206,-0.003721652552485466,-3.135964870452881,-0.0006257544155232608,3135,3135,0.018897294998168945,24.885,1.03,99,4,21,0.91,895,0.0131231639534235,0.015194239094853401,0.02730666846036911,1500,1500,1452,1498,1897,1102,1897,1102
1783459508.3607,1.4604,0.01972,50.71,74,672748,0.461,GUIDED,GUIDED,128,0.730181097984314,0.0,10.0,0.5,0.0,0.0,nan,nan,nan,nan,nan,nan,nan,nan,nan,nan,4.736926898145561,6.283224210154979,9.833470828833777,0,0,-3.132812261581421,-6.238348007202148,0.08116108179092407,-0.004565763752907515,-0.025909287855029106,0.04928728938102722,nan,nan,nan,-0.03139397129416466,-0.003689313307404518,-3.135964870452881,-0.0002711324777919799,3135,3135,0.018895626068115234,24.885,1.03,99,4,21,0.91,895,0.0131231639534235,0.015194239094853401,0.02730666846036911,1500,1500,1452,1498,1897,1102,1897,1102
1783459508.3804,1.4803,0.01972,50.71,75,672768,0.481,GUIDED,GUIDED,128,0.7401691675186157,0.0,10.0,0.5,0.0,0.0,nan,nan,nan,nan,nan,nan,nan,nan,nan,nan,4.747650513133585,6.2808951306507685,9.837928607386946,0,0,-3.133185386657715,-6.237245559692383,0.07864618301391602,-0.004775007255375385,-0.025201091542840004,0.048165567219257355,nan,nan,nan,-0.03139474242925644,-0.003647664561867714,-3.135955333709717,0.0004272315709386021,3135,3135,0.0190737247467041,24.885,1.03,99,4,21,0.91,895,0.0131231639534235,0.015194239094853401,0.02730666846036911,1500,1500,1452,1498,1897,1102,1897,1102
1783459508.4018,1.5004,0.02141,46.70,76,672789,0.502,GUIDED,GUIDED,128,0.7501989603042603,0.0,10.0,0.5,0.0,0.0,nan,nan,nan,nan,nan,nan,nan,nan,nan,nan,4.7580674827161475,6.278846367465834,9.841583364296413,0,0,-3.1335320472717285,-6.236247539520264,0.07638096809387207,-0.004798399284482002,-0.024594444781541824,0.047363314777612686,nan,nan,nan,-0.03139974921941757,-0.003626348450779915,-3.135938882827759,0.0007556664641015232,3135,3135,0.01946091651916504,24.89,1.03,99,4,21,0.91,895,0.0131231639534235,0.015194239094853401,0.02730666846036911,1500,1500,1452,1498,1897,1102,1897,1102
1783459508.4207,1.5204,0.01888,52.97,77,672808,0.521,GUIDED,GUIDED,128,0.7601903676986694,0.0,10.0,0.5,0.0,0.0,nan,nan,nan,nan,nan,nan,nan,nan,nan,nan,4.7684565526232605,6.278410187178133,9.842571577919673,0,0,-3.133744239807129,-6.236030101776123,0.07580810785293579,-0.0049054804258048534,-0.024468153715133667,0.047123510390520096,nan,nan,nan,-0.03141242638230324,-0.003634093329310417,-3.1359455585479736,-3.839412238448858e-05,3135,3135,0.01803278923034668,24.89,1.03,99,4,21,0.91,895,0.0131231639534235,0.015194239094853401,0.02730666846036911,1500,1500,1452,1498,1897,1102,1897,1102
1783459508.4405,1.5403,0.01981,50.49,78,672828,0.541,GUIDED,GUIDED,128,0.7701590061187744,0.0,10.0,0.5,0.0,0.0,nan,nan,nan,nan,nan,nan,nan,nan,nan,nan,4.778578517423423,6.276160941522586,9.84601364732232,0,0,-3.1340551376342773,-6.2351861000061035,0.07391154766082764,-0.004814506508409977,-0.02365683577954769,0.046231210231781006,nan,nan,nan,-0.03141540288925171,-0.0036262087523937225,-3.1359617710113525,-0.0007877754978835583,3135,3135,0.01898813247680664,24.89,1.03,99,4,21,0.91,895,0.0131231639534235,0.015194239094853401,0.02730666846036911,1500,1500,1452,1498,1897,1102,1897,1102
1783459508.4607,1.5603,0.02020,49.51,79,672848,0.561,GUIDED,GUIDED,128,0.7801675796508789,0.0,10.0,0.5,0.0,0.0,nan,nan,nan,nan,nan,nan,nan,nan,nan,nan,4.788970197030122,6.275208075014766,9.847046686045893,0,0,-3.1342527866363525,-6.235029697418213,0.07334494590759277,-0.004921580199152231,-0.023196997120976448,0.04596191272139549,nan,nan,nan,-0.03141559287905693,-0.003592211753129959,-3.135974168777466,-0.0003874182584695518,3135,3135,0.019343852996826172,24.89,1.03,99,4,21,0.91,895,0.0131231639534235,0.015194239094853401,0.02730666846036911,1500,1500,1452,1498,1897,1102,1897,1102
1783459508.4809,1.5804,0.02019,49.53,80,672868,0.581,GUIDED,GUIDED,128,0.7901812791824341,0.0,10.0,0.5,0.0,0.0,nan,nan,nan,nan,nan,nan,nan,nan,nan,nan,4.799298056182741,6.27328161023118,9.850292846615446,0,0,-3.134530544281006,-6.2342963218688965,0.07143539190292358,-0.004942596890032291,-0.0225081667304039,0.045190222561359406,nan,nan,nan,-0.031419333070516586,-0.003567442297935486,-3.135979175567627,-0.00033823488047346473,3135,3135,0.019202470779418945,24.89,1.03,99,4,21,0.91,895,0.0131231639534235,0.015194239094853401,0.02730666846036911,1500,1500,1452,1498,1897,1102,1897,1102
1783459508.5009,1.6004,0.01996,50.09,81,672889,0.601,GUIDED,GUIDED,128,0.8002127408981323,0.0,10.0,0.5,0.0,0.0,nan,nan,nan,nan,nan,nan,nan,nan,nan,nan,4.809472482924359,6.272025617036159,9.853210490738478,0,0,-3.13478946685791,-6.233646869659424,0.06974029541015625,-0.004875648766756058,-0.022157980129122734,0.04448438435792923,nan,nan,nan,-0.03141505643725395,-0.003544161096215248,-3.1359803676605225,-8.306746167363599e-05,3135,3135,0.019073963165283203,24.89,1.03,99,4,21,0.91,895,0.012615857645869255,0.013306744396686554,0.04178420826792717,1500,1500,1452,1498,1897,1102,1897,1102
1783459508.5204,1.6204,0.01950,51.28,82,672908,0.621,GUIDED,GUIDED,128,0.8102152347564697,0.0,10.0,0.5,0.0,0.0,nan,nan,nan,nan,nan,nan,nan,nan,nan,nan,4.819446603943744,6.271160242995212,9.854040597259067,0,0,-3.1348700523376465,-6.233030319213867,0.06935548782348633,-0.004812741652131081,-0.022014321759343147,0.04422729089856148,nan,nan,nan,-0.031427882611751556,-0.003532540053129196,-3.135986566543579,-0.00043882662430405617,3135,3135,0.01892542839050293,24.89,1.03,99,4,21,0.91,895,0.012615857645869255,0.013306744396686554,0.04178420826792717,1500,1500,1452,1498,1897,1102,1897,1102
1783459508.5406,1.6404,0.02020,49.51,83,672929,0.641,GUIDED,GUIDED,128,0.8201817274093628,0.0,10.0,0.5,0.0,0.0,nan,nan,nan,nan,nan,nan,nan,nan,nan,nan,4.829399066336036,6.267531373477699,9.856755040272416,0,0,-3.134925603866577,-6.231457233428955,0.06783533096313477,-0.004772568587213755,-0.020827414467930794,0.043537769466638565,nan,nan,nan,-0.03142653405666351,-0.0035321172326803207,-3.135997772216797,-0.0006013911333866417,3135,3135,0.019440174102783203,24.89,1.03,99,4,21,0.91,895,0.012615857645869255,0.013306744396686554,0.04178420826792717,1500,1500,1452,1498,1897,1102,1897,1102
1783459508.5607,1.6604,0.02015,49.63,84,672948,0.661,GUIDED,GUIDED,128,0.8301750421524048,0.0,10.0,0.5,0.0,0.0,nan,nan,nan,nan,nan,nan,nan,nan,nan,nan,4.839257386386231,6.2659047212991785,9.857638118724017,0,0,-3.1349966526031494,-6.230919361114502,0.06740319728851318,-0.004653609357774258,-0.02019880712032318,0.04327741637825966,nan,nan,nan,-0.03142869845032692,-0.003520241007208824,-3.1360018253326416,-0.00015556073049083352,3135,3135,0.019299983978271484,24.89,1.03,99,4,21,0.91,895,0.012615857645869255,0.013306744396686554,0.04178420826792717,1500,1500,1452,1498,1897,1102,1897,1102
1783459508.5808,1.6803,0.02007,49.84,85,672968,0.681,GUIDED,GUIDED,128,0.8401622772216797,0.0,10.0,0.5,0.0,0.0,nan,nan,nan,nan,nan,nan,nan,nan,nan,nan,4.848813993619095,6.262663232891102,9.860104962354237,0,0,-3.1350369453430176,-6.229529857635498,0.06584447622299194,-0.004381723236292601,-0.019129563122987747,0.04275311157107353,nan,nan,nan,-0.03142664581537247,-0.003489473834633827,-3.136000871658325,2.824002513079904e-05,3135,3135,0.019136667251586914,24.89,1.03,99,4,21,0.91,895,0.012615857645869255,0.013306744396686554,0.04178420826792717,1500,1500,1452,1498,1897,1102,1897,1102
1783459508.6009,1.7005,0.02017,49.59,86,672988,0.701,GUIDED,GUIDED,128,0.8502281904220581,0.0,10.0,0.5,0.0,0.0,nan,nan,nan,nan,nan,nan,nan,nan,nan,nan,4.858494491872706,6.259798886118319,9.862060352521608,0,0,-3.135063886642456,-6.2282514572143555,0.06446504592895508,-0.004143649246543646,-0.018213916569948196,0.042420580983161926,nan,nan,nan,-0.03142690658569336,-0.003467913717031479,-3.1360018253326416,-0.00020360082271508873,3135,3135,0.01921391487121582,24.89,1.03,99,4,21,0.91,895,0.012615857645869255,0.013306744396686554,0.04178420826792717,1500,1500,1452,1498,1897,1102,1897,1102
1783459508.6204,1.7203,0.01941,51.51,87,673008,0.720,GUIDED,GUIDED,128,0.8601685762405396,0.0,10.0,0.5,0.0,0.0,nan,nan,nan,nan,nan,nan,nan,nan,nan,nan,4.867987308510801,6.259686920247454,9.862590702655616,0,0,-3.1351163387298584,-6.227843284606934,0.06427556276321411,-0.003854961832985282,-0.01838493160903454,0.04222378134727478,nan,nan,nan,-0.031423795968294144,-0.0034620147198438644,-3.135988712310791,0.0005734505830332637,3135,3135,0.0188295841217041,24.89,1.03,99,4,21,0.91,895,0.012615857645869255,0.013306744396686554,0.04178420826792717,1500,1500,1452,1498,1897,1102,1897,1102
1783459508.6407,1.7404,0.02038,49.06,88,673029,0.741,GUIDED,GUIDED,128,0.8701868057250977,0.0,10.0,0.5,0.0,0.0,nan,nan,nan,nan,nan,nan,nan,nan,nan,nan,4.878260192824648,6.25734503135759,9.864550240656643,0,0,-3.135127544403076,-6.22673225402832,0.06315380334854126,-0.003995517268776894,-0.017674295231699944,0.041740089654922485,nan,nan,nan,-0.03143129497766495,-0.003437269479036331,-3.135997772216797,-0.00028698716778308153,3135,3135,0.01962876319885254,24.89,1.03,99,4,21,0.91,895,0.012615857645869255,0.013306744396686554,0.04178420826792717,1500,1500,1452,1498,1897,1102,1897,1102
1783459508.6607,1.7604,0.01994,50.14,89,673048,0.761,GUIDED,GUIDED,128,0.880221962928772,0.0,10.0,0.5,0.0,0.0,nan,nan,nan,nan,nan,nan,nan,nan,nan,nan,4.88807616041799,6.255956646228388,9.865069981838474,0,0,-3.1351706981658936,-6.22638463973999,0.06290090084075928,-0.003844053251668811,-0.017073405906558037,0.04158603027462959,nan,nan,nan,-0.03143381327390671,-0.0034300554543733597,-3.1359822750091553,0.0006330090691335499,3135,3135,0.019108295440673828,24.89,1.03,99,4,21,0.91,895,0.012615857645869255,0.013306744396686554,0.04178420826792717,1500,1500,1452,1498,1897,1102,1897,1102
1783459508.6807,1.7804,0.02005,49.88,90,673068,0.781,GUIDED,GUIDED,128,0.8901804685592651,0.0,10.0,0.5,0.0,0.0,nan,nan,nan,nan,nan,nan,nan,nan,nan,nan,4.897691458042213,6.253810336103196,9.866850377684933,0,0,-3.1351752281188965,-6.225415229797363,0.06172537803649902,-0.0036432866472750902,-0.01639392226934433,0.04123680666089058,nan,nan,nan,-0.031448815017938614,-0.0034187771379947662,-3.135993480682373,-0.00042200335883535445,3135,3135,0.019183635711669922,24.89,1.03,99,4,21,0.91,895,0.012615857645869255,0.013306744396686554,0.04178420826792717,1500,1500,1452,1498,1897,1102,1897,1102
1783459508.7009,1.8004,0.02017,49.58,91,673089,0.801,GUIDED,GUIDED,128,0.9001842737197876,0.0,10.0,0.5,0.0,0.0,nan,nan,nan,nan,nan,nan,nan,nan,nan,nan,4.907328946306283,6.252041141453753,9.868358432417867,0,0,-3.1351680755615234,-6.2245259284973145,0.060692787170410156,-0.003435923019424081,-0.015885915607213974,0.04096229746937752,nan,nan,nan,-0.03144044056534767,-0.0033700577914714813,-3.1359825134277344,0.0004503427480813116,3135,3135,0.019274473190307617,24.89,1.03,99,4,21,0.91,895,0.013021760620176792,0.017979696393013,0.018757591024041176,1500,1500,1452,1498,1897,1102,1897,1102
1783459508.7206,1.8204,0.01973,50.67,92,673108,0.821,GUIDED,GUIDED,128,0.9101766347885132,0.0,10.0,0.5,0.0,0.0,nan,nan,nan,nan,nan,nan,nan,nan,nan,nan,4.917081485003744,6.25026582409309,9.869794914861748,0,0,-3.1351730823516846,-6.223719120025635,0.05999743938446045,-0.0032945708371698856,-0.015326746739447117,0.040534403175115585,nan,nan,nan,-0.03143758326768875,-0.003325512632727623,-3.1359875202178955,-0.00028649927116930485,3135,3135,0.01888251304626465,24.89,1.03,99,4,21,0.91,895,0.013021760620176792,0.017979696393013,0.018757591024041176,1500,1500,1452,1498,1897,1102,1897,1102
1783459508.7407,1.8404,0.02006,49.84,93,673129,0.841,GUIDED,GUIDED,128,0.920189380645752,0.0,10.0,0.5,0.0,0.0,nan,nan,nan,nan,nan,nan,nan,nan,nan,nan,4.9268969516368815,6.247229066960359,9.872784315377686,0,0,-3.1351161003112793,-6.221909999847412,0.057989299297332764,-0.0032135702203959227,-0.01461797021329403,0.03996787220239639,nan,nan,nan,-0.03143957629799843,-0.003321360796689987,-3.135988235473633,4.390542017063126e-05,3135,3135,0.01922464370727539,24.89,1.03,99,4,21,0.91,895,0.013021760620176792,0.017979696393013,0.018757591024041176,1500,1500,1452,1498,1897,1102,1897,1102
1783459508.7604,1.8604,0.01973,50.69,94,673148,0.861,GUIDED,GUIDED,128,0.9302076101303101,0.0,10.0,0.5,0.0,0.0,nan,nan,nan,nan,nan,nan,nan,nan,nan,nan,4.937040852012024,6.245562060863217,9.873884525342902,0,0,-3.135115146636963,-6.2211995124816895,0.05729544162750244,-0.003286676947027445,-0.014065723866224289,0.03973326459527016,nan,nan,nan,-0.031460121273994446,-0.003322584554553032,-3.1359806060791016,0.0003713411861099303,3135,3135,0.01911616325378418,24.89,1.03,99,4,21,0.91,895,0.013021760620176792,0.017979696393013,0.018757591024041176,1500,1500,1452,1498,1897,1102,1897,1102
1783459508.7800,1.8802,0.01961,51.00,95,673168,0.880,GUIDED,GUIDED,128,0.9400938749313354,0.0,10.0,0.5,0.0,0.0,nan,nan,nan,nan,nan,nan,nan,nan,nan,nan,4.945954760988091,6.241507527583359,9.876757996288049,0,0,-3.1350491046905518,-6.219588756561279,0.05530935525894165,-0.0027634163852781057,-0.012654808349907398,0.03922093287110329,nan,nan,nan,-0.031458593904972076,-0.003291003406047821,-3.135984420776367,-0.00026217271806672215,3135,3135,0.019063234329223633,24.89,1.03,99,4,21,0.91,895,0.013021760620176792,0.017979696393013,0.018757591024041176,1500,1500,1452,1498,1897,1102,1897,1102
1783459508.8008,1.9005,0.02080,48.07,96,673189,0.901,GUIDED,GUIDED,128,0.9502286911010742,0.0,10.0,0.5,0.0,0.0,nan,nan,nan,nan,nan,nan,nan,nan,nan,nan,4.95593078876697,6.238025660270111,9.879363837370127,0,0,-3.1349756717681885,-6.218095779418945,0.05354869365692139,-0.0027141363825649023,-0.011506522074341774,0.038732968270778656,nan,nan,nan,-0.03146608546376228,-0.0032689981162548065,-3.135995388031006,-0.0006653882446698844,3135,3135,0.019824504852294922,24.89,1.03,99,4,21,0.91,895,0.013021760620176792,0.017979696393013,0.018757591024041176,1500,1500,1452,1498,1897,1102,1897,1102
1783459508.8199,1.9201,0.01905,52.51,97,673208,0.920,GUIDED,GUIDED,128,0.9600434303283691,0.0,10.0,0.5,0.0,0.0,nan,nan,nan,nan,nan,nan,nan,nan,nan,nan,4.965437603745799,6.237451214565285,9.879938706981823,0,0,-3.1349642276763916,-6.217505931854248,0.05312448740005493,-0.002542963484302163,-0.011515414342284203,0.03864598274230957,nan,nan,nan,-0.031468529254198074,-0.0032368451356887817,-3.1359915733337402,0.0001375098217977211,3135,3135,0.018562793731689453,24.89,1.03,99,4,21,0.91,895,0.013021760620176792,0.017979696393013,0.018757591024041176,1500,1500,1452,1498,1897,1102,1897,1102
1783459508.8407,1.9405,0.02081,48.05,98,673229,0.941,GUIDED,GUIDED,128,0.9702264070510864,0.0,10.0,0.5,0.0,0.0,nan,nan,nan,nan,nan,nan,nan,nan,nan,nan,4.975203056164226,6.235088555002769,9.8823161776522,0,0,-3.1348843574523926,-6.216186046600342,0.051664888858795166,-0.0023480188101530075,-0.010913368314504623,0.03811604902148247,nan,nan,nan,-0.03148551285266876,-0.003209199756383896,-3.135991334915161,3.9973383536562324e-07,3135,3135,0.019980430603027344,24.89,1.03,99,4,21,0.91,895,0.013021760620176792,0.017979696393013,0.018757591024041176,1500,1500,1452,1498,1897,1102,1897,1102
1783459508.8603,1.9603,0.01961,51.01,99,673248,0.960,GUIDED,GUIDED,128,0.9801584482192993,0.0,10.0,0.5,0.0,0.0,nan,nan,nan,nan,nan,nan,nan,nan,nan,nan,4.984910849863063,6.233493742395208,9.883189682556297,0,0,-3.134864091873169,-6.215669631958008,0.05120885372161865,-0.002230249810963869,-0.010290754958987236,0.03787502273917198,nan,nan,nan,-0.031491998583078384,-0.0032246243208646774,-3.135988473892212,-2.591012162156403e-05,3135,3135,0.0189821720123291,24.89,1.03,99,4,21,0.91,895,0.013021760620176792,0.017979696393013,0.018757591024041176,1500,1500,1452,1498,1897,1102,1897,1102
1783459508.8804,1.9804,0.02011,49.71,100,673268,0.981,GUIDED,GUIDED,128,0.9902218580245972,0.0,10.0,0.5,0.0,0.0,nan,nan,nan,nan,nan,nan,nan,nan,nan,nan,4.994556478203832,6.231138019796196,9.88510328342137,0,0,-3.1347742080688477,-6.214492321014404,0.04969209432601929,-0.0020409380085766315,-0.009610398672521114,0.03764590620994568,nan,nan,nan,-0.03150138631463051,-0.003230273723602295,-3.1359896659851074,-0.0001328535727225244,3135,3135,0.019520282745361328,24.89,1.03,99,4,21,0.91,895,0.013021760620176792,0.017979696393013,0.018757591024041176,1500,1500,1452,1498,1897,1102,1897,1102
1783459508.9012,2.0002,0.02074,48.21,101,673289,0.002,GUIDED,GUIDED,128,1.0000919103622437,0.0,10.0,0.5,0.0,0.0,nan,nan,nan,nan,nan,nan,nan,nan,nan,nan,5.004293655575272,6.228366979379702,9.887026232434435,0,0,-3.1346840858459473,-6.213407516479492,0.048375070095062256,-0.00201625470072031,-0.00863684993237257,0.037296075373888016,nan,nan,nan,-0.03150968998670578,-0.003185080364346504,-3.135995388031006,-0.0004322999739088118,3135,3135,0.019118547439575195,24.89,1.06,99,4,20,0.91,895,0.013585812412202358,0.015200545080006123,0.029094606637954712,1500,1500,1452,1498,1897,1102,1897,1102
1783459508.9203,2.0201,0.01912,52.31,102,673308,0.021,GUIDED,GUIDED,128,1.0100723505020142,0.0,10.0,0.5,0.0,0.0,nan,nan,nan,nan,nan,nan,nan,nan,nan,nan,5.013812676952319,6.226712403271206,9.888325647819078,0,0,-3.134650230407715,-6.212591648101807,0.047688961029052734,-0.0017694009002298117,-0.008152621798217297,0.03694198280572891,nan,nan,nan,-0.03151126205921173,-0.0031554773449897766,-3.1360104084014893,-0.0006126449443399906,3135,3135,0.018228769302368164,24.89,1.06,99,4,20,0.91,895,0.013585812412202358,0.015200545080006123,0.029094606637954712,1500,1500,1452,1498,1897,1102,1897,1102
1783459508.9399,2.0402,0.01960,51.01,103,673329,0.041,GUIDED,GUIDED,128,1.0200802087783813,0.0,10.0,0.5,0.0,0.0,nan,nan,nan,nan,nan,nan,nan,nan,nan,nan,5.02260179608083,6.224278994401401,9.891372113404593,0,0,-3.1345393657684326,-6.21088981628418,0.04573500156402588,-0.001129769254475832,-0.007730245590209961,0.03631122410297394,nan,nan,nan,-0.031516045331954956,-0.00314515084028244,-3.1360087394714355,-7.430182449752465e-05,3135,3135,0.019145965576171875,24.89,1.06,99,4,20,0.91,895,0.013585812412202358,0.015200545080006123,0.029094606637954712,1500,1500,1452,1498,1897,1102,1897,1102
1783459508.9598,2.0601,0.01990,50.25,104,673348,0.060,GUIDED,GUIDED,128,1.0300737619400024,0.0,10.0,0.5,0.0,0.0,nan,nan,nan,nan,nan,nan,nan,nan,nan,nan,5.032490770217979,6.223412551611501,9.892858432566348,0,0,-3.134490728378296,-6.210166931152344,0.04502767324447632,-0.0010974713368341327,-0.007647362537682056,0.03586147353053093,nan,nan,nan,-0.03152111917734146,-0.0031386855989694595,-3.1360104084014893,-6.543985364260152e-05,3135,3135,0.01946854591369629,24.89,1.06,99,4,20,0.91,895,0.013585812412202358,0.015200545080006123,0.029094606637954712,1500,1500,1452,1498,1897,1102,1897,1102
1783459508.9798,2.0801,0.02003,49.94,105,673368,0.080,GUIDED,GUIDED,128,1.04006826877594,0.0,10.0,0.5,0.0,0.0,nan,nan,nan,nan,nan,nan,nan,nan,nan,nan,5.041482716352142,6.2202437272773725,9.895464236647477,0,0,-3.1343657970428467,-6.208661079406738,0.04307955503463745,-0.0005907717859372497,-0.006687244866043329,0.035481758415699005,nan,nan,nan,-0.031530365347862244,-0.003139069303870201,-3.1360082626342773,8.622626774013042e-05,3135,3135,0.01960444450378418,24.89,1.06,99,4,20,0.91,895,0.013585812412202358,0.015200545080006123,0.029094606637954712,1500,1500,1452,1498,1897,1102,1897,1102
1783459508.9999,2.1001,0.02005,49.88,106,673389,0.100,GUIDED,GUIDED,128,1.0500714778900146,0.0,10.0,0.5,0.0,0.0,nan,nan,nan,nan,nan,nan,nan,nan,nan,nan,5.051143925318178,6.217034668930394,9.898291780425996,0,0,-3.1342382431030273,-6.207258701324463,0.041337013244628906,-0.00046696120989508927,-0.005644157528877258,0.03485533222556114,nan,nan,nan,-0.031535595655441284,-0.003123462200164795,-3.1360151767730713,-0.0002393380564171821,3135,3135,0.019548654556274414,24.89,1.06,99,4,20,0.91,895,0.013585812412202358,0.015200545080006123,0.029094606637954712,1500,1500,1452,1498,1897,1102,1897,1102
1783459509.0198,2.1202,0.01996,50.10,107,673408,0.120,GUIDED,GUIDED,128,1.060085415840149,0.0,10.0,0.5,0.0,0.0,nan,nan,nan,nan,nan,nan,nan,nan,nan,nan,5.060804419506158,6.215585772586904,9.89912447404213,0,0,-3.1341745853424072,-6.206650733947754,0.040894269943237305,-0.0002996531839016825,-0.005158646963536739,0.034630194306373596,nan,nan,nan,-0.03154774382710457,-0.003066776320338249,-3.136026382446289,-0.000596107798628509,3135,3135,0.01954197883605957,24.89,1.06,99,4,20,0.91,895,0.013585812412202358,0.015200545080006123,0.029094606637954712,1500,1500,1452,1498,1897,1102,1897,1102
1783459509.0399,2.1402,0.02009,49.77,108,673429,0.141,GUIDED,GUIDED,128,1.0700842142105103,0.0,10.0,0.5,0.0,0.0,nan,nan,nan,nan,nan,nan,nan,nan,nan,nan,5.069830867219145,6.213800206073245,9.901328893356395,0,0,-3.1340394020080566,-6.205399990081787,0.039439618587493896,0.00018368559540249407,-0.0048498669639229774,0.03419731557369232,nan,nan,nan,-0.031554605811834335,-0.003023732453584671,-3.1360180377960205,0.00044502399396151304,3135,3135,0.019561052322387695,24.89,1.06,99,4,20,0.91,895,0.013585812412202358,0.015200545080006123,0.029094606637954712,1500,1500,1452,1498,1897,1102,1897,1102
1783459509.0598,2.1601,0.01990,50.25,109,673448,0.160,GUIDED,GUIDED,128,1.0800741910934448,0.0,10.0,0.5,0.0,0.0,nan,nan,nan,nan,nan,nan,nan,nan,nan,nan,5.0798388812337265,6.213184734538724,9.902065397194898,0,0,-3.133967876434326,-6.204861164093018,0.03896266222000122,0.00013197654334362596,-0.00480561563745141,0.03404746577143669,nan,nan,nan,-0.03155599161982536,-0.0030160266906023026,-3.1360080242156982,0.00042548359488137066,3135,3135,0.019469499588012695,24.89,1.06,99,4,20,0.91,895,0.013585812412202358,0.015200545080006123,0.029094606637954712,1500,1500,1452,1498,1897,1102,1897,1102
1783459509.0798,2.1801,0.01998,50.05,110,673468,0.180,GUIDED,GUIDED,128,1.0900744199752808,0.0,10.0,0.5,0.0,0.0,nan,nan,nan,nan,nan,nan,nan,nan,nan,nan,5.0893906721603255,6.211481222704794,9.904072586833028,0,0,-3.133826971054077,-6.203761577606201,0.03745555877685547,0.0003095305582974106,-0.004456939175724983,0.0337587408721447,nan,nan,nan,-0.03156833350658417,-0.0030232928693294525,-3.1360130310058594,-0.00024886781466193497,3135,3135,0.019556760787963867,24.89,1.06,99,4,20,0.91,895,0.013585812412202358,0.015200545080006123,0.029094606637954712,1500,1500,1452,1498,1897,1102,1897,1102
1783459509.1006,2.2004,0.02077,48.15,111,673489,0.201,GUIDED,GUIDED,128,1.1002235412597656,0.0,10.0,0.5,0.0,0.0,nan,nan,nan,nan,nan,nan,nan,nan,nan,nan,5.09905889861016,6.209012142279795,9.906072899200268,0,0,-3.1336841583251953,-6.202746391296387,0.0361403226852417,0.0005047223530709743,-0.003617533016949892,0.033363211899995804,nan,nan,nan,-0.03158358484506607,-0.003018416464328766,-3.136021614074707,-0.00043408237979747355,3135,3135,0.020061254501342773,24.89,1.06,99,4,20,0.91,895,0.013851836323738098,0.013658635318279266,0.01927110180258751,1500,1500,1452,1498,1897,1102,1897,1102
1783459509.1204,2.2202,0.01988,50.29,112,673508,0.221,GUIDED,GUIDED,128,1.1100972890853882,0.0,10.0,0.5,0.0,0.0,nan,nan,nan,nan,nan,nan,nan,nan,nan,nan,5.108937917936292,6.2068832504973965,9.90696364546584,0,0,-3.133841037750244,-6.20196533203125,0.03546953201293945,0.0005922532291151583,-0.0028393615502864122,0.033236220479011536,nan,nan,nan,-0.03158918768167496,-0.00300016812980175,-3.136021375656128,-2.1876927348785102e-05,3135,3135,0.019090652465820312,24.89,1.06,99,4,20,0.91,895,0.013851836323738098,0.013658635318279266,0.01927110180258751,1500,1500,1452,1498,1897,1102,1897,1102
1783459509.1403,2.2404,0.01985,50.39,113,673529,0.241,GUIDED,GUIDED,128,1.120181918144226,0.0,10.0,0.5,0.0,0.0,nan,nan,nan,nan,nan,nan,nan,nan,nan,nan,5.11916906764592,6.204537903533014,9.909847862079886,0,0,-3.1341404914855957,-6.200433254241943,0.03363913297653198,0.0006805491866543889,-0.002369820373132825,0.03262779861688614,nan,nan,nan,-0.031584154814481735,-0.0029596611857414246,-3.136021137237549,2.7897800464415923e-05,3135,3135,0.019334793090820312,24.89,1.06,99,4,20,0.91,895,0.013851836323738098,0.013658635318279266,0.01927110180258751,1500,1500,1452,1498,1897,1102,1897,1102
1783459509.1608,2.2605,0.02052,48.72,114,673548,0.261,GUIDED,GUIDED,128,1.1302294731140137,0.0,10.0,0.5,0.0,0.0,nan,nan,nan,nan,nan,nan,nan,nan,nan,nan,5.1296321595975165,6.203420725062314,9.91094905113941,0,0,-3.134275197982788,-6.199731826782227,0.03297168016433716,0.0005184116307646036,-0.002129786415025592,0.03237738087773323,nan,nan,nan,-0.03157220780849457,-0.0029234327375888824,-3.1360127925872803,0.0004345848283264786,3135,3135,0.01974773406982422,24.89,1.06,99,4,20,0.91,895,0.013851836323738098,0.013658635318279266,0.01927110180258751,1500,1500,1452,1498,1897,1102,1897,1102
1783459509.1805,2.2804,0.01969,50.79,115,673568,0.281,GUIDED,GUIDED,128,1.1402114629745483,0.0,10.0,0.5,0.0,0.0,nan,nan,nan,nan,nan,nan,nan,nan,nan,nan,5.140353698714803,6.201524063610126,9.913614708328605,0,0,-3.1345369815826416,-6.1983747482299805,0.031152725219726562,0.00024257350014522672,-0.0018182580824941397,0.03188853710889816,nan,nan,nan,-0.03158486634492874,-0.00292784720659256,-3.136007785797119,0.0001932790910359472,3135,3135,0.019012928009033203,24.89,1.06,99,4,20,0.91,895,0.013851836323738098,0.013658635318279266,0.01927110180258751,1500,1500,1452,1498,1897,1102,1897,1102
1783459509.2009,2.3004,0.02045,48.91,116,673589,0.302,GUIDED,GUIDED,128,1.150181770324707,0.0,10.0,0.5,0.0,0.0,nan,nan,nan,nan,nan,nan,nan,nan,nan,nan,5.150216122026109,6.199636484568183,9.916360694763231,0,0,-3.1347742080688477,-6.197126865386963,0.029545485973358154,0.00044182315468788147,-0.0014489293098449707,0.03123108111321926,nan,nan,nan,-0.031585581600666046,-0.002952082082629204,-3.1360092163085938,7.372069376287982e-05,3135,3135,0.019389867782592773,24.89,1.06,99,4,20,0.91,895,0.013851836323738098,0.013658635318279266,0.01927110180258751,1500,1500,1452,1498,1897,1102,1897,1102
1783459509.2207,2.3203,0.01974,50.66,117,673608,0.321,GUIDED,GUIDED,128,1.1601619720458984,0.0,10.0,0.5,0.0,0.0,nan,nan,nan,nan,nan,nan,nan,nan,nan,nan,5.160328503222503,6.1979680745709915,9.916706162905717,0,0,-3.1348800659179688,-6.1965484619140625,0.029126405715942383,0.0004266263567842543,-0.0008196137496270239,0.031273581087589264,nan,nan,nan,-0.03156920149922371,-0.002947131171822548,-3.136018753051758,-0.0005196822457946837,3135,3135,0.01882624626159668,24.89,1.06,99,4,20,0.91,895,0.013851836323738098,0.013658635318279266,0.01927110180258751,1500,1500,1452,1498,1897,1102,1897,1102
1783459509.2404,2.3403,0.01969,50.79,118,673628,0.341,GUIDED,GUIDED,128,1.170166254043579,0.0,10.0,0.5,0.0,0.0,nan,nan,nan,nan,nan,nan,nan,nan,nan,nan,5.170640242563688,6.1950779103046525,9.918878018557413,0,0,-3.135082244873047,-6.195429801940918,0.027790725231170654,0.0003658438508864492,0.00020316473091952503,0.030790815129876137,nan,nan,nan,-0.03156157582998276,-0.0029203929007053375,-3.136016607284546,2.0664712792495266e-05,3135,3135,0.019054174423217773,24.89,1.06,99,4,20,0.91,895,0.013851836323738098,0.013658635318279266,0.01927110180258751,1500,1500,1452,1498,1897,1102,1897,1102
1783459509.2603,2.3604,0.01995,50.12,119,673648,0.361,GUIDED,GUIDED,128,1.180182695388794,0.0,10.0,0.5,0.0,0.0,nan,nan,nan,nan,nan,nan,nan,nan,nan,nan,5.181243786926643,6.194423821672165,9.919743744398058,0,0,-3.135175943374634,-6.194897651672363,0.02731853723526001,8.09766206657514e-05,0.00027356587816029787,0.030563605949282646,nan,nan,nan,-0.031547751277685165,-0.0028895605355501175,-3.13600754737854,0.0006271749152801931,3135,3135,0.019470930099487305,24.89,1.06,99,4,20,0.91,895,0.013851836323738098,0.013658635318279266,0.01927110180258751,1500,1500,1452,1498,1897,1102,1897,1102
1783459509.2806,2.3804,0.02029,49.30,120,673668,0.381,GUIDED,GUIDED,128,1.1902074813842773,0.0,10.0,0.5,0.0,0.0,nan,nan,nan,nan,nan,nan,nan,nan,nan,nan,5.191410253592996,6.193036735387564,9.921657860722934,0,0,-3.1353559494018555,-6.19390344619751,0.025909423828125,0.00010310377547284588,0.0005003957194276154,0.030272042378783226,nan,nan,nan,-0.031548336148262024,-0.002869989722967148,-3.1360061168670654,9.958917507901788e-05,3135,3135,0.019464969635009766,24.89,1.06,99,4,20,0.91,895,0.013851836323738098,0.013658635318279266,0.01927110180258751,1500,1500,1452,1498,1897,1102,1897,1102
1783459509.3006,2.4004,0.02003,49.93,121,673689,0.401,GUIDED,GUIDED,128,1.200183391571045,0.0,10.0,0.5,0.0,0.0,nan,nan,nan,nan,nan,nan,nan,nan,nan,nan,5.201318778253695,6.191980388940989,9.923755870404168,0,0,-3.1355173587799072,-6.1929931640625,0.02466273307800293,0.00023519857495557517,0.0005847259890288115,0.02978053316473961,nan,nan,nan,-0.0315457247197628,-0.0028641484677791595,-3.1360104084014893,-0.00016356605920009315,3135,3135,0.019316673278808594,24.89,1.06,99,4,20,0.91,895,0.014535542577505112,0.01760212704539299,0.01718628965318203,1500,1500,1452,1498,1897,1102,1897,1102
1783459509.3206,2.4204,0.01993,50.19,122,673708,0.421,GUIDED,GUIDED,128,1.2102078199386597,0.0,10.0,0.5,0.0,0.0,nan,nan,nan,nan,nan,nan,nan,nan,nan,nan,5.21138010307744,6.190088901870921,9.924999841158044,0,0,-3.1356709003448486,-6.192115306854248,0.023843765258789062,0.00030254365992732346,0.0011699454626068473,0.02953515760600567,nan,nan,nan,-0.03154170513153076,-0.0028849057853221893,-3.136021852493286,-0.000561530701816082,3135,3135,0.01918935775756836,24.89,1.06,99,4,20,0.91,895,0.014535542577505112,0.01760212704539299,0.01718628965318203,1500,1500,1452,1498,1897,1102,1897,1102
1783459509.3404,2.4403,0.01980,50.50,123,673729,0.441,GUIDED,GUIDED,128,1.2201615571975708,0.0,10.0,0.5,0.0,0.0,nan,nan,nan,nan,nan,nan,nan,nan,nan,nan,5.221667003340434,6.186747468709901,9.928419052554496,0,0,-3.1359620094299316,-6.190470218658447,0.02176898717880249,0.0002782638184726238,0.002149330684915185,0.028758948668837547,nan,nan,nan,-0.03154267743229866,-0.002865174785256386,-3.1360208988189697,-0.0001916437759064138,3135,3135,0.019169330596923828,24.89,1.06,99,4,20,0.91,895,0.014535542577505112,0.01760212704539299,0.01718628965318203,1500,1500,1452,1498,1897,1102,1897,1102
1783459509.3607,2.4604,0.02034,49.17,124,673748,0.461,GUIDED,GUIDED,128,1.230189323425293,0.0,10.0,0.5,0.0,0.0,nan,nan,nan,nan,nan,nan,nan,nan,nan,nan,5.2317385847704,6.18497256641551,9.929763595425818,0,0,-3.136094331741333,-6.189664840698242,0.020931005477905273,0.0003293634217698127,0.0027090858202427626,0.02846648544073105,nan,nan,nan,-0.03153779357671738,-0.002833729609847069,-3.1360220909118652,6.047117858543061e-05,3135,3135,0.019510269165039062,24.89,1.06,99,4,20,0.91,895,0.014535542577505112,0.01760212704539299,0.01718628965318203,1500,1500,1452,1498,1897,1102,1897,1102
1783459509.3807,2.4803,0.02004,49.90,125,673768,0.481,GUIDED,GUIDED,128,1.2401634454727173,0.0,10.0,0.5,0.0,0.0,nan,nan,nan,nan,nan,nan,nan,nan,nan,nan,5.242042165367259,6.182650489955539,9.932894153502328,0,0,-3.1363465785980225,-6.188185691833496,0.018870115280151367,0.000284785230178386,0.00319575029425323,0.02784891240298748,nan,nan,nan,-0.03154719993472099,-0.00280885212123394,-3.136007785797119,0.0005684859352186322,3135,3135,0.01912212371826172,24.89,1.06,99,4,20,0.91,895,0.014535542577505112,0.01760212704539299,0.01718628965318203,1500,1500,1452,1498,1897,1102,1897,1102
1783459509.4020,2.5004,0.02130,46.95,126,673789,0.503,GUIDED,GUIDED,128,1.2501835823059082,0.0,10.0,0.5,0.0,0.0,nan,nan,nan,nan,nan,nan,nan,nan,nan,nan,5.251998977114134,6.180626098622043,9.93576645874877,0,0,-3.1365742683410645,-6.186819553375244,0.017026305198669434,0.00045280272024683654,0.003575792768970132,0.027255110442638397,nan,nan,nan,-0.0315382219851017,-0.0028046052902936935,-3.1360044479370117,0.00029992437339387834,3135,3135,0.01915431022644043,24.887,1.03,99,4,20,0.91,895,0.014535542577505112,0.01760212704539299,0.01718628965318203,1500,1500,1452,1498,1897,1102,1897,1102
1783459509.4206,2.5203,0.01851,54.02,127,673808,0.521,GUIDED,GUIDED,128,1.26017427444458,0.0,10.0,0.5,0.0,0.0,nan,nan,nan,nan,nan,nan,nan,nan,nan,nan,5.262090406250956,6.179586774622961,9.936545906227552,0,0,-3.1366755962371826,-6.18613862991333,0.016443371772766113,0.0004531438753474504,0.003782715415582061,0.02714165300130844,nan,nan,nan,-0.03152663633227348,-0.002804374322295189,-3.1360104084014893,-0.00015578698366880417,3135,3135,0.01774120330810547,24.887,1.03,99,4,20,0.91,895,0.014535542577505112,0.01760212704539299,0.01718628965318203,1500,1500,1452,1498,1897,1102,1897,1102
1783459509.4403,2.5404,0.01979,50.53,128,673829,0.541,GUIDED,GUIDED,128,1.2701822519302368,0.0,10.0,0.5,0.0,0.0,nan,nan,nan,nan,nan,nan,nan,nan,nan,nan,5.271998100356162,6.17672927244098,9.939081068237979,0,0,-3.1368675231933594,-6.184915065765381,0.014887392520904541,0.0006218515918590128,0.00472606997936964,0.026576321572065353,nan,nan,nan,-0.031518492847681046,-0.0028206296265125275,-3.1360220909118652,-0.0006440782453864813,3135,3135,0.01916337013244629,24.887,1.03,99,4,20,0.91,895,0.014535542577505112,0.01760212704539299,0.01718628965318203,1500,1500,1452,1498,1897,1102,1897,1102
1783459509.4608,2.5605,0.02044,48.93,129,673848,0.561,GUIDED,GUIDED,128,1.280243992805481,0.0,10.0,0.5,0.0,0.0,nan,nan,nan,nan,nan,nan,nan,nan,nan,nan,5.282302631721852,6.175664275132811,9.939935726895627,0,0,-3.1369516849517822,-6.184287071228027,0.014268755912780762,0.0005302672507241368,0.004978373646736145,0.026440054178237915,nan,nan,nan,-0.03151896595954895,-0.0028071068227291107,-3.1360363960266113,-0.0009083576733246446,3135,3135,0.019637584686279297,24.887,1.03,99,4,20,0.91,895,0.014535542577505112,0.01760212704539299,0.01718628965318203,1500,1500,1452,1498,1897,1102,1897,1102
1783459509.4808,2.5804,0.01998,50.06,130,673868,0.581,GUIDED,GUIDED,128,1.290200114250183,0.0,10.0,0.5,0.0,0.0,nan,nan,nan,nan,nan,nan,nan,nan,nan,nan,5.2924763784943885,6.173778316240341,9.942134013762159,0,0,-3.137117385864258,-6.18318510055542,0.012651026248931885,0.0005002886755391955,0.005431009456515312,0.026104869320988655,nan,nan,nan,-0.03153526410460472,-0.0027659721672534943,-3.1360185146331787,0.0009136988082900643,3135,3135,0.01912069320678711,24.887,1.03,99,4,20,0.91,895,0.014535542577505112,0.01760212704539299,0.01718628965318203,1500,1500,1452,1498,1897,1102,1897,1102
1783459509.5008,2.6004,0.02007,49.83,131,673888,0.601,GUIDED,GUIDED,128,1.3002135753631592,0.0,10.0,0.5,0.0,0.0,nan,nan,nan,nan,nan,nan,nan,nan,nan,nan,5.302167902584514,6.172071056707643,9.944288873502595,0,0,-3.13726544380188,-6.18215799331665,0.011228561401367188,0.000771640392486006,0.005823695566505194,0.02568202093243599,nan,nan,nan,-0.03153529390692711,-0.002741418778896332,-3.1360130310058594,0.0005512404022738338,3135,3135,0.01907968521118164,24.887,1.03,99,4,20,0.91,895,0.015537932515144348,0.013576669618487358,0.022326074540615082,1500,1500,1452,1498,1897,1102,1897,1102
1783459509.5204,2.6204,0.01958,51.07,132,673908,0.621,GUIDED,GUIDED,128,1.3102076053619385,0.0,10.0,0.5,0.0,0.0,nan,nan,nan,nan,nan,nan,nan,nan,nan,nan,5.312684150250572,6.171318343551402,9.944888741353756,0,0,-3.1375341415405273,-6.181229114532471,0.010870516300201416,0.0006252705934457481,0.005721986293792725,0.025542404502630234,nan,nan,nan,-0.031534913927316666,-0.0027558039873838425,-3.1360011100769043,0.0005108384066261351,3135,3135,0.018958568572998047,24.887,1.03,99,4,20,0.91,895,0.015537932515144348,0.013576669618487358,0.022326074540615082,1500,1500,1452,1498,1897,1102,1897,1102
1783459509.5407,2.6404,0.02026,49.35,133,673929,0.641,GUIDED,GUIDED,128,1.3201966285705566,0.0,10.0,0.5,0.0,0.0,nan,nan,nan,nan,nan,nan,nan,nan,nan,nan,5.323806231725763,6.168595249539886,9.946549237165682,0,0,-3.1380538940429688,-6.179584503173828,0.009744226932525635,0.0002711783454287797,0.006344648543745279,0.025233980268239975,nan,nan,nan,-0.03153330087661743,-0.0027658790349960327,-3.1360023021698,-4.5751206926070154e-05,3135,3135,0.01944446563720703,24.887,1.03,99,4,20,0.91,895,0.015537932515144348,0.013576669618487358,0.022326074540615082,1500,1500,1452,1498,1897,1102,1897,1102
1783459509.5608,2.6604,0.02010,49.75,134,673948,0.661,GUIDED,GUIDED,128,1.3301875591278076,0.0,10.0,0.5,0.0,0.0,nan,nan,nan,nan,nan,nan,nan,nan,nan,nan,5.3338965618139955,6.166484291830727,9.946957193619532,0,0,-3.1382956504821777,-6.178736686706543,0.009321630001068115,0.00035336814471520483,0.007073923479765654,0.025242432951927185,nan,nan,nan,-0.031528621912002563,-0.0027732979506254196,-3.136017084121704,-0.0008357915794476867,3135,3135,0.01929950714111328,24.887,1.03,99,4,20,0.91,895,0.015537932515144348,0.013576669618487358,0.022326074540615082,1500,1500,1452,1498,1897,1102,1897,1102
1783459509.5807,2.6804,0.01998,50.06,135,673968,0.681,GUIDED,GUIDED,128,1.340196967124939,0.0,10.0,0.5,0.0,0.0,nan,nan,nan,nan,nan,nan,nan,nan,nan,nan,5.344646377917243,6.1636499519309265,9.948777422166458,0,0,-3.1387579441070557,-6.17724609375,0.008104383945465088,0.0001927986741065979,0.007849736139178276,0.02489430084824562,nan,nan,nan,-0.031523194164037704,-0.002747921273112297,-3.135995864868164,0.000981251010671258,3135,3135,0.019125699996948242,24.887,1.03,99,4,20,0.91,895,0.015537932515144348,0.013576669618487358,0.022326074540615082,1500,1500,1452,1498,1897,1102,1897,1102
1783459509.6008,2.7005,0.02009,49.77,136,673988,0.701,GUIDED,GUIDED,128,1.350235104560852,0.0,10.0,0.5,0.0,0.0,nan,nan,nan,nan,nan,nan,nan,nan,nan,nan,5.3557238906422056,6.161075907384357,9.950316095743947,0,0,-3.1391847133636475,-6.1758599281311035,0.007030189037322998,-0.00016088958363980055,0.008535558357834816,0.02462613396346569,nan,nan,nan,-0.03153233230113983,-0.00270095095038414,-3.135988235473633,0.0006141604389995337,3135,3135,0.019224166870117188,24.887,1.03,99,4,20,0.91,895,0.015537932515144348,0.013576669618487358,0.022326074540615082,1500,1500,1452,1498,1897,1102,1897,1102
1783459509.6204,2.7204,0.01956,51.12,137,674008,0.721,GUIDED,GUIDED,128,1.360181212425232,0.0,10.0,0.5,0.0,0.0,nan,nan,nan,nan,nan,nan,nan,nan,nan,nan,5.365876635197598,6.160343001445346,9.950668684240721,0,0,-3.139390468597412,-6.175115585327148,0.006798744201660156,-0.000161398493219167,0.008528955280780792,0.024556191638112068,nan,nan,nan,-0.031524378806352615,-0.0026741866022348404,-3.135977268218994,0.00039822072722017765,3135,3135,0.018955230712890625,24.887,1.03,99,4,20,0.91,895,0.015537932515144348,0.013576669618487358,0.022326074540615082,1500,1500,1452,1498,1897,1102,1897,1102
1783459509.6404,2.7404,0.02005,49.88,138,674028,0.741,GUIDED,GUIDED,128,1.3701823949813843,0.0,10.0,0.5,0.0,0.0,nan,nan,nan,nan,nan,nan,nan,nan,nan,nan,5.376424619803462,6.158483580626352,9.951921855297883,0,0,-3.1397745609283447,-6.173873424530029,0.005929887294769287,-0.0002553389931563288,0.008885330520570278,0.02433430776000023,nan,nan,nan,-0.031511858105659485,-0.0026842523366212845,-3.1359775066375732,-2.7149450033903122e-05,3135,3135,0.019448041915893555,24.887,1.03,99,4,20,0.91,895,0.015537932515144348,0.013576669618487358,0.022326074540615082,1500,1500,1452,1498,1897,1102,1897,1102
1783459509.6608,2.7604,0.02036,49.12,139,674048,0.761,GUIDED,GUIDED,128,1.380202054977417,0.0,10.0,0.5,0.0,0.0,nan,nan,nan,nan,nan,nan,nan,nan,nan,nan,5.386586581876274,6.1569343064507605,9.952229969823792,0,0,-3.139958381652832,-6.173188209533691,0.0056244730949401855,-0.000231368190725334,0.009384195320308208,0.024332748726010323,nan,nan,nan,-0.0315050445497036,-0.002694731578230858,-3.136000871658325,-0.0013619884848594666,3135,3135,0.019482135772705078,24.887,1.03,99,4,20,0.91,895,0.015537932515144348,0.013576669618487358,0.022326074540615082,1500,1500,1452,1498,1897,1102,1897,1102
1783459509.6807,2.7804,0.01987,50.32,140,674068,0.781,GUIDED,GUIDED,128,1.3901824951171875,0.0,10.0,0.5,0.0,0.0,nan,nan,nan,nan,nan,nan,nan,nan,nan,nan,5.396896013966781,6.154277969363202,9.953661814150353,0,0,-3.1402981281280518,-6.172057151794434,0.004627048969268799,-0.0002251590631203726,0.010264815762639046,0.024081936106085777,nan,nan,nan,-0.03150478005409241,-0.0026878472417593002,-3.1360180377960205,-0.0008546270546503365,3135,3135,0.019045114517211914,24.887,1.03,99,4,20,0.91,895,0.015537932515144348,0.013576669618487358,0.022326074540615082,1500,1500,1452,1498,1897,1102,1897,1102
1783459509.7008,2.8004,0.02015,49.63,141,674089,0.801,GUIDED,GUIDED,128,1.4002009630203247,0.0,10.0,0.5,0.0,0.0,nan,nan,nan,nan,nan,nan,nan,nan,nan,nan,5.407143124228613,6.1521740833057965,9.954830958277686,0,0,-3.140610694885254,-6.170994281768799,0.0037661194801330566,-0.00017670528905000538,0.010865846648812294,0.023903988301753998,nan,nan,nan,-0.03149889409542084,-0.0026539508253335953,-3.1360013484954834,0.0008214100380428135,3135,3135,0.01932525634765625,24.887,1.03,99,4,20,0.91,895,0.01570216566324234,0.014006966724991798,0.007802349515259266,1500,1500,1452,1498,1897,1102,1897,1102
1783459509.7203,2.8203,0.01951,51.26,142,674108,0.821,GUIDED,GUIDED,128,1.410162091255188,0.0,10.0,0.5,0.0,0.0,nan,nan,nan,nan,nan,nan,nan,nan,nan,nan,5.417873273945487,6.150333009557187,9.955950261016758,0,0,-3.1409592628479004,-6.169753551483154,0.0030807852745056152,-0.0004194542416371405,0.011212455108761787,0.023653436452150345,nan,nan,nan,-0.031492866575717926,-0.002613728865981102,-3.1359920501708984,0.0006446882616728544,3135,3135,0.018929719924926758,24.887,1.03,99,4,20,0.91,895,0.01570216566324234,0.014006966724991798,0.007802349515259266,1500,1500,1452,1498,1897,1102,1897,1102
1783459509.7400,2.8402,0.01971,50.73,143,674129,0.841,GUIDED,GUIDED,128,1.4200924634933472,0.0,10.0,0.5,0.0,0.0,nan,nan,nan,nan,nan,nan,nan,nan,nan,nan,5.429107138369884,6.147196553213609,9.958677254101856,0,0,-3.141611337661743,-6.167623519897461,0.0013527870178222656,-0.0007955502369441092,0.011793514713644981,0.02307666651904583,nan,nan,nan,-0.03149011358618736,-0.0025954190641641617,-3.135972499847412,0.0011058107484132051,3135,3135,0.019133567810058594,24.887,1.03,99,4,20,0.91,895,0.01570216566324234,0.014006966724991798,0.007802349515259266,1500,1500,1452,1498,1897,1102,1897,1102
1783459509.7607,2.8604,0.02069,48.34,144,674148,0.861,GUIDED,GUIDED,128,1.4301774501800537,0.0,10.0,0.5,0.0,0.0,nan,nan,nan,nan,nan,nan,nan,nan,nan,nan,5.4396932059719845,6.145443452229625,9.959740916894773,0,0,-3.1419312953948975,-6.166486740112305,0.000631868839263916,-0.0009001217549666762,0.012149347923696041,0.02287878282368183,nan,nan,nan,-0.03148604929447174,-0.0026015862822532654,-3.135972499847412,1.3385295460466295e-05,3135,3135,0.019745349884033203,24.887,1.03,99,4,20,0.91,895,0.01570216566324234,0.014006966724991798,0.007802349515259266,1500,1500,1452,1498,1897,1102,1897,1102
1783459509.7805,2.8804,0.01973,50.69,145,674168,0.881,GUIDED,GUIDED,128,1.4402062892913818,0.0,10.0,0.5,0.0,0.0,nan,nan,nan,nan,nan,nan,nan,nan,nan,nan,5.4505680788475095,6.14141654156544,9.962387802762555,0,0,-3.142519474029541,-6.164555072784424,-0.0011279582977294922,-0.0010489944834262133,0.013359037227928638,0.022366639226675034,nan,nan,nan,-0.03147701174020767,-0.002616696059703827,-3.1359946727752686,-0.0010781418532133102,3135,3135,0.01909661293029785,24.887,1.03,99,4,20,0.91,895,0.01570216566324234,0.014006966724991798,0.007802349515259266,1500,1500,1452,1498,1897,1102,1897,1102
1783459509.8008,2.9004,0.02031,49.24,146,674189,0.901,GUIDED,GUIDED,128,1.4501858949661255,0.0,10.0,0.5,0.0,0.0,nan,nan,nan,nan,nan,nan,nan,nan,nan,nan,5.4613485977807965,6.137896191057104,9.964442591662074,0,0,-3.143066883087158,-6.162733554840088,-0.0026819705963134766,-0.0011953552020713687,0.014339858666062355,0.022077515721321106,nan,nan,nan,-0.03146683797240257,-0.002596188336610794,-3.135998010635376,-0.00023732676345389336,3135,3135,0.019414901733398438,24.887,1.03,99,4,20,0.91,895,0.01570216566324234,0.014006966724991798,0.007802349515259266,1500,1500,1452,1498,1897,1102,1897,1102
1783459509.8207,2.9204,0.01992,50.20,147,674208,0.921,GUIDED,GUIDED,128,1.4601783752441406,0.0,10.0,0.5,0.0,0.0,nan,nan,nan,nan,nan,nan,nan,nan,nan,nan,5.471492302636056,6.135689749298999,9.965404316514988,0,0,-3.1433370113372803,-6.161719799041748,-0.0031827688217163086,-0.0011267061345279217,0.015028456225991249,0.02181139960885048,nan,nan,nan,-0.031456366181373596,-0.002570081502199173,-3.135993242263794,0.00024243755615316331,3135,3135,0.019129276275634766,24.887,1.03,99,4,20,0.91,895,0.01570216566324234,0.014006966724991798,0.007802349515259266,1500,1500,1452,1498,1897,1102,1897,1102
1783459509.8405,2.9403,0.01984,50.40,148,674229,0.941,GUIDED,GUIDED,128,1.4701741933822632,0.0,10.0,0.5,0.0,0.0,nan,nan,nan,nan,nan,nan,nan,nan,nan,nan,5.482204339713061,6.133196625971657,9.967116434709993,0,0,-3.1438255310058594,-6.160061836242676,-0.004496574401855469,-0.0012581683695316315,0.015510636381804943,0.021581433713436127,nan,nan,nan,-0.03144717961549759,-0.002537662163376808,-3.1359715461730957,0.0010019456967711449,3135,3135,0.01919388771057129,24.887,1.03,99,4,20,0.91,895,0.01570216566324234,0.014006966724991798,0.007802349515259266,1500,1500,1452,1498,1897,1102,1897,1102
1783459509.8603,2.9603,0.01980,50.50,149,674248,0.961,GUIDED,GUIDED,128,1.4801708459854126,0.0,10.0,0.5,0.0,0.0,nan,nan,nan,nan,nan,nan,nan,nan,nan,nan,5.492560545883438,6.131935336170113,9.968302553700237,0,0,-3.144070863723755,-6.159112453460693,-0.005042374134063721,-0.0013241138076409698,0.015690715983510017,0.021211745217442513,nan,nan,nan,-0.031439345329999924,-0.0025136787444353104,-3.135969400405884,0.000381698424462229,3135,3135,0.019204378128051758,24.887,1.03,99,4,20,0.91,895,0.01570216566324234,0.014006966724991798,0.007802349515259266,1500,1500,1452,1498,1897,1102,1897,1102
1783459509.8806,2.9804,0.02024,49.42,150,674269,0.981,GUIDED,GUIDED,128,1.4901907444000244,0.0,10.0,0.5,0.0,0.0,nan,nan,nan,nan,nan,nan,nan,nan,nan,nan,5.503527993504127,6.12958367703517,9.970315964472361,0,0,-3.144512414932251,-6.157598495483398,-0.006440520286560059,-0.0016162518877536058,0.01617436297237873,0.020856522023677826,nan,nan,nan,-0.031426288187503815,-0.0025100521743297577,-3.1359944343566895,-0.0013362092431634665,3135,3135,0.01946282386779785,24.887,1.03,99,4,20,0.91,895,0.01570216566324234,0.014006966724991798,0.007802349515259266,1500,1500,1452,1498,1897,1102,1897,1102
1783459509.9024,3.0004,0.02181,45.85,151,674289,0.003,GUIDED,GUIDED,128,1.5001956224441528,0.0,10.0,0.5,0.0,0.0,nan,nan,nan,nan,nan,nan,nan,nan,nan,nan,5.514150566236409,6.126809387909431,9.97199432974366,0,0,-3.1449246406555176,-6.156177043914795,-0.007684946060180664,-0.001734879449941218,0.0169554241001606,0.020605986937880516,nan,nan,nan,-0.03142622485756874,-0.0025135017931461334,-3.136005401611328,-0.000787554366979748,3135,3135,0.019377708435058594,24.892,1.05,99,4,20,0.91,895,0.016259687021374702,0.014306544326245785,0.02702256664633751,1500,1500,1452,1498,1897,1102,1897,1102
1783459509.9211,3.0204,0.01872,53.42,152,674308,0.021,GUIDED,GUIDED,128,1.510186791419983,0.0,10.0,0.5,0.0,0.0,nan,nan,nan,nan,nan,nan,nan,nan,nan,nan,5.524334138018327,6.124620199485239,9.973314395970915,0,0,-3.1450796127319336,-6.155016899108887,-0.0085105299949646,-0.0017564900917932391,0.01754954271018505,0.020320497453212738,nan,nan,nan,-0.03142699971795082,-0.0024823322892189026,-3.1360058784484863,-6.602586654480547e-05,3135,3135,0.017446041107177734,24.892,1.05,99,4,20,0.91,895,0.016259687021374702,0.014306544326245785,0.02702256664633751,1500,1500,1452,1498,1897,1102,1897,1102
1783459509.9406,3.0404,0.01947,51.36,153,674329,0.041,GUIDED,GUIDED,128,1.5202178955078125,0.0,10.0,0.5,0.0,0.0,nan,nan,nan,nan,nan,nan,nan,nan,nan,nan,5.534416813281191,6.120999613205112,9.97619885319857,0,0,-3.145339250564575,-6.153127670288086,-0.010421276092529297,-0.0016363627510145307,0.01854914240539074,0.019758325070142746,nan,nan,nan,-0.03142821043729782,-0.0024452153593301773,-3.136003017425537,0.00034719391260296106,3135,3135,0.018815040588378906,24.892,1.05,99,4,20,0.91,895,0.016259687021374702,0.014306544326245785,0.02702256664633751,1500,1500,1452,1498,1897,1102,1897,1102
1783459509.9605,3.0605,0.01993,50.18,154,674348,0.061,GUIDED,GUIDED,128,1.5302293300628662,0.0,10.0,0.5,0.0,0.0,nan,nan,nan,nan,nan,nan,nan,nan,nan,nan,5.544552488900348,6.119659050140728,9.977492057815079,0,0,-3.1454761028289795,-6.1520514488220215,-0.011284351348876953,-0.0016290816711261868,0.018701760098338127,0.019509989768266678,nan,nan,nan,-0.031432103365659714,-0.002419261261820793,-3.1359851360321045,0.000746222969610244,3135,3135,0.019378185272216797,24.892,1.05,99,4,20,0.91,895,0.016259687021374702,0.014306544326245785,0.02702256664633751,1500,1500,1452,1498,1897,1102,1897,1102
1783459509.9807,3.0805,0.02017,49.59,155,674368,0.081,GUIDED,GUIDED,128,1.5402309894561768,0.0,10.0,0.5,0.0,0.0,nan,nan,nan,nan,nan,nan,nan,nan,nan,nan,5.554837487971818,6.116936981391689,9.980483962931471,0,0,-3.145702838897705,-6.150333404541016,-0.01322317123413086,-0.001661761780269444,0.019281433895230293,0.018901990726590157,nan,nan,nan,-0.031427010893821716,-0.0024129990488290787,-3.1359894275665283,-0.0001896218745969236,3135,3135,0.019456148147583008,24.892,1.05,99,4,20,0.91,895,0.016259687021374702,0.014306544326245785,0.02702256664633751,1500,1500,1452,1498,1897,1102,1897,1102
1783459510.0011,3.1005,0.02040,49.01,156,674389,0.101,GUIDED,GUIDED,128,1.5502407550811768,0.0,10.0,0.5,0.0,0.0,nan,nan,nan,nan,nan,nan,nan,nan,nan,nan,5.565054959628032,6.114024888853474,9.982869685308147,0,0,-3.145911931991577,-6.148712158203125,-0.014959931373596191,-0.0016609609592705965,0.02002670429646969,0.018527312204241753,nan,nan,nan,-0.03143753111362457,-0.00241689570248127,-3.1360037326812744,-0.0009167833486571908,3135,3135,0.019352197647094727,24.892,1.05,99,4,20,0.91,895,0.016259687021374702,0.014306544326245785,0.02702256664633751,1500,1500,1452,1498,1897,1102,1897,1102
1783459510.0208,3.1204,0.01971,50.73,157,674408,0.121,GUIDED,GUIDED,128,1.560184359550476,0.0,10.0,0.5,0.0,0.0,nan,nan,nan,nan,nan,nan,nan,nan,nan,nan,5.575244050581785,6.112169839733237,9.983658538046324,0,0,-3.1460249423980713,-6.147745132446289,-0.015586674213409424,-0.0017374460585415363,0.020539404824376106,0.018433718010783195,nan,nan,nan,-0.031431932002305984,-0.0024095047265291214,-3.1360127925872803,-0.0005001555546186864,3135,3135,0.018833398818969727,24.892,1.05,99,4,20,0.91,895,0.016259687021374702,0.014306544326245785,0.02702256664633751,1500,1500,1452,1498,1897,1102,1897,1102
1783459510.0408,3.1404,0.01999,50.03,158,674429,0.141,GUIDED,GUIDED,128,1.5701844692230225,0.0,10.0,0.5,0.0,0.0,nan,nan,nan,nan,nan,nan,nan,nan,nan,nan,5.585420773108391,6.109306355824861,9.986070637426794,0,0,-3.1462066173553467,-6.146254062652588,-0.01706165075302124,-0.0017345234518870711,0.021331768482923508,0.01789266988635063,nan,nan,nan,-0.031432922929525375,-0.002374120056629181,-3.1360085010528564,-5.3292111260816455e-05,3135,3135,0.019103527069091797,24.892,1.05,99,4,20,0.91,895,0.016259687021374702,0.014306544326245785,0.02702256664633751,1500,1500,1452,1498,1897,1102,1897,1102
1783459510.0606,3.1604,0.01988,50.29,159,674448,0.161,GUIDED,GUIDED,128,1.5801934003829956,0.0,10.0,0.5,0.0,0.0,nan,nan,nan,nan,nan,nan,nan,nan,nan,nan,5.595560830346168,6.108230608972097,9.987162714562048,0,0,-3.146310329437256,-6.145324230194092,-0.017727553844451904,-0.0017503509297966957,0.021416012197732925,0.01764661818742752,nan,nan,nan,-0.03143707662820816,-0.0023570526391267776,-3.135993480682373,0.0007872618734836578,3135,3135,0.01917290687561035,24.892,1.05,99,4,20,0.91,895,0.016259687021374702,0.014306544326245785,0.02702256664633751,1500,1500,1452,1498,1897,1102,1897,1102
1783459510.0803,3.1802,0.01968,50.81,160,674468,0.181,GUIDED,GUIDED,128,1.5901025533676147,0.0,10.0,0.5,0.0,0.0,nan,nan,nan,nan,nan,nan,nan,nan,nan,nan,5.605901448276689,6.106703263310516,9.989452048060592,0,0,-3.1464693546295166,-6.143958568572998,-0.019287467002868652,-0.0019076440948992968,0.021509360522031784,0.017225487157702446,nan,nan,nan,-0.031443893909454346,-0.0023579709231853485,-3.1359899044036865,0.0003352020576130599,3135,3135,0.019016504287719727,24.892,1.05,99,4,20,0.91,895,0.016259687021374702,0.014306544326245785,0.02702256664633751,1500,1500,1452,1498,1897,1102,1897,1102
1783459510.1009,3.2005,0.02056,48.65,161,674489,0.201,GUIDED,GUIDED,128,1.6002285480499268,0.0,10.0,0.5,0.0,0.0,nan,nan,nan,nan,nan,nan,nan,nan,nan,nan,5.615996657520537,6.104581423049598,9.991516837271604,0,0,-3.146613359451294,-6.14268684387207,-0.0206906795501709,-0.0018067288910970092,0.022000174969434738,0.01684352569282055,nan,nan,nan,-0.031459372490644455,-0.002354724332690239,-3.135997772216797,-0.00046646827831864357,3135,3135,0.019589900970458984,24.892,1.05,99,4,20,0.91,895,0.017175571992993355,0.01631334237754345,0.019590230658650398,1500,1500,1452,1498,1897,1102,1897,1102
1783459510.1207,3.2204,0.01977,50.57,162,674508,0.221,GUIDED,GUIDED,128,1.6101785898208618,0.0,10.0,0.5,0.0,0.0,nan,nan,nan,nan,nan,nan,nan,nan,nan,nan,5.625938699005947,6.102516983893974,9.992761702280474,0,0,-3.146820068359375,-6.1415276527404785,-0.021498382091522217,-0.001682766480371356,0.0225228201597929,0.016591129824519157,nan,nan,nan,-0.03146951645612717,-0.0023528821766376495,-3.1360106468200684,-0.0006233860040083528,3135,3135,0.019000530242919922,24.892,1.05,99,4,20,0.91,895,0.017175571992993355,0.01631334237754345,0.019590230658650398,1500,1500,1452,1498,1897,1102,1897,1102
1783459510.1399,3.2402,0.01922,52.02,163,674529,0.240,GUIDED,GUIDED,128,1.6201094388961792,0.0,10.0,0.5,0.0,0.0,nan,nan,nan,nan,nan,nan,nan,nan,nan,nan,5.636316456679924,6.099105408467594,9.995340244590345,0,0,-3.147169589996338,-6.139735698699951,-0.023309767246246338,-0.0017389928689226508,0.023457909002900124,0.016148211434483528,nan,nan,nan,-0.031474679708480835,-0.002336442470550537,-3.1360137462615967,-0.0003017688577529043,3135,3135,0.018798828125,24.892,1.05,99,4,20,0.91,895,0.017175571992993355,0.01631334237754345,0.019590230658650398,1500,1500,1452,1498,1897,1102,1897,1102
1783459510.1605,3.2603,0.02063,48.47,164,674548,0.261,GUIDED,GUIDED,128,1.6301627159118652,0.0,10.0,0.5,0.0,0.0,nan,nan,nan,nan,nan,nan,nan,nan,nan,nan,5.64648635250121,6.0971947228366865,9.99655781899784,0,0,-3.147348642349243,-6.138644218444824,-0.02415609359741211,-0.0017029468435794115,0.023930877447128296,0.015933871269226074,nan,nan,nan,-0.03147680312395096,-0.0023081954568624496,-3.136012554168701,0.0002619785664137453,3135,3135,0.019828081130981445,24.892,1.05,99,4,20,0.91,895,0.017175571992993355,0.01631334237754345,0.019590230658650398,1500,1500,1452,1498,1897,1102,1897,1102
1783459510.1805,3.2805,0.02001,49.97,165,674568,0.281,GUIDED,GUIDED,128,1.6402283906936646,0.0,10.0,0.5,0.0,0.0,nan,nan,nan,nan,nan,nan,nan,nan,nan,nan,5.657014263791112,6.0952090548309865,9.999197904974723,0,0,-3.147656202316284,-6.1370015144348145,-0.0260125994682312,-0.0017922493861988187,0.024128887802362442,0.015481471084058285,nan,nan,nan,-0.031479787081480026,-0.0022873058915138245,-3.1359975337982178,0.000697893206961453,3135,3135,0.01938486099243164,24.892,1.05,99,4,20,0.91,895,0.017175571992993355,0.01631334237754345,0.019590230658650398,1500,1500,1452,1498,1897,1102,1897,1102
1783459510.2009,3.3004,0.02036,49.13,166,674589,0.301,GUIDED,GUIDED,128,1.6501874923706055,0.0,10.0,0.5,0.0,0.0,nan,nan,nan,nan,nan,nan,nan,nan,nan,nan,5.667383163729526,6.09310448908745,10.001559254846073,0,0,-3.147937059402466,-6.1354594230651855,-0.02768099308013916,-0.0018666936084628105,0.024453632533550262,0.015081392601132393,nan,nan,nan,-0.03149080649018288,-0.0022990405559539795,-3.136000394821167,-0.00017926334112416953,3135,3135,0.019345760345458984,24.892,1.05,99,4,20,0.91,895,0.017175571992993355,0.01631334237754345,0.019590230658650398,1500,1500,1452,1498,1897,1102,1897,1102
1783459510.2209,3.3204,0.01998,50.06,167,674608,0.321,GUIDED,GUIDED,128,1.6601831912994385,0.0,10.0,0.5,0.0,0.0,nan,nan,nan,nan,nan,nan,nan,nan,nan,nan,5.677291191183974,6.091358604627842,10.002700866750613,0,0,-3.1480870246887207,-6.1344804763793945,-0.028303802013397217,-0.001729493960738182,0.024896424263715744,0.014781861566007137,nan,nan,nan,-0.03148512914776802,-0.002316482365131378,-3.1360108852386475,-0.00037179404171183705,3135,3135,0.01900315284729004,24.892,1.05,99,4,20,0.91,895,0.017175571992993355,0.01631334237754345,0.019590230658650398,1500,1500,1452,1498,1897,1102,1897,1102
1783459510.2408,3.3404,0.01992,50.21,168,674629,0.341,GUIDED,GUIDED,128,1.6701891422271729,0.0,10.0,0.5,0.0,0.0,nan,nan,nan,nan,nan,nan,nan,nan,nan,nan,5.687678601988232,6.088714859739369,10.00444379102348,0,0,-3.148331880569458,-6.133066654205322,-0.02972644567489624,-0.001808362314477563,0.025606520473957062,0.014596947468817234,nan,nan,nan,-0.031486622989177704,-0.0023151133209466934,-3.1360182762145996,-0.0003341746923979372,3135,3135,0.01905035972595215,24.892,1.05,99,4,20,0.91,895,0.017175571992993355,0.01631334237754345,0.019590230658650398,1500,1500,1452,1498,1897,1102,1897,1102
1783459510.2606,3.3603,0.01984,50.41,169,674648,0.361,GUIDED,GUIDED,128,1.6801624298095703,0.0,10.0,0.5,0.0,0.0,nan,nan,nan,nan,nan,nan,nan,nan,nan,nan,5.698033672713002,6.086733065857217,10.00511794891488,0,0,-3.148466110229492,-6.132119178771973,-0.030307769775390625,-0.0019512873841449618,0.026203684508800507,0.014543349854648113,nan,nan,nan,-0.03149363771080971,-0.0023123491555452347,-3.1360182762145996,4.9347945605404675e-06,3135,3135,0.01903390884399414,24.892,1.05,99,4,20,0.91,895,0.017175571992993355,0.01631334237754345,0.019590230658650398,1500,1500,1452,1498,1897,1102,1897,1102
1783459510.2804,3.3803,0.01980,50.49,170,674668,0.381,GUIDED,GUIDED,128,1.69017493724823,0.0,10.0,0.5,0.0,0.0,nan,nan,nan,nan,nan,nan,nan,nan,nan,nan,5.7080992268752055,6.084805360097646,10.007188026134484,0,0,-3.148683547973633,-6.13079833984375,-0.03164947032928467,-0.0018563761841505766,0.026554059237241745,0.014122821390628815,nan,nan,nan,-0.03150440752506256,-0.002281034365296364,-3.1360063552856445,0.0004656022065319121,3135,3135,0.019164562225341797,24.892,1.05,99,4,20,0.91,895,0.017175571992993355,0.01631334237754345,0.019590230658650398,1500,1500,1452,1498,1897,1102,1897,1102
1783459510.3007,3.4005,0.02027,49.35,171,674689,0.401,GUIDED,GUIDED,128,1.700242519378662,0.0,10.0,0.5,0.0,0.0,nan,nan,nan,nan,nan,nan,nan,nan,nan,nan,5.718696915576087,6.082742514353556,10.009233952248742,0,0,-3.148881435394287,-6.129552841186523,-0.032851576805114746,-0.002048182999715209,0.02702595479786396,0.013635641895234585,nan,nan,nan,-0.031495481729507446,-0.002270851284265518,-3.136003255844116,0.0002214198757428676,3135,3135,0.01952528953552246,24.892,1.05,99,4,20,0.91,895,0.01554824784398079,0.0046154591254889965,0.01285499520599842,1500,1500,1452,1498,1897,1102,1897,1102
1783459510.3208,3.4204,0.02009,49.77,172,674708,0.421,GUIDED,GUIDED,128,1.7101836204528809,0.0,10.0,0.5,0.0,0.0,nan,nan,nan,nan,nan,nan,nan,nan,nan,nan,5.7290699426674525,6.0813908450864815,10.010673470880047,0,0,-3.1491804122924805,-6.12838888168335,-0.03382676839828491,-0.002124941209331155,0.027134329080581665,0.013367562554776669,nan,nan,nan,-0.03148980438709259,-0.0022787023335695267,-3.1360175609588623,-0.0008268565870821476,3135,3135,0.019191741943359375,24.892,1.05,99,4,20,0.91,895,0.01554824784398079,0.0046154591254889965,0.01285499520599842,1500,1500,1452,1498,1897,1102,1897,1102
1783459510.3402,3.4401,0.01940,51.56,173,674729,0.440,GUIDED,GUIDED,128,1.7200462818145752,0.0,10.0,0.5,0.0,0.0,nan,nan,nan,nan,nan,nan,nan,nan,nan,nan,5.739763775002985,6.07857702871026,10.01377296267639,0,0,-3.149705410003662,-6.126690864562988,-0.03589940071105957,-0.0023017104249447584,0.027778536081314087,0.012774704955518246,nan,nan,nan,-0.03148845210671425,-0.0022941511124372482,-3.1360254287719727,-0.0005536982789635658,3135,3135,0.0187070369720459,24.892,1.05,99,4,20,0.91,895,0.01554824784398079,0.0046154591254889965,0.01285499520599842,1500,1500,1452,1498,1897,1102,1897,1102
1783459510.3605,3.4604,0.02029,49.29,174,674748,0.461,GUIDED,GUIDED,128,1.730197787284851,0.0,10.0,0.5,0.0,0.0,nan,nan,nan,nan,nan,nan,nan,nan,nan,nan,5.750469782579432,6.0762822728133505,10.01536281960621,0,0,-3.149975538253784,-6.125597953796387,-0.036901652812957764,-0.0024658937472850084,0.028472421690821648,0.01243545114994049,nan,nan,nan,-0.031502269208431244,-0.0022963713854551315,-3.1360344886779785,-0.0005852712783962488,3135,3135,0.019700050354003906,24.892,1.05,99,4,20,0.91,895,0.01554824784398079,0.0046154591254889965,0.01285499520599842,1500,1500,1452,1498,1897,1102,1897,1102
1783459510.3804,3.4803,0.01997,50.07,175,674768,0.481,GUIDED,GUIDED,128,1.7401695251464844,0.0,10.0,0.5,0.0,0.0,nan,nan,nan,nan,nan,nan,nan,nan,nan,nan,5.760518636628689,6.07374174631681,10.018592062810438,0,0,-3.1504416465759277,-6.1240234375,-0.03899693489074707,-0.0022413090337067842,0.029030147939920425,0.011780758388340473,nan,nan,nan,-0.03151293098926544,-0.002275042235851288,-3.136016607284546,0.0007838800083845854,3135,3135,0.019199848175048828,24.892,1.05,99,4,20,0.91,895,0.01554824784398079,0.0046154591254889965,0.01285499520599842,1500,1500,1452,1498,1897,1102,1897,1102
1783459510.4021,3.5004,0.02171,46.07,176,674789,0.502,GUIDED,GUIDED,128,1.7501975297927856,0.0,10.0,0.5,0.0,0.0,nan,nan,nan,nan,nan,nan,nan,nan,nan,nan,5.7712298594079945,6.071676875722462,10.021131578596474,0,0,-3.1508688926696777,-6.122541427612305,-0.040897905826568604,-0.0023890945594757795,0.029366662725806236,0.011412094347178936,nan,nan,nan,-0.031508997082710266,-0.0022521819919347763,-3.1360132694244385,0.00043722079135477543,3135,3135,0.019405364990234375,24.88,1.0,99,4,20,0.91,895,0.01554824784398079,0.0046154591254889965,0.01285499520599842,1500,1500,1452,1498,1897,1102,1897,1102
1783459510.4209,3.5204,0.01875,53.33,177,674808,0.521,GUIDED,GUIDED,128,1.7601776123046875,0.0,10.0,0.5,0.0,0.0,nan,nan,nan,nan,nan,nan,nan,nan,nan,nan,5.781398820011096,6.070806645707457,10.022273265412071,0,0,-3.1510939598083496,-6.121533393859863,-0.04166203737258911,-0.0023682008031755686,0.029287101700901985,0.011194112710654736,nan,nan,nan,-0.031505145132541656,-0.002248043194413185,-3.1360273361206055,-0.0006119133904576302,3135,3135,0.017689228057861328,24.88,1.0,99,4,20,0.91,895,0.01554824784398079,0.0046154591254889965,0.01285499520599842,1500,1500,1452,1498,1897,1102,1897,1102
1783459510.4408,3.5404,0.01986,50.34,178,674829,0.541,GUIDED,GUIDED,128,1.770179271697998,0.0,10.0,0.5,0.0,0.0,nan,nan,nan,nan,nan,nan,nan,nan,nan,nan,5.791881161458284,6.069113584620819,10.024719364410041,0,0,-3.151477575302124,-6.120173931121826,-0.043296635150909424,-0.0024242422077804804,0.029479704797267914,0.010725592263042927,nan,nan,nan,-0.03151024132966995,-0.002262841910123825,-3.1360349655151367,-0.0005813962197862566,3135,3135,0.018962383270263672,24.88,1.0,99,4,20,0.91,895,0.01554824784398079,0.0046154591254889965,0.01285499520599842,1500,1500,1452,1498,1897,1102,1897,1102
1783459510.4607,3.5603,0.01995,50.14,179,674848,0.561,GUIDED,GUIDED,128,1.7801637649536133,0.0,10.0,0.5,0.0,0.0,nan,nan,nan,nan,nan,nan,nan,nan,nan,nan,5.802375259722782,6.067285503380923,10.025550169875023,0,0,-3.1516849994659424,-6.119216442108154,-0.044109046459198,-0.0025987064000219107,0.029982341453433037,0.010714972391724586,nan,nan,nan,-0.03150816261768341,-0.002276044338941574,-3.1360361576080322,-0.000230494886636734,3135,3135,0.019042253494262695,24.88,1.0,99,4,20,0.91,895,0.01554824784398079,0.0046154591254889965,0.01285499520599842,1500,1500,1452,1498,1897,1102,1897,1102
1783459510.4803,3.5803,0.01958,51.06,180,674868,0.581,GUIDED,GUIDED,128,1.7901567220687866,0.0,10.0,0.5,0.0,0.0,nan,nan,nan,nan,nan,nan,nan,nan,nan,nan,5.812518848664629,6.065203930552427,10.028070411092052,0,0,-3.1520285606384277,-6.11794376373291,-0.04581862688064575,-0.002487318590283394,0.030449356883764267,0.010246937163174152,nan,nan,nan,-0.031516026705503464,-0.002263864502310753,-3.136040210723877,-3.9150239899754524e-05,3135,3135,0.019017934799194336,24.88,1.0,99,4,20,0.91,895,0.01554824784398079,0.0046154591254889965,0.01285499520599842,1500,1500,1452,1498,1897,1102,1897,1102
1783459510.5003,3.6003,0.02004,49.90,181,674889,0.601,GUIDED,GUIDED,128,1.800155758857727,0.0,10.0,0.5,0.0,0.0,nan,nan,nan,nan,nan,nan,nan,nan,nan,nan,5.822940224461138,6.063008446001636,10.030124295242365,0,0,-3.1523449420928955,-6.116736888885498,-0.047361671924591064,-0.0025484932120889425,0.031020130962133408,0.009952004067599773,nan,nan,nan,-0.03150930628180504,-0.0022390875965356827,-3.1360297203063965,0.0004576992359943688,3135,3135,0.019384384155273438,24.88,1.0,99,4,20,0.91,895,0.015996795147657394,0.013577987439930439,0.021428991109132767,1500,1500,1452,1498,1897,1102,1897,1102
1783459510.5204,3.6204,0.02008,49.80,182,674908,0.621,GUIDED,GUIDED,128,1.8101814985275269,0.0,10.0,0.5,0.0,0.0,nan,nan,nan,nan,nan,nan,nan,nan,nan,nan,5.833006187875241,6.061692188706869,10.031462633580404,0,0,-3.152517795562744,-6.1157402992248535,-0.048214495182037354,-0.0024719194043427706,0.031204691156744957,0.009671691805124283,nan,nan,nan,-0.03151605278253555,-0.002213612198829651,-3.1360297203063965,0.00026065288693644106,3135,3135,0.019509315490722656,24.88,1.0,99,4,20,0.91,895,0.015996795147657394,0.013577987439930439,0.021428991109132767,1500,1500,1452,1498,1897,1102,1897,1102
1783459510.5403,3.6404,0.01990,50.24,183,674929,0.641,GUIDED,GUIDED,128,1.8201795816421509,0.0,10.0,0.5,0.0,0.0,nan,nan,nan,nan,nan,nan,nan,nan,nan,nan,5.842930184130967,6.0606756324852595,10.033914959218095,0,0,-3.1527955532073975,-6.114433288574219,-0.049984872341156006,-0.0022687818855047226,0.031036997213959694,0.009277968667447567,nan,nan,nan,-0.031514160335063934,-0.002206917852163315,-3.136025905609131,2.2077922039898112e-05,3135,3135,0.019309282302856445,24.88,1.0,99,4,20,0.91,895,0.015996795147657394,0.013577987439930439,0.021428991109132767,1500,1500,1452,1498,1897,1102,1897,1102
1783459510.5605,3.6604,0.02020,49.51,184,674948,0.661,GUIDED,GUIDED,128,1.8301845788955688,0.0,10.0,0.5,0.0,0.0,nan,nan,nan,nan,nan,nan,nan,nan,nan,nan,5.853377625174785,6.059681905881068,10.034926116018784,0,0,-3.152949094772339,-6.1135053634643555,-0.050843775272369385,-0.002435579663142562,0.03107498772442341,0.00919006485491991,nan,nan,nan,-0.031521447002887726,-0.00222921185195446,-3.1360270977020264,-0.00010491918510524556,3135,3135,0.019661903381347656,24.88,1.0,99,4,20,0.91,895,0.015996795147657394,0.013577987439930439,0.021428991109132767,1500,1500,1452,1498,1897,1102,1897,1102
1783459510.5806,3.6803,0.02010,49.75,185,674968,0.681,GUIDED,GUIDED,128,1.840165615081787,0.0,10.0,0.5,0.0,0.0,nan,nan,nan,nan,nan,nan,nan,nan,nan,nan,5.863534804718425,6.057862919768028,10.037294842437568,0,0,-3.153191089630127,-6.1123046875,-0.052606046199798584,-0.0023975602816790342,0.03143196925520897,0.008839927613735199,nan,nan,nan,-0.0315350741147995,-0.0022608935832977295,-3.1360208988189697,0.00032151181949302554,3135,3135,0.01927638053894043,24.88,1.0,99,4,20,0.91,895,0.015996795147657394,0.013577987439930439,0.021428991109132767,1500,1500,1452,1498,1897,1102,1897,1102
1783459510.6006,3.7004,0.02000,50.01,186,674989,0.701,GUIDED,GUIDED,128,1.8502143621444702,0.0,10.0,0.5,0.0,0.0,nan,nan,nan,nan,nan,nan,nan,nan,nan,nan,5.873784670269722,6.056093878509744,10.039389194129912,0,0,-3.1534132957458496,-6.111171245574951,-0.05419856309890747,-0.0023853853344917297,0.03179893270134926,0.008550193160772324,nan,nan,nan,-0.03153041750192642,-0.002255920320749283,-3.136012315750122,0.0003026735794264823,3135,3135,0.019231081008911133,24.88,1.0,99,4,20,0.91,895,0.015996795147657394,0.013577987439930439,0.021428991109132767,1500,1500,1452,1498,1897,1102,1897,1102
1783459510.6207,3.7204,0.02013,49.68,187,675008,0.721,GUIDED,GUIDED,128,1.860180139541626,0.0,10.0,0.5,0.0,0.0,nan,nan,nan,nan,nan,nan,nan,nan,nan,nan,5.883894899281591,6.054351589856905,10.040375373458284,0,0,-3.1535398960113525,-6.110296726226807,-0.05484849214553833,-0.002395691815763712,0.032299939543008804,0.008356058970093727,nan,nan,nan,-0.031524013727903366,-0.002250419929623604,-3.136024236679077,-0.0003007335471920669,3135,3135,0.01927328109741211,24.88,1.0,99,4,20,0.91,895,0.015996795147657394,0.013577987439930439,0.021428991109132767,1500,1500,1452,1498,1897,1102,1897,1102
1783459510.6406,3.7404,0.01983,50.42,188,675029,0.741,GUIDED,GUIDED,128,1.8701777458190918,0.0,10.0,0.5,0.0,0.0,nan,nan,nan,nan,nan,nan,nan,nan,nan,nan,5.893964830419319,6.053530898850224,10.04205606213697,0,0,-3.1537325382232666,-6.1092424392700195,-0.05621272325515747,-0.0023262265603989363,0.03216507285833359,0.008173352107405663,nan,nan,nan,-0.031515900045633316,-0.0022349227219820023,-3.1360342502593994,-0.0008832229068502784,3135,3135,0.019159555435180664,24.88,1.0,99,4,20,0.91,895,0.015996795147657394,0.013577987439930439,0.021428991109132767,1500,1500,1452,1498,1897,1102,1897,1102
1783459510.6604,3.7603,0.01981,50.48,189,675048,0.761,GUIDED,GUIDED,128,1.8801604509353638,0.0,10.0,0.5,0.0,0.0,nan,nan,nan,nan,nan,nan,nan,nan,nan,nan,5.904114032809567,6.052729248130016,10.042573439513632,0,0,-3.153846025466919,-6.108409881591797,-0.056803882122039795,-0.0023568319156765938,0.032147228717803955,0.008215949870646,nan,nan,nan,-0.03150297328829765,-0.0022383369505405426,-3.136042356491089,-0.00029950946918688715,3135,3135,0.019344806671142578,24.88,1.0,99,4,20,0.91,895,0.015996795147657394,0.013577987439930439,0.021428991109132767,1500,1500,1452,1498,1897,1102,1897,1102
1783459510.6805,3.7805,0.02011,49.74,190,675068,0.781,GUIDED,GUIDED,128,1.8902366161346436,0.0,10.0,0.5,0.0,0.0,nan,nan,nan,nan,nan,nan,nan,nan,nan,nan,5.913964691796148,6.051416437934615,10.044270752727597,0,0,-3.15400767326355,-6.107433795928955,-0.058049142360687256,-0.002133308444172144,0.03234163671731949,0.007954956963658333,nan,nan,nan,-0.03149745985865593,-0.0022408366203308105,-3.1360483169555664,-0.0002542822330724448,3135,3135,0.019551992416381836,24.88,1.0,99,4,20,0.91,895,0.015996795147657394,0.013577987439930439,0.021428991109132767,1500,1500,1452,1498,1897,1102,1897,1102
1783459510.7007,3.8004,0.02024,49.41,191,675088,0.801,GUIDED,GUIDED,128,1.9002091884613037,0.0,10.0,0.5,0.0,0.0,nan,nan,nan,nan,nan,nan,nan,nan,nan,nan,5.923741661832791,6.049806219928,10.045771533297062,0,0,-3.154154062271118,-6.106489658355713,-0.0591621994972229,-0.001935859676450491,0.03272619843482971,0.007731104735285044,nan,nan,nan,-0.0314984992146492,-0.002261253073811531,-3.136052131652832,-0.00019723930745385587,3135,3135,0.019455432891845703,24.88,1.0,99,4,20,0.91,895,0.015761004760861397,0.0027528388891369104,0.015526981092989445,1500,1500,1452,1498,1897,1102,1897,1102
1783459510.7202,3.8202,0.01949,51.31,192,675108,0.820,GUIDED,GUIDED,128,1.910081148147583,0.0,10.0,0.5,0.0,0.0,nan,nan,nan,nan,nan,nan,nan,nan,nan,nan,5.934098403213703,6.048352436860158,10.046701300709056,0,0,-3.154219150543213,-6.105538368225098,-0.05976003408432007,-0.0021781697869300842,0.03301631286740303,0.0075394632294774055,nan,nan,nan,-0.031507208943367004,-0.002256695181131363,-3.13604998588562,0.00030081288423389196,3135,3135,0.018800735473632812,24.88,1.0,99,4,20,0.91,895,0.015761004760861397,0.0027528388891369104,0.015526981092989445,1500,1500,1452,1498,1897,1102,1897,1102
1783459510.7404,3.8404,0.02023,49.44,193,675128,0.841,GUIDED,GUIDED,128,1.9202165603637695,0.0,10.0,0.5,0.0,0.0,nan,nan,nan,nan,nan,nan,nan,nan,nan,nan,5.94353207531522,6.047105961177036,10.048648497657199,0,0,-3.154296636581421,-6.1043381690979,-0.061006247997283936,-0.0017282833578065038,0.0330430306494236,0.007134750485420227,nan,nan,nan,-0.03150184080004692,-0.002225669100880623,-3.1360456943511963,0.00021210653358139098,3135,3135,0.019559860229492188,24.88,1.0,99,4,20,0.91,895,0.015761004760861397,0.0027528388891369104,0.015526981092989445,1500,1500,1452,1498,1897,1102,1897,1102
1783459510.7604,3.8603,0.01993,50.18,194,675148,0.861,GUIDED,GUIDED,128,1.9301587343215942,0.0,10.0,0.5,0.0,0.0,nan,nan,nan,nan,nan,nan,nan,nan,nan,nan,5.953198256978302,6.0459273317341,10.04961070707842,0,0,-3.154348850250244,-6.103422164916992,-0.06162077188491821,-0.0015387935563921928,0.033194657415151596,0.006934014149010181,nan,nan,nan,-0.031505122780799866,-0.0022299885749816895,-3.1360557079315186,-0.00026994748623110354,3135,3135,0.019306659698486328,24.88,1.0,99,4,20,0.91,895,0.015761004760861397,0.0027528388891369104,0.015526981092989445,1500,1500,1452,1498,1897,1102,1897,1102
1783459510.7807,3.8803,0.02035,49.14,195,675168,0.881,GUIDED,GUIDED,128,1.94017493724823,0.0,10.0,0.5,0.0,0.0,nan,nan,nan,nan,nan,nan,nan,nan,nan,nan,5.963228394916479,6.044509247227242,10.051494670819837,0,0,-3.154404401779175,-6.102304458618164,-0.06288784742355347,-0.0015147662488743663,0.033368080854415894,0.006577853579074144,nan,nan,nan,-0.03149439021945,-0.0022414568811655045,-3.1360509395599365,0.00017184640455525368,3135,3135,0.0194857120513916,24.88,1.0,99,4,20,0.91,895,0.015761004760861397,0.0027528388891369104,0.015526981092989445,1500,1500,1452,1498,1897,1102,1897,1102
1783459510.8008,3.9004,0.02011,49.72,196,675189,0.901,GUIDED,GUIDED,128,1.950189471244812,0.0,10.0,0.5,0.0,0.0,nan,nan,nan,nan,nan,nan,nan,nan,nan,nan,5.9728888037369146,6.043473534679975,10.053161661272412,0,0,-3.1544477939605713,-6.1012420654296875,-0.06402713060379028,-0.0012852594954892993,0.033352676779031754,0.006273181643337011,nan,nan,nan,-0.03150000795722008,-0.0022539496421813965,-3.136054515838623,-0.00013794992992188781,3135,3135,0.019182682037353516,24.88,1.0,99,4,20,0.91,895,0.015761004760861397,0.0027528388891369104,0.015526981092989445,1500,1500,1452,1498,1897,1102,1897,1102
1783459510.8204,3.9203,0.01957,51.10,197,675208,0.921,GUIDED,GUIDED,128,1.9601664543151855,0.0,10.0,0.5,0.0,0.0,nan,nan,nan,nan,nan,nan,nan,nan,nan,nan,5.983192092014929,6.0424142154684,10.053693543652757,0,0,-3.154479742050171,-6.1004133224487305,-0.06449204683303833,-0.0014552066568285227,0.03348580002784729,0.006234518717974424,nan,nan,nan,-0.03150153160095215,-0.0022711027413606644,-3.1360580921173096,-0.00011379743227735162,3135,3135,0.018930673599243164,24.88,1.0,99,4,20,0.91,895,0.015761004760861397,0.0027528388891369104,0.015526981092989445,1500,1500,1452,1498,1897,1102,1897,1102
1783459510.8407,3.9404,0.02029,49.29,198,675229,0.941,GUIDED,GUIDED,128,1.97018563747406,0.0,10.0,0.5,0.0,0.0,nan,nan,nan,nan,nan,nan,nan,nan,nan,nan,5.992507796243485,6.040833895388648,10.054852841134268,0,0,-3.1545021533966064,-6.099422931671143,-0.0654553771018982,-0.001036113710142672,0.033826395869255066,0.006121376994997263,nan,nan,nan,-0.03151179477572441,-0.0022924020886421204,-3.1360671520233154,-0.0005483970162458718,3135,3135,0.019481182098388672,24.88,1.0,99,4,20,0.91,895,0.015761004760861397,0.0027528388891369104,0.015526981092989445,1500,1500,1452,1498,1897,1102,1897,1102
1783459510.8603,3.9604,0.01962,50.96,199,675248,0.961,GUIDED,GUIDED,128,1.980205774307251,0.0,10.0,0.5,0.0,0.0,nan,nan,nan,nan,nan,nan,nan,nan,nan,nan,6.002101014592401,6.039855763481056,10.055597949878539,0,0,-3.1545186042785645,-6.098601341247559,-0.06600338220596313,-0.0007801342871971428,0.03391677513718605,0.006007579155266285,nan,nan,nan,-0.03152487054467201,-0.002264421433210373,-3.1360785961151123,-0.0003572002751752734,3135,3135,0.01917409896850586,24.88,1.0,99,4,20,0.91,895,0.015761004760861397,0.0027528388891369104,0.015526981092989445,1500,1500,1452,1498,1897,1102,1897,1102
1783459510.8809,3.9804,0.02057,48.63,200,675268,0.981,GUIDED,GUIDED,128,1.9902138710021973,0.0,10.0,0.5,0.0,0.0,nan,nan,nan,nan,nan,nan,nan,nan,nan,nan,6.0120982769548945,6.038860546481981,10.057121965959652,0,0,-3.154522180557251,-6.097682952880859,-0.067127525806427,-0.0007718143169768155,0.033961132168769836,0.005776712670922279,nan,nan,nan,-0.03152685612440109,-0.0022550467401742935,-3.1360785961151123,-0.00022575852926820517,3135,3135,0.019637584686279297,24.88,1.0,99,4,20,0.91,895,0.015761004760861397,0.0027528388891369104,0.015526981092989445,1500,1500,1452,1498,1897,1102,1897,1102
1783459510.9020,4.0003,0.02108,47.45,201,675289,0.002,GUIDED,GUIDED,128,2.0001591444015503,0.0,10.0,0.5,0.0,0.0,nan,nan,nan,nan,nan,nan,nan,nan,nan,nan,6.022105453813261,6.038108175926874,10.058763286302282,0,0,-3.1545164585113525,-6.096795082092285,-0.06813162565231323,-0.0008108579204417765,0.033882901072502136,0.0054088132455945015,nan,nan,nan,-0.03154171258211136,-0.0022832155227661133,-3.136091709136963,-0.00046191117144189775,3135,3135,0.01891636848449707,24.878,1.02,99,4,20,0.91,895,0.014512441121041775,0.01025993749499321,0.010810204781591892,1500,1500,1452,1498,1897,1102,1897,1102
1783459510.9206,4.0204,0.01868,53.52,202,675308,0.021,GUIDED,GUIDED,128,2.010180354118347,0.0,10.0,0.5,0.0,0.0,nan,nan,nan,nan,nan,nan,nan,nan,nan,nan,6.03192021375623,6.037226268637398,10.059276928521388,0,0,-3.1546285152435303,-6.09586763381958,-0.0685773491859436,-0.0006269681034609675,0.03385660797357559,0.005369600374251604,nan,nan,nan,-0.03155190870165825,-0.0022852495312690735,-3.1360955238342285,-0.00017591209325473756,3135,3135,0.017830371856689453,24.878,1.02,99,4,20,0.91,895,0.014512441121041775,0.01025993749499321,0.010810204781591892,1500,1500,1452,1498,1897,1102,1897,1102
1783459510.9413,4.0405,0.02067,48.37,203,675329,0.042,GUIDED,GUIDED,128,2.0202322006225586,0.0,10.0,0.5,0.0,0.0,nan,nan,nan,nan,nan,nan,nan,nan,nan,nan,6.041991505784833,6.035254740546112,10.060535027451962,0,0,-3.154815196990967,-6.094751834869385,-0.06949800252914429,-0.0005304142250679433,0.03435066342353821,0.0051747760735452175,nan,nan,nan,-0.031564924865961075,-0.0022958945482969284,-3.136096954345703,-0.0003014251124113798,3135,3135,0.019348859786987305,24.878,1.02,99,4,20,0.91,895,0.014512441121041775,0.01025993749499321,0.010810204781591892,1500,1500,1452,1498,1897,1102,1897,1102
1783459510.9605,4.0604,0.01918,52.15,204,675348,0.061,GUIDED,GUIDED,128,2.0302131175994873,0.0,10.0,0.5,0.0,0.0,nan,nan,nan,nan,nan,nan,nan,nan,nan,nan,6.0518305297193855,6.033963923739153,10.061092165535415,0,0,-3.154905319213867,-6.093869209289551,-0.06996935606002808,-0.00039646014920435846,0.034586332738399506,0.005125248339027166,nan,nan,nan,-0.03155655041337013,-0.0023093968629837036,-3.1360971927642822,8.32858495414257e-05,3135,3135,0.01856255531311035,24.878,1.02,99,4,20,0.91,895,0.014512441121041775,0.01025993749499321,0.010810204781591892,1500,1500,1452,1498,1897,1102,1897,1102
1783459510.9808,4.0805,0.02027,49.33,205,675368,0.081,GUIDED,GUIDED,128,2.0402270555496216,0.0,10.0,0.5,0.0,0.0,nan,nan,nan,nan,nan,nan,nan,nan,nan,nan,6.062074318604515,6.032926771136428,10.062213613697633,0,0,-3.155057430267334,-6.092817306518555,-0.07092636823654175,-0.00044134329073131084,0.03457781672477722,0.005030311178416014,nan,nan,nan,-0.03156708553433418,-0.0023072194308042526,-3.1361074447631836,-0.00047332525718957186,3135,3135,0.019446134567260742,24.878,1.02,99,4,20,0.91,895,0.014512441121041775,0.01025993749499321,0.010810204781591892,1500,1500,1452,1498,1897,1102,1897,1102
1783459511.0006,4.1004,0.01986,50.36,206,675389,0.101,GUIDED,GUIDED,128,2.05020534992218,0.0,10.0,0.5,0.0,0.0,nan,nan,nan,nan,nan,nan,nan,nan,nan,nan,6.072170015657552,6.031770166631436,10.063588351439202,0,0,-3.155190944671631,-6.091817378997803,-0.07177990674972534,-0.00043204118264839053,0.034668274223804474,0.004729396663606167,nan,nan,nan,-0.031568415462970734,-0.0022957362234592438,-3.136110782623291,-0.0003121561312582344,3135,3135,0.01910233497619629,24.878,1.02,99,4,20,0.91,895,0.014512441121041775,0.01025993749499321,0.010810204781591892,1500,1500,1452,1498,1897,1102,1897,1102
1783459511.0209,4.1204,0.02024,49.40,207,675408,0.121,GUIDED,GUIDED,128,2.060189723968506,0.0,10.0,0.5,0.0,0.0,nan,nan,nan,nan,nan,nan,nan,nan,nan,nan,6.082034573025204,6.031247940002931,10.063984983356308,0,0,-3.1552541255950928,-6.090987205505371,-0.07212179899215698,-0.0003263874677941203,0.03449048101902008,0.004697792697697878,nan,nan,nan,-0.031567152589559555,-0.002317965030670166,-3.1361005306243896,0.0005465333815664053,3135,3135,0.01931452751159668,24.878,1.02,99,4,20,0.91,895,0.014512441121041775,0.01025993749499321,0.010810204781591892,1500,1500,1452,1498,1897,1102,1897,1102
1783459511.0407,4.1404,0.01987,50.32,208,675429,0.141,GUIDED,GUIDED,128,2.0702147483825684,0.0,10.0,0.5,0.0,0.0,nan,nan,nan,nan,nan,nan,nan,nan,nan,nan,6.091932152377357,6.030094379221369,10.064834643513253,0,0,-3.1553595066070557,-6.0900559425354,-0.0728338360786438,-0.0001919652713695541,0.03461882472038269,0.004618335980921984,nan,nan,nan,-0.031572047621011734,-0.0023502465337514877,-3.136098623275757,0.00033750548027455807,3135,3135,0.01901102066040039,24.878,1.02,99,4,20,0.91,895,0.014512441121041775,0.01025993749499321,0.010810204781591892,1500,1500,1452,1498,1897,1102,1897,1102
1783459511.0607,4.1603,0.01997,50.07,209,675448,0.161,GUIDED,GUIDED,128,2.08017361164093,0.0,10.0,0.5,0.0,0.0,nan,nan,nan,nan,nan,nan,nan,nan,nan,nan,6.102000830456716,6.028894822871577,10.065402297910161,0,0,-3.155405282974243,-6.089266300201416,-0.07325190305709839,-0.00022893788991495967,0.03485548868775368,0.0045319716446101665,nan,nan,nan,-0.031586095690727234,-0.0023665782064199448,-3.1361072063446045,-0.0007039958145469427,3135,3135,0.01909923553466797,24.878,1.02,99,4,20,0.91,895,0.014512441121041775,0.01025993749499321,0.010810204781591892,1500,1500,1452,1498,1897,1102,1897,1102
1783459511.0808,4.1804,0.02008,49.80,210,675468,0.181,GUIDED,GUIDED,128,2.0901925563812256,0.0,10.0,0.5,0.0,0.0,nan,nan,nan,nan,nan,nan,nan,nan,nan,nan,6.111804818675201,6.027711863078434,10.066559499318256,0,0,-3.1554858684539795,-6.0883941650390625,-0.07409971952438354,-5.8306635764893144e-05,0.035034943372011185,0.0043533481657505035,nan,nan,nan,-0.03158171474933624,-0.0023726187646389008,-3.1361184120178223,-0.0006344667635858059,3135,3135,0.019222021102905273,24.878,1.02,99,4,20,0.91,895,0.014512441121041775,0.01025993749499321,0.010810204781591892,1500,1500,1452,1498,1897,1102,1897,1102
1783459511.1011,4.2005,0.02028,49.32,211,675489,0.202,GUIDED,GUIDED,128,2.100244402885437,0.0,10.0,0.5,0.0,0.0,nan,nan,nan,nan,nan,nan,nan,nan,nan,nan,6.121665499123821,6.026759067579566,10.067673590071417,0,0,-3.155552625656128,-6.087554931640625,-0.07485061883926392,9.060542652150616e-05,0.035100508481264114,0.004143659491091967,nan,nan,nan,-0.031591419130563736,-0.0023645926266908646,-3.1361136436462402,0.00021962197206448764,3135,3135,0.019236087799072266,24.878,1.02,99,4,20,0.91,895,0.014931540004909039,0.00819374993443489,0.007062058430165052,1500,1500,1452,1498,1897,1102,1897,1102
1783459511.1205,4.2204,0.01949,51.31,212,675508,0.221,GUIDED,GUIDED,128,2.1101818084716797,0.0,10.0,0.5,0.0,0.0,nan,nan,nan,nan,nan,nan,nan,nan,nan,nan,6.131820836220108,6.026033479120889,10.068179187399458,0,0,-3.155654191970825,-6.086452007293701,-0.07519203424453735,2.34219496633159e-05,0.03488265350461006,0.004048869013786316,nan,nan,nan,-0.0315902978181839,-0.002369998022913933,-3.1361162662506104,1.6514510207343847e-05,3135,3135,0.018810749053955078,24.878,1.02,99,4,20,0.91,895,0.014931540004909039,0.00819374993443489,0.007062058430165052,1500,1500,1452,1498,1897,1102,1897,1102
1783459511.1405,4.2404,0.01996,50.11,213,675529,0.241,GUIDED,GUIDED,128,2.120212197303772,0.0,10.0,0.5,0.0,0.0,nan,nan,nan,nan,nan,nan,nan,nan,nan,nan,6.1420802304874735,6.02404874897342,10.068984440946556,0,0,-3.155843734741211,-6.085009574890137,-0.0758935809135437,6.38169467492844e-07,0.03519574925303459,0.0039889938198029995,nan,nan,nan,-0.0315762422978878,-0.002367135137319565,-3.1361148357391357,0.00011156258551636711,3135,3135,0.01926398277282715,24.878,1.02,99,4,20,0.91,895,0.014931540004909039,0.00819374993443489,0.007062058430165052,1500,1500,1452,1498,1897,1102,1897,1102
1783459511.1607,4.2604,0.02022,49.46,214,675548,0.261,GUIDED,GUIDED,128,2.1301841735839844,0.0,10.0,0.5,0.0,0.0,nan,nan,nan,nan,nan,nan,nan,nan,nan,nan,6.152352279586321,6.022414130728435,10.069346091419924,0,0,-3.155932664871216,-6.083962440490723,-0.07629603147506714,-0.00012126511865062639,0.03553493320941925,0.004012549761682749,nan,nan,nan,-0.03157966583967209,-0.0023826658725738525,-3.1361217498779297,-0.00042690866393968463,3135,3135,0.01947784423828125,24.878,1.02,99,4,20,0.91,895,0.014931540004909039,0.00819374993443489,0.007062058430165052,1500,1500,1452,1498,1897,1102,1897,1102
1783459511.1806,4.2805,0.01987,50.33,215,675568,0.281,GUIDED,GUIDED,128,2.140237808227539,0.0,10.0,0.5,0.0,0.0,nan,nan,nan,nan,nan,nan,nan,nan,nan,nan,6.162375116444552,6.020829956081359,10.070261982952573,0,0,-3.156094551086426,-6.082637310028076,-0.0771072506904602,-1.001895907393191e-05,0.0356844924390316,0.003952117171138525,nan,nan,nan,-0.03158268332481384,-0.0023921728134155273,-3.136113166809082,0.00015048538625705987,3135,3135,0.01925206184387207,24.878,1.02,99,4,20,0.91,895,0.014931540004909039,0.00819374993443489,0.007062058430165052,1500,1500,1452,1498,1897,1102,1897,1102
1783459511.2005,4.3004,0.01995,50.11,216,675589,0.301,GUIDED,GUIDED,128,2.1501903533935547,0.0,10.0,0.5,0.0,0.0,nan,nan,nan,nan,nan,nan,nan,nan,nan,nan,6.1723291762158325,6.018942539064126,10.071503416875753,0,0,-3.1562347412109375,-6.081374168395996,-0.07782691717147827,7.004538929322734e-05,0.03604491800069809,0.00365087459795177,nan,nan,nan,-0.031596243381500244,-0.0023740511387586594,-3.1361052989959717,0.0002638404839672148,3135,3135,0.01929783821105957,24.878,1.02,99,4,20,0.91,895,0.014931540004909039,0.00819374993443489,0.007062058430165052,1500,1500,1452,1498,1897,1102,1897,1102
1783459511.2205,4.3204,0.01994,50.15,217,675608,0.321,GUIDED,GUIDED,128,2.1602126359939575,0.0,10.0,0.5,0.0,0.0,nan,nan,nan,nan,nan,nan,nan,nan,nan,nan,6.182113180258778,6.017970965542906,10.07182789901906,0,0,-3.156296968460083,-6.08039665222168,-0.07811766862869263,0.00024354249762836844,0.036041487008333206,0.003631400177255273,nan,nan,nan,-0.03159512206912041,-0.002363821491599083,-3.1361019611358643,0.00021389259200077504,3135,3135,0.019310712814331055,24.878,1.02,99,4,20,0.91,895,0.014931540004909039,0.00819374993443489,0.007062058430165052,1500,1500,1452,1498,1897,1102,1897,1102
1783459511.2408,4.3404,0.02028,49.31,218,675629,0.341,GUIDED,GUIDED,128,2.1701971292495728,0.0,10.0,0.5,0.0,0.0,nan,nan,nan,nan,nan,nan,nan,nan,nan,nan,6.192336408260521,6.017033919763389,10.07244237985415,0,0,-3.1564126014709473,-6.079221248626709,-0.07871228456497192,0.00017246967763639987,0.035903871059417725,0.003619931172579527,nan,nan,nan,-0.03159571811556816,-0.0023719817399978638,-3.136091947555542,0.0005296500166878104,3135,3135,0.019399642944335938,24.878,1.02,99,4,20,0.91,895,0.014931540004909039,0.00819374993443489,0.007062058430165052,1500,1500,1452,1498,1897,1102,1897,1102
1783459511.2607,4.3603,0.01991,50.22,219,675648,0.361,GUIDED,GUIDED,128,2.180161237716675,0.0,10.0,0.5,0.0,0.0,nan,nan,nan,nan,nan,nan,nan,nan,nan,nan,6.202360010845119,6.016024194372296,10.07297104176602,0,0,-3.1564619541168213,-6.078286170959473,-0.07907015085220337,0.00016661449626553804,0.03594696894288063,0.0035213222727179527,nan,nan,nan,-0.03160524740815163,-0.0023824404925107956,-3.1360936164855957,-2.296726597705856e-05,3135,3135,0.01902461051940918,24.878,1.02,99,4,20,0.91,895,0.014931540004909039,0.00819374993443489,0.007062058430165052,1500,1500,1452,1498,1897,1102,1897,1102
1783459511.2807,4.3804,0.01999,50.02,220,675668,0.381,GUIDED,GUIDED,128,2.1901774406433105,0.0,10.0,0.5,0.0,0.0,nan,nan,nan,nan,nan,nan,nan,nan,nan,nan,6.212115018171328,6.014446945564819,10.073496485739666,0,0,-3.1565537452697754,-6.077175617218018,-0.07978790998458862,0.0003704114933498204,0.03621641546487808,0.0036323554813861847,nan,nan,nan,-0.0316062867641449,-0.002407234162092209,-3.136106014251709,-0.0005618877476081252,3135,3135,0.019193172454833984,24.878,1.02,99,4,20,0.91,895,0.014931540004909039,0.00819374993443489,0.007062058430165052,1500,1500,1452,1498,1897,1102,1897,1102
1783459511.3005,4.4003,0.01985,50.39,221,675689,0.401,GUIDED,GUIDED,128,2.2001744508743286,0.0,10.0,0.5,0.0,0.0,nan,nan,nan,nan,nan,nan,nan,nan,nan,nan,6.222104553711922,6.012824851251314,10.07420053151988,0,0,-3.156630754470825,-6.076114177703857,-0.08041971921920776,0.0004191882908344269,0.036540109664201736,0.0035906496923416853,nan,nan,nan,-0.031595077365636826,-0.0024117939174175262,-3.136112928390503,-0.0005295001319609582,3135,3135,0.019144773483276367,24.878,1.02,99,4,20,0.91,895,0.017107510939240456,0.007477210368961096,0.0021314520854502916,1500,1500,1452,1498,1897,1102,1897,1102
1783459511.3209,4.4205,0.02035,49.13,222,675708,0.421,GUIDED,GUIDED,128,2.2102367877960205,0.0,10.0,0.5,0.0,0.0,nan,nan,nan,nan,nan,nan,nan,nan,nan,nan,6.232463401770663,6.01168973566365,10.074690696787533,0,0,-3.156818151473999,-6.075102806091309,-0.08080798387527466,0.000356191216269508,0.03661155328154564,0.0035318173468112946,nan,nan,nan,-0.03158913925290108,-0.002396002411842346,-3.136111259460449,0.00011276356963207945,3135,3135,0.01945662498474121,24.878,1.02,99,4,20,0.91,895,0.017107510939240456,0.007477210368961096,0.0021314520854502916,1500,1500,1452,1498,1897,1102,1897,1102
1783459511.3409,4.4404,0.01999,50.02,223,675729,0.441,GUIDED,GUIDED,128,2.220196008682251,0.0,10.0,0.5,0.0,0.0,nan,nan,nan,nan,nan,nan,nan,nan,nan,nan,6.242873640129537,6.010276493314557,10.075441016386272,0,0,-3.1571757793426514,-6.073838710784912,-0.08158308267593384,0.00030227270326577127,0.036697663366794586,0.0035461236257106066,nan,nan,nan,-0.03159233182668686,-0.00238741934299469,-3.136107921600342,0.00034983360092155635,3135,3135,0.01906299591064453,24.878,1.02,99,4,20,0.91,895,0.017107510939240456,0.007477210368961096,0.0021314520854502916,1500,1500,1452,1498,1897,1102,1897,1102
1783459511.3604,4.4603,0.01958,51.08,224,675748,0.461,GUIDED,GUIDED,128,2.2301642894744873,0.0,10.0,0.5,0.0,0.0,nan,nan,nan,nan,nan,nan,nan,nan,nan,nan,6.2529967112290725,6.009262100547537,10.076030972324059,0,0,-3.1573402881622314,-6.072871685028076,-0.08207052946090698,0.0003078836889471859,0.036725010722875595,0.003486939938738942,nan,nan,nan,-0.03158782422542572,-0.0023919250816106796,-3.1361000537872314,0.00047351315151900053,3135,3135,0.018929004669189453,24.878,1.02,99,4,20,0.91,895,0.017107510939240456,0.007477210368961096,0.0021314520854502916,1500,1500,1452,1498,1897,1102,1897,1102
1783459511.3807,4.4804,0.02022,49.46,225,675768,0.481,GUIDED,GUIDED,128,2.240183472633362,0.0,10.0,0.5,0.0,0.0,nan,nan,nan,nan,nan,nan,nan,nan,nan,nan,6.263579713591277,6.0079065436065555,10.077671925592123,0,0,-3.157651424407959,-6.071698188781738,-0.08303052186965942,0.00016199711535591632,0.036830123513936996,0.0030937870033085346,nan,nan,nan,-0.03160036355257034,-0.0023954566568136215,-3.1361069679260254,-0.00035937182838097215,3135,3135,0.019433259963989258,24.878,1.02,99,4,20,0.91,895,0.017107510939240456,0.007477210368961096,0.0021314520854502916,1500,1500,1452,1498,1897,1102,1897,1102
1783459511.4022,4.5004,0.02152,46.47,226,675788,0.503,GUIDED,GUIDED,128,2.250187635421753,0.0,10.0,0.5,0.0,0.0,nan,nan,nan,nan,nan,nan,nan,nan,nan,nan,6.274028736847132,6.0064773429617135,10.078817434260456,0,0,-3.1579368114471436,-6.070584297180176,-0.08388930559158325,6.992508861003444e-05,0.037012167274951935,0.0029282462783157825,nan,nan,nan,-0.03160552680492401,-0.0023932959884405136,-3.136110305786133,-0.00011368349805707112,3135,3135,0.019242286682128906,24.886,1.03,99,4,20,0.91,895,0.017107510939240456,0.007477210368961096,0.0021314520854502916,1500,1500,1452,1498,1897,1102,1897,1102
1783459511.4207,4.5204,0.01853,53.97,227,675808,0.521,GUIDED,GUIDED,128,2.2602012157440186,0.0,10.0,0.5,0.0,0.0,nan,nan,nan,nan,nan,nan,nan,nan,nan,nan,6.284102632032072,6.0053181719598525,10.079369664185093,0,0,-3.1580679416656494,-6.06966495513916,-0.08425480127334595,0.00011081035336246714,0.037150632590055466,0.0028204352129250765,nan,nan,nan,-0.031599100679159164,-0.002392636612057686,-3.136101245880127,0.00023889614385552704,3135,3135,0.017673730850219727,24.886,1.03,99,4,20,0.91,895,0.017107510939240456,0.007477210368961096,0.0021314520854502916,1500,1500,1452,1498,1897,1102,1897,1102
1783459511.4403,4.5402,0.01956,51.13,228,675829,0.541,GUIDED,GUIDED,128,2.2701209783554077,0.0,10.0,0.5,0.0,0.0,nan,nan,nan,nan,nan,nan,nan,nan,nan,nan,6.294263037932186,6.004282972404676,10.080359018988077,0,0,-3.1583139896392822,-6.068604946136475,-0.08497709035873413,0.0001139307496487163,0.03713630884885788,0.002666244748979807,nan,nan,nan,-0.03160412237048149,-0.0023879744112491608,-3.1361007690429688,0.00013977034541312605,3135,3135,0.018992185592651367,24.886,1.03,99,4,20,0.91,895,0.017107510939240456,0.007477210368961096,0.0021314520854502916,1500,1500,1452,1498,1897,1102,1897,1102
1783459511.4604,4.5604,0.02019,49.54,229,675848,0.561,GUIDED,GUIDED,128,2.2801923751831055,0.0,10.0,0.5,0.0,0.0,nan,nan,nan,nan,nan,nan,nan,nan,nan,nan,6.304192963682964,6.003627183975018,10.081007677984884,0,0,-3.1584274768829346,-6.067729473114014,-0.08536475896835327,0.0002611310046631843,0.03700947389006615,0.002515561878681183,nan,nan,nan,-0.03159503638744354,-0.0023692194372415543,-3.136108636856079,-0.0003717999206855893,3135,3135,0.019535541534423828,24.886,1.03,99,4,20,0.91,895,0.017107510939240456,0.007477210368961096,0.0021314520854502916,1500,1500,1452,1498,1897,1102,1897,1102
1783459511.4806,4.5804,0.02011,49.72,230,675868,0.581,GUIDED,GUIDED,128,2.290177822113037,0.0,10.0,0.5,0.0,0.0,nan,nan,nan,nan,nan,nan,nan,nan,nan,nan,6.314311010487933,6.002742319564156,10.082006210786544,0,0,-3.158640146255493,-6.066745758056641,-0.08612591028213501,0.00030735915061086416,0.03695240244269371,0.0023785096127539873,nan,nan,nan,-0.03159412369132042,-0.0023890305310487747,-3.1361119747161865,-0.00020927636069245636,3135,3135,0.01930546760559082,24.886,1.03,99,4,20,0.91,895,0.017107510939240456,0.007477210368961096,0.0021314520854502916,1500,1500,1452,1498,1897,1102,1897,1102
1783459511.5007,4.6004,0.02018,49.55,231,675889,0.601,GUIDED,GUIDED,128,2.30017626285553,0.0,10.0,0.5,0.0,0.0,nan,nan,nan,nan,nan,nan,nan,nan,nan,nan,6.324942128184901,6.001454836274832,10.082692337944195,0,0,-3.158917188644409,-6.065653324127197,-0.08672851324081421,0.00010203343845205382,0.037065014243125916,0.002330286893993616,nan,nan,nan,-0.031600095331668854,-0.0024125613272190094,-3.136132001876831,-0.0007547511486336589,3135,3135,0.019329309463500977,24.886,1.03,99,4,20,0.91,895,0.01544355321675539,0.004959855228662491,0.009659066796302795,1500,1500,1452,1498,1897,1102,1897,1102
1783459511.5207,4.6203,0.01991,50.22,232,675908,0.621,GUIDED,GUIDED,128,2.310173749923706,0.0,10.0,0.5,0.0,0.0,nan,nan,nan,nan,nan,nan,nan,nan,nan,nan,6.334972513872027,5.999961871083068,10.083090839968296,0,0,-3.1590874195098877,-6.064704418182373,-0.08694559335708618,0.00018132224795408547,0.037379126995801926,0.0022255429066717625,nan,nan,nan,-0.03159990906715393,-0.002415051683783531,-3.1361324787139893,-0.0002156157570425421,3135,3135,0.019035816192626953,24.886,1.03,99,4,20,0.91,895,0.01544355321675539,0.004959855228662491,0.009659066796302795,1500,1500,1452,1498,1897,1102,1897,1102
1783459511.5407,4.6404,0.02007,49.82,233,675929,0.641,GUIDED,GUIDED,128,2.320212960243225,0.0,10.0,0.5,0.0,0.0,nan,nan,nan,nan,nan,nan,nan,nan,nan,nan,6.345377415035293,5.998248136638016,10.08320012454931,0,0,-3.159407138824463,-6.063582897186279,-0.08737534284591675,0.00015478057321161032,0.03772104158997536,0.0024105634074658155,nan,nan,nan,-0.03160648047924042,-0.0024149995297193527,-3.136137008666992,-0.00013872225827071816,3135,3135,0.019220590591430664,24.886,1.03,99,4,20,0.91,895,0.01544355321675539,0.004959855228662491,0.009659066796302795,1500,1500,1452,1498,1897,1102,1897,1102
1783459511.5607,4.6603,0.01999,50.01,234,675948,0.661,GUIDED,GUIDED,128,2.3301655054092407,0.0,10.0,0.5,0.0,0.0,nan,nan,nan,nan,nan,nan,nan,nan,nan,nan,6.355518896991638,5.997423476250694,10.083284674234688,0,0,-3.159555196762085,-6.062654495239258,-0.08770745992660522,0.00013117915659677237,0.037661146372556686,0.0025534965097904205,nan,nan,nan,-0.03161322697997093,-0.002406725659966469,-3.1361329555511475,8.726806845515966e-05,3135,3135,0.019185304641723633,24.886,1.03,99,4,20,0.91,895,0.01544355321675539,0.004959855228662491,0.009659066796302795,1500,1500,1452,1498,1897,1102,1897,1102
1783459511.5809,4.6805,0.02017,49.59,235,675968,0.681,GUIDED,GUIDED,128,2.340240240097046,0.0,10.0,0.5,0.0,0.0,nan,nan,nan,nan,nan,nan,nan,nan,nan,nan,6.365817136200112,5.996345684455464,10.08386687647789,0,0,-3.1598329544067383,-6.061594486236572,-0.08835774660110474,0.00016250221233349293,0.03767141327261925,0.0025928050745278597,nan,nan,nan,-0.03160607069730759,-0.0024102218449115753,-3.1361136436462402,0.0007753906538709998,3135,3135,0.01926279067993164,24.886,1.03,99,4,20,0.91,895,0.01544355321675539,0.004959855228662491,0.009659066796302795,1500,1500,1452,1498,1897,1102,1897,1102
1783459511.6007,4.7005,0.01985,50.38,236,675989,0.701,GUIDED,GUIDED,128,2.3502331972122192,0.0,10.0,0.5,0.0,0.0,nan,nan,nan,nan,nan,nan,nan,nan,nan,nan,6.3763589190086,5.995647635296976,10.084571340330513,0,0,-3.1600842475891113,-6.060592174530029,-0.08892863988876343,-9.27826295082923e-06,0.037495747208595276,0.0025156880728900433,nan,nan,nan,-0.03159933164715767,-0.0024336669594049454,-3.136112689971924,0.0001239602133864537,3135,3135,0.019092321395874023,24.886,1.03,99,4,20,0.91,895,0.01544355321675539,0.004959855228662491,0.009659066796302795,1500,1500,1452,1498,1897,1102,1897,1102
1783459511.6208,4.7204,0.02006,49.85,237,676008,0.721,GUIDED,GUIDED,128,2.360188364982605,0.0,10.0,0.5,0.0,0.0,nan,nan,nan,nan,nan,nan,nan,nan,nan,nan,6.386158855870287,5.995007698528911,10.08464765094686,0,0,-3.160200595855713,-6.059722900390625,-0.08915990591049194,0.00014751804701518267,0.037363339215517044,0.002605151617899537,nan,nan,nan,-0.031600069254636765,-0.0024497974663972855,-3.136111259460449,-1.0234565706923604e-05,3135,3135,0.019196510314941406,24.886,1.03,99,4,20,0.91,895,0.01544355321675539,0.004959855228662491,0.009659066796302795,1500,1500,1452,1498,1897,1102,1897,1102
1783459511.6405,4.7405,0.01967,50.84,238,676029,0.741,GUIDED,GUIDED,128,2.370225667953491,0.0,10.0,0.5,0.0,0.0,nan,nan,nan,nan,nan,nan,nan,nan,nan,nan,6.3965617013690625,5.993382783252871,10.08536387768875,0,0,-3.160416603088379,-6.058777809143066,-0.08962517976760864,6.118380406405777e-05,0.03775583580136299,0.002460263902321458,nan,nan,nan,-0.03160344064235687,-0.0024412889033555984,-3.1361160278320312,-0.00032551109325140715,3135,3135,0.01918196678161621,24.886,1.03,99,4,20,0.91,895,0.01544355321675539,0.004959855228662491,0.009659066796302795,1500,1500,1452,1498,1897,1102,1897,1102
1783459511.6610,4.7604,0.02052,48.74,239,676048,0.761,GUIDED,GUIDED,128,2.380189299583435,0.0,10.0,0.5,0.0,0.0,nan,nan,nan,nan,nan,nan,nan,nan,nan,nan,6.406254476654795,5.992267967441589,10.085815852854585,0,0,-3.1605145931243896,-6.057929515838623,-0.08995574712753296,0.0002741373609751463,0.03790971264243126,0.002390169072896242,nan,nan,nan,-0.03160015493631363,-0.002429816871881485,-3.136112928390503,9.060616139322519e-05,3135,3135,0.019618511199951172,24.886,1.03,99,4,20,0.91,895,0.01544355321675539,0.004959855228662491,0.009659066796302795,1500,1500,1452,1498,1897,1102,1897,1102
1783459511.6804,4.7804,0.01946,51.38,240,676068,0.781,GUIDED,GUIDED,128,2.3902041912078857,0.0,10.0,0.5,0.0,0.0,nan,nan,nan,nan,nan,nan,nan,nan,nan,nan,6.416704243476733,5.991670043154947,10.08655742972496,0,0,-3.1606996059417725,-6.05703067779541,-0.09060412645339966,0.0001298792485613376,0.03773598000407219,0.0023363614454865456,nan,nan,nan,-0.031579505652189255,-0.0024175699800252914,-3.1361098289489746,6.486876372946426e-05,3135,3135,0.018840551376342773,24.886,1.03,99,4,20,0.91,895,0.01544355321675539,0.004959855228662491,0.009659066796302795,1500,1500,1452,1498,1897,1102,1897,1102
1783459511.7006,4.8004,0.02019,49.53,241,676088,0.801,GUIDED,GUIDED,128,2.4001837968826294,0.0,10.0,0.5,0.0,0.0,nan,nan,nan,nan,nan,nan,nan,nan,nan,nan,6.426839215594259,5.990886377966131,10.087106279374895,0,0,-3.16086745262146,-6.056152820587158,-0.09117430448532104,0.0001370847166981548,0.03768159821629524,0.0023486753925681114,nan,nan,nan,-0.031580906361341476,-0.0024293269962072372,-3.1361083984375,0.00020416770712472498,3135,3135,0.019483566284179688,24.886,1.03,99,4,20,0.91,895,0.01544355321675539,0.008681340143084526,0.009659066796302795,1500,1500,1452,1498,1897,1102,1897,1102
1783459511.7207,4.8203,0.02003,49.92,242,676108,0.821,GUIDED,GUIDED,128,2.4101544618606567,0.0,10.0,0.5,0.0,0.0,nan,nan,nan,nan,nan,nan,nan,nan,nan,nan,6.43707831492556,5.989506978533638,10.088297046362031,0,0,-3.16097092628479,-6.055013656616211,-0.09195011854171753,4.1844617953756824e-05,0.037820298224687576,0.0021091022063046694,nan,nan,nan,-0.03157620504498482,-0.002454495057463646,-3.1361050605773926,-6.2341641751118e-05,3135,3135,0.01914381980895996,24.886,1.03,99,4,20,0.91,895,0.01544355321675539,0.008681340143084526,0.009659066796302795,1500,1500,1452,1498,1897,1102,1897,1102
1783459511.7404,4.8403,0.01970,50.76,243,676129,0.841,GUIDED,GUIDED,128,2.4201658964157104,0.0,10.0,0.5,0.0,0.0,nan,nan,nan,nan,nan,nan,nan,nan,nan,nan,6.447104652476302,5.986808662930545,10.090568101933856,0,0,-3.161163806915283,-6.053520202636719,-0.09343558549880981,0.00014460005331784487,0.03851592540740967,0.0016555424081161618,nan,nan,nan,-0.03158024325966835,-0.0024869870394468307,-3.136104106903076,-0.00014573890075553209,3135,3135,0.019059419631958008,24.886,1.03,99,4,20,0.91,895,0.01544355321675539,0.008681340143084526,0.009659066796302795,1500,1500,1452,1498,1897,1102,1897,1102
1783459511.7606,4.8603,0.02024,49.41,244,676148,0.861,GUIDED,GUIDED,128,2.430158019065857,0.0,10.0,0.5,0.0,0.0,nan,nan,nan,nan,nan,nan,nan,nan,nan,nan,6.457113834300968,5.984806094462102,10.091494337209337,0,0,-3.161247968673706,-6.052417278289795,-0.09427839517593384,0.000183341748197563,0.039035335183143616,0.001607376616448164,nan,nan,nan,-0.0315859392285347,-0.0024838875979185104,-3.1361093521118164,-0.0003754961071535945,3135,3135,0.01942157745361328,24.886,1.03,99,4,20,0.91,895,0.01544355321675539,0.008681340143084526,0.009659066796302795,1500,1500,1452,1498,1897,1102,1897,1102
1783459511.7807,4.8803,0.02006,49.86,245,676168,0.881,GUIDED,GUIDED,128,2.4401679039001465,0.0,10.0,0.5,0.0,0.0,nan,nan,nan,nan,nan,nan,nan,nan,nan,nan,6.466906516110318,5.982746535020985,10.093541645573127,0,0,-3.1614062786102295,-6.051009178161621,-0.09587568044662476,0.0004001442575827241,0.039411455392837524,0.0013475556625053287,nan,nan,nan,-0.03159058094024658,-0.002455044537782669,-3.1361021995544434,0.0004585054994095117,3135,3135,0.01916670799255371,24.886,1.03,99,4,20,0.91,895,0.01544355321675539,0.008681340143084526,0.009659066796302795,1500,1500,1452,1498,1897,1102,1897,1102
1783459511.8009,4.9004,0.02021,49.47,246,676189,0.901,GUIDED,GUIDED,128,2.4501991271972656,0.0,10.0,0.5,0.0,0.0,nan,nan,nan,nan,nan,nan,nan,nan,nan,nan,6.477063759103714,5.981611624861846,10.095614487067666,0,0,-3.1615467071533203,-6.049676418304443,-0.09732359647750854,0.0004084632091689855,0.03929722681641579,0.00098675477784127,nan,nan,nan,-0.03157801926136017,-0.002439431846141815,-3.136101245880127,-4.0193088352680206e-05,3135,3135,0.019272804260253906,24.886,1.03,99,4,20,0.91,895,0.01544355321675539,0.008681340143084526,0.009659066796302795,1500,1500,1452,1498,1897,1102,1897,1102
1783459511.8205,4.9203,0.01962,50.97,247,676208,0.921,GUIDED,GUIDED,128,2.4601657390594482,0.0,10.0,0.5,0.0,0.0,nan,nan,nan,nan,nan,nan,nan,nan,nan,nan,6.486906445661275,5.980923088018095,10.096557626171988,0,0,-3.1616032123565674,-6.0486345291137695,-0.09798723459243774,0.0005126348114572465,0.03909321874380112,0.0008253848063759506,nan,nan,nan,-0.03157998248934746,-0.002463897690176964,-3.136103630065918,-0.00021018028201069683,3135,3135,0.018892526626586914,24.886,1.03,99,4,20,0.91,895,0.01544355321675539,0.008681340143084526,0.009659066796302795,1500,1500,1452,1498,1897,1102,1897,1102
1783459511.8409,4.9405,0.02040,49.02,248,676228,0.941,GUIDED,GUIDED,128,2.470232367515564,0.0,10.0,0.5,0.0,0.0,nan,nan,nan,nan,nan,nan,nan,nan,nan,nan,6.497270463374137,5.979070130829014,10.098236926810424,0,0,-3.1617164611816406,-6.047387599945068,-0.09924167394638062,0.0004063212836626917,0.039443109184503555,0.0005800910294055939,nan,nan,nan,-0.03158330172300339,-0.0024936404079198837,-3.1360957622528076,0.00026525239809416234,3135,3135,0.019468307495117188,24.886,1.03,99,4,20,0.91,895,0.01544355321675539,0.008681340143084526,0.009659066796302795,1500,1500,1452,1498,1897,1102,1897,1102
1783459511.8606,4.9603,0.01967,50.84,249,676248,0.961,GUIDED,GUIDED,128,2.4801571369171143,0.0,10.0,0.5,0.0,0.0,nan,nan,nan,nan,nan,nan,nan,nan,nan,nan,6.506838650866726,5.977006773424479,10.099422527955957,0,0,-3.1617603302001953,-6.046371936798096,-0.09988123178482056,0.0006375217344611883,0.04004799574613571,0.00026483277906663716,nan,nan,nan,-0.03160030022263527,-0.002494795247912407,-3.136099338531494,-0.00021317772916518152,3135,3135,0.018880367279052734,24.886,1.03,99,4,20,0.91,895,0.01544355321675539,0.008681340143084526,0.009659066796302795,1500,1500,1452,1498,1897,1102,1897,1102
1783459511.8807,4.9804,0.02015,49.63,250,676268,0.981,GUIDED,GUIDED,128,2.4901825189590454,0.0,10.0,0.5,0.0,0.0,nan,nan,nan,nan,nan,nan,nan,nan,nan,nan,6.516480942104987,5.975133354905017,10.100912988926407,0,0,-3.1618454456329346,-6.045168876647949,-0.10108035802841187,0.0009078407310880721,0.040435027331113815,9.663059609010816e-05,nan,nan,nan,-0.03160172328352928,-0.0024622976779937744,-3.1361186504364014,-0.0009807533351704478,3135,3135,0.019322872161865234,24.886,1.03,99,4,20,0.91,895,0.01544355321675539,0.008681340143084526,0.009659066796302795,1500,1500,1452,1498,1897,1102,1897,1102
1783459511.9020,5.0003,0.02133,46.89,251,676289,0.002,GUIDED,GUIDED,128,2.500170588493347,0.0,10.0,0.5,0.0,0.0,nan,nan,nan,nan,nan,nan,nan,nan,nan,nan,6.526666270190406,5.973928679635857,10.102283757579679,0,0,-3.1619162559509277,-6.044015407562256,-0.1021682620048523,0.0008348358096554875,0.04046459123492241,-6.668140122201294e-05,nan,nan,nan,-0.031602635979652405,-0.002436915412545204,-3.1361236572265625,-0.00035135060898028314,3135,3135,0.01919412612915039,24.888,1.02,99,4,20,0.91,895,0.015623512677848339,0.003619137918576598,0.021238334476947784,1500,1500,1452,1498,1897,1102,1897,1102
1783459511.9208,5.0205,0.01872,53.43,252,676308,0.021,GUIDED,GUIDED,128,2.510243058204651,0.0,10.0,0.5,0.0,0.0,nan,nan,nan,nan,nan,nan,nan,nan,nan,nan,6.536880389192212,5.972435443136892,10.103159578868548,0,0,-3.1620919704437256,-6.042696475982666,-0.10261636972427368,0.0008545033633708954,0.04056522622704506,-0.0003136219456791878,nan,nan,nan,-0.03160996362566948,-0.0024489164352416992,-3.1361210346221924,8.599847933510318e-05,3135,3135,0.017888545989990234,24.888,1.02,99,4,20,0.91,895,0.015623512677848339,0.003619137918576598,0.021238334476947784,1500,1500,1452,1498,1897,1102,1897,1102
1783459511.9408,5.0404,0.02004,49.91,253,676329,0.041,GUIDED,GUIDED,128,2.5201860666275024,0.0,10.0,0.5,0.0,0.0,nan,nan,nan,nan,nan,nan,nan,nan,nan,nan,6.547228408457915,5.9702587270432685,10.104230788407769,0,0,-3.162431240081787,-6.040952205657959,-0.10344606637954712,0.000816547661088407,0.040814898908138275,-0.00045305947423912585,nan,nan,nan,-0.03160576894879341,-0.0024701151996850967,-3.1361083984375,0.0002408399886917323,3135,3135,0.019176959991455078,24.888,1.02,99,4,20,0.91,895,0.015623512677848339,0.003619137918576598,0.021238334476947784,1500,1500,1452,1498,1897,1102,1897,1102
1783459511.9611,5.0604,0.02029,49.28,254,676348,0.061,GUIDED,GUIDED,128,2.53019118309021,0.0,10.0,0.5,0.0,0.0,nan,nan,nan,nan,nan,nan,nan,nan,nan,nan,6.5572098967161425,5.968043437003372,10.104776578062907,0,0,-3.1625804901123047,-6.039699554443359,-0.10399764776229858,0.0009163589566014707,0.04137067869305611,-0.0004497156187426299,nan,nan,nan,-0.03160994499921799,-0.002483222633600235,-3.136110782623291,-9.781222615856677e-06,3135,3135,0.019159793853759766,24.888,1.02,99,4,20,0.91,895,0.015623512677848339,0.003619137918576598,0.021238334476947784,1500,1500,1452,1498,1897,1102,1897,1102
1783459511.9806,5.0803,0.01956,51.13,255,676369,0.081,GUIDED,GUIDED,128,2.540165424346924,0.0,10.0,0.5,0.0,0.0,nan,nan,nan,nan,nan,nan,nan,nan,nan,nan,6.567565954048995,5.964871461092862,10.105992650076468,0,0,-3.1628706455230713,-6.0380449295043945,-0.10501140356063843,0.000863438646774739,0.04224672168493271,-0.0005665229400619864,nan,nan,nan,-0.03160923346877098,-0.002465890720486641,-3.136119842529297,-0.0003565234364941716,3135,3135,0.018742799758911133,24.888,1.02,99,4,20,0.91,895,0.015623512677848339,0.003619137918576598,0.021238334476947784,1500,1500,1452,1498,1897,1102,1897,1102
1783459512.0005,5.1003,0.01981,50.48,256,676389,0.101,GUIDED,GUIDED,128,2.550169348716736,0.0,10.0,0.5,0.0,0.0,nan,nan,nan,nan,nan,nan,nan,nan,nan,nan,6.57768735535754,5.962757563958271,10.106836304583833,0,0,-3.1631340980529785,-6.0364508628845215,-0.10592478513717651,0.0009477176936343312,0.042546845972537994,-0.0005262659979052842,nan,nan,nan,-0.03162579983472824,-0.002422325313091278,-3.1361234188079834,-0.0002968867775052786,3135,3135,0.01910257339477539,24.888,1.02,99,4,20,0.91,895,0.015623512677848339,0.003619137918576598,0.021238334476947784,1500,1500,1452,1498,1897,1102,1897,1102
1783459512.0208,5.1205,0.02038,49.08,257,676408,0.121,GUIDED,GUIDED,128,2.5602285861968994,0.0,10.0,0.5,0.0,0.0,nan,nan,nan,nan,nan,nan,nan,nan,nan,nan,6.587735246431608,5.961818066640411,10.107651297958844,0,0,-3.16324520111084,-6.035251140594482,-0.10635334253311157,0.001018413924612105,0.042396605014801025,-0.0007493749144487083,nan,nan,nan,-0.03163270279765129,-0.0023893266916275024,-3.1361336708068848,-0.000404051854275167,3135,3135,0.01947641372680664,24.888,1.02,99,4,20,0.91,895,0.015623512677848339,0.003619137918576598,0.021238334476947784,1500,1500,1452,1498,1897,1102,1897,1102
1783459512.0403,5.1403,0.01949,51.32,258,676429,0.141,GUIDED,GUIDED,128,2.5701496601104736,0.0,10.0,0.5,0.0,0.0,nan,nan,nan,nan,nan,nan,nan,nan,nan,nan,6.597586451035065,5.96042415211687,10.108549964838476,0,0,-3.1634678840637207,-6.033787727355957,-0.1071348786354065,0.0011873190524056554,0.04235647991299629,-0.000817000400274992,nan,nan,nan,-0.03163501247763634,-0.00239761546254158,-3.1361210346221924,0.0006458799471147358,3135,3135,0.0188446044921875,24.888,1.02,99,4,20,0.91,895,0.015623512677848339,0.003619137918576598,0.021238334476947784,1500,1500,1452,1498,1897,1102,1897,1102
1783459512.0603,5.1601,0.01997,50.07,259,676448,0.161,GUIDED,GUIDED,128,2.5800503492355347,0.0,10.0,0.5,0.0,0.0,nan,nan,nan,nan,nan,nan,nan,nan,nan,nan,6.607886355449903,5.958814491819589,10.109186081844147,0,0,-3.1635594367980957,-6.032634735107422,-0.1076464056968689,0.001009689993225038,0.042620137333869934,-0.0008889324381016195,nan,nan,nan,-0.03162768483161926,-0.0024325530976057053,-3.1361196041107178,-1.207240711664781e-05,3135,3135,0.01923084259033203,24.888,1.02,99,4,20,0.91,895,0.015623512677848339,0.003619137918576598,0.021238334476947784,1500,1500,1452,1498,1897,1102,1897,1102
1783459512.0807,5.1803,0.02037,49.10,260,676468,0.181,GUIDED,GUIDED,128,2.590141177177429,0.0,10.0,0.5,0.0,0.0,nan,nan,nan,nan,nan,nan,nan,nan,nan,nan,6.6183684156868186,5.955542501991288,10.110269944397393,0,0,-3.1637496948242188,-6.031217098236084,-0.10857826471328735,0.0008936574449762702,0.043690748512744904,-0.000976691721007228,nan,nan,nan,-0.03162410110235214,-0.0024435222148895264,-3.1361207962036133,-7.884973456384614e-05,3135,3135,0.019501686096191406,24.888,1.02,99,4,20,0.91,895,0.015623512677848339,0.003619137918576598,0.021238334476947784,1500,1500,1452,1498,1897,1102,1897,1102
1783459512.1006,5.2003,0.01995,50.14,261,676489,0.201,GUIDED,GUIDED,128,2.6001635789871216,0.0,10.0,0.5,0.0,0.0,nan,nan,nan,nan,nan,nan,nan,nan,nan,nan,6.6283053792088085,5.95300448893559,10.111064035429258,0,0,-3.1639223098754883,-6.029834747314453,-0.10941570997238159,0.001042644609697163,0.04435797035694122,-0.0009516611462458968,nan,nan,nan,-0.03162122517824173,-0.0024149641394615173,-3.136115312576294,0.0002538406115490943,3135,3135,0.019123077392578125,24.888,1.02,99,4,20,0.91,895,0.01507523376494646,0.008344516158103943,0.004729233216494322,1500,1500,1452,1498,1897,1102,1897,1102
1783459512.1205,5.2203,0.01990,50.24,262,676508,0.221,GUIDED,GUIDED,128,2.6101659536361694,0.0,10.0,0.5,0.0,0.0,nan,nan,nan,nan,nan,nan,nan,nan,nan,nan,6.638414054555001,5.951035466529934,10.111752820414642,0,0,-3.1641292572021484,-6.0284528732299805,-0.11002248525619507,0.0011007529683411121,0.04469696059823036,-0.000999009469524026,nan,nan,nan,-0.03161807358264923,-0.002365943044424057,-3.1361191272735596,-0.0002777975460048765,3135,3135,0.019130229949951172,24.888,1.02,99,4,20,0.91,895,0.01507523376494646,0.008344516158103943,0.004729233216494322,1500,1500,1452,1498,1897,1102,1897,1102
1783459512.1404,5.2404,0.01985,50.38,263,676528,0.241,GUIDED,GUIDED,128,2.6201846599578857,0.0,10.0,0.5,0.0,0.0,nan,nan,nan,nan,nan,nan,nan,nan,nan,nan,6.6487153034291095,5.949037102218876,10.11320966170911,0,0,-3.164536952972412,-6.02658748626709,-0.11113756895065308,0.0011730102123692632,0.044773735105991364,-0.0011963233118876815,nan,nan,nan,-0.0316045917570591,-0.0023490581661462784,-3.1361122131347656,0.0003193930024281144,3135,3135,0.019339323043823242,24.888,1.02,99,4,20,0.91,895,0.01507523376494646,0.008344516158103943,0.004729233216494322,1500,1500,1452,1498,1897,1102,1897,1102
1783459512.1610,5.2605,0.02065,48.44,264,676548,0.261,GUIDED,GUIDED,128,2.6302337646484375,0.0,10.0,0.5,0.0,0.0,nan,nan,nan,nan,nan,nan,nan,nan,nan,nan,6.659391734486232,5.948200899152062,10.113779089849302,0,0,-3.164719820022583,-6.025259494781494,-0.11178964376449585,0.0009164015064015985,0.04448980093002319,-0.001148607232607901,nan,nan,nan,-0.03160630911588669,-0.0023642797023057938,-3.136103868484497,0.00024121605383697897,3135,3135,0.019782304763793945,24.888,1.02,99,4,20,0.91,895,0.01507523376494646,0.008344516158103943,0.004729233216494322,1500,1500,1452,1498,1897,1102,1897,1102
1783459512.1804,5.2804,0.01944,51.44,265,676568,0.281,GUIDED,GUIDED,128,2.6402164697647095,0.0,10.0,0.5,0.0,0.0,nan,nan,nan,nan,nan,nan,nan,nan,nan,nan,6.669805736426309,5.945097103049038,10.115556085890324,0,0,-3.165079116821289,-6.0235443115234375,-0.11298304796218872,0.000874832272529602,0.04529151692986488,-0.0014855441404506564,nan,nan,nan,-0.031608402729034424,-0.0024123508483171463,-3.136108636856079,-1.857268944149837e-05,3135,3135,0.018842697143554688,24.888,1.02,99,4,20,0.91,895,0.01507523376494646,0.008344516158103943,0.004729233216494322,1500,1500,1452,1498,1897,1102,1897,1102
1783459512.2007,5.3005,0.02027,49.34,266,676589,0.301,GUIDED,GUIDED,128,2.6502294540405273,0.0,10.0,0.5,0.0,0.0,nan,nan,nan,nan,nan,nan,nan,nan,nan,nan,6.679977925118834,5.941865215876778,10.116805886622384,0,0,-3.165405035018921,-6.021875858306885,-0.11406630277633667,0.0009710845188237727,0.0461941659450531,-0.0015816994709894061,nan,nan,nan,-0.03160765767097473,-0.0024091489613056183,-3.136120319366455,-0.0008254895219579339,3135,3135,0.019474506378173828,24.888,1.02,99,4,20,0.91,895,0.01507523376494646,0.008344516158103943,0.004729233216494322,1500,1500,1452,1498,1897,1102,1897,1102
1783459512.2208,5.3205,0.02013,49.67,267,676608,0.321,GUIDED,GUIDED,128,2.6602401733398438,0.0,10.0,0.5,0.0,0.0,nan,nan,nan,nan,nan,nan,nan,nan,nan,nan,6.690304105901365,5.9395522117141875,10.11729774661681,0,0,-3.165548086166382,-6.0205888748168945,-0.11458367109298706,0.0008715433650650084,0.04678653925657272,-0.001566972234286368,nan,nan,nan,-0.031600479036569595,-0.0023527368903160095,-3.136115789413452,1.674467057455331e-06,3135,3135,0.0193026065826416,24.888,1.02,99,4,20,0.91,895,0.01507523376494646,0.008344516158103943,0.004729233216494322,1500,1500,1452,1498,1897,1102,1897,1102
1783459512.2406,5.3404,0.01976,50.61,268,676628,0.341,GUIDED,GUIDED,128,2.670188546180725,0.0,10.0,0.5,0.0,0.0,nan,nan,nan,nan,nan,nan,nan,nan,nan,nan,6.700390264011312,5.937801043107422,10.118417376264658,0,0,-3.165830373764038,-6.019013404846191,-0.1155131459236145,0.0009549718233756721,0.04688797891139984,-0.001676758169196546,nan,nan,nan,-0.0316009558737278,-0.0023101642727851868,-3.136108636856079,0.00035204249434173107,3135,3135,0.019060850143432617,24.888,1.02,99,4,20,0.91,895,0.01507523376494646,0.008344516158103943,0.004729233216494322,1500,1500,1452,1498,1897,1102,1897,1102
1783459512.2608,5.3604,0.02017,49.58,269,676648,0.361,GUIDED,GUIDED,128,2.6801973581314087,0.0,10.0,0.5,0.0,0.0,nan,nan,nan,nan,nan,nan,nan,nan,nan,nan,6.710745917798818,5.937549643273503,10.119164645805254,0,0,-3.165954828262329,-6.0177741050720215,-0.11609071493148804,0.0008265764336101711,0.04631761461496353,-0.0017747348174452782,nan,nan,nan,-0.0315820574760437,-0.0023041293025016785,-3.1361074447631836,7.084386015776545e-05,3135,3135,0.019300222396850586,24.888,1.02,99,4,20,0.91,895,0.01507523376494646,0.008344516158103943,0.004729233216494322,1500,1500,1452,1498,1897,1102,1897,1102
1783459512.2808,5.3805,0.02001,49.97,270,676668,0.381,GUIDED,GUIDED,128,2.6902302503585815,0.0,10.0,0.5,0.0,0.0,nan,nan,nan,nan,nan,nan,nan,nan,nan,nan,6.721333747211238,5.93591188671805,10.120516367418205,0,0,-3.1662023067474365,-6.016281604766846,-0.11713331937789917,0.0006490650703199208,0.046401478350162506,-0.001953203696757555,nan,nan,nan,-0.03159391134977341,-0.0023423805832862854,-3.136099100112915,0.00019318563863635063,3135,3135,0.019208192825317383,24.888,1.02,99,4,20,0.91,895,0.01507523376494646,0.008344516158103943,0.004729233216494322,1500,1500,1452,1498,1897,1102,1897,1102
1783459512.3009,5.4003,0.02010,49.75,271,676689,0.401,GUIDED,GUIDED,128,2.700172185897827,0.0,10.0,0.5,0.0,0.0,nan,nan,nan,nan,nan,nan,nan,nan,nan,nan,6.730980942392017,5.932799843795532,10.121587095974295,0,0,-3.166428327560425,-6.014850616455078,-0.11807483434677124,0.0009497266728430986,0.047372035682201385,-0.002027805196121335,nan,nan,nan,-0.03158363699913025,-0.002389349043369293,-3.136112689971924,-0.0006246782722882926,3135,3135,0.019109725952148438,24.888,1.02,99,4,20,0.91,895,0.01666329801082611,0.007589087821543217,0.008345409296452999,1500,1500,1452,1498,1897,1102,1897,1102
1783459512.3205,5.4205,0.01959,51.05,272,676708,0.421,GUIDED,GUIDED,128,2.7102309465408325,0.0,10.0,0.5,0.0,0.0,nan,nan,nan,nan,nan,nan,nan,nan,nan,nan,6.741093108687016,5.931096302904084,10.12251244772517,0,0,-3.1665148735046387,-6.013734817504883,-0.1187470555305481,0.0009688602294772863,0.04771136865019798,-0.002173950197175145,nan,nan,nan,-0.03157356381416321,-0.0023766662925481796,-3.1361236572265625,-0.0006349754985421896,3135,3135,0.01898193359375,24.888,1.02,99,4,20,0.91,895,0.01666329801082611,0.007589087821543217,0.008345409296452999,1500,1500,1452,1498,1897,1102,1897,1102
1783459512.3408,5.4405,0.02030,49.26,273,676728,0.441,GUIDED,GUIDED,128,2.7202287912368774,0.0,10.0,0.5,0.0,0.0,nan,nan,nan,nan,nan,nan,nan,nan,nan,nan,6.75095365085927,5.929297777293123,10.124184524733996,0,0,-3.166684865951538,-6.012474060058594,-0.11996263265609741,0.0011462770635262132,0.04802184924483299,-0.0024375105276703835,nan,nan,nan,-0.03156816586852074,-0.002338867634534836,-3.136120080947876,0.00011051540059270337,3135,3135,0.01946258544921875,24.888,1.02,99,4,20,0.91,895,0.01666329801082611,0.007589087821543217,0.008345409296452999,1500,1500,1452,1498,1897,1102,1897,1102
1783459512.3603,5.4603,0.01954,51.18,274,676748,0.461,GUIDED,GUIDED,128,2.730160117149353,0.0,10.0,0.5,0.0,0.0,nan,nan,nan,nan,nan,nan,nan,nan,nan,nan,6.760742512346128,5.9289290840229425,10.125314445726525,0,0,-3.1667487621307373,-6.011356353759766,-0.1207011342048645,0.001265419414266944,0.04758940637111664,-0.0026634966488927603,nan,nan,nan,-0.03157468140125275,-0.0023120418190956116,-3.136104106903076,0.0009215727914124727,3135,3135,0.018962860107421875,24.888,1.02,99,4,20,0.91,895,0.01666329801082611,0.007589087821543217,0.008345409296452999,1500,1500,1452,1498,1897,1102,1897,1102
1783459512.3806,5.4804,0.02032,49.20,275,676768,0.481,GUIDED,GUIDED,128,2.7401883602142334,0.0,10.0,0.5,0.0,0.0,nan,nan,nan,nan,nan,nan,nan,nan,nan,nan,6.770748429165961,5.928812753505871,10.1271496144866,0,0,-3.166884422302246,-6.010183334350586,-0.12203460931777954,0.0013566329143941402,0.046979326754808426,-0.002953149611130357,nan,nan,nan,-0.031583428382873535,-0.0023278743028640747,-3.1360790729522705,0.001249995082616806,3135,3135,0.019571781158447266,24.888,1.02,99,4,20,0.91,895,0.01666329801082611,0.007589087821543217,0.008345409296452999,1500,1500,1452,1498,1897,1102,1897,1102
1783459512.4022,5.5005,0.02157,46.37,276,676789,0.503,GUIDED,GUIDED,128,2.7502399682998657,0.0,10.0,0.5,0.0,0.0,nan,nan,nan,nan,nan,nan,nan,nan,nan,nan,6.780670981768509,5.927712869401383,10.128904045975215,0,0,-3.166996955871582,-6.009012222290039,-0.12325185537338257,0.0014961144188418984,0.046938203275203705,-0.0032632937654852867,nan,nan,nan,-0.031594280153512955,-0.0023773275315761566,-3.1360831260681152,-0.00017086652223952115,3135,3135,0.019332170486450195,24.879,1.03,99,4,20,0.91,895,0.01666329801082611,0.007589087821543217,0.008345409296452999,1500,1500,1452,1498,1897,1102,1897,1102
1783459512.4207,5.5204,0.01846,54.18,277,676808,0.521,GUIDED,GUIDED,128,2.7601908445358276,0.0,10.0,0.5,0.0,0.0,nan,nan,nan,nan,nan,nan,nan,nan,nan,nan,6.790567913267736,5.925660109916217,10.129762496827759,0,0,-3.1670329570770264,-6.007984638214111,-0.12385290861129761,0.0015480447327718139,0.04753008857369423,-0.0034119023475795984,nan,nan,nan,-0.03159685805439949,-0.002420559525489807,-3.1361083984375,-0.0011074370704591274,3135,3135,0.017644882202148438,24.879,1.03,99,4,20,0.91,895,0.01666329801082611,0.007589087821543217,0.008345409296452999,1500,1500,1452,1498,1897,1102,1897,1102
1783459512.4402,5.5401,0.01951,51.25,278,676829,0.540,GUIDED,GUIDED,128,2.7700421810150146,0.0,10.0,0.5,0.0,0.0,nan,nan,nan,nan,nan,nan,nan,nan,nan,nan,6.800292048495401,5.923218794675711,10.131311004822441,0,0,-3.1671183109283447,-6.006860256195068,-0.12491315603256226,0.00167076347861439,0.048290420323610306,-0.0036937997210770845,nan,nan,nan,-0.031607139855623245,-0.0024147294461727142,-3.136138677597046,-0.0016930190613493323,3135,3135,0.018819093704223633,24.879,1.03,99,4,20,0.91,895,0.01666329801082611,0.007589087821543217,0.008345409296452999,1500,1500,1452,1498,1897,1102,1897,1102
1783459512.4607,5.5605,0.02054,48.69,279,676848,0.561,GUIDED,GUIDED,128,2.7802326679229736,0.0,10.0,0.5,0.0,0.0,nan,nan,nan,nan,nan,nan,nan,nan,nan,nan,6.809981298013171,5.922007289696659,10.1321873075083,0,0,-3.16713547706604,-6.005834102630615,-0.1256142258644104,0.0019700638949871063,0.04839743301272392,-0.0037949704565107822,nan,nan,nan,-0.031613755971193314,-0.0023687779903411865,-3.1361238956451416,0.0005047312588430941,3135,3135,0.01977705955505371,24.879,1.03,99,4,20,0.91,895,0.01666329801082611,0.007589087821543217,0.008345409296452999,1500,1500,1452,1498,1897,1102,1897,1102
1783459512.4805,5.5804,0.01977,50.59,280,676868,0.581,GUIDED,GUIDED,128,2.7902026176452637,0.0,10.0,0.5,0.0,0.0,nan,nan,nan,nan,nan,nan,nan,nan,nan,nan,6.820140971778418,5.92210022999474,10.133687720425069,0,0,-3.1671929359436035,-6.004752159118652,-0.12685340642929077,0.0018937005661427975,0.047719113528728485,-0.003945793025195599,nan,nan,nan,-0.03160123899579048,-0.002348916605114937,-3.1360936164855957,0.0014535515801981091,3135,3135,0.01912856101989746,24.879,1.03,99,4,20,0.91,895,0.01666329801082611,0.007589087821543217,0.008345409296452999,1500,1500,1452,1498,1897,1102,1897,1102
1783459512.5009,5.6004,0.02039,49.05,281,676888,0.601,GUIDED,GUIDED,128,2.800179123878479,0.0,10.0,0.5,0.0,0.0,nan,nan,nan,nan,nan,nan,nan,nan,nan,nan,6.830069821141848,5.9217840492337945,10.13518831983577,0,0,-3.1672370433807373,-6.003723621368408,-0.1279800534248352,0.0019466807134449482,0.04730783402919769,-0.004161694552749395,nan,nan,nan,-0.031609002500772476,-0.002390291541814804,-3.1360814571380615,0.0008488057646900415,3135,3135,0.019379377365112305,24.879,1.03,99,4,20,0.91,895,0.01405868586152792,0.012230725958943367,0.02033412642776966,1500,1500,1452,1498,1897,1102,1897,1102
1783459512.5205,5.6203,0.01963,50.93,282,676908,0.621,GUIDED,GUIDED,128,2.8101630210876465,0.0,10.0,0.5,0.0,0.0,nan,nan,nan,nan,nan,nan,nan,nan,nan,nan,6.839564511229113,5.921196120592775,10.136204518188515,0,0,-3.1671457290649414,-6.0026750564575195,-0.1289082169532776,0.002176404232159257,0.0470418855547905,-0.004212521482259035,nan,nan,nan,-0.031616948544979095,-0.002462722361087799,-3.1360974311828613,-0.0009017369011417031,3135,3135,0.018886327743530273,24.879,1.03,99,4,20,0.91,895,0.01405868586152792,0.012230725958943367,0.02033412642776966,1500,1500,1452,1498,1897,1102,1897,1102
1783459512.5405,5.6404,0.02005,49.86,283,676928,0.641,GUIDED,GUIDED,128,2.8202165365219116,0.0,10.0,0.5,0.0,0.0,nan,nan,nan,nan,nan,nan,nan,nan,nan,nan,6.848969694994667,5.91945013917325,10.138600750269896,0,0,-3.166996479034424,-6.001566410064697,-0.13056355714797974,0.0024645491503179073,0.04740985110402107,-0.004640275612473488,nan,nan,nan,-0.03163125365972519,-0.0024917032569646835,-3.136115550994873,-0.0009218736086040735,3135,3135,0.019313335418701172,24.879,1.03,99,4,20,0.91,895,0.01405868586152792,0.012230725958943367,0.02033412642776966,1500,1500,1452,1498,1897,1102,1897,1102
1783459512.5608,5.6604,0.02025,49.38,284,676948,0.661,GUIDED,GUIDED,128,2.8301953077316284,0.0,10.0,0.5,0.0,0.0,nan,nan,nan,nan,nan,nan,nan,nan,nan,nan,6.858055116959666,5.917330026312698,10.139805924033798,0,0,-3.1668896675109863,-6.0005316734313965,-0.13147836923599243,0.0029186569154262543,0.048036493360996246,-0.0048079160042107105,nan,nan,nan,-0.03164055943489075,-0.0024632737040519714,-3.1361165046691895,-0.0002998268755618483,3135,3135,0.01930713653564453,24.879,1.03,99,4,20,0.91,895,0.01405868586152792,0.012230725958943367,0.02033412642776966,1500,1500,1452,1498,1897,1102,1897,1102
1783459512.5807,5.6803,0.01986,50.36,285,676968,0.681,GUIDED,GUIDED,128,2.840160608291626,0.0,10.0,0.5,0.0,0.0,nan,nan,nan,nan,nan,nan,nan,nan,nan,nan,6.867153230368776,5.917240677684522,10.14217345101264,0,0,-3.16672420501709,-5.9994659423828125,-0.13310307264328003,0.0033237978350371122,0.04747277870774269,-0.005236785393208265,nan,nan,nan,-0.031652532517910004,-0.002437591552734375,-3.1361000537872314,0.0007870382396504283,3135,3135,0.01895761489868164,24.879,1.03,99,4,20,0.91,895,0.01405868586152792,0.012230725958943367,0.02033412642776966,1500,1500,1452,1498,1897,1102,1897,1102
1783459512.6006,5.7005,0.01990,50.24,286,676989,0.701,GUIDED,GUIDED,128,2.8502336740493774,0.0,10.0,0.5,0.0,0.0,nan,nan,nan,nan,nan,nan,nan,nan,nan,nan,6.877035309112123,5.917506307089268,10.14404021471404,0,0,-3.166552782058716,-5.998429298400879,-0.1345934271812439,0.0033350931480526924,0.04672091081738472,-0.0054541053250432014,nan,nan,nan,-0.0316615104675293,-0.002437792718410492,-3.1360788345336914,0.0009845843305811286,3135,3135,0.01925969123840332,24.879,1.03,99,4,20,0.91,895,0.01405868586152792,0.012230725958943367,0.02033412642776966,1500,1500,1452,1498,1897,1102,1897,1102
1783459512.6208,5.7203,0.02020,49.51,287,677008,0.721,GUIDED,GUIDED,128,2.8601725101470947,0.0,10.0,0.5,0.0,0.0,nan,nan,nan,nan,nan,nan,nan,nan,nan,nan,6.886146106639165,5.917205054610406,10.14513926126212,0,0,-3.166428565979004,-5.99746036529541,-0.13534706830978394,0.003741445252671838,0.04633542522788048,-0.005653525236994028,nan,nan,nan,-0.03168431296944618,-0.0024758409708738327,-3.1360743045806885,0.0002653479459695518,3135,3135,0.019177675247192383,24.879,1.03,99,4,20,0.91,895,0.01405868586152792,0.012230725958943367,0.02033412642776966,1500,1500,1452,1498,1897,1102,1897,1102
1783459512.6409,5.7403,0.02018,49.55,288,677029,0.741,GUIDED,GUIDED,128,2.870156407356262,0.0,10.0,0.5,0.0,0.0,nan,nan,nan,nan,nan,nan,nan,nan,nan,nan,6.895701875659856,5.91586244348314,10.146788056727063,0,0,-3.1662466526031494,-5.9964919090271,-0.13665348291397095,0.0038835974410176277,0.04655144363641739,-0.005851198919117451,nan,nan,nan,-0.03168453276157379,-0.0025413092225790024,-3.136106014251709,-0.001451972872018814,3135,3135,0.018976211547851562,24.879,1.03,99,4,20,0.91,895,0.01405868586152792,0.012230725958943367,0.02033412642776966,1500,1500,1452,1498,1897,1102,1897,1102
1783459512.6605,5.7603,0.01955,51.14,289,677048,0.761,GUIDED,GUIDED,128,2.8801645040512085,0.0,10.0,0.5,0.0,0.0,nan,nan,nan,nan,nan,nan,nan,nan,nan,nan,6.905375086039485,5.913904512998598,10.14790749719709,0,0,-3.166111946105957,-5.995532989501953,-0.1373792290687561,0.0039991713128983974,0.04712822288274765,-0.006078498438000679,nan,nan,nan,-0.03169815242290497,-0.0025429241359233856,-3.136125087738037,-0.0011235384736210108,3135,3135,0.01890850067138672,24.879,1.03,99,4,20,0.91,895,0.01405868586152792,0.012230725958943367,0.02033412642776966,1500,1500,1452,1498,1897,1102,1897,1102
1783459512.6805,5.7803,0.02004,49.90,290,677068,0.781,GUIDED,GUIDED,128,2.89016056060791,0.0,10.0,0.5,0.0,0.0,nan,nan,nan,nan,nan,nan,nan,nan,nan,nan,6.91448768178617,5.9121757367128405,10.149533399041713,0,0,-3.1659178733825684,-5.9945807456970215,-0.1386241316795349,0.00439718971028924,0.047576554119586945,-0.0062984684482216835,nan,nan,nan,-0.031703658401966095,-0.0024971701204776764,-3.1361281871795654,-0.00026618584524840117,3135,3135,0.019291162490844727,24.879,1.03,99,4,20,0.91,895,0.01405868586152792,0.012230725958943367,0.02033412642776966,1500,1500,1452,1498,1897,1102,1897,1102
1783459512.7011,5.8005,0.02053,48.72,291,677089,0.801,GUIDED,GUIDED,128,2.900232672691345,0.0,10.0,0.5,0.0,0.0,nan,nan,nan,nan,nan,nan,nan,nan,nan,nan,6.924220335780794,5.912036139480992,10.151005599550182,0,0,-3.165717840194702,-5.993633270263672,-0.13976603746414185,0.0044776867143809795,0.04711012542247772,-0.0064891641959548,nan,nan,nan,-0.031725987792015076,-0.0024701710790395737,-3.136096715927124,0.0015193907311186194,3135,3135,0.01950526237487793,24.879,1.03,99,4,20,0.91,895,0.01474305335432291,0.0030122536700218916,0.021008094772696495,1500,1500,1452,1498,1897,1102,1897,1102
1783459512.7208,5.8204,0.01973,50.70,292,677108,0.821,GUIDED,GUIDED,128,2.9101821184158325,0.0,10.0,0.5,0.0,0.0,nan,nan,nan,nan,nan,nan,nan,nan,nan,nan,6.933852543780747,5.911599411165821,10.151461575563081,0,0,-3.165755271911621,-5.992424964904785,-0.1401645541191101,0.004682455211877823,0.046664655208587646,-0.00652233837172389,nan,nan,nan,-0.031748171895742416,-0.0024909023195505142,-3.1360764503479004,0.0011369279818609357,3135,3135,0.018835783004760742,24.879,1.03,99,4,20,0.91,895,0.01474305335432291,0.0030122536700218916,0.021008094772696495,1500,1500,1452,1498,1897,1102,1897,1102
1783459512.7406,5.8403,0.01977,50.59,293,677129,0.841,GUIDED,GUIDED,128,2.92015540599823,0.0,10.0,0.5,0.0,0.0,nan,nan,nan,nan,nan,nan,nan,nan,nan,nan,6.9436461099961875,5.910657610642032,10.152140234828599,0,0,-3.1658992767333984,-5.991023063659668,-0.14078372716903687,0.004869358614087105,0.04639901593327522,-0.006556682754307985,nan,nan,nan,-0.031756192445755005,-0.002538831904530525,-3.1360936164855957,-0.0008277934975922108,3135,3135,0.018983840942382812,24.879,1.03,99,4,20,0.91,895,0.01474305335432291,0.0030122536700218916,0.021008094772696495,1500,1500,1452,1498,1897,1102,1897,1102
1783459512.7607,5.8604,0.02015,49.64,294,677148,0.861,GUIDED,GUIDED,128,2.9301836490631104,0.0,10.0,0.5,0.0,0.0,nan,nan,nan,nan,nan,nan,nan,nan,nan,nan,6.953921917768062,5.908426271488314,10.152292736907409,0,0,-3.1659111976623535,-5.989877700805664,-0.14126533269882202,0.004733309615403414,0.047026004642248154,-0.006366674788296223,nan,nan,nan,-0.03175025433301926,-0.002589542418718338,-3.136118173599243,-0.0013651767512783408,3135,3135,0.01930546760559082,24.879,1.03,99,4,20,0.91,895,0.01474305335432291,0.0030122536700218916,0.021008094772696495,1500,1500,1452,1498,1897,1102,1897,1102
1783459512.7807,5.8804,0.02003,49.93,295,677168,0.881,GUIDED,GUIDED,128,2.9401925802230835,0.0,10.0,0.5,0.0,0.0,nan,nan,nan,nan,nan,nan,nan,nan,nan,nan,6.9637307910427975,5.905986000284441,10.153158352004125,0,0,-3.1660096645355225,-5.988528251647949,-0.14204424619674683,0.004905662965029478,0.04765579104423523,-0.006416731979697943,nan,nan,nan,-0.03175511211156845,-0.0025855228304862976,-3.13612961769104,-0.0008842218667268753,3135,3135,0.019230365753173828,24.879,1.03,99,4,20,0.91,895,0.01474305335432291,0.0030122536700218916,0.021008094772696495,1500,1500,1452,1498,1897,1102,1897,1102
1783459512.8010,5.9005,0.02022,49.44,296,677189,0.901,GUIDED,GUIDED,128,2.950242042541504,0.0,10.0,0.5,0.0,0.0,nan,nan,nan,nan,nan,nan,nan,nan,nan,nan,6.973939730598773,5.903992655249411,10.153476709039065,0,0,-3.1660878658294678,-5.9872307777404785,-0.14274805784225464,0.004858738277107477,0.04805755242705345,-0.00619418965652585,nan,nan,nan,-0.03175820782780647,-0.0025498587638139725,-3.136103630065918,0.001244841143488884,3135,3135,0.01932048797607422,24.879,1.03,99,4,20,0.91,895,0.01474305335432291,0.0030122536700218916,0.021008094772696495,1500,1500,1452,1498,1897,1102,1897,1102
1783459512.8205,5.9201,0.01958,51.07,297,677208,0.921,GUIDED,GUIDED,128,2.9600571393966675,0.0,10.0,0.5,0.0,0.0,nan,nan,nan,nan,nan,nan,nan,nan,nan,nan,6.983416031308,5.903040617262409,10.154178238023821,0,0,-3.166067123413086,-5.986105918884277,-0.14314061403274536,0.005042366683483124,0.04795777425169945,-0.006372575182467699,nan,nan,nan,-0.03175307437777519,-0.0025347676128149033,-3.136070966720581,0.0019701425917446613,3135,3135,0.01868438720703125,24.879,1.03,99,4,20,0.91,895,0.01474305335432291,0.0030122536700218916,0.021008094772696495,1500,1500,1452,1498,1897,1102,1897,1102
1783459512.8409,5.9405,0.02034,49.16,298,677228,0.941,GUIDED,GUIDED,128,2.970245838165283,0.0,10.0,0.5,0.0,0.0,nan,nan,nan,nan,nan,nan,nan,nan,nan,nan,6.9934592009177265,5.90263751662593,10.154877943577954,0,0,-3.1661124229431152,-5.984875202178955,-0.14374881982803345,0.005152541678398848,0.04747994989156723,-0.006425402592867613,nan,nan,nan,-0.031758811324834824,-0.002544958144426346,-3.1360762119293213,-4.157989314990118e-05,3135,3135,0.01951003074645996,24.879,1.03,99,4,20,0.91,895,0.01474305335432291,0.0030122536700218916,0.021008094772696495,1500,1500,1452,1498,1897,1102,1897,1102
1783459512.8603,5.9603,0.01947,51.36,299,677248,0.961,GUIDED,GUIDED,128,2.9801567792892456,0.0,10.0,0.5,0.0,0.0,nan,nan,nan,nan,nan,nan,nan,nan,nan,nan,7.003744992548622,5.9011399673946565,10.155525734569151,0,0,-3.16607666015625,-5.983788967132568,-0.1442081332206726,0.004915473982691765,0.04771742224693298,-0.006534220185130835,nan,nan,nan,-0.03176375478506088,-0.0025810152292251587,-3.1361074447631836,-0.0018115462735295296,3135,3135,0.01890420913696289,24.879,1.03,99,4,20,0.91,895,0.01474305335432291,0.0030122536700218916,0.021008094772696495,1500,1500,1452,1498,1897,1102,1897,1102
1783459512.8807,5.9804,0.02035,49.14,300,677268,0.981,GUIDED,GUIDED,128,2.9901864528656006,0.0,10.0,0.5,0.0,0.0,nan,nan,nan,nan,nan,nan,nan,nan,nan,nan,7.013406594807402,5.898641009514893,10.156408134912562,0,0,-3.1660966873168945,-5.982590198516846,-0.14494365453720093,0.005139542743563652,0.04846808686852455,-0.006619020830839872,nan,nan,nan,-0.03176381066441536,-0.0026111528277397156,-3.136134386062622,-0.0016293150838464499,3135,3135,0.01951122283935547,24.879,1.03,99,4,20,0.91,895,0.01474305335432291,0.0030122536700218916,0.021008094772696495,1500,1500,1452,1498,1897,1102,1897,1102
1783459512.9017,6.0004,0.02100,47.61,301,677289,0.002,GUIDED,GUIDED,128,3.000217318534851,0.0,10.0,0.5,0.0,0.0,nan,nan,nan,nan,nan,nan,nan,nan,nan,nan,7.023161161703349,5.896695562093783,10.157287958344263,0,0,-3.1661033630371094,-5.981426239013672,-0.1456088423728943,0.005302918143570423,0.048919279128313065,-0.006742940749973059,nan,nan,nan,-0.031768135726451874,-0.002586226910352707,-3.136132001876831,-0.00013563883840106428,3135,3135,0.01924419403076172,24.889,1.02,99,4,20,0.91,895,0.015186219476163387,0.006493382155895233,0.00840484257787466,1500,1500,1452,1498,1897,1102,1897,1102
1783459512.9203,6.0203,0.01857,53.84,302,677308,0.021,GUIDED,GUIDED,128,3.010156750679016,0.0,10.0,0.5,0.0,0.0,nan,nan,nan,nan,nan,nan,nan,nan,nan,nan,7.033196714685939,5.8959770896068076,10.157626397351395,0,0,-3.166106700897217,-5.980290412902832,-0.14614397287368774,0.005249349866062403,0.04867831990122795,-0.006629380863159895,nan,nan,nan,-0.031747207045555115,-0.0025462359189987183,-3.1360971927642822,0.0015973412664607167,3135,3135,0.017976045608520508,24.889,1.02,99,4,20,0.91,895,0.015186219476163387,0.006493382155895233,0.00840484257787466,1500,1500,1452,1498,1897,1102,1897,1102
1783459512.9404,6.0404,0.02018,49.56,303,677328,0.041,GUIDED,GUIDED,128,3.0201810598373413,0.0,10.0,0.5,0.0,0.0,nan,nan,nan,nan,nan,nan,nan,nan,nan,nan,7.043162062782223,5.895214242565823,10.159040818366494,0,0,-3.1662003993988037,-5.979025840759277,-0.147020161151886,0.005337487906217575,0.04838864877820015,-0.006940129678696394,nan,nan,nan,-0.031753599643707275,-0.0025461744517087936,-3.136084794998169,0.0008199833100661635,3135,3135,0.0195467472076416,24.889,1.02,99,4,20,0.91,895,0.015186219476163387,0.006493382155895233,0.00840484257787466,1500,1500,1452,1498,1897,1102,1897,1102
1783459512.9606,6.0603,0.02012,49.71,304,677348,0.061,GUIDED,GUIDED,128,3.030159115791321,0.0,10.0,0.5,0.0,0.0,nan,nan,nan,nan,nan,nan,nan,nan,nan,nan,7.0529791100619486,5.894250134766521,10.159469212193555,0,0,-3.16618275642395,-5.977903842926025,-0.1475772261619568,0.0054202601313591,0.048297490924596786,-0.006865841336548328,nan,nan,nan,-0.03175948187708855,-0.0025836247950792313,-3.136090040206909,-0.00022447174706030637,3135,3135,0.019282102584838867,24.889,1.02,99,4,20,0.91,895,0.015186219476163387,0.006493382155895233,0.00840484257787466,1500,1500,1452,1498,1897,1102,1897,1102
1783459512.9812,6.0804,0.02061,48.53,305,677368,0.081,GUIDED,GUIDED,128,3.0401816368103027,0.0,10.0,0.5,0.0,0.0,nan,nan,nan,nan,nan,nan,nan,nan,nan,nan,7.0629527448989755,5.892757731972192,10.160619923794652,0,0,-3.1662437915802,-5.976704120635986,-0.14848297834396362,0.005483723245561123,0.04846647009253502,-0.007007268723100424,nan,nan,nan,-0.03176930174231529,-0.0026073958724737167,-3.136106252670288,-0.0010450215777382255,3135,3135,0.019325971603393555,24.889,1.02,99,4,20,0.91,895,0.015186219476163387,0.006493382155895233,0.00840484257787466,1500,1500,1452,1498,1897,1102,1897,1102
1783459513.0006,6.1003,0.01947,51.36,306,677389,0.101,GUIDED,GUIDED,128,3.0501571893692017,0.0,10.0,0.5,0.0,0.0,nan,nan,nan,nan,nan,nan,nan,nan,nan,nan,7.072711384904672,5.891077359533321,10.161628319768228,0,0,-3.166280508041382,-5.975517749786377,-0.14931243658065796,0.005630156025290489,0.04875168204307556,-0.00711057847365737,nan,nan,nan,-0.031770654022693634,-0.0026169344782829285,-3.136124849319458,-0.0009913898538798094,3135,3135,0.01859760284423828,24.889,1.02,99,4,20,0.91,895,0.015186219476163387,0.006493382155895233,0.00840484257787466,1500,1500,1452,1498,1897,1102,1897,1102
1783459513.0207,6.1204,0.02006,49.84,307,677408,0.121,GUIDED,GUIDED,128,3.0602097511291504,0.0,10.0,0.5,0.0,0.0,nan,nan,nan,nan,nan,nan,nan,nan,nan,nan,7.082180686191245,5.889402756932862,10.162180899228389,0,0,-3.166234016418457,-5.9744553565979,-0.14976876974105835,0.005940059665590525,0.049105141311883926,-0.0071661463007330894,nan,nan,nan,-0.031755395233631134,-0.0025993846356868744,-3.136096715927124,0.00102355913259089,3135,3135,0.01924920082092285,24.889,1.02,99,4,20,0.91,895,0.015186219476163387,0.006493382155895233,0.00840484257787466,1500,1500,1452,1498,1897,1102,1897,1102
1783459513.0407,6.1403,0.01998,50.05,308,677429,0.141,GUIDED,GUIDED,128,3.0701733827590942,0.0,10.0,0.5,0.0,0.0,nan,nan,nan,nan,nan,nan,nan,nan,nan,nan,7.092045331088433,5.888256760410883,10.163168367756553,0,0,-3.1662392616271973,-5.973306179046631,-0.15049117803573608,0.006000238005071878,0.049103304743766785,-0.007319178897887468,nan,nan,nan,-0.031746577471494675,-0.0025641024112701416,-3.1360607147216797,0.0020799573976546526,3135,3135,0.019189834594726562,24.889,1.02,99,4,20,0.91,895,0.015186219476163387,0.006493382155895233,0.00840484257787466,1500,1500,1452,1498,1897,1102,1897,1102
1783459513.0600,6.1602,0.01927,51.91,309,677448,0.160,GUIDED,GUIDED,128,3.0800775289535522,0.0,10.0,0.5,0.0,0.0,nan,nan,nan,nan,nan,nan,nan,nan,nan,nan,7.101694443060263,5.887506585145398,10.16400116271784,0,0,-3.1661787033081055,-5.972263336181641,-0.15099483728408813,0.006112518720328808,0.04893433302640915,-0.007509205490350723,nan,nan,nan,-0.03174601122736931,-0.0025503672659397125,-3.1360464096069336,0.0007921553333289921,3135,3135,0.018766164779663086,24.889,1.02,99,4,20,0.91,895,0.015186219476163387,0.006493382155895233,0.00840484257787466,1500,1500,1452,1498,1897,1102,1897,1102
1783459513.0798,6.1801,0.01985,50.37,310,677468,0.180,GUIDED,GUIDED,128,3.090069532394409,0.0,10.0,0.5,0.0,0.0,nan,nan,nan,nan,nan,nan,nan,nan,nan,nan,7.111851420640336,5.886810364937675,10.164961259401675,0,0,-3.1661665439605713,-5.971177101135254,-0.15180379152297974,0.0060102506540715694,0.04870915785431862,-0.00759646762162447,nan,nan,nan,-0.03175671771168709,-0.0025634095072746277,-3.136075258255005,-0.0011258707381784916,3135,3135,0.01942610740661621,24.889,1.02,99,4,20,0.91,895,0.015186219476163387,0.006493382155895233,0.00840484257787466,1500,1500,1452,1498,1897,1102,1897,1102
1783459513.0999,6.2001,0.02011,49.72,311,677488,0.200,GUIDED,GUIDED,128,3.100074887275696,0.0,10.0,0.5,0.0,0.0,nan,nan,nan,nan,nan,nan,nan,nan,nan,nan,7.121655757822262,5.885313611216349,10.165737397160642,0,0,-3.1661345958709717,-5.9700846672058105,-0.1525469422340393,0.006107863038778305,0.04894259199500084,-0.007615512702614069,nan,nan,nan,-0.03175370767712593,-0.002571968361735344,-3.1361231803894043,-0.0026004514656960964,3135,3135,0.019569873809814453,24.889,1.02,99,4,20,0.91,895,0.014439970254898071,0.005545632913708687,0.012250857427716255,1500,1500,1452,1498,1897,1102,1897,1102
1783459513.1198,6.2201,0.01987,50.33,312,677508,0.220,GUIDED,GUIDED,128,3.11006498336792,0.0,10.0,0.5,0.0,0.0,nan,nan,nan,nan,nan,nan,nan,nan,nan,nan,7.131776090816199,5.883721073217318,10.166919669972678,0,0,-3.1661386489868164,-5.968894958496094,-0.15322238206863403,0.0060350107960402966,0.049175165593624115,-0.00790813285857439,nan,nan,nan,-0.03174738213419914,-0.002588460221886635,-3.136143207550049,-0.0012058549327775836,3135,3135,0.019438743591308594,24.889,1.02,99,4,20,0.91,895,0.014439970254898071,0.005545632913708687,0.012250857427716255,1500,1500,1452,1498,1897,1102,1897,1102
1783459513.1399,6.2402,0.02008,49.81,313,677528,0.240,GUIDED,GUIDED,128,3.120085597038269,0.0,10.0,0.5,0.0,0.0,nan,nan,nan,nan,nan,nan,nan,nan,nan,nan,7.142108572570266,5.882339644294055,10.168231118156434,0,0,-3.166247606277466,-5.967508316040039,-0.15434914827346802,0.005917860195040703,0.04917215555906296,-0.008014759048819542,nan,nan,nan,-0.03175927326083183,-0.002584138885140419,-3.1361234188079834,0.0008465862483717501,3135,3135,0.019602537155151367,24.889,1.02,99,4,20,0.91,895,0.014439970254898071,0.005545632913708687,0.012250857427716255,1500,1500,1452,1498,1897,1102,1897,1102
1783459513.1599,6.2602,0.02004,49.89,314,677548,0.260,GUIDED,GUIDED,128,3.130092740058899,0.0,10.0,0.5,0.0,0.0,nan,nan,nan,nan,nan,nan,nan,nan,nan,nan,7.15235013765943,5.881252762614813,10.168991568181431,0,0,-3.1662378311157227,-5.966355800628662,-0.15494650602340698,0.005776872858405113,0.049134261906147,-0.00810892041772604,nan,nan,nan,-0.03175753727555275,-0.0025731436908245087,-3.136087656021118,0.001578058348968625,3135,3135,0.019599199295043945,24.889,1.02,99,4,20,0.91,895,0.014439970254898071,0.005545632913708687,0.012250857427716255,1500,1500,1452,1498,1897,1102,1897,1102
1783459513.1799,6.2801,0.01994,50.14,315,677568,0.280,GUIDED,GUIDED,128,3.1400731801986694,0.0,10.0,0.5,0.0,0.0,nan,nan,nan,nan,nan,nan,nan,nan,nan,nan,7.162327760438669,5.879956681568805,10.170444100874168,0,0,-3.166316032409668,-5.9650397300720215,-0.15592080354690552,0.005823649000376463,0.04912272095680237,-0.00838502962142229,nan,nan,nan,-0.031756505370140076,-0.00257842056453228,-3.136084794998169,0.0002756358007900417,3135,3135,0.019443750381469727,24.889,1.02,99,4,20,0.91,895,0.014439970254898071,0.005545632913708687,0.012250857427716255,1500,1500,1452,1498,1897,1102,1897,1102
1783459513.1998,6.3001,0.01997,50.07,316,677588,0.300,GUIDED,GUIDED,128,3.150073289871216,0.0,10.0,0.5,0.0,0.0,nan,nan,nan,nan,nan,nan,nan,nan,nan,nan,7.172230899870086,5.878977343283079,10.171445683181815,0,0,-3.166374683380127,-5.963780403137207,-0.15681272745132446,0.005913496948778629,0.04896106943488121,-0.008448340930044651,nan,nan,nan,-0.031764209270477295,-0.0025983527302742004,-3.136113405227661,-0.00133236451074481,3135,3135,0.019521474838256836,24.889,1.02,99,4,20,0.91,895,0.014439970254898071,0.005545632913708687,0.012250857427716255,1500,1500,1452,1498,1897,1102,1897,1102
1783459513.2198,6.3202,0.02002,49.96,317,677608,0.320,GUIDED,GUIDED,128,3.1600879430770874,0.0,10.0,0.5,0.0,0.0,nan,nan,nan,nan,nan,nan,nan,nan,nan,nan,7.182079346451133,5.877821468687265,10.172111331012792,0,0,-3.166337013244629,-5.962678909301758,-0.1573154330253601,0.0059877075254917145,0.04899246618151665,-0.00854241568595171,nan,nan,nan,-0.031772539019584656,-0.0026205144822597504,-3.1361401081085205,-0.0014630898367613554,3135,3135,0.019550800323486328,24.889,1.02,99,4,20,0.91,895,0.014439970254898071,0.005545632913708687,0.012250857427716255,1500,1500,1452,1498,1897,1102,1897,1102
1783459513.2399,6.3402,0.02003,49.92,318,677628,0.340,GUIDED,GUIDED,128,3.170084834098816,0.0,10.0,0.5,0.0,0.0,nan,nan,nan,nan,nan,nan,nan,nan,nan,nan,7.19159703152821,5.876084719988429,10.173174354732923,0,0,-3.1663644313812256,-5.961455345153809,-0.15810388326644897,0.006280207075178623,0.04928875342011452,-0.008700940757989883,nan,nan,nan,-0.031761862337589264,-0.0026321150362491608,-3.1361377239227295,-0.0002173754182877019,3135,3135,0.019543886184692383,24.889,1.02,99,4,20,0.91,895,0.014439970254898071,0.005545632913708687,0.012250857427716255,1500,1500,1452,1498,1897,1102,1897,1102
1783459513.2598,6.3602,0.01994,50.14,319,677648,0.360,GUIDED,GUIDED,128,3.180084705352783,0.0,10.0,0.5,0.0,0.0,nan,nan,nan,nan,nan,nan,nan,nan,nan,nan,7.201457287542874,5.874304164948,10.174149143588354,0,0,-3.1663079261779785,-5.960367202758789,-0.1586194634437561,0.006328190676867962,0.049688518047332764,-0.008966065011918545,nan,nan,nan,-0.03177865222096443,-0.0026324614882469177,-3.136115550994873,0.0011923443526029587,3135,3135,0.019532442092895508,24.889,1.02,99,4,20,0.91,895,0.014439970254898071,0.005545632913708687,0.012250857427716255,1500,1500,1452,1498,1897,1102,1897,1102
1783459513.2798,6.3801,0.01996,50.09,320,677668,0.380,GUIDED,GUIDED,128,3.1900715827941895,0.0,10.0,0.5,0.0,0.0,nan,nan,nan,nan,nan,nan,nan,nan,nan,nan,7.211211858386112,5.873235223101235,10.175036756499132,0,0,-3.1663081645965576,-5.959179401397705,-0.15942662954330444,0.006462450604885817,0.0496198944747448,-0.009012511000037193,nan,nan,nan,-0.031771253794431686,-0.0026225745677948,-3.1361076831817627,0.0007838692981749773,3135,3135,0.01952958106994629,24.889,1.02,99,4,20,0.91,895,0.014439970254898071,0.005545632913708687,0.012250857427716255,1500,1500,1452,1498,1897,1102,1897,1102
1783459513.2999,6.4002,0.02016,49.59,321,677689,0.400,GUIDED,GUIDED,128,3.200088620185852,0.0,10.0,0.5,0.0,0.0,nan,nan,nan,nan,nan,nan,nan,nan,nan,nan,7.221340402711653,5.8717706446055145,10.176140979604108,0,0,-3.166372537612915,-5.957834243774414,-0.1602913737297058,0.00643523782491684,0.04968884214758873,-0.009150774218142033,nan,nan,nan,-0.031771957874298096,-0.0026139654219150543,-3.1361281871795654,-0.0008940215921029449,3135,3135,0.01959991455078125,24.889,1.02,99,4,20,0.91,895,0.014317701570689678,0.0033566716592758894,0.0066494448110461235,1500,1500,1452,1498,1897,1102,1897,1102
1783459513.3198,6.4202,0.01987,50.32,322,677708,0.420,GUIDED,GUIDED,128,3.210085868835449,0.0,10.0,0.5,0.0,0.0,nan,nan,nan,nan,nan,nan,nan,nan,nan,nan,7.23131868488815,5.870757969692438,10.17667610806732,0,0,-3.1663734912872314,-5.956601619720459,-0.1608460545539856,0.006446738727390766,0.04956185445189476,-0.009139485657215118,nan,nan,nan,-0.03177561238408089,-0.0026283301413059235,-3.136143922805786,-0.0010569901205599308,3135,3135,0.019440412521362305,24.889,1.02,99,4,20,0.91,895,0.014317701570689678,0.0033566716592758894,0.0066494448110461235,1500,1500,1452,1498,1897,1102,1897,1102
1783459513.3398,6.4402,0.01999,50.03,323,677728,0.440,GUIDED,GUIDED,128,3.2200833559036255,0.0,10.0,0.5,0.0,0.0,nan,nan,nan,nan,nan,nan,nan,nan,nan,nan,7.241223663762809,5.869527063390995,10.177702598873205,0,0,-3.16648006439209,-5.955151557922363,-0.1617242693901062,0.006561678368598223,0.0494353249669075,-0.009225092828273773,nan,nan,nan,-0.031783800572156906,-0.0026638656854629517,-3.1361255645751953,0.0008095562807284296,3135,3135,0.01955246925354004,24.889,1.02,99,4,20,0.91,895,0.014317701570689678,0.0033566716592758894,0.0066494448110461235,1500,1500,1452,1498,1897,1102,1897,1102
1783459513.3598,6.4601,0.02001,49.98,324,677748,0.460,GUIDED,GUIDED,128,3.2300714254379272,0.0,10.0,0.5,0.0,0.0,nan,nan,nan,nan,nan,nan,nan,nan,nan,nan,7.250849160866023,5.867699874448833,10.178373728797602,0,0,-3.166456937789917,-5.9539594650268555,-0.16222518682479858,0.0067576575092971325,0.04980199784040451,-0.009323365055024624,nan,nan,nan,-0.03177731856703758,-0.0026841871440410614,-3.136096954345703,0.0013719829730689526,3135,3135,0.019549131393432617,24.889,1.02,99,4,20,0.91,895,0.014317701570689678,0.0033566716592758894,0.0066494448110461235,1500,1500,1452,1498,1897,1102,1897,1102
1783459513.3799,6.4802,0.02010,49.75,325,677768,0.480,GUIDED,GUIDED,128,3.240096092224121,0.0,10.0,0.5,0.0,0.0,nan,nan,nan,nan,nan,nan,nan,nan,nan,nan,7.261092347035414,5.865960943010837,10.179508160979246,0,0,-3.166522264480591,-5.952573776245117,-0.16299933195114136,0.00666921166703105,0.050005942583084106,-0.009531376883387566,nan,nan,nan,-0.03178207203745842,-0.0026877708733081818,-3.136082649230957,0.0006977100856602192,3135,3135,0.019581079483032227,24.889,1.02,99,4,20,0.91,895,0.014317701570689678,0.0033566716592758894,0.0066494448110461235,1500,1500,1452,1498,1897,1102,1897,1102
1783459513.4009,6.5002,0.02103,47.54,326,677788,0.501,GUIDED,GUIDED,128,3.250099301338196,0.0,10.0,0.5,0.0,0.0,nan,nan,nan,nan,nan,nan,nan,nan,nan,nan,7.27047832858115,5.8644956407290225,10.180402614948571,0,0,-3.166567802429199,-5.951243877410889,-0.16371279954910278,0.007051859516650438,0.05008411779999733,-0.009635869413614273,nan,nan,nan,-0.0317922942340374,-0.0026735197752714157,-3.1360881328582764,-0.00012317595246713609,3135,3135,0.019497156143188477,24.884,1.06,99,4,20,0.91,895,0.014317701570689678,0.0033566716592758894,0.0066494448110461235,1500,1500,1452,1498,1897,1102,1897,1102
1783459513.4199,6.5202,0.01891,52.87,327,677808,0.520,GUIDED,GUIDED,128,3.2600862979888916,0.0,10.0,0.5,0.0,0.0,nan,nan,nan,nan,nan,nan,nan,nan,nan,nan,7.280737888797966,5.863538469460312,10.180982770737096,0,0,-3.166511297225952,-5.950083255767822,-0.1641489863395691,0.00686187157407403,0.04996665567159653,-0.009718989953398705,nan,nan,nan,-0.03179542347788811,-0.002675570547580719,-3.1361141204833984,-0.0012487435014918447,3135,3135,0.018449783325195312,24.884,1.06,99,4,20,0.91,895,0.014317701570689678,0.0033566716592758894,0.0066494448110461235,1500,1500,1452,1498,1897,1102,1897,1102
1783459513.4399,6.5402,0.02001,49.98,328,677828,0.540,GUIDED,GUIDED,128,3.2700886726379395,0.0,10.0,0.5,0.0,0.0,nan,nan,nan,nan,nan,nan,nan,nan,nan,nan,7.290034079098424,5.862235726669467,10.181598402572007,0,0,-3.1665220260620117,-5.948798179626465,-0.16478413343429565,0.007275781594216824,0.049976855516433716,-0.009707722812891006,nan,nan,nan,-0.03179508447647095,-0.002703804522752762,-3.1361191272735596,-0.0005305571248754859,3135,3135,0.019522428512573242,24.884,1.06,99,4,20,0.91,895,0.014317701570689678,0.0033566716592758894,0.0066494448110461235,1500,1500,1452,1498,1897,1102,1897,1102
1783459513.4598,6.5602,0.01996,50.09,329,677848,0.560,GUIDED,GUIDED,128,3.2800862789154053,0.0,10.0,0.5,0.0,0.0,nan,nan,nan,nan,nan,nan,nan,nan,nan,nan,7.3001587678229605,5.860313316692193,10.18200263867151,0,0,-3.1664509773254395,-5.947675704956055,-0.165172278881073,0.0071613905020058155,0.05043869838118553,-0.009717012755572796,nan,nan,nan,-0.031789373606443405,-0.0027169883251190186,-3.136106014251709,0.000639870238956064,3135,3135,0.019524812698364258,24.884,1.06,99,4,20,0.91,895,0.014317701570689678,0.0033566716592758894,0.0066494448110461235,1500,1500,1452,1498,1897,1102,1897,1102
1783459513.4808,6.5804,0.02095,47.74,330,677868,0.581,GUIDED,GUIDED,128,3.2902194261550903,0.0,10.0,0.5,0.0,0.0,nan,nan,nan,nan,nan,nan,nan,nan,nan,nan,7.309623065351001,5.85837710492809,10.18271005984063,0,0,-3.1664302349090576,-5.946428298950195,-0.16572386026382446,0.007535575423389673,0.05083638057112694,-0.009806986898183823,nan,nan,nan,-0.031798046082258224,-0.002689167857170105,-3.1360981464385986,0.0006379010155797005,3135,3135,0.020012855529785156,24.884,1.06,99,4,20,0.91,895,0.014317701570689678,0.0033566716592758894,0.0066494448110461235,1500,1500,1452,1498,1897,1102,1897,1102
1783459513.5009,6.6005,0.02015,49.64,331,677888,0.601,GUIDED,GUIDED,128,3.3002315759658813,0.0,10.0,0.5,0.0,0.0,nan,nan,nan,nan,nan,nan,nan,nan,nan,nan,7.3194347126670944,5.857296570476826,10.183156249766187,0,0,-3.1663966178894043,-5.94521951675415,-0.16623073816299438,0.0076319267973303795,0.05076233670115471,-0.009771948680281639,nan,nan,nan,-0.03178925812244415,-0.002695968374609947,-3.1360890865325928,6.301589746726677e-05,3135,3135,0.019173622131347656,24.884,1.06,99,4,20,0.91,895,0.014317701570689678,0.0003522485785651952,0.0066494448110461235,1500,1500,1452,1498,1897,1102,1897,1102
1783459513.5207,6.6204,0.01979,50.54,332,677908,0.621,GUIDED,GUIDED,128,3.3101755380630493,0.0,10.0,0.5,0.0,0.0,nan,nan,nan,nan,nan,nan,nan,nan,nan,nan,7.329706494824991,5.857040765568621,10.183753129963993,0,0,-3.1664814949035645,-5.944377899169922,-0.1667500138282776,0.007491663563996553,0.05042411759495735,-0.009816753678023815,nan,nan,nan,-0.03179294988512993,-0.0027003735303878784,-3.136089563369751,-8.981634164229035e-05,3135,3135,0.018898725509643555,24.884,1.06,99,4,20,0.91,895,0.014317701570689678,0.0003522485785651952,0.0066494448110461235,1500,1500,1452,1498,1897,1102,1897,1102
1783459513.5405,6.6404,0.01982,50.46,333,677928,0.641,GUIDED,GUIDED,128,3.3202015161514282,0.0,10.0,0.5,0.0,0.0,nan,nan,nan,nan,nan,nan,nan,nan,nan,nan,7.340523933362738,5.857344885347721,10.1850167145335,0,0,-3.1667847633361816,-5.943734169006348,-0.16754001379013062,0.0072098057717084885,0.049876876175403595,-0.01009017787873745,nan,nan,nan,-0.031793538480997086,-0.00270652212202549,-3.1361005306243896,-0.0003292631299700588,3135,3135,0.01918792724609375,24.884,1.06,99,4,20,0.91,895,0.014317701570689678,0.0003522485785651952,0.0066494448110461235,1500,1500,1452,1498,1897,1102,1897,1102
1783459513.5609,6.6604,0.02033,49.19,334,677948,0.661,GUIDED,GUIDED,128,3.33018696308136,0.0,10.0,0.5,0.0,0.0,nan,nan,nan,nan,nan,nan,nan,nan,nan,nan,7.350071215844912,5.857096393882206,10.185663406813372,0,0,-3.166848659515381,-5.9429192543029785,-0.16795378923416138,0.00749967060983181,0.049549851566553116,-0.010224652476608753,nan,nan,nan,-0.03180946409702301,-0.002743905410170555,-3.136106491088867,-0.00048217750736512244,3135,3135,0.019328832626342773,24.884,1.06,99,4,20,0.91,895,0.014317701570689678,0.0003522485785651952,0.0066494448110461235,1500,1500,1452,1498,1897,1102,1897,1102
1783459513.5803,6.6803,0.01946,51.40,335,677968,0.681,GUIDED,GUIDED,128,3.3401652574539185,0.0,10.0,0.5,0.0,0.0,nan,nan,nan,nan,nan,nan,nan,nan,nan,nan,7.35992118498307,5.856564868574107,10.18642898342383,0,0,-3.167086124420166,-5.942248344421387,-0.1685510277748108,0.0077108596451580524,0.04946937784552574,-0.0103218425065279,nan,nan,nan,-0.031794093549251556,-0.002765655517578125,-3.136106014251709,-0.00012700156366918236,3135,3135,0.01885700225830078,24.884,1.06,99,4,20,0.91,895,0.014317701570689678,0.0003522485785651952,0.0066494448110461235,1500,1500,1452,1498,1897,1102,1897,1102
1783459513.6008,6.7005,0.02052,48.73,336,677989,0.701,GUIDED,GUIDED,128,3.3502328395843506,0.0,10.0,0.5,0.0,0.0,nan,nan,nan,nan,nan,nan,nan,nan,nan,nan,7.370314490253539,5.856217718719053,10.187233236920454,0,0,-3.16729474067688,-5.94160270690918,-0.16910165548324585,0.007643247954547405,0.04929704591631889,-0.010468273423612118,nan,nan,nan,-0.031778283417224884,-0.002755438908934593,-3.1360738277435303,0.0012552151456475258,3135,3135,0.019623994827270508,24.884,1.06,99,4,20,0.91,895,0.014317701570689678,0.0003522485785651952,0.0066494448110461235,1500,1500,1452,1498,1897,1102,1897,1102
1783459513.6208,6.7204,0.01999,50.03,337,678008,0.721,GUIDED,GUIDED,128,3.3602224588394165,0.0,10.0,0.5,0.0,0.0,nan,nan,nan,nan,nan,nan,nan,nan,nan,nan,7.380582509638209,5.855445319466887,10.187709806798692,0,0,-3.167314291000366,-5.940787315368652,-0.16946512460708618,0.007493800949305296,0.04927222430706024,-0.010533572174608707,nan,nan,nan,-0.03179198503494263,-0.0027510840445756912,-3.1360576152801514,0.0011136545799672604,3135,3135,0.019113540649414062,24.884,1.06,99,4,20,0.91,895,0.014317701570689678,0.0003522485785651952,0.0066494448110461235,1500,1500,1452,1498,1897,1102,1897,1102
1783459513.6406,6.7403,0.01978,50.55,338,678029,0.741,GUIDED,GUIDED,128,3.3701584339141846,0.0,10.0,0.5,0.0,0.0,nan,nan,nan,nan,nan,nan,nan,nan,nan,nan,7.391379570597576,5.856241658533801,10.188443298878639,0,0,-3.167482852935791,-5.940130233764648,-0.16996139287948608,0.007093972060829401,0.0484330914914608,-0.010670533403754234,nan,nan,nan,-0.03180369362235069,-0.0027802083641290665,-3.13606595993042,-0.0005010297172702849,3135,3135,0.018903493881225586,24.884,1.06,99,4,20,0.91,895,0.014317701570689678,0.0003522485785651952,0.0066494448110461235,1500,1500,1452,1498,1897,1102,1897,1102
1783459513.6607,6.7604,0.02014,49.65,339,678048,0.761,GUIDED,GUIDED,128,3.3801844120025635,0.0,10.0,0.5,0.0,0.0,nan,nan,nan,nan,nan,nan,nan,nan,nan,nan,7.400423933875662,5.856865188128711,10.188707527036353,0,0,-3.1674842834472656,-5.939339637756348,-0.17017215490341187,0.0076615335419774055,0.04761664569377899,-0.010701402090489864,nan,nan,nan,-0.03181091323494911,-0.002821577712893486,-3.1360740661621094,-0.0005276323645375669,3135,3135,0.01937103271484375,24.884,1.06,99,4,20,0.91,895,0.014317701570689678,0.0003522485785651952,0.0066494448110461235,1500,1500,1452,1498,1897,1102,1897,1102
1783459513.6805,6.7805,0.01980,50.50,340,678068,0.781,GUIDED,GUIDED,128,3.3902302980422974,0.0,10.0,0.5,0.0,0.0,nan,nan,nan,nan,nan,nan,nan,nan,nan,nan,7.410402579657828,5.855650210951276,10.189499137166237,0,0,-3.167609214782715,-5.938698768615723,-0.1703740954399109,0.007772483862936497,0.04794810712337494,-0.011041847988963127,nan,nan,nan,-0.0318010151386261,-0.0028783511370420456,-3.1361000537872314,-0.0012272462481632829,3135,3135,0.019214391708374023,24.884,1.06,99,4,20,0.91,895,0.014317701570689678,0.0003522485785651952,0.0066494448110461235,1500,1500,1452,1498,1897,1102,1897,1102
1783459513.7008,6.8005,0.02029,49.29,341,678089,0.801,GUIDED,GUIDED,128,3.4002310037612915,0.0,10.0,0.5,0.0,0.0,nan,nan,nan,nan,nan,nan,nan,nan,nan,nan,7.420847235958627,5.8546430606819,10.18912862811601,0,0,-3.167712450027466,-5.938046932220459,-0.17056387662887573,0.007575771771371365,0.04815324768424034,-0.010718364268541336,nan,nan,nan,-0.031791917979717255,-0.0028760507702827454,-3.136089324951172,0.00013063044752925634,3135,3135,0.01946544647216797,24.884,1.06,99,4,20,0.91,895,0.012036520056426525,0.007700078655034304,0.027226528152823448,1500,1500,1452,1498,1897,1102,1897,1102
1783459513.7205,6.8203,0.01962,50.98,342,678108,0.821,GUIDED,GUIDED,128,3.4101548194885254,0.0,10.0,0.5,0.0,0.0,nan,nan,nan,nan,nan,nan,nan,nan,nan,nan,7.432194056631839,5.85484329278649,10.189374941102585,0,0,-3.168002128601074,-5.937377452850342,-0.17079395055770874,0.006921445485204458,0.04765111953020096,-0.01072773989289999,nan,nan,nan,-0.031798042356967926,-0.002826821058988571,-3.1360831260681152,0.0003656115150079131,3135,3135,0.018908262252807617,24.884,1.06,99,4,20,0.91,895,0.012036520056426525,0.007700078655034304,0.027226528152823448,1500,1500,1452,1498,1897,1102,1897,1102
1783459513.7402,6.8403,0.01978,50.55,343,678129,0.840,GUIDED,GUIDED,128,3.4201616048812866,0.0,10.0,0.5,0.0,0.0,nan,nan,nan,nan,nan,nan,nan,nan,nan,nan,7.442547963261168,5.855476988249646,10.189711855446633,0,0,-3.168684720993042,-5.936997890472412,-0.1710323691368103,0.0071151298470795155,0.04706611484289169,-0.010784606449306011,nan,nan,nan,-0.031808387488126755,-0.0028256792575120926,-3.1360888481140137,-0.00011174901737831533,3135,3135,0.019239187240600586,24.884,1.06,99,4,20,0.91,895,0.012036520056426525,0.007700078655034304,0.027226528152823448,1500,1500,1452,1498,1897,1102,1897,1102
1783459513.7604,6.8604,0.02016,49.60,344,678148,0.861,GUIDED,GUIDED,128,3.4301984310150146,0.0,10.0,0.5,0.0,0.0,nan,nan,nan,nan,nan,nan,nan,nan,nan,nan,7.452243250964923,5.8558208035692445,10.189801684951252,0,0,-3.168933868408203,-5.936334609985352,-0.17111343145370483,0.007456162478774786,0.04648466780781746,-0.010789668187499046,nan,nan,nan,-0.03177560493350029,-0.002875315025448799,-3.1360907554626465,-0.0002867906878236681,3135,3135,0.01953744888305664,24.884,1.06,99,4,20,0.91,895,0.012036520056426525,0.007700078655034304,0.027226528152823448,1500,1500,1452,1498,1897,1102,1897,1102
1783459513.7804,6.8803,0.02005,49.88,345,678168,0.881,GUIDED,GUIDED,128,3.4401583671569824,0.0,10.0,0.5,0.0,0.0,nan,nan,nan,nan,nan,nan,nan,nan,nan,nan,7.464339957009831,5.856564604624087,10.189413447555028,0,0,-3.1695284843444824,-5.935958385467529,-0.17106789350509644,0.006565799470990896,0.045838020741939545,-0.010591810569167137,nan,nan,nan,-0.031750112771987915,-0.002906590700149536,-3.1360819339752197,0.0002978731645271182,3135,3135,0.019286394119262695,24.884,1.06,99,4,20,0.91,895,0.012036520056426525,0.007700078655034304,0.027226528152823448,1500,1500,1452,1498,1897,1102,1897,1102
1783459513.8001,6.9001,0.01966,50.88,346,678189,0.900,GUIDED,GUIDED,128,3.4500733613967896,0.0,10.0,0.5,0.0,0.0,nan,nan,nan,nan,nan,nan,nan,nan,nan,nan,7.475633013006195,5.85530931484558,10.189814709389834,0,0,-3.1700735092163086,-5.935546875,-0.1710386872291565,0.0060848454013466835,0.04632517695426941,-0.010840341448783875,nan,nan,nan,-0.03173936530947685,-0.0029272399842739105,-3.136068820953369,0.0008904185961000621,3135,3135,0.01900315284729004,24.884,1.06,99,4,20,0.91,895,0.012036520056426525,0.007700078655034304,0.027226528152823448,1500,1500,1452,1498,1897,1102,1897,1102
1783459513.8206,6.9204,0.02046,48.88,347,678208,0.921,GUIDED,GUIDED,128,3.460177779197693,0.0,10.0,0.5,0.0,0.0,nan,nan,nan,nan,nan,nan,nan,nan,nan,nan,7.485451041979517,5.85435043651779,10.190195018348254,0,0,-3.170269012451172,-5.9348649978637695,-0.17113596200942993,0.006363065913319588,0.04648510366678238,-0.011003751307725906,nan,nan,nan,-0.03174412623047829,-0.002924801781773567,-3.136051893234253,0.000858983607031405,3135,3135,0.01970076560974121,24.884,1.06,99,4,20,0.91,895,0.012036520056426525,0.007700078655034304,0.027226528152823448,1500,1500,1452,1498,1897,1102,1897,1102
1783459513.8408,6.9404,0.02020,49.51,348,678229,0.941,GUIDED,GUIDED,128,3.4701895713806152,0.0,10.0,0.5,0.0,0.0,nan,nan,nan,nan,nan,nan,nan,nan,nan,nan,7.496902520442989,5.855802773621391,10.19017239784627,0,0,-3.170755624771118,-5.934446334838867,-0.17111915349960327,0.005812808405607939,0.04540488123893738,-0.011000395752489567,nan,nan,nan,-0.03172200173139572,-0.0028906743973493576,-3.136054515838623,-0.000124895348562859,3135,3135,0.01933121681213379,24.884,1.06,99,4,20,0.91,895,0.012036520056426525,0.007700078655034304,0.027226528152823448,1500,1500,1452,1498,1897,1102,1897,1102
1783459513.8604,6.9603,0.01969,50.78,349,678248,0.961,GUIDED,GUIDED,128,3.4801679849624634,0.0,10.0,0.5,0.0,0.0,nan,nan,nan,nan,nan,nan,nan,nan,nan,nan,7.506630414280808,5.855739086092566,10.189888758434266,0,0,-3.170914888381958,-5.933774948120117,-0.17097634077072144,0.006049396935850382,0.04505402594804764,-0.010919089429080486,nan,nan,nan,-0.03172420337796211,-0.0029024947434663773,-3.136075258255005,-0.0008228996302932501,3135,3135,0.019017457962036133,24.884,1.06,99,4,20,0.91,895,0.012036520056426525,0.007700078655034304,0.027226528152823448,1500,1500,1452,1498,1897,1102,1897,1102
1783459513.8808,6.9805,0.02038,49.06,350,678268,0.981,GUIDED,GUIDED,128,3.490231156349182,0.0,10.0,0.5,0.0,0.0,nan,nan,nan,nan,nan,nan,nan,nan,nan,nan,7.516943258151393,5.855566411449673,10.18962937755411,0,0,-3.1713359355926514,-5.933353424072266,-0.17050117254257202,0.006148340180516243,0.04491035267710686,-0.011043674312531948,nan,nan,nan,-0.03168091922998428,-0.0029614102095365524,-3.1360766887664795,-0.0002718432224355638,3135,3135,0.019531726837158203,24.884,1.06,99,4,20,0.91,895,0.012036520056426525,0.007700078655034304,0.027226528152823448,1500,1500,1452,1498,1897,1102,1897,1102
1783459513.9023,7.0004,0.02150,46.50,351,678289,0.003,GUIDED,GUIDED,128,3.500186800956726,0.0,10.0,0.5,0.0,0.0,nan,nan,nan,nan,nan,nan,nan,nan,nan,nan,7.528146699067633,5.854908748886186,10.18926103762744,0,0,-3.171720266342163,-5.932903289794922,-0.17007583379745483,0.005649818107485771,0.04503016918897629,-0.011076582595705986,nan,nan,nan,-0.03167925029993057,-0.0029902737587690353,-3.1360647678375244,0.00034210638841614127,3135,3135,0.019237756729125977,24.886,1.04,99,4,20,0.91,895,0.012123732827603817,0.014683162793517113,0.020492786541581154,1500,1500,1452,1498,1897,1102,1897,1102
1783459513.9206,7.0203,0.01823,54.86,352,678308,0.021,GUIDED,GUIDED,128,3.5101728439331055,0.0,10.0,0.5,0.0,0.0,nan,nan,nan,nan,nan,nan,nan,nan,nan,nan,7.538032819680411,5.855088924314133,10.188469838338898,0,0,-3.1719653606414795,-5.932456970214844,-0.16970115900039673,0.0058490135706961155,0.04466846212744713,-0.010836102068424225,nan,nan,nan,-0.031679727137088776,-0.002966534346342087,-3.1360366344451904,0.001558481017127633,3135,3135,0.017455101013183594,24.886,1.04,99,4,20,0.91,895,0.012123732827603817,0.014683162793517113,0.020492786541581154,1500,1500,1452,1498,1897,1102,1897,1102
1783459513.9408,7.0405,0.02019,49.52,353,678329,0.041,GUIDED,GUIDED,128,3.520228624343872,0.0,10.0,0.5,0.0,0.0,nan,nan,nan,nan,nan,nan,nan,nan,nan,nan,7.548498575405111,5.856727061559648,10.187116136835629,0,0,-3.17252254486084,-5.932463645935059,-0.16878944635391235,0.005934004671871662,0.04372653737664223,-0.010580919682979584,nan,nan,nan,-0.03167329356074333,-0.002947775647044182,-3.136021375656128,0.0008929551113396883,3135,3135,0.01942300796508789,24.886,1.04,99,4,20,0.91,895,0.012123732827603817,0.014683162793517113,0.020492786541581154,1500,1500,1452,1498,1897,1102,1897,1102
1783459513.9607,7.0604,0.01998,50.04,354,678348,0.061,GUIDED,GUIDED,128,3.5301769971847534,0.0,10.0,0.5,0.0,0.0,nan,nan,nan,nan,nan,nan,nan,nan,nan,nan,7.558348126769985,5.85811736770994,10.186331279109984,0,0,-3.172720193862915,-5.932024002075195,-0.16824251413345337,0.006105171982198954,0.04267001524567604,-0.010443553328514099,nan,nan,nan,-0.0316288061439991,-0.0029798131436109543,-3.136038303375244,-0.0006735335336998105,3135,3135,0.019153118133544922,24.886,1.04,99,4,20,0.91,895,0.012123732827603817,0.014683162793517113,0.020492786541581154,1500,1500,1452,1498,1897,1102,1897,1102
1783459513.9812,7.0804,0.02050,48.79,355,678368,0.081,GUIDED,GUIDED,128,3.5401904582977295,0.0,10.0,0.5,0.0,0.0,nan,nan,nan,nan,nan,nan,nan,nan,nan,nan,7.570166907832189,5.85966423879969,10.184625837124466,0,0,-3.1732068061828613,-5.932004451751709,-0.16702157258987427,0.0053438157774508,0.041765641421079636,-0.010163826867938042,nan,nan,nan,-0.03159245476126671,-0.003066767007112503,-3.136104106903076,-0.0033582672476768494,3135,3135,0.01920151710510254,24.886,1.04,99,4,20,0.91,895,0.012123732827603817,0.014683162793517113,0.020492786541581154,1500,1500,1452,1498,1897,1102,1897,1102
1783459514.0006,7.1004,0.01939,51.57,356,678389,0.101,GUIDED,GUIDED,128,3.5501866340637207,0.0,10.0,0.5,0.0,0.0,nan,nan,nan,nan,nan,nan,nan,nan,nan,nan,7.581049257180583,5.859486014234326,10.183413623585313,0,0,-3.1736602783203125,-5.9319634437561035,-0.16590195894241333,0.0050939954817295074,0.04184486344456673,-0.01011036429554224,nan,nan,nan,-0.03159298375248909,-0.0031285658478736877,-3.1361584663391113,-0.003292520297691226,3135,3135,0.018679380416870117,24.886,1.04,99,4,20,0.91,895,0.012123732827603817,0.014683162793517113,0.020492786541581154,1500,1500,1452,1498,1897,1102,1897,1102
1783459514.0208,7.1204,0.02013,49.69,357,678408,0.121,GUIDED,GUIDED,128,3.5601836442947388,0.0,10.0,0.5,0.0,0.0,nan,nan,nan,nan,nan,nan,nan,nan,nan,nan,7.590934189371814,5.858384354146711,10.182801107092173,0,0,-3.173818349838257,-5.931509971618652,-0.16547805070877075,0.005249966401606798,0.042219094932079315,-0.010001471266150475,nan,nan,nan,-0.03160903602838516,-0.0031158551573753357,-3.13615345954895,-0.00011992147483397275,3135,3135,0.01923966407775879,24.886,1.04,99,4,20,0.91,895,0.012123732827603817,0.014683162793517113,0.020492786541581154,1500,1500,1452,1498,1897,1102,1897,1102
1783459514.0410,7.1405,0.02026,49.36,358,678429,0.141,GUIDED,GUIDED,128,3.570231795310974,0.0,10.0,0.5,0.0,0.0,nan,nan,nan,nan,nan,nan,nan,nan,nan,nan,7.601234297448361,5.860102007460314,10.1815636977909,0,0,-3.174206018447876,-5.931403636932373,-0.164503276348114,0.005328319501131773,0.04116601496934891,-0.00984983891248703,nan,nan,nan,-0.03161163255572319,-0.0030790437012910843,-3.1361258029937744,0.0018331976607441902,3135,3135,0.01924276351928711,24.886,1.04,99,4,20,0.91,895,0.012123732827603817,0.014683162793517113,0.020492786541581154,1500,1500,1452,1498,1897,1102,1897,1102
1783459514.0603,7.1604,0.01929,51.83,359,678448,0.161,GUIDED,GUIDED,128,3.5801831483840942,0.0,10.0,0.5,0.0,0.0,nan,nan,nan,nan,nan,nan,nan,nan,nan,nan,7.611398874803838,5.861304781819656,10.181197228707344,0,0,-3.174333333969116,-5.9309539794921875,-0.16391831636428833,0.0052787200547754765,0.040211983025074005,-0.009975984692573547,nan,nan,nan,-0.031603068113327026,-0.0031126439571380615,-3.13612699508667,3.333019412821159e-05,3135,3135,0.01874852180480957,24.886,1.04,99,4,20,0.91,895,0.012123732827603817,0.014683162793517113,0.020492786541581154,1500,1500,1452,1498,1897,1102,1897,1102
1783459514.0803,7.1802,0.01998,50.05,360,678468,0.180,GUIDED,GUIDED,128,3.590102195739746,0.0,10.0,0.5,0.0,0.0,nan,nan,nan,nan,nan,nan,nan,nan,nan,nan,7.6216515935005,5.863474810421713,10.17958850084741,0,0,-3.174669027328491,-5.930849075317383,-0.16264265775680542,0.005279887467622757,0.03889854997396469,-0.009783687070012093,nan,nan,nan,-0.03161302208900452,-0.003201110288500786,-3.1361582279205322,-0.0016254541696980596,3135,3135,0.019334793090820312,24.886,1.04,99,4,20,0.91,895,0.012123732827603817,0.014683162793517113,0.020492786541581154,1500,1500,1452,1498,1897,1102,1897,1102
1783459514.1005,7.2004,0.02022,49.45,361,678489,0.201,GUIDED,GUIDED,128,3.600202202796936,0.0,10.0,0.5,0.0,0.0,nan,nan,nan,nan,nan,nan,nan,nan,nan,nan,7.632653827955473,5.8634429240211485,10.178013252581687,0,0,-3.1749744415283203,-5.930737495422363,-0.16147297620773315,0.0049353172071278095,0.03885253891348839,-0.009549533016979694,nan,nan,nan,-0.03162853792309761,-0.003270341083407402,-3.136195421218872,-0.0021459287963807583,3135,3135,0.01947760581970215,24.886,1.04,99,4,20,0.91,895,0.012517036870121956,0.013169261626899242,0.02735160104930401,1500,1500,1452,1498,1897,1102,1897,1102
1783459514.1204,7.2204,0.01990,50.25,362,678508,0.221,GUIDED,GUIDED,128,3.6102107763290405,0.0,10.0,0.5,0.0,0.0,nan,nan,nan,nan,nan,nan,nan,nan,nan,nan,7.641610977781661,5.862161109475593,10.17804701188926,0,0,-3.1751060485839844,-5.93035888671875,-0.16127914190292358,0.005618340335786343,0.03937400504946709,-0.009680934250354767,nan,nan,nan,-0.03163189813494682,-0.0033111609518527985,-3.1362054347991943,-0.0007648364990018308,3135,3135,0.019285202026367188,24.886,1.04,99,4,20,0.91,895,0.012517036870121956,0.013169261626899242,0.02735160104930401,1500,1500,1452,1498,1897,1102,1897,1102
1783459514.1405,7.2404,0.02013,49.68,363,678529,0.241,GUIDED,GUIDED,128,3.6202019453048706,0.0,10.0,0.5,0.0,0.0,nan,nan,nan,nan,nan,nan,nan,nan,nan,nan,7.6528569220104865,5.8632000635166905,10.177725999259213,0,0,-3.1754508018493652,-5.930376052856445,-0.16073673963546753,0.005092938896268606,0.038784075528383255,-0.009808753617107868,nan,nan,nan,-0.0316072516143322,-0.0033039897680282593,-3.136162519454956,0.002149282954633236,3135,3135,0.01938176155090332,24.886,1.04,99,4,20,0.91,895,0.012517036870121956,0.013169261626899242,0.02735160104930401,1500,1500,1452,1498,1897,1102,1897,1102
1783459514.1609,7.2604,0.02038,49.06,364,678548,0.261,GUIDED,GUIDED,128,3.6301798820495605,0.0,10.0,0.5,0.0,0.0,nan,nan,nan,nan,nan,nan,nan,nan,nan,nan,7.663055313660338,5.863488930081321,10.177410022613758,0,0,-3.175555944442749,-5.9299821853637695,-0.16055625677108765,0.005026363302022219,0.0383898988366127,-0.009730526246130466,nan,nan,nan,-0.03160545229911804,-0.0032525211572647095,-3.1361026763916016,0.0030435442458838224,3135,3135,0.01941657066345215,24.886,1.04,99,4,20,0.91,895,0.012517036870121956,0.013169261626899242,0.02735160104930401,1500,1500,1452,1498,1897,1102,1897,1102
1783459514.1807,7.2803,0.01973,50.69,365,678568,0.281,GUIDED,GUIDED,128,3.640153646469116,0.0,10.0,0.5,0.0,0.0,nan,nan,nan,nan,nan,nan,nan,nan,nan,nan,7.673724224592236,5.865574392042653,10.176644646116033,0,0,-3.1758549213409424,-5.929965019226074,-0.1600382924079895,0.004797634668648243,0.037175945937633514,-0.009587682783603668,nan,nan,nan,-0.031620271503925323,-0.00325872004032135,-3.136073589324951,0.0016599943628534675,3135,3135,0.018799543380737305,24.886,1.04,99,4,20,0.91,895,0.012517036870121956,0.013169261626899242,0.02735160104930401,1500,1500,1452,1498,1897,1102,1897,1102
1783459514.2008,7.3004,0.02018,49.56,366,678589,0.301,GUIDED,GUIDED,128,3.6502028703689575,0.0,10.0,0.5,0.0,0.0,nan,nan,nan,nan,nan,nan,nan,nan,nan,nan,7.683577451032475,5.867806220065698,10.17635720946226,0,0,-3.176119089126587,-5.929947853088379,-0.15956610441207886,0.005063311196863651,0.03587748855352402,-0.009694349020719528,nan,nan,nan,-0.03163282200694084,-0.0033450648188591003,-3.1360931396484375,-0.000959829892963171,3135,3135,0.01926398277282715,24.886,1.04,99,4,20,0.91,895,0.012517036870121956,0.013169261626899242,0.02735160104930401,1500,1500,1452,1498,1897,1102,1897,1102
1783459514.2205,7.3204,0.01966,50.87,367,678608,0.321,GUIDED,GUIDED,128,3.660189151763916,0.0,10.0,0.5,0.0,0.0,nan,nan,nan,nan,nan,nan,nan,nan,nan,nan,7.693498256572915,5.867345467238353,10.176462428753739,0,0,-3.1761865615844727,-5.929568290710449,-0.15944939851760864,0.00514006894081831,0.035924363881349564,-0.009822477586567402,nan,nan,nan,-0.03161162510514259,-0.0034041237086057663,-3.1361513137817383,-0.0030848581809550524,3135,3135,0.019078969955444336,24.886,1.04,99,4,20,0.91,895,0.012517036870121956,0.013169261626899242,0.02735160104930401,1500,1500,1452,1498,1897,1102,1897,1102
1783459514.2404,7.3404,0.01995,50.13,368,678629,0.341,GUIDED,GUIDED,128,3.670210838317871,0.0,10.0,0.5,0.0,0.0,nan,nan,nan,nan,nan,nan,nan,nan,nan,nan,7.703918257844716,5.866919316438424,10.176033841685312,0,0,-3.176401376724243,-5.9295125007629395,-0.15905016660690308,0.005034125410020351,0.03613819181919098,-0.00980552937835455,nan,nan,nan,-0.031603261828422546,-0.0034196283668279648,-3.136206865310669,-0.0030193175189197063,3135,3135,0.019345521926879883,24.886,1.04,99,4,20,0.91,895,0.012517036870121956,0.013169261626899242,0.02735160104930401,1500,1500,1452,1498,1897,1102,1897,1102
1783459514.2604,7.3603,0.01994,50.14,369,678648,0.361,GUIDED,GUIDED,128,3.6801586151123047,0.0,10.0,0.5,0.0,0.0,nan,nan,nan,nan,nan,nan,nan,nan,nan,nan,7.714576717198578,5.867126450498863,10.175978911190347,0,0,-3.176455497741699,-5.929113864898682,-0.15903669595718384,0.004655059427022934,0.03578845039010048,-0.009781592525541782,nan,nan,nan,-0.03161592036485672,-0.003394700586795807,-3.136169910430908,0.001304867211729288,3135,3135,0.019291400909423828,24.886,1.04,99,4,20,0.91,895,0.012517036870121956,0.013169261626899242,0.02735160104930401,1500,1500,1452,1498,1897,1102,1897,1102
1783459514.2805,7.3804,0.02016,49.61,370,678668,0.381,GUIDED,GUIDED,128,3.690183401107788,0.0,10.0,0.5,0.0,0.0,nan,nan,nan,nan,nan,nan,nan,nan,nan,nan,7.724015802687492,5.868523556814221,10.175695406139118,0,0,-3.1766321659088135,-5.92901611328125,-0.15883582830429077,0.005095213185995817,0.034925393760204315,-0.009733881801366806,nan,nan,nan,-0.031643688678741455,-0.0033846478909254074,-3.1360936164855957,0.004092736169695854,3135,3135,0.019461631774902344,24.886,1.04,99,4,20,0.91,895,0.012517036870121956,0.013169261626899242,0.02735160104930401,1500,1500,1452,1498,1897,1102,1897,1102
1783459514.3006,7.4003,0.02009,49.77,371,678689,0.401,GUIDED,GUIDED,128,3.7001742124557495,0.0,10.0,0.5,0.0,0.0,nan,nan,nan,nan,nan,nan,nan,nan,nan,nan,7.733463242164058,5.8702758555802665,10.17532823705518,0,0,-3.1767780780792236,-5.928907871246338,-0.15865832567214966,0.005493171513080597,0.03385121002793312,-0.009624377824366093,nan,nan,nan,-0.0316089391708374,-0.0034086722880601883,-3.136060953140259,0.0018148517701774836,3135,3135,0.019143342971801758,24.886,1.04,99,4,20,0.91,895,0.012041604146361351,0.004261189606040716,0.019575439393520355,1500,1500,1452,1498,1897,1102,1897,1102
1783459514.3209,7.4203,0.02024,49.41,372,678708,0.421,GUIDED,GUIDED,128,3.7101705074310303,0.0,10.0,0.5,0.0,0.0,nan,nan,nan,nan,nan,nan,nan,nan,nan,nan,7.743832471334636,5.870560924210306,10.176065242175246,0,0,-3.1769466400146484,-5.928680419921875,-0.15908628702163696,0.0053751771338284016,0.03355530649423599,-0.009802804328501225,nan,nan,nan,-0.0315818227827549,-0.0034671518951654434,-3.1360971927642822,-0.0015660334611311555,3135,3135,0.019183874130249023,24.886,1.04,99,4,20,0.91,895,0.012041604146361351,0.004261189606040716,0.019575439393520355,1500,1500,1452,1498,1897,1102,1897,1102
1783459514.3405,7.4403,0.01962,50.97,373,678729,0.441,GUIDED,GUIDED,128,3.720171809196472,0.0,10.0,0.5,0.0,0.0,nan,nan,nan,nan,nan,nan,nan,nan,nan,nan,7.755034764800371,5.871786536853249,10.177116168656676,0,0,-3.177366256713867,-5.928863048553467,-0.15972012281417847,0.0049240500666201115,0.03295313939452171,-0.010043611750006676,nan,nan,nan,-0.031576741486787796,-0.003542540594935417,-3.1361682415008545,-0.003771980060264468,3135,3135,0.018957138061523438,24.886,1.04,99,4,20,0.91,895,0.012041604146361351,0.004261189606040716,0.019575439393520355,1500,1500,1452,1498,1897,1102,1897,1102
1783459514.3605,7.4603,0.02005,49.87,374,678748,0.461,GUIDED,GUIDED,128,3.730155348777771,0.0,10.0,0.5,0.0,0.0,nan,nan,nan,nan,nan,nan,nan,nan,nan,nan,7.765428221346301,5.870940627372649,10.177474450894366,0,0,-3.1775131225585938,-5.928613662719727,-0.16005772352218628,0.004772177431732416,0.03329754248261452,-0.01005555223673582,nan,nan,nan,-0.031595103442668915,-0.003542505204677582,-3.136178970336914,-0.0010233758948743343,3135,3135,0.01923394203186035,24.886,1.04,99,4,20,0.91,895,0.012041604146361351,0.004261189606040716,0.019575439393520355,1500,1500,1452,1498,1897,1102,1897,1102
1783459514.3805,7.4804,0.01996,50.11,375,678768,0.481,GUIDED,GUIDED,128,3.740176200866699,0.0,10.0,0.5,0.0,0.0,nan,nan,nan,nan,nan,nan,nan,nan,nan,nan,7.7748058656966315,5.872087111072268,10.178268844419367,0,0,-3.1778643131256104,-5.928736209869385,-0.16051632165908813,0.005346293561160564,0.0327063724398613,-0.010249423794448376,nan,nan,nan,-0.03158704191446304,-0.003515489399433136,-3.1361258029937744,0.0024281395599246025,3135,3135,0.01932668685913086,24.886,1.04,99,4,20,0.91,895,0.012041604146361351,0.004261189606040716,0.019575439393520355,1500,1500,1452,1498,1897,1102,1897,1102
1783459514.4022,7.5005,0.02175,45.98,376,678789,0.502,GUIDED,GUIDED,128,3.7502286434173584,0.0,10.0,0.5,0.0,0.0,nan,nan,nan,nan,nan,nan,nan,nan,nan,nan,7.7856087876889015,5.874402342087861,10.178891148965574,0,0,-3.178173780441284,-5.928834915161133,-0.16094881296157837,0.005091675091534853,0.03142666071653366,-0.010359012521803379,nan,nan,nan,-0.031562890857458115,-0.0035132355988025665,-3.1360697746276855,0.0030618624296039343,3135,3135,0.01949620246887207,24.89,1.02,99,4,20,0.91,895,0.012041604146361351,0.004261189606040716,0.019575439393520355,1500,1500,1452,1498,1897,1102,1897,1102
1783459514.4202,7.5203,0.01801,55.52,377,678808,0.520,GUIDED,GUIDED,128,3.760164976119995,0.0,10.0,0.5,0.0,0.0,nan,nan,nan,nan,nan,nan,nan,nan,nan,nan,7.796355653716208,5.87591168148057,10.17941355312508,0,0,-3.1782705783843994,-5.9285807609558105,-0.16125839948654175,0.004679599776864052,0.030408507212996483,-0.010481882840394974,nan,nan,nan,-0.03155793994665146,-0.0035397708415985107,-3.13606333732605,0.0006220403010956943,3135,3135,0.017438411712646484,24.89,1.02,99,4,20,0.91,895,0.012041604146361351,0.004261189606040716,0.019575439393520355,1500,1500,1452,1498,1897,1102,1897,1102
1783459514.4408,7.5405,0.02051,48.75,378,678829,0.541,GUIDED,GUIDED,128,3.770225167274475,0.0,10.0,0.5,0.0,0.0,nan,nan,nan,nan,nan,nan,nan,nan,nan,nan,7.807159875229229,5.876917825996391,10.180203746776446,0,0,-3.178544521331787,-5.928676605224609,-0.16165882349014282,0.004408194683492184,0.029882945120334625,-0.010706916451454163,nan,nan,nan,-0.03158436715602875,-0.0036302991211414337,-3.1361217498779297,-0.0029556076042354107,3135,3135,0.019658565521240234,24.89,1.02,99,4,20,0.91,895,0.012041604146361351,0.004261189606040716,0.019575439393520355,1500,1500,1452,1498,1897,1102,1897,1102
1783459514.4607,7.5604,0.01991,50.22,379,678848,0.561,GUIDED,GUIDED,128,3.780194401741028,0.0,10.0,0.5,0.0,0.0,nan,nan,nan,nan,nan,nan,nan,nan,nan,nan,7.816649260537132,5.876218866276695,10.180251308452439,0,0,-3.1786227226257324,-5.92840576171875,-0.16191285848617554,0.004730385262519121,0.030130118131637573,-0.01058770902454853,nan,nan,nan,-0.03157736733555794,-0.00368572399020195,-3.136162042617798,-0.0024335666093975306,3135,3135,0.0191347599029541,24.89,1.02,99,4,20,0.91,895,0.012041604146361351,0.004261189606040716,0.019575439393520355,1500,1500,1452,1498,1897,1102,1897,1102
1783459514.4807,7.5803,0.01999,50.03,380,678868,0.581,GUIDED,GUIDED,128,3.7901690006256104,0.0,10.0,0.5,0.0,0.0,nan,nan,nan,nan,nan,nan,nan,nan,nan,nan,7.826866412155666,5.876079778997818,10.181037479331309,0,0,-3.178842067718506,-5.928448677062988,-0.16219645738601685,0.004716986324638128,0.03023519739508629,-0.010877869091928005,nan,nan,nan,-0.03156616911292076,-0.003660956397652626,-3.1361100673675537,0.002198158297687769,3135,3135,0.01911473274230957,24.89,1.02,99,4,20,0.91,895,0.012041604146361351,0.004261189606040716,0.019575439393520355,1500,1500,1452,1498,1897,1102,1897,1102
1783459514.5009,7.6004,0.02020,49.50,381,678889,0.601,GUIDED,GUIDED,128,3.800179123878479,0.0,10.0,0.5,0.0,0.0,nan,nan,nan,nan,nan,nan,nan,nan,nan,nan,7.837540791522408,5.876921281947948,10.18132553598041,0,0,-3.1790361404418945,-5.928452491760254,-0.16247588396072388,0.0044455258175730705,0.029751557856798172,-0.010882851667702198,nan,nan,nan,-0.031552232801914215,-0.0036114882677793503,-3.136033296585083,0.003943481482565403,3135,3135,0.019210100173950195,24.89,1.02,99,4,20,0.91,895,0.012168463319540024,0.0028165550902485847,0.025289898738265038,1500,1500,1452,1498,1897,1102,1897,1102
1783459514.5207,7.6203,0.01988,50.31,382,678908,0.621,GUIDED,GUIDED,128,3.810168147087097,0.0,10.0,0.5,0.0,0.0,nan,nan,nan,nan,nan,nan,nan,nan,nan,nan,7.848230474625985,5.878396454261786,10.181957749397379,0,0,-3.1792757511138916,-5.928108215332031,-0.16287380456924438,0.004179338924586773,0.028701098635792732,-0.011018120683729649,nan,nan,nan,-0.03155517578125,-0.00361432321369648,-3.136007785797119,0.0017954932991415262,3135,3135,0.019022464752197266,24.89,1.02,99,4,20,0.91,895,0.012168463319540024,0.0028165550902485847,0.025289898738265038,1500,1500,1452,1498,1897,1102,1897,1102
1783459514.5407,7.6403,0.01994,50.16,383,678929,0.641,GUIDED,GUIDED,128,3.82015323638916,0.0,10.0,0.5,0.0,0.0,nan,nan,nan,nan,nan,nan,nan,nan,nan,nan,7.858889767780538,5.880015664365566,10.183094618559444,0,0,-3.1798059940338135,-5.928027629852295,-0.16342586278915405,0.0040962230414152145,0.02771972119808197,-0.01135576143860817,nan,nan,nan,-0.03157590702176094,-0.003669245168566704,-3.136066198348999,-0.0028162295930087566,3135,3135,0.019004344940185547,24.89,1.02,99,4,20,0.91,895,0.012168463319540024,0.0028165550902485847,0.025289898738265038,1500,1500,1452,1498,1897,1102,1897,1102
1783459514.5608,7.6604,0.02012,49.69,384,678948,0.661,GUIDED,GUIDED,128,3.8301807641983032,0.0,10.0,0.5,0.0,0.0,nan,nan,nan,nan,nan,nan,nan,nan,nan,nan,7.868460843398031,5.8797099915347575,10.183658690260355,0,0,-3.1800081729888916,-5.927703380584717,-0.16367202997207642,0.004476483911275864,0.0277089960873127,-0.011539303697645664,nan,nan,nan,-0.031559012830257416,-0.003737112507224083,-3.1361331939697266,-0.0037394568789750338,3135,3135,0.019206523895263672,24.89,1.02,99,4,20,0.91,895,0.012168463319540024,0.0028165550902485847,0.025289898738265038,1500,1500,1452,1498,1897,1102,1897,1102
1783459514.5808,7.6804,0.02005,49.87,385,678968,0.681,GUIDED,GUIDED,128,3.840224266052246,0.0,10.0,0.5,0.0,0.0,nan,nan,nan,nan,nan,nan,nan,nan,nan,nan,7.879245918948298,5.879205136504278,10.184383226314331,0,0,-3.1804611682891846,-5.927600383758545,-0.16393035650253296,0.004309873096644878,0.027941009029746056,-0.011808469891548157,nan,nan,nan,-0.0315462127327919,-0.003775695338845253,-3.136143207550049,-0.0009716821368783712,3135,3135,0.01916646957397461,24.89,1.02,99,4,20,0.91,895,0.012168463319540024,0.0028165550902485847,0.025289898738265038,1500,1500,1452,1498,1897,1102,1897,1102
1783459514.6012,7.7005,0.02033,49.20,386,678989,0.701,GUIDED,GUIDED,128,3.85024094581604,0.0,10.0,0.5,0.0,0.0,nan,nan,nan,nan,nan,nan,nan,nan,nan,nan,7.890307657472188,5.879522317820011,10.184970153989156,0,0,-3.1808738708496094,-5.927467346191406,-0.16418975591659546,0.0039447820745408535,0.027681075036525726,-0.011997568421065807,nan,nan,nan,-0.031531959772109985,-0.0037381090223789215,-3.1360886096954346,0.002546521369367838,3135,3135,0.019199132919311523,24.89,1.02,99,4,20,0.91,895,0.012168463319540024,0.0028165550902485847,0.025289898738265038,1500,1500,1452,1498,1897,1102,1897,1102
1783459514.6208,7.7204,0.01959,51.04,387,679008,0.721,GUIDED,GUIDED,128,3.8601906299591064,0.0,10.0,0.5,0.0,0.0,nan,nan,nan,nan,nan,nan,nan,nan,nan,nan,7.900620864751843,5.880260524441814,10.185356676510649,0,0,-3.181027889251709,-5.927129745483398,-0.16443616151809692,0.0038238244596868753,0.02705995738506317,-0.012078464962542057,nan,nan,nan,-0.03154316544532776,-0.0036818012595176697,-3.136035680770874,0.0032052912283688784,3135,3135,0.01871490478515625,24.89,1.02,99,4,20,0.91,895,0.012168463319540024,0.0028165550902485847,0.025289898738265038,1500,1500,1452,1498,1897,1102,1897,1102
1783459514.6408,7.7404,0.02007,49.81,388,679028,0.741,GUIDED,GUIDED,128,3.870189070701599,0.0,10.0,0.5,0.0,0.0,nan,nan,nan,nan,nan,nan,nan,nan,nan,nan,7.910630067673008,5.881800228831032,10.185912524265662,0,0,-3.181384325027466,-5.926993370056152,-0.164692223072052,0.004023399204015732,0.026092272251844406,-0.01225154660642147,nan,nan,nan,-0.03153102844953537,-0.003705475479364395,-3.1360464096069336,-0.00032616793760098517,3135,3135,0.01914501190185547,24.89,1.02,99,4,20,0.91,895,0.012168463319540024,0.0028165550902485847,0.025289898738265038,1500,1500,1452,1498,1897,1102,1897,1102
1783459514.6606,7.7604,0.01979,50.52,389,679048,0.761,GUIDED,GUIDED,128,3.8801867961883545,0.0,10.0,0.5,0.0,0.0,nan,nan,nan,nan,nan,nan,nan,nan,nan,nan,7.921321409643336,5.882246183608133,10.186184419009649,0,0,-3.181511402130127,-5.926675319671631,-0.164761483669281,0.0036963075399398804,0.025651173666119576,-0.012368537485599518,nan,nan,nan,-0.031499091535806656,-0.0037829186767339706,-3.1361167430877686,-0.003495518583804369,3135,3135,0.019158601760864258,24.89,1.02,99,4,20,0.91,895,0.012168463319540024,0.0028165550902485847,0.025289898738265038,1500,1500,1452,1498,1897,1102,1897,1102
1783459514.6809,7.7805,0.02025,49.39,390,679068,0.781,GUIDED,GUIDED,128,3.890230655670166,0.0,10.0,0.5,0.0,0.0,nan,nan,nan,nan,nan,nan,nan,nan,nan,nan,7.931979664558503,5.8819815635815385,10.186214431902854,0,0,-3.181821346282959,-5.926531791687012,-0.16468244791030884,0.003520532511174679,0.02572108618915081,-0.012431496754288673,nan,nan,nan,-0.0314943827688694,-0.003824809566140175,-3.136159896850586,-0.0027201420161873102,3135,3135,0.019329071044921875,24.89,1.02,99,4,20,0.91,895,0.012168463319540024,0.0028165550902485847,0.025289898738265038,1500,1500,1452,1498,1897,1102,1897,1102
1783459514.7009,7.8004,0.02004,49.90,391,679088,0.801,GUIDED,GUIDED,128,3.900179624557495,0.0,10.0,0.5,0.0,0.0,nan,nan,nan,nan,nan,nan,nan,nan,nan,nan,7.942296087849403,5.881541662216352,10.186100968821544,0,0,-3.182102680206299,-5.92637300491333,-0.16462308168411255,0.003470810828730464,0.02588338777422905,-0.012400263920426369,nan,nan,nan,-0.0315181165933609,-0.0038217436522245407,-3.1361191272735596,0.0014869634760543704,3135,3135,0.01905059814453125,24.89,1.02,99,4,20,0.91,895,0.01162420678883791,0.010337526910007,0.010359598323702812,1500,1500,1452,1498,1897,1102,1897,1102
1783459514.7204,7.8203,0.01949,51.30,392,679108,0.821,GUIDED,GUIDED,128,3.91015362739563,0.0,10.0,0.5,0.0,0.0,nan,nan,nan,nan,nan,nan,nan,nan,nan,nan,7.951539436446122,5.882250826296488,10.185977747613848,0,0,-3.1823060512542725,-5.926235198974609,-0.16453403234481812,0.004010070580989122,0.025394389405846596,-0.012380534783005714,nan,nan,nan,-0.031520333141088486,-0.0038177799433469772,-3.1360554695129395,0.003530725371092558,3135,3135,0.01881718635559082,24.89,1.02,99,4,20,0.91,895,0.01162420678883791,0.010337526910007,0.010359598323702812,1500,1500,1452,1498,1897,1102,1897,1102
1783459514.7410,7.8404,0.02063,48.47,393,679128,0.841,GUIDED,GUIDED,128,3.9201865196228027,0.0,10.0,0.5,0.0,0.0,nan,nan,nan,nan,nan,nan,nan,nan,nan,nan,7.962962440031248,5.884690825498927,10.185516864297423,0,0,-3.182751178741455,-5.926467418670654,-0.16414111852645874,0.0034644838888198137,0.024119727313518524,-0.012341292575001717,nan,nan,nan,-0.0314902663230896,-0.0038084089756011963,-3.136025905609131,0.0018882271833717823,3135,3135,0.019440889358520508,24.89,1.02,99,4,20,0.91,895,0.01162420678883791,0.010337526910007,0.010359598323702812,1500,1500,1452,1498,1897,1102,1897,1102
1783459514.7603,7.8603,0.01930,51.82,394,679148,0.861,GUIDED,GUIDED,128,3.9301565885543823,0.0,10.0,0.5,0.0,0.0,nan,nan,nan,nan,nan,nan,nan,nan,nan,nan,7.973065477471179,5.885818644080548,10.185290634386467,0,0,-3.1829254627227783,-5.926336288452148,-0.16408294439315796,0.0034883373882621527,0.023392872884869576,-0.012244265526533127,nan,nan,nan,-0.03145994991064072,-0.0038519855588674545,-3.1360790729522705,-0.002521304879337549,3135,3135,0.018690824508666992,24.89,1.02,99,4,20,0.91,895,0.01162420678883791,0.010337526910007,0.010359598323702812,1500,1500,1452,1498,1897,1102,1897,1102
1783459514.7805,7.8804,0.02013,49.67,395,679168,0.881,GUIDED,GUIDED,128,3.940197229385376,0.0,10.0,0.5,0.0,0.0,nan,nan,nan,nan,nan,nan,nan,nan,nan,nan,7.984993847013217,5.887226491821169,10.184758447158128,0,0,-3.183320999145508,-5.926535606384277,-0.16374903917312622,0.002626819768920541,0.022695127874612808,-0.012129787355661392,nan,nan,nan,-0.031469810754060745,-0.003906805068254471,-3.1361446380615234,-0.003533431561663747,3135,3135,0.019562244415283203,24.89,1.02,99,4,20,0.91,895,0.01162420678883791,0.010337526910007,0.010359598323702812,1500,1500,1452,1498,1897,1102,1897,1102
1783459514.8005,7.9004,0.02002,49.95,396,679189,0.901,GUIDED,GUIDED,128,3.950192928314209,0.0,10.0,0.5,0.0,0.0,nan,nan,nan,nan,nan,nan,nan,nan,nan,nan,7.994895634397444,5.887632554444448,10.184837107837891,0,0,-3.1836814880371094,-5.926710605621338,-0.16345363855361938,0.002889167983084917,0.022561723366379738,-0.012345751747488976,nan,nan,nan,-0.031477656215429306,-0.003913721069693565,-3.136155128479004,-0.0009476952254772186,3135,3135,0.01939678192138672,24.89,1.02,99,4,20,0.91,895,0.01162420678883791,0.010337526910007,0.010359598323702812,1500,1500,1452,1498,1897,1102,1897,1102
1783459514.8206,7.9203,0.02013,49.69,397,679208,0.921,GUIDED,GUIDED,128,3.960160255432129,0.0,10.0,0.5,0.0,0.0,nan,nan,nan,nan,nan,nan,nan,nan,nan,nan,8.004820835798784,5.886930220082364,10.18487627573694,0,0,-3.1838185787200928,-5.926550388336182,-0.16344863176345825,0.0029926386196166277,0.02287471480667591,-0.01237125601619482,nan,nan,nan,-0.031477395445108414,-0.003881579264998436,-3.1361136436462402,0.001988138072192669,3135,3135,0.019362211227416992,24.89,1.02,99,4,20,0.91,895,0.01162420678883791,0.010337526910007,0.010359598323702812,1500,1500,1452,1498,1897,1102,1897,1102
1783459514.8405,7.9404,0.01986,50.35,398,679229,0.941,GUIDED,GUIDED,128,3.970194458961487,0.0,10.0,0.5,0.0,0.0,nan,nan,nan,nan,nan,nan,nan,nan,nan,nan,8.015056714124416,5.888709769325465,10.18421807048881,0,0,-3.184122085571289,-5.926678657531738,-0.16320937871932983,0.0030514313839375973,0.021921347826719284,-0.012129373848438263,nan,nan,nan,-0.03146062046289444,-0.0038693733513355255,-3.1360528469085693,0.003207866568118334,3135,3135,0.019284486770629883,24.89,1.02,99,4,20,0.91,895,0.01162420678883791,0.010337526910007,0.010359598323702812,1500,1500,1452,1498,1897,1102,1897,1102
1783459514.8608,7.9604,0.02028,49.31,399,679248,0.961,GUIDED,GUIDED,128,3.9802122116088867,0.0,10.0,0.5,0.0,0.0,nan,nan,nan,nan,nan,nan,nan,nan,nan,nan,8.025581687991384,5.89025968891567,10.184181092834713,0,0,-3.1842336654663086,-5.926522254943848,-0.163255512714386,0.002823007758706808,0.020936202257871628,-0.01208138931542635,nan,nan,nan,-0.031463295221328735,-0.003882000222802162,-3.136038064956665,0.0009240136132575572,3135,3135,0.019381999969482422,24.89,1.02,99,4,20,0.91,895,0.01162420678883791,0.010337526910007,0.010359598323702812,1500,1500,1452,1498,1897,1102,1897,1102
1783459514.8808,7.9804,0.01999,50.02,400,679268,0.981,GUIDED,GUIDED,128,3.990193486213684,0.0,10.0,0.5,0.0,0.0,nan,nan,nan,nan,nan,nan,nan,nan,nan,nan,8.035640081211069,5.891216800053799,10.18381305794788,0,0,-3.18449330329895,-5.926643371582031,-0.16311615705490112,0.002928385278210044,0.020453540608286858,-0.011949361301958561,nan,nan,nan,-0.03146926313638687,-0.00393269769847393,-3.13608717918396,-0.0022203850094228983,3135,3135,0.019135236740112305,24.89,1.02,99,4,20,0.91,895,0.01162420678883791,0.010337526910007,0.010359598323702812,1500,1500,1452,1498,1897,1102,1897,1102
1783459514.9014,8.0003,0.02069,48.34,401,679289,0.002,GUIDED,GUIDED,128,4.000142455101013,0.0,10.0,0.5,0.0,0.0,nan,nan,nan,nan,nan,nan,nan,nan,nan,nan,8.04573027144558,5.891199995767816,10.183623285205993,0,0,-3.1847236156463623,-5.926729202270508,-0.16300302743911743,0.002979821991175413,0.020512796938419342,-0.011905111372470856,nan,nan,nan,-0.03146253526210785,-0.003983035683631897,-3.136129379272461,-0.0026714829728007317,3135,3135,0.018906831741333008,24.891,1.04,99,4,20,0.91,895,0.011394569650292397,0.0017109253676608205,0.021963518112897873,1500,1500,1452,1498,1897,1102,1897,1102
1783459514.9205,8.0204,0.01902,52.57,402,679308,0.021,GUIDED,GUIDED,128,4.01017963886261,0.0,10.0,0.5,0.0,0.0,nan,nan,nan,nan,nan,nan,nan,nan,nan,nan,8.05614037459267,5.890926335792818,10.183227501092087,0,0,-3.1849663257598877,-5.926458358764648,-0.162786066532135,0.0029046456329524517,0.02051442302763462,-0.011801867745816708,nan,nan,nan,-0.031461477279663086,-0.003970131278038025,-3.136122703552246,-5.264941864879802e-05,3135,3135,0.01840066909790039,24.891,1.04,99,4,20,0.91,895,0.011394569650292397,0.0017109253676608205,0.021963518112897873,1500,1500,1452,1498,1897,1102,1897,1102
1783459514.9407,8.0404,0.02020,49.50,403,679329,0.041,GUIDED,GUIDED,128,4.020183324813843,0.0,10.0,0.5,0.0,0.0,nan,nan,nan,nan,nan,nan,nan,nan,nan,nan,8.067462303783552,5.891456278365427,10.182599711884613,0,0,-3.1854825019836426,-5.926332473754883,-0.16215652227401733,0.0024415720254182816,0.020135780796408653,-0.01180288102477789,nan,nan,nan,-0.031442005187273026,-0.003930078819394112,-3.136064291000366,0.0028574648313224316,3135,3135,0.01936960220336914,24.891,1.04,99,4,20,0.91,895,0.011394569650292397,0.0017109253676608205,0.021963518112897873,1500,1500,1452,1498,1897,1102,1897,1102
1783459514.9602,8.0602,0.01949,51.31,404,679348,0.061,GUIDED,GUIDED,128,4.03010368347168,0.0,10.0,0.5,0.0,0.0,nan,nan,nan,nan,nan,nan,nan,nan,nan,nan,8.07761726078194,5.8921990212674,10.182243831759253,0,0,-3.1856977939605713,-5.926074028015137,-0.1621517539024353,0.002430425491183996,0.01955774426460266,-0.01160016655921936,nan,nan,nan,-0.031455304473638535,-0.003929629921913147,-3.136014223098755,0.0026942656841129065,3135,3135,0.018881559371948242,24.891,1.04,99,4,20,0.91,895,0.011394569650292397,0.0017109253676608205,0.021963518112897873,1500,1500,1452,1498,1897,1102,1897,1102
1783459514.9811,8.0805,0.02094,47.77,405,679368,0.082,GUIDED,GUIDED,128,4.040241837501526,0.0,10.0,0.5,0.0,0.0,nan,nan,nan,nan,nan,nan,nan,nan,nan,nan,8.088369963534593,5.893428692245238,10.181912826568578,0,0,-3.186147451400757,-5.9259514808654785,-0.16193228960037231,0.0023352254647761583,0.018777040764689445,-0.011535768397152424,nan,nan,nan,-0.031450580805540085,-0.00395125150680542,-3.1360256671905518,-0.00033181050093844533,3135,3135,0.019751310348510742,24.891,1.04,99,4,20,0.91,895,0.011394569650292397,0.0017109253676608205,0.021963518112897873,1500,1500,1452,1498,1897,1102,1897,1102
1783459515.0007,8.1003,0.01965,50.90,406,679389,0.101,GUIDED,GUIDED,128,4.050168037414551,0.0,10.0,0.5,0.0,0.0,nan,nan,nan,nan,nan,nan,nan,nan,nan,nan,8.098296716630779,5.893886995242248,10.18133657365017,0,0,-3.186552047729492,-5.9258294105529785,-0.16173714399337769,0.0025684998836368322,0.01844196207821369,-0.01131573598831892,nan,nan,nan,-0.03142647072672844,-0.003994327038526535,-3.136064291000366,-0.0020912005566060543,3135,3135,0.018749713897705078,24.891,1.04,99,4,20,0.91,895,0.011394569650292397,0.0017109253676608205,0.021963518112897873,1500,1500,1452,1498,1897,1102,1897,1102
1783459515.0211,8.1204,0.02040,49.02,407,679408,0.122,GUIDED,GUIDED,128,4.060204386711121,0.0,10.0,0.5,0.0,0.0,nan,nan,nan,nan,nan,nan,nan,nan,nan,nan,8.108674565697624,5.89314499711079,10.181200770196222,0,0,-3.1867148876190186,-5.925588130950928,-0.16175514459609985,0.002465350553393364,0.018731052055954933,-0.011226937174797058,nan,nan,nan,-0.031413543969392776,-0.0040199533104896545,-3.1360833644866943,-0.0012970438692718744,3135,3135,0.01915454864501953,24.891,1.04,99,4,20,0.91,895,0.011394569650292397,0.0017109253676608205,0.021963518112897873,1500,1500,1452,1498,1897,1102,1897,1102
1783459515.0409,8.1404,0.01976,50.62,408,679428,0.141,GUIDED,GUIDED,128,4.070186138153076,0.0,10.0,0.5,0.0,0.0,nan,nan,nan,nan,nan,nan,nan,nan,nan,nan,8.119145245906488,5.893006972962764,10.181277955466026,0,0,-3.1870620250701904,-5.925439834594727,-0.1615963578224182,0.0023834872990846634,0.018725121393799782,-0.011363175697624683,nan,nan,nan,-0.031416215002536774,-0.004018301144242287,-3.1360394954681396,0.0019366268534213305,3135,3135,0.01883721351623535,24.891,1.04,99,4,20,0.91,895,0.011394569650292397,0.0017109253676608205,0.021963518112897873,1500,1500,1452,1498,1897,1102,1897,1102
1783459515.0605,8.1604,0.01958,51.08,409,679448,0.161,GUIDED,GUIDED,128,4.0802143812179565,0.0,10.0,0.5,0.0,0.0,nan,nan,nan,nan,nan,nan,nan,nan,nan,nan,8.129061463128437,5.89333474837315,10.181587604771286,0,0,-3.187199831008911,-5.925184726715088,-0.16180866956710815,0.002527727745473385,0.018388593569397926,-0.01141937356442213,nan,nan,nan,-0.03141843527555466,-0.003968643024563789,-3.135972023010254,0.003499461803585291,3135,3135,0.01900172233581543,24.891,1.04,99,4,20,0.91,895,0.011394569650292397,0.0017109253676608205,0.021963518112897873,1500,1500,1452,1498,1897,1102,1897,1102
1783459515.0809,8.1805,0.02038,49.06,410,679468,0.181,GUIDED,GUIDED,128,4.090230584144592,0.0,10.0,0.5,0.0,0.0,nan,nan,nan,nan,nan,nan,nan,nan,nan,nan,8.139773711536172,5.894168766212917,10.18141079329134,0,0,-3.187497854232788,-5.925044536590576,-0.1619972586631775,0.0022979294881224632,0.017826134338974953,-0.011208409443497658,nan,nan,nan,-0.03140939399600029,-0.003956900909543037,-3.135957956314087,0.001160655403509736,3135,3135,0.019464731216430664,24.891,1.04,99,4,20,0.91,895,0.011394569650292397,0.0017109253676608205,0.021963518112897873,1500,1500,1452,1498,1897,1102,1897,1102
1783459515.1008,8.2005,0.01999,50.03,411,679489,0.201,GUIDED,GUIDED,128,4.100232481956482,0.0,10.0,0.5,0.0,0.0,nan,nan,nan,nan,nan,nan,nan,nan,nan,nan,8.14998148441445,5.895037612704604,10.181186121578882,0,0,-3.1877660751342773,-5.924898147583008,-0.16217714548110962,0.002333924872800708,0.01723998785018921,-0.010974837467074394,nan,nan,nan,-0.03140611946582794,-0.004004416987299919,-3.136000633239746,-0.002218646928668022,3135,3135,0.019116640090942383,24.891,1.04,99,4,20,0.91,895,0.011223416775465012,0.016915464773774147,0.012084887363016605,1500,1500,1452,1498,1897,1102,1897,1102
1783459515.1203,8.2203,0.01949,51.31,412,679508,0.221,GUIDED,GUIDED,128,4.110139727592468,0.0,10.0,0.5,0.0,0.0,nan,nan,nan,nan,nan,nan,nan,nan,nan,nan,8.16067322222012,5.895679091643333,10.18081814571989,0,0,-3.1878890991210938,-5.924743175506592,-0.1622510552406311,0.0019520260393619537,0.016780156642198563,-0.010719714686274529,nan,nan,nan,-0.031410425901412964,-0.004043161869049072,-3.1360464096069336,-0.0026275564450770617,3135,3135,0.01883983612060547,24.891,1.04,99,4,20,0.91,895,0.011223416775465012,0.016915464773774147,0.012084887363016605,1500,1500,1452,1498,1897,1102,1897,1102
1783459515.1407,8.2404,0.02033,49.19,413,679529,0.241,GUIDED,GUIDED,128,4.120193958282471,0.0,10.0,0.5,0.0,0.0,nan,nan,nan,nan,nan,nan,nan,nan,nan,nan,8.170999719851254,5.895649036697205,10.180317138131654,0,0,-3.1881561279296875,-5.924769401550293,-0.1621803641319275,0.0019490018021315336,0.016812650486826897,-0.010471271350979805,nan,nan,nan,-0.03143097832798958,-0.004063135012984276,-3.136040210723877,-0.00018697907216846943,3135,3135,0.019565343856811523,24.891,1.04,99,4,20,0.91,895,0.011223416775465012,0.016915464773774147,0.012084887363016605,1500,1500,1452,1498,1897,1102,1897,1102
1783459515.1601,8.2602,0.01939,51.57,414,679548,0.261,GUIDED,GUIDED,128,4.130081295967102,0.0,10.0,0.5,0.0,0.0,nan,nan,nan,nan,nan,nan,nan,nan,nan,nan,8.180666809976087,5.895804843337295,10.180513357987419,0,0,-3.1882565021514893,-5.924605369567871,-0.16242605447769165,0.002134112874045968,0.016627991572022438,-0.010442709550261497,nan,nan,nan,-0.0314292311668396,-0.00406942144036293,-3.1359896659851074,0.0024997894652187824,3135,3135,0.01887059211730957,24.891,1.04,99,4,20,0.91,895,0.011223416775465012,0.016915464773774147,0.012084887363016605,1500,1500,1452,1498,1897,1102,1897,1102
1783459515.1798,8.2801,0.01975,50.64,415,679568,0.280,GUIDED,GUIDED,128,4.140069484710693,0.0,10.0,0.5,0.0,0.0,nan,nan,nan,nan,nan,nan,nan,nan,nan,nan,8.190804441252995,5.8967186918408645,10.180688064956652,0,0,-3.1884753704071045,-5.924612998962402,-0.16268903017044067,0.0021741958335042,0.016104785725474358,-0.010391747578978539,nan,nan,nan,-0.0314207561314106,-0.004050998017191887,-3.135972023010254,0.001263211015611887,3135,3135,0.019307374954223633,24.891,1.04,99,4,20,0.91,895,0.011223416775465012,0.016915464773774147,0.012084887363016605,1500,1500,1452,1498,1897,1102,1897,1102
1783459515.1998,8.3002,0.02003,49.93,416,679588,0.300,GUIDED,GUIDED,128,4.150081038475037,0.0,10.0,0.5,0.0,0.0,nan,nan,nan,nan,nan,nan,nan,nan,nan,nan,8.201094158026834,5.897998485066651,10.180406002876795,0,0,-3.188666820526123,-5.924610614776611,-0.16293591260910034,0.0021241321228444576,0.015364520251750946,-0.010086361318826675,nan,nan,nan,-0.031403619796037674,-0.004055742174386978,-3.136018991470337,-0.0021285763941705227,3135,3135,0.019571304321289062,24.891,1.04,99,4,20,0.91,895,0.011223416775465012,0.016915464773774147,0.012084887363016605,1500,1500,1452,1498,1897,1102,1897,1102
1783459515.2196,8.3201,0.01977,50.57,417,679608,0.320,GUIDED,GUIDED,128,4.1600645780563354,0.0,10.0,0.5,0.0,0.0,nan,nan,nan,nan,nan,nan,nan,nan,nan,nan,8.211148807602049,5.898909487595151,10.18043052536281,0,0,-3.188734292984009,-5.92446231842041,-0.16315096616744995,0.0021220319904386997,0.014752933755517006,-0.009976358152925968,nan,nan,nan,-0.03141895681619644,-0.0041036456823349,-3.136049747467041,-0.0021143213380128145,3135,3135,0.019501686096191406,24.891,1.04,99,4,20,0.91,895,0.011223416775465012,0.016915464773774147,0.012084887363016605,1500,1500,1452,1498,1897,1102,1897,1102
1783459515.2398,8.3401,0.02023,49.44,418,679628,0.340,GUIDED,GUIDED,128,4.170073628425598,0.0,10.0,0.5,0.0,0.0,nan,nan,nan,nan,nan,nan,nan,nan,nan,nan,8.221372237804944,5.899167391905294,10.180614973839742,0,0,-3.1888909339904785,-5.92445707321167,-0.16337186098098755,0.002088696463033557,0.014601004309952259,-0.009955315850675106,nan,nan,nan,-0.0314314104616642,-0.004142209887504578,-3.13606595993042,-0.0008607633644714952,3135,3135,0.01977825164794922,24.891,1.04,99,4,20,0.91,895,0.011223416775465012,0.016915464773774147,0.012084887363016605,1500,1500,1452,1498,1897,1102,1897,1102
1783459515.2599,8.3602,0.02003,49.94,419,679648,0.360,GUIDED,GUIDED,128,4.180076241493225,0.0,10.0,0.5,0.0,0.0,nan,nan,nan,nan,nan,nan,nan,nan,nan,nan,8.23028747876787,5.898499504971828,10.180792888140232,0,0,-3.188934564590454,-5.924300670623779,-0.16374987363815308,0.0027416811790317297,0.014896309934556484,-0.009839789010584354,nan,nan,nan,-0.031430527567863464,-0.004145685583353043,-3.136033058166504,0.0016537054907530546,3135,3135,0.01953911781311035,24.891,1.04,99,4,20,0.91,895,0.011223416775465012,0.016915464773774147,0.012084887363016605,1500,1500,1452,1498,1897,1102,1897,1102
1783459515.2798,8.3802,0.01999,50.02,420,679668,0.380,GUIDED,GUIDED,128,4.190087914466858,0.0,10.0,0.5,0.0,0.0,nan,nan,nan,nan,nan,nan,nan,nan,nan,nan,8.240852185888507,5.898628058242323,10.181250696052244,0,0,-3.1890511512756348,-5.924272537231445,-0.16426843404769897,0.0024896981194615364,0.014805846847593784,-0.009804713539779186,nan,nan,nan,-0.031414348632097244,-0.004128439351916313,-3.1359963417053223,0.0019274470396339893,3135,3135,0.019524097442626953,24.891,1.04,99,4,20,0.91,895,0.011223416775465012,0.016915464773774147,0.012084887363016605,1500,1500,1452,1498,1897,1102,1897,1102
1783459515.3000,8.4002,0.02011,49.73,421,679688,0.400,GUIDED,GUIDED,128,4.200090050697327,0.0,10.0,0.5,0.0,0.0,nan,nan,nan,nan,nan,nan,nan,nan,nan,nan,8.250903440110891,5.899445894000535,10.181779775043223,0,0,-3.18914794921875,-5.9242353439331055,-0.16474884748458862,0.0025172261521220207,0.014312195591628551,-0.00983281061053276,nan,nan,nan,-0.03142300620675087,-0.004111431539058685,-3.1360127925872803,-0.0006466930499300361,3135,3135,0.019556522369384766,24.891,1.04,99,4,20,0.91,895,0.011686700396239758,0.019214466214179993,0.017072360962629318,1500,1500,1452,1498,1897,1102,1897,1102
1783459515.3198,8.4202,0.01987,50.32,422,679708,0.420,GUIDED,GUIDED,128,4.210092067718506,0.0,10.0,0.5,0.0,0.0,nan,nan,nan,nan,nan,nan,nan,nan,nan,nan,8.261314354260618,5.901235073649822,10.181755845030878,0,0,-3.18943452835083,-5.924096584320068,-0.1649037003517151,0.002446605823934078,0.013199099339544773,-0.009729590266942978,nan,nan,nan,-0.0314217247068882,-0.0041159335523843765,-3.1360504627227783,-0.001985931070521474,3135,3135,0.019432544708251953,24.891,1.04,99,4,20,0.91,895,0.011686700396239758,0.019214466214179993,0.017072360962629318,1500,1500,1452,1498,1897,1102,1897,1102
1783459515.3398,8.4401,0.01996,50.10,423,679728,0.440,GUIDED,GUIDED,128,4.220064759254456,0.0,10.0,0.5,0.0,0.0,nan,nan,nan,nan,nan,nan,nan,nan,nan,nan,8.272186816232466,5.902031055667596,10.181503611584489,0,0,-3.190013885498047,-5.924104690551758,-0.1650105118751526,0.002261615125462413,0.012744219042360783,-0.00952229555696249,nan,nan,nan,-0.031414855271577835,-0.004164313897490501,-3.136077404022217,-0.0015001599676907063,3135,3135,0.019527673721313477,24.891,1.04,99,4,20,0.91,895,0.011686700396239758,0.019214466214179993,0.017072360962629318,1500,1500,1452,1498,1897,1102,1897,1102
1783459515.3598,8.4601,0.02001,49.99,424,679748,0.460,GUIDED,GUIDED,128,4.230073809623718,0.0,10.0,0.5,0.0,0.0,nan,nan,nan,nan,nan,nan,nan,nan,nan,nan,8.282281686285948,5.9019039566617995,10.181636452813503,0,0,-3.190260887145996,-5.923980712890625,-0.16532713174819946,0.0023546735756099224,0.012746021151542664,-0.009416190907359123,nan,nan,nan,-0.03140130266547203,-0.0042105745524168015,-3.1360559463500977,0.0008230709936469793,3135,3135,0.019574880599975586,24.891,1.04,99,4,20,0.91,895,0.011686700396239758,0.019214466214179993,0.017072360962629318,1500,1500,1452,1498,1897,1102,1897,1102
1783459515.3798,8.4802,0.02006,49.85,425,679768,0.480,GUIDED,GUIDED,128,4.240097761154175,0.0,10.0,0.5,0.0,0.0,nan,nan,nan,nan,nan,nan,nan,nan,nan,nan,8.29371249557658,5.902097804930433,10.181839395839837,0,0,-3.1907689571380615,-5.923982620239258,-0.16573888063430786,0.0018357582157477736,0.012635204009711742,-0.009295636788010597,nan,nan,nan,-0.03139573708176613,-0.004212984815239906,-3.136014461517334,0.001961277099326253,3135,3135,0.019611835479736328,24.891,1.04,99,4,20,0.91,895,0.011686700396239758,0.019214466214179993,0.017072360962629318,1500,1500,1452,1498,1897,1102,1897,1102
1783459515.4009,8.5002,0.02102,47.57,426,679788,0.501,GUIDED,GUIDED,128,4.250100255012512,0.0,10.0,0.5,0.0,0.0,nan,nan,nan,nan,nan,nan,nan,nan,nan,nan,8.304544815871843,5.902085579125952,10.18194004858475,0,0,-3.191235065460205,-5.923970699310303,-0.1661197543144226,0.0016257654642686248,0.012635380029678345,-0.009133851155638695,nan,nan,nan,-0.03139996528625488,-0.00417882576584816,-3.1360092163085938,0.0003794330987147987,3135,3135,0.01956629753112793,24.883,1.13,99,4,21,0.79,895,0.011686700396239758,0.019214466214179993,0.017072360962629318,1500,1500,1452,1498,1897,1102,1897,1102
1783459515.4199,8.5202,0.01901,52.59,427,679808,0.520,GUIDED,GUIDED,128,4.260082006454468,0.0,10.0,0.5,0.0,0.0,nan,nan,nan,nan,nan,nan,nan,nan,nan,nan,8.314440576731329,5.902856212946228,10.182443148876354,0,0,-3.1914353370666504,-5.923838138580322,-0.1663932204246521,0.001791039016097784,0.012113920412957668,-0.009266430512070656,nan,nan,nan,-0.031400710344314575,-0.00418362021446228,-3.136033296585083,-0.001126898918300867,3135,3135,0.018498659133911133,24.883,1.13,99,4,21,0.79,895,0.011686700396239758,0.019214466214179993,0.017072360962629318,1500,1500,1452,1498,1897,1102,1897,1102
1783459515.4399,8.5402,0.02002,49.96,428,679828,0.540,GUIDED,GUIDED,128,4.270098328590393,0.0,10.0,0.5,0.0,0.0,nan,nan,nan,nan,nan,nan,nan,nan,nan,nan,8.325238586310073,5.904494528444241,10.182265365900987,0,0,-3.1918411254882812,-5.923830986022949,-0.16673117876052856,0.00157401361502707,0.011163908988237381,-0.00896866712719202,nan,nan,nan,-0.03138430044054985,-0.004205143079161644,-3.136068820953369,-0.0018043973250314593,3135,3135,0.019530773162841797,24.883,1.13,99,4,21,0.79,895,0.011686700396239758,0.019214466214179993,0.017072360962629318,1500,1500,1452,1498,1897,1102,1897,1102
1783459515.4599,8.5602,0.01997,50.07,429,679848,0.560,GUIDED,GUIDED,128,4.280109167098999,0.0,10.0,0.5,0.0,0.0,nan,nan,nan,nan,nan,nan,nan,nan,nan,nan,8.335684685489317,5.904427491998021,10.182615158505852,0,0,-3.1920166015625,-5.923719882965088,-0.16714924573898315,0.001424026908352971,0.011138467118144035,-0.00892924889922142,nan,nan,nan,-0.031376928091049194,-0.004257816821336746,-3.136075973510742,-0.0008052465273067355,3135,3135,0.01951909065246582,24.883,1.13,99,4,21,0.79,895,0.011686700396239758,0.019214466214179993,0.017072360962629318,1500,1500,1452,1498,1897,1102,1897,1102
1783459515.4799,8.5802,0.02001,49.97,430,679868,0.580,GUIDED,GUIDED,128,4.290095686912537,0.0,10.0,0.5,0.0,0.0,nan,nan,nan,nan,nan,nan,nan,nan,nan,nan,8.346131696044464,5.904809763831595,10.18319661849772,0,0,-3.1923749446868896,-5.923707962036133,-0.1677723526954651,0.0013650519540533423,0.01091087982058525,-0.008905204012989998,nan,nan,nan,-0.0313628688454628,-0.004301721230149269,-3.1360561847686768,0.0007987355929799378,3135,3135,0.019527435302734375,24.883,1.13,99,4,21,0.79,895,0.011686700396239758,0.019214466214179993,0.017072360962629318,1500,1500,1452,1498,1897,1102,1897,1102
1783459515.5001,8.6002,0.02018,49.56,431,679888,0.601,GUIDED,GUIDED,128,4.300104856491089,0.0,10.0,0.5,0.0,0.0,nan,nan,nan,nan,nan,nan,nan,nan,nan,nan,8.356384551831479,5.904751902042963,10.183236652532976,0,0,-3.1927006244659424,-5.923682689666748,-0.1683444380760193,0.0014123909641057253,0.010929695330560207,-0.008598024025559425,nan,nan,nan,-0.03135694935917854,-0.004294309765100479,-3.1360318660736084,0.0014253786066547036,3135,3135,0.01955866813659668,24.883,1.13,99,4,21,0.79,895,0.011546582914888859,0.013088217005133629,0.014965882524847984,1500,1500,1452,1498,1897,1102,1897,1102
1783459515.5198,8.6202,0.01973,50.68,432,679908,0.620,GUIDED,GUIDED,128,4.31007719039917,0.0,10.0,0.5,0.0,0.0,nan,nan,nan,nan,nan,nan,nan,nan,nan,nan,8.366561233755098,5.905466696607735,10.183228849348001,0,0,-3.193089246749878,-5.9237847328186035,-0.16856008768081665,0.0015187817625701427,0.010575923137366772,-0.00846901349723339,nan,nan,nan,-0.031352780759334564,-0.004249680787324905,-3.136023759841919,0.0004586591967381537,3135,3135,0.01929783821105957,24.883,1.13,99,4,21,0.79,895,0.011546582914888859,0.013088217005133629,0.014965882524847984,1500,1500,1452,1498,1897,1102,1897,1102
1783459515.5399,8.6401,0.02006,49.85,433,679928,0.640,GUIDED,GUIDED,128,4.320071816444397,0.0,10.0,0.5,0.0,0.0,nan,nan,nan,nan,nan,nan,nan,nan,nan,nan,8.378152725051995,5.90802934164461,10.183008584692884,0,0,-3.1938536167144775,-5.924193382263184,-0.1688036322593689,0.0010381403844803572,0.00933231320232153,-0.008201233111321926,nan,nan,nan,-0.031327441334724426,-0.004263989627361298,-3.1360392570495605,-0.0008504112483933568,3135,3135,0.019593477249145508,24.883,1.13,99,4,21,0.79,895,0.011546582914888859,0.013088217005133629,0.014965882524847984,1500,1500,1452,1498,1897,1102,1897,1102
1783459515.5600,8.6602,0.02016,49.60,434,679948,0.661,GUIDED,GUIDED,128,4.330084919929504,0.0,10.0,0.5,0.0,0.0,nan,nan,nan,nan,nan,nan,nan,nan,nan,nan,8.3886794045438,5.909403170765222,10.18313547508842,0,0,-3.1942033767700195,-5.924307346343994,-0.16916722059249878,0.0009435612009838223,0.008604929782450199,-0.008064575493335724,nan,nan,nan,-0.03131222724914551,-0.004301907494664192,-3.13606333732605,-0.0013465695083141327,3135,3135,0.01956653594970703,24.883,1.13,99,4,21,0.79,895,0.011546582914888859,0.013088217005133629,0.014965882524847984,1500,1500,1452,1498,1897,1102,1897,1102
1783459515.5799,8.6802,0.01985,50.38,435,679968,0.680,GUIDED,GUIDED,128,4.340084791183472,0.0,10.0,0.5,0.0,0.0,nan,nan,nan,nan,nan,nan,nan,nan,nan,nan,8.399545553458248,5.910656452715025,10.183856401058739,0,0,-3.1948862075805664,-5.924704074859619,-0.16969960927963257,0.0008376481127925217,0.008110398426651955,-0.008173427544534206,nan,nan,nan,-0.031311698257923126,-0.004367763176560402,-3.1360645294189453,-0.0003209974674973637,3135,3135,0.019359350204467773,24.883,1.13,99,4,21,0.79,895,0.011546582914888859,0.013088217005133629,0.014965882524847984,1500,1500,1452,1498,1897,1102,1897,1102
1783459515.5998,8.7001,0.01998,50.06,436,679988,0.700,GUIDED,GUIDED,128,4.3500670194625854,0.0,10.0,0.5,0.0,0.0,nan,nan,nan,nan,nan,nan,nan,nan,nan,nan,8.410797313483616,5.911459561211659,10.18438651534028,0,0,-3.1955161094665527,-5.925066947937012,-0.17019468545913696,0.0004683576407842338,0.00785622838884592,-0.00819365680217743,nan,nan,nan,-0.03129928559064865,-0.004400929436087608,-3.1360344886779785,0.0013478368055075407,3135,3135,0.019480228424072266,24.883,1.13,99,4,21,0.79,895,0.011546582914888859,0.013088217005133629,0.014965882524847984,1500,1500,1452,1498,1897,1102,1897,1102
1783459515.6198,8.7202,0.02001,49.97,437,680008,0.720,GUIDED,GUIDED,128,4.360078454017639,0.0,10.0,0.5,0.0,0.0,nan,nan,nan,nan,nan,nan,nan,nan,nan,nan,8.421188088748021,5.911513882697469,10.184872918618959,0,0,-3.1958065032958984,-5.9251604080200195,-0.17051130533218384,0.0004170041356701404,0.007878825068473816,-0.008291681297123432,nan,nan,nan,-0.031277574598789215,-0.0043899379670619965,-3.1360065937042236,0.0015774881467223167,3135,3135,0.019537925720214844,24.883,1.13,99,4,21,0.79,895,0.011546582914888859,0.013088217005133629,0.014965882524847984,1500,1500,1452,1498,1897,1102,1897,1102
1783459515.6398,8.7401,0.01998,50.05,438,680028,0.740,GUIDED,GUIDED,128,4.370073318481445,0.0,10.0,0.5,0.0,0.0,nan,nan,nan,nan,nan,nan,nan,nan,nan,nan,8.432361204204845,5.913167482895812,10.185094659692552,0,0,-3.1963696479797363,-5.925491809844971,-0.1709490418434143,6.187234248500317e-05,0.007115453481674194,-0.008166976273059845,nan,nan,nan,-0.03125779703259468,-0.004351882264018059,-3.136016607284546,-0.00031352118821814656,3135,3135,0.019503116607666016,24.883,1.13,99,4,21,0.79,895,0.011546582914888859,0.013088217005133629,0.014965882524847984,1500,1500,1452,1498,1897,1102,1897,1102
1783459515.6600,8.7602,0.02017,49.58,439,680048,0.761,GUIDED,GUIDED,128,4.380092144012451,0.0,10.0,0.5,0.0,0.0,nan,nan,nan,nan,nan,nan,nan,nan,nan,nan,8.443158954092247,5.914764026431788,10.185821199742966,0,0,-3.1966378688812256,-5.925586223602295,-0.17141133546829224,-0.00023298243468161672,0.006248198449611664,-0.00831953901797533,nan,nan,nan,-0.031255923211574554,-0.004372553899884224,-3.136028289794922,-0.0007126584532670677,3135,3135,0.019659757614135742,24.883,1.13,99,4,21,0.79,895,0.011546582914888859,0.013088217005133629,0.014965882524847984,1500,1500,1452,1498,1897,1102,1897,1102
1783459515.6799,8.7802,0.01986,50.35,440,680068,0.780,GUIDED,GUIDED,128,4.390082955360413,0.0,10.0,0.5,0.0,0.0,nan,nan,nan,nan,nan,nan,nan,nan,nan,nan,8.454215259002384,5.916419920735057,10.186799033295681,0,0,-3.19714617729187,-5.9259138107299805,-0.1721246838569641,-0.0005546734319068491,0.005481299944221973,-0.008472239598631859,nan,nan,nan,-0.031254835426807404,-0.004431243985891342,-3.1360459327697754,-0.000992019078694284,3135,3135,0.019372940063476562,24.883,1.13,99,4,21,0.79,895,0.011546582914888859,0.013088217005133629,0.014965882524847984,1500,1500,1452,1498,1897,1102,1897,1102
1783459515.7000,8.8002,0.02015,49.62,441,680088,0.801,GUIDED,GUIDED,128,4.400097012519836,0.0,10.0,0.5,0.0,0.0,nan,nan,nan,nan,nan,nan,nan,nan,nan,nan,8.465080128721812,5.917152683854531,10.187701657814017,0,0,-3.1976230144500732,-5.926224231719971,-0.17278510332107544,-0.0007705882308073342,0.0052374606020748615,-0.008612076751887798,nan,nan,nan,-0.03122902289032936,-0.0044729821383953094,-3.1360442638397217,-7.898152398411185e-05,3135,3135,0.0195920467376709,24.883,1.13,99,4,21,0.79,895,0.011638623662292957,0.01630013808608055,0.023352554067969322,1500,1500,1452,1498,1897,1102,1897,1102
1783459515.7199,8.8202,0.01992,50.20,442,680108,0.820,GUIDED,GUIDED,128,4.410086512565613,0.0,10.0,0.5,0.0,0.0,nan,nan,nan,nan,nan,nan,nan,nan,nan,nan,8.47550523004746,5.916649146657962,10.187714449368233,0,0,-3.1980345249176025,-5.926301002502441,-0.1729716658592224,-0.000784497067797929,0.005572501569986343,-0.008511750027537346,nan,nan,nan,-0.031225211918354034,-0.004485832527279854,-3.1360275745391846,0.0008013383485376835,3135,3135,0.019381999969482422,24.883,1.13,99,4,21,0.79,895,0.011638623662292957,0.01630013808608055,0.023352554067969322,1500,1500,1452,1498,1897,1102,1897,1102
1783459515.7398,8.8401,0.01988,50.31,443,680128,0.840,GUIDED,GUIDED,128,4.420065402984619,0.0,10.0,0.5,0.0,0.0,nan,nan,nan,nan,nan,nan,nan,nan,nan,nan,8.487156250730376,5.91758799105456,10.187555681243273,0,0,-3.19880747795105,-5.926548957824707,-0.17316442728042603,-0.0013036372838541865,0.005173616576939821,-0.008308794349431992,nan,nan,nan,-0.031207693740725517,-0.00446702167391777,-3.136014938354492,0.0007446767995133996,3135,3135,0.019405603408813477,24.883,1.13,99,4,21,0.79,895,0.011638623662292957,0.01630013808608055,0.023352554067969322,1500,1500,1452,1498,1897,1102,1897,1102
1783459515.7599,8.8602,0.02014,49.66,444,680148,0.860,GUIDED,GUIDED,128,4.430094122886658,0.0,10.0,0.5,0.0,0.0,nan,nan,nan,nan,nan,nan,nan,nan,nan,nan,8.497799551747844,5.918980283097646,10.18774921713902,0,0,-3.1991865634918213,-5.926624298095703,-0.1734880805015564,-0.0014396007172763348,0.0044132741168141365,-0.008233671076595783,nan,nan,nan,-0.031194299459457397,-0.004440348595380783,-3.1360232830047607,-0.00033754948526620865,3135,3135,0.019596576690673828,24.883,1.13,99,4,21,0.79,895,0.011638623662292957,0.01630013808608055,0.023352554067969322,1500,1500,1452,1498,1897,1102,1897,1102
1783459515.7799,8.8802,0.01997,50.08,445,680168,0.880,GUIDED,GUIDED,128,4.44009792804718,0.0,10.0,0.5,0.0,0.0,nan,nan,nan,nan,nan,nan,nan,nan,nan,nan,8.508773744325035,5.921287675287351,10.188023298685096,0,0,-3.1998789310455322,-5.926882266998291,-0.17393642663955688,-0.0016001155599951744,0.003230039030313492,-0.008133059367537498,nan,nan,nan,-0.031194303184747696,-0.004463838413357735,-3.136044979095459,-0.001111357007175684,3135,3135,0.01945662498474121,24.883,1.13,99,4,21,0.79,895,0.011638623662292957,0.01630013808608055,0.023352554067969322,1500,1500,1452,1498,1897,1102,1897,1102
1783459515.7999,8.9002,0.02001,49.98,446,680188,0.900,GUIDED,GUIDED,128,4.450087070465088,0.0,10.0,0.5,0.0,0.0,nan,nan,nan,nan,nan,nan,nan,nan,nan,nan,8.519900297169347,5.922961060131791,10.188379699591882,0,0,-3.2005228996276855,-5.927142143249512,-0.17434769868850708,-0.0018850043416023254,0.0024139494635164738,-0.008101379498839378,nan,nan,nan,-0.031188882887363434,-0.004528440535068512,-3.136068105697632,-0.0011709913378581405,3135,3135,0.01946735382080078,24.883,1.13,99,4,21,0.79,895,0.011638623662292957,0.01630013808608055,0.023352554067969322,1500,1500,1452,1498,1897,1102,1897,1102
1783459515.8199,8.9202,0.01995,50.12,447,680208,0.920,GUIDED,GUIDED,128,4.460094690322876,0.0,10.0,0.5,0.0,0.0,nan,nan,nan,nan,nan,nan,nan,nan,nan,nan,8.530671870058384,5.922894105359941,10.188761785630525,0,0,-3.2008490562438965,-5.927242755889893,-0.174624502658844,-0.002137766219675541,0.0025106945540755987,-0.008162164129316807,nan,nan,nan,-0.031176460906863213,-0.004574129357933998,-3.13604474067688,0.00092521240003407,3135,3135,0.019472837448120117,24.883,1.13,99,4,21,0.79,895,0.011638623662292957,0.01630013808608055,0.023352554067969322,1500,1500,1452,1498,1897,1102,1897,1102
1783459515.8406,8.9404,0.02077,48.15,448,680228,0.941,GUIDED,GUIDED,128,4.4702171087265015,0.0,10.0,0.5,0.0,0.0,nan,nan,nan,nan,nan,nan,nan,nan,nan,nan,8.541616046125274,5.923174028574679,10.18883188659043,0,0,-3.2014315128326416,-5.927483558654785,-0.17498832941055298,-0.002275926759466529,0.002488108351826668,-0.007992581464350224,nan,nan,nan,-0.03118632175028324,-0.004573976621031761,-3.136005401611328,0.002089329529553652,3135,3135,0.01997542381286621,24.883,1.13,99,4,21,0.79,895,0.011638623662292957,0.01630013808608055,0.023352554067969322,1500,1500,1452,1498,1897,1102,1897,1102
1783459515.8605,8.9604,0.01984,50.40,449,680248,0.961,GUIDED,GUIDED,128,4.480193734169006,0.0,10.0,0.5,0.0,0.0,nan,nan,nan,nan,nan,nan,nan,nan,nan,nan,8.552077991253032,5.923934714433618,10.188982277933,0,0,-3.2017343044281006,-5.9275736808776855,-0.17537015676498413,-0.002381309401243925,0.0021009582560509443,-0.007858961820602417,nan,nan,nan,-0.031183242797851562,-0.004555096849799156,-3.1359879970550537,0.0012605381198227406,3135,3135,0.01921248435974121,24.883,1.13,99,4,21,0.79,895,0.011638623662292957,0.01630013808608055,0.023352554067969322,1500,1500,1452,1498,1897,1102,1897,1102
1783459515.8803,8.9802,0.01978,50.54,450,680268,0.981,GUIDED,GUIDED,128,4.490115284919739,0.0,10.0,0.5,0.0,0.0,nan,nan,nan,nan,nan,nan,nan,nan,nan,nan,8.562990169066227,5.925580151892078,10.189419737618376,0,0,-3.2022573947906494,-5.927806854248047,-0.17593485116958618,-0.0026512418407946825,0.0012855872046202421,-0.0077855028212070465,nan,nan,nan,-0.031177878379821777,-0.004548691213130951,-3.136003017425537,-0.0008278617751784623,3135,3135,0.019151926040649414,24.883,1.13,99,4,21,0.79,895,0.011638623662292957,0.01630013808608055,0.023352554067969322,1500,1500,1452,1498,1897,1102,1897,1102
1783459515.9021,9.0004,0.02181,45.85,451,680289,0.002,GUIDED,GUIDED,128,4.500184416770935,0.0,10.0,0.5,0.0,0.0,nan,nan,nan,nan,nan,nan,nan,nan,nan,nan,8.573435529343309,5.927165649381244,10.190104303771804,0,0,-3.2027440071105957,-5.928040981292725,-0.17645806074142456,-0.002587511669844389,0.0005053731147199869,-0.007878662087023258,nan,nan,nan,-0.031161759048700333,-0.004574790596961975,-3.1360416412353516,-0.0021228038240224123,3135,3135,0.019675493240356445,24.896,1.06,99,4,21,0.79,895,0.01249596569687128,0.007613925728946924,0.012752063572406769,1500,1500,1452,1498,1897,1102,1897,1102
1783459515.9205,9.0204,0.01838,54.40,452,680308,0.021,GUIDED,GUIDED,128,4.510200500488281,0.0,10.0,0.5,0.0,0.0,nan,nan,nan,nan,nan,nan,nan,nan,nan,nan,8.583996377766859,5.927498079938487,10.190139858583917,0,0,-3.202948570251465,-5.928098201751709,-0.1764468550682068,-0.002783927135169506,0.00034648049040697515,-0.007905659265816212,nan,nan,nan,-0.0311634112149477,-0.0046178605407476425,-3.1360507011413574,-0.0007630988257005811,3135,3135,0.017765283584594727,24.896,1.06,99,4,21,0.79,895,0.01249596569687128,0.007613925728946924,0.012752063572406769,1500,1500,1452,1498,1897,1102,1897,1102
1783459515.9407,9.0404,0.02027,49.34,453,680329,0.041,GUIDED,GUIDED,128,4.52017867565155,0.0,10.0,0.5,0.0,0.0,nan,nan,nan,nan,nan,nan,nan,nan,nan,nan,8.594053975103913,5.9281211760652495,10.18969618182856,0,0,-3.203284502029419,-5.928226947784424,-0.17627960443496704,-0.00263583124615252,6.106733053456992e-05,-0.007746064569801092,nan,nan,nan,-0.031162697821855545,-0.0046486034989356995,-3.1360347270965576,0.0006147468229755759,3135,3135,0.019364595413208008,24.896,1.06,99,4,21,0.79,895,0.01249596569687128,0.007613925728946924,0.012752063572406769,1500,1500,1452,1498,1897,1102,1897,1102
1783459515.9610,9.0604,0.02031,49.25,454,680348,0.061,GUIDED,GUIDED,128,4.530197858810425,0.0,10.0,0.5,0.0,0.0,nan,nan,nan,nan,nan,nan,nan,nan,nan,nan,8.604292874437448,5.92838595336209,10.189460147312332,0,0,-3.2034671306610107,-5.928292751312256,-0.17644697427749634,-0.002657243749126792,-5.381022856454365e-05,-0.007513158954679966,nan,nan,nan,-0.031163182109594345,-0.004643227905035019,-3.136017322540283,0.0010858463356271386,3135,3135,0.01928544044494629,24.896,1.06,99,4,21,0.79,895,0.01249596569687128,0.007613925728946924,0.012752063572406769,1500,1500,1452,1498,1897,1102,1897,1102
1783459515.9809,9.0804,0.01992,50.21,455,680368,0.081,GUIDED,GUIDED,128,4.54020619392395,0.0,10.0,0.5,0.0,0.0,nan,nan,nan,nan,nan,nan,nan,nan,nan,nan,8.614406298968682,5.929154379521178,10.189360699131159,0,0,-3.2037558555603027,-5.928423881530762,-0.17661458253860474,-0.0025512217544019222,-0.0004217532114125788,-0.0073589738458395,nan,nan,nan,-0.03116474114358425,-0.004633357748389244,-3.135998249053955,0.0008627322968095541,3135,3135,0.018948078155517578,24.896,1.06,99,4,21,0.79,895,0.01249596569687128,0.007613925728946924,0.012752063572406769,1500,1500,1452,1498,1897,1102,1897,1102
1783459516.0012,9.1004,0.02026,49.35,456,680389,0.101,GUIDED,GUIDED,128,4.550188899040222,0.0,10.0,0.5,0.0,0.0,nan,nan,nan,nan,nan,nan,nan,nan,nan,nan,8.62464065350678,5.930615222105223,10.189615573127561,0,0,-3.2040202617645264,-5.928562164306641,-0.1767711043357849,-0.0025438566226512194,-0.0011853334726765752,-0.007415757514536381,nan,nan,nan,-0.031169066205620766,-0.004638902842998505,-3.1360089778900146,-0.000529852753970772,3135,3135,0.018935441970825195,24.896,1.06,99,4,21,0.79,895,0.01249596569687128,0.007613925728946924,0.012752063572406769,1500,1500,1452,1498,1897,1102,1897,1102
1783459516.0211,9.1204,0.01991,50.22,457,680408,0.121,GUIDED,GUIDED,128,4.560188174247742,0.0,10.0,0.5,0.0,0.0,nan,nan,nan,nan,nan,nan,nan,nan,nan,nan,8.63474058729643,5.931801121206478,10.189524709605015,0,0,-3.2041680812835693,-5.928652286529541,-0.17691665887832642,-0.0025166282430291176,-0.0018179805483669043,-0.007279261481016874,nan,nan,nan,-0.031163688749074936,-0.004664748907089233,-3.136019706726074,-0.0006291316822171211,3135,3135,0.01873636245727539,24.896,1.06,99,4,21,0.79,895,0.01249596569687128,0.007613925728946924,0.012752063572406769,1500,1500,1452,1498,1897,1102,1897,1102
1783459516.0410,9.1404,0.01985,50.38,458,680428,0.141,GUIDED,GUIDED,128,4.570182800292969,0.0,10.0,0.5,0.0,0.0,nan,nan,nan,nan,nan,nan,nan,nan,nan,nan,8.644788593632496,5.931666609919976,10.18940385248995,0,0,-3.2043943405151367,-5.928802013397217,-0.17705053091049194,-0.0024168165400624275,-0.0016538755735382438,-0.00713219353929162,nan,nan,nan,-0.031166991218924522,-0.004687931388616562,-3.1360068321228027,9.89819091046229e-05,3135,3135,0.01878952980041504,24.896,1.06,99,4,21,0.79,895,0.01249596569687128,0.007613925728946924,0.012752063572406769,1500,1500,1452,1498,1897,1102,1897,1102
1783459516.0608,9.1603,0.01979,50.54,459,680448,0.161,GUIDED,GUIDED,128,4.5801697969436646,0.0,10.0,0.5,0.0,0.0,nan,nan,nan,nan,nan,nan,nan,nan,nan,nan,8.65458606213497,5.931255762792772,10.189888990005395,0,0,-3.2045211791992188,-5.928886413574219,-0.17735594511032104,-0.002234162064269185,-0.0013679444091394544,-0.007235956843942404,nan,nan,nan,-0.03117148019373417,-0.004695286974310875,-3.135989189147949,0.0010120929218828678,3135,3135,0.018938302993774414,24.896,1.06,99,4,21,0.79,895,0.01249596569687128,0.007613925728946924,0.012752063572406769,1500,1500,1452,1498,1897,1102,1897,1102
1783459516.0806,9.1803,0.01985,50.37,460,680468,0.181,GUIDED,GUIDED,128,4.5901583433151245,0.0,10.0,0.5,0.0,0.0,nan,nan,nan,nan,nan,nan,nan,nan,nan,nan,8.665137600042497,5.9321532709890965,10.190324040748807,0,0,-3.204714298248291,-5.929023742675781,-0.17779725790023804,-0.0024477080442011356,-0.001806834014132619,-0.0072323414497077465,nan,nan,nan,-0.031169267371296883,-0.004658520221710205,-3.135974407196045,0.0009257067576982081,3135,3135,0.019072294235229492,24.896,1.06,99,4,21,0.79,895,0.01249596569687128,0.007613925728946924,0.012752063572406769,1500,1500,1452,1498,1897,1102,1897,1102
1783459516.1010,9.2005,0.02035,49.15,461,680488,0.201,GUIDED,GUIDED,128,4.600231647491455,0.0,10.0,0.5,0.0,0.0,nan,nan,nan,nan,nan,nan,nan,nan,nan,nan,8.675324223066685,5.933477793811983,10.190571133840269,0,0,-3.204885959625244,-5.929164409637451,-0.17819970846176147,-0.002414023969322443,-0.002490333514288068,-0.00714264577254653,nan,nan,nan,-0.03117029182612896,-0.004635335877537727,-3.1359877586364746,-0.0004811798280570656,3135,3135,0.019376754760742188,24.896,1.06,99,4,21,0.79,895,0.011896263808012009,0.012956113554537296,0.018457142636179924,1500,1500,1452,1498,1897,1102,1897,1102
1783459516.1207,9.2205,0.01978,50.56,462,680508,0.221,GUIDED,GUIDED,128,4.610235333442688,0.0,10.0,0.5,0.0,0.0,nan,nan,nan,nan,nan,nan,nan,nan,nan,nan,8.685367807295357,5.935145264386729,10.190523110008359,0,0,-3.205049514770508,-5.929309368133545,-0.17834538221359253,-0.0023426306433975697,-0.003369356272742152,-0.007030814420431852,nan,nan,nan,-0.031167270615696907,-0.004662610590457916,-3.136014699935913,-0.0012714500771835446,3135,3135,0.01904749870300293,24.896,1.06,99,4,21,0.79,895,0.011896263808012009,0.012956113554537296,0.018457142636179924,1500,1500,1452,1498,1897,1102,1897,1102
1783459516.1403,9.2403,0.01961,51.01,463,680529,0.241,GUIDED,GUIDED,128,4.620168209075928,0.0,10.0,0.5,0.0,0.0,nan,nan,nan,nan,nan,nan,nan,nan,nan,nan,8.695501930815029,5.936329418733893,10.190423688399793,0,0,-3.2053027153015137,-5.929550647735596,-0.17848056554794312,-0.0023126357700675726,-0.003913725260645151,-0.006895365193486214,nan,nan,nan,-0.031180061399936676,-0.0047095827758312225,-3.136032819747925,-0.0012105904752388597,3135,3135,0.019024372100830078,24.896,1.06,99,4,21,0.79,895,0.011896263808012009,0.012956113554537296,0.018457142636179924,1500,1500,1452,1498,1897,1102,1897,1102
1783459516.1608,9.2604,0.02043,48.96,464,680548,0.261,GUIDED,GUIDED,128,4.630182385444641,0.0,10.0,0.5,0.0,0.0,nan,nan,nan,nan,nan,nan,nan,nan,nan,nan,8.706008024666,5.9363427201274925,10.190444648796307,0,0,-3.20544695854187,-5.929710388183594,-0.17873436212539673,-0.002513365587219596,-0.0038291786331683397,-0.006760937161743641,nan,nan,nan,-0.03117678500711918,-0.0047298613935709,-3.1360373497009277,-0.0003396543033886701,3135,3135,0.019597291946411133,24.896,1.06,99,4,21,0.79,895,0.011896263808012009,0.012956113554537296,0.018457142636179924,1500,1500,1452,1498,1897,1102,1897,1102
1783459516.1805,9.2804,0.01969,50.78,465,680568,0.281,GUIDED,GUIDED,128,4.640204548835754,0.0,10.0,0.5,0.0,0.0,nan,nan,nan,nan,nan,nan,nan,nan,nan,nan,8.716146464961803,5.936955181471282,10.190055090581104,0,0,-3.205664873123169,-5.929943084716797,-0.1790732741355896,-0.0024546850472688675,-0.00404843594878912,-0.006340354681015015,nan,nan,nan,-0.03117365576326847,-0.004723642021417618,-3.136024236679077,0.0008243814809247851,3135,3135,0.019036293029785156,24.896,1.06,99,4,21,0.79,895,0.011896263808012009,0.012956113554537296,0.018457142636179924,1500,1500,1452,1498,1897,1102,1897,1102
1783459516.2006,9.3004,0.02010,49.76,466,680588,0.301,GUIDED,GUIDED,128,4.650180101394653,0.0,10.0,0.5,0.0,0.0,nan,nan,nan,nan,nan,nan,nan,nan,nan,nan,8.725817838921179,5.938239300131566,10.190149351910657,0,0,-3.2058565616607666,-5.93017578125,-0.17938286066055298,-0.002168396022170782,-0.0046554747968912125,-0.00621603662148118,nan,nan,nan,-0.031170187518000603,-0.004707640036940575,-3.1360044479370117,0.0006960122263990343,3135,3135,0.0194242000579834,24.896,1.06,99,4,21,0.79,895,0.011896263808012009,0.012956113554537296,0.018457142636179924,1500,1500,1452,1498,1897,1102,1897,1102
1783459516.2203,9.3204,0.01979,50.54,467,680608,0.321,GUIDED,GUIDED,128,4.66020941734314,0.0,10.0,0.5,0.0,0.0,nan,nan,nan,nan,nan,nan,nan,nan,nan,nan,8.736119574891408,5.939990747465751,10.190134020895753,0,0,-3.2059662342071533,-5.930349826812744,-0.1795855164527893,-0.002262358320876956,-0.005566188134253025,-0.00609018187969923,nan,nan,nan,-0.031175415962934494,-0.00470917671918869,-3.136014223098755,-0.00027824152493849397,3135,3135,0.019234895706176758,24.896,1.06,99,4,21,0.79,895,0.011896263808012009,0.012956113554537296,0.018457142636179924,1500,1500,1452,1498,1897,1102,1897,1102
1783459516.2410,9.3405,0.02066,48.40,468,680629,0.341,GUIDED,GUIDED,128,4.670243740081787,0.0,10.0,0.5,0.0,0.0,nan,nan,nan,nan,nan,nan,nan,nan,nan,nan,8.746505143308356,5.941153056331038,10.19016824124581,0,0,-3.2061266899108887,-5.930603504180908,-0.1798505187034607,-0.002372510964050889,-0.006090786773711443,-0.00595693988725543,nan,nan,nan,-0.031176719814538956,-0.004755450412631035,-3.136033773422241,-0.0010687427129596472,3135,3135,0.019623517990112305,24.896,1.06,99,4,21,0.79,895,0.011896263808012009,0.012956113554537296,0.018457142636179924,1500,1500,1452,1498,1897,1102,1897,1102
1783459516.2607,9.3605,0.01973,50.68,469,680648,0.361,GUIDED,GUIDED,128,4.68023419380188,0.0,10.0,0.5,0.0,0.0,nan,nan,nan,nan,nan,nan,nan,nan,nan,nan,8.756315887694464,5.941346555404467,10.190472870100292,0,0,-3.2062220573425293,-5.930794715881348,-0.18003374338150024,-0.0022136953193694353,-0.006092107389122248,-0.006027032621204853,nan,nan,nan,-0.031185902655124664,-0.004797047004103661,-3.136040687561035,-0.000580678170081228,3135,3135,0.018968820571899414,24.896,1.06,99,4,21,0.79,895,0.011896263808012009,0.012956113554537296,0.018457142636179924,1500,1500,1452,1498,1897,1102,1897,1102
1783459516.2804,9.3803,0.01964,50.91,470,680668,0.381,GUIDED,GUIDED,128,4.6901668310165405,0.0,10.0,0.5,0.0,0.0,nan,nan,nan,nan,nan,nan,nan,nan,nan,nan,8.766126960666966,5.941529924282442,10.190829965046515,0,0,-3.2063536643981934,-5.931048393249512,-0.18026679754257202,-0.002067526802420616,-0.0060515147633850574,-0.006098647601902485,nan,nan,nan,-0.031181776896119118,-0.004786858335137367,-3.136014461517334,0.0012121080653741956,3135,3135,0.019023656845092773,24.896,1.06,99,4,21,0.79,895,0.011896263808012009,0.012956113554537296,0.018457142636179924,1500,1500,1452,1498,1897,1102,1897,1102
1783459516.3004,9.4004,0.01998,50.06,471,680688,0.401,GUIDED,GUIDED,128,4.700203776359558,0.0,10.0,0.5,0.0,0.0,nan,nan,nan,nan,nan,nan,nan,nan,nan,nan,8.776873599663235,5.942030998799355,10.19075053849612,0,0,-3.206465244293213,-5.931289196014404,-0.1804789900779724,-0.0024128479417413473,-0.00620178272947669,-0.0059302812442183495,nan,nan,nan,-0.03117741458117962,-0.004729868844151497,-3.1359784603118896,0.002064008731395006,3135,3135,0.019399404525756836,24.896,1.06,99,4,21,0.79,895,0.011820710264146328,0.00014495434879790992,0.013821697793900967,1500,1500,1452,1498,1897,1102,1897,1102
1783459516.3207,9.4205,0.02033,49.18,472,680708,0.421,GUIDED,GUIDED,128,4.710237741470337,0.0,10.0,0.5,0.0,0.0,nan,nan,nan,nan,nan,nan,nan,nan,nan,nan,8.787701369508248,5.944108384423247,10.190429379074896,0,0,-3.2067086696624756,-5.931497097015381,-0.18025094270706177,-0.002730609616264701,-0.00728113017976284,-0.0058765229769051075,nan,nan,nan,-0.031194230541586876,-0.00473637692630291,-3.135990858078003,-0.0004357497673481703,3135,3135,0.01958489418029785,24.896,1.06,99,4,21,0.79,895,0.011820710264146328,0.00014495434879790992,0.013821697793900967,1500,1500,1452,1498,1897,1102,1897,1102
1783459516.3407,9.4404,0.02003,49.93,473,680729,0.441,GUIDED,GUIDED,128,4.720183491706848,0.0,10.0,0.5,0.0,0.0,nan,nan,nan,nan,nan,nan,nan,nan,nan,nan,8.798083035119044,5.946203731524007,10.189223811408878,0,0,-3.207122325897217,-5.931800842285156,-0.17970901727676392,-0.00274346093647182,-0.008315511979162693,-0.005493368953466415,nan,nan,nan,-0.031225988641381264,-0.0047948770225048065,-3.136014699935913,-0.001402161899022758,3135,3135,0.01917576789855957,24.896,1.06,99,4,21,0.79,895,0.011820710264146328,0.00014495434879790992,0.013821697793900967,1500,1500,1452,1498,1897,1102,1897,1102
1783459516.3611,9.4604,0.02034,49.17,474,680748,0.461,GUIDED,GUIDED,128,4.7301870584487915,0.0,10.0,0.5,0.0,0.0,nan,nan,nan,nan,nan,nan,nan,nan,nan,nan,8.807300239094218,5.94636809630579,10.189273912955022,0,0,-3.2073378562927246,-5.932037830352783,-0.17953866720199585,-0.0021650176495313644,-0.00827358290553093,-0.005620646756142378,nan,nan,nan,-0.0312288049608469,-0.004848608747124672,-3.1360182762145996,-0.000503475486766547,3135,3135,0.019182443618774414,24.896,1.06,99,4,21,0.79,895,0.011820710264146328,0.00014495434879790992,0.013821697793900967,1500,1500,1452,1498,1897,1102,1897,1102
1783459516.3807,9.4804,0.01962,50.98,475,680768,0.481,GUIDED,GUIDED,128,4.740177631378174,0.0,10.0,0.5,0.0,0.0,nan,nan,nan,nan,nan,nan,nan,nan,nan,nan,8.817775082983442,5.945904335630936,10.188396215746128,0,0,-3.207686185836792,-5.932338237762451,-0.17911618947982788,-0.002243503462523222,-0.007832390256226063,-0.005357825662940741,nan,nan,nan,-0.031217560172080994,-0.004856927320361137,-3.136009693145752,0.0001699085405562073,3135,3135,0.01874566078186035,24.896,1.06,99,4,21,0.79,895,0.011820710264146328,0.00014495434879790992,0.013821697793900967,1500,1500,1452,1498,1897,1102,1897,1102
1783459516.4020,9.5003,0.02133,46.88,476,680789,0.502,GUIDED,GUIDED,128,4.750172972679138,0.0,10.0,0.5,0.0,0.0,nan,nan,nan,nan,nan,nan,nan,nan,nan,nan,8.82848994269713,5.9469915730711795,10.187476979813276,0,0,-3.2080070972442627,-5.932625770568848,-0.17872244119644165,-0.0024736393243074417,-0.008294099941849709,-0.0050544352270662785,nan,nan,nan,-0.031193995848298073,-0.004826409742236137,-3.1359803676605225,0.0016262908466160297,3135,3135,0.019132614135742188,24.885,1.03,99,4,21,0.79,895,0.011820710264146328,0.00014495434879790992,0.013821697793900967,1500,1500,1452,1498,1897,1102,1897,1102
1783459516.4207,9.5203,0.01871,53.46,477,680808,0.521,GUIDED,GUIDED,128,4.760173916816711,0.0,10.0,0.5,0.0,0.0,nan,nan,nan,nan,nan,nan,nan,nan,nan,nan,8.839478569259482,5.948883326784698,10.187581302373927,0,0,-3.208186626434326,-5.932864189147949,-0.1785905957221985,-0.002940226811915636,-0.009248653426766396,-0.0051907869055867195,nan,nan,nan,-0.03119828924536705,-0.0047691576182842255,-3.135965347290039,0.0008180183940567076,3135,3135,0.01780986785888672,24.885,1.03,99,4,21,0.79,895,0.011820710264146328,0.00014495434879790992,0.013821697793900967,1500,1500,1452,1498,1897,1102,1897,1102
1783459516.4409,9.5405,0.02020,49.51,478,680829,0.541,GUIDED,GUIDED,128,4.770229816436768,0.0,10.0,0.5,0.0,0.0,nan,nan,nan,nan,nan,nan,nan,nan,nan,nan,8.849361114522898,5.950909980240991,10.186834380982344,0,0,-3.2084763050079346,-5.93317985534668,-0.1782417893409729,-0.002672894624993205,-0.01023649238049984,-0.0049609350971877575,nan,nan,nan,-0.031181195750832558,-0.004783987998962402,-3.1359944343566895,-0.001221751095727086,3135,3135,0.019272565841674805,24.885,1.03,99,4,21,0.79,895,0.011820710264146328,0.00014495434879790992,0.013821697793900967,1500,1500,1452,1498,1897,1102,1897,1102
1783459516.4605,9.5603,0.01958,51.08,479,680848,0.561,GUIDED,GUIDED,128,4.780174255371094,0.0,10.0,0.5,0.0,0.0,nan,nan,nan,nan,nan,nan,nan,nan,nan,nan,8.859110201708358,5.952654227502928,10.186474503267663,0,0,-3.208632230758667,-5.93345308303833,-0.17812186479568481,-0.0024700844660401344,-0.011085785925388336,-0.004822398070245981,nan,nan,nan,-0.03118784725666046,-0.004874896258115768,-3.136047601699829,-0.0029493742622435093,3135,3135,0.018917322158813477,24.885,1.03,99,4,21,0.79,895,0.011820710264146328,0.00014495434879790992,0.013821697793900967,1500,1500,1452,1498,1897,1102,1897,1102
1783459516.4807,9.5803,0.02019,49.53,480,680868,0.581,GUIDED,GUIDED,128,4.790174722671509,0.0,10.0,0.5,0.0,0.0,nan,nan,nan,nan,nan,nan,nan,nan,nan,nan,8.869786727306703,5.952931026013831,10.185882368305839,0,0,-3.208879232406616,-5.933789253234863,-0.17780131101608276,-0.0027178004384040833,-0.011051507666707039,-0.004665600601583719,nan,nan,nan,-0.031158089637756348,-0.0049393679946660995,-3.136068344116211,-0.001481342944316566,3135,3135,0.019358396530151367,24.885,1.03,99,4,21,0.79,895,0.011820710264146328,0.00014495434879790992,0.013821697793900967,1500,1500,1452,1498,1897,1102,1897,1102
1783459516.5010,9.6004,0.02035,49.15,481,680888,0.601,GUIDED,GUIDED,128,4.800222277641296,0.0,10.0,0.5,0.0,0.0,nan,nan,nan,nan,nan,nan,nan,nan,nan,nan,8.880639341877723,5.95278282340195,10.185530308598443,0,0,-3.2091119289398193,-5.934114456176758,-0.17750698328018188,-0.0030482544098049402,-0.010778186842799187,-0.004632269032299519,nan,nan,nan,-0.031155774369835854,-0.004928356036543846,-3.1360437870025635,0.0012809560867026448,3135,3135,0.019297122955322266,24.885,1.03,99,4,21,0.79,895,0.011901549063622952,0.0002425120328553021,0.01904531754553318,1500,1500,1452,1498,1897,1102,1897,1102
1783459516.5203,9.6203,0.01931,51.79,482,680908,0.621,GUIDED,GUIDED,128,4.8101595640182495,0.0,10.0,0.5,0.0,0.0,nan,nan,nan,nan,nan,nan,nan,nan,nan,nan,8.890783383607848,5.9538556014873185,10.184680549153166,0,0,-3.2095818519592285,-5.934670925140381,-0.1768304705619812,-0.002896314486861229,-0.011076278053224087,-0.004532244987785816,nan,nan,nan,-0.031193014234304428,-0.0049313753843307495,-3.136000156402588,0.0021745627745985985,3135,3135,0.018700599670410156,24.885,1.03,99,4,21,0.79,895,0.011901549063622952,0.0002425120328553021,0.01904531754553318,1500,1500,1452,1498,1897,1102,1897,1102
1783459516.5403,9.6404,0.01995,50.11,483,680928,0.641,GUIDED,GUIDED,128,4.820176839828491,0.0,10.0,0.5,0.0,0.0,nan,nan,nan,nan,nan,nan,nan,nan,nan,nan,8.902259730681887,5.957552780259362,10.182591599291396,0,0,-3.210416793823242,-5.935561656951904,-0.17547088861465454,-0.003256655763834715,-0.012696580961346626,-0.004111144226044416,nan,nan,nan,-0.031175244599580765,-0.00490562804043293,-3.13598895072937,0.0009345734724774957,3135,3135,0.019406557083129883,24.885,1.03,99,4,21,0.79,895,0.011901549063622952,0.0002425120328553021,0.01904531754553318,1500,1500,1452,1498,1897,1102,1897,1102
1783459516.5604,9.6604,0.02015,49.62,484,680948,0.661,GUIDED,GUIDED,128,4.830177068710327,0.0,10.0,0.5,0.0,0.0,nan,nan,nan,nan,nan,nan,nan,nan,nan,nan,8.912918521187065,5.96017083103246,10.181195886986217,0,0,-3.210845470428467,-5.936142921447754,-0.174801766872406,-0.0033893799409270287,-0.013872520066797733,-0.003691646968945861,nan,nan,nan,-0.031156914308667183,-0.004930885508656502,-3.136017084121704,-0.00164670473895967,3135,3135,0.019551515579223633,24.885,1.03,99,4,21,0.79,895,0.011901549063622952,0.0002425120328553021,0.01904531754553318,1500,1500,1452,1498,1897,1102,1897,1102
1783459516.5805,9.6804,0.02005,49.88,485,680968,0.681,GUIDED,GUIDED,128,4.840203881263733,0.0,10.0,0.5,0.0,0.0,nan,nan,nan,nan,nan,nan,nan,nan,nan,nan,8.92453370000059,5.9628013771094395,10.17940785836879,0,0,-3.211597204208374,-5.9370317459106445,-0.17346245050430298,-0.0038724099285900593,-0.014878103509545326,-0.0034325828310102224,nan,nan,nan,-0.031155690550804138,-0.005013147369027138,-3.136045217514038,-0.0018603914650157094,3135,3135,0.0194089412689209,24.885,1.03,99,4,21,0.79,895,0.011901549063622952,0.0002425120328553021,0.01904531754553318,1500,1500,1452,1498,1897,1102,1897,1102
1783459516.6005,9.7004,0.01997,50.08,486,680989,0.701,GUIDED,GUIDED,128,4.8502113819122314,0.0,10.0,0.5,0.0,0.0,nan,nan,nan,nan,nan,nan,nan,nan,nan,nan,8.935567013568006,5.964802729250041,10.177575012920316,0,0,-3.2122983932495117,-5.937901496887207,-0.17222601175308228,-0.004059831611812115,-0.015531433746218681,-0.003088247263804078,nan,nan,nan,-0.031167320907115936,-0.005062222480773926,-3.1360228061676025,0.00110478640999645,3135,3135,0.01933908462524414,24.885,1.03,99,4,21,0.79,895,0.011901549063622952,0.0002425120328553021,0.01904531754553318,1500,1500,1452,1498,1897,1102,1897,1102
1783459516.6204,9.7204,0.01989,50.27,487,681008,0.721,GUIDED,GUIDED,128,4.860200047492981,0.0,10.0,0.5,0.0,0.0,nan,nan,nan,nan,nan,nan,nan,nan,nan,nan,8.946009699977608,5.964363659469506,10.176286474046645,0,0,-3.2126729488372803,-5.938474178314209,-0.17167168855667114,-0.00410571089014411,-0.014947298914194107,-0.002664347644895315,nan,nan,nan,-0.031160868704319,-0.005077015608549118,-3.1359822750091553,0.0021676078904420137,3135,3135,0.019288063049316406,24.885,1.03,99,4,21,0.79,895,0.011901549063622952,0.0002425120328553021,0.01904531754553318,1500,1500,1452,1498,1897,1102,1897,1102
1783459516.6407,9.7404,0.02038,49.08,488,681029,0.741,GUIDED,GUIDED,128,4.870179891586304,0.0,10.0,0.5,0.0,0.0,nan,nan,nan,nan,nan,nan,nan,nan,nan,nan,8.957692058892954,5.965207764407369,10.17488228985701,0,0,-3.2133049964904785,-5.93928337097168,-0.17056912183761597,-0.0047237453982234,-0.01496745552867651,-0.0024902087170630693,nan,nan,nan,-0.03116004727780819,-0.005057394504547119,-3.1359477043151855,0.0018827629974111915,3135,3135,0.019462108612060547,24.885,1.03,99,4,21,0.79,895,0.011901549063622952,0.0002425120328553021,0.01904531754553318,1500,1500,1452,1498,1897,1102,1897,1102
1783459516.6605,9.7603,0.01976,50.62,489,681048,0.761,GUIDED,GUIDED,128,4.880161762237549,0.0,10.0,0.5,0.0,0.0,nan,nan,nan,nan,nan,nan,nan,nan,nan,nan,8.967773295986818,5.967693837097845,10.173956913086595,0,0,-3.213655710220337,-5.939846038818359,-0.16995972394943237,-0.004578629974275827,-0.016077933833003044,-0.002307778224349022,nan,nan,nan,-0.031141716986894608,-0.004982201382517815,-3.135939359664917,0.000776670640334487,3135,3135,0.01911020278930664,24.885,1.03,99,4,21,0.79,895,0.011901549063622952,0.0002425120328553021,0.01904531754553318,1500,1500,1452,1498,1897,1102,1897,1102
1783459516.6807,9.7804,0.02023,49.42,490,681068,0.781,GUIDED,GUIDED,128,4.890180587768555,0.0,10.0,0.5,0.0,0.0,nan,nan,nan,nan,nan,nan,nan,nan,nan,nan,8.979234547055263,5.97085366580815,10.171938185973225,0,0,-3.214232921600342,-5.94064998626709,-0.16876035928726196,-0.005078161600977182,-0.017438102513551712,-0.0018347190925851464,nan,nan,nan,-0.03113390877842903,-0.004966568201780319,-3.1359715461730957,-0.001506005646660924,3135,3135,0.01938486099243164,24.885,1.03,99,4,21,0.79,895,0.011901549063622952,0.0002425120328553021,0.01904531754553318,1500,1500,1452,1498,1897,1102,1897,1102
1783459516.7008,9.8004,0.02007,49.83,491,681089,0.801,GUIDED,GUIDED,128,4.900194525718689,0.0,10.0,0.5,0.0,0.0,nan,nan,nan,nan,nan,nan,nan,nan,nan,nan,8.989739608833364,5.973351989417071,10.170375229811073,0,0,-3.2147762775421143,-5.94144868850708,-0.1676526665687561,-0.005048005376011133,-0.018419379368424416,-0.0015718726208433509,nan,nan,nan,-0.03113449178636074,-0.005051327869296074,-3.135991334915161,-0.001198092824779451,3135,3135,0.0192263126373291,24.885,1.03,99,4,21,0.79,895,0.012718756683170795,0.006574345752596855,0.036454226821660995,1500,1500,1452,1498,1897,1102,1897,1102
1783459516.7205,9.8204,0.01967,50.85,492,681108,0.821,GUIDED,GUIDED,128,4.910215258598328,0.0,10.0,0.5,0.0,0.0,nan,nan,nan,nan,nan,nan,nan,nan,nan,nan,9.000996263971023,5.97441244805751,10.16896351385761,0,0,-3.215257406234741,-5.941986083984375,-0.16649585962295532,-0.005483785644173622,-0.01872137002646923,-0.0014247008366510272,nan,nan,nan,-0.031117314472794533,-0.005104547366499901,-3.135984420776367,0.0002835087070707232,3135,3135,0.019026517868041992,24.885,1.03,99,4,21,0.79,895,0.012718756683170795,0.006574345752596855,0.036454226821660995,1500,1500,1452,1498,1897,1102,1897,1102
1783459516.7407,9.8404,0.02028,49.31,493,681128,0.841,GUIDED,GUIDED,128,4.9201812744140625,0.0,10.0,0.5,0.0,0.0,nan,nan,nan,nan,nan,nan,nan,nan,nan,nan,9.011272331524683,5.974828099577701,10.165887076931194,0,0,-3.216066598892212,-5.9426751136779785,-0.16428297758102417,-0.005195606499910355,-0.018563535064458847,-0.0009261271916329861,nan,nan,nan,-0.031106404960155487,-0.005087060853838921,-3.135953187942505,0.0016690201591700315,3135,3135,0.019396305084228516,24.885,1.03,99,4,21,0.79,895,0.012718756683170795,0.006574345752596855,0.036454226821660995,1500,1500,1452,1498,1897,1102,1897,1102
1783459516.7607,9.8604,0.01992,50.20,494,681148,0.861,GUIDED,GUIDED,128,4.930190205574036,0.0,10.0,0.5,0.0,0.0,nan,nan,nan,nan,nan,nan,nan,nan,nan,nan,9.022477472404553,5.975482239942754,10.164012167169304,0,0,-3.2165048122406006,-5.943196773529053,-0.16313403844833374,-0.005633235909044743,-0.018640022724866867,-0.0005069878534413874,nan,nan,nan,-0.031083969399333,-0.005086258053779602,-3.135918140411377,0.0019258478423580527,3135,3135,0.019169330596923828,24.885,1.03,99,4,21,0.79,895,0.012718756683170795,0.006574345752596855,0.036454226821660995,1500,1500,1452,1498,1897,1102,1897,1102
1783459516.7810,9.8804,0.02031,49.23,495,681169,0.881,GUIDED,GUIDED,128,4.940195322036743,0.0,10.0,0.5,0.0,0.0,nan,nan,nan,nan,nan,nan,nan,nan,nan,nan,9.033806493484738,5.9784976885282015,10.16139639228048,0,0,-3.2172396183013916,-5.94387674331665,-0.1609540581703186,-0.0059733521193265915,-0.0199884120374918,-0.0002553817175794393,nan,nan,nan,-0.031078288331627846,-0.005077872425317764,-3.1359150409698486,0.0004668031178880483,3135,3135,0.019281387329101562,24.885,1.03,99,4,21,0.79,895,0.012718756683170795,0.006574345752596855,0.036454226821660995,1500,1500,1452,1498,1897,1102,1897,1102
1783459516.8005,9.9003,0.01957,51.09,496,681188,0.901,GUIDED,GUIDED,128,4.9501683712005615,0.0,10.0,0.5,0.0,0.0,nan,nan,nan,nan,nan,nan,nan,nan,nan,nan,9.045715645581984,5.980030734270961,10.158539544609086,0,0,-3.2179346084594727,-5.9445600509643555,-0.158940851688385,-0.006689908914268017,-0.020479008555412292,0.00023169475025497377,nan,nan,nan,-0.031080039218068123,-0.005073573440313339,-3.1359386444091797,-0.0012332788901403546,3135,3135,0.01880645751953125,24.885,1.03,99,4,21,0.79,895,0.012718756683170795,0.006574345752596855,0.036454226821660995,1500,1500,1452,1498,1897,1102,1897,1102
1783459516.8201,9.9201,0.01959,51.05,497,681208,0.920,GUIDED,GUIDED,128,4.960042834281921,0.0,10.0,0.5,0.0,0.0,nan,nan,nan,nan,nan,nan,nan,nan,nan,nan,9.055610346567544,5.981196592870468,10.157025519174503,0,0,-3.218332529067993,-5.9451093673706055,-0.15798765420913696,-0.006471853703260422,-0.020834969356656075,0.0005554889212362468,nan,nan,nan,-0.031093334779143333,-0.005108293145895004,-3.1359527111053467,-0.00086238794028759,3135,3135,0.018930673599243164,24.885,1.03,99,4,21,0.79,895,0.012718756683170795,0.006574345752596855,0.036454226821660995,1500,1500,1452,1498,1897,1102,1897,1102
1783459516.8402,9.9403,0.02011,49.74,498,681228,0.940,GUIDED,GUIDED,128,4.970152139663696,0.0,10.0,0.5,0.0,0.0,nan,nan,nan,nan,nan,nan,nan,nan,nan,nan,9.067233844390502,5.982731800164571,10.154505033698214,0,0,-3.218967914581299,-5.9457926750183105,-0.1561945080757141,-0.006979233119636774,-0.021326813846826553,0.0009754184866324067,nan,nan,nan,-0.031102478504180908,-0.0051557403057813644,-3.1359760761260986,-0.0010576607892289758,3135,3135,0.019555330276489258,24.885,1.03,99,4,21,0.79,895,0.012718756683170795,0.006574345752596855,0.036454226821660995,1500,1500,1452,1498,1897,1102,1897,1102
1783459516.8605,9.9604,0.02029,49.29,499,681248,0.961,GUIDED,GUIDED,128,4.980177044868469,0.0,10.0,0.5,0.0,0.0,nan,nan,nan,nan,nan,nan,nan,nan,nan,nan,9.077177402049227,5.983663815144418,10.153422362620441,0,0,-3.2193410396575928,-5.946351051330566,-0.15532523393630981,-0.006716843228787184,-0.021542534232139587,0.0010986232664436102,nan,nan,nan,-0.031088316813111305,-0.005146751180291176,-3.135969638824463,0.0002826356212608516,3135,3135,0.019608020782470703,24.885,1.03,99,4,21,0.79,895,0.012718756683170795,0.006574345752596855,0.036454226821660995,1500,1500,1452,1498,1897,1102,1897,1102
1783459516.8808,9.9805,0.02027,49.33,500,681268,0.981,GUIDED,GUIDED,128,4.990231394767761,0.0,10.0,0.5,0.0,0.0,nan,nan,nan,nan,nan,nan,nan,nan,nan,nan,9.088551100720487,5.985272006617248,10.150944690832894,0,0,-3.219921112060547,-5.947023868560791,-0.15370267629623413,-0.007143664639443159,-0.022082572802901268,0.001592323649674654,nan,nan,nan,-0.031084338203072548,-0.00513666495680809,-3.135924816131592,0.0022247156593948603,3135,3135,0.019424915313720703,24.885,1.03,99,4,21,0.79,895,0.012718756683170795,0.006574345752596855,0.036454226821660995,1500,1500,1452,1498,1897,1102,1897,1102
1783459516.9018,10.0004,0.02097,47.68,501,681289,0.002,GUIDED,GUIDED,128,5.000217080116272,0.0,10.0,0.5,0.0,0.0,nan,nan,nan,nan,nan,nan,nan,nan,nan,nan,9.099554177172854,5.986814250777074,10.14884620840116,0,0,-3.220465898513794,-5.947697162628174,-0.15219956636428833,-0.007416523061692715,-0.022584261372685432,0.001936062122695148,nan,nan,nan,-0.031099671497941017,-0.005141669884324074,-3.1359221935272217,0.0004688339540734887,3135,3135,0.01911759376525879,24.896,1.02,99,4,21,0.79,895,0.012557514943182468,0.0006385818705894053,0.026961902156472206,1500,1500,1452,1498,1897,1102,1897,1102
1783459516.9203,10.0203,0.01849,54.08,502,681308,0.021,GUIDED,GUIDED,128,5.0101460218429565,0.0,10.0,0.5,0.0,0.0,nan,nan,nan,nan,nan,nan,nan,nan,nan,nan,9.109287864879338,5.989107092439778,10.147493174912658,0,0,-3.220741033554077,-5.948235511779785,-0.15110844373703003,-0.0071449438109993935,-0.023597218096256256,0.002087276428937912,nan,nan,nan,-0.031085578724741936,-0.0051458049565553665,-3.135960578918457,-0.00197241292335093,3135,3135,0.017882585525512695,24.896,1.02,99,4,21,0.79,895,0.012557514943182468,0.0006385818705894053,0.026961902156472206,1500,1500,1452,1498,1897,1102,1897,1102
1783459516.9403,10.0403,0.02000,50.00,503,681328,0.041,GUIDED,GUIDED,128,5.020169138908386,0.0,10.0,0.5,0.0,0.0,nan,nan,nan,nan,nan,nan,nan,nan,nan,nan,9.119396198628094,5.990756557541298,10.144418270498086,0,0,-3.2211215496063232,-5.948873996734619,-0.14908379316329956,-0.006974452640861273,-0.024180907756090164,0.0026936407666653395,nan,nan,nan,-0.03108849562704563,-0.005153395235538483,-3.135982036590576,-0.0013441715855151415,3135,3135,0.019440889358520508,24.896,1.02,99,4,21,0.79,895,0.012557514943182468,0.0006385818705894053,0.026961902156472206,1500,1500,1452,1498,1897,1102,1897,1102
1783459516.9607,10.0605,0.02049,48.80,504,681348,0.061,GUIDED,GUIDED,128,5.030228614807129,0.0,10.0,0.5,0.0,0.0,nan,nan,nan,nan,nan,nan,nan,nan,nan,nan,9.130377585174372,5.991737905591346,10.143086657233395,0,0,-3.2213757038116455,-5.94943380355835,-0.14808696508407593,-0.007359982002526522,-0.02442428469657898,0.0028869290836155415,nan,nan,nan,-0.031083788722753525,-0.005181342363357544,-3.135977029800415,7.161006942624226e-05,3135,3135,0.019683361053466797,24.896,1.02,99,4,21,0.79,895,0.012557514943182468,0.0006385818705894053,0.026961902156472206,1500,1500,1452,1498,1897,1102,1897,1102
1783459516.9805,10.0803,0.01971,50.74,505,681368,0.081,GUIDED,GUIDED,128,5.040171146392822,0.0,10.0,0.5,0.0,0.0,nan,nan,nan,nan,nan,nan,nan,nan,nan,nan,9.140463504273812,5.993905647595409,10.14035542317557,0,0,-3.221721887588501,-5.950083255767822,-0.14625388383865356,-0.007242897525429726,-0.025300869718194008,0.003405477851629257,nan,nan,nan,-0.03111191838979721,-0.005214046686887741,-3.1359312534332275,0.002013531280681491,3135,3135,0.018972396850585938,24.896,1.02,99,4,21,0.79,895,0.012557514943182468,0.0006385818705894053,0.026961902156472206,1500,1500,1452,1498,1897,1102,1897,1102
1783459517.0008,10.1004,0.02032,49.22,506,681389,0.101,GUIDED,GUIDED,128,5.050185441970825,0.0,10.0,0.5,0.0,0.0,nan,nan,nan,nan,nan,nan,nan,nan,nan,nan,9.150948390511475,5.995176323875362,10.138018099322647,0,0,-3.2220470905303955,-5.950734615325928,-0.14455443620681763,-0.007326837163418531,-0.02565843239426613,0.0037737558595836163,nan,nan,nan,-0.031128883361816406,-0.005215048789978027,-3.1359291076660156,0.0004214300715830177,3135,3135,0.019440174102783203,24.896,1.02,99,4,21,0.79,895,0.012557514943182468,0.0006385818705894053,0.026961902156472206,1500,1500,1452,1498,1897,1102,1897,1102
1783459517.0211,10.1204,0.02031,49.24,507,681408,0.121,GUIDED,GUIDED,128,5.0601948499679565,0.0,10.0,0.5,0.0,0.0,nan,nan,nan,nan,nan,nan,nan,nan,nan,nan,9.1609298479432,5.99589120954427,10.136951313862562,0,0,-3.2222673892974854,-5.951304912567139,-0.14371639490127563,-0.007183510344475508,-0.025741910561919212,0.0039058213587850332,nan,nan,nan,-0.03112463466823101,-0.005226088687777519,-3.135979175567627,-0.00257633114233613,3135,3135,0.019128799438476562,24.896,1.02,99,4,21,0.79,895,0.012557514943182468,0.0006385818705894053,0.026961902156472206,1500,1500,1452,1498,1897,1102,1897,1102
1783459517.0404,10.1403,0.01927,51.89,508,681429,0.141,GUIDED,GUIDED,128,5.070150375366211,0.0,10.0,0.5,0.0,0.0,nan,nan,nan,nan,nan,nan,nan,nan,nan,nan,9.171052356300423,5.998002587371105,10.13474242632291,0,0,-3.222557783126831,-5.951958656311035,-0.14219528436660767,-0.007112259045243263,-0.02658347599208355,0.0043029095977544785,nan,nan,nan,-0.03110584430396557,-0.005253104493021965,-3.1360299587249756,-0.002752087777480483,3135,3135,0.018640518188476562,24.896,1.02,99,4,21,0.79,895,0.012557514943182468,0.0006385818705894053,0.026961902156472206,1500,1500,1452,1498,1897,1102,1897,1102
1783459517.0604,10.1604,0.02007,49.82,509,681448,0.161,GUIDED,GUIDED,128,5.080205202102661,0.0,10.0,0.5,0.0,0.0,nan,nan,nan,nan,nan,nan,nan,nan,nan,nan,9.181786059013223,5.9989343117841925,10.133606495362054,0,0,-3.222769021987915,-5.9525556564331055,-0.14150243997573853,-0.0073822494596242905,-0.02677672915160656,0.004558725748211145,nan,nan,nan,-0.031116239726543427,-0.00523432157933712,-3.1360185146331787,0.00027025913004763424,3135,3135,0.019432544708251953,24.896,1.02,99,4,21,0.79,895,0.012557514943182468,0.0006385818705894053,0.026961902156472206,1500,1500,1452,1498,1897,1102,1897,1102
1783459517.0808,10.1804,0.02033,49.18,510,681468,0.181,GUIDED,GUIDED,128,5.090208053588867,0.0,10.0,0.5,0.0,0.0,nan,nan,nan,nan,nan,nan,nan,nan,nan,nan,9.19166262177748,6.000489575456899,10.131810805927383,0,0,-3.2230329513549805,-5.95321798324585,-0.14027267694473267,-0.0071569569408893585,-0.027292266488075256,0.004885463509708643,nan,nan,nan,-0.03112025000154972,-0.005226202309131622,-3.1359493732452393,0.0033545081969350576,3135,3135,0.019389867782592773,24.896,1.02,99,4,21,0.79,895,0.012557514943182468,0.0006385818705894053,0.026961902156472206,1500,1500,1452,1498,1897,1102,1897,1102
1783459517.1010,10.2005,0.02022,49.46,511,681489,0.201,GUIDED,GUIDED,128,5.100232005119324,0.0,10.0,0.5,0.0,0.0,nan,nan,nan,nan,nan,nan,nan,nan,nan,nan,9.202269400758851,6.001872867174448,10.13012590731359,0,0,-3.223273515701294,-5.953860759735107,-0.13913065195083618,-0.007354562636464834,-0.027719803154468536,0.005198891740292311,nan,nan,nan,-0.031127288937568665,-0.005254942923784256,-3.135894536972046,0.0031692676711827517,3135,3135,0.019182920455932617,24.896,1.02,99,4,21,0.79,895,0.012459089048206806,0.004155447706580162,0.020427603274583817,1500,1500,1452,1498,1897,1102,1897,1102
1783459517.1202,10.2201,0.01924,51.96,512,681508,0.220,GUIDED,GUIDED,128,5.1100581884384155,0.0,10.0,0.5,0.0,0.0,nan,nan,nan,nan,nan,nan,nan,nan,nan,nan,9.212203910379277,6.003214326418938,10.128384764642009,0,0,-3.223615884780884,-5.954360485076904,-0.1380879282951355,-0.007219437975436449,-0.02820577844977379,0.005602124147117138,nan,nan,nan,-0.03111235238611698,-0.005252579227089882,-3.135920286178589,-0.001021706499159336,3135,3135,0.018566131591796875,24.896,1.02,99,4,21,0.79,895,0.012459089048206806,0.004155447706580162,0.020427603274583817,1500,1500,1452,1498,1897,1102,1897,1102
1783459517.1412,10.2405,0.02099,47.64,513,681528,0.241,GUIDED,GUIDED,128,5.120227217674255,0.0,10.0,0.5,0.0,0.0,nan,nan,nan,nan,nan,nan,nan,nan,nan,nan,9.222986052842758,6.004096221656413,10.125916087406003,0,0,-3.2241156101226807,-5.954792022705078,-0.13622230291366577,-0.00728490250185132,-0.028465792536735535,0.005950296297669411,nan,nan,nan,-0.03111712634563446,-0.005259672179818153,-3.1359941959381104,-0.003841578494757414,3135,3135,0.019742727279663086,24.896,1.02,99,4,21,0.79,895,0.012459089048206806,0.004155447706580162,0.020427603274583817,1500,1500,1452,1498,1897,1102,1897,1102
1783459517.1610,10.2604,0.01981,50.47,514,681548,0.261,GUIDED,GUIDED,128,5.130180835723877,0.0,10.0,0.5,0.0,0.0,nan,nan,nan,nan,nan,nan,nan,nan,nan,nan,9.233346441907026,6.0052909491608535,10.124771103323834,0,0,-3.22442626953125,-5.9553070068359375,-0.1354498267173767,-0.00734039256349206,-0.02885824255645275,0.006165363825857639,nan,nan,nan,-0.031123662367463112,-0.0052851904183626175,-3.136030912399292,-0.002397596836090088,3135,3135,0.01878666877746582,24.896,1.02,99,4,21,0.79,895,0.012459089048206806,0.004155447706580162,0.020427603274583817,1500,1500,1452,1498,1897,1102,1897,1102
1783459517.1808,10.2804,0.01975,50.62,515,681568,0.281,GUIDED,GUIDED,128,5.140182018280029,0.0,10.0,0.5,0.0,0.0,nan,nan,nan,nan,nan,nan,nan,nan,nan,nan,9.243564864393829,6.006546917726492,10.122631123367201,0,0,-3.224868059158325,-5.955775260925293,-0.1340990662574768,-0.007210748735815287,-0.02931302972137928,0.0066210199147462845,nan,nan,nan,-0.03112385980784893,-0.005284521728754044,-3.1359848976135254,0.0020079577807337046,3135,3135,0.018846750259399414,24.896,1.02,99,4,21,0.79,895,0.012459089048206806,0.004155447706580162,0.020427603274583817,1500,1500,1452,1498,1897,1102,1897,1102
1783459517.2005,10.3003,0.01968,50.80,516,681588,0.301,GUIDED,GUIDED,128,5.150168299674988,0.0,10.0,0.5,0.0,0.0,nan,nan,nan,nan,nan,nan,nan,nan,nan,nan,9.253537491484849,6.007402036876684,10.120571203581004,0,0,-3.225275754928589,-5.956268310546875,-0.13283568620681763,-0.006967482157051563,-0.029522070661187172,0.007080902345478535,nan,nan,nan,-0.031134415417909622,-0.005257055163383484,-3.1359076499938965,0.004052345175296068,3135,3135,0.019006013870239258,24.896,1.02,99,4,21,0.79,895,0.012459089048206806,0.004155447706580162,0.020427603274583817,1500,1500,1452,1498,1897,1102,1897,1102
1783459517.2208,10.3205,0.02031,49.23,517,681608,0.321,GUIDED,GUIDED,128,5.16024649143219,0.0,10.0,0.5,0.0,0.0,nan,nan,nan,nan,nan,nan,nan,nan,nan,nan,9.264715826003771,6.008201713079807,10.119368672384509,0,0,-3.225539445877075,-5.956807613372803,-0.13216286897659302,-0.007450407836586237,-0.029672397300601006,0.007386732846498489,nan,nan,nan,-0.03113670088350773,-0.005271678790450096,-3.1359002590179443,0.0008643697365187109,3135,3135,0.019502878189086914,24.896,1.02,99,4,21,0.79,895,0.012459089048206806,0.004155447706580162,0.020427603274583817,1500,1500,1452,1498,1897,1102,1897,1102
1783459517.2408,10.3404,0.02000,49.99,518,681629,0.341,GUIDED,GUIDED,128,5.1701966524124146,0.0,10.0,0.5,0.0,0.0,nan,nan,nan,nan,nan,nan,nan,nan,nan,nan,9.274647771340986,6.009953616183793,10.117715290619554,0,0,-3.2259058952331543,-5.9573163986206055,-0.13101893663406372,-0.007228321395814419,-0.030390111729502678,0.007680863607674837,nan,nan,nan,-0.031149515882134438,-0.0052640400826931,-3.1359481811523438,-0.0024763396941125393,3135,3135,0.01913309097290039,24.896,1.02,99,4,21,0.79,895,0.012459089048206806,0.004155447706580162,0.020427603274583817,1500,1500,1452,1498,1897,1102,1897,1102
1783459517.2604,10.3603,0.01965,50.90,519,681648,0.361,GUIDED,GUIDED,128,5.180166840553284,0.0,10.0,0.5,0.0,0.0,nan,nan,nan,nan,nan,nan,nan,nan,nan,nan,9.285473120093046,6.011416526439495,10.117096298945937,0,0,-3.22615647315979,-5.957892417907715,-0.13054829835891724,-0.007577377371490002,-0.030902158468961716,0.0077665154822170734,nan,nan,nan,-0.031153114512562752,-0.005262710154056549,-3.1360044479370117,-0.0029564586002379656,3135,3135,0.01899123191833496,24.896,1.02,99,4,21,0.79,895,0.012459089048206806,0.004155447706580162,0.020427603274583817,1500,1500,1452,1498,1897,1102,1897,1102
1783459517.2806,10.3803,0.02014,49.66,520,681668,0.381,GUIDED,GUIDED,128,5.19012987613678,0.0,10.0,0.5,0.0,0.0,nan,nan,nan,nan,nan,nan,nan,nan,nan,nan,9.295625260019829,6.012512991481856,10.116140988496868,0,0,-3.226490020751953,-5.95844030380249,-0.12979751825332642,-0.007493983022868633,-0.0312188807874918,0.007884601131081581,nan,nan,nan,-0.031149111688137054,-0.005288012325763702,-3.136007785797119,-0.0007315473631024361,3135,3135,0.019314289093017578,24.896,1.02,99,4,21,0.79,895,0.012459089048206806,0.004155447706580162,0.020427603274583817,1500,1500,1452,1498,1897,1102,1897,1102
1783459517.3007,10.4004,0.02016,49.61,521,681689,0.401,GUIDED,GUIDED,128,5.200214982032776,0.0,10.0,0.5,0.0,0.0,nan,nan,nan,nan,nan,nan,nan,nan,nan,nan,9.305989200873917,6.013771865953562,10.114722597279078,0,0,-3.22680401802063,-5.959000587463379,-0.12908869981765747,-0.007473682053387165,-0.03162221238017082,0.008294273167848587,nan,nan,nan,-0.031139831990003586,-0.0052943602204322815,-3.1359431743621826,0.002988425549119711,3135,3135,0.019378185272216797,24.896,1.02,99,4,21,0.79,895,0.014026264660060406,0.00882757268846035,0.018392413854599,1500,1500,1452,1498,1897,1102,1897,1102
1783459517.3205,10.4204,0.01976,50.62,522,681708,0.421,GUIDED,GUIDED,128,5.2102038860321045,0.0,10.0,0.5,0.0,0.0,nan,nan,nan,nan,nan,nan,nan,nan,nan,nan,9.31643293438917,6.014555060175412,10.113967429408804,0,0,-3.2272250652313232,-5.959426403045654,-0.12853997945785522,-0.00749318627640605,-0.03182854503393173,0.008413465693593025,nan,nan,nan,-0.0311411302536726,-0.005264287814497948,-3.1359124183654785,0.002178940223529935,3135,3135,0.0191192626953125,24.896,1.02,99,4,21,0.79,895,0.014026264660060406,0.00882757268846035,0.018392413854599,1500,1500,1452,1498,1897,1102,1897,1102
1783459517.3405,10.4404,0.02007,49.83,523,681728,0.441,GUIDED,GUIDED,128,5.2201972007751465,0.0,10.0,0.5,0.0,0.0,nan,nan,nan,nan,nan,nan,nan,nan,nan,nan,9.32717325840473,6.015015626349207,10.112612789951172,0,0,-3.2278852462768555,-5.9596757888793945,-0.12764805555343628,-0.007543316576629877,-0.03195047006011009,0.0086806146427989,nan,nan,nan,-0.031130829825997353,-0.005253814160823822,-3.1359574794769287,-0.002075385069474578,3135,3135,0.0192716121673584,24.896,1.02,99,4,21,0.79,895,0.014026264660060406,0.00882757268846035,0.018392413854599,1500,1500,1452,1498,1897,1102,1897,1102
1783459517.3608,10.4605,0.02025,49.38,524,681748,0.461,GUIDED,GUIDED,128,5.230225205421448,0.0,10.0,0.5,0.0,0.0,nan,nan,nan,nan,nan,nan,nan,nan,nan,nan,9.338076410408535,6.016705013715254,10.112072608297028,0,0,-3.2282767295837402,-5.960144996643066,-0.12726479768753052,-0.007822560146450996,-0.03265494108200073,0.008771214634180069,nan,nan,nan,-0.031131384894251823,-0.005250094458460808,-3.136011838912964,-0.002962149679660797,3135,3135,0.019396305084228516,24.896,1.02,99,4,21,0.79,895,0.014026264660060406,0.00882757268846035,0.018392413854599,1500,1500,1452,1498,1897,1102,1897,1102
1783459517.3805,10.4804,0.01972,50.71,525,681768,0.481,GUIDED,GUIDED,128,5.240178227424622,0.0,10.0,0.5,0.0,0.0,nan,nan,nan,nan,nan,nan,nan,nan,nan,nan,9.349248467393087,6.017740225561746,10.110866115475789,0,0,-3.228879690170288,-5.960464954376221,-0.12669044733047485,-0.00817825086414814,-0.033067893236875534,0.009136182256042957,nan,nan,nan,-0.031117917969822884,-0.005246350541710854,-3.1360220909118652,-0.000805326912086457,3135,3135,0.01889204978942871,24.896,1.02,99,4,21,0.79,895,0.014026264660060406,0.00882757268846035,0.018392413854599,1500,1500,1452,1498,1897,1102,1897,1102
1783459517.4021,10.5004,0.02163,46.24,526,681788,0.502,GUIDED,GUIDED,128,5.25019109249115,0.0,10.0,0.5,0.0,0.0,nan,nan,nan,nan,nan,nan,nan,nan,nan,nan,9.359562705169894,6.018467634045859,10.109990864430037,0,0,-3.2294392585754395,-5.960807800292969,-0.12614482641220093,-0.008029181510210037,-0.033289920538663864,0.009326494298875332,nan,nan,nan,-0.031130479648709297,-0.005263159051537514,-3.1359903812408447,0.001490447437390685,3135,3135,0.01933765411376953,24.884,1.02,99,4,21,0.79,895,0.014026264660060406,0.00882757268846035,0.018392413854599,1500,1500,1452,1498,1897,1102,1897,1102
1783459517.4206,10.5204,0.01850,54.05,527,681808,0.521,GUIDED,GUIDED,128,5.260220646858215,0.0,10.0,0.5,0.0,0.0,nan,nan,nan,nan,nan,nan,nan,nan,nan,nan,9.3705016346104,6.019284530828193,10.109269743440123,0,0,-3.2297909259796143,-5.961328506469727,-0.12578421831130981,-0.008351174183189869,-0.03346092626452446,0.00953463651239872,nan,nan,nan,-0.0311380997300148,-0.005289183929562569,-3.1359496116638184,0.0020042869728058577,3135,3135,0.01773667335510254,24.884,1.02,99,4,21,0.79,895,0.014026264660060406,0.00882757268846035,0.018392413854599,1500,1500,1452,1498,1897,1102,1897,1102
1783459517.4407,10.5405,0.02009,49.78,528,681829,0.541,GUIDED,GUIDED,128,5.270233511924744,0.0,10.0,0.5,0.0,0.0,nan,nan,nan,nan,nan,nan,nan,nan,nan,nan,9.381098741464012,6.019531735287593,10.108049084411808,0,0,-3.2303004264831543,-5.961708068847656,-0.12526875734329224,-0.008394326083362103,-0.03338450938463211,0.009941782802343369,nan,nan,nan,-0.03114222176373005,-0.005278846248984337,-3.1359424591064453,0.00048784067621454597,3135,3135,0.01931166648864746,24.884,1.02,99,4,21,0.79,895,0.014026264660060406,0.00882757268846035,0.018392413854599,1500,1500,1452,1498,1897,1102,1897,1102
1783459517.4611,10.5604,0.02039,49.03,529,681848,0.561,GUIDED,GUIDED,128,5.280223488807678,0.0,10.0,0.5,0.0,0.0,nan,nan,nan,nan,nan,nan,nan,nan,nan,nan,9.391588706005486,6.02022278674993,10.107716593891245,0,0,-3.230631113052368,-5.962246417999268,-0.12505024671554565,-0.008492072112858295,-0.03347267210483551,0.010007589124143124,nan,nan,nan,-0.031142383813858032,-0.005253380164504051,-3.1359920501708984,-0.0021844857838004827,3135,3135,0.019259929656982422,24.884,1.02,99,4,21,0.79,895,0.014026264660060406,0.00882757268846035,0.018392413854599,1500,1500,1452,1498,1897,1102,1897,1102
1783459517.4805,10.5804,0.01940,51.54,530,681868,0.581,GUIDED,GUIDED,128,5.290215373039246,0.0,10.0,0.5,0.0,0.0,nan,nan,nan,nan,nan,nan,nan,nan,nan,nan,9.402518909474116,6.02128186637784,10.107294793877454,0,0,-3.2310991287231445,-5.962657451629639,-0.12481755018234253,-0.008763602003455162,-0.03384682163596153,0.010116768069565296,nan,nan,nan,-0.03114587999880314,-0.005245663225650787,-3.13602352142334,-0.0018856121459975839,3135,3135,0.01875591278076172,24.884,1.02,99,4,21,0.79,895,0.014026264660060406,0.00882757268846035,0.018392413854599,1500,1500,1452,1498,1897,1102,1897,1102
1783459517.5008,10.6004,0.02025,49.39,531,681889,0.601,GUIDED,GUIDED,128,5.300191044807434,0.0,10.0,0.5,0.0,0.0,nan,nan,nan,nan,nan,nan,nan,nan,nan,nan,9.412763599713212,6.022621157720024,10.10709715928245,0,0,-3.23154354095459,-5.963109016418457,-0.12458151578903198,-0.008662338368594646,-0.03435935080051422,0.010094597935676575,nan,nan,nan,-0.031151175498962402,-0.0052584074437618256,-3.1360254287719727,-0.00015004415763542056,3135,3135,0.019446849822998047,24.884,1.02,99,4,21,0.79,895,0.01394460629671812,0.00773238530382514,0.006289902608841658,1500,1500,1452,1498,1897,1102,1897,1102
1783459517.5205,10.6205,0.01974,50.65,532,681908,0.621,GUIDED,GUIDED,128,5.3102335929870605,0.0,10.0,0.5,0.0,0.0,nan,nan,nan,nan,nan,nan,nan,nan,nan,nan,9.423286475045439,6.0230684743167755,10.106595995395299,0,0,-3.231868267059326,-5.963451862335205,-0.12412601709365845,-0.00875217467546463,-0.03441966697573662,0.010120962746441364,nan,nan,nan,-0.031154347583651543,-0.005262186750769615,-3.135991096496582,0.0016661831177771091,3135,3135,0.01917862892150879,24.884,1.02,99,4,21,0.79,895,0.01394460629671812,0.00773238530382514,0.006289902608841658,1500,1500,1452,1498,1897,1102,1897,1102
1783459517.5406,10.6405,0.02009,49.78,533,681929,0.641,GUIDED,GUIDED,128,5.320238471031189,0.0,10.0,0.5,0.0,0.0,nan,nan,nan,nan,nan,nan,nan,nan,nan,nan,9.433537125006163,6.022750806155988,10.105537118828071,0,0,-3.23232364654541,-5.963498115539551,-0.12344104051589966,-0.00863115768879652,-0.03420955687761307,0.010336834006011486,nan,nan,nan,-0.031150272116065025,-0.005280068144202232,-3.135971784591675,0.001052205334417522,3135,3135,0.019499540328979492,24.884,1.02,99,4,21,0.79,895,0.01394460629671812,0.00773238530382514,0.006289902608841658,1500,1500,1452,1498,1897,1102,1897,1102
1783459517.5607,10.6603,0.02008,49.81,534,681948,0.661,GUIDED,GUIDED,128,5.33016037940979,0.0,10.0,0.5,0.0,0.0,nan,nan,nan,nan,nan,nan,nan,nan,nan,nan,9.443841803632719,6.023309312029494,10.104901188461673,0,0,-3.2326231002807617,-5.963873386383057,-0.12318164110183716,-0.00867926049977541,-0.03431534767150879,0.010554224252700806,nan,nan,nan,-0.031161891296505928,-0.005279397591948509,-3.135991334915161,-0.0010135795455425978,3135,3135,0.01915717124938965,24.884,1.02,99,4,21,0.79,895,0.01394460629671812,0.00773238530382514,0.006289902608841658,1500,1500,1452,1498,1897,1102,1897,1102
1783459517.5803,10.6803,0.01962,50.96,535,681968,0.681,GUIDED,GUIDED,128,5.340158224105835,0.0,10.0,0.5,0.0,0.0,nan,nan,nan,nan,nan,nan,nan,nan,nan,nan,9.45384092761311,6.023782382711244,10.104293945771012,0,0,-3.233031749725342,-5.963988304138184,-0.122866690158844,-0.008444065228104591,-0.034522127360105515,0.010722978971898556,nan,nan,nan,-0.031158367171883583,-0.005255978554487228,-3.136014938354492,-0.0010443060891702771,3135,3135,0.019057273864746094,24.884,1.02,99,4,21,0.79,895,0.01394460629671812,0.00773238530382514,0.006289902608841658,1500,1500,1452,1498,1897,1102,1897,1102
1783459517.6009,10.7004,0.02056,48.64,536,681988,0.701,GUIDED,GUIDED,128,5.3501927852630615,0.0,10.0,0.5,0.0,0.0,nan,nan,nan,nan,nan,nan,nan,nan,nan,nan,9.464278991415489,6.024110562106686,10.103947329968124,0,0,-3.233407497406006,-5.964138984680176,-0.12255996465682983,-0.008460089564323425,-0.0346246063709259,0.010746009647846222,nan,nan,nan,-0.031171342357993126,-0.005255244672298431,-3.136007308959961,0.00014898425433784723,3135,3135,0.019540786743164062,24.884,1.02,99,4,21,0.79,895,0.01394460629671812,0.00773238530382514,0.006289902608841658,1500,1500,1452,1498,1897,1102,1897,1102
1783459517.6207,10.7204,0.01986,50.35,537,682008,0.721,GUIDED,GUIDED,128,5.360185623168945,0.0,10.0,0.5,0.0,0.0,nan,nan,nan,nan,nan,nan,nan,nan,nan,nan,9.474287892326947,6.025295148923196,10.103370190691653,0,0,-3.233673334121704,-5.964587211608887,-0.12229686975479126,-0.00831588264554739,-0.035049743950366974,0.010927323251962662,nan,nan,nan,-0.03117034211754799,-0.005277056246995926,-3.135983467102051,0.0013253893703222275,3135,3135,0.018990278244018555,24.884,1.02,99,4,21,0.79,895,0.01394460629671812,0.00773238530382514,0.006289902608841658,1500,1500,1452,1498,1897,1102,1897,1102
1783459517.6408,10.7404,0.02012,49.71,538,682028,0.741,GUIDED,GUIDED,128,5.370197415351868,0.0,10.0,0.5,0.0,0.0,nan,nan,nan,nan,nan,nan,nan,nan,nan,nan,9.484946423561766,6.02521738205188,10.103164804566845,0,0,-3.2340149879455566,-5.964810371398926,-0.12199395895004272,-0.008492023684084415,-0.03487600386142731,0.01087101735174656,nan,nan,nan,-0.031187033280730247,-0.0052758995443582535,-3.135955572128296,0.0013642966514453292,3135,3135,0.019214630126953125,24.884,1.02,99,4,21,0.79,895,0.01394460629671812,0.00773238530382514,0.006289902608841658,1500,1500,1452,1498,1897,1102,1897,1102
1783459517.6610,10.7605,0.02014,49.66,539,682048,0.761,GUIDED,GUIDED,128,5.380228638648987,0.0,10.0,0.5,0.0,0.0,nan,nan,nan,nan,nan,nan,nan,nan,nan,nan,9.495396007269376,6.0254085639195205,10.10283732246361,0,0,-3.234262466430664,-5.965273857116699,-0.12191027402877808,-0.008590682409703732,-0.03471878916025162,0.011011773720383644,nan,nan,nan,-0.03117889165878296,-0.005275065079331398,-3.1359643936157227,-0.00041860152850858867,3135,3135,0.019266366958618164,24.884,1.02,99,4,21,0.79,895,0.01394460629671812,0.00773238530382514,0.006289902608841658,1500,1500,1452,1498,1897,1102,1897,1102
1783459517.6804,10.7803,0.01942,51.50,540,682068,0.781,GUIDED,GUIDED,128,5.390163540840149,0.0,10.0,0.5,0.0,0.0,nan,nan,nan,nan,nan,nan,nan,nan,nan,nan,9.505596932527398,6.026171076980157,10.102368626345894,0,0,-3.234574556350708,-5.965532302856445,-0.12193852663040161,-0.008564085699617863,-0.03500981256365776,0.01129868719726801,nan,nan,nan,-0.031168673187494278,-0.005262073129415512,-3.135993003845215,-0.0014881145907565951,3135,3135,0.018773317337036133,24.884,1.02,99,4,21,0.79,895,0.01394460629671812,0.00773238530382514,0.006289902608841658,1500,1500,1452,1498,1897,1102,1897,1102
1783459517.7010,10.8004,0.02057,48.61,541,682089,0.801,GUIDED,GUIDED,128,5.400185823440552,0.0,10.0,0.5,0.0,0.0,nan,nan,nan,nan,nan,nan,nan,nan,nan,nan,9.516195592024628,6.026962664925186,10.10160009072419,0,0,-3.2351064682006836,-5.965598106384277,-0.12156051397323608,-0.008589757606387138,-0.03542884439229965,0.011524155735969543,nan,nan,nan,-0.03117937222123146,-0.005228335037827492,-3.1360023021698,-0.0007658143294975162,3135,3135,0.01953887939453125,24.884,1.02,99,4,21,0.79,895,0.01624036766588688,0.013154035434126854,0.01584818586707115,1500,1500,1452,1498,1897,1102,1897,1102
1783459517.7204,10.8203,0.01946,51.38,542,682108,0.821,GUIDED,GUIDED,128,5.410151362419128,0.0,10.0,0.5,0.0,0.0,nan,nan,nan,nan,nan,nan,nan,nan,nan,nan,9.526584614395723,6.02739202008341,10.100806741176944,0,0,-3.235563278198242,-5.965891361236572,-0.12107163667678833,-0.008570516481995583,-0.03550742194056511,0.011699942871928215,nan,nan,nan,-0.031182480975985527,-0.005228141322731972,-3.13600492477417,-0.00011336401803418994,3135,3135,0.018761634826660156,24.884,1.02,99,4,21,0.79,895,0.01624036766588688,0.013154035434126854,0.01584818586707115,1500,1500,1452,1498,1897,1102,1897,1102
1783459517.7403,10.8404,0.01990,50.26,543,682129,0.841,GUIDED,GUIDED,128,5.420185685157776,0.0,10.0,0.5,0.0,0.0,nan,nan,nan,nan,nan,nan,nan,nan,nan,nan,9.537334601756807,6.0275962340163,10.09993492429199,0,0,-3.2362611293792725,-5.965798377990723,-0.12035781145095825,-0.008580801077187061,-0.035679008811712265,0.011791159398853779,nan,nan,nan,-0.031177466735243797,-0.005253266543149948,-3.135984182357788,0.0011084337020292878,3135,3135,0.019290924072265625,24.884,1.02,99,4,21,0.79,895,0.01624036766588688,0.013154035434126854,0.01584818586707115,1500,1500,1452,1498,1897,1102,1897,1102
1783459517.7606,10.8604,0.02031,49.24,544,682148,0.861,GUIDED,GUIDED,128,5.4301780462265015,0.0,10.0,0.5,0.0,0.0,nan,nan,nan,nan,nan,nan,nan,nan,nan,nan,9.547780192941312,6.028197536309944,10.099430913197915,0,0,-3.2366809844970703,-5.966141700744629,-0.12006586790084839,-0.008600070141255856,-0.03582795336842537,0.011913596652448177,nan,nan,nan,-0.031168077141046524,-0.005255641415715218,-3.1359615325927734,0.0012072671670466661,3135,3135,0.019472837448120117,24.884,1.02,99,4,21,0.79,895,0.01624036766588688,0.013154035434126854,0.01584818586707115,1500,1500,1452,1498,1897,1102,1897,1102
1783459517.7805,10.8804,0.01986,50.36,545,682168,0.881,GUIDED,GUIDED,128,5.440206289291382,0.0,10.0,0.5,0.0,0.0,nan,nan,nan,nan,nan,nan,nan,nan,nan,nan,9.558710866296325,6.027968685427429,10.098832974227097,0,0,-3.237311840057373,-5.966139793395996,-0.11972373723983765,-0.008756863884627819,-0.03569692745804787,0.01206128764897585,nan,nan,nan,-0.0311681367456913,-0.0052497293800115585,-3.135977029800415,-0.0006352957570925355,3135,3135,0.019280433654785156,24.884,1.02,99,4,21,0.79,895,0.01624036766588688,0.013154035434126854,0.01584818586707115,1500,1500,1452,1498,1897,1102,1897,1102
1783459517.8007,10.9004,0.02021,49.48,546,682188,0.901,GUIDED,GUIDED,128,5.450188517570496,0.0,10.0,0.5,0.0,0.0,nan,nan,nan,nan,nan,nan,nan,nan,nan,nan,9.56951785119241,6.027969434551018,10.097934842687566,0,0,-3.237905263900757,-5.9661970138549805,-0.11937910318374634,-0.00889042392373085,-0.03566432371735573,0.012380849570035934,nan,nan,nan,-0.031164085492491722,-0.0052497778087854385,-3.135993242263794,-0.0009793303906917572,3135,3135,0.019403934478759766,24.884,1.02,99,4,21,0.79,895,0.01624036766588688,0.013154035434126854,0.01584818586707115,1500,1500,1452,1498,1897,1102,1897,1102
1783459517.8204,10.9203,0.01973,50.67,547,682208,0.921,GUIDED,GUIDED,128,5.460153937339783,0.0,10.0,0.5,0.0,0.0,nan,nan,nan,nan,nan,nan,nan,nan,nan,nan,9.579729554234444,6.028957721624727,10.097517498497215,0,0,-3.2382752895355225,-5.9665961265563965,-0.11908596754074097,-0.008818981237709522,-0.036004483699798584,0.012452561408281326,nan,nan,nan,-0.031158920377492905,-0.005245031788945198,-3.13598895072937,2.3919579689390957e-05,3135,3135,0.019005775451660156,24.884,1.02,99,4,21,0.79,895,0.01624036766588688,0.013154035434126854,0.01584818586707115,1500,1500,1452,1498,1897,1102,1897,1102
1783459517.8404,10.9404,0.02000,50.00,548,682228,0.941,GUIDED,GUIDED,128,5.470205187797546,0.0,10.0,0.5,0.0,0.0,nan,nan,nan,nan,nan,nan,nan,nan,nan,nan,9.590745324674907,6.02976623372208,10.096395082769117,0,0,-3.2388148307800293,-5.966734409332275,-0.11874061822891235,-0.009064342826604843,-0.03639144077897072,0.012901200912892818,nan,nan,nan,-0.031135277822613716,-0.005248231813311577,-3.135974645614624,0.0007403382332995534,3135,3135,0.01936197280883789,24.884,1.02,99,4,21,0.79,895,0.01624036766588688,0.013154035434126854,0.01584818586707115,1500,1500,1452,1498,1897,1102,1897,1102
1783459517.8605,10.9603,0.02003,49.93,549,682248,0.961,GUIDED,GUIDED,128,5.480168581008911,0.0,10.0,0.5,0.0,0.0,nan,nan,nan,nan,nan,nan,nan,nan,nan,nan,9.601178971524424,6.029720817836066,10.096503671861173,0,0,-3.2391645908355713,-5.967184543609619,-0.11861306428909302,-0.009133909828960896,-0.036105334758758545,0.012764863669872284,nan,nan,nan,-0.03112974390387535,-0.005274258553981781,-3.135960102081299,0.0005566009203903377,3135,3135,0.019278526306152344,24.884,1.02,99,4,21,0.79,895,0.01624036766588688,0.013154035434126854,0.01584818586707115,1500,1500,1452,1498,1897,1102,1897,1102
1783459517.8805,10.9803,0.02000,50.01,550,682268,0.981,GUIDED,GUIDED,128,5.490153074264526,0.0,10.0,0.5,0.0,0.0,nan,nan,nan,nan,nan,nan,nan,nan,nan,nan,9.612066576862828,6.0297972994992675,10.096596454871579,0,0,-3.23966121673584,-5.967370986938477,-0.11860162019729614,-0.009368594735860825,-0.03604184836149216,0.012704688124358654,nan,nan,nan,-0.031120408326387405,-0.005288293585181236,-3.135967493057251,-0.00034816740662790835,3135,3135,0.01922917366027832,24.884,1.02,99,4,21,0.79,895,0.01624036766588688,0.013154035434126854,0.01584818586707115,1500,1500,1452,1498,1897,1102,1897,1102
1783459517.9022,11.0004,0.02176,45.95,551,682288,0.002,GUIDED,GUIDED,128,5.500178098678589,0.0,10.0,0.5,0.0,0.0,nan,nan,nan,nan,nan,nan,nan,nan,nan,nan,9.622534882355984,6.030187893798523,10.0963256336811,0,0,-3.2401299476623535,-5.967602729797363,-0.1185641884803772,-0.009353901259601116,-0.03613356128334999,0.01283943559974432,nan,nan,nan,-0.03112749569118023,-0.005265356972813606,-3.135986089706421,-0.0007980706868693233,3135,3135,0.01950836181640625,24.886,1.05,99,4,21,0.79,895,0.01624036766588688,0.012878358364105225,0.01584818586707115,1500,1500,1452,1498,1897,1102,1897,1102
1783459517.9205,11.0203,0.01828,54.70,552,682308,0.021,GUIDED,GUIDED,128,5.51015830039978,0.0,10.0,0.5,0.0,0.0,nan,nan,nan,nan,nan,nan,nan,nan,nan,nan,9.633069408409309,6.03033686904954,10.09622433020811,0,0,-3.2405848503112793,-5.967817306518555,-0.11834007501602173,-0.009411302395164967,-0.03609568625688553,0.01276853121817112,nan,nan,nan,-0.031118398532271385,-0.005258481949567795,-3.1360015869140625,-0.0009142344351857901,3135,3135,0.017504453659057617,24.886,1.05,99,4,21,0.79,895,0.01624036766588688,0.012878358364105225,0.01584818586707115,1500,1500,1452,1498,1897,1102,1897,1102
1783459517.9403,11.0403,0.01983,50.43,553,682329,0.041,GUIDED,GUIDED,128,5.520155668258667,0.0,10.0,0.5,0.0,0.0,nan,nan,nan,nan,nan,nan,nan,nan,nan,nan,9.643876462201225,6.030909961637887,10.096047805763556,0,0,-3.241278886795044,-5.967602729797363,-0.11813443899154663,-0.009478072635829449,-0.03655044734477997,0.012751723639667034,nan,nan,nan,-0.031119495630264282,-0.005256135016679764,-3.135995626449585,0.00011685786012094468,3135,3135,0.019211292266845703,24.886,1.05,99,4,21,0.79,895,0.01624036766588688,0.012878358364105225,0.01584818586707115,1500,1500,1452,1498,1897,1102,1897,1102
1783459517.9607,11.0604,0.02040,49.03,554,682348,0.061,GUIDED,GUIDED,128,5.5301865339279175,0.0,10.0,0.5,0.0,0.0,nan,nan,nan,nan,nan,nan,nan,nan,nan,nan,9.654333144079146,6.0316503193729325,10.095631550159837,0,0,-3.2417030334472656,-5.967883586883545,-0.1180759072303772,-0.009479036554694176,-0.036815740168094635,0.012958255596458912,nan,nan,nan,-0.031123235821723938,-0.005244141444563866,-3.1359682083129883,0.0013813805999234319,3135,3135,0.01953911781311035,24.886,1.05,99,4,21,0.79,895,0.01624036766588688,0.012878358364105225,0.01584818586707115,1500,1500,1452,1498,1897,1102,1897,1102
1783459517.9805,11.0804,0.01979,50.52,555,682368,0.081,GUIDED,GUIDED,128,5.540205478668213,0.0,10.0,0.5,0.0,0.0,nan,nan,nan,nan,nan,nan,nan,nan,nan,nan,9.665378445711614,6.0312465868977485,10.09572116749808,0,0,-3.2423360347747803,-5.967782497406006,-0.11818164587020874,-0.009706140495836735,-0.03664100915193558,0.012967563234269619,nan,nan,nan,-0.031129006296396255,-0.005249828100204468,-3.1359622478485107,0.0005059093236923218,3135,3135,0.019137859344482422,24.886,1.05,99,4,21,0.79,895,0.01624036766588688,0.012878358364105225,0.01584818586707115,1500,1500,1452,1498,1897,1102,1897,1102
1783459518.0010,11.1005,0.02044,48.92,556,682388,0.101,GUIDED,GUIDED,128,5.550225496292114,0.0,10.0,0.5,0.0,0.0,nan,nan,nan,nan,nan,nan,nan,nan,nan,nan,9.675803526976187,6.031205418764366,10.095829980366219,0,0,-3.2429261207580566,-5.96773099899292,-0.11825758218765259,-0.00959931779652834,-0.036646973341703415,0.012948581948876381,nan,nan,nan,-0.0311333779245615,-0.005258819088339806,-3.1359665393829346,-0.0001631725172046572,3135,3135,0.01943182945251465,24.886,1.05,99,4,21,0.79,895,0.01624036766588688,0.012878358364105225,0.01584818586707115,1500,1500,1452,1498,1897,1102,1897,1102
1783459518.0208,11.1203,0.01979,50.54,557,682408,0.121,GUIDED,GUIDED,128,5.56013822555542,0.0,10.0,0.5,0.0,0.0,nan,nan,nan,nan,nan,nan,nan,nan,nan,nan,9.685991976685335,6.0315730763712425,10.095150243353322,0,0,-3.243302345275879,-5.9681010246276855,-0.11814945936203003,-0.009541291743516922,-0.03664560616016388,0.013278603553771973,nan,nan,nan,-0.031134866178035736,-0.005247447639703751,-3.1359810829162598,-0.0008321775239892304,3135,3135,0.018845319747924805,24.886,1.05,99,4,21,0.79,895,0.01624036766588688,0.012878358364105225,0.01584818586707115,1500,1500,1452,1498,1897,1102,1897,1102
1783459518.0413,11.1405,0.02056,48.65,558,682429,0.142,GUIDED,GUIDED,128,5.570228457450867,0.0,10.0,0.5,0.0,0.0,nan,nan,nan,nan,nan,nan,nan,nan,nan,nan,9.696630945376468,6.031985222651747,10.095101574562703,0,0,-3.243835210800171,-5.968134880065918,-0.11817711591720581,-0.009550455026328564,-0.036864012479782104,0.013322670012712479,nan,nan,nan,-0.031129058450460434,-0.005228325724601746,-3.1359951496124268,-0.000806882162578404,3135,3135,0.019273996353149414,24.886,1.05,99,4,21,0.79,895,0.01624036766588688,0.012878358364105225,0.01584818586707115,1500,1500,1452,1498,1897,1102,1897,1102
1783459518.0608,11.1604,0.01944,51.43,559,682448,0.161,GUIDED,GUIDED,128,5.580193042755127,0.0,10.0,0.5,0.0,0.0,nan,nan,nan,nan,nan,nan,nan,nan,nan,nan,9.707019869123833,6.032742175527219,10.09503024415942,0,0,-3.244187355041504,-5.968550682067871,-0.11821860074996948,-0.00959213636815548,-0.03706097602844238,0.013387803919613361,nan,nan,nan,-0.03113749623298645,-0.005228731781244278,-3.135972023010254,0.0010441875783726573,3135,3135,0.01857781410217285,24.886,1.05,99,4,21,0.79,895,0.01624036766588688,0.012878358364105225,0.01584818586707115,1500,1500,1452,1498,1897,1102,1897,1102
1783459518.0804,11.1803,0.01966,50.85,560,682468,0.181,GUIDED,GUIDED,128,5.590174913406372,0.0,10.0,0.5,0.0,0.0,nan,nan,nan,nan,nan,nan,nan,nan,nan,nan,9.717767549046375,6.033036346546584,10.09512628703615,0,0,-3.2446749210357666,-5.968666076660156,-0.11853188276290894,-0.009752780199050903,-0.03716419264674187,0.013513226993381977,nan,nan,nan,-0.03113630786538124,-0.0052364300936460495,-3.135951519012451,0.0008976689423434436,3135,3135,0.019014358520507812,24.886,1.05,99,4,21,0.79,895,0.01624036766588688,0.012878358364105225,0.01584818586707115,1500,1500,1452,1498,1897,1102,1897,1102
1783459518.1004,11.2004,0.01996,50.11,561,682489,0.201,GUIDED,GUIDED,128,5.60020387172699,0.0,10.0,0.5,0.0,0.0,nan,nan,nan,nan,nan,nan,nan,nan,nan,nan,9.728181214496432,6.033360891433412,10.095317604688603,0,0,-3.2451345920562744,-5.968827724456787,-0.11879199743270874,-0.009709499776363373,-0.03725824132561684,0.013552946969866753,nan,nan,nan,-0.031126631423830986,-0.0052308086305856705,-3.1359615325927734,-0.0002898650709539652,3135,3135,0.019320964813232422,24.886,1.05,99,4,21,0.79,895,0.016674567013978958,0.017496122047305107,0.0036903279833495617,1500,1500,1452,1498,1897,1102,1897,1102
1783459518.1207,11.2204,0.02033,49.18,562,682508,0.221,GUIDED,GUIDED,128,5.610192656517029,0.0,10.0,0.5,0.0,0.0,nan,nan,nan,nan,nan,nan,nan,nan,nan,nan,9.738713149483603,6.033667948807569,10.095131921916222,0,0,-3.2455427646636963,-5.969139575958252,-0.11848956346511841,-0.009787429124116898,-0.03725547343492508,0.013485540635883808,nan,nan,nan,-0.031122203916311264,-0.005245644599199295,-3.135970115661621,-0.0006285494891926646,3135,3135,0.019489526748657227,24.886,1.05,99,4,21,0.79,895,0.016674567013978958,0.017496122047305107,0.0036903279833495617,1500,1500,1452,1498,1897,1102,1897,1102
1783459518.1405,11.2404,0.01975,50.64,563,682529,0.241,GUIDED,GUIDED,128,5.62021541595459,0.0,10.0,0.5,0.0,0.0,nan,nan,nan,nan,nan,nan,nan,nan,nan,nan,9.749642496586246,6.033903555918085,10.094736221685931,0,0,-3.2461252212524414,-5.969020843505859,-0.11817282438278198,-0.009974566288292408,-0.037460051476955414,0.013531128875911236,nan,nan,nan,-0.03111998178064823,-0.005246136337518692,-3.1359992027282715,-0.0013396627036854625,3135,3135,0.01915144920349121,24.886,1.05,99,4,21,0.79,895,0.016674567013978958,0.017496122047305107,0.0036903279833495617,1500,1500,1452,1498,1897,1102,1897,1102
1783459518.1608,11.2603,0.02032,49.21,564,682548,0.261,GUIDED,GUIDED,128,5.630171895027161,0.0,10.0,0.5,0.0,0.0,nan,nan,nan,nan,nan,nan,nan,nan,nan,nan,9.760182039764153,6.0344777055354015,10.094332032194067,0,0,-3.2465097904205322,-5.969388961791992,-0.11804085969924927,-0.010089167393743992,-0.0375790037214756,0.01368829794228077,nan,nan,nan,-0.031117858365178108,-0.005226664245128632,-3.1359944343566895,8.046892617130652e-06,3135,3135,0.019477128982543945,24.886,1.05,99,4,21,0.79,895,0.016674567013978958,0.017496122047305107,0.0036903279833495617,1500,1500,1452,1498,1897,1102,1897,1102
1783459518.1805,11.2804,0.01971,50.74,565,682568,0.281,GUIDED,GUIDED,128,5.640180587768555,0.0,10.0,0.5,0.0,0.0,nan,nan,nan,nan,nan,nan,nan,nan,nan,nan,9.770243164834396,6.034380120729762,10.093966786155535,0,0,-3.2470409870147705,-5.969378471374512,-0.11804109811782837,-0.009812752716243267,-0.03752871975302696,0.013899310491979122,nan,nan,nan,-0.031124789267778397,-0.005230158567428589,-3.135969638824463,0.0011653670808300376,3135,3135,0.019091129302978516,24.886,1.05,99,4,21,0.79,895,0.016674567013978958,0.017496122047305107,0.0036903279833495617,1500,1500,1452,1498,1897,1102,1897,1102
1783459518.2008,11.3004,0.02030,49.25,566,682589,0.301,GUIDED,GUIDED,128,5.650185465812683,0.0,10.0,0.5,0.0,0.0,nan,nan,nan,nan,nan,nan,nan,nan,nan,nan,9.781041790155385,6.034617257022118,10.093678039834218,0,0,-3.2475388050079346,-5.969428062438965,-0.11801236867904663,-0.009983607567846775,-0.037636999040842056,0.014049431309103966,nan,nan,nan,-0.031121855601668358,-0.0052481405436992645,-3.135969877243042,0.0002864656853489578,3135,3135,0.0194091796875,24.886,1.05,99,4,21,0.79,895,0.016674567013978958,0.017496122047305107,0.0036903279833495617,1500,1500,1452,1498,1897,1102,1897,1102
1783459518.2204,11.3204,0.01960,51.01,567,682608,0.321,GUIDED,GUIDED,128,5.660201191902161,0.0,10.0,0.5,0.0,0.0,nan,nan,nan,nan,nan,nan,nan,nan,nan,nan,9.791331070549568,6.0351820255613156,10.09350225187299,0,0,-3.247879981994629,-5.969858169555664,-0.11784452199935913,-0.00994456559419632,-0.037714745849370956,0.014054016210138798,nan,nan,nan,-0.031121965497732162,-0.005237920209765434,-3.1359784603118896,-0.00040273903869092464,3135,3135,0.019017696380615234,24.886,1.05,99,4,21,0.79,895,0.016674567013978958,0.017496122047305107,0.0036903279833495617,1500,1500,1452,1498,1897,1102,1897,1102
1783459518.2407,11.3405,0.02034,49.17,568,682628,0.341,GUIDED,GUIDED,128,5.670225143432617,0.0,10.0,0.5,0.0,0.0,nan,nan,nan,nan,nan,nan,nan,nan,nan,nan,9.801748780928833,6.035119644116503,10.09318559753853,0,0,-3.248337984085083,-5.969997406005859,-0.11777597665786743,-0.009907474741339684,-0.03759834170341492,0.01419726200401783,nan,nan,nan,-0.03113255836069584,-0.005230851471424103,-3.136012554168701,-0.0016922659706324339,3135,3135,0.019522905349731445,24.886,1.05,99,4,21,0.79,895,0.016674567013978958,0.017496122047305107,0.0036903279833495617,1500,1500,1452,1498,1897,1102,1897,1102
1783459518.2608,11.3604,0.02005,49.89,569,682648,0.361,GUIDED,GUIDED,128,5.68017852306366,0.0,10.0,0.5,0.0,0.0,nan,nan,nan,nan,nan,nan,nan,nan,nan,nan,9.811675289887042,6.036320897569414,10.093175623512762,0,0,-3.2486515045166016,-5.970455169677734,-0.11776894330978394,-0.009710949845612049,-0.03802759572863579,0.014198959805071354,nan,nan,nan,-0.031127221882343292,-0.005238289013504982,-3.136028528213501,-0.000947017571888864,3135,3135,0.01915287971496582,24.886,1.05,99,4,21,0.79,895,0.016674567013978958,0.017496122047305107,0.0036903279833495617,1500,1500,1452,1498,1897,1102,1897,1102
1783459518.2806,11.3804,0.01979,50.54,570,682668,0.381,GUIDED,GUIDED,128,5.690182566642761,0.0,10.0,0.5,0.0,0.0,nan,nan,nan,nan,nan,nan,nan,nan,nan,nan,9.822156084736667,6.0371326759708035,10.093504944270363,0,0,-3.2490649223327637,-5.9706597328186035,-0.11799949407577515,-0.009747515432536602,-0.03837817162275314,0.014141934923827648,nan,nan,nan,-0.0311153344810009,-0.005231250077486038,-3.136023998260498,0.00014356939936988056,3135,3135,0.019120216369628906,24.886,1.05,99,4,21,0.79,895,0.016674567013978958,0.017496122047305107,0.0036903279833495617,1500,1500,1452,1498,1897,1102,1897,1102
1783459518.3008,11.4005,0.02028,49.32,571,682688,0.401,GUIDED,GUIDED,128,5.700234055519104,0.0,10.0,0.5,0.0,0.0,nan,nan,nan,nan,nan,nan,nan,nan,nan,nan,9.832608945197283,6.037155388099104,10.093603847782202,0,0,-3.249455213546753,-5.970919609069824,-0.11818128824234009,-0.009753912687301636,-0.03824124485254288,0.01418979186564684,nan,nan,nan,-0.031120438128709793,-0.005238955840468407,-3.136040687561035,-0.0007151641184464097,3135,3135,0.01939558982849121,24.886,1.05,99,4,21,0.79,895,0.01465541496872902,0.012453170493245125,0.012380694039165974,1500,1500,1452,1498,1897,1102,1897,1102
1783459518.3207,11.4204,0.01988,50.31,572,682708,0.421,GUIDED,GUIDED,128,5.710183024406433,0.0,10.0,0.5,0.0,0.0,nan,nan,nan,nan,nan,nan,nan,nan,nan,nan,9.842744606024311,6.037059294993073,10.092976887874546,0,0,-3.2498302459716797,-5.971129417419434,-0.11786657571792603,-0.009645174257457256,-0.038064632564783096,0.014370067976415157,nan,nan,nan,-0.03110259585082531,-0.005261443555355072,-3.1360249519348145,0.0005463013076223433,3135,3135,0.019017457962036133,24.886,1.05,99,4,21,0.79,895,0.01465541496872902,0.012453170493245125,0.012380694039165974,1500,1500,1452,1498,1897,1102,1897,1102
1783459518.3407,11.4404,0.01998,50.05,573,682728,0.441,GUIDED,GUIDED,128,5.720183730125427,0.0,10.0,0.5,0.0,0.0,nan,nan,nan,nan,nan,nan,nan,nan,nan,nan,9.85298318112589,6.036777382752339,10.092312121665946,0,0,-3.2503457069396973,-5.970831871032715,-0.11752671003341675,-0.009484906680881977,-0.03807365894317627,0.01455764938145876,nan,nan,nan,-0.03112240508198738,-0.005241310223937035,-3.136013984680176,0.0007953654858283699,3135,3135,0.01916217803955078,24.886,1.05,99,4,21,0.79,895,0.01465541496872902,0.012453170493245125,0.012380694039165974,1500,1500,1452,1498,1897,1102,1897,1102
1783459518.3607,11.4604,0.01996,50.11,574,682748,0.461,GUIDED,GUIDED,128,5.73017942905426,0.0,10.0,0.5,0.0,0.0,nan,nan,nan,nan,nan,nan,nan,nan,nan,nan,9.863446952730513,6.037278477949648,10.09184408249987,0,0,-3.2506906986236572,-5.971104145050049,-0.11737793684005737,-0.009555967524647713,-0.038205768913030624,0.01474197767674923,nan,nan,nan,-0.031111063435673714,-0.005217360332608223,-3.136035919189453,-0.0009198339539580047,3135,3135,0.019174575805664062,24.886,1.05,99,4,21,0.79,895,0.01465541496872902,0.012453170493245125,0.012380694039165974,1500,1500,1452,1498,1897,1102,1897,1102
1783459518.3807,11.4804,0.02007,49.83,575,682768,0.481,GUIDED,GUIDED,128,5.740195393562317,0.0,10.0,0.5,0.0,0.0,nan,nan,nan,nan,nan,nan,nan,nan,nan,nan,9.874143621135739,6.037177961873524,10.091699230095086,0,0,-3.251155376434326,-5.970926761627197,-0.11735707521438599,-0.009680690243840218,-0.0382501482963562,0.014813563786447048,nan,nan,nan,-0.0311301127076149,-0.005233047530055046,-3.1360557079315186,-0.0010943682864308357,3135,3135,0.019267797470092773,24.886,1.05,99,4,21,0.79,895,0.01465541496872902,0.012453170493245125,0.012380694039165974,1500,1500,1452,1498,1897,1102,1897,1102
1783459518.4021,11.5004,0.02137,46.80,576,682789,0.502,GUIDED,GUIDED,128,5.750186920166016,0.0,10.0,0.5,0.0,0.0,nan,nan,nan,nan,nan,nan,nan,nan,nan,nan,9.883800407805415,6.037219597604375,10.09156541783613,0,0,-3.251598596572876,-5.970846176147461,-0.11730247735977173,-0.009231534786522388,-0.03832071274518967,0.01485929824411869,nan,nan,nan,-0.031138889491558075,-0.005254041403532028,-3.136075258255005,-0.001041735289618373,3135,3135,0.019157886505126953,24.89,1.04,99,4,21,0.79,895,0.01465541496872902,0.012453170493245125,0.012380694039165974,1500,1500,1452,1498,1897,1102,1897,1102
1783459518.4206,11.5203,0.01853,53.97,577,682808,0.521,GUIDED,GUIDED,128,5.760171294212341,0.0,10.0,0.5,0.0,0.0,nan,nan,nan,nan,nan,nan,nan,nan,nan,nan,9.894247763024843,6.03720227755586,10.091271913099192,0,0,-3.2518935203552246,-5.971198558807373,-0.1171221137046814,-0.009328562766313553,-0.038107264786958694,0.014924620278179646,nan,nan,nan,-0.031127698719501495,-0.005239404737949371,-3.1360559463500977,0.0007881914498284459,3135,3135,0.01770305633544922,24.89,1.04,99,4,21,0.79,895,0.01465541496872902,0.012453170493245125,0.012380694039165974,1500,1500,1452,1498,1897,1102,1897,1102
1783459518.4404,11.5403,0.01981,50.47,578,682828,0.541,GUIDED,GUIDED,128,5.7701650857925415,0.0,10.0,0.5,0.0,0.0,nan,nan,nan,nan,nan,nan,nan,nan,nan,nan,9.903919456513933,6.0368355724349545,10.090964865068328,0,0,-3.252279043197632,-5.971181392669678,-0.11703771352767944,-0.008920017629861832,-0.037905458360910416,0.015053166076540947,nan,nan,nan,-0.031108463183045387,-0.0052314698696136475,-3.136019706726074,0.0019010697724297643,3135,3135,0.019130945205688477,24.89,1.04,99,4,21,0.79,895,0.01465541496872902,0.012453170493245125,0.012380694039165974,1500,1500,1452,1498,1897,1102,1897,1102
1783459518.4608,11.5604,0.02034,49.16,579,682848,0.561,GUIDED,GUIDED,128,5.780181407928467,0.0,10.0,0.5,0.0,0.0,nan,nan,nan,nan,nan,nan,nan,nan,nan,nan,9.914995259391368,6.037856278939685,10.090758324724433,0,0,-3.2525558471679688,-5.971583366394043,-0.11697345972061157,-0.009371896274387836,-0.038262683898210526,0.015135315246880054,nan,nan,nan,-0.031120726838707924,-0.005205782130360603,-3.136019229888916,0.00033186981454491615,3135,3135,0.01943206787109375,24.89,1.04,99,4,21,0.79,895,0.01465541496872902,0.012453170493245125,0.012380694039165974,1500,1500,1452,1498,1897,1102,1897,1102
1783459518.4804,11.5803,0.01959,51.04,580,682868,0.581,GUIDED,GUIDED,128,5.790148973464966,0.0,10.0,0.5,0.0,0.0,nan,nan,nan,nan,nan,nan,nan,nan,nan,nan,9.92460980530389,6.039123461880492,10.090823675700157,0,0,-3.2529077529907227,-5.9716620445251465,-0.11711806058883667,-0.008964907377958298,-0.038948867470026016,0.015181070193648338,nan,nan,nan,-0.031127087771892548,-0.005188422277569771,-3.1360366344451904,-0.0009036398841999471,3135,3135,0.018942832946777344,24.89,1.04,99,4,21,0.79,895,0.01465541496872902,0.012453170493245125,0.012380694039165974,1500,1500,1452,1498,1897,1102,1897,1102
1783459518.5006,11.6004,0.02025,49.37,581,682888,0.601,GUIDED,GUIDED,128,5.800182938575745,0.0,10.0,0.5,0.0,0.0,nan,nan,nan,nan,nan,nan,nan,nan,nan,nan,9.93507276693609,6.038871138224886,10.091190714408345,0,0,-3.253239870071411,-5.971808433532715,-0.11722081899642944,-0.009020840749144554,-0.03871867060661316,0.015028487890958786,nan,nan,nan,-0.031126802787184715,-0.005204368382692337,-3.136068105697632,-0.0013880361802875996,3135,3135,0.019464492797851562,24.89,1.04,99,4,21,0.79,895,0.015599632635712624,0.008022277615964413,0.011471284553408623,1500,1500,1452,1498,1897,1102,1897,1102
1783459518.5207,11.6204,0.02012,49.71,582,682908,0.621,GUIDED,GUIDED,128,5.8101794719696045,0.0,10.0,0.5,0.0,0.0,nan,nan,nan,nan,nan,nan,nan,nan,nan,nan,9.94550528969858,6.038775632555745,10.090485061356178,0,0,-3.253577947616577,-5.972042083740234,-0.11668354272842407,-0.009077370166778564,-0.03852863237261772,0.015125700272619724,nan,nan,nan,-0.03110976703464985,-0.005233481526374817,-3.136073350906372,-0.0005994458333589137,3135,3135,0.01922464370727539,24.89,1.04,99,4,21,0.79,895,0.015599632635712624,0.008022277615964413,0.011471284553408623,1500,1500,1452,1498,1897,1102,1897,1102
1783459518.5405,11.6403,0.01972,50.70,583,682929,0.641,GUIDED,GUIDED,128,5.820162892341614,0.0,10.0,0.5,0.0,0.0,nan,nan,nan,nan,nan,nan,nan,nan,nan,nan,9.955703569432004,6.037951654277462,10.089269344740948,0,0,-3.254051923751831,-5.971807479858398,-0.11592894792556763,-0.008927769027650356,-0.03818835690617561,0.01539192907512188,nan,nan,nan,-0.03110641799867153,-0.005215905606746674,-3.136033296585083,0.0019246742594987154,3135,3135,0.019054651260375977,24.89,1.04,99,4,21,0.79,895,0.015599632635712624,0.008022277615964413,0.011471284553408623,1500,1500,1452,1498,1897,1102,1897,1102
1783459518.5608,11.6603,0.02032,49.21,584,682948,0.661,GUIDED,GUIDED,128,5.830174803733826,0.0,10.0,0.5,0.0,0.0,nan,nan,nan,nan,nan,nan,nan,nan,nan,nan,9.966234920629837,6.0381164463749455,10.089023494248028,0,0,-3.2543647289276123,-5.972087860107422,-0.11558622121810913,-0.00904706958681345,-0.03812162205576897,0.015335997566580772,nan,nan,nan,-0.031114615499973297,-0.005168994888663292,-3.135985851287842,0.002653417643159628,3135,3135,0.019402027130126953,24.89,1.04,99,4,21,0.79,895,0.015599632635712624,0.008022277615964413,0.011471284553408623,1500,1500,1452,1498,1897,1102,1897,1102
1783459518.5803,11.6803,0.01954,51.17,585,682968,0.681,GUIDED,GUIDED,128,5.840151429176331,0.0,10.0,0.5,0.0,0.0,nan,nan,nan,nan,nan,nan,nan,nan,nan,nan,9.97636808461622,6.0384154004037,10.088663846497985,0,0,-3.2547900676727295,-5.971961498260498,-0.11520355939865112,-0.008891877718269825,-0.03836717829108238,0.015322710387408733,nan,nan,nan,-0.03111344203352928,-0.005159992724657059,-3.135993003845215,-3.9163696783361956e-05,3135,3135,0.01896047592163086,24.89,1.04,99,4,21,0.79,895,0.015599632635712624,0.008022277615964413,0.011471284553408623,1500,1500,1452,1498,1897,1102,1897,1102
1783459518.6005,11.7005,0.02019,49.53,586,682988,0.701,GUIDED,GUIDED,128,5.850228905677795,0.0,10.0,0.5,0.0,0.0,nan,nan,nan,nan,nan,nan,nan,nan,nan,nan,9.986655186980277,6.039223226286114,10.087844175509163,0,0,-3.2551815509796143,-5.971899509429932,-0.11482566595077515,-0.008786882273852825,-0.03886936604976654,0.0155777707695961,nan,nan,nan,-0.03111199475824833,-0.005168408155441284,-3.136024236679077,-0.001637223525904119,3135,3135,0.01958465576171875,24.89,1.04,99,4,21,0.79,895,0.015599632635712624,0.008022277615964413,0.011471284553408623,1500,1500,1452,1498,1897,1102,1897,1102
1783459518.6205,11.7204,0.01995,50.13,587,683008,0.721,GUIDED,GUIDED,128,5.860178828239441,0.0,10.0,0.5,0.0,0.0,nan,nan,nan,nan,nan,nan,nan,nan,nan,nan,9.997390628835316,6.039129769081768,10.08724033347862,0,0,-3.255460262298584,-5.972289562225342,-0.11447566747665405,-0.00907948799431324,-0.0385902114212513,0.01572432741522789,nan,nan,nan,-0.031110625714063644,-0.0051774028688669205,-3.136056423187256,-0.0016916297608986497,3135,3135,0.019374608993530273,24.89,1.04,99,4,21,0.79,895,0.015599632635712624,0.008022277615964413,0.011471284553408623,1500,1500,1452,1498,1897,1102,1897,1102
1783459518.6407,11.7403,0.02023,49.42,588,683029,0.741,GUIDED,GUIDED,128,5.870161771774292,0.0,10.0,0.5,0.0,0.0,nan,nan,nan,nan,nan,nan,nan,nan,nan,nan,10.007832703832094,6.038744793352194,10.086700714448837,0,0,-3.255821943283081,-5.972328186035156,-0.11409026384353638,-0.00913575105369091,-0.03834564611315727,0.01581336371600628,nan,nan,nan,-0.031130941584706306,-0.005198415368795395,-3.136049747467041,0.00015609450929332525,3135,3135,0.01930856704711914,24.89,1.04,99,4,21,0.79,895,0.015599632635712624,0.008022277615964413,0.011471284553408623,1500,1500,1452,1498,1897,1102,1897,1102
1783459518.6609,11.7604,0.02020,49.51,589,683048,0.761,GUIDED,GUIDED,128,5.880175352096558,0.0,10.0,0.5,0.0,0.0,nan,nan,nan,nan,nan,nan,nan,nan,nan,nan,10.017918382612017,6.038546846326038,10.086316319411099,0,0,-3.2560856342315674,-5.9727373123168945,-0.11391252279281616,-0.009025135077536106,-0.03799515217542648,0.015932675451040268,nan,nan,nan,-0.03113366663455963,-0.005159646272659302,-3.1360180377960205,0.0015303444815799594,3135,3135,0.019339323043823242,24.89,1.04,99,4,21,0.79,895,0.015599632635712624,0.008022277615964413,0.011471284553408623,1500,1500,1452,1498,1897,1102,1897,1102
1783459518.6804,11.7803,0.01953,51.21,590,683068,0.781,GUIDED,GUIDED,128,5.890159606933594,0.0,10.0,0.5,0.0,0.0,nan,nan,nan,nan,nan,nan,nan,nan,nan,nan,10.028339775208867,6.0390647816618745,10.085982606618945,0,0,-3.2564117908477783,-5.972841739654541,-0.1138487458229065,-0.009089210070669651,-0.03823389112949371,0.016088522970676422,nan,nan,nan,-0.03112284652888775,-0.005104700103402138,-3.136016845703125,0.0005251213442534208,3135,3135,0.018861770629882812,24.89,1.04,99,4,21,0.79,895,0.015599632635712624,0.008022277615964413,0.011471284553408623,1500,1500,1452,1498,1897,1102,1897,1102
1783459518.7011,11.8004,0.02066,48.39,591,683088,0.801,GUIDED,GUIDED,128,5.900184750556946,0.0,10.0,0.5,0.0,0.0,nan,nan,nan,nan,nan,nan,nan,nan,nan,nan,10.038686588621461,6.039881940981354,10.085595487987437,0,0,-3.2567241191864014,-5.973012924194336,-0.11375325918197632,-0.00909460335969925,-0.03860684484243393,0.016256896778941154,nan,nan,nan,-0.031105993315577507,-0.005109492689371109,-3.1360280513763428,-0.0007054111338220537,3135,3135,0.01952195167541504,24.89,1.04,99,4,21,0.79,895,0.015270005911588669,0.00976536888629198,0.017719104886054993,1500,1500,1452,1498,1897,1102,1897,1102
1783459518.7205,11.8203,0.01944,51.44,592,683108,0.821,GUIDED,GUIDED,128,5.910160422325134,0.0,10.0,0.5,0.0,0.0,nan,nan,nan,nan,nan,nan,nan,nan,nan,nan,10.049631118728904,6.039992636670783,10.08541573466472,0,0,-3.2570431232452393,-5.972990036010742,-0.11352437734603882,-0.009469796903431416,-0.038683969527482986,0.016228532418608665,nan,nan,nan,-0.03112376481294632,-0.005138097330927849,-3.1360490322113037,-0.0009919332806020975,3135,3135,0.01864790916442871,24.89,1.04,99,4,21,0.79,895,0.015270005911588669,0.00976536888629198,0.017719104886054993,1500,1500,1452,1498,1897,1102,1897,1102
1783459518.7405,11.8404,0.01997,50.09,593,683128,0.841,GUIDED,GUIDED,128,5.920195698738098,0.0,10.0,0.5,0.0,0.0,nan,nan,nan,nan,nan,nan,nan,nan,nan,nan,10.059300960737696,6.038347344125745,10.084833912616029,0,0,-3.2574758529663086,-5.972276210784912,-0.11336582899093628,-0.009008976630866528,-0.038146186619997025,0.016472909599542618,nan,nan,nan,-0.031128276139497757,-0.005146777257323265,-3.136073350906372,-0.0011834119213744998,3135,3135,0.019383907318115234,24.89,1.04,99,4,21,0.79,895,0.015270005911588669,0.00976536888629198,0.017719104886054993,1500,1500,1452,1498,1897,1102,1897,1102
1783459518.7605,11.8604,0.02001,49.97,594,683148,0.861,GUIDED,GUIDED,128,5.930191993713379,0.0,10.0,0.5,0.0,0.0,nan,nan,nan,nan,nan,nan,nan,nan,nan,nan,10.069373117184586,6.037581440074464,10.08493460220713,0,0,-3.2577662467956543,-5.97233772277832,-0.1132383942604065,-0.008885116316378117,-0.03766847774386406,0.016341201961040497,nan,nan,nan,-0.031122883781790733,-0.005147024989128113,-3.1360583305358887,0.0006165613303892314,3135,3135,0.019443035125732422,24.89,1.04,99,4,21,0.79,895,0.015270005911588669,0.00976536888629198,0.017719104886054993,1500,1500,1452,1498,1897,1102,1897,1102
1783459518.7805,11.8803,0.01998,50.06,595,683168,0.881,GUIDED,GUIDED,128,5.940157890319824,0.0,10.0,0.5,0.0,0.0,nan,nan,nan,nan,nan,nan,nan,nan,nan,nan,10.079781414749082,6.035875382274222,10.084910691007282,0,0,-3.258147954940796,-5.9717512130737305,-0.11328786611557007,-0.008920157328248024,-0.03702210634946823,0.016383569687604904,nan,nan,nan,-0.031109383329749107,-0.0051262229681015015,-3.136040687561035,0.0011571795912459493,3135,3135,0.019275188446044922,24.89,1.04,99,4,21,0.79,895,0.015270005911588669,0.00976536888629198,0.017719104886054993,1500,1500,1452,1498,1897,1102,1897,1102
1783459518.8003,11.9002,0.01983,50.44,596,683189,0.901,GUIDED,GUIDED,128,5.950100064277649,0.0,10.0,0.5,0.0,0.0,nan,nan,nan,nan,nan,nan,nan,nan,nan,nan,10.090321137523372,6.03548845786596,10.084819390593918,0,0,-3.2585091590881348,-5.971270561218262,-0.11329919099807739,-0.009056610986590385,-0.03707621991634369,0.01644282042980194,nan,nan,nan,-0.031127281486988068,-0.005078328773379326,-3.1360361576080322,0.000446796155301854,3135,3135,0.019149303436279297,24.89,1.04,99,4,21,0.79,895,0.015270005911588669,0.00976536888629198,0.017719104886054993,1500,1500,1452,1498,1897,1102,1897,1102
1783459518.8204,11.9203,0.02013,49.67,597,683208,0.921,GUIDED,GUIDED,128,5.960156679153442,0.0,10.0,0.5,0.0,0.0,nan,nan,nan,nan,nan,nan,nan,nan,nan,nan,10.100397648418637,6.036085156972034,10.084393238128003,0,0,-3.258772373199463,-5.971437931060791,-0.11312443017959595,-0.008916131220757961,-0.03732409328222275,0.016587961465120316,nan,nan,nan,-0.03112967312335968,-0.005070067942142487,-3.136066198348999,-0.0013710593339055777,3135,3135,0.019473552703857422,24.89,1.04,99,4,21,0.79,895,0.015270005911588669,0.00976536888629198,0.017719104886054993,1500,1500,1452,1498,1897,1102,1897,1102
1783459518.8408,11.9405,0.02037,49.10,598,683228,0.941,GUIDED,GUIDED,128,5.970226407051086,0.0,10.0,0.5,0.0,0.0,nan,nan,nan,nan,nan,nan,nan,nan,nan,nan,10.110448699969133,6.035651452841459,10.084095652602103,0,0,-3.2590956687927246,-5.9710822105407715,-0.11308926343917847,-0.008718693628907204,-0.03727906942367554,0.01673946902155876,nan,nan,nan,-0.031131641939282417,-0.005096461623907089,-3.1360769271850586,-0.0008897304069250822,3135,3135,0.01949787139892578,24.89,1.04,99,4,21,0.79,895,0.015270005911588669,0.00976536888629198,0.017719104886054993,1500,1500,1452,1498,1897,1102,1897,1102
1783459518.8604,11.9603,0.01956,51.11,599,683248,0.961,GUIDED,GUIDED,128,5.980161666870117,0.0,10.0,0.5,0.0,0.0,nan,nan,nan,nan,nan,nan,nan,nan,nan,nan,10.120741392779376,6.0352620689209955,10.08385708633357,0,0,-3.2593376636505127,-5.971299648284912,-0.11305707693099976,-0.008785341866314411,-0.03692872077226639,0.016858622431755066,nan,nan,nan,-0.031121427193284035,-0.005105104297399521,-3.1360762119293213,-0.00017115999071393162,3135,3135,0.018929481506347656,24.89,1.04,99,4,21,0.79,895,0.015270005911588669,0.00976536888629198,0.017719104886054993,1500,1500,1452,1498,1897,1102,1897,1102
1783459518.8807,11.9803,0.02035,49.14,600,683268,0.981,GUIDED,GUIDED,128,5.9901615381240845,0.0,10.0,0.5,0.0,0.0,nan,nan,nan,nan,nan,nan,nan,nan,nan,nan,10.131250726332814,6.03356420228156,10.084177803626163,0,0,-3.2596352100372314,-5.971042633056641,-0.11328703165054321,-0.008907691575586796,-0.03609684482216835,0.01680622063577175,nan,nan,nan,-0.031113505363464355,-0.005090201273560524,-3.1360437870025635,0.0017991180066019297,3135,3135,0.019384384155273438,24.89,1.04,99,4,21,0.79,895,0.015270005911588669,0.00976536888629198,0.017719104886054993,1500,1500,1452,1498,1897,1102,1897,1102
1783459518.9020,12.0003,0.02131,46.92,601,683288,0.002,GUIDED,GUIDED,128,6.000168681144714,0.0,10.0,0.5,0.0,0.0,nan,nan,nan,nan,nan,nan,nan,nan,nan,nan,10.141601632143466,6.0325881132916255,10.08418535102408,0,0,-3.2599198818206787,-5.970857620239258,-0.11346155405044556,-0.00894180778414011,-0.03564011678099632,0.01690262369811535,nan,nan,nan,-0.03112548589706421,-0.005062561482191086,-3.136026620864868,0.0011442065006121993,3135,3135,0.01913166046142578,24.871,1.03,99,4,21,0.79,895,0.017021626234054565,0.009381656534969807,0.011582176201045513,1500,1500,1452,1498,1897,1102,1897,1102
1783459518.9207,12.0204,0.01868,53.54,602,683308,0.021,GUIDED,GUIDED,128,6.010185718536377,0.0,10.0,0.5,0.0,0.0,nan,nan,nan,nan,nan,nan,nan,nan,nan,nan,10.15126617913756,6.033298679392149,10.083962919649363,0,0,-3.259997606277466,-5.970826625823975,-0.1133759617805481,-0.008693423122167587,-0.036068256944417953,0.01698162779211998,nan,nan,nan,-0.03114171139895916,-0.005010172724723816,-3.1360504627227783,-0.0008927180315367877,3135,3135,0.017832517623901367,24.871,1.03,99,4,21,0.79,895,0.017021626234054565,0.009381656534969807,0.011582176201045513,1500,1500,1452,1498,1897,1102,1897,1102
1783459518.9408,12.0404,0.02007,49.82,603,683328,0.041,GUIDED,GUIDED,128,6.020200490951538,0.0,10.0,0.5,0.0,0.0,nan,nan,nan,nan,nan,nan,nan,nan,nan,nan,10.160489954752233,6.032031121719326,10.084169123530364,0,0,-3.259969711303711,-5.970132827758789,-0.113514244556427,-0.008252846077084541,-0.03573699668049812,0.01694241352379322,nan,nan,nan,-0.03112390823662281,-0.0049926843494176865,-3.136082887649536,-0.0016925240634009242,3135,3135,0.019166231155395508,24.871,1.03,99,4,21,0.79,895,0.017021626234054565,0.009381656534969807,0.011582176201045513,1500,1500,1452,1498,1897,1102,1897,1102
1783459518.9607,12.0603,0.01988,50.29,604,683348,0.061,GUIDED,GUIDED,128,6.030150651931763,0.0,10.0,0.5,0.0,0.0,nan,nan,nan,nan,nan,nan,nan,nan,nan,nan,10.169984828222322,6.032267450075278,10.084159013935496,0,0,-3.260031223297119,-5.9701738357543945,-0.11348682641983032,-0.007954471744596958,-0.035849764943122864,0.016932420432567596,nan,nan,nan,-0.031130388379096985,-0.005016006529331207,-3.136103868484497,-0.0012674776371568441,3135,3135,0.019013166427612305,24.871,1.03,99,4,21,0.79,895,0.017021626234054565,0.009381656534969807,0.011582176201045513,1500,1500,1452,1498,1897,1102,1897,1102
1783459518.9806,12.0803,0.01996,50.10,605,683368,0.081,GUIDED,GUIDED,128,6.040152907371521,0.0,10.0,0.5,0.0,0.0,nan,nan,nan,nan,nan,nan,nan,nan,nan,nan,10.179632906645175,6.031618516575256,10.084312273177282,0,0,-3.259997844696045,-5.969633102416992,-0.11372333765029907,-0.007769258692860603,-0.035787295550107956,0.0169804859906435,nan,nan,nan,-0.031132150441408157,-0.005056247115135193,-3.1360960006713867,0.0001328446378465742,3135,3135,0.019083023071289062,24.871,1.03,99,4,21,0.79,895,0.017021626234054565,0.009381656534969807,0.011582176201045513,1500,1500,1452,1498,1897,1102,1897,1102
1783459519.0007,12.1004,0.02004,49.90,606,683388,0.101,GUIDED,GUIDED,128,6.050179123878479,0.0,10.0,0.5,0.0,0.0,nan,nan,nan,nan,nan,nan,nan,nan,nan,nan,10.189285852786472,6.0297590564730195,10.084320405211944,0,0,-3.259957790374756,-5.9691691398620605,-0.11391657590866089,-0.0075768763199448586,-0.03498160466551781,0.017087357118725777,nan,nan,nan,-0.031150873750448227,-0.005029432475566864,-3.1360716819763184,0.0013434536522254348,3135,3135,0.019267559051513672,24.871,1.03,99,4,21,0.79,895,0.017021626234054565,0.009381656534969807,0.011582176201045513,1500,1500,1452,1498,1897,1102,1897,1102
1783459519.0207,12.1204,0.02006,49.85,607,683408,0.121,GUIDED,GUIDED,128,6.060178518295288,0.0,10.0,0.5,0.0,0.0,nan,nan,nan,nan,nan,nan,nan,nan,nan,nan,10.19837853265887,6.029450900322676,10.08380747330703,0,0,-3.260010242462158,-5.969320297241211,-0.1138196587562561,-0.007023101206868887,-0.034716419875621796,0.01732754334807396,nan,nan,nan,-0.031161392107605934,-0.005008900538086891,-3.136054277420044,0.0009900990407913923,3135,3135,0.01920342445373535,24.871,1.03,99,4,21,0.79,895,0.017021626234054565,0.009381656534969807,0.011582176201045513,1500,1500,1452,1498,1897,1102,1897,1102
1783459519.0405,12.1404,0.01983,50.43,608,683428,0.141,GUIDED,GUIDED,128,6.07020890712738,0.0,10.0,0.5,0.0,0.0,nan,nan,nan,nan,nan,nan,nan,nan,nan,nan,10.20804597999069,6.028956610843825,10.083728996954648,0,0,-3.2599592208862305,-5.968967437744141,-0.11393922567367554,-0.006843014154583216,-0.03463476523756981,0.01744188368320465,nan,nan,nan,-0.031150389462709427,-0.004959305748343468,-3.136051893234253,0.00017904784181155264,3135,3135,0.019157886505126953,24.871,1.03,99,4,21,0.79,895,0.017021626234054565,0.009381656534969807,0.011582176201045513,1500,1500,1452,1498,1897,1102,1897,1102
1783459519.0612,12.1604,0.02063,48.48,609,683448,0.162,GUIDED,GUIDED,128,6.080188035964966,0.0,10.0,0.5,0.0,0.0,nan,nan,nan,nan,nan,nan,nan,nan,nan,nan,10.218105448046519,6.030245590246764,10.083392137526973,0,0,-3.2600021362304688,-5.9691853523254395,-0.1138642430305481,-0.006864620838314295,-0.035253144800662994,0.017593078315258026,nan,nan,nan,-0.03114706464111805,-0.004945285618305206,-3.136059284210205,-0.00023562100250273943,3135,3135,0.019309520721435547,24.871,1.03,99,4,21,0.79,895,0.017021626234054565,0.009381656534969807,0.011582176201045513,1500,1500,1452,1498,1897,1102,1897,1102
1783459519.0806,12.1804,0.01946,51.38,610,683468,0.181,GUIDED,GUIDED,128,6.0902159214019775,0.0,10.0,0.5,0.0,0.0,nan,nan,nan,nan,nan,nan,nan,nan,nan,nan,10.22837316693886,6.030033238321127,10.083507338153058,0,0,-3.2599573135375977,-5.9689717292785645,-0.11403042078018188,-0.0070289671421051025,-0.03525387868285179,0.017622509971261024,nan,nan,nan,-0.03117617405951023,-0.00499478355050087,-3.1360654830932617,-0.0005161769222468138,3135,3135,0.018843889236450195,24.871,1.03,99,4,21,0.79,895,0.017021626234054565,0.009381656534969807,0.011582176201045513,1500,1500,1452,1498,1897,1102,1897,1102
1783459519.1006,12.2004,0.02000,49.99,611,683489,0.201,GUIDED,GUIDED,128,6.100217938423157,0.0,10.0,0.5,0.0,0.0,nan,nan,nan,nan,nan,nan,nan,nan,nan,nan,10.237552641325665,6.029187689277923,10.083692789566884,0,0,-3.2599072456359863,-5.968814373016357,-0.11415785551071167,-0.006582978647202253,-0.03485655039548874,0.017589014023542404,nan,nan,nan,-0.03120063617825508,-0.00503372959792614,-3.136075735092163,-0.0003736548242159188,3135,3135,0.0192563533782959,24.871,1.03,99,4,21,0.79,895,0.01611761562526226,0.0033698109909892082,0.015672264620661736,1500,1500,1452,1498,1897,1102,1897,1102
1783459519.1207,12.2204,0.02002,49.96,612,683508,0.221,GUIDED,GUIDED,128,6.11018443107605,0.0,10.0,0.5,0.0,0.0,nan,nan,nan,nan,nan,nan,nan,nan,nan,nan,10.246549149307752,6.028860673473002,10.08331658791259,0,0,-3.2598109245300293,-5.968912124633789,-0.11390644311904907,-0.0060785687528550625,-0.03461131080985069,0.017661061137914658,nan,nan,nan,-0.031204434111714363,-0.004996603354811668,-3.136079788208008,-0.00030785679700784385,3135,3135,0.019227981567382812,24.871,1.03,99,4,21,0.79,895,0.01611761562526226,0.0033698109909892082,0.015672264620661736,1500,1500,1452,1498,1897,1102,1897,1102
1783459519.1408,12.2404,0.02015,49.63,613,683529,0.241,GUIDED,GUIDED,128,6.120207905769348,0.0,10.0,0.5,0.0,0.0,nan,nan,nan,nan,nan,nan,nan,nan,nan,nan,10.255739634235537,6.027472866224201,10.08304696370597,0,0,-3.259498119354248,-5.968484878540039,-0.11373192071914673,-0.005778240039944649,-0.034056730568408966,0.017715968191623688,nan,nan,nan,-0.031208010390400887,-0.0049374159425497055,-3.1360621452331543,0.000885721412487328,3135,3135,0.019285202026367188,24.871,1.03,99,4,21,0.79,895,0.01611761562526226,0.0033698109909892082,0.015672264620661736,1500,1500,1452,1498,1897,1102,1897,1102
1783459519.1608,12.2603,0.02001,49.99,614,683548,0.261,GUIDED,GUIDED,128,6.130173206329346,0.0,10.0,0.5,0.0,0.0,nan,nan,nan,nan,nan,nan,nan,nan,nan,nan,10.265172037429954,6.028839014364319,10.08280588223543,0,0,-3.2594025135040283,-5.968651294708252,-0.11349445581436157,-0.005525769665837288,-0.03474939614534378,0.017718056216835976,nan,nan,nan,-0.031226178631186485,-0.004901185631752014,-3.1360538005828857,0.0005358594935387373,3135,3135,0.01912975311279297,24.871,1.03,99,4,21,0.79,895,0.01611761562526226,0.0033698109909892082,0.015672264620661736,1500,1500,1452,1498,1897,1102,1897,1102
1783459519.1804,12.2804,0.01959,51.03,615,683568,0.281,GUIDED,GUIDED,128,6.14017653465271,0.0,10.0,0.5,0.0,0.0,nan,nan,nan,nan,nan,nan,nan,nan,nan,nan,10.274190852166326,6.03020973986749,10.08285812388071,0,0,-3.2591004371643066,-5.9683637619018555,-0.11336714029312134,-0.0051317643374204636,-0.035706792026758194,0.017614388838410378,nan,nan,nan,-0.031264085322618484,-0.004911396652460098,-3.1360483169555664,0.0001696344988886267,3135,3135,0.018950700759887695,24.871,1.03,99,4,21,0.79,895,0.01611761562526226,0.0033698109909892082,0.015672264620661736,1500,1500,1452,1498,1897,1102,1897,1102
1783459519.2009,12.3005,0.02046,48.88,616,683588,0.301,GUIDED,GUIDED,128,6.150235056877136,0.0,10.0,0.5,0.0,0.0,nan,nan,nan,nan,nan,nan,nan,nan,nan,nan,10.28329935751263,6.029609154124927,10.08247212931964,0,0,-3.2588093280792236,-5.968164443969727,-0.11322015523910522,-0.004751343745738268,-0.035475119948387146,0.017752381041646004,nan,nan,nan,-0.03127191588282585,-0.004962842911481857,-3.1360464096069336,-8.491598418913782e-05,3135,3135,0.019560813903808594,24.871,1.03,99,4,21,0.79,895,0.01611761562526226,0.0033698109909892082,0.015672264620661736,1500,1500,1452,1498,1897,1102,1897,1102
1783459519.2208,12.3204,0.01994,50.14,617,683608,0.321,GUIDED,GUIDED,128,6.1601951122283936,0.0,10.0,0.5,0.0,0.0,nan,nan,nan,nan,nan,nan,nan,nan,nan,nan,10.292455180259692,6.029010429549942,10.082202950478656,0,0,-3.258708953857422,-5.968448638916016,-0.11295896768569946,-0.004344970919191837,-0.03496536612510681,0.01775699481368065,nan,nan,nan,-0.031266096979379654,-0.005000364035367966,-3.1360607147216797,-0.0007313789683394134,3135,3135,0.0190277099609375,24.871,1.03,99,4,21,0.79,895,0.01611761562526226,0.0033698109909892082,0.015672264620661736,1500,1500,1452,1498,1897,1102,1897,1102
1783459519.2408,12.3405,0.02001,49.97,618,683629,0.341,GUIDED,GUIDED,128,6.1702353954315186,0.0,10.0,0.5,0.0,0.0,nan,nan,nan,nan,nan,nan,nan,nan,nan,nan,10.301742391915592,6.027756320698137,10.082006812592242,0,0,-3.2584264278411865,-5.968335151672363,-0.11278682947158813,-0.004073301330208778,-0.03430682793259621,0.017770851030945778,nan,nan,nan,-0.03126014024019241,-0.004955874755978584,-3.1360816955566406,-0.0010362559696659446,3135,3135,0.019191980361938477,24.871,1.03,99,4,21,0.79,895,0.01611761562526226,0.0033698109909892082,0.015672264620661736,1500,1500,1452,1498,1897,1102,1897,1102
1783459519.2606,12.3604,0.01978,50.55,619,683648,0.361,GUIDED,GUIDED,128,6.180187940597534,0.0,10.0,0.5,0.0,0.0,nan,nan,nan,nan,nan,nan,nan,nan,nan,nan,10.311643092967504,6.028400991169236,10.081457591864291,0,0,-3.258330821990967,-5.968653202056885,-0.11259657144546509,-0.004098567180335522,-0.03449540212750435,0.01797809824347496,nan,nan,nan,-0.03128272667527199,-0.004887903109192848,-3.136084794998169,-0.00036622953484766185,3135,3135,0.019086599349975586,24.871,1.03,99,4,21,0.79,895,0.01611761562526226,0.0033698109909892082,0.015672264620661736,1500,1500,1452,1498,1897,1102,1897,1102
1783459519.2808,12.3804,0.02017,49.59,620,683668,0.381,GUIDED,GUIDED,128,6.190176844596863,0.0,10.0,0.5,0.0,0.0,nan,nan,nan,nan,nan,nan,nan,nan,nan,nan,10.320352633608692,6.029788914887961,10.081157006028358,0,0,-3.2580597400665283,-5.968652248382568,-0.112551748752594,-0.0035164356231689453,-0.035297270864248276,0.018125763162970543,nan,nan,nan,-0.03131893649697304,-0.004892611876130104,-3.1360459327697754,0.001963880378752947,3135,3135,0.019306421279907227,24.871,1.03,99,4,21,0.79,895,0.01611761562526226,0.0033698109909892082,0.015672264620661736,1500,1500,1452,1498,1897,1102,1897,1102
1783459519.3006,12.4003,0.01984,50.40,621,683689,0.401,GUIDED,GUIDED,128,6.2001588344573975,0.0,10.0,0.5,0.0,0.0,nan,nan,nan,nan,nan,nan,nan,nan,nan,nan,10.3295280768142,6.030973239247554,10.080877421499618,0,0,-3.2577896118164062,-5.968714237213135,-0.11248379945755005,-0.003206734312698245,-0.03594525158405304,0.018247950822114944,nan,nan,nan,-0.03133042901754379,-0.004937721416354179,-3.1360092163085938,0.0019247217569500208,3135,3135,0.019044876098632812,24.871,1.03,99,4,21,0.79,895,0.0179823599755764,0.004912614356726408,0.017696145921945572,1500,1500,1452,1498,1897,1102,1897,1102
1783459519.3202,12.4202,0.01961,51.01,622,683708,0.421,GUIDED,GUIDED,128,6.21009886264801,0.0,10.0,0.5,0.0,0.0,nan,nan,nan,nan,nan,nan,nan,nan,nan,nan,10.338810141111647,6.030366155492864,10.079893715129096,0,0,-3.2576749324798584,-5.9687604904174805,-0.1116979718208313,-0.002893068827688694,-0.03556804731488228,0.018362196162343025,nan,nan,nan,-0.03131696954369545,-0.004985913634300232,-3.135993719100952,0.0008499806863255799,3135,3135,0.018943071365356445,24.871,1.03,99,4,21,0.79,895,0.0179823599755764,0.004912614356726408,0.017696145921945572,1500,1500,1452,1498,1897,1102,1897,1102
1783459519.3399,12.4401,0.01972,50.71,623,683728,0.440,GUIDED,GUIDED,128,6.2200740575790405,0.0,10.0,0.5,0.0,0.0,nan,nan,nan,nan,nan,nan,nan,nan,nan,nan,10.348293466478026,6.028010269662847,10.07847917308848,0,0,-3.2573885917663574,-5.968184471130371,-0.1105465292930603,-0.0027744066901504993,-0.03454044088721275,0.01851409673690796,nan,nan,nan,-0.03133925050497055,-0.004994073882699013,-3.136005401611328,-0.0004891118151135743,3135,3135,0.01922297477722168,24.871,1.03,99,4,21,0.79,895,0.0179823599755764,0.004912614356726408,0.017696145921945572,1500,1500,1452,1498,1897,1102,1897,1102
1783459519.3598,12.4601,0.01988,50.29,624,683748,0.460,GUIDED,GUIDED,128,6.2300626039505005,0.0,10.0,0.5,0.0,0.0,nan,nan,nan,nan,nan,nan,nan,nan,nan,nan,10.357730977344387,6.0272194500495635,10.077422390940102,0,0,-3.2572731971740723,-5.9682769775390625,-0.10990196466445923,-0.002522889291867614,-0.034030452370643616,0.018752090632915497,nan,nan,nan,-0.03136342391371727,-0.004947766661643982,-3.1360251903533936,-0.0010596385691314936,3135,3135,0.019418716430664062,24.871,1.03,99,4,21,0.79,895,0.0179823599755764,0.004912614356726408,0.017696145921945572,1500,1500,1452,1498,1897,1102,1897,1102
1783459519.3798,12.4802,0.02000,50.00,625,683768,0.480,GUIDED,GUIDED,128,6.240087151527405,0.0,10.0,0.5,0.0,0.0,nan,nan,nan,nan,nan,nan,nan,nan,nan,nan,10.36631279916923,6.026742314538657,10.076286857747546,0,0,-3.2569873332977295,-5.967834949493408,-0.10902148485183716,-0.001854974776506424,-0.034010183066129684,0.01889934577047825,nan,nan,nan,-0.03137310594320297,-0.004887767136096954,-3.1360270977020264,-0.00019790812802966684,3135,3135,0.019559383392333984,24.871,1.03,99,4,21,0.79,895,0.0179823599755764,0.004912614356726408,0.017696145921945572,1500,1500,1452,1498,1897,1102,1897,1102
1783459519.4009,12.5002,0.02105,47.52,626,683788,0.501,GUIDED,GUIDED,128,6.250093698501587,0.0,10.0,0.5,0.0,0.0,nan,nan,nan,nan,nan,nan,nan,nan,nan,nan,10.37539015457321,6.027095477276952,10.075162471412266,0,0,-3.256704330444336,-5.96750020980835,-0.10817199945449829,-0.0014818975469097495,-0.034407343715429306,0.01905805990099907,nan,nan,nan,-0.03136996552348137,-0.004873419180512428,-3.13600492477417,0.0009966399520635605,3135,3135,0.019564151763916016,24.876,1.03,99,4,21,0.79,895,0.0179823599755764,0.004912614356726408,0.017696145921945572,1500,1500,1452,1498,1897,1102,1897,1102
1783459519.4199,12.5202,0.01904,52.52,627,683808,0.520,GUIDED,GUIDED,128,6.260089993476868,0.0,10.0,0.5,0.0,0.0,nan,nan,nan,nan,nan,nan,nan,nan,nan,nan,10.385367688633217,6.027761001920556,10.074364593953682,0,0,-3.256577491760254,-5.967707633972168,-0.10757368803024292,-0.0015442962758243084,-0.03467182815074921,0.019173279404640198,nan,nan,nan,-0.03138497471809387,-0.004905795678496361,-3.1359856128692627,0.0009765596478246152,3135,3135,0.018535852432250977,24.876,1.03,99,4,21,0.79,895,0.0179823599755764,0.004912614356726408,0.017696145921945572,1500,1500,1452,1498,1897,1102,1897,1102
1783459519.4399,12.5401,0.01995,50.12,628,683828,0.540,GUIDED,GUIDED,128,6.270074367523193,0.0,10.0,0.5,0.0,0.0,nan,nan,nan,nan,nan,nan,nan,nan,nan,nan,10.394598141505679,6.026923501563429,10.073497052983063,0,0,-3.256304979324341,-5.9674906730651855,-0.10678082704544067,-0.0012663548113778234,-0.03431355953216553,0.019216395914554596,nan,nan,nan,-0.03141527622938156,-0.0049416981637477875,-3.1359939575195312,-0.0002744368393905461,3135,3135,0.019459247589111328,24.876,1.03,99,4,21,0.79,895,0.0179823599755764,0.004912614356726408,0.017696145921945572,1500,1500,1452,1498,1897,1102,1897,1102
1783459519.4598,12.5602,0.01997,50.08,629,683848,0.560,GUIDED,GUIDED,128,6.280080437660217,0.0,10.0,0.5,0.0,0.0,nan,nan,nan,nan,nan,nan,nan,nan,nan,nan,10.403651454526218,6.025919369672365,10.072963115512716,0,0,-3.2561774253845215,-5.967748641967773,-0.10628706216812134,-0.000789923535194248,-0.03358488529920578,0.01923958957195282,nan,nan,nan,-0.03144335001707077,-0.004919489845633507,-3.1360232830047607,-0.0013525879476219416,3135,3135,0.01952052116394043,24.876,1.03,99,4,21,0.79,895,0.0179823599755764,0.004912614356726408,0.017696145921945572,1500,1500,1452,1498,1897,1102,1897,1102
1783459519.4799,12.5802,0.02008,49.81,630,683868,0.580,GUIDED,GUIDED,128,6.290088772773743,0.0,10.0,0.5,0.0,0.0,nan,nan,nan,nan,nan,nan,nan,nan,nan,nan,10.412408909847414,6.02570612071521,10.072279735111556,0,0,-3.255899667739868,-5.9676361083984375,-0.10568922758102417,-0.00022809120127931237,-0.03352673724293709,0.019288979470729828,nan,nan,nan,-0.031434934586286545,-0.0048898085951805115,-3.1360275745391846,-0.00047717842971906066,3135,3135,0.0195920467376709,24.876,1.03,99,4,21,0.79,895,0.0179823599755764,0.004912614356726408,0.017696145921945572,1500,1500,1452,1498,1897,1102,1897,1102
1783459519.5000,12.6002,0.02006,49.85,631,683889,0.600,GUIDED,GUIDED,128,6.300087571144104,0.0,10.0,0.5,0.0,0.0,nan,nan,nan,nan,nan,nan,nan,nan,nan,nan,10.421614202522509,6.02486355184205,10.07085007760592,0,0,-3.2556066513061523,-5.9666619300842285,-0.10462969541549683,6.086640860303305e-05,-0.033602721989154816,0.01950267143547535,nan,nan,nan,-0.03143969550728798,-0.004866639152169228,-3.13601016998291,0.0007299097487702966,3135,3135,0.01948237419128418,24.876,1.03,99,4,21,0.79,895,0.01831953041255474,0.005022172350436449,0.038944825530052185,1500,1500,1452,1498,1897,1102,1897,1102
1783459519.5199,12.6202,0.01990,50.25,632,683908,0.620,GUIDED,GUIDED,128,6.3100972175598145,0.0,10.0,0.5,0.0,0.0,nan,nan,nan,nan,nan,nan,nan,nan,nan,nan,10.431328806403158,6.024121434546108,10.069533664633258,0,0,-3.2554521560668945,-5.966095924377441,-0.10368901491165161,0.00014201142766978592,-0.033501043915748596,0.019719600677490234,nan,nan,nan,-0.03146031126379967,-0.004852263256907463,-3.1359965801239014,0.0008019085507839918,3135,3135,0.019434690475463867,24.876,1.03,99,4,21,0.79,895,0.01831953041255474,0.005022172350436449,0.038944825530052185,1500,1500,1452,1498,1897,1102,1897,1102
1783459519.5399,12.6402,0.02003,49.93,633,683928,0.640,GUIDED,GUIDED,128,6.320082068443298,0.0,10.0,0.5,0.0,0.0,nan,nan,nan,nan,nan,nan,nan,nan,nan,nan,10.440388030810869,6.021210267899234,10.067875446053726,0,0,-3.255143404006958,-5.96447229385376,-0.10223609209060669,0.0004981640377081931,-0.03275768458843231,0.019838128238916397,nan,nan,nan,-0.03148314729332924,-0.004900729283690453,-3.1360020637512207,-0.000350518268533051,3135,3135,0.019542217254638672,24.876,1.03,99,4,21,0.79,895,0.01831953041255474,0.005022172350436449,0.038944825530052185,1500,1500,1452,1498,1897,1102,1897,1102
1783459519.5598,12.6601,0.01992,50.20,634,683948,0.660,GUIDED,GUIDED,128,6.330074191093445,0.0,10.0,0.5,0.0,0.0,nan,nan,nan,nan,nan,nan,nan,nan,nan,nan,10.449277822031956,6.019457040195405,10.066774818133815,0,0,-3.2549800872802734,-5.964027404785156,-0.10152071714401245,0.001040304428897798,-0.03200231492519379,0.020060554146766663,nan,nan,nan,-0.03148096054792404,-0.004900004714727402,-3.136012077331543,-0.0005889892345294356,3135,3135,0.019454002380371094,24.876,1.03,99,4,21,0.79,895,0.01831953041255474,0.005022172350436449,0.038944825530052185,1500,1500,1452,1498,1897,1102,1897,1102
1783459519.5799,12.6802,0.02012,49.71,635,683968,0.680,GUIDED,GUIDED,128,6.3400958776474,0.0,10.0,0.5,0.0,0.0,nan,nan,nan,nan,nan,nan,nan,nan,nan,nan,10.45773104507448,6.014803020693166,10.065113055639866,0,0,-3.25466251373291,-5.962591648101807,-0.10051614046096802,0.0017625060863792896,-0.03014425002038479,0.020439980551600456,nan,nan,nan,-0.03145945072174072,-0.004841679707169533,-3.1360268592834473,-0.0008600546861998737,3135,3135,0.019643306732177734,24.876,1.03,99,4,21,0.79,895,0.01831953041255474,0.005022172350436449,0.038944825530052185,1500,1500,1452,1498,1897,1102,1897,1102
1783459519.6001,12.7002,0.02012,49.70,636,683989,0.700,GUIDED,GUIDED,128,6.350109934806824,0.0,10.0,0.5,0.0,0.0,nan,nan,nan,nan,nan,nan,nan,nan,nan,nan,10.46761580217721,6.012404564168514,10.063365477828029,0,0,-3.2543511390686035,-5.961295127868652,-0.09954410791397095,0.0016573852626606822,-0.029508046805858612,0.020887741819024086,nan,nan,nan,-0.03147423639893532,-0.00477435439825058,-3.136018753051758,0.00019583218090701848,3135,3135,0.019550561904907227,24.876,1.03,99,4,21,0.79,895,0.01831953041255474,0.005022172350436449,0.038944825530052185,1500,1500,1452,1498,1897,1102,1897,1102
1783459519.6200,12.7202,0.01990,50.25,637,684008,0.720,GUIDED,GUIDED,128,6.3600945472717285,0.0,10.0,0.5,0.0,0.0,nan,nan,nan,nan,nan,nan,nan,nan,nan,nan,10.477563603662148,6.013218291351394,10.062414858535167,0,0,-3.254183053970337,-5.960999488830566,-0.09885984659194946,0.0015815941151231527,-0.030148539692163467,0.021041523665189743,nan,nan,nan,-0.03150166571140289,-0.004728995263576508,-3.1360116004943848,0.0004669131594710052,3135,3135,0.019401073455810547,24.876,1.03,99,4,21,0.79,895,0.01831953041255474,0.005022172350436449,0.038944825530052185,1500,1500,1452,1498,1897,1102,1897,1102
1783459519.6399,12.7402,0.01992,50.19,638,684028,0.740,GUIDED,GUIDED,128,6.370089054107666,0.0,10.0,0.5,0.0,0.0,nan,nan,nan,nan,nan,nan,nan,nan,nan,nan,10.486260024354369,6.011819320486454,10.061180944463242,0,0,-3.2538797855377197,-5.959914207458496,-0.09793943166732788,0.002155952388420701,-0.029967430979013443,0.021222522482275963,nan,nan,nan,-0.031520355492830276,-0.004738811403512955,-3.1360082626342773,-5.065538061899133e-05,3135,3135,0.01944589614868164,24.876,1.03,99,4,21,0.79,895,0.01831953041255474,0.005022172350436449,0.038944825530052185,1500,1500,1452,1498,1897,1102,1897,1102
1783459519.6600,12.7602,0.02010,49.76,639,684048,0.760,GUIDED,GUIDED,128,6.380099892616272,0.0,10.0,0.5,0.0,0.0,nan,nan,nan,nan,nan,nan,nan,nan,nan,nan,10.495579629109953,6.010766696818627,10.059920371118215,0,0,-3.253704786300659,-5.959704875946045,-0.09736853837966919,0.002454000525176525,-0.029480556026101112,0.02162070944905281,nan,nan,nan,-0.03152216970920563,-0.004812933504581451,-3.1359987258911133,0.00027894543018192053,3135,3135,0.0195925235748291,24.876,1.03,99,4,21,0.79,895,0.01831953041255474,0.005022172350436449,0.038944825530052185,1500,1500,1452,1498,1897,1102,1897,1102
1783459519.6799,12.7802,0.01989,50.29,640,684068,0.780,GUIDED,GUIDED,128,6.390091061592102,0.0,10.0,0.5,0.0,0.0,nan,nan,nan,nan,nan,nan,nan,nan,nan,nan,10.504860212628358,6.006997302002725,10.058775806141316,0,0,-3.2534000873565674,-5.958765506744385,-0.09665518999099731,0.002688339212909341,-0.02784663997590542,0.02186967246234417,nan,nan,nan,-0.031526871025562286,-0.004816202446818352,-3.136019468307495,-0.0009078820585273206,3135,3135,0.019405603408813477,24.876,1.03,99,4,21,0.79,895,0.01831953041255474,0.005022172350436449,0.038944825530052185,1500,1500,1452,1498,1897,1102,1897,1102
1783459519.7000,12.8002,0.02014,49.65,641,684088,0.800,GUIDED,GUIDED,128,6.4000948667526245,0.0,10.0,0.5,0.0,0.0,nan,nan,nan,nan,nan,nan,nan,nan,nan,nan,10.514515725868447,6.004165370892531,10.057800376200436,0,0,-3.2531051635742188,-5.95789909362793,-0.09596461057662964,0.002719151321798563,-0.026711847633123398,0.02203413099050522,nan,nan,nan,-0.03152836859226227,-0.004725078120827675,-3.136024236679077,-0.00015597637684550136,3135,3135,0.01958155632019043,24.876,1.03,99,4,21,0.79,895,0.01831953041255474,0.00508654722943902,0.038944825530052185,1500,1500,1452,1498,1897,1102,1897,1102
1783459519.7199,12.8202,0.01987,50.32,642,684108,0.820,GUIDED,GUIDED,128,6.410092353820801,0.0,10.0,0.5,0.0,0.0,nan,nan,nan,nan,nan,nan,nan,nan,nan,nan,10.524622533741713,6.003584383302957,10.057006720293263,0,0,-3.2532215118408203,-5.9574408531188965,-0.09518712759017944,0.0027232086285948753,-0.026640979573130608,0.022043468430638313,nan,nan,nan,-0.03154728189110756,-0.004627997055649757,-3.1360299587249756,-0.0001882417855085805,3135,3135,0.019387483596801758,24.876,1.03,99,4,21,0.79,895,0.01831953041255474,0.00508654722943902,0.038944825530052185,1500,1500,1452,1498,1897,1102,1897,1102
1783459519.7398,12.8401,0.01995,50.11,643,684128,0.840,GUIDED,GUIDED,128,6.420070767402649,0.0,10.0,0.5,0.0,0.0,nan,nan,nan,nan,nan,nan,nan,nan,nan,nan,10.534634955071336,6.003546193902195,10.055792390788351,0,0,-3.2534868717193604,-5.95610237121582,-0.09411889314651489,0.002856779843568802,-0.02739170379936695,0.022127816453576088,nan,nan,nan,-0.031543243676424026,-0.004616543650627136,-3.1360232830047607,-2.3460816009901464e-06,3135,3135,0.019497394561767578,24.876,1.03,99,4,21,0.79,895,0.01831953041255474,0.00508654722943902,0.038944825530052185,1500,1500,1452,1498,1897,1102,1897,1102
1783459519.7598,12.8601,0.01999,50.02,644,684148,0.860,GUIDED,GUIDED,128,6.4300724267959595,0.0,10.0,0.5,0.0,0.0,nan,nan,nan,nan,nan,nan,nan,nan,nan,nan,10.54487895790525,6.003951606831762,10.054687316742694,0,0,-3.2535781860351562,-5.955768585205078,-0.0933942198753357,0.002769583137705922,-0.027818480506539345,0.02234744094312191,nan,nan,nan,-0.031556326895952225,-0.0046657174825668335,-3.1359965801239014,0.0012553911656141281,3135,3135,0.01954507827758789,24.876,1.03,99,4,21,0.79,895,0.01831953041255474,0.00508654722943902,0.038944825530052185,1500,1500,1452,1498,1897,1102,1897,1102
1783459519.7799,12.8802,0.02004,49.90,645,684168,0.880,GUIDED,GUIDED,128,6.440094947814941,0.0,10.0,0.5,0.0,0.0,nan,nan,nan,nan,nan,nan,nan,nan,nan,nan,10.554749548177702,6.000255249714529,10.05350266177137,0,0,-3.2537941932678223,-5.954644203186035,-0.092410147190094,0.002982012229040265,-0.026333549991250038,0.022463247179985046,nan,nan,nan,-0.03157831355929375,-0.004715479910373688,-3.1359646320343018,0.0016338179120793939,3135,3135,0.01956772804260254,24.876,1.03,99,4,21,0.79,895,0.01831953041255474,0.00508654722943902,0.038944825530052185,1500,1500,1452,1498,1897,1102,1897,1102
1783459519.8000,12.9002,0.02016,49.61,646,684188,0.900,GUIDED,GUIDED,128,6.4500954151153564,0.0,10.0,0.5,0.0,0.0,nan,nan,nan,nan,nan,nan,nan,nan,nan,nan,10.564395451291443,5.996262371410231,10.052083705863497,0,0,-3.2539799213409424,-5.953614711761475,-0.09146338701248169,0.0032939501106739044,-0.024622637778520584,0.022735869511961937,nan,nan,nan,-0.031582061201334,-0.0046971458941698074,-3.135984420776367,-0.0008560809073969722,3135,3135,0.019556760787963867,24.876,1.03,99,4,21,0.79,895,0.01831953041255474,0.00508654722943902,0.038944825530052185,1500,1500,1452,1498,1897,1102,1897,1102
1783459519.8199,12.9201,0.01988,50.31,647,684208,0.920,GUIDED,GUIDED,128,6.460069417953491,0.0,10.0,0.5,0.0,0.0,nan,nan,nan,nan,nan,nan,nan,nan,nan,nan,10.574359435033394,5.995456966234836,10.051348872958846,0,0,-3.2540314197540283,-5.953370571136475,-0.09077984094619751,0.003329467261210084,-0.024298591539263725,0.02276547998189926,nan,nan,nan,-0.03156106919050217,-0.004571134224534035,-3.136019468307495,-0.0016348713543266058,3135,3135,0.019342422485351562,24.876,1.03,99,4,21,0.79,895,0.01831953041255474,0.00508654722943902,0.038944825530052185,1500,1500,1452,1498,1897,1102,1897,1102
1783459519.8398,12.9402,0.01994,50.15,648,684228,0.940,GUIDED,GUIDED,128,6.470076322555542,0.0,10.0,0.5,0.0,0.0,nan,nan,nan,nan,nan,nan,nan,nan,nan,nan,10.584864365723696,5.99522447336152,10.050089896145767,0,0,-3.2541797161102295,-5.952488422393799,-0.0898846983909607,0.003127550706267357,-0.024673670530319214,0.022975539788603783,nan,nan,nan,-0.03155578672885895,-0.004463307559490204,-3.1360325813293457,-0.0008725468069314957,3135,3135,0.019499778747558594,24.876,1.03,99,4,21,0.79,895,0.01831953041255474,0.00508654722943902,0.038944825530052185,1500,1500,1452,1498,1897,1102,1897,1102
1783459519.8599,12.9602,0.02003,49.91,649,684248,0.960,GUIDED,GUIDED,128,6.480094313621521,0.0,10.0,0.5,0.0,0.0,nan,nan,nan,nan,nan,nan,nan,nan,nan,nan,10.595386839231224,5.996938110243254,10.048982081520133,0,0,-3.2542216777801514,-5.952341079711914,-0.08922368288040161,0.0028605142142623663,-0.025748107582330704,0.023233499377965927,nan,nan,nan,-0.031552914530038834,-0.004493070766329765,-3.1360127925872803,0.0009598297765478492,3135,3135,0.019564390182495117,24.876,1.03,99,4,21,0.79,895,0.01831953041255474,0.00508654722943902,0.038944825530052185,1500,1500,1452,1498,1897,1102,1897,1102
1783459519.8798,12.9802,0.01997,50.08,650,684268,0.980,GUIDED,GUIDED,128,6.490090489387512,0.0,10.0,0.5,0.0,0.0,nan,nan,nan,nan,nan,nan,nan,nan,nan,nan,10.605122368277133,5.995759823145834,10.047922931028973,0,0,-3.254349946975708,-5.951629161834717,-0.08837980031967163,0.00308505492284894,-0.025478849187493324,0.023357784375548363,nan,nan,nan,-0.031555503606796265,-0.004576507955789566,-3.1359922885894775,0.001177290570922196,3135,3135,0.019543886184692383,24.876,1.03,99,4,21,0.79,895,0.01831953041255474,0.00508654722943902,0.038944825530052185,1500,1500,1452,1498,1897,1102,1897,1102
1783459519.9009,13.0002,0.02109,47.42,651,684288,0.002,GUIDED,GUIDED,128,6.500091314315796,0.0,10.0,0.5,0.0,0.0,nan,nan,nan,nan,nan,nan,nan,nan,nan,nan,10.614911765269907,5.992644987731733,10.046646588250312,0,0,-3.254458427429199,-5.95100736618042,-0.08755630254745483,0.0032697541173547506,-0.02403949201107025,0.023619234561920166,nan,nan,nan,-0.03155485913157463,-0.0046079326421022415,-3.1360056400299072,-0.0006599220214411616,3135,3135,0.019597291946411133,24.877,1.03,99,4,21,0.79,895,0.021429242566227913,9.630911517888308e-05,0.024786097928881645,1500,1500,1452,1498,1897,1102,1897,1102
1783459519.9199,13.0202,0.01902,52.59,652,684308,0.021,GUIDED,GUIDED,128,6.510105490684509,0.0,10.0,0.5,0.0,0.0,nan,nan,nan,nan,nan,nan,nan,nan,nan,nan,10.625932346485671,5.989133229851443,10.045524531515321,0,0,-3.254823684692383,-5.950183868408203,-0.08664649724960327,0.0028995873872190714,-0.022487424314022064,0.02374177798628807,nan,nan,nan,-0.031538501381874084,-0.004552299156785011,-3.136019706726074,-0.00046101686893962324,3135,3135,0.018507003784179688,24.877,1.03,99,4,21,0.79,895,0.021429242566227913,9.630911517888308e-05,0.024786097928881645,1500,1500,1452,1498,1897,1102,1897,1102
1783459519.9399,13.0402,0.01995,50.13,653,684328,0.041,GUIDED,GUIDED,128,6.520089507102966,0.0,10.0,0.5,0.0,0.0,nan,nan,nan,nan,nan,nan,nan,nan,nan,nan,10.637271699828279,5.985785966300876,10.043608504615445,0,0,-3.2555766105651855,-5.948184490203857,-0.08535689115524292,0.0025517852045595646,-0.021709222346544266,0.024103442206978798,nan,nan,nan,-0.03153333440423012,-0.004432961344718933,-3.1360278129577637,-0.00039221098995767534,3135,3135,0.019469499588012695,24.877,1.03,99,4,21,0.79,895,0.021429242566227913,9.630911517888308e-05,0.024786097928881645,1500,1500,1452,1498,1897,1102,1897,1102
1783459519.9599,13.0602,0.01999,50.01,654,684348,0.061,GUIDED,GUIDED,128,6.530099868774414,0.0,10.0,0.5,0.0,0.0,nan,nan,nan,nan,nan,nan,nan,nan,nan,nan,10.648103754301879,5.986217307861241,10.042668900452405,0,0,-3.2559077739715576,-5.94748067855835,-0.08458060026168823,0.002268577925860882,-0.022364603355526924,0.024197731167078018,nan,nan,nan,-0.03153157979249954,-0.004367958754301071,-3.136035680770874,-0.0003211993898730725,3135,3135,0.019519567489624023,24.877,1.03,99,4,21,0.79,895,0.021429242566227913,9.630911517888308e-05,0.024786097928881645,1500,1500,1452,1498,1897,1102,1897,1102
1783459519.9799,13.0802,0.02003,49.94,655,684368,0.081,GUIDED,GUIDED,128,6.540086150169373,0.0,10.0,0.5,0.0,0.0,nan,nan,nan,nan,nan,nan,nan,nan,nan,nan,10.65934857612999,5.984359307303268,10.041297157115538,0,0,-3.2565853595733643,-5.945760726928711,-0.08355659246444702,0.0019331634975969791,-0.02228490076959133,0.024398496374487877,nan,nan,nan,-0.031529925763607025,-0.004402130842208862,-3.1360013484954834,0.001580496085807681,3135,3135,0.0195159912109375,24.877,1.03,99,4,21,0.79,895,0.021429242566227913,9.630911517888308e-05,0.024786097928881645,1500,1500,1452,1498,1897,1102,1897,1102
1783459519.9999,13.1002,0.02000,50.01,656,684388,0.101,GUIDED,GUIDED,128,6.550093770027161,0.0,10.0,0.5,0.0,0.0,nan,nan,nan,nan,nan,nan,nan,nan,nan,nan,10.670647404093513,5.980942300988108,10.039793329317034,0,0,-3.2572145462036133,-5.944205284118652,-0.08256441354751587,0.001550945220515132,-0.02121012657880783,0.024693896993994713,nan,nan,nan,-0.031530916690826416,-0.004478400573134422,-3.1359872817993164,0.0007444729562848806,3135,3135,0.0194854736328125,24.877,1.03,99,4,21,0.79,895,0.021429242566227913,9.630911517888308e-05,0.024786097928881645,1500,1500,1452,1498,1897,1102,1897,1102
1783459520.0199,13.1202,0.01999,50.03,657,684408,0.121,GUIDED,GUIDED,128,6.560094475746155,0.0,10.0,0.5,0.0,0.0,nan,nan,nan,nan,nan,nan,nan,nan,nan,nan,10.681246837686832,5.978083689779477,10.038834977174435,0,0,-3.257497549057007,-5.9436726570129395,-0.08183902502059937,0.0013686612946912646,-0.019867219030857086,0.02482839860022068,nan,nan,nan,-0.03152770549058914,-0.004484565928578377,-3.1360034942626953,-0.0007323826430365443,3135,3135,0.01949620246887207,24.877,1.03,99,4,21,0.79,895,0.021429242566227913,9.630911517888308e-05,0.024786097928881645,1500,1500,1452,1498,1897,1102,1897,1102
1783459520.0399,13.1402,0.02002,49.94,658,684428,0.141,GUIDED,GUIDED,128,6.570090055465698,0.0,10.0,0.5,0.0,0.0,nan,nan,nan,nan,nan,nan,nan,nan,nan,nan,10.691955967981194,5.974088068982579,10.03721761767643,0,0,-3.2580630779266357,-5.942280292510986,-0.08089631795883179,0.0012832009233534336,-0.018364228308200836,0.02521790936589241,nan,nan,nan,-0.03152608126401901,-0.004400443285703659,-3.1360321044921875,-0.0014143941225484014,3135,3135,0.019492626190185547,24.877,1.03,99,4,21,0.79,895,0.021429242566227913,9.630911517888308e-05,0.024786097928881645,1500,1500,1452,1498,1897,1102,1897,1102
1783459520.0607,13.1604,0.02076,48.18,659,684448,0.161,GUIDED,GUIDED,128,6.580195188522339,0.0,10.0,0.5,0.0,0.0,nan,nan,nan,nan,nan,nan,nan,nan,nan,nan,10.702474293093154,5.973734525519442,10.036675030049203,0,0,-3.2583186626434326,-5.941812038421631,-0.08035260438919067,0.001192206284031272,-0.018430456519126892,0.02521725930273533,nan,nan,nan,-0.031522687524557114,-0.004302844405174255,-3.136042356491089,-0.0006069198134355247,3135,3135,0.019774198532104492,24.877,1.03,99,4,21,0.79,895,0.021429242566227913,9.630911517888308e-05,0.024786097928881645,1500,1500,1452,1498,1897,1102,1897,1102
1783459520.0804,13.1803,0.01973,50.69,660,684468,0.181,GUIDED,GUIDED,128,6.590160250663757,0.0,10.0,0.5,0.0,0.0,nan,nan,nan,nan,nan,nan,nan,nan,nan,nan,10.71326774492069,5.9730312411019195,10.036080460215658,0,0,-3.2588272094726562,-5.9405999183654785,-0.07978373765945435,0.001007544924505055,-0.0187242329120636,0.02523209899663925,nan,nan,nan,-0.031509879976511,-0.004267338663339615,-3.136018991470337,0.0011820176150649786,3135,3135,0.01906132698059082,24.877,1.03,99,4,21,0.79,895,0.021429242566227913,9.630911517888308e-05,0.024786097928881645,1500,1500,1452,1498,1897,1102,1897,1102
1783459520.1007,13.2004,0.02034,49.17,661,684488,0.201,GUIDED,GUIDED,128,6.600224494934082,0.0,10.0,0.5,0.0,0.0,nan,nan,nan,nan,nan,nan,nan,nan,nan,nan,10.72383214062958,5.971851183822773,10.03562464984647,0,0,-3.2593016624450684,-5.93951940536499,-0.07921189069747925,0.000992707908153534,-0.018666760995984077,0.025165105238556862,nan,nan,nan,-0.03150708228349686,-0.004321547225117683,-3.1359846591949463,0.0014756323071196675,3135,3135,0.019542932510375977,24.877,1.03,99,4,21,0.79,895,0.021429242566227913,0.009724271483719349,0.024786097928881645,1500,1500,1452,1498,1897,1102,1897,1102
1783459520.1207,13.2204,0.02000,49.99,662,684508,0.221,GUIDED,GUIDED,128,6.610186576843262,0.0,10.0,0.5,0.0,0.0,nan,nan,nan,nan,nan,nan,nan,nan,nan,nan,10.734344919929322,5.969901704734003,10.035065362630313,0,0,-3.2595198154449463,-5.9391937255859375,-0.07868319749832153,0.0008007133146747947,-0.0177292600274086,0.02518276870250702,nan,nan,nan,-0.031503695994615555,-0.004379959776997566,-3.135984182357788,0.00027280335780233145,3135,3135,0.019159555435180664,24.877,1.03,99,4,21,0.79,895,0.021429242566227913,0.009724271483719349,0.024786097928881645,1500,1500,1452,1498,1897,1102,1897,1102
1783459520.1404,13.2403,0.01966,50.86,663,684529,0.241,GUIDED,GUIDED,128,6.620157599449158,0.0,10.0,0.5,0.0,0.0,nan,nan,nan,nan,nan,nan,nan,nan,nan,nan,10.745385805461025,5.965254912391116,10.034921797849686,0,0,-3.260270118713379,-5.937514781951904,-0.0782809853553772,0.0006162154604680836,-0.01601577177643776,0.025033438578248024,nan,nan,nan,-0.03151156008243561,-0.004338720813393593,-3.1360106468200684,-0.0013936604373157024,3135,3135,0.019015073776245117,24.877,1.03,99,4,21,0.79,895,0.021429242566227913,0.009724271483719349,0.024786097928881645,1500,1500,1452,1498,1897,1102,1897,1102
1783459520.1608,13.2605,0.02043,48.94,664,684548,0.262,GUIDED,GUIDED,128,6.6302268505096436,0.0,10.0,0.5,0.0,0.0,nan,nan,nan,nan,nan,nan,nan,nan,nan,nan,10.755943013395296,5.962966308647183,10.034643426888755,0,0,-3.260779619216919,-5.93651819229126,-0.07807320356369019,0.0006286536809056997,-0.015269827097654343,0.025074193254113197,nan,nan,nan,-0.03151047229766846,-0.004236739128828049,-3.1360409259796143,-0.001557048293761909,3135,3135,0.019689559936523438,24.877,1.03,99,4,21,0.79,895,0.021429242566227913,0.009724271483719349,0.024786097928881645,1500,1500,1452,1498,1897,1102,1897,1102
1783459520.1807,13.2804,0.01983,50.43,665,684568,0.281,GUIDED,GUIDED,128,6.640175461769104,0.0,10.0,0.5,0.0,0.0,nan,nan,nan,nan,nan,nan,nan,nan,nan,nan,10.76770160743124,5.960548343608532,10.034491842365421,0,0,-3.2617578506469727,-5.934361934661865,-0.07810813188552856,0.00014844181714579463,-0.015118730254471302,0.025181876495480537,nan,nan,nan,-0.031489383429288864,-0.004182631149888039,-3.13602614402771,0.0005011892644688487,3135,3135,0.01896500587463379,24.877,1.03,99,4,21,0.79,895,0.021429242566227913,0.009724271483719349,0.024786097928881645,1500,1500,1452,1498,1897,1102,1897,1102
1783459520.2006,13.3004,0.01996,50.11,666,684588,0.301,GUIDED,GUIDED,128,6.650180339813232,0.0,10.0,0.5,0.0,0.0,nan,nan,nan,nan,nan,nan,nan,nan,nan,nan,10.779699510914238,5.958540999942763,10.034384705833869,0,0,-3.262672185897827,-5.932392597198486,-0.07810407876968384,-0.00047434025327675045,-0.015096787363290787,0.025241391733288765,nan,nan,nan,-0.031465012580156326,-0.004176018759608269,-3.135979652404785,0.0023267378564924,3135,3135,0.019205093383789062,24.877,1.03,99,4,21,0.79,895,0.021429242566227913,0.009724271483719349,0.024786097928881645,1500,1500,1452,1498,1897,1102,1897,1102
1783459520.2207,13.3204,0.02009,49.77,667,684608,0.321,GUIDED,GUIDED,128,6.66022253036499,0.0,10.0,0.5,0.0,0.0,nan,nan,nan,nan,nan,nan,nan,nan,nan,nan,10.790564457046742,5.956664257808051,10.034099410515568,0,0,-3.263117551803589,-5.931619167327881,-0.07782727479934692,-0.0006922262837179005,-0.014459789730608463,0.02524629421532154,nan,nan,nan,-0.03146389499306679,-0.004224255681037903,-3.135969877243042,0.0006907381466589868,3135,3135,0.019304275512695312,24.877,1.03,99,4,21,0.79,895,0.021429242566227913,0.009724271483719349,0.024786097928881645,1500,1500,1452,1498,1897,1102,1897,1102
1783459520.2403,13.3403,0.01963,50.94,668,684629,0.341,GUIDED,GUIDED,128,6.670162558555603,0.0,10.0,0.5,0.0,0.0,nan,nan,nan,nan,nan,nan,nan,nan,nan,nan,10.80147828266063,5.951354021972802,10.034057675929029,0,0,-3.2639472484588623,-5.929869651794434,-0.07775312662124634,-0.0007754229009151459,-0.012404006905853748,0.025227580219507217,nan,nan,nan,-0.031453412026166916,-0.004265500232577324,-3.1360018253326416,-0.0015534114791080356,3135,3135,0.019006729125976562,24.877,1.03,99,4,21,0.79,895,0.021429242566227913,0.009724271483719349,0.024786097928881645,1500,1500,1452,1498,1897,1102,1897,1102
1783459520.2606,13.3604,0.02025,49.37,669,684648,0.361,GUIDED,GUIDED,128,6.680189490318298,0.0,10.0,0.5,0.0,0.0,nan,nan,nan,nan,nan,nan,nan,nan,nan,nan,10.81202372836045,5.948863310542423,10.03345439996815,0,0,-3.264350175857544,-5.929153919219971,-0.07757753133773804,-0.000842156819999218,-0.011379222385585308,0.02547450177371502,nan,nan,nan,-0.031428106129169464,-0.004202600568532944,-3.136033773422241,-0.0019352843519300222,3135,3135,0.019510507583618164,24.877,1.03,99,4,21,0.79,895,0.021429242566227913,0.009724271483719349,0.024786097928881645,1500,1500,1452,1498,1897,1102,1897,1102
1783459520.2808,13.3805,0.02020,49.50,670,684668,0.381,GUIDED,GUIDED,128,6.6902337074279785,0.0,10.0,0.5,0.0,0.0,nan,nan,nan,nan,nan,nan,nan,nan,nan,nan,10.823756759023869,5.945963881614694,10.033876729466273,0,0,-3.2651021480560303,-5.927574157714844,-0.07770174741744995,-0.0013830424286425114,-0.010617312043905258,0.025302385911345482,nan,nan,nan,-0.031408343464136124,-0.004099363461136818,-3.136047601699829,-0.0005200540763325989,3135,3135,0.01942157745361328,24.877,1.03,99,4,21,0.79,895,0.021429242566227913,0.009724271483719349,0.024786097928881645,1500,1500,1452,1498,1897,1102,1897,1102
1783459520.3007,13.4004,0.01991,50.22,671,684689,0.401,GUIDED,GUIDED,128,6.700192809104919,0.0,10.0,0.5,0.0,0.0,nan,nan,nan,nan,nan,nan,nan,nan,nan,nan,10.835041288733004,5.944692671139885,10.034172183734073,0,0,-3.2658088207244873,-5.926128387451172,-0.07777684926986694,-0.0017402810044586658,-0.010718094184994698,0.02517516538500786,nan,nan,nan,-0.03140943869948387,-0.004067538306117058,-3.1360082626342773,0.0018034502863883972,3135,3135,0.0191190242767334,24.877,1.03,99,4,21,0.79,895,0.021290652453899384,0.007428513374179602,0.019899209961295128,1500,1500,1452,1498,1897,1102,1897,1102
1783459520.3208,13.4204,0.02007,49.83,672,684708,0.421,GUIDED,GUIDED,128,6.710218191146851,0.0,10.0,0.5,0.0,0.0,nan,nan,nan,nan,nan,nan,nan,nan,nan,nan,10.845457840267496,5.944143135134494,10.034085607716676,0,0,-3.2662301063537598,-5.925045490264893,-0.07771271467208862,-0.0017228934448212385,-0.011026030406355858,0.02518812194466591,nan,nan,nan,-0.03140027076005936,-0.004120837897062302,-3.1359751224517822,0.0018076678970828652,3135,3135,0.019222736358642578,24.877,1.03,99,4,21,0.79,895,0.021290652453899384,0.007428513374179602,0.019899209961295128,1500,1500,1452,1498,1897,1102,1897,1102
1783459520.3404,13.4404,0.01966,50.86,673,684728,0.441,GUIDED,GUIDED,128,6.720198035240173,0.0,10.0,0.5,0.0,0.0,nan,nan,nan,nan,nan,nan,nan,nan,nan,nan,10.85660380493878,5.939741080761334,10.034728082163463,0,0,-3.2669947147369385,-5.922797679901123,-0.07804924249649048,-0.0019547066185623407,-0.009782277047634125,0.02501148357987404,nan,nan,nan,-0.031403422355651855,-0.004154598340392113,-3.135988712310791,-0.000549241725821048,3135,3135,0.019045591354370117,24.877,1.03,99,4,21,0.79,895,0.021290652453899384,0.007428513374179602,0.019899209961295128,1500,1500,1452,1498,1897,1102,1897,1102
1783459520.3607,13.4604,0.02026,49.35,674,684748,0.461,GUIDED,GUIDED,128,6.730183839797974,0.0,10.0,0.5,0.0,0.0,nan,nan,nan,nan,nan,nan,nan,nan,nan,nan,10.867019893362405,5.9361293704056495,10.034895990236052,0,0,-3.2673778533935547,-5.921823978424072,-0.07811123132705688,-0.00198192591778934,-0.008259221911430359,0.024950331076979637,nan,nan,nan,-0.031386036425828934,-0.004135938361287117,-3.136035442352295,-0.002289679367095232,3135,3135,0.01941394805908203,24.877,1.03,99,4,21,0.79,895,0.021290652453899384,0.007428513374179602,0.019899209961295128,1500,1500,1452,1498,1897,1102,1897,1102
1783459520.3807,13.4805,0.02002,49.96,675,684768,0.481,GUIDED,GUIDED,128,6.740225911140442,0.0,10.0,0.5,0.0,0.0,nan,nan,nan,nan,nan,nan,nan,nan,nan,nan,10.87851238330873,5.931491146194142,10.035698791639557,0,0,-3.2680697441101074,-5.919787883758545,-0.0786777138710022,-0.002419862197712064,-0.006756881717592478,0.02481389231979847,nan,nan,nan,-0.031375426799058914,-0.004064260050654411,-3.136061906814575,-0.0014686206122860312,3135,3135,0.019275426864624023,24.877,1.03,99,4,21,0.79,895,0.021290652453899384,0.007428513374179602,0.019899209961295128,1500,1500,1452,1498,1897,1102,1897,1102
1783459520.4021,13.5004,0.02140,46.72,676,684789,0.503,GUIDED,GUIDED,128,6.750193476676941,0.0,10.0,0.5,0.0,0.0,nan,nan,nan,nan,nan,nan,nan,nan,nan,nan,10.889434486659098,5.929093677882113,10.036322824365625,0,0,-3.268716812133789,-5.917908191680908,-0.07915908098220825,-0.0025973799638450146,-0.006457943469285965,0.024731524288654327,nan,nan,nan,-0.03138667345046997,-0.0039643533527851105,-3.1360418796539307,0.0009537818259559572,3135,3135,0.01924586296081543,24.877,1.03,99,4,21,0.79,895,0.021290652453899384,0.007428513374179602,0.019899209961295128,1500,1500,1452,1498,1897,1102,1897,1102
1783459520.4202,13.5203,0.01812,55.17,677,684808,0.521,GUIDED,GUIDED,128,6.760151505470276,0.0,10.0,0.5,0.0,0.0,nan,nan,nan,nan,nan,nan,nan,nan,nan,nan,10.899300011332722,5.929653090981592,10.036276473629421,0,0,-3.2690484523773193,-5.917099475860596,-0.07911819219589233,-0.0023525001015514135,-0.0072478330694139,0.024734677746891975,nan,nan,nan,-0.03137452155351639,-0.003950722515583038,-3.1360039710998535,0.0021279635839164257,3135,3135,0.017554283142089844,24.877,1.03,99,4,21,0.79,895,0.021290652453899384,0.007428513374179602,0.019899209961295128,1500,1500,1452,1498,1897,1102,1897,1102
1783459520.4401,13.5403,0.01981,50.47,678,684828,0.541,GUIDED,GUIDED,128,6.770145297050476,0.0,10.0,0.5,0.0,0.0,nan,nan,nan,nan,nan,nan,nan,nan,nan,nan,10.910241941703058,5.927516892255407,10.036825867097203,0,0,-3.2696290016174316,-5.915460109710693,-0.07947784662246704,-0.0025647280272096395,-0.006960986647754908,0.024625131860375404,nan,nan,nan,-0.031359922140836716,-0.004035269841551781,-3.1359963417053223,0.0002257939922856167,3135,3135,0.019253253936767578,24.877,1.03,99,4,21,0.79,895,0.021290652453899384,0.007428513374179602,0.019899209961295128,1500,1500,1452,1498,1897,1102,1897,1102
1783459520.4604,13.5604,0.02037,49.10,679,684848,0.561,GUIDED,GUIDED,128,6.780175447463989,0.0,10.0,0.5,0.0,0.0,nan,nan,nan,nan,nan,nan,nan,nan,nan,nan,10.921102302643098,5.924838767591618,10.03693419909027,0,0,-3.2699317932128906,-5.914748191833496,-0.07956713438034058,-0.00286923348903656,-0.005825796630233526,0.024614136666059494,nan,nan,nan,-0.03135685250163078,-0.004077352583408356,-3.136023759841919,-0.0012349936878308654,3135,3135,0.019727230072021484,24.877,1.03,99,4,21,0.79,895,0.021290652453899384,0.007428513374179602,0.019899209961295128,1500,1500,1452,1498,1897,1102,1897,1102
1783459520.4807,13.5804,0.02031,49.23,680,684868,0.581,GUIDED,GUIDED,128,6.790202260017395,0.0,10.0,0.5,0.0,0.0,nan,nan,nan,nan,nan,nan,nan,nan,nan,nan,10.931455107812146,5.920318090738984,10.037835572249318,0,0,-3.2704625129699707,-5.91326379776001,-0.08014911413192749,-0.0027510342188179493,-0.004072797950357199,0.02442973479628563,nan,nan,nan,-0.03136029839515686,-0.0040287114679813385,-3.136082887649536,-0.00296524865552783,3135,3135,0.019558429718017578,24.877,1.03,99,4,21,0.79,895,0.021290652453899384,0.007428513374179602,0.019899209961295128,1500,1500,1452,1498,1897,1102,1897,1102
1783459520.5013,13.6003,0.02058,48.59,681,684888,0.602,GUIDED,GUIDED,128,6.80017364025116,0.0,10.0,0.5,0.0,0.0,nan,nan,nan,nan,nan,nan,nan,nan,nan,nan,10.942063351197792,5.9174156979078925,10.038643875777403,0,0,-3.270951509475708,-5.911877155303955,-0.08065921068191528,-0.0028364050667732954,-0.0031976790633052588,0.024257564917206764,nan,nan,nan,-0.031360652297735214,-0.003943350166082382,-3.136101484298706,-0.0013380948221310973,3135,3135,0.01913905143737793,24.877,1.03,99,4,21,0.79,895,0.020373893901705742,0.01132962852716446,0.01159570924937725,1500,1500,1452,1498,1897,1102,1897,1102
1783459520.5206,13.6203,0.01923,51.99,682,684908,0.621,GUIDED,GUIDED,128,6.810161709785461,0.0,10.0,0.5,0.0,0.0,nan,nan,nan,nan,nan,nan,nan,nan,nan,nan,10.952057691487337,5.916682171642692,10.039253932670178,0,0,-3.2713513374328613,-5.910517692565918,-0.08084481954574585,-0.0026091847103089094,-0.0035590636543929577,0.024012509733438492,nan,nan,nan,-0.03134132921695709,-0.003867940977215767,-3.1360549926757812,0.0025025256909430027,3135,3135,0.018425703048706055,24.877,1.03,99,4,21,0.79,895,0.020373893901705742,0.01132962852716446,0.01159570924937725,1500,1500,1452,1498,1897,1102,1897,1102
1783459520.5406,13.6405,0.02001,49.97,683,684928,0.641,GUIDED,GUIDED,128,6.82023549079895,0.0,10.0,0.5,0.0,0.0,nan,nan,nan,nan,nan,nan,nan,nan,nan,nan,10.963537272141576,5.913266989735965,10.040262019562535,0,0,-3.272055149078369,-5.907897472381592,-0.0816161036491394,-0.0030144776683300734,-0.003100092289969325,0.02387579157948494,nan,nan,nan,-0.031327713280916214,-0.0038563627749681473,-3.136012554168701,0.00233299657702446,3135,3135,0.019437551498413086,24.877,1.03,99,4,21,0.79,895,0.020373893901705742,0.01132962852716446,0.01159570924937725,1500,1500,1452,1498,1897,1102,1897,1102
1783459520.5604,13.6604,0.01978,50.55,684,684948,0.661,GUIDED,GUIDED,128,6.830217003822327,0.0,10.0,0.5,0.0,0.0,nan,nan,nan,nan,nan,nan,nan,nan,nan,nan,10.974578013339693,5.911174982960382,10.040751766494145,0,0,-3.2724215984344482,-5.906693935394287,-0.08187764883041382,-0.0034144537057727575,-0.0025871340185403824,0.023744039237499237,nan,nan,nan,-0.0313408225774765,-0.003914777189493179,-3.1360204219818115,-0.00021688187553081661,3135,3135,0.019242525100708008,24.877,1.03,99,4,21,0.79,895,0.020373893901705742,0.01132962852716446,0.01159570924937725,1500,1500,1452,1498,1897,1102,1897,1102
1783459520.5805,13.6804,0.02017,49.58,685,684968,0.681,GUIDED,GUIDED,128,6.84018075466156,0.0,10.0,0.5,0.0,0.0,nan,nan,nan,nan,nan,nan,nan,nan,nan,nan,10.985168464103147,5.905824450930109,10.041974014747328,0,0,-3.273061990737915,-5.90434455871582,-0.08279317617416382,-0.0034065484069287777,-0.000854416168294847,0.02356695383787155,nan,nan,nan,-0.031360283493995667,-0.00392754003405571,-3.1360628604888916,-0.002124482300132513,3135,3135,0.019470930099487305,24.877,1.03,99,4,21,0.79,895,0.020373893901705742,0.01132962852716446,0.01159570924937725,1500,1500,1452,1498,1897,1102,1897,1102
1783459520.6006,13.7005,0.02012,49.71,686,684988,0.701,GUIDED,GUIDED,128,6.850231647491455,0.0,10.0,0.5,0.0,0.0,nan,nan,nan,nan,nan,nan,nan,nan,nan,nan,10.995504210396271,5.900405882331482,10.042711716340339,0,0,-3.273650646209717,-5.902148246765137,-0.08360129594802856,-0.003231148235499859,0.0010059545747935772,0.023607609793543816,nan,nan,nan,-0.0313546396791935,-0.0038580410182476044,-3.1360843181610107,-0.001520716119557619,3135,3135,0.019482851028442383,24.877,1.03,99,4,21,0.79,895,0.020373893901705742,0.01132962852716446,0.01159570924937725,1500,1500,1452,1498,1897,1102,1897,1102
1783459520.6206,13.7204,0.01997,50.08,687,685008,0.721,GUIDED,GUIDED,128,6.860180616378784,0.0,10.0,0.5,0.0,0.0,nan,nan,nan,nan,nan,nan,nan,nan,nan,nan,11.005745279485936,5.898650047596539,10.043177816119961,0,0,-3.273958683013916,-5.901090621948242,-0.08372515439987183,-0.0032219472341239452,0.0014090662589296699,0.023410016670823097,nan,nan,nan,-0.031329188495874405,-0.0037736091762781143,-3.136058807373047,0.0012896290281787515,3135,3135,0.019249916076660156,24.877,1.03,99,4,21,0.79,895,0.020373893901705742,0.01132962852716446,0.01159570924937725,1500,1500,1452,1498,1897,1102,1897,1102
1783459520.6406,13.7403,0.02003,49.92,688,685028,0.741,GUIDED,GUIDED,128,6.870156764984131,0.0,10.0,0.5,0.0,0.0,nan,nan,nan,nan,nan,nan,nan,nan,nan,nan,11.016553576032551,5.896380387996331,10.044027661844227,0,0,-3.2744832038879395,-5.899115562438965,-0.0843854546546936,-0.003399555804207921,0.0015791537007316947,0.02330058254301548,nan,nan,nan,-0.03133152797818184,-0.003734000027179718,-3.1360130310058594,0.002473789267241955,3135,3135,0.01916027069091797,24.877,1.03,99,4,21,0.79,895,0.020373893901705742,0.01132962852716446,0.01159570924937725,1500,1500,1452,1498,1897,1102,1897,1102
1783459520.6612,13.7604,0.02052,48.72,689,685048,0.762,GUIDED,GUIDED,128,6.880179166793823,0.0,10.0,0.5,0.0,0.0,nan,nan,nan,nan,nan,nan,nan,nan,nan,nan,11.026991751747413,5.895628454409817,10.044497393770873,0,0,-3.2747678756713867,-5.898172378540039,-0.08460348844528198,-0.003475247649475932,0.0014687352813780308,0.02315526455640793,nan,nan,nan,-0.03135960176587105,-0.0037473440170288086,-3.136012077331543,0.00036502882721833885,3135,3135,0.019350767135620117,24.877,1.03,99,4,21,0.79,895,0.020373893901705742,0.01132962852716446,0.01159570924937725,1500,1500,1452,1498,1897,1102,1897,1102
1783459520.6808,13.7803,0.01962,50.97,690,685068,0.781,GUIDED,GUIDED,128,6.890173077583313,0.0,10.0,0.5,0.0,0.0,nan,nan,nan,nan,nan,nan,nan,nan,nan,nan,11.036926878706252,5.8924082797687705,10.045590265741138,0,0,-3.275235891342163,-5.89640998840332,-0.08543199300765991,-0.003171099815517664,0.002310387557372451,0.023002631962299347,nan,nan,nan,-0.031366098672151566,-0.0038053784519433975,-3.136043071746826,-0.0014833802124485373,3135,3135,0.018715381622314453,24.877,1.03,99,4,21,0.79,895,0.020373893901705742,0.01132962852716446,0.01159570924937725,1500,1500,1452,1498,1897,1102,1897,1102
1783459520.7009,13.8004,0.02011,49.72,691,685088,0.802,GUIDED,GUIDED,128,6.900190949440002,0.0,10.0,0.5,0.0,0.0,nan,nan,nan,nan,nan,nan,nan,nan,nan,nan,11.04798715155615,5.887752677550614,10.046763119045417,0,0,-3.275667667388916,-5.8947577476501465,-0.08615177869796753,-0.0035236442927271128,0.004044379107654095,0.022741053253412247,nan,nan,nan,-0.03136032819747925,-0.0038164015859365463,-3.1360867023468018,-0.002335728844627738,3135,3135,0.01918196678161621,24.877,1.03,99,4,21,0.79,895,0.02097233757376671,0.009065267629921436,0.021287279203534126,1500,1500,1452,1498,1897,1102,1897,1102
1783459520.7208,13.8204,0.01989,50.28,692,685108,0.821,GUIDED,GUIDED,128,6.910224914550781,0.0,10.0,0.5,0.0,0.0,nan,nan,nan,nan,nan,nan,nan,nan,nan,nan,11.05862030712906,5.884902317619526,10.047233784739836,0,0,-3.2761070728302,-5.893621444702148,-0.08622211217880249,-0.0036158962175250053,0.005033990368247032,0.022509921342134476,nan,nan,nan,-0.03134880214929581,-0.0037503093481063843,-3.1360867023468018,-9.289072477258742e-05,3135,3135,0.019098520278930664,24.877,1.03,99,4,21,0.79,895,0.02097233757376671,0.009065267629921436,0.021287279203534126,1500,1500,1452,1498,1897,1102,1897,1102
1783459520.7406,13.8405,0.01976,50.61,693,685129,0.841,GUIDED,GUIDED,128,6.920243144035339,0.0,10.0,0.5,0.0,0.0,nan,nan,nan,nan,nan,nan,nan,nan,nan,nan,11.069876332459827,5.881691058173933,10.048133578684693,0,0,-3.276878833770752,-5.891545295715332,-0.08676201105117798,-0.0038849615957587957,0.005689346697181463,0.022302135825157166,nan,nan,nan,-0.031354162842035294,-0.0036774612963199615,-3.1360554695129395,0.0014804248930886388,3135,3135,0.019235610961914062,24.877,1.03,99,4,21,0.79,895,0.02097233757376671,0.009065267629921436,0.021287279203534126,1500,1500,1452,1498,1897,1102,1897,1102
1783459520.7607,13.8605,0.02020,49.51,694,685148,0.861,GUIDED,GUIDED,128,6.930246949195862,0.0,10.0,0.5,0.0,0.0,nan,nan,nan,nan,nan,nan,nan,nan,nan,nan,11.080688847361229,5.881465272339464,10.048348825059447,0,0,-3.277284860610962,-5.890514850616455,-0.0868958830833435,-0.004117450676858425,0.005224776454269886,0.022255154326558113,nan,nan,nan,-0.031372517347335815,-0.003674658015370369,-3.1360294818878174,0.0015025221509858966,3135,3135,0.01950979232788086,24.877,1.03,99,4,21,0.79,895,0.02097233757376671,0.009065267629921436,0.021287279203534126,1500,1500,1452,1498,1897,1102,1897,1102
1783459520.7808,13.8804,0.02006,49.84,695,685168,0.882,GUIDED,GUIDED,128,6.940190315246582,0.0,10.0,0.5,0.0,0.0,nan,nan,nan,nan,nan,nan,nan,nan,nan,nan,11.091252856535721,5.879387100606591,10.049086532045543,0,0,-3.2779805660247803,-5.888674259185791,-0.08752447366714478,-0.004074113443493843,0.005361943505704403,0.022192155942320824,nan,nan,nan,-0.03136355057358742,-0.003706192597746849,-3.136045455932617,-0.0007077908958308399,3135,3135,0.01915121078491211,24.877,1.03,99,4,21,0.79,895,0.02097233757376671,0.009065267629921436,0.021287279203534126,1500,1500,1452,1498,1897,1102,1897,1102
1783459520.8008,13.9004,0.01995,50.13,696,685188,0.901,GUIDED,GUIDED,128,6.950189232826233,0.0,10.0,0.5,0.0,0.0,nan,nan,nan,nan,nan,nan,nan,nan,nan,nan,11.102365653348134,5.875479993816024,10.049965270075475,0,0,-3.278627634048462,-5.886961460113525,-0.08806568384170532,-0.004343627020716667,0.006628827657550573,0.02199728414416313,nan,nan,nan,-0.03136100620031357,-0.0037400461733341217,-3.1360814571380615,-0.0018827192252501845,3135,3135,0.019111156463623047,24.877,1.03,99,4,21,0.79,895,0.02097233757376671,0.009065267629921436,0.021287279203534126,1500,1500,1452,1498,1897,1102,1897,1102
1783459520.8201,13.9201,0.01934,51.71,697,685208,0.921,GUIDED,GUIDED,128,6.9600419998168945,0.0,10.0,0.5,0.0,0.0,nan,nan,nan,nan,nan,nan,nan,nan,nan,nan,11.112868343767323,5.8725085199192915,10.049961602265917,0,0,-3.278980016708374,-5.886069297790527,-0.0880846381187439,-0.004515412263572216,0.007829318754374981,0.02201034501194954,nan,nan,nan,-0.03135240823030472,-0.0037352517247200012,-3.136101245880127,-0.0011621961602941155,3135,3135,0.01872396469116211,24.877,1.03,99,4,21,0.79,895,0.02097233757376671,0.009065267629921436,0.021287279203534126,1500,1500,1452,1498,1897,1102,1897,1102
1783459520.8406,13.9403,0.02054,48.69,698,685228,0.941,GUIDED,GUIDED,128,6.970173358917236,0.0,10.0,0.5,0.0,0.0,nan,nan,nan,nan,nan,nan,nan,nan,nan,nan,11.123412525122571,5.8697184288832,10.050519136713822,0,0,-3.279564380645752,-5.884504795074463,-0.08851546049118042,-0.004416372627019882,0.008536912500858307,0.021937187761068344,nan,nan,nan,-0.03136848285794258,-0.0036698412150144577,-3.136072874069214,0.0014418589416891336,3135,3135,0.019716978073120117,24.877,1.03,99,4,21,0.79,895,0.02097233757376671,0.009065267629921436,0.021287279203534126,1500,1500,1452,1498,1897,1102,1897,1102
1783459520.8610,13.9604,0.02036,49.12,699,685248,0.962,GUIDED,GUIDED,128,6.980179786682129,0.0,10.0,0.5,0.0,0.0,nan,nan,nan,nan,nan,nan,nan,nan,nan,nan,11.133403237814505,5.869028246209571,10.050933885104234,0,0,-3.2798831462860107,-5.883678436279297,-0.08863693475723267,-0.004223260097205639,0.008458291180431843,0.021767865866422653,nan,nan,nan,-0.031367965042591095,-0.003613218665122986,-3.1360325813293457,0.0020565681625157595,3135,3135,0.019255638122558594,24.877,1.03,99,4,21,0.79,895,0.02097233757376671,0.009065267629921436,0.021287279203534126,1500,1500,1452,1498,1897,1102,1897,1102
1783459520.8808,13.9804,0.01982,50.44,700,685268,0.982,GUIDED,GUIDED,128,6.990182995796204,0.0,10.0,0.5,0.0,0.0,nan,nan,nan,nan,nan,nan,nan,nan,nan,nan,11.144302387793644,5.868171509264299,10.051510048879594,0,0,-3.2804057598114014,-5.882283687591553,-0.0892375111579895,-0.004438800737261772,0.008147669956088066,0.021781960502266884,nan,nan,nan,-0.031361788511276245,-0.0036114808171987534,-3.1360228061676025,0.0010080300271511078,3135,3135,0.018962621688842773,24.877,1.03,99,4,21,0.79,895,0.02097233757376671,0.009065267629921436,0.021287279203534126,1500,1500,1452,1498,1897,1102,1897,1102
1783459520.9018,14.0004,0.02093,47.77,701,685289,0.002,GUIDED,GUIDED,128,7.000194430351257,0.0,10.0,0.5,0.0,0.0,nan,nan,nan,nan,nan,nan,nan,nan,nan,nan,11.155302912001893,5.866693285939013,10.052049442783424,0,0,-3.2808961868286133,-5.880999565124512,-0.0897570252418518,-0.004726703744381666,0.008259734138846397,0.021770482882857323,nan,nan,nan,-0.0313582643866539,-0.003659365698695183,-3.136056661605835,-0.0016567608108744025,3135,3135,0.019002437591552734,24.885,1.05,99,4,21,0.79,895,0.019835222512483597,0.008545298129320145,0.004154382273554802,1500,1500,1452,1498,1897,1102,1897,1102
1783459520.9204,14.0203,0.01862,53.71,702,685308,0.021,GUIDED,GUIDED,128,7.010169863700867,0.0,10.0,0.5,0.0,0.0,nan,nan,nan,nan,nan,nan,nan,nan,nan,nan,11.165904349769836,5.863898064620065,10.051884303361758,0,0,-3.2811920642852783,-5.880007743835449,-0.0898316502571106,-0.004917302634567022,0.009300927631556988,0.02190891094505787,nan,nan,nan,-0.0313727892935276,-0.0036914926022291183,-3.1360995769500732,-0.0025261498522013426,3135,3135,0.018025875091552734,24.885,1.05,99,4,21,0.79,895,0.019835222512483597,0.008545298129320145,0.004154382273554802,1500,1500,1452,1498,1897,1102,1897,1102
1783459520.9403,14.0403,0.01991,50.23,703,685328,0.041,GUIDED,GUIDED,128,7.020150423049927,0.0,10.0,0.5,0.0,0.0,nan,nan,nan,nan,nan,nan,nan,nan,nan,nan,11.175587260543278,5.860294707390629,10.052880364300709,0,0,-3.281658887863159,-5.878278732299805,-0.09034711122512817,-0.0044759344309568405,0.010383081622421741,0.021631436422467232,nan,nan,nan,-0.031394653022289276,-0.0036761630326509476,-3.1361098289489746,-0.0006419951096177101,3135,3135,0.019304752349853516,24.885,1.05,99,4,21,0.79,895,0.019835222512483597,0.008545298129320145,0.004154382273554802,1500,1500,1452,1498,1897,1102,1897,1102
1783459520.9607,14.0604,0.02037,49.10,704,685348,0.061,GUIDED,GUIDED,128,7.030175447463989,0.0,10.0,0.5,0.0,0.0,nan,nan,nan,nan,nan,nan,nan,nan,nan,nan,11.185986533277811,5.858785869223276,10.052828836499977,0,0,-3.281921625137329,-5.877350330352783,-0.09049302339553833,-0.004540315363556147,0.010718196630477905,0.021745428442955017,nan,nan,nan,-0.031392522156238556,-0.003607366234064102,-3.13606595993042,0.0023033025208860636,3135,3135,0.01954340934753418,24.885,1.05,99,4,21,0.79,895,0.019835222512483597,0.008545298129320145,0.004154382273554802,1500,1500,1452,1498,1897,1102,1897,1102
1783459520.9807,14.0803,0.02007,49.84,705,685368,0.081,GUIDED,GUIDED,128,7.0401517152786255,0.0,10.0,0.5,0.0,0.0,nan,nan,nan,nan,nan,nan,nan,nan,nan,nan,11.196418517524442,5.85749756681736,10.053887306216529,0,0,-3.2823314666748047,-5.875802040100098,-0.09114700555801392,-0.004566801246255636,0.010568092577159405,0.021511897444725037,nan,nan,nan,-0.03139762207865715,-0.0035574212670326233,-3.136040687561035,0.0016581774689257145,3135,3135,0.019119739532470703,24.885,1.05,99,4,21,0.79,895,0.019835222512483597,0.008545298129320145,0.004154382273554802,1500,1500,1452,1498,1897,1102,1897,1102
1783459521.0008,14.1004,0.02007,49.81,706,685388,0.101,GUIDED,GUIDED,128,7.050182819366455,0.0,10.0,0.5,0.0,0.0,nan,nan,nan,nan,nan,nan,nan,nan,nan,nan,11.20693861755987,5.856574426729454,10.054835362004587,0,0,-3.2827138900756836,-5.874382019042969,-0.09171968698501587,-0.004628330934792757,0.010281218215823174,0.021295174956321716,nan,nan,nan,-0.03139623627066612,-0.0035798996686935425,-3.1360557079315186,-0.0006901249289512634,3135,3135,0.01918506622314453,24.885,1.05,99,4,21,0.79,895,0.019835222512483597,0.008545298129320145,0.004154382273554802,1500,1500,1452,1498,1897,1102,1897,1102
1783459521.0207,14.1204,0.01987,50.34,707,685408,0.121,GUIDED,GUIDED,128,7.060223340988159,0.0,10.0,0.5,0.0,0.0,nan,nan,nan,nan,nan,nan,nan,nan,nan,nan,11.217127599349075,5.855593012426276,10.054936704984886,0,0,-3.2829408645629883,-5.873611927032471,-0.09175688028335571,-0.004583000671118498,0.0104032251983881,0.021258138120174408,nan,nan,nan,-0.031407471746206284,-0.0036452841013669968,-3.1360905170440674,-0.002161700977012515,3135,3135,0.019143342971801758,24.885,1.05,99,4,21,0.79,895,0.019835222512483597,0.008545298129320145,0.004154382273554802,1500,1500,1452,1498,1897,1102,1897,1102
1783459521.0406,14.1402,0.01991,50.22,708,685428,0.141,GUIDED,GUIDED,128,7.070115566253662,0.0,10.0,0.5,0.0,0.0,nan,nan,nan,nan,nan,nan,nan,nan,nan,nan,11.227229394052866,5.853120059519101,10.05561263835018,0,0,-3.283278226852417,-5.872346878051758,-0.09221118688583374,-0.00450921943411231,0.011100608855485916,0.021130181849002838,nan,nan,nan,-0.03140075132250786,-0.0036710109561681747,-3.136108160018921,-0.0011853418545797467,3135,3135,0.019071102142333984,24.885,1.05,99,4,21,0.79,895,0.019835222512483597,0.008545298129320145,0.004154382273554802,1500,1500,1452,1498,1897,1102,1897,1102
1783459521.0604,14.1603,0.01979,50.54,709,685448,0.161,GUIDED,GUIDED,128,7.0801674127578735,0.0,10.0,0.5,0.0,0.0,nan,nan,nan,nan,nan,nan,nan,nan,nan,nan,11.237390063717347,5.851125225017282,10.055753706879033,0,0,-3.283479928970337,-5.871626853942871,-0.09234350919723511,-0.0044555957429111,0.011836620979011059,0.021125132218003273,nan,nan,nan,-0.03139038383960724,-0.0036370325833559036,-3.1360909938812256,0.0006199224735610187,3135,3135,0.01916646957397461,24.885,1.05,99,4,21,0.79,895,0.019835222512483597,0.008545298129320145,0.004154382273554802,1500,1500,1452,1498,1897,1102,1897,1102
1783459521.0811,14.1804,0.02071,48.29,710,685468,0.181,GUIDED,GUIDED,128,7.090179800987244,0.0,10.0,0.5,0.0,0.0,nan,nan,nan,nan,nan,nan,nan,nan,nan,nan,11.248144467548961,5.849509986960445,10.056473902603656,0,0,-3.283782720565796,-5.870474815368652,-0.09294766187667847,-0.004709181841462851,0.012104049324989319,0.021058134734630585,nan,nan,nan,-0.031394753605127335,-0.0035766232758760452,-3.136054277420044,0.0020378688350319862,3135,3135,0.019491195678710938,24.885,1.05,99,4,21,0.79,895,0.019835222512483597,0.008545298129320145,0.004154382273554802,1500,1500,1452,1498,1897,1102,1897,1102
1783459521.1006,14.2004,0.01958,51.08,711,685489,0.201,GUIDED,GUIDED,128,7.100211501121521,0.0,10.0,0.5,0.0,0.0,nan,nan,nan,nan,nan,nan,nan,nan,nan,nan,11.258493746819475,5.849883585332957,10.057304687733872,0,0,-3.284066677093506,-5.869420528411865,-0.09347349405288696,-0.004728593863546848,0.01127965934574604,0.020882070064544678,nan,nan,nan,-0.03140658885240555,-0.0035568326711654663,-3.1360251903533936,0.0015983723569661379,3135,3135,0.018799304962158203,24.885,1.05,99,4,21,0.79,895,0.020044606178998947,0.008092090487480164,0.008707345463335514,1500,1500,1452,1498,1897,1102,1897,1102
1783459521.1206,14.2204,0.01992,50.20,712,685508,0.221,GUIDED,GUIDED,128,7.110175013542175,0.0,10.0,0.5,0.0,0.0,nan,nan,nan,nan,nan,nan,nan,nan,nan,nan,11.269013273790346,5.849304978313307,10.056696511333362,0,0,-3.2843799591064453,-5.868444442749023,-0.09322565793991089,-0.004868735559284687,0.011050174944102764,0.021090112626552582,nan,nan,nan,-0.03141269460320473,-0.00358741357922554,-3.1360607147216797,-0.0015386907616630197,3135,3135,0.019146203994750977,24.885,1.05,99,4,21,0.79,895,0.020044606178998947,0.008092090487480164,0.008707345463335514,1500,1500,1452,1498,1897,1102,1897,1102
1783459521.1407,14.2404,0.02018,49.55,713,685528,0.241,GUIDED,GUIDED,128,7.120184659957886,0.0,10.0,0.5,0.0,0.0,nan,nan,nan,nan,nan,nan,nan,nan,nan,nan,11.279110854178958,5.846341596909475,10.056639386695785,0,0,-3.284877061843872,-5.866815090179443,-0.09312587976455688,-0.0046325018629431725,0.011820376850664616,0.0210654865950346,nan,nan,nan,-0.031403712928295135,-0.0036463160067796707,-3.1361026763916016,-0.0023640685249119997,3135,3135,0.019333600997924805,24.885,1.05,99,4,21,0.79,895,0.020044606178998947,0.008092090487480164,0.008707345463335514,1500,1500,1452,1498,1897,1102,1897,1102
1783459521.1607,14.2604,0.01998,50.06,714,685548,0.261,GUIDED,GUIDED,128,7.130184054374695,0.0,10.0,0.5,0.0,0.0,nan,nan,nan,nan,nan,nan,nan,nan,nan,nan,11.289681217314186,5.844094952615686,10.05658250346382,0,0,-3.285156726837158,-5.8659210205078125,-0.09303373098373413,-0.0048006861470639706,0.012601286172866821,0.021045126020908356,nan,nan,nan,-0.031396739184856415,-0.003646682947874069,-3.136101722717285,-0.00022159430955071002,3135,3135,0.019255399703979492,24.885,1.05,99,4,21,0.79,895,0.020044606178998947,0.008092090487480164,0.008707345463335514,1500,1500,1452,1498,1897,1102,1897,1102
1783459521.1808,14.2804,0.02006,49.86,715,685568,0.281,GUIDED,GUIDED,128,7.1401976346969604,0.0,10.0,0.5,0.0,0.0,nan,nan,nan,nan,nan,nan,nan,nan,nan,nan,11.300453231965424,5.840927154701645,10.05654533215937,0,0,-3.285599708557129,-5.864444255828857,-0.09321576356887817,-0.00498281279578805,0.013577604666352272,0.021171683445572853,nan,nan,nan,-0.03140813112258911,-0.0035996660590171814,-3.136072874069214,0.001504081068560481,3135,3135,0.01919412612915039,24.885,1.05,99,4,21,0.79,895,0.020044606178998947,0.008092090487480164,0.008707345463335514,1500,1500,1452,1498,1897,1102,1897,1102
1783459521.2009,14.3003,0.02009,49.77,716,685588,0.301,GUIDED,GUIDED,128,7.150174379348755,0.0,10.0,0.5,0.0,0.0,nan,nan,nan,nan,nan,nan,nan,nan,nan,nan,11.310507010224121,5.839726276774809,10.056548264411868,0,0,-3.2860095500946045,-5.863071918487549,-0.09334105253219604,-0.004790666047483683,0.013478612527251244,0.021242326125502586,nan,nan,nan,-0.03140666335821152,-0.0035558436065912247,-3.1360349655151367,0.002027810551226139,3135,3135,0.019096851348876953,24.885,1.05,99,4,21,0.79,895,0.020044606178998947,0.008092090487480164,0.008707345463335514,1500,1500,1452,1498,1897,1102,1897,1102
1783459521.2204,14.3203,0.01950,51.29,717,685608,0.321,GUIDED,GUIDED,128,7.16015899181366,0.0,10.0,0.5,0.0,0.0,nan,nan,nan,nan,nan,nan,nan,nan,nan,nan,11.320455627332555,5.839832127916205,10.056657040712826,0,0,-3.2862486839294434,-5.862298011779785,-0.09317857027053833,-0.004631820134818554,0.012970684096217155,0.021085714921355247,nan,nan,nan,-0.03141196817159653,-0.0035550743341445923,-3.1360270977020264,0.0005002940306439996,3135,3135,0.018900394439697266,24.885,1.05,99,4,21,0.79,895,0.020044606178998947,0.008092090487480164,0.008707345463335514,1500,1500,1452,1498,1897,1102,1897,1102
1783459521.2407,14.3404,0.02029,49.29,718,685628,0.341,GUIDED,GUIDED,128,7.170175194740295,0.0,10.0,0.5,0.0,0.0,nan,nan,nan,nan,nan,nan,nan,nan,nan,nan,11.331069622139916,5.838423307714888,10.056791404878574,0,0,-3.286607265472412,-5.861091136932373,-0.09323900938034058,-0.00476992828771472,0.013087277300655842,0.02104303427040577,nan,nan,nan,-0.03141433373093605,-0.0035962555557489395,-3.1360583305358887,-0.001609485480003059,3135,3135,0.019483566284179688,24.885,1.05,99,4,21,0.79,895,0.020044606178998947,0.008092090487480164,0.008707345463335514,1500,1500,1452,1498,1897,1102,1897,1102
1783459521.2605,14.3604,0.01981,50.49,719,685648,0.361,GUIDED,GUIDED,128,7.180208683013916,0.0,10.0,0.5,0.0,0.0,nan,nan,nan,nan,nan,nan,nan,nan,nan,nan,11.34145049998728,5.836840589575664,10.056663269048316,0,0,-3.28682541847229,-5.860383987426758,-0.09309309720993042,-0.004844543058425188,0.013592787086963654,0.021032771095633507,nan,nan,nan,-0.031417351216077805,-0.0036364570260047913,-3.1360952854156494,-0.001997446408495307,3135,3135,0.01918625831604004,24.885,1.05,99,4,21,0.79,895,0.020044606178998947,0.008092090487480164,0.008707345463335514,1500,1500,1452,1498,1897,1102,1897,1102
1783459521.2808,14.3805,0.02033,49.19,720,685668,0.381,GUIDED,GUIDED,128,7.190242528915405,0.0,10.0,0.5,0.0,0.0,nan,nan,nan,nan,nan,nan,nan,nan,nan,nan,11.35173618137963,5.834202579271579,10.056912217356551,0,0,-3.287146806716919,-5.859286308288574,-0.09319490194320679,-0.004804386757314205,0.014482097700238228,0.020947817713022232,nan,nan,nan,-0.031432412564754486,-0.0036201272159814835,-3.1360764503479004,0.00050592259503901,3135,3135,0.019509077072143555,24.885,1.05,99,4,21,0.79,895,0.020044606178998947,0.008092090487480164,0.008707345463335514,1500,1500,1452,1498,1897,1102,1897,1102
1783459521.3005,14.4003,0.01976,50.61,721,685688,0.401,GUIDED,GUIDED,128,7.200145125389099,0.0,10.0,0.5,0.0,0.0,nan,nan,nan,nan,nan,nan,nan,nan,nan,nan,11.361641239413157,5.832416491951057,10.05707400325417,0,0,-3.2874443531036377,-5.858255386352539,-0.09324401617050171,-0.004634019453078508,0.014918092638254166,0.02088276669383049,nan,nan,nan,-0.03142828494310379,-0.003574959933757782,-3.1360363960266113,0.0021112458780407906,3135,3135,0.019024133682250977,24.885,1.05,99,4,21,0.79,895,0.019274413585662842,0.0031983982771635056,0.011255391873419285,1500,1500,1452,1498,1897,1102,1897,1102
1783459521.3205,14.4204,0.01996,50.09,722,685708,0.421,GUIDED,GUIDED,128,7.210208177566528,0.0,10.0,0.5,0.0,0.0,nan,nan,nan,nan,nan,nan,nan,nan,nan,nan,11.371990421970871,5.831184644861589,10.056843614574005,0,0,-3.2878177165985107,-5.8570027351379395,-0.09303933382034302,-0.0045836553908884525,0.01490608137100935,0.020897608250379562,nan,nan,nan,-0.031420592218637466,-0.0035324525088071823,-3.136016607284546,0.0012827523751184344,3135,3135,0.019307851791381836,24.885,1.05,99,4,21,0.79,895,0.019274413585662842,0.0031983982771635056,0.011255391873419285,1500,1500,1452,1498,1897,1102,1897,1102
1783459521.3408,14.4404,0.02025,49.38,723,685728,0.441,GUIDED,GUIDED,128,7.2202194929122925,0.0,10.0,0.5,0.0,0.0,nan,nan,nan,nan,nan,nan,nan,nan,nan,nan,11.383128951054337,5.828652348856687,10.056991988821604,0,0,-3.288435459136963,-5.854926586151123,-0.09302860498428345,-0.004877798724919558,0.015169437974691391,0.02080575004220009,nan,nan,nan,-0.03142375499010086,-0.0035506505519151688,-3.1360394954681396,-0.0012321029789745808,3135,3135,0.019429683685302734,24.885,1.05,99,4,21,0.79,895,0.019274413585662842,0.0031983982771635056,0.011255391873419285,1500,1500,1452,1498,1897,1102,1897,1102
1783459521.3607,14.4604,0.01995,50.12,724,685748,0.461,GUIDED,GUIDED,128,7.2301788330078125,0.0,10.0,0.5,0.0,0.0,nan,nan,nan,nan,nan,nan,nan,nan,nan,nan,11.39335040452995,5.827153463468752,10.056642873797374,0,0,-3.288774251937866,-5.853795051574707,-0.0929747223854065,-0.0048335278406739235,0.015381528064608574,0.020976202562451363,nan,nan,nan,-0.03142523765563965,-0.0035918038338422775,-3.1360738277435303,-0.0018651782302185893,3135,3135,0.01901555061340332,24.885,1.05,99,4,21,0.79,895,0.019274413585662842,0.0031983982771635056,0.011255391873419285,1500,1500,1452,1498,1897,1102,1897,1102
1783459521.3803,14.4803,0.01961,51.01,725,685768,0.481,GUIDED,GUIDED,128,7.240151047706604,0.0,10.0,0.5,0.0,0.0,nan,nan,nan,nan,nan,nan,nan,nan,nan,nan,11.403739242079224,5.823634889668777,10.05708855158328,0,0,-3.28932785987854,-5.851920127868652,-0.09322613477706909,-0.00475443946197629,0.01633048988878727,0.02086404338479042,nan,nan,nan,-0.0314231738448143,-0.0036135446280241013,-3.13608455657959,-0.0005689235986210406,3135,3135,0.01902627944946289,24.885,1.05,99,4,21,0.79,895,0.019274413585662842,0.0031983982771635056,0.011255391873419285,1500,1500,1452,1498,1897,1102,1897,1102
1783459521.4016,14.5004,0.02128,46.99,726,685788,0.502,GUIDED,GUIDED,128,7.250185966491699,0.0,10.0,0.5,0.0,0.0,nan,nan,nan,nan,nan,nan,nan,nan,nan,nan,11.414151146645434,5.820072761648825,10.056871348036315,0,0,-3.2898364067077637,-5.850165843963623,-0.09342080354690552,-0.0046784826554358006,0.017374249175190926,0.02110183797776699,nan,nan,nan,-0.031419411301612854,-0.0035822317004203796,-3.136056900024414,0.0011039816308766603,3135,3135,0.019527196884155273,24.882,1.04,99,4,21,0.79,895,0.019274413585662842,0.0031983982771635056,0.011255391873419285,1500,1500,1452,1498,1897,1102,1897,1102
1783459521.4209,14.5204,0.01927,51.90,727,685808,0.521,GUIDED,GUIDED,128,7.2602232694625854,0.0,10.0,0.5,0.0,0.0,nan,nan,nan,nan,nan,nan,nan,nan,nan,nan,11.424809252059632,5.8187269805789175,10.056607958523964,0,0,-3.2901272773742676,-5.849150657653809,-0.093281090259552,-0.004868968855589628,0.01756511814892292,0.02117324247956276,nan,nan,nan,-0.03140876069664955,-0.0035216156393289566,-3.1360230445861816,0.0019661507103592157,3135,3135,0.018330097198486328,24.882,1.04,99,4,21,0.79,895,0.019274413585662842,0.0031983982771635056,0.011255391873419285,1500,1500,1452,1498,1897,1102,1897,1102
1783459521.4399,14.5401,0.01904,52.52,728,685829,0.540,GUIDED,GUIDED,128,7.270069241523743,0.0,10.0,0.5,0.0,0.0,nan,nan,nan,nan,nan,nan,nan,nan,nan,nan,11.435016067578239,5.816703667243043,10.05678439375729,0,0,-3.29058837890625,-5.84755277633667,-0.09338611364364624,-0.00481108482927084,0.017810741439461708,0.021132012829184532,nan,nan,nan,-0.03140684589743614,-0.003496350720524788,-3.1360151767730713,0.0006621629581786692,3135,3135,0.01853799819946289,24.882,1.04,99,4,21,0.79,895,0.019274413585662842,0.0031983982771635056,0.011255391873419285,1500,1500,1452,1498,1897,1102,1897,1102
1783459521.4597,14.5601,0.01984,50.40,729,685848,0.560,GUIDED,GUIDED,128,7.280029296875,0.0,10.0,0.5,0.0,0.0,nan,nan,nan,nan,nan,nan,nan,nan,nan,nan,11.445363475472249,5.815803927353767,10.05656617512,0,0,-3.29085636138916,-5.846614360809326,-0.09322649240493774,-0.004880003165453672,0.017788412049412727,0.021165844053030014,nan,nan,nan,-0.03140963613986969,-0.0035209916532039642,-3.136052370071411,-0.001788521884009242,3135,3135,0.01936817169189453,24.882,1.04,99,4,21,0.79,895,0.019274413585662842,0.0031983982771635056,0.011255391873419285,1500,1500,1452,1498,1897,1102,1897,1102
1783459521.4798,14.5801,0.02008,49.79,730,685868,0.580,GUIDED,GUIDED,128,7.290073990821838,0.0,10.0,0.5,0.0,0.0,nan,nan,nan,nan,nan,nan,nan,nan,nan,nan,11.455911580013698,5.813116705978316,10.056621112395101,0,0,-3.2912676334381104,-5.845176696777344,-0.0933118462562561,-0.004933199379593134,0.018509844318032265,0.021183405071496964,nan,nan,nan,-0.031390246003866196,-0.0035393647849559784,-3.1360838413238525,-0.0018446239409968257,3135,3135,0.019612550735473633,24.882,1.04,99,4,21,0.79,895,0.019274413585662842,0.0031983982771635056,0.011255391873419285,1500,1500,1452,1498,1897,1102,1897,1102
1783459521.5000,14.6002,0.02018,49.55,731,685888,0.600,GUIDED,GUIDED,128,7.300081014633179,0.0,10.0,0.5,0.0,0.0,nan,nan,nan,nan,nan,nan,nan,nan,nan,nan,11.466677403054758,5.810023965446772,10.056264927264301,0,0,-3.2916550636291504,-5.843808174133301,-0.09333842992782593,-0.005147609394043684,0.019505321979522705,0.02140439674258232,nan,nan,nan,-0.03137856349349022,-0.0035188328474760056,-3.1360936164855957,-0.000759282149374485,3135,3135,0.019581317901611328,24.882,1.04,99,4,21,0.79,895,0.02099260687828064,0.0011628617066890001,0.012198768556118011,1500,1500,1452,1498,1897,1102,1897,1102
1783459521.5199,14.6201,0.01990,50.26,732,685908,0.620,GUIDED,GUIDED,128,7.310060381889343,0.0,10.0,0.5,0.0,0.0,nan,nan,nan,nan,nan,nan,nan,nan,nan,nan,11.476553369016735,5.807856913260205,10.056429342670432,0,0,-3.2919178009033203,-5.842649459838867,-0.09313017129898071,-0.004936219193041325,0.020087486132979393,0.021189233288168907,nan,nan,nan,-0.031378403306007385,-0.0034771710634231567,-3.1360719203948975,0.0010774249676615,3135,3135,0.019329547882080078,24.882,1.04,99,4,21,0.79,895,0.02099260687828064,0.0011628617066890001,0.012198768556118011,1500,1500,1452,1498,1897,1102,1897,1102
1783459521.5399,14.6402,0.01997,50.07,733,685928,0.640,GUIDED,GUIDED,128,7.320075273513794,0.0,10.0,0.5,0.0,0.0,nan,nan,nan,nan,nan,nan,nan,nan,nan,nan,11.486773820397216,5.806167257733762,10.056484924961554,0,0,-3.292311906814575,-5.840831756591797,-0.09312433004379272,-0.004827362019568682,0.020013557747006416,0.0211537703871727,nan,nan,nan,-0.031379472464323044,-0.003422241657972336,-3.1360385417938232,0.0018415453378111124,3135,3135,0.01945042610168457,24.882,1.04,99,4,21,0.79,895,0.02099260687828064,0.0011628617066890001,0.012198768556118011,1500,1500,1452,1498,1897,1102,1897,1102
1783459521.5599,14.6601,0.01999,50.02,734,685948,0.660,GUIDED,GUIDED,128,7.330072045326233,0.0,10.0,0.5,0.0,0.0,nan,nan,nan,nan,nan,nan,nan,nan,nan,nan,11.496947965613323,5.805191930510614,10.056297705511536,0,0,-3.2925448417663574,-5.839766502380371,-0.09298974275588989,-0.004795283544808626,0.019961638376116753,0.021184157580137253,nan,nan,nan,-0.03138088062405586,-0.00339370034635067,-3.1360437870025635,-4.030160198453814e-05,3135,3135,0.019498825073242188,24.882,1.04,99,4,21,0.79,895,0.02099260687828064,0.0011628617066890001,0.012198768556118011,1500,1500,1452,1498,1897,1102,1897,1102
1783459521.5800,14.6802,0.02008,49.81,735,685968,0.680,GUIDED,GUIDED,128,7.340075612068176,0.0,10.0,0.5,0.0,0.0,nan,nan,nan,nan,nan,nan,nan,nan,nan,nan,11.507259450721035,5.8030901130221855,10.05697705114265,0,0,-3.2928924560546875,-5.838126182556152,-0.09310823678970337,-0.004772365093231201,0.020228084176778793,0.020860349759459496,nan,nan,nan,-0.03137785196304321,-0.0034203901886940002,-3.1360740661621094,-0.0015042857266962528,3135,3135,0.019492626190185547,24.882,1.04,99,4,21,0.79,895,0.02099260687828064,0.0011628617066890001,0.012198768556118011,1500,1500,1452,1498,1897,1102,1897,1102
1783459521.5999,14.7002,0.01999,50.02,736,685988,0.700,GUIDED,GUIDED,128,7.350094437599182,0.0,10.0,0.5,0.0,0.0,nan,nan,nan,nan,nan,nan,nan,nan,nan,nan,11.517551317515977,5.800506073384738,10.057157953081644,0,0,-3.293212652206421,-5.8365960121154785,-0.09318798780441284,-0.004745140206068754,0.020836535841226578,0.020801950246095657,nan,nan,nan,-0.03138253465294838,-0.0034554507583379745,-3.1360857486724854,-0.0009345404687337577,3135,3135,0.01943826675415039,24.882,1.04,99,4,21,0.79,895,0.02099260687828064,0.0011628617066890001,0.012198768556118011,1500,1500,1452,1498,1897,1102,1897,1102
1783459521.6200,14.7202,0.02000,49.99,737,686008,0.720,GUIDED,GUIDED,128,7.360092043876648,0.0,10.0,0.5,0.0,0.0,nan,nan,nan,nan,nan,nan,nan,nan,nan,nan,11.528089955443987,5.79820005000035,10.057170109208016,0,0,-3.293415069580078,-5.835646152496338,-0.09300059080123901,-0.00494063924998045,0.021619517356157303,0.020686738193035126,nan,nan,nan,-0.03138803318142891,-0.0034442003816366196,-3.1360745429992676,0.0005081133567728102,3135,3135,0.019483566284179688,24.882,1.04,99,4,21,0.79,895,0.02099260687828064,0.0011628617066890001,0.012198768556118011,1500,1500,1452,1498,1897,1102,1897,1102
1783459521.6399,14.7402,0.01991,50.24,738,686028,0.740,GUIDED,GUIDED,128,7.370083689689636,0.0,10.0,0.5,0.0,0.0,nan,nan,nan,nan,nan,nan,nan,nan,nan,nan,11.538080975852452,5.795583738790315,10.057439712787474,0,0,-3.2937002182006836,-5.834236145019531,-0.09301978349685669,-0.004775647539645433,0.0223159771412611,0.020542163401842117,nan,nan,nan,-0.031387053430080414,-0.003405725583434105,-3.136040687561035,0.0018988135270774364,3135,3135,0.019426822662353516,24.882,1.04,99,4,21,0.79,895,0.02099260687828064,0.0011628617066890001,0.012198768556118011,1500,1500,1452,1498,1897,1102,1897,1102
1783459521.6599,14.7602,0.02008,49.80,739,686048,0.760,GUIDED,GUIDED,128,7.380082607269287,0.0,10.0,0.5,0.0,0.0,nan,nan,nan,nan,nan,nan,nan,nan,nan,nan,11.548228240671323,5.794204916258994,10.057368521613695,0,0,-3.2938833236694336,-5.8333306312561035,-0.09290581941604614,-0.004755579866468906,0.022589242085814476,0.020517468452453613,nan,nan,nan,-0.03139154613018036,-0.0033767223358154297,-3.136035442352295,0.000444534991402179,3135,3135,0.01958775520324707,24.882,1.04,99,4,21,0.79,895,0.02099260687828064,0.0011628617066890001,0.012198768556118011,1500,1500,1452,1498,1897,1102,1897,1102
1783459521.6798,14.7802,0.01990,50.25,740,686068,0.780,GUIDED,GUIDED,128,7.390075445175171,0.0,10.0,0.5,0.0,0.0,nan,nan,nan,nan,nan,nan,nan,nan,nan,nan,11.558716121715465,5.79346796181216,10.057561505371648,0,0,-3.294137954711914,-5.832047462463379,-0.09306031465530396,-0.004894381854683161,0.02227388508617878,0.020495247095823288,nan,nan,nan,-0.03139080852270126,-0.003365756943821907,-3.136052131652832,-0.0006689077126793563,3135,3135,0.019432544708251953,24.882,1.04,99,4,21,0.79,895,0.02099260687828064,0.0011628617066890001,0.012198768556118011,1500,1500,1452,1498,1897,1102,1897,1102
1783459521.7000,14.8002,0.02015,49.64,741,686088,0.800,GUIDED,GUIDED,128,7.400086283683777,0.0,10.0,0.5,0.0,0.0,nan,nan,nan,nan,nan,nan,nan,nan,nan,nan,11.568943655045478,5.792438386487742,10.057676088373722,0,0,-3.2943758964538574,-5.830844879150391,-0.0931578278541565,-0.004882114939391613,0.02217399887740612,0.020485391840338707,nan,nan,nan,-0.031406428664922714,-0.003387998789548874,-3.1360769271850586,-0.0013618796365335584,3135,3135,0.019573688507080078,24.882,1.04,99,4,21,0.79,895,0.020498691126704216,0.005754121113568544,0.008834335021674633,1500,1500,1452,1498,1897,1102,1897,1102
1783459521.7199,14.8202,0.01987,50.32,742,686108,0.820,GUIDED,GUIDED,128,7.410090088844299,0.0,10.0,0.5,0.0,0.0,nan,nan,nan,nan,nan,nan,nan,nan,nan,nan,11.57879935128311,5.790541659623501,10.057545411283002,0,0,-3.294541120529175,-5.829780578613281,-0.09297031164169312,-0.004701212048530579,0.02265460044145584,0.020452575758099556,nan,nan,nan,-0.03141554072499275,-0.0034157950431108475,-3.1360766887664795,-4.828262171940878e-05,3135,3135,0.019398927688598633,24.882,1.04,99,4,21,0.79,895,0.020498691126704216,0.005754121113568544,0.008834335021674633,1500,1500,1452,1498,1897,1102,1897,1102
1783459521.7401,14.8403,0.02021,49.47,743,686128,0.840,GUIDED,GUIDED,128,7.420141935348511,0.0,10.0,0.5,0.0,0.0,nan,nan,nan,nan,nan,nan,nan,nan,nan,nan,11.588464777020231,5.787534363669981,10.057246223089903,0,0,-3.2947490215301514,-5.828189373016357,-0.09298747777938843,-0.004358080215752125,0.02347218059003353,0.020635223016142845,nan,nan,nan,-0.031432799994945526,-0.0034127626568078995,-3.1360490322113037,0.001452734461054206,3135,3135,0.019734621047973633,24.882,1.04,99,4,21,0.79,895,0.020498691126704216,0.005754121113568544,0.008834335021674633,1500,1500,1452,1498,1897,1102,1897,1102
1783459521.7605,14.8604,0.02043,48.95,744,686148,0.861,GUIDED,GUIDED,128,7.430222868919373,0.0,10.0,0.5,0.0,0.0,nan,nan,nan,nan,nan,nan,nan,nan,nan,nan,11.598500402509085,5.785651381046958,10.057085451332895,0,0,-3.294889211654663,-5.827182292938232,-0.09289425611495972,-0.004250982776284218,0.02397788316011429,0.020674223080277443,nan,nan,nan,-0.03142649307847023,-0.0033633336424827576,-3.136031150817871,0.0012154298601672053,3135,3135,0.019812822341918945,24.882,1.04,99,4,21,0.79,895,0.020498691126704216,0.005754121113568544,0.008834335021674633,1500,1500,1452,1498,1897,1102,1897,1102
1783459521.7807,14.8804,0.02019,49.53,745,686168,0.881,GUIDED,GUIDED,128,7.440188407897949,0.0,10.0,0.5,0.0,0.0,nan,nan,nan,nan,nan,nan,nan,nan,nan,nan,11.60884055794541,5.784281112593868,10.057321582239748,0,0,-3.2950687408447266,-5.825717926025391,-0.09307760000228882,-0.0043636164627969265,0.02392355538904667,0.020643746480345726,nan,nan,nan,-0.03143102303147316,-0.0033345408737659454,-3.136047124862671,-0.0007106786360964179,3135,3135,0.019360065460205078,24.882,1.04,99,4,21,0.79,895,0.020498691126704216,0.005754121113568544,0.008834335021674633,1500,1500,1452,1498,1897,1102,1897,1102
1783459521.8008,14.9004,0.02009,49.78,746,686188,0.901,GUIDED,GUIDED,128,7.450187802314758,0.0,10.0,0.5,0.0,0.0,nan,nan,nan,nan,nan,nan,nan,nan,nan,nan,11.618597492475896,5.78348951259005,10.057544833259836,0,0,-3.295229196548462,-5.824355602264404,-0.09320873022079468,-0.004130993038415909,0.023594047874212265,0.020590560510754585,nan,nan,nan,-0.031443025916814804,-0.0033620744943618774,-3.1360743045806885,-0.00139654241502285,3135,3135,0.019229650497436523,24.882,1.04,99,4,21,0.79,895,0.020498691126704216,0.005754121113568544,0.008834335021674633,1500,1500,1452,1498,1897,1102,1897,1102
1783459521.8206,14.9203,0.01978,50.56,747,686208,0.921,GUIDED,GUIDED,128,7.460155725479126,0.0,10.0,0.5,0.0,0.0,nan,nan,nan,nan,nan,nan,nan,nan,nan,nan,11.628045684762899,5.782419536074694,10.057621189144633,0,0,-3.2953388690948486,-5.823479652404785,-0.09305614233016968,-0.0037676068022847176,0.023706069216132164,0.02045837976038456,nan,nan,nan,-0.03144830837845802,-0.0034015122801065445,-3.1360831260681152,-0.0006680760998278856,3135,3135,0.01894831657409668,24.882,1.04,99,4,21,0.79,895,0.020498691126704216,0.005754121113568544,0.008834335021674633,1500,1500,1452,1498,1897,1102,1897,1102
1783459521.8407,14.9404,0.02015,49.63,748,686228,0.941,GUIDED,GUIDED,128,7.47021758556366,0.0,10.0,0.5,0.0,0.0,nan,nan,nan,nan,nan,nan,nan,nan,nan,nan,11.637958689659092,5.779485489713801,10.057559359317684,0,0,-3.295464277267456,-5.822240352630615,-0.09311848878860474,-0.0036092607770115137,0.02468453161418438,0.02053007297217846,nan,nan,nan,-0.031446509063243866,-0.0034302473068237305,-3.1360814571380615,-3.827878026640974e-05,3135,3135,0.019400596618652344,24.882,1.04,99,4,21,0.79,895,0.020498691126704216,0.005754121113568544,0.008834335021674633,1500,1500,1452,1498,1897,1102,1897,1102
1783459521.8608,14.9604,0.02007,49.83,749,686248,0.961,GUIDED,GUIDED,128,7.480180144309998,0.0,10.0,0.5,0.0,0.0,nan,nan,nan,nan,nan,nan,nan,nan,nan,nan,11.647858168660493,5.777954629635918,10.05746139035399,0,0,-3.2955543994903564,-5.821406841278076,-0.09310096502304077,-0.003520809579640627,0.02508714608848095,0.020576518028974533,nan,nan,nan,-0.03145139664411545,-0.0034069959074258804,-3.1360490322113037,0.001722413464449346,3135,3135,0.01920342445373535,24.882,1.04,99,4,21,0.79,895,0.020498691126704216,0.005754121113568544,0.008834335021674633,1500,1500,1452,1498,1897,1102,1897,1102
1783459521.8804,14.9803,0.01964,50.91,750,686268,0.981,GUIDED,GUIDED,128,7.490159630775452,0.0,10.0,0.5,0.0,0.0,nan,nan,nan,nan,nan,nan,nan,nan,nan,nan,11.65796523236663,5.776448450936932,10.05793061753684,0,0,-3.2956597805023193,-5.820260047912598,-0.09340423345565796,-0.003533624578267336,0.02529463730752468,0.020480701699852943,nan,nan,nan,-0.03146567940711975,-0.003338165581226349,-3.136047601699829,0.000530631747096777,3135,3135,0.018982887268066406,24.882,1.04,99,4,21,0.79,895,0.020498691126704216,0.005754121113568544,0.008834335021674633,1500,1500,1452,1498,1897,1102,1897,1102
1783459521.9023,15.0005,0.02187,45.72,751,686288,0.002,GUIDED,GUIDED,128,7.500241756439209,0.0,10.0,0.5,0.0,0.0,nan,nan,nan,nan,nan,nan,nan,nan,nan,nan,11.668006818034163,5.775883000746355,10.058004377468867,0,0,-3.295750856399536,-5.81917667388916,-0.09363788366317749,-0.0034576361067593098,0.02499561384320259,0.02057301439344883,nan,nan,nan,-0.031478188931941986,-0.0033244192600250244,-3.1360630989074707,-0.0005795147735625505,3135,3135,0.019701719284057617,24.891,1.03,99,4,21,0.79,895,0.020560912787914276,0.00929711852222681,0.010659968480467796,1500,1500,1452,1498,1897,1102,1897,1102
1783459521.9205,15.0204,0.01823,54.84,752,686308,0.021,GUIDED,GUIDED,128,7.510181427001953,0.0,10.0,0.5,0.0,0.0,nan,nan,nan,nan,nan,nan,nan,nan,nan,nan,11.67792102928844,5.775240295156459,10.057715126767535,0,0,-3.295912981033325,-5.818069934844971,-0.09348374605178833,-0.003349334467202425,0.024727704003453255,0.020651021972298622,nan,nan,nan,-0.031487904489040375,-0.003363167867064476,-3.1360721588134766,-0.0006752125918865204,3135,3135,0.017556190490722656,24.891,1.03,99,4,21,0.79,895,0.020560912787914276,0.00929711852222681,0.010659968480467796,1500,1500,1452,1498,1897,1102,1897,1102
1783459521.9406,15.0404,0.02005,49.88,753,686328,0.041,GUIDED,GUIDED,128,7.520182371139526,0.0,10.0,0.5,0.0,0.0,nan,nan,nan,nan,nan,nan,nan,nan,nan,nan,11.688022533618545,5.772668573870505,10.058021370926829,0,0,-3.296147346496582,-5.816433429718018,-0.09354811906814575,-0.003272081958130002,0.025267651304602623,0.020511377602815628,nan,nan,nan,-0.03149480000138283,-0.003408025950193405,-3.1360738277435303,-0.00028783961897715926,3135,3135,0.019354820251464844,24.891,1.03,99,4,21,0.79,895,0.020560912787914276,0.00929711852222681,0.010659968480467796,1500,1500,1452,1498,1897,1102,1897,1102
1783459521.9605,15.0604,0.01991,50.22,754,686348,0.061,GUIDED,GUIDED,128,7.530180811882019,0.0,10.0,0.5,0.0,0.0,nan,nan,nan,nan,nan,nan,nan,nan,nan,nan,11.697994066401494,5.7701943503992785,10.058036228647703,0,0,-3.2962872982025146,-5.815389156341553,-0.09350162744522095,-0.0031757454853504896,0.02609323337674141,0.020475957542657852,nan,nan,nan,-0.03151121735572815,-0.0034124888479709625,-3.1360559463500977,0.0009126966469921172,3135,3135,0.01932358741760254,24.891,1.03,99,4,21,0.79,895,0.020560912787914276,0.00929711852222681,0.010659968480467796,1500,1500,1452,1498,1897,1102,1897,1102
1783459521.9804,15.0803,0.01990,50.25,755,686368,0.081,GUIDED,GUIDED,128,7.540168642997742,0.0,10.0,0.5,0.0,0.0,nan,nan,nan,nan,nan,nan,nan,nan,nan,nan,11.707816530728541,5.7675311401803455,10.058481572964958,0,0,-3.296483278274536,-5.813882827758789,-0.09377795457839966,-0.0029671217780560255,0.026761159300804138,0.02037837542593479,nan,nan,nan,-0.031516481190919876,-0.0033771004527807236,-3.1360490322113037,0.0005203536129556596,3135,3135,0.019300222396850586,24.891,1.03,99,4,21,0.79,895,0.020560912787914276,0.00929711852222681,0.010659968480467796,1500,1500,1452,1498,1897,1102,1897,1102
1783459522.0007,15.1004,0.02033,49.20,756,686388,0.101,GUIDED,GUIDED,128,7.550179123878479,0.0,10.0,0.5,0.0,0.0,nan,nan,nan,nan,nan,nan,nan,nan,nan,nan,11.717779388301963,5.766014863618028,10.058577046206798,0,0,-3.296656847000122,-5.812461853027344,-0.09398680925369263,-0.0028394164983183146,0.02681618183851242,0.020443836227059364,nan,nan,nan,-0.03151664510369301,-0.0033366847783327103,-3.1360652446746826,-0.0006905998452566564,3135,3135,0.019491910934448242,24.891,1.03,99,4,21,0.79,895,0.020560912787914276,0.00929711852222681,0.010659968480467796,1500,1500,1452,1498,1897,1102,1897,1102
1783459522.0205,15.1204,0.01982,50.45,757,686408,0.121,GUIDED,GUIDED,128,7.560175061225891,0.0,10.0,0.5,0.0,0.0,nan,nan,nan,nan,nan,nan,nan,nan,nan,nan,11.727711242092605,5.765730701983092,10.058514328756486,0,0,-3.2967629432678223,-5.811527729034424,-0.093869149684906,-0.0027411631308496,0.026440925896167755,0.02041211538016796,nan,nan,nan,-0.03151208162307739,-0.003325650468468666,-3.1360812187194824,-0.0009035388939082623,3135,3135,0.019141674041748047,24.891,1.03,99,4,21,0.79,895,0.020560912787914276,0.00929711852222681,0.010659968480467796,1500,1500,1452,1498,1897,1102,1897,1102
1783459522.0407,15.1404,0.02015,49.63,758,686428,0.141,GUIDED,GUIDED,128,7.570203185081482,0.0,10.0,0.5,0.0,0.0,nan,nan,nan,nan,nan,nan,nan,nan,nan,nan,11.738380353084827,5.764819009134588,10.058691473116214,0,0,-3.2969107627868652,-5.81025505065918,-0.09400349855422974,-0.0030258935876190662,0.026232510805130005,0.020387407392263412,nan,nan,nan,-0.031518351286649704,-0.0033838674426078796,-3.136082410812378,-0.0004161472315900028,3135,3135,0.01931285858154297,24.891,1.03,99,4,21,0.79,895,0.020560912787914276,0.00929711852222681,0.010659968480467796,1500,1500,1452,1498,1897,1102,1897,1102
1783459522.0602,15.1602,0.01952,51.24,759,686448,0.160,GUIDED,GUIDED,128,7.580090761184692,0.0,10.0,0.5,0.0,0.0,nan,nan,nan,nan,nan,nan,nan,nan,nan,nan,11.748599185919419,5.763103788798654,10.058590282327783,0,0,-3.297013998031616,-5.809370517730713,-0.09397310018539429,-0.0031575418543070555,0.02671210840344429,0.020428279414772987,nan,nan,nan,-0.03153098374605179,-0.0034263022243976593,-3.136075019836426,0.000445741752628237,3135,3135,0.01889204978942871,24.891,1.03,99,4,21,0.79,895,0.020560912787914276,0.00929711852222681,0.010659968480467796,1500,1500,1452,1498,1897,1102,1897,1102
1783459522.0803,15.1803,0.02015,49.64,760,686468,0.180,GUIDED,GUIDED,128,7.5901535749435425,0.0,10.0,0.5,0.0,0.0,nan,nan,nan,nan,nan,nan,nan,nan,nan,nan,11.75804530338765,5.760509322961447,10.059154348958053,0,0,-3.2971384525299072,-5.808202743530273,-0.09429877996444702,-0.002729638246819377,0.027535809203982353,0.020290646702051163,nan,nan,nan,-0.03153485804796219,-0.0034038498997688293,-3.1360602378845215,0.000733300345018506,3135,3135,0.01950669288635254,24.891,1.03,99,4,21,0.79,895,0.020560912787914276,0.00929711852222681,0.010659968480467796,1500,1500,1452,1498,1897,1102,1897,1102
1783459522.1008,15.2004,0.02048,48.82,761,686488,0.201,GUIDED,GUIDED,128,7.600189924240112,0.0,10.0,0.5,0.0,0.0,nan,nan,nan,nan,nan,nan,nan,nan,nan,nan,11.767942870047959,5.758605896480734,10.059393211740147,0,0,-3.2972464561462402,-5.807072639465332,-0.0945475697517395,-0.0025871561374515295,0.027982287108898163,0.020296378061175346,nan,nan,nan,-0.03153097257018089,-0.0033682584762573242,-3.1360723972320557,-0.0002474156499374658,3135,3135,0.01935744285583496,24.891,1.03,99,4,21,0.79,895,0.02075263112783432,0.00780857726931572,0.0048628863878548145,1500,1500,1452,1498,1897,1102,1897,1102
1783459522.1203,15.2203,0.01949,51.32,762,686508,0.220,GUIDED,GUIDED,128,7.610165953636169,0.0,10.0,0.5,0.0,0.0,nan,nan,nan,nan,nan,nan,nan,nan,nan,nan,11.778234770471522,5.758035855912196,10.060073625856305,0,0,-3.2975804805755615,-5.805919170379639,-0.09492045640945435,-0.0025766752660274506,0.027645444497466087,0.020118827000260353,nan,nan,nan,-0.031531963497400284,-0.0033397749066352844,-3.1360924243927,-0.0007615033537149429,3135,3135,0.01892566680908203,24.891,1.03,99,4,21,0.79,895,0.02075263112783432,0.00780857726931572,0.0048628863878548145,1500,1500,1452,1498,1897,1102,1897,1102
1783459522.1407,15.2405,0.02041,48.99,763,686528,0.241,GUIDED,GUIDED,128,7.620227694511414,0.0,10.0,0.5,0.0,0.0,nan,nan,nan,nan,nan,nan,nan,nan,nan,nan,11.78903842231423,5.756897820709855,10.061682236431547,0,0,-3.298159599304199,-5.804287433624268,-0.09599500894546509,-0.00267066340893507,0.027360405772924423,0.01981048844754696,nan,nan,nan,-0.03151971846818924,-0.0033384691923856735,-3.1361029148101807,-0.0009036279516294599,3135,3135,0.0195920467376709,24.891,1.03,99,4,21,0.79,895,0.02075263112783432,0.00780857726931572,0.0048628863878548145,1500,1500,1452,1498,1897,1102,1897,1102
1783459522.1605,15.2602,0.01973,50.68,764,686548,0.261,GUIDED,GUIDED,128,7.63009250164032,0.0,10.0,0.5,0.0,0.0,nan,nan,nan,nan,nan,nan,nan,nan,nan,nan,11.799586900542876,5.755699853273851,10.062369008697337,0,0,-3.298459053039551,-5.803241729736328,-0.09646457433700562,-0.0028924914076924324,0.027448315173387527,0.019685084000229836,nan,nan,nan,-0.03153624013066292,-0.003386549651622772,-3.136108875274658,-0.000249434175202623,3135,3135,0.01909351348876953,24.891,1.03,99,4,21,0.79,895,0.02075263112783432,0.00780857726931572,0.0048628863878548145,1500,1500,1452,1498,1897,1102,1897,1102
1783459522.1804,15.2803,0.01991,50.23,765,686568,0.280,GUIDED,GUIDED,128,7.640165686607361,0.0,10.0,0.5,0.0,0.0,nan,nan,nan,nan,nan,nan,nan,nan,nan,nan,11.809993113464117,5.753088103629544,10.064222685831817,0,0,-3.2989730834960938,-5.801750183105469,-0.09768468141555786,-0.002787989564239979,0.02809506468474865,0.019319292157888412,nan,nan,nan,-0.0315343402326107,-0.003407442942261696,-3.136094570159912,0.0006279271328821778,3135,3135,0.01929020881652832,24.891,1.03,99,4,21,0.79,895,0.02075263112783432,0.00780857726931572,0.0048628863878548145,1500,1500,1452,1498,1897,1102,1897,1102
1783459522.2007,15.3004,0.02036,49.12,766,686588,0.301,GUIDED,GUIDED,128,7.650221586227417,0.0,10.0,0.5,0.0,0.0,nan,nan,nan,nan,nan,nan,nan,nan,nan,nan,11.820685815236502,5.7503075894405375,10.065574070545969,0,0,-3.299445629119873,-5.800346851348877,-0.09877699613571167,-0.0028828231152147055,0.028890181332826614,0.019169718027114868,nan,nan,nan,-0.031526558101177216,-0.00337209552526474,-3.136089563369751,0.0005006004357710481,3135,3135,0.019578933715820312,24.891,1.03,99,4,21,0.79,895,0.02075263112783432,0.00780857726931572,0.0048628863878548145,1500,1500,1452,1498,1897,1102,1897,1102
1783459522.2208,15.3204,0.02006,49.86,767,686608,0.321,GUIDED,GUIDED,128,7.660191059112549,0.0,10.0,0.5,0.0,0.0,nan,nan,nan,nan,nan,nan,nan,nan,nan,nan,11.831115015608189,5.74903181347004,10.06612479645338,0,0,-3.299698829650879,-5.79937744140625,-0.09908133745193481,-0.0030020615085959435,0.029067061841487885,0.0190274678170681,nan,nan,nan,-0.03152553737163544,-0.0033197347074747086,-3.1361005306243896,-0.0003098761662840843,3135,3135,0.019179821014404297,24.891,1.03,99,4,21,0.79,895,0.02075263112783432,0.00780857726931572,0.0048628863878548145,1500,1500,1452,1498,1897,1102,1897,1102
1783459522.2404,15.3403,0.01967,50.85,768,686628,0.341,GUIDED,GUIDED,128,7.670156002044678,0.0,10.0,0.5,0.0,0.0,nan,nan,nan,nan,nan,nan,nan,nan,nan,nan,11.841486016634573,5.748751499315898,10.067006608075157,0,0,-3.3001227378845215,-5.798093318939209,-0.09999352693557739,-0.0029917557258158922,0.028487512841820717,0.01904500648379326,nan,nan,nan,-0.03151746466755867,-0.0033084526658058167,-3.1361019611358643,-0.00024185721122194082,3135,3135,0.018970251083374023,24.891,1.03,99,4,21,0.79,895,0.02075263112783432,0.00780857726931572,0.0048628863878548145,1500,1500,1452,1498,1897,1102,1897,1102
1783459522.2606,15.3605,0.02016,49.60,769,686648,0.361,GUIDED,GUIDED,128,7.68022894859314,0.0,10.0,0.5,0.0,0.0,nan,nan,nan,nan,nan,nan,nan,nan,nan,nan,11.852066775572569,5.748205922087173,10.067296422907484,0,0,-3.3003530502319336,-5.7972025871276855,-0.10039323568344116,-0.003151970449835062,0.028288237750530243,0.019108453765511513,nan,nan,nan,-0.031509991735219955,-0.0033207647502422333,-3.136096715927124,0.00017793968436308205,3135,3135,0.019511699676513672,24.891,1.03,99,4,21,0.79,895,0.02075263112783432,0.00780857726931572,0.0048628863878548145,1500,1500,1452,1498,1897,1102,1897,1102
1783459522.2807,15.3803,0.02014,49.64,770,686668,0.381,GUIDED,GUIDED,128,7.6901551485061646,0.0,10.0,0.5,0.0,0.0,nan,nan,nan,nan,nan,nan,nan,nan,nan,nan,11.8625098682535,5.746739680812625,10.068838594161365,0,0,-3.300734043121338,-5.796029090881348,-0.1014670729637146,-0.003230432281270623,0.02845725417137146,0.01883806101977825,nan,nan,nan,-0.031508058309555054,-0.003353649750351906,-3.136091947555542,0.00038854105514474213,3135,3135,0.019185304641723633,24.891,1.03,99,4,21,0.79,895,0.02075263112783432,0.00780857726931572,0.0048628863878548145,1500,1500,1452,1498,1897,1102,1897,1102
1783459522.3009,15.4004,0.02019,49.52,771,686688,0.401,GUIDED,GUIDED,128,7.7001776695251465,0.0,10.0,0.5,0.0,0.0,nan,nan,nan,nan,nan,nan,nan,nan,nan,nan,11.872837113868284,5.744507330316881,10.070155705327487,0,0,-3.30108904838562,-5.794918537139893,-0.10242599248886108,-0.003201402723789215,0.029104923829436302,0.018631258979439735,nan,nan,nan,-0.03150609880685806,-0.0033543091267347336,-3.136085271835327,0.0002905675210058689,3135,3135,0.019135713577270508,24.891,1.03,99,4,21,0.79,895,0.020463017746806145,0.01195864100009203,0.02079523541033268,1500,1500,1452,1498,1897,1102,1897,1102
1783459522.3205,15.4204,0.01952,51.23,772,686708,0.421,GUIDED,GUIDED,128,7.710176467895508,0.0,10.0,0.5,0.0,0.0,nan,nan,nan,nan,nan,nan,nan,nan,nan,nan,11.883010215219963,5.742869518763262,10.070197014076815,0,0,-3.3012888431549072,-5.7939839363098145,-0.10244482755661011,-0.0031866850331425667,0.029510922729969025,0.018618283793330193,nan,nan,nan,-0.03150506690144539,-0.0033234599977731705,-3.136094331741333,-0.00041607057210057974,3135,3135,0.018934965133666992,24.891,1.03,99,4,21,0.79,895,0.020463017746806145,0.01195864100009203,0.02079523541033268,1500,1500,1452,1498,1897,1102,1897,1102
1783459522.3405,15.4404,0.02004,49.90,773,686728,0.441,GUIDED,GUIDED,128,7.720202565193176,0.0,10.0,0.5,0.0,0.0,nan,nan,nan,nan,nan,nan,nan,nan,nan,nan,11.892779010015957,5.74214048821012,10.070709528980048,0,0,-3.301597833633423,-5.792789459228516,-0.1028260588645935,-0.0028597356285899878,0.029242197051644325,0.018542487174272537,nan,nan,nan,-0.03150336816906929,-0.003280097618699074,-3.1360960006713867,-0.00016863795462995768,3135,3135,0.019396305084228516,24.891,1.03,99,4,21,0.79,895,0.020463017746806145,0.01195864100009203,0.02079523541033268,1500,1500,1452,1498,1897,1102,1897,1102
1783459522.3607,15.4604,0.02018,49.55,774,686748,0.461,GUIDED,GUIDED,128,7.730180740356445,0.0,10.0,0.5,0.0,0.0,nan,nan,nan,nan,nan,nan,nan,nan,nan,nan,11.902933082314993,5.742151546344298,10.070724206817788,0,0,-3.301769971847534,-5.791934490203857,-0.10287755727767944,-0.0028619058430194855,0.028742196038365364,0.01856374554336071,nan,nan,nan,-0.03150682523846626,-0.0032782498747110367,-3.136101484298706,-0.00025867304066196084,3135,3135,0.019336938858032227,24.891,1.03,99,4,21,0.79,895,0.020463017746806145,0.01195864100009203,0.02079523541033268,1500,1500,1452,1498,1897,1102,1897,1102
1783459522.3806,15.4803,0.01995,50.13,775,686768,0.481,GUIDED,GUIDED,128,7.7401570081710815,0.0,10.0,0.5,0.0,0.0,nan,nan,nan,nan,nan,nan,nan,nan,nan,nan,11.91287843052897,5.7415598420640865,10.071202789900884,0,0,-3.3020360469818115,-5.790855407714844,-0.10328906774520874,-0.002690435852855444,0.028460808098316193,0.0185250211507082,nan,nan,nan,-0.03152025118470192,-0.003318777307868004,-3.1360960006713867,4.147957224631682e-05,3135,3135,0.0190737247467041,24.891,1.03,99,4,21,0.79,895,0.020463017746806145,0.01195864100009203,0.02079523541033268,1500,1500,1452,1498,1897,1102,1897,1102
1783459522.4021,15.5004,0.02148,46.57,776,686788,0.502,GUIDED,GUIDED,128,7.750185489654541,0.0,10.0,0.5,0.0,0.0,nan,nan,nan,nan,nan,nan,nan,nan,nan,nan,11.922377408604802,5.740098581226674,10.071429612449554,0,0,-3.302276134490967,-5.789838790893555,-0.10363167524337769,-0.0022461123298853636,0.02871752344071865,0.01859186962246895,nan,nan,nan,-0.03151576220989227,-0.0033577922731637955,-3.136080741882324,0.0006884583854116499,3135,3135,0.01926898956298828,24.884,1.04,99,4,21,0.79,895,0.020463017746806145,0.01195864100009203,0.02079523541033268,1500,1500,1452,1498,1897,1102,1897,1102
1783459522.4207,15.5204,0.01857,53.85,777,686808,0.521,GUIDED,GUIDED,128,7.760177373886108,0.0,10.0,0.5,0.0,0.0,nan,nan,nan,nan,nan,nan,nan,nan,nan,nan,11.932527585609117,5.738447094352074,10.07151562245895,0,0,-3.3024072647094727,-5.789064884185791,-0.10359829664230347,-0.00226179463788867,0.029224194586277008,0.018522940576076508,nan,nan,nan,-0.031520795077085495,-0.0033577382564544678,-3.1360833644866943,0.00026654155226424336,3135,3135,0.017696857452392578,24.884,1.04,99,4,21,0.79,895,0.020463017746806145,0.01195864100009203,0.02079523541033268,1500,1500,1452,1498,1897,1102,1897,1102
1783459522.4407,15.5405,0.02002,49.95,778,686828,0.541,GUIDED,GUIDED,128,7.77022922039032,0.0,10.0,0.5,0.0,0.0,nan,nan,nan,nan,nan,nan,nan,nan,nan,nan,11.942422140393937,5.737337822628152,10.071872410465142,0,0,-3.3026087284088135,-5.788119316101074,-0.10384851694107056,-0.0020546671003103256,0.029318708926439285,0.01846141368150711,nan,nan,nan,-0.03151528164744377,-0.0033319219946861267,-3.136091709136963,-0.0003480810846667737,3135,3135,0.019289731979370117,24.884,1.04,99,4,21,0.79,895,0.020463017746806145,0.01195864100009203,0.02079523541033268,1500,1500,1452,1498,1897,1102,1897,1102
1783459522.4606,15.5604,0.01986,50.34,779,686848,0.561,GUIDED,GUIDED,128,7.780177474021912,0.0,10.0,0.5,0.0,0.0,nan,nan,nan,nan,nan,nan,nan,nan,nan,nan,11.952344767626268,5.7372349940275535,10.071710183991419,0,0,-3.3027231693267822,-5.787371635437012,-0.10379594564437866,-0.0019737991970032454,0.028946403414011,0.01852472312748432,nan,nan,nan,-0.03152470663189888,-0.003296487033367157,-3.1360912322998047,2.2398558940039948e-05,3135,3135,0.019200801849365234,24.884,1.04,99,4,21,0.79,895,0.020463017746806145,0.01195864100009203,0.02079523541033268,1500,1500,1452,1498,1897,1102,1897,1102
1783459522.4809,15.5804,0.02030,49.26,780,686868,0.581,GUIDED,GUIDED,128,7.790223479270935,0.0,10.0,0.5,0.0,0.0,nan,nan,nan,nan,nan,nan,nan,nan,nan,nan,11.962869455351143,5.737004669507948,10.072142059521548,0,0,-3.302894115447998,-5.786520481109619,-0.1040237545967102,-0.0021514708641916513,0.02858796715736389,0.018406905233860016,nan,nan,nan,-0.031545162200927734,-0.003316940739750862,-3.13608717918396,0.0002142095472663641,3135,3135,0.019380569458007812,24.884,1.04,99,4,21,0.79,895,0.020463017746806145,0.01195864100009203,0.02079523541033268,1500,1500,1452,1498,1897,1102,1897,1102
1783459522.5009,15.6003,0.02000,50.00,781,686888,0.601,GUIDED,GUIDED,128,7.80015230178833,0.0,10.0,0.5,0.0,0.0,nan,nan,nan,nan,nan,nan,nan,nan,nan,nan,11.972466109133084,5.7364594610616555,10.072051419402744,0,0,-3.3030481338500977,-5.785717964172363,-0.10419696569442749,-0.0018707705894485116,0.028439410030841827,0.01855923980474472,nan,nan,nan,-0.03155020996928215,-0.003367273136973381,-3.1360793113708496,0.00042248526006005704,3135,3135,0.018921375274658203,24.884,1.04,99,4,21,0.79,895,0.018779434263706207,0.0016563661629334092,0.018698906525969505,1500,1500,1452,1498,1897,1102,1897,1102
1783459522.5204,15.6204,0.01953,51.21,782,686908,0.621,GUIDED,GUIDED,128,7.810209631919861,0.0,10.0,0.5,0.0,0.0,nan,nan,nan,nan,nan,nan,nan,nan,nan,nan,11.983044932606965,5.734730453574791,10.072265342216982,0,0,-3.303434371948242,-5.7846903800964355,-0.10414391756057739,-0.001948860241100192,0.028844377025961876,0.01840510405600071,nan,nan,nan,-0.031562406569719315,-0.0033840425312519073,-3.136073589324951,0.00033914181403815746,3135,3135,0.018977642059326172,24.884,1.04,99,4,21,0.79,895,0.018779434263706207,0.0016563661629334092,0.018698906525969505,1500,1500,1452,1498,1897,1102,1897,1102
1783459522.5407,15.6404,0.02031,49.23,783,686928,0.641,GUIDED,GUIDED,128,7.8201857805252075,0.0,10.0,0.5,0.0,0.0,nan,nan,nan,nan,nan,nan,nan,nan,nan,nan,11.994116356067472,5.732293584371796,10.072989221974538,0,0,-3.304128408432007,-5.783253192901611,-0.10435158014297485,-0.0021805153228342533,0.029421543702483177,0.018107065930962563,nan,nan,nan,-0.03155500814318657,-0.0033745691180229187,-3.136080503463745,-0.00021882662258576602,3135,3135,0.01945781707763672,24.884,1.04,99,4,21,0.79,895,0.018779434263706207,0.0016563661629334092,0.018698906525969505,1500,1500,1452,1498,1897,1102,1897,1102
1783459522.5605,15.6604,0.01980,50.50,784,686948,0.661,GUIDED,GUIDED,128,7.830178499221802,0.0,10.0,0.5,0.0,0.0,nan,nan,nan,nan,nan,nan,nan,nan,nan,nan,12.00462860525057,5.73123286206924,10.07322601106828,0,0,-3.3044791221618652,-5.782279968261719,-0.10443872213363647,-0.002277981722727418,0.02947206050157547,0.018020667135715485,nan,nan,nan,-0.03155289217829704,-0.003340601921081543,-3.1360905170440674,-0.00032597329118289053,3135,3135,0.01916360855102539,24.884,1.04,99,4,21,0.79,895,0.018779434263706207,0.0016563661629334092,0.018698906525969505,1500,1500,1452,1498,1897,1102,1897,1102
1783459522.5812,15.6805,0.02074,48.22,785,686968,0.681,GUIDED,GUIDED,128,7.840234279632568,0.0,10.0,0.5,0.0,0.0,nan,nan,nan,nan,nan,nan,nan,nan,nan,nan,12.01604682318558,5.730030427417974,10.07398142100156,0,0,-3.3051021099090576,-5.7809858322143555,-0.10491043329238892,-0.0027049032505601645,0.02941911667585373,0.01785687357187271,nan,nan,nan,-0.03155140206217766,-0.003318779170513153,-3.1360995769500732,-0.00041198215330950916,3135,3135,0.01947164535522461,24.884,1.04,99,4,21,0.79,895,0.018779434263706207,0.0016563661629334092,0.018698906525969505,1500,1500,1452,1498,1897,1102,1897,1102
1783459522.6007,15.7004,0.01948,51.33,786,686988,0.701,GUIDED,GUIDED,128,7.850195527076721,0.0,10.0,0.5,0.0,0.0,nan,nan,nan,nan,nan,nan,nan,nan,nan,nan,12.026464759808098,5.7291553047336485,10.074179128976072,0,0,-3.305680513381958,-5.7797651290893555,-0.10530215501785278,-0.002634631469845772,0.029219595715403557,0.017968887463212013,nan,nan,nan,-0.031554073095321655,-0.003343014046549797,-3.1360771656036377,0.0009456929983571172,3135,3135,0.018700599670410156,24.884,1.04,99,4,21,0.79,895,0.018779434263706207,0.0016563661629334092,0.018698906525969505,1500,1500,1452,1498,1897,1102,1897,1102
1783459522.6209,15.7204,0.02014,49.65,787,687008,0.721,GUIDED,GUIDED,128,7.860178351402283,0.0,10.0,0.5,0.0,0.0,nan,nan,nan,nan,nan,nan,nan,nan,nan,nan,12.036765659332751,5.727648216036358,10.074196756936564,0,0,-3.3059818744659424,-5.778885364532471,-0.10529011487960815,-0.00264428136870265,0.02958178147673607,0.017951758578419685,nan,nan,nan,-0.031557247042655945,-0.0033854637295007706,-3.136072874069214,0.000306255416944623,3135,3135,0.01916980743408203,24.884,1.04,99,4,21,0.79,895,0.018779434263706207,0.0016563661629334092,0.018698906525969505,1500,1500,1452,1498,1897,1102,1897,1102
1783459522.6408,15.7403,0.01989,50.26,788,687028,0.741,GUIDED,GUIDED,128,7.870155572891235,0.0,10.0,0.5,0.0,0.0,nan,nan,nan,nan,nan,nan,nan,nan,nan,nan,12.047751267692647,5.725722723149227,10.074816493042885,0,0,-3.3064980506896973,-5.777766704559326,-0.10558825731277466,-0.002928459318354726,0.03004760667681694,0.017766086384654045,nan,nan,nan,-0.03155600652098656,-0.0033906176686286926,-3.136078357696533,-0.0002595593105070293,3135,3135,0.018991708755493164,24.884,1.04,99,4,21,0.79,895,0.018779434263706207,0.0016563661629334092,0.018698906525969505,1500,1500,1452,1498,1897,1102,1897,1102
1783459522.6609,15.7604,0.02014,49.64,789,687048,0.761,GUIDED,GUIDED,128,7.880180716514587,0.0,10.0,0.5,0.0,0.0,nan,nan,nan,nan,nan,nan,nan,nan,nan,nan,12.057847033660074,5.723998378975632,10.074960546967278,0,0,-3.306771755218506,-5.776925563812256,-0.10563796758651733,-0.002811209764331579,0.030557524412870407,0.017711617052555084,nan,nan,nan,-0.03155187517404556,-0.0033682193607091904,-3.136093854904175,-0.0005674600251950324,3135,3135,0.01925826072692871,24.884,1.04,99,4,21,0.79,895,0.018779434263706207,0.0016563661629334092,0.018698906525969505,1500,1500,1452,1498,1897,1102,1897,1102
1783459522.6803,15.7803,0.01939,51.58,790,687068,0.780,GUIDED,GUIDED,128,7.890160083770752,0.0,10.0,0.5,0.0,0.0,nan,nan,nan,nan,nan,nan,nan,nan,nan,nan,12.0685690230243,5.722666115849306,10.075325637911067,0,0,-3.307237148284912,-5.775869369506836,-0.10603100061416626,-0.0029712680261582136,0.03071691282093525,0.017727749422192574,nan,nan,nan,-0.03154300898313522,-0.0033445898443460464,-3.136096477508545,-0.00020556476374622434,3135,3135,0.01883101463317871,24.884,1.04,99,4,21,0.79,895,0.018779434263706207,0.0016563661629334092,0.018698906525969505,1500,1500,1452,1498,1897,1102,1897,1102
1783459522.7008,15.8004,0.02053,48.72,791,687088,0.801,GUIDED,GUIDED,128,7.900184869766235,0.0,10.0,0.5,0.0,0.0,nan,nan,nan,nan,nan,nan,nan,nan,nan,nan,12.078882903223889,5.722180360122348,10.075842658871048,0,0,-3.3076674938201904,-5.774871826171875,-0.1063576340675354,-0.0028897165320813656,0.030421432107686996,0.017617829144001007,nan,nan,nan,-0.03153875842690468,-0.003340665251016617,-3.1360790729522705,0.0008117413963191211,3135,3135,0.019665002822875977,24.884,1.04,99,4,21,0.79,895,0.02125622145831585,0.005676440428942442,0.007843156345188618,1500,1500,1452,1498,1897,1102,1897,1102
1783459522.7207,15.8204,0.01985,50.38,792,687108,0.821,GUIDED,GUIDED,128,7.910182952880859,0.0,10.0,0.5,0.0,0.0,nan,nan,nan,nan,nan,nan,nan,nan,nan,nan,12.089173744230306,5.722006384282593,10.075913861136167,0,0,-3.3079638481140137,-5.773958206176758,-0.10646814107894897,-0.0028876401484012604,0.02999439835548401,0.017640521749854088,nan,nan,nan,-0.0315367765724659,-0.0033697523176670074,-3.1360654830932617,0.000678863434586674,3135,3135,0.019066572189331055,24.884,1.04,99,4,21,0.79,895,0.02125622145831585,0.005676440428942442,0.007843156345188618,1500,1500,1452,1498,1897,1102,1897,1102
1783459522.7408,15.8404,0.02013,49.67,793,687128,0.841,GUIDED,GUIDED,128,7.920192837715149,0.0,10.0,0.5,0.0,0.0,nan,nan,nan,nan,nan,nan,nan,nan,nan,nan,12.099645123717293,5.7202184776379585,10.07674400014503,0,0,-3.3084685802459717,-5.772778034210205,-0.10697299242019653,-0.002862676978111267,0.03034527413547039,0.017452716827392578,nan,nan,nan,-0.03154506906867027,-0.0034111645072698593,-3.1360647678375244,7.749353244435042e-05,3135,3135,0.019275426864624023,24.884,1.04,99,4,21,0.79,895,0.02125622145831585,0.005676440428942442,0.007843156345188618,1500,1500,1452,1498,1897,1102,1897,1102
1783459522.7603,15.8602,0.01953,51.20,794,687148,0.860,GUIDED,GUIDED,128,7.930094003677368,0.0,10.0,0.5,0.0,0.0,nan,nan,nan,nan,nan,nan,nan,nan,nan,nan,12.109489410312303,5.718999116115861,10.076994618756299,0,0,-3.3087329864501953,-5.771913528442383,-0.10719805955886841,-0.0026771826669573784,0.030550150200724602,0.01743796467781067,nan,nan,nan,-0.031543415039777756,-0.0034096483141183853,-3.136068820953369,-0.0003788044268731028,3135,3135,0.01884317398071289,24.884,1.04,99,4,21,0.79,895,0.02125622145831585,0.005676440428942442,0.007843156345188618,1500,1500,1452,1498,1897,1102,1897,1102
1783459522.7807,15.8804,0.02038,49.06,795,687168,0.881,GUIDED,GUIDED,128,7.940202832221985,0.0,10.0,0.5,0.0,0.0,nan,nan,nan,nan,nan,nan,nan,nan,nan,nan,12.119970914630077,5.7177591927686295,10.078213900540721,0,0,-3.3091797828674316,-5.770821571350098,-0.10791522264480591,-0.002634389093145728,0.03063557855784893,0.01714806631207466,nan,nan,nan,-0.03154362738132477,-0.0033742841333150864,-3.1360652446746826,6.07853289693594e-05,3135,3135,0.019470930099487305,24.884,1.04,99,4,21,0.79,895,0.02125622145831585,0.005676440428942442,0.007843156345188618,1500,1500,1452,1498,1897,1102,1897,1102
1783459522.8009,15.9004,0.02020,49.51,796,687188,0.901,GUIDED,GUIDED,128,7.950217962265015,0.0,10.0,0.5,0.0,0.0,nan,nan,nan,nan,nan,nan,nan,nan,nan,nan,12.130467152060984,5.717049518770604,10.078897167895104,0,0,-3.3095884323120117,-5.769800662994385,-0.10854440927505493,-0.0026762227062135935,0.03045588731765747,0.017116842791438103,nan,nan,nan,-0.031538624316453934,-0.003340005874633789,-3.1360583305358887,0.00045154342660680413,3135,3135,0.01923370361328125,24.884,1.04,99,4,21,0.79,895,0.02125622145831585,0.005676440428942442,0.007843156345188618,1500,1500,1452,1498,1897,1102,1897,1102
1783459522.8205,15.9204,0.01960,51.03,797,687208,0.921,GUIDED,GUIDED,128,7.960180640220642,0.0,10.0,0.5,0.0,0.0,nan,nan,nan,nan,nan,nan,nan,nan,nan,nan,12.140491245317953,5.7170840902021975,10.079101280105125,0,0,-3.3098082542419434,-5.769014835357666,-0.10865706205368042,-0.00258476659655571,0.029982229694724083,0.017064038664102554,nan,nan,nan,-0.03153379634022713,-0.0033534206449985504,-3.1360514163970947,0.0003625600947998464,3135,3135,0.019011497497558594,24.884,1.04,99,4,21,0.79,895,0.02125622145831585,0.005676440428942442,0.007843156345188618,1500,1500,1452,1498,1897,1102,1897,1102
1783459522.8406,15.9404,0.02007,49.83,798,687228,0.941,GUIDED,GUIDED,128,7.9702228307724,0.0,10.0,0.5,0.0,0.0,nan,nan,nan,nan,nan,nan,nan,nan,nan,nan,12.151081698602894,5.716418219903677,10.079813656132549,0,0,-3.3101720809936523,-5.7680816650390625,-0.10915738344192505,-0.0026912507601082325,0.02982790395617485,0.016941608861088753,nan,nan,nan,-0.031540773808956146,-0.0033879168331623077,-3.1360559463500977,-0.00026449881261214614,3135,3135,0.019471406936645508,24.884,1.04,99,4,21,0.79,895,0.02125622145831585,0.005676440428942442,0.007843156345188618,1500,1500,1452,1498,1897,1102,1897,1102
1783459522.8608,15.9603,0.02020,49.52,799,687248,0.961,GUIDED,GUIDED,128,7.980154991149902,0.0,10.0,0.5,0.0,0.0,nan,nan,nan,nan,nan,nan,nan,nan,nan,nan,12.160967846843784,5.714964553960563,10.080102989619027,0,0,-3.3103678226470947,-5.767331600189209,-0.10928589105606079,-0.0025516741443425417,0.03023412823677063,0.01684875600039959,nan,nan,nan,-0.031542882323265076,-0.0034160204231739044,-3.1360673904418945,-0.0007326225750148296,3135,3135,0.01929187774658203,24.884,1.04,99,4,21,0.79,895,0.02125622145831585,0.005676440428942442,0.007843156345188618,1500,1500,1452,1498,1897,1102,1897,1102
1783459522.8808,15.9804,0.02007,49.84,800,687268,0.981,GUIDED,GUIDED,128,7.990179061889648,0.0,10.0,0.5,0.0,0.0,nan,nan,nan,nan,nan,nan,nan,nan,nan,nan,12.171220790180456,5.713472473075821,10.08080021071485,0,0,-3.310685634613037,-5.7664690017700195,-0.10982578992843628,-0.0025003249756991863,0.030597560107707977,0.01675792597234249,nan,nan,nan,-0.031543832272291183,-0.0034014973789453506,-3.1360700130462646,-2.1518968424061313e-05,3135,3135,0.01912212371826172,24.884,1.04,99,4,21,0.79,895,0.02125622145831585,0.005676440428942442,0.007843156345188618,1500,1500,1452,1498,1897,1102,1897,1102
1783459522.9021,16.0004,0.02128,47.00,801,687288,0.002,GUIDED,GUIDED,128,8.000180721282959,0.0,10.0,0.5,0.0,0.0,nan,nan,nan,nan,nan,nan,nan,nan,nan,nan,12.181540683068707,5.712600184126651,10.081324970053478,0,0,-3.3109772205352783,-5.765634536743164,-0.11028319597244263,-0.0025157099589705467,0.03061939775943756,0.016719039529561996,nan,nan,nan,-0.03154108300805092,-0.0033711306750774384,-3.136066436767578,8.263017662102357e-05,3135,3135,0.019081592559814453,24.885,1.03,99,4,21,0.79,895,0.021160654723644257,0.004283744841814041,0.01566009595990181,1500,1500,1452,1498,1897,1102,1897,1102
1783459522.9207,16.0204,0.01856,53.89,802,687308,0.021,GUIDED,GUIDED,128,8.010176658630371,0.0,10.0,0.5,0.0,0.0,nan,nan,nan,nan,nan,nan,nan,nan,nan,nan,12.192125929931187,5.711815554731613,10.081218218270683,0,0,-3.311338424682617,-5.7645087242126465,-0.1103242039680481,-0.002647406654432416,0.03042241558432579,0.016804348677396774,nan,nan,nan,-0.03154130280017853,-0.0033620409667491913,-3.1360528469085693,0.0009273954201489687,3135,3135,0.017704248428344727,24.885,1.03,99,4,21,0.79,895,0.021160654723644257,0.004283744841814041,0.01566009595990181,1500,1500,1452,1498,1897,1102,1897,1102
1783459522.9406,16.0404,0.01995,50.12,803,687328,0.041,GUIDED,GUIDED,128,8.020182490348816,0.0,10.0,0.5,0.0,0.0,nan,nan,nan,nan,nan,nan,nan,nan,nan,nan,12.203240123439025,5.710427679398505,10.08174775263771,0,0,-3.3119709491729736,-5.762966156005859,-0.11070448160171509,-0.002922131447121501,0.030333103612065315,0.016718175262212753,nan,nan,nan,-0.03154625743627548,-0.0033856090158224106,-3.136035919189453,0.0008198867435567081,3135,3135,0.019180774688720703,24.885,1.03,99,4,21,0.79,895,0.021160654723644257,0.004283744841814041,0.01566009595990181,1500,1500,1452,1498,1897,1102,1897,1102
1783459522.9607,16.0603,0.02005,49.86,804,687348,0.061,GUIDED,GUIDED,128,8.030168056488037,0.0,10.0,0.5,0.0,0.0,nan,nan,nan,nan,nan,nan,nan,nan,nan,nan,12.213201887332602,5.708965143089222,10.082232792557466,0,0,-3.312298059463501,-5.76190710067749,-0.11079531908035278,-0.002719531999900937,0.030566053465008736,0.01649058237671852,nan,nan,nan,-0.03155216574668884,-0.003421653062105179,-3.1360528469085693,-0.0006595131708309054,3135,3135,0.019227981567382812,24.885,1.03,99,4,21,0.79,895,0.021160654723644257,0.004283744841814041,0.01566009595990181,1500,1500,1452,1498,1897,1102,1897,1102
1783459522.9805,16.0803,0.01987,50.33,805,687368,0.081,GUIDED,GUIDED,128,8.040157198905945,0.0,10.0,0.5,0.0,0.0,nan,nan,nan,nan,nan,nan,nan,nan,nan,nan,12.223702251605165,5.706674381400851,10.083155492594038,0,0,-3.312858819961548,-5.760487079620361,-0.11127263307571411,-0.002690930850803852,0.031068775802850723,0.01623343862593174,nan,nan,nan,-0.031542275100946426,-0.003417178988456726,-3.136061191558838,-0.0004918033955618739,3135,3135,0.01907062530517578,24.885,1.03,99,4,21,0.79,895,0.021160654723644257,0.004283744841814041,0.01566009595990181,1500,1500,1452,1498,1897,1102,1897,1102
1783459523.0008,16.1004,0.02024,49.42,806,687388,0.101,GUIDED,GUIDED,128,8.050189137458801,0.0,10.0,0.5,0.0,0.0,nan,nan,nan,nan,nan,nan,nan,nan,nan,nan,12.234855441671577,5.704207650109125,10.083371115102961,0,0,-3.3133790493011475,-5.759127140045166,-0.11167436838150024,-0.003037931164726615,0.03170778229832649,0.016340890899300575,nan,nan,nan,-0.031543534249067307,-0.0034123118966817856,-3.136063575744629,-0.00019305970636196434,3135,3135,0.019350290298461914,24.885,1.03,99,4,21,0.79,895,0.021160654723644257,0.004283744841814041,0.01566009595990181,1500,1500,1452,1498,1897,1102,1897,1102
1783459523.0207,16.1205,0.01996,50.10,807,687408,0.121,GUIDED,GUIDED,128,8.060232162475586,0.0,10.0,0.5,0.0,0.0,nan,nan,nan,nan,nan,nan,nan,nan,nan,nan,12.245018536549253,5.703616965986145,10.083664117588564,0,0,-3.3136539459228516,-5.75816535949707,-0.11168926954269409,-0.0029485418926924467,0.03149352967739105,0.016180329024791718,nan,nan,nan,-0.03154498711228371,-0.003387192264199257,-3.13604998588562,0.0007448732503689826,3135,3135,0.019194364547729492,24.885,1.03,99,4,21,0.79,895,0.021160654723644257,0.004283744841814041,0.01566009595990181,1500,1500,1452,1498,1897,1102,1897,1102
1783459523.0405,16.1404,0.01974,50.65,808,687428,0.141,GUIDED,GUIDED,128,8.070202350616455,0.0,10.0,0.5,0.0,0.0,nan,nan,nan,nan,nan,nan,nan,nan,nan,nan,12.255595305523563,5.703055599608817,10.084152335174899,0,0,-3.3141186237335205,-5.756918907165527,-0.111996591091156,-0.0030304696410894394,0.03109799511730671,0.01607588864862919,nan,nan,nan,-0.03156169876456261,-0.003379710018634796,-3.1360347270965576,0.0008450759341940284,3135,3135,0.01909041404724121,24.885,1.03,99,4,21,0.79,895,0.021160654723644257,0.004283744841814041,0.01566009595990181,1500,1500,1452,1498,1897,1102,1897,1102
1783459523.0603,16.1603,0.01984,50.41,809,687448,0.161,GUIDED,GUIDED,128,8.080152153968811,0.0,10.0,0.5,0.0,0.0,nan,nan,nan,nan,nan,nan,nan,nan,nan,nan,12.266010248292863,5.701727663281542,10.084327646576952,0,0,-3.314370632171631,-5.75601863861084,-0.11214572191238403,-0.003153520869091153,0.031344909220933914,0.01606077328324318,nan,nan,nan,-0.0315566211938858,-0.0034017637372016907,-3.1360256671905518,0.00040236013592220843,3135,3135,0.019204378128051758,24.885,1.03,99,4,21,0.79,895,0.021160654723644257,0.004283744841814041,0.01566009595990181,1500,1500,1452,1498,1897,1102,1897,1102
1783459523.0808,16.1804,0.02051,48.76,810,687468,0.181,GUIDED,GUIDED,128,8.090224385261536,0.0,10.0,0.5,0.0,0.0,nan,nan,nan,nan,nan,nan,nan,nan,nan,nan,12.276919800994069,5.700065148241542,10.084747743833486,0,0,-3.3147897720336914,-5.754868030548096,-0.11269527673721313,-0.003394958097487688,0.03164045885205269,0.01613551564514637,nan,nan,nan,-0.031554996967315674,-0.0034305956214666367,-3.136032819747925,-0.00040905995410867035,3135,3135,0.01961207389831543,24.885,1.03,99,4,21,0.79,895,0.021160654723644257,0.004283744841814041,0.01566009595990181,1500,1500,1452,1498,1897,1102,1897,1102
1783459523.1015,16.2004,0.02067,48.39,811,687488,0.202,GUIDED,GUIDED,128,8.100220322608948,0.0,10.0,0.5,0.0,0.0,nan,nan,nan,nan,nan,nan,nan,nan,nan,nan,12.287401397843288,5.697948097647708,10.085311126419711,0,0,-3.3151798248291016,-5.753772735595703,-0.1131700873374939,-0.003450156655162573,0.03223036974668503,0.016084378585219383,nan,nan,nan,-0.03155045956373215,-0.0034139063209295273,-3.1360585689544678,-0.00113439850974828,3135,3135,0.019148588180541992,24.885,1.03,99,4,21,0.79,895,0.02153295837342739,0.011763916350901127,0.0021098258439451456,1500,1500,1452,1498,1897,1102,1897,1102
1783459523.1209,16.2203,0.01940,51.54,812,687508,0.221,GUIDED,GUIDED,128,8.110173106193542,0.0,10.0,0.5,0.0,0.0,nan,nan,nan,nan,nan,nan,nan,nan,nan,nan,12.297894421315693,5.6967594088654385,10.08560750212366,0,0,-3.3157060146331787,-5.75279426574707,-0.11321967840194702,-0.0034582684747874737,0.03235173970460892,0.01594189740717411,nan,nan,nan,-0.03155691921710968,-0.0033745858818292618,-3.1360626220703125,-0.00036897274549119174,3135,3135,0.0184628963470459,24.885,1.03,99,4,21,0.79,895,0.02153295837342739,0.011763916350901127,0.0021098258439451456,1500,1500,1452,1498,1897,1102,1897,1102
1783459523.1407,16.2403,0.01979,50.52,813,687528,0.241,GUIDED,GUIDED,128,8.120171785354614,0.0,10.0,0.5,0.0,0.0,nan,nan,nan,nan,nan,nan,nan,nan,nan,nan,12.309740715577819,5.696508561593187,10.085841769110912,0,0,-3.3166394233703613,-5.751575946807861,-0.11360436677932739,-0.003986085765063763,0.03179316967725754,0.016028743237257004,nan,nan,nan,-0.03154253587126732,-0.003365539014339447,-3.136056423187256,0.0003351244085934013,3135,3135,0.018934249877929688,24.885,1.03,99,4,21,0.79,895,0.02153295837342739,0.011763916350901127,0.0021098258439451456,1500,1500,1452,1498,1897,1102,1897,1102
1783459523.1604,16.2602,0.01971,50.73,814,687548,0.261,GUIDED,GUIDED,128,8.130076050758362,0.0,10.0,0.5,0.0,0.0,nan,nan,nan,nan,nan,nan,nan,nan,nan,nan,12.320227369496054,5.695872413389766,10.085778691466714,0,0,-3.317121744155884,-5.7506818771362305,-0.1136733889579773,-0.004043859895318747,0.03164425864815712,0.016105011105537415,nan,nan,nan,-0.03153473511338234,-0.0033885613083839417,-3.1360366344451904,0.0009654001332819462,3135,3135,0.019016504287719727,24.885,1.03,99,4,21,0.79,895,0.02153295837342739,0.011763916350901127,0.0021098258439451456,1500,1500,1452,1498,1897,1102,1897,1102
1783459523.1807,16.2804,0.02027,49.34,815,687568,0.281,GUIDED,GUIDED,128,8.140178203582764,0.0,10.0,0.5,0.0,0.0,nan,nan,nan,nan,nan,nan,nan,nan,nan,nan,12.33159322071229,5.694758249454184,10.086454359317898,0,0,-3.3179633617401123,-5.749564170837402,-0.11407071352005005,-0.004287548363208771,0.031642213463783264,0.015944309532642365,nan,nan,nan,-0.0315183624625206,-0.003419918939471245,-3.136035442352295,0.0002619493752717972,3135,3135,0.01947474479675293,24.885,1.03,99,4,21,0.79,895,0.02153295837342739,0.011763916350901127,0.0021098258439451456,1500,1500,1452,1498,1897,1102,1897,1102
1783459523.2008,16.3003,0.02012,49.70,816,687588,0.301,GUIDED,GUIDED,128,8.150172710418701,0.0,10.0,0.5,0.0,0.0,nan,nan,nan,nan,nan,nan,nan,nan,nan,nan,12.342935546422535,5.693160964002176,10.087129947147782,0,0,-3.3187479972839355,-5.748507976531982,-0.11440986394882202,-0.004612702410668135,0.03195461258292198,0.015750067308545113,nan,nan,nan,-0.03152240812778473,-0.0034435056149959564,-3.1360583305358887,-0.0011537581449374557,3135,3135,0.019189834594726562,24.885,1.03,99,4,21,0.79,895,0.02153295837342739,0.011763916350901127,0.0021098258439451456,1500,1500,1452,1498,1897,1102,1897,1102
1783459523.2208,16.3204,0.01997,50.08,817,687608,0.321,GUIDED,GUIDED,128,8.160177826881409,0.0,10.0,0.5,0.0,0.0,nan,nan,nan,nan,nan,nan,nan,nan,nan,nan,12.353431435604426,5.691832159888263,10.087340110128237,0,0,-3.3191683292388916,-5.7476701736450195,-0.11439746618270874,-0.004653371404856443,0.03223809227347374,0.01562157180160284,nan,nan,nan,-0.031523242592811584,-0.003416283056139946,-3.1360785961151123,-0.0010270526399835944,3135,3135,0.019068002700805664,24.885,1.03,99,4,21,0.79,895,0.02153295837342739,0.011763916350901127,0.0021098258439451456,1500,1500,1452,1498,1897,1102,1897,1102
1783459523.2408,16.3404,0.01999,50.02,818,687628,0.341,GUIDED,GUIDED,128,8.170192003250122,0.0,10.0,0.5,0.0,0.0,nan,nan,nan,nan,nan,nan,nan,nan,nan,nan,12.36458944474331,5.691073515251507,10.087507191075638,0,0,-3.3198797702789307,-5.746687889099121,-0.11465150117874146,-0.00490301288664341,0.03210897371172905,0.015671774744987488,nan,nan,nan,-0.03151898831129074,-0.003380168229341507,-3.136073350906372,0.0003028663631994277,3135,3135,0.019150495529174805,24.885,1.03,99,4,21,0.79,895,0.02153295837342739,0.011763916350901127,0.0021098258439451456,1500,1500,1452,1498,1897,1102,1897,1102
1783459523.2603,16.3604,0.01957,51.09,819,687648,0.361,GUIDED,GUIDED,128,8.180208086967468,0.0,10.0,0.5,0.0,0.0,nan,nan,nan,nan,nan,nan,nan,nan,nan,nan,12.375332975517308,5.691103561609774,10.087714910334352,0,0,-3.3202672004699707,-5.745901107788086,-0.11477845907211304,-0.005099321715533733,0.03163737803697586,0.01562514714896679,nan,nan,nan,-0.03152050822973251,-0.003389040008187294,-3.1360604763031006,0.0007322343881241977,3135,3135,0.01909637451171875,24.885,1.03,99,4,21,0.79,895,0.02153295837342739,0.011763916350901127,0.0021098258439451456,1500,1500,1452,1498,1897,1102,1897,1102
1783459523.2807,16.3804,0.02041,48.99,820,687668,0.381,GUIDED,GUIDED,128,8.190178394317627,0.0,10.0,0.5,0.0,0.0,nan,nan,nan,nan,nan,nan,nan,nan,nan,nan,12.386222249880602,5.690490425034366,10.088662429779694,0,0,-3.3209166526794434,-5.744990825653076,-0.11528080701828003,-0.005254926159977913,0.03146582096815109,0.015368127264082432,nan,nan,nan,-0.03151347488164902,-0.0034101754426956177,-3.1360652446746826,-0.0002316529571544379,3135,3135,0.019534826278686523,24.885,1.03,99,4,21,0.79,895,0.02153295837342739,0.011763916350901127,0.0021098258439451456,1500,1500,1452,1498,1897,1102,1897,1102
1783459523.3006,16.4004,0.01985,50.37,821,687688,0.401,GUIDED,GUIDED,128,8.200184106826782,0.0,10.0,0.5,0.0,0.0,nan,nan,nan,nan,nan,nan,nan,nan,nan,nan,12.39713471409388,5.689873525919253,10.089286220442144,0,0,-3.321526527404785,-5.744124412536621,-0.1157105565071106,-0.0054263281635940075,0.03132176399230957,0.015256097540259361,nan,nan,nan,-0.031515806913375854,-0.003440283238887787,-3.136075258255005,-0.0004763244651257992,3135,3135,0.01915454864501953,24.885,1.03,99,4,21,0.79,895,0.01953265815973282,0.012630704790353775,0.014685187488794327,1500,1500,1452,1498,1897,1102,1897,1102
1783459523.3208,16.4204,0.02018,49.57,822,687708,0.421,GUIDED,GUIDED,128,8.210217118263245,0.0,10.0,0.5,0.0,0.0,nan,nan,nan,nan,nan,nan,nan,nan,nan,nan,12.407766030344282,5.688574942997916,10.088984508282818,0,0,-3.322082281112671,-5.743297576904297,-0.11571770906448364,-0.005450895056128502,0.03159412741661072,0.01543442066758871,nan,nan,nan,-0.031509026885032654,-0.0034476518630981445,-3.136077642440796,-0.00022490861010737717,3135,3135,0.01936626434326172,24.885,1.03,99,4,21,0.79,895,0.01953265815973282,0.012630704790353775,0.014685187488794327,1500,1500,1452,1498,1897,1102,1897,1102
1783459523.3409,16.4404,0.02010,49.76,823,687728,0.441,GUIDED,GUIDED,128,8.220216393470764,0.0,10.0,0.5,0.0,0.0,nan,nan,nan,nan,nan,nan,nan,nan,nan,nan,12.41890912089075,5.687535701106125,10.089312359258628,0,0,-3.323035717010498,-5.742302417755127,-0.11598330736160278,-0.005560810677707195,0.03161957859992981,0.01539847906678915,nan,nan,nan,-0.031483087688684464,-0.003440113738179207,-3.1360905170440674,-0.000599719351157546,3135,3135,0.019138097763061523,24.885,1.03,99,4,21,0.79,895,0.01953265815973282,0.012630704790353775,0.014685187488794327,1500,1500,1452,1498,1897,1102,1897,1102
1783459523.3607,16.4603,0.01980,50.51,824,687748,0.461,GUIDED,GUIDED,128,8.230159759521484,0.0,10.0,0.5,0.0,0.0,nan,nan,nan,nan,nan,nan,nan,nan,nan,nan,12.429497772863437,5.6872103529623,10.089337724094872,0,0,-3.3235442638397217,-5.741518020629883,-0.11601179838180542,-0.0056397570297122,0.031354546546936035,0.015400283969938755,nan,nan,nan,-0.03147731348872185,-0.0034254640340805054,-3.136077642440796,0.0006007205229252577,3135,3135,0.018899917602539062,24.885,1.03,99,4,21,0.79,895,0.01953265815973282,0.012630704790353775,0.014685187488794327,1500,1500,1452,1498,1897,1102,1897,1102
1783459523.3808,16.4804,0.02012,49.70,825,687768,0.481,GUIDED,GUIDED,128,8.24018919467926,0.0,10.0,0.5,0.0,0.0,nan,nan,nan,nan,nan,nan,nan,nan,nan,nan,12.441066521875772,5.687204853773844,10.089908426769659,0,0,-3.3244075775146484,-5.740620136260986,-0.11633044481277466,-0.0060300459153950214,0.030839327722787857,0.015254759229719639,nan,nan,nan,-0.0314776636660099,-0.0034259632229804993,-3.1360652446746826,0.0007655393565073609,3135,3135,0.0192563533782959,24.885,1.03,99,4,21,0.79,895,0.01953265815973282,0.012630704790353775,0.014685187488794327,1500,1500,1452,1498,1897,1102,1897,1102
1783459523.4022,16.5003,0.02137,46.79,826,687788,0.502,GUIDED,GUIDED,128,8.250166416168213,0.0,10.0,0.5,0.0,0.0,nan,nan,nan,nan,nan,nan,nan,nan,nan,nan,12.452260928365103,5.687217232115897,10.09054088896186,0,0,-3.3252177238464355,-5.739769458770752,-0.11658865213394165,-0.006265049800276756,0.030341042205691338,0.015038683079183102,nan,nan,nan,-0.03147617354989052,-0.003454139456152916,-3.1360692977905273,-0.0002795649052131921,3135,3135,0.01910233497619629,24.881,1.03,99,4,21,0.79,895,0.01953265815973282,0.012630704790353775,0.014685187488794327,1500,1500,1452,1498,1897,1102,1897,1102
1783459523.4203,16.5204,0.01817,55.03,827,687808,0.521,GUIDED,GUIDED,128,8.260208249092102,0.0,10.0,0.5,0.0,0.0,nan,nan,nan,nan,nan,nan,nan,nan,nan,nan,12.462784807817803,5.685876871086597,10.090340264383691,0,0,-3.3256688117980957,-5.73904275894165,-0.1165432333946228,-0.0062829237431287766,0.030695339664816856,0.015128291212022305,nan,nan,nan,-0.031477347016334534,-0.0034881960600614548,-3.1360790729522705,-0.0007240267004817724,3135,3135,0.017584800720214844,24.881,1.03,99,4,21,0.79,895,0.01953265815973282,0.012630704790353775,0.014685187488794327,1500,1500,1452,1498,1897,1102,1897,1102
1783459523.4407,16.5404,0.02035,49.13,828,687828,0.541,GUIDED,GUIDED,128,8.270177364349365,0.0,10.0,0.5,0.0,0.0,nan,nan,nan,nan,nan,nan,nan,nan,nan,nan,12.47378852580859,5.684782024236079,10.090433762750923,0,0,-3.326402425765991,-5.738260269165039,-0.11672717332839966,-0.006456699687987566,0.03087567910552025,0.01518050767481327,nan,nan,nan,-0.03147399052977562,-0.003490256145596504,-3.1360793113708496,6.070775270927697e-06,3135,3135,0.01947617530822754,24.881,1.03,99,4,21,0.79,895,0.01953265815973282,0.012630704790353775,0.014685187488794327,1500,1500,1452,1498,1897,1102,1897,1102
1783459523.4604,16.5603,0.01975,50.63,829,687848,0.561,GUIDED,GUIDED,128,8.28016221523285,0.0,10.0,0.5,0.0,0.0,nan,nan,nan,nan,nan,nan,nan,nan,nan,nan,12.484307193251453,5.684061978587493,10.090699446382617,0,0,-3.3268167972564697,-5.737575531005859,-0.11675006151199341,-0.006525661330670118,0.030896063894033432,0.015040329657495022,nan,nan,nan,-0.03147401288151741,-0.003470795229077339,-3.1360719203948975,0.00038426415994763374,3135,3135,0.019075393676757812,24.881,1.03,99,4,21,0.79,895,0.01953265815973282,0.012630704790353775,0.014685187488794327,1500,1500,1452,1498,1897,1102,1897,1102
1783459523.4810,16.5804,0.02056,48.65,830,687868,0.581,GUIDED,GUIDED,128,8.290178775787354,0.0,10.0,0.5,0.0,0.0,nan,nan,nan,nan,nan,nan,nan,nan,nan,nan,12.495251290464445,5.683824153147693,10.09111128236351,0,0,-3.327486038208008,-5.736837387084961,-0.11704641580581665,-0.006674788426607847,0.030607204884290695,0.0149736562743783,nan,nan,nan,-0.031474024057388306,-0.003459705039858818,-3.1360442638397217,0.0013974718749523163,3135,3135,0.019421815872192383,24.881,1.03,99,4,21,0.79,895,0.01953265815973282,0.012630704790353775,0.014685187488794327,1500,1500,1452,1498,1897,1102,1897,1102
1783459523.5010,16.6005,0.02004,49.91,831,687888,0.601,GUIDED,GUIDED,128,8.300242185592651,0.0,10.0,0.5,0.0,0.0,nan,nan,nan,nan,nan,nan,nan,nan,nan,nan,12.506693566597821,5.683898932457608,10.091360913987621,0,0,-3.328113079071045,-5.736147880554199,-0.11729174852371216,-0.007108855061233044,0.03016594424843788,0.01497117429971695,nan,nan,nan,-0.03147406503558159,-0.0034788716584444046,-3.1360442638397217,-3.339293471071869e-05,3135,3135,0.01904773712158203,24.881,1.03,99,4,21,0.79,895,0.02016601525247097,0.0055684358812868595,0.014347068034112453,1500,1500,1452,1498,1897,1102,1897,1102
1783459523.5209,16.6205,0.01984,50.40,832,687908,0.621,GUIDED,GUIDED,128,8.310226440429688,0.0,10.0,0.5,0.0,0.0,nan,nan,nan,nan,nan,nan,nan,nan,nan,nan,12.517212939419661,5.683187044007486,10.090842857573646,0,0,-3.3286683559417725,-5.735356330871582,-0.11716455221176147,-0.007097216323018074,0.03011995181441307,0.015196837484836578,nan,nan,nan,-0.03146658092737198,-0.0035066474229097366,-3.1360437870025635,5.5749344028299674e-05,3135,3135,0.018936634063720703,24.881,1.03,99,4,21,0.79,895,0.02016601525247097,0.0055684358812868595,0.014347068034112453,1500,1500,1452,1498,1897,1102,1897,1102
1783459523.5405,16.6404,0.01964,50.91,833,687928,0.641,GUIDED,GUIDED,128,8.320207834243774,0.0,10.0,0.5,0.0,0.0,nan,nan,nan,nan,nan,nan,nan,nan,nan,nan,12.528270707847726,5.681819942320869,10.091040308011298,0,0,-3.3295931816101074,-5.734400272369385,-0.11717718839645386,-0.007184713147580624,0.03035726770758629,0.015090134926140308,nan,nan,nan,-0.031461797654628754,-0.003527337685227394,-3.1360654830932617,-0.0010134478798136115,3135,3135,0.018955230712890625,24.881,1.03,99,4,21,0.79,895,0.02016601525247097,0.0055684358812868595,0.014347068034112453,1500,1500,1452,1498,1897,1102,1897,1102
1783459523.5607,16.6604,0.02023,49.44,834,687948,0.661,GUIDED,GUIDED,128,8.330176591873169,0.0,10.0,0.5,0.0,0.0,nan,nan,nan,nan,nan,nan,nan,nan,nan,nan,12.539465282066418,5.680578705067228,10.090850145025525,0,0,-3.330108880996704,-5.733633518218994,-0.11711806058883667,-0.007594699505716562,0.030631210654973984,0.015165788121521473,nan,nan,nan,-0.03146634250879288,-0.003521256148815155,-3.136064052581787,-0.00039013009518384933,3135,3135,0.01935553550720215,24.881,1.03,99,4,21,0.79,895,0.02016601525247097,0.0055684358812868595,0.014347068034112453,1500,1500,1452,1498,1897,1102,1897,1102
1783459523.5803,16.6803,0.01957,51.09,835,687968,0.681,GUIDED,GUIDED,128,8.340161800384521,0.0,10.0,0.5,0.0,0.0,nan,nan,nan,nan,nan,nan,nan,nan,nan,nan,12.550546638371173,5.680475677601993,10.090955580461463,0,0,-3.330946683883667,-5.732759952545166,-0.11727184057235718,-0.007743855006992817,0.03018634021282196,0.015193699859082699,nan,nan,nan,-0.03147021681070328,-0.0035089701414108276,-3.1360535621643066,0.0007677141111344099,3135,3135,0.018994808197021484,24.881,1.03,99,4,21,0.79,895,0.02016601525247097,0.0055684358812868595,0.014347068034112453,1500,1500,1452,1498,1897,1102,1897,1102
1783459523.6005,16.7002,0.02022,49.45,836,687988,0.701,GUIDED,GUIDED,128,8.350115537643433,0.0,10.0,0.5,0.0,0.0,nan,nan,nan,nan,nan,nan,nan,nan,nan,nan,12.561785156440584,5.680369659937615,10.091107861471544,0,0,-3.3317341804504395,-5.731929302215576,-0.1173754334449768,-0.008030962198972702,0.029767973348498344,0.01516558974981308,nan,nan,nan,-0.031469814479351044,-0.003509894013404846,-3.1360392570495605,0.0007374412380158901,3135,3135,0.01943516731262207,24.881,1.03,99,4,21,0.79,895,0.02016601525247097,0.0055684358812868595,0.014347068034112453,1500,1500,1452,1498,1897,1102,1897,1102
1783459523.6207,16.7204,0.02017,49.58,837,688008,0.721,GUIDED,GUIDED,128,8.360190868377686,0.0,10.0,0.5,0.0,0.0,nan,nan,nan,nan,nan,nan,nan,nan,nan,nan,12.572154025456229,5.6799647000580045,10.090675458763876,0,0,-3.3321852684020996,-5.731242656707764,-0.1172603964805603,-0.007940000854432583,0.02960534207522869,0.015348820947110653,nan,nan,nan,-0.03146887943148613,-0.0035287532955408096,-3.1360514163970947,-0.0003740043903235346,3135,3135,0.01933455467224121,24.881,1.03,99,4,21,0.79,895,0.02016601525247097,0.0055684358812868595,0.014347068034112453,1500,1500,1452,1498,1897,1102,1897,1102
1783459523.6407,16.7403,0.02000,50.01,838,688028,0.741,GUIDED,GUIDED,128,8.370166897773743,0.0,10.0,0.5,0.0,0.0,nan,nan,nan,nan,nan,nan,nan,nan,nan,nan,12.582742666882865,5.679223845809383,10.09077212651969,0,0,-3.3328986167907715,-5.730475902557373,-0.1172991394996643,-0.00788184069097042,0.029590388759970665,0.015315378084778786,nan,nan,nan,-0.03146662563085556,-0.0035581570118665695,-3.1360573768615723,-0.0005472958437167108,3135,3135,0.019154787063598633,24.881,1.03,99,4,21,0.79,895,0.02016601525247097,0.0055684358812868595,0.014347068034112453,1500,1500,1452,1498,1897,1102,1897,1102
1783459523.6605,16.7603,0.01976,50.61,839,688048,0.761,GUIDED,GUIDED,128,8.380159735679626,0.0,10.0,0.5,0.0,0.0,nan,nan,nan,nan,nan,nan,nan,nan,nan,nan,12.593120486327045,5.67805432346454,10.09069944337423,0,0,-3.333317279815674,-5.7298054695129395,-0.1172836422920227,-0.00786239467561245,0.029878538101911545,0.015348394401371479,nan,nan,nan,-0.03146708384156227,-0.0035747122019529343,-3.1360697746276855,-0.0006334045901894569,3135,3135,0.019141197204589844,24.881,1.03,99,4,21,0.79,895,0.02016601525247097,0.0055684358812868595,0.014347068034112453,1500,1500,1452,1498,1897,1102,1897,1102
1783459523.6807,16.7804,0.02028,49.30,840,688068,0.781,GUIDED,GUIDED,128,8.390188932418823,0.0,10.0,0.5,0.0,0.0,nan,nan,nan,nan,nan,nan,nan,nan,nan,nan,12.604241982846279,5.677881274019469,10.090697509109402,0,0,-3.3339579105377197,-5.729105472564697,-0.1175265908241272,-0.008123165927827358,0.029574304819107056,0.01548977755010128,nan,nan,nan,-0.031466249376535416,-0.003564288839697838,-3.136073350906372,-0.00028833592659793794,3135,3135,0.01940751075744629,24.881,1.03,99,4,21,0.79,895,0.02016601525247097,0.0055684358812868595,0.014347068034112453,1500,1500,1452,1498,1897,1102,1897,1102
1783459523.7007,16.8004,0.01995,50.12,841,688088,0.801,GUIDED,GUIDED,128,8.400180697441101,0.0,10.0,0.5,0.0,0.0,nan,nan,nan,nan,nan,nan,nan,nan,nan,nan,12.614793234264587,5.677241192091343,10.090677260881993,0,0,-3.334568977355957,-5.728409290313721,-0.11770015954971313,-0.008093385957181454,0.02954191528260708,0.01560167782008648,nan,nan,nan,-0.031454503536224365,-0.003552565351128578,-3.1360538005828857,0.000994175672531128,3135,3135,0.019161224365234375,24.881,1.03,99,4,21,0.79,895,0.01928747445344925,0.007609107531607151,0.00988831091672182,1500,1500,1452,1498,1897,1102,1897,1102
1783459523.7208,16.8204,0.02011,49.72,842,688108,0.821,GUIDED,GUIDED,128,8.410181164741516,0.0,10.0,0.5,0.0,0.0,nan,nan,nan,nan,nan,nan,nan,nan,nan,nan,12.625295544267768,5.67679043687868,10.090670723214567,0,0,-3.3350980281829834,-5.727597236633301,-0.11750525236129761,-0.008077677339315414,0.029333319514989853,0.015492922626435757,nan,nan,nan,-0.03144647181034088,-0.0035644806921482086,-3.1360509395599365,0.0003601076314225793,3135,3135,0.019191980361938477,24.881,1.03,99,4,21,0.79,895,0.01928747445344925,0.007609107531607151,0.00988831091672182,1500,1500,1452,1498,1897,1102,1897,1102
1783459523.7406,16.8404,0.01984,50.40,843,688128,0.841,GUIDED,GUIDED,128,8.420207738876343,0.0,10.0,0.5,0.0,0.0,nan,nan,nan,nan,nan,nan,nan,nan,nan,nan,12.636591471657594,5.675983863045325,10.090467676383318,0,0,-3.3359527587890625,-5.726598739624023,-0.11740046739578247,-0.008317059837281704,0.029222512617707253,0.015549654141068459,nan,nan,nan,-0.031440816819667816,-0.0035854633897542953,-3.1360604763031006,-0.00048259273171424866,3135,3135,0.01909947395324707,24.881,1.03,99,4,21,0.79,895,0.01928747445344925,0.007609107531607151,0.00988831091672182,1500,1500,1452,1498,1897,1102,1897,1102
1783459523.7605,16.8603,0.01985,50.38,844,688148,0.861,GUIDED,GUIDED,128,8.430155992507935,0.0,10.0,0.5,0.0,0.0,nan,nan,nan,nan,nan,nan,nan,nan,nan,nan,12.647032422241775,5.675245178026307,10.090026157610474,0,0,-3.3364417552948,-5.725826263427734,-0.11733144521713257,-0.008319196291267872,0.029203003272414207,0.015764715149998665,nan,nan,nan,-0.03143908083438873,-0.0035981759428977966,-3.1360697746276855,-0.000656822114251554,3135,3135,0.019167184829711914,24.881,1.03,99,4,21,0.79,895,0.01928747445344925,0.007609107531607151,0.00988831091672182,1500,1500,1452,1498,1897,1102,1897,1102
1783459523.7805,16.8804,0.01997,50.06,845,688168,0.881,GUIDED,GUIDED,128,8.440203785896301,0.0,10.0,0.5,0.0,0.0,nan,nan,nan,nan,nan,nan,nan,nan,nan,nan,12.657988889490793,5.674373188278811,10.090206208720549,0,0,-3.337207794189453,-5.724917888641357,-0.11747545003890991,-0.008401546627283096,0.02918199636042118,0.015743903815746307,nan,nan,nan,-0.03144271299242973,-0.0036088023334741592,-3.136077404022217,-0.00037961569614708424,3135,3135,0.01933884620666504,24.881,1.03,99,4,21,0.79,895,0.01928747445344925,0.007609107531607151,0.00988831091672182,1500,1500,1452,1498,1897,1102,1897,1102
1783459523.8009,16.9004,0.02040,49.02,846,688188,0.901,GUIDED,GUIDED,128,8.45018458366394,0.0,10.0,0.5,0.0,0.0,nan,nan,nan,nan,nan,nan,nan,nan,nan,nan,12.668640137265276,5.673363974074183,10.090043832631574,0,0,-3.337923288345337,-5.724053859710693,-0.1175728440284729,-0.008375540375709534,0.029265819117426872,0.015893882140517235,nan,nan,nan,-0.031442806124687195,-0.003596758469939232,-3.136068344116211,0.0005672790575772524,3135,3135,0.019482135772705078,24.881,1.03,99,4,21,0.79,895,0.01928747445344925,0.007609107531607151,0.00988831091672182,1500,1500,1452,1498,1897,1102,1897,1102
1783459523.8204,16.9203,0.01956,51.11,847,688208,0.921,GUIDED,GUIDED,128,8.46015465259552,0.0,10.0,0.5,0.0,0.0,nan,nan,nan,nan,nan,nan,nan,nan,nan,nan,12.679155936885948,5.673075524209876,10.08961797767408,0,0,-3.3383474349975586,-5.723351001739502,-0.11744564771652222,-0.008445736952126026,0.029026560485363007,0.016066312789916992,nan,nan,nan,-0.031444448977708817,-0.0035917218774557114,-3.136057138442993,0.0007915120222605765,3135,3135,0.018898725509643555,24.881,1.03,99,4,21,0.79,895,0.01928747445344925,0.007609107531607151,0.00988831091672182,1500,1500,1452,1498,1897,1102,1897,1102
1783459523.8407,16.9404,0.02027,49.34,848,688228,0.941,GUIDED,GUIDED,128,8.470201849937439,0.0,10.0,0.5,0.0,0.0,nan,nan,nan,nan,nan,nan,nan,nan,nan,nan,12.690017112769995,5.672885220550653,10.08929984323218,0,0,-3.3389980792999268,-5.722548007965088,-0.11746913194656372,-0.008540038019418716,0.028672823682427406,0.01626354642212391,nan,nan,nan,-0.03145231679081917,-0.003607936203479767,-3.1360607147216797,-2.2683540009893477e-05,3135,3135,0.019397497177124023,24.881,1.03,99,4,21,0.79,895,0.01928747445344925,0.007609107531607151,0.00988831091672182,1500,1500,1452,1498,1897,1102,1897,1102
1783459523.8607,16.9604,0.01999,50.01,849,688248,0.961,GUIDED,GUIDED,128,8.480217814445496,0.0,10.0,0.5,0.0,0.0,nan,nan,nan,nan,nan,nan,nan,nan,nan,nan,12.70042971515372,5.672277229196924,10.089448143785646,0,0,-3.3393962383270264,-5.721873760223389,-0.11747485399246216,-0.008539159782230854,0.02863457053899765,0.016181228682398796,nan,nan,nan,-0.0314440093934536,-0.003628222271800041,-3.1360816955566406,-0.0008803597302176058,3135,3135,0.0192410945892334,24.881,1.03,99,4,21,0.79,895,0.01928747445344925,0.007609107531607151,0.00988831091672182,1500,1500,1452,1498,1897,1102,1897,1102
1783459523.8808,16.9804,0.02013,49.67,850,688268,0.981,GUIDED,GUIDED,128,8.49022364616394,0.0,10.0,0.5,0.0,0.0,nan,nan,nan,nan,nan,nan,nan,nan,nan,nan,12.711461473902677,5.671545557611283,10.08984598588705,0,0,-3.339988946914673,-5.72113037109375,-0.1177629828453064,-0.00878927856683731,0.028627805411815643,0.0161178857088089,nan,nan,nan,-0.03143394738435745,-0.0036342963576316833,-3.136073112487793,0.0002714081492740661,3135,3135,0.019311904907226562,24.881,1.03,99,4,21,0.79,895,0.01928747445344925,0.007609107531607151,0.00988831091672182,1500,1500,1452,1498,1897,1102,1897,1102
1783459523.9023,17.0003,0.02147,46.58,851,688288,0.003,GUIDED,GUIDED,128,8.500173211097717,0.0,10.0,0.5,0.0,0.0,nan,nan,nan,nan,nan,nan,nan,nan,nan,nan,12.722116168646954,5.670869651254847,10.08980154703509,0,0,-3.3405447006225586,-5.720425128936768,-0.11799710988998413,-0.008875520899891853,0.028610868379473686,0.016278715804219246,nan,nan,nan,-0.031419310718774796,-0.003644850105047226,-3.136061429977417,0.0004334798431955278,3135,3135,0.019207239151000977,24.89,1.06,99,4,21,0.79,895,0.019244594499468803,0.009742063470184803,0.009518628008663654,1500,1500,1452,1498,1897,1102,1897,1102
1783459523.9207,17.0204,0.01838,54.41,852,688308,0.021,GUIDED,GUIDED,128,8.51017677783966,0.0,10.0,0.5,0.0,0.0,nan,nan,nan,nan,nan,nan,nan,nan,nan,nan,12.732579941189739,5.66995279997803,10.090458373369604,0,0,-3.341050624847412,-5.71957540512085,-0.11816161870956421,-0.008849125355482101,0.028649624437093735,0.015994476154446602,nan,nan,nan,-0.0314081534743309,-0.0036362577229738235,-3.1360538005828857,0.0006479873554781079,3135,3135,0.017528057098388672,24.89,1.06,99,4,21,0.79,895,0.019244594499468803,0.009742063470184803,0.009518628008663654,1500,1500,1452,1498,1897,1102,1897,1102
1783459523.9406,17.0403,0.01997,50.08,853,688328,0.041,GUIDED,GUIDED,128,8.520158886909485,0.0,10.0,0.5,0.0,0.0,nan,nan,nan,nan,nan,nan,nan,nan,nan,nan,12.7436861416712,5.669347780735376,10.091247261952336,0,0,-3.3418385982513428,-5.718513488769531,-0.11875563859939575,-0.00904318317770958,0.028385834768414497,0.015881968662142754,nan,nan,nan,-0.031404536217451096,-0.0036312993615865707,-3.136049509048462,0.0002563870802987367,3135,3135,0.019135236740112305,24.89,1.06,99,4,21,0.79,895,0.019244594499468803,0.009742063470184803,0.009518628008663654,1500,1500,1452,1498,1897,1102,1897,1102
1783459523.9603,17.0603,0.01965,50.88,854,688348,0.061,GUIDED,GUIDED,128,8.530161738395691,0.0,10.0,0.5,0.0,0.0,nan,nan,nan,nan,nan,nan,nan,nan,nan,nan,12.754033178705555,5.668835214381473,10.091346913390382,0,0,-3.342305898666382,-5.717718601226807,-0.11901718378067017,-0.008972102776169777,0.028222836554050446,0.015975438058376312,nan,nan,nan,-0.031403496861457825,-0.0036515239626169205,-3.136061668395996,-0.00048291657003574073,3135,3135,0.01909637451171875,24.89,1.06,99,4,21,0.79,895,0.019244594499468803,0.009742063470184803,0.009518628008663654,1500,1500,1452,1498,1897,1102,1897,1102
1783459523.9804,17.0805,0.02015,49.64,855,688368,0.081,GUIDED,GUIDED,128,8.540228724479675,0.0,10.0,0.5,0.0,0.0,nan,nan,nan,nan,nan,nan,nan,nan,nan,nan,12.765582127334639,5.667735450547146,10.092366938913829,0,0,-3.3430237770080566,-5.716741561889648,-0.11978238821029663,-0.009413246996700764,0.02829369157552719,0.015828317031264305,nan,nan,nan,-0.03140849620103836,-0.0036629587411880493,-3.136084794998169,-0.0012093741679564118,3135,3135,0.019641637802124023,24.89,1.06,99,4,21,0.79,895,0.019244594499468803,0.009742063470184803,0.009518628008663654,1500,1500,1452,1498,1897,1102,1897,1102
1783459524.0004,17.1004,0.01997,50.08,856,688388,0.101,GUIDED,GUIDED,128,8.550176501274109,0.0,10.0,0.5,0.0,0.0,nan,nan,nan,nan,nan,nan,nan,nan,nan,nan,12.776235788228636,5.666655856869761,10.093205456318712,0,0,-3.3436942100524902,-5.715819835662842,-0.12045556306838989,-0.009433714672923088,0.02838483639061451,0.01573285646736622,nan,nan,nan,-0.03140749782323837,-0.0036768782883882523,-3.1360814571380615,6.303140253294259e-06,3135,3135,0.01932215690612793,24.89,1.06,99,4,21,0.79,895,0.019244594499468803,0.009742063470184803,0.009518628008663654,1500,1500,1452,1498,1897,1102,1897,1102
1783459524.0206,17.1204,0.02019,49.52,857,688408,0.121,GUIDED,GUIDED,128,8.560182571411133,0.0,10.0,0.5,0.0,0.0,nan,nan,nan,nan,nan,nan,nan,nan,nan,nan,12.786489028993511,5.665910002474945,10.093154083855282,0,0,-3.3441061973571777,-5.715093612670898,-0.1206011176109314,-0.009338557720184326,0.02839617058634758,0.015846552327275276,nan,nan,nan,-0.0314067080616951,-0.003675069659948349,-3.1360738277435303,0.0004702371370512992,3135,3135,0.019450902938842773,24.89,1.06,99,4,21,0.79,895,0.019244594499468803,0.009742063470184803,0.009518628008663654,1500,1500,1452,1498,1897,1102,1897,1102
1783459524.0407,17.1403,0.02009,49.77,858,688428,0.141,GUIDED,GUIDED,128,8.57017469406128,0.0,10.0,0.5,0.0,0.0,nan,nan,nan,nan,nan,nan,nan,nan,nan,nan,12.79753590751053,5.665383291057055,10.093795025374027,0,0,-3.3447160720825195,-5.714230060577393,-0.12113755941390991,-0.009595409967005253,0.028201695531606674,0.015786219388246536,nan,nan,nan,-0.031408585608005524,-0.003667069599032402,-3.1360626220703125,0.0006906344788148999,3135,3135,0.019248485565185547,24.89,1.06,99,4,21,0.79,895,0.019244594499468803,0.009742063470184803,0.009518628008663654,1500,1500,1452,1498,1897,1102,1897,1102
1783459524.0604,17.1603,0.01969,50.79,859,688448,0.161,GUIDED,GUIDED,128,8.580158829689026,0.0,10.0,0.5,0.0,0.0,nan,nan,nan,nan,nan,nan,nan,nan,nan,nan,12.80779735548616,5.665378769188722,10.094293685965354,0,0,-3.3451008796691895,-5.713541507720947,-0.12139934301376343,-0.009533347561955452,0.02780677005648613,0.01564945839345455,nan,nan,nan,-0.03140288218855858,-0.003667287528514862,-3.136063814163208,-2.853761543519795e-06,3135,3135,0.01905035972595215,24.89,1.06,99,4,21,0.79,895,0.019244594499468803,0.009742063470184803,0.009518628008663654,1500,1500,1452,1498,1897,1102,1897,1102
1783459524.0808,17.1805,0.02041,48.99,860,688468,0.181,GUIDED,GUIDED,128,8.590225458145142,0.0,10.0,0.5,0.0,0.0,nan,nan,nan,nan,nan,nan,nan,nan,nan,nan,12.81850873197478,5.6648598872226925,10.095241641534395,0,0,-3.3456592559814453,-5.712745666503906,-0.12215369939804077,-0.009583214297890663,0.0276468675583601,0.015537683852016926,nan,nan,nan,-0.03140386566519737,-0.003687586635351181,-3.1360697746276855,-0.00021592609118670225,3135,3135,0.019551753997802734,24.89,1.06,99,4,21,0.79,895,0.019244594499468803,0.009742063470184803,0.009518628008663654,1500,1500,1452,1498,1897,1102,1897,1102
1783459524.1015,17.2005,0.02068,48.36,861,688488,0.202,GUIDED,GUIDED,128,8.600237488746643,0.0,10.0,0.5,0.0,0.0,nan,nan,nan,nan,nan,nan,nan,nan,nan,nan,12.828974780361268,5.663827039837985,10.095987971573065,0,0,-3.3461785316467285,-5.711995601654053,-0.12281757593154907,-0.009545537643134594,0.02781013213098049,0.015490079298615456,nan,nan,nan,-0.03140177205204964,-0.003705376759171486,-3.136075258255005,-0.000522654561791569,3135,3135,0.01921987533569336,24.89,1.06,99,4,21,0.79,895,0.01984621211886406,0.0100292032584548,0.01231678482145071,1500,1500,1452,1498,1897,1102,1897,1102
1783459524.1207,17.2203,0.01926,51.91,862,688508,0.221,GUIDED,GUIDED,128,8.610171556472778,0.0,10.0,0.5,0.0,0.0,nan,nan,nan,nan,nan,nan,nan,nan,nan,nan,12.839713672318949,5.662649022295447,10.09612078996799,0,0,-3.346773862838745,-5.710984230041504,-0.12291198968887329,-0.009666488505899906,0.027906345203518867,0.01546790637075901,nan,nan,nan,-0.0313948392868042,-0.0037088096141815186,-3.136070966720581,0.00010502639634069055,3135,3135,0.01841568946838379,24.89,1.06,99,4,21,0.79,895,0.01984621211886406,0.0100292032584548,0.01231678482145071,1500,1500,1452,1498,1897,1102,1897,1102
1783459524.1408,17.2404,0.02009,49.77,863,688528,0.241,GUIDED,GUIDED,128,8.620181918144226,0.0,10.0,0.5,0.0,0.0,nan,nan,nan,nan,nan,nan,nan,nan,nan,nan,12.85130216938355,5.660974825066905,10.096570725473969,0,0,-3.347715377807617,-5.709593296051025,-0.12335878610610962,-0.010034041479229927,0.028069887310266495,0.015466094017028809,nan,nan,nan,-0.03139498457312584,-0.003689071163535118,-3.1360645294189453,0.0002888778690248728,3135,3135,0.01913285255432129,24.89,1.06,99,4,21,0.79,895,0.01984621211886406,0.0100292032584548,0.01231678482145071,1500,1500,1452,1498,1897,1102,1897,1102
1783459524.1609,17.2604,0.02004,49.89,864,688548,0.261,GUIDED,GUIDED,128,8.630186676979065,0.0,10.0,0.5,0.0,0.0,nan,nan,nan,nan,nan,nan,nan,nan,nan,nan,12.861861347520444,5.660581453308462,10.09672364121072,0,0,-3.3482666015625,-5.708644866943359,-0.12351709604263306,-0.01003588642925024,0.027749424800276756,0.015469208359718323,nan,nan,nan,-0.03139376640319824,-0.0036778952926397324,-3.1360585689544678,0.0004463248769752681,3135,3135,0.019214630126953125,24.89,1.06,99,4,21,0.79,895,0.01984621211886406,0.0100292032584548,0.01231678482145071,1500,1500,1452,1498,1897,1102,1897,1102
1783459524.1808,17.2805,0.01997,50.09,865,688568,0.281,GUIDED,GUIDED,128,8.640228629112244,0.0,10.0,0.5,0.0,0.0,nan,nan,nan,nan,nan,nan,nan,nan,nan,nan,12.873220942304405,5.659448995145326,10.097464457563303,0,0,-3.3491227626800537,-5.707376956939697,-0.12408488988876343,-0.010302322916686535,0.027671221643686295,0.015369313769042492,nan,nan,nan,-0.03138061240315437,-0.0036783255636692047,-3.13606858253479,-0.0005845349514856935,3135,3135,0.019142866134643555,24.89,1.06,99,4,21,0.79,895,0.01984621211886406,0.0100292032584548,0.01231678482145071,1500,1500,1452,1498,1897,1102,1897,1102
1783459524.2008,17.3004,0.01996,50.09,866,688588,0.301,GUIDED,GUIDED,128,8.650177121162415,0.0,10.0,0.5,0.0,0.0,nan,nan,nan,nan,nan,nan,nan,nan,nan,nan,12.884021650535281,5.6582234232660245,10.098037335112107,0,0,-3.349926710128784,-5.706175804138184,-0.1245691180229187,-0.010330190882086754,0.027685320004820824,0.015318132005631924,nan,nan,nan,-0.03137603774666786,-0.003689795732498169,-3.13608455657959,-0.0008107553003355861,3135,3135,0.01905536651611328,24.89,1.06,99,4,21,0.79,895,0.01984621211886406,0.0100292032584548,0.01231678482145071,1500,1500,1452,1498,1897,1102,1897,1102
1783459524.2203,17.3203,0.01955,51.16,867,688608,0.321,GUIDED,GUIDED,128,8.660153865814209,0.0,10.0,0.5,0.0,0.0,nan,nan,nan,nan,nan,nan,nan,nan,nan,nan,12.894676599704844,5.6573705944890476,10.098257289778768,0,0,-3.3504159450531006,-5.705319881439209,-0.1246299147605896,-0.010439292527735233,0.02768353372812271,0.015226242132484913,nan,nan,nan,-0.03136054426431656,-0.0037041716277599335,-3.1360960006713867,-0.0005053177010267973,3135,3135,0.01894855499267578,24.89,1.06,99,4,21,0.79,895,0.01984621211886406,0.0100292032584548,0.01231678482145071,1500,1500,1452,1498,1897,1102,1897,1102
1783459524.2403,17.3403,0.01993,50.17,868,688628,0.341,GUIDED,GUIDED,128,8.67015016078949,0.0,10.0,0.5,0.0,0.0,nan,nan,nan,nan,nan,nan,nan,nan,nan,nan,12.905949993938535,5.655837332998784,10.098888703924299,0,0,-3.3511481285095215,-5.7042155265808105,-0.12501519918441772,-0.010753899812698364,0.02793116308748722,0.015084139071404934,nan,nan,nan,-0.03136354684829712,-0.00370221771299839,-3.1361002922058105,-0.00019838419393636286,3135,3135,0.019317626953125,24.89,1.06,99,4,21,0.79,895,0.01984621211886406,0.0100292032584548,0.01231678482145071,1500,1500,1452,1498,1897,1102,1897,1102
1783459524.2608,17.3603,0.02056,48.63,869,688648,0.361,GUIDED,GUIDED,128,8.680174827575684,0.0,10.0,0.5,0.0,0.0,nan,nan,nan,nan,nan,nan,nan,nan,nan,nan,12.916311355550933,5.6550036935343915,10.099210705361887,0,0,-3.3516030311584473,-5.7034077644348145,-0.12511283159255981,-0.010685652494430542,0.027946103364229202,0.014954599551856518,nan,nan,nan,-0.03137139603495598,-0.003681449219584465,-3.1360795497894287,0.0009728288277983665,3135,3135,0.019565343856811523,24.89,1.06,99,4,21,0.79,895,0.01984621211886406,0.0100292032584548,0.01231678482145071,1500,1500,1452,1498,1897,1102,1897,1102
1783459524.2808,17.3805,0.01993,50.17,870,688668,0.381,GUIDED,GUIDED,128,8.690228819847107,0.0,10.0,0.5,0.0,0.0,nan,nan,nan,nan,nan,nan,nan,nan,nan,nan,12.926991630400973,5.654360866183604,10.099659544119614,0,0,-3.352275848388672,-5.7023749351501465,-0.12554508447647095,-0.010658785700798035,0.02772093564271927,0.014945023693144321,nan,nan,nan,-0.03136839717626572,-0.003669124096632004,-3.1360743045806885,0.00026609149063006043,3135,3135,0.019106149673461914,24.89,1.06,99,4,21,0.79,895,0.01984621211886406,0.0100292032584548,0.01231678482145071,1500,1500,1452,1498,1897,1102,1897,1102
1783459524.3006,17.4003,0.01982,50.46,871,688688,0.401,GUIDED,GUIDED,128,8.700164675712585,0.0,10.0,0.5,0.0,0.0,nan,nan,nan,nan,nan,nan,nan,nan,nan,nan,12.937686328876051,5.653803251768927,10.100066696165033,0,0,-3.352905035018921,-5.701405048370361,-0.12591439485549927,-0.010733642615377903,0.027482910081744194,0.014923175796866417,nan,nan,nan,-0.03136010840535164,-0.0036761686205863953,-3.136091470718384,-0.0007107272977009416,3135,3135,0.019026517868041992,24.89,1.06,99,4,21,0.79,895,0.019709836691617966,0.004358966834843159,0.0045912060886621475,1500,1500,1452,1498,1897,1102,1897,1102
1783459524.3207,17.4204,0.02012,49.70,872,688708,0.421,GUIDED,GUIDED,128,8.710207104682922,0.0,10.0,0.5,0.0,0.0,nan,nan,nan,nan,nan,nan,nan,nan,nan,nan,12.948797711628506,5.652704200863828,10.099785235157194,0,0,-3.353635549545288,-5.7003655433654785,-0.12603551149368286,-0.010929040610790253,0.02751728892326355,0.015155604109168053,nan,nan,nan,-0.0313488207757473,-0.003694167360663414,-3.136112928390503,-0.0010081512155011296,3135,3135,0.019246578216552734,24.89,1.06,99,4,21,0.79,895,0.019709836691617966,0.004358966834843159,0.0045912060886621475,1500,1500,1452,1498,1897,1102,1897,1102
1783459524.3405,17.4404,0.01978,50.56,873,688728,0.441,GUIDED,GUIDED,128,8.72020423412323,0.0,10.0,0.5,0.0,0.0,nan,nan,nan,nan,nan,nan,nan,nan,nan,nan,12.960712737550246,5.650613185634473,10.100441552268581,0,0,-3.354810953140259,-5.6989240646362305,-0.1265314221382141,-0.011357719078660011,0.027892298996448517,0.01506299339234829,nan,nan,nan,-0.03133402019739151,-0.003702538087964058,-3.136103868484497,1.0242183634545654e-05,3135,3135,0.019104719161987305,24.89,1.06,99,4,21,0.79,895,0.019709836691617966,0.004358966834843159,0.0045912060886621475,1500,1500,1452,1498,1897,1102,1897,1102
1783459524.3608,17.4604,0.02028,49.31,874,688748,0.461,GUIDED,GUIDED,128,8.730201721191406,0.0,10.0,0.5,0.0,0.0,nan,nan,nan,nan,nan,nan,nan,nan,nan,nan,12.971852640518023,5.649129465838399,10.100940136549386,0,0,-3.3554861545562744,-5.697954177856445,-0.12677794694900513,-0.01162746548652649,0.028188960626721382,0.014917466789484024,nan,nan,nan,-0.03132463991641998,-0.003696514293551445,-3.136092185974121,0.0008895049104467034,3135,3135,0.019418716430664062,24.89,1.06,99,4,21,0.79,895,0.019709836691617966,0.004358966834843159,0.0045912060886621475,1500,1500,1452,1498,1897,1102,1897,1102
1783459524.3809,17.4805,0.02010,49.74,875,688768,0.481,GUIDED,GUIDED,128,8.740234375,0.0,10.0,0.5,0.0,0.0,nan,nan,nan,nan,nan,nan,nan,nan,nan,nan,12.983602927144995,5.647634614052639,10.1017022316404,0,0,-3.35656476020813,-5.69661283493042,-0.12749212980270386,-0.011996407993137836,0.02827758900821209,0.014889804646372795,nan,nan,nan,-0.031317099928855896,-0.003667958080768585,-3.1360878944396973,0.00022948830155655742,3135,3135,0.019228219985961914,24.89,1.06,99,4,21,0.79,895,0.019709836691617966,0.004358966834843159,0.0045912060886621475,1500,1500,1452,1498,1897,1102,1897,1102
1783459524.4020,17.5004,0.02117,47.24,876,688788,0.502,GUIDED,GUIDED,128,8.750194907188416,0.0,10.0,0.5,0.0,0.0,nan,nan,nan,nan,nan,nan,nan,nan,nan,nan,12.995256122280702,5.646105763581898,10.102546881838911,0,0,-3.357578992843628,-5.695351600646973,-0.1281185746192932,-0.012388099916279316,0.028432097285985947,0.014763823710381985,nan,nan,nan,-0.03131341561675072,-0.003665780648589134,-3.1360952854156494,-0.0001206315791932866,3135,3135,0.01908421516418457,24.883,1.04,99,4,21,0.79,895,0.019709836691617966,0.004358966834843159,0.0045912060886621475,1500,1500,1452,1498,1897,1102,1897,1102
1783459524.4203,17.5204,0.01826,54.75,877,688808,0.521,GUIDED,GUIDED,128,8.760198712348938,0.0,10.0,0.5,0.0,0.0,nan,nan,nan,nan,nan,nan,nan,nan,nan,nan,13.005923939029204,5.645311579606613,10.102690842212999,0,0,-3.358189105987549,-5.694465160369873,-0.12825483083724976,-0.012419218197464943,0.028378833085298538,0.014759375713765621,nan,nan,nan,-0.031305041164159775,-0.003679875284433365,-3.1361019611358643,-0.0004979732329957187,3135,3135,0.01767897605895996,24.883,1.04,99,4,21,0.79,895,0.019709836691617966,0.004358966834843159,0.0045912060886621475,1500,1500,1452,1498,1897,1102,1897,1102
1783459524.4402,17.5403,0.01994,50.16,878,688828,0.540,GUIDED,GUIDED,128,8.770150780677795,0.0,10.0,0.5,0.0,0.0,nan,nan,nan,nan,nan,nan,nan,nan,nan,nan,13.017467033017471,5.64411599479497,10.103317396066327,0,0,-3.359130620956421,-5.693283557891846,-0.1287519335746765,-0.012794213369488716,0.028386905789375305,0.014684637077152729,nan,nan,nan,-0.03130776807665825,-0.003686167299747467,-3.136117458343506,-0.0009064703481271863,3135,3135,0.01931595802307129,24.883,1.04,99,4,21,0.79,895,0.019709836691617966,0.004358966834843159,0.0045912060886621475,1500,1500,1452,1498,1897,1102,1897,1102
1783459524.4606,17.5603,0.02040,49.02,879,688848,0.561,GUIDED,GUIDED,128,8.780156016349792,0.0,10.0,0.5,0.0,0.0,nan,nan,nan,nan,nan,nan,nan,nan,nan,nan,13.028068942056674,5.642496196729755,10.10354566819724,0,0,-3.3597042560577393,-5.692436695098877,-0.12891346216201782,-0.012807514518499374,0.028833160176873207,0.014646102674305439,nan,nan,nan,-0.03130796179175377,-0.0036874692887067795,-3.136117458343506,-3.2220559660345316e-06,3135,3135,0.019536733627319336,24.883,1.04,99,4,21,0.79,895,0.019709836691617966,0.004358966834843159,0.0045912060886621475,1500,1500,1452,1498,1897,1102,1897,1102
1783459524.4807,17.5803,0.02003,49.93,880,688868,0.581,GUIDED,GUIDED,128,8.790130734443665,0.0,10.0,0.5,0.0,0.0,nan,nan,nan,nan,nan,nan,nan,nan,nan,nan,13.039273272883623,5.641105171851043,10.104125299714497,0,0,-3.3605663776397705,-5.691339492797852,-0.12946265935897827,-0.013019685633480549,0.029002798721194267,0.014628531411290169,nan,nan,nan,-0.031292788684368134,-0.003679092973470688,-3.1360957622528076,0.00116258196067065,3135,3135,0.019158363342285156,24.883,1.04,99,4,21,0.79,895,0.019709836691617966,0.004358966834843159,0.0045912060886621475,1500,1500,1452,1498,1897,1102,1897,1102
1783459524.5008,17.6005,0.02016,49.61,881,688888,0.601,GUIDED,GUIDED,128,8.8002347946167,0.0,10.0,0.5,0.0,0.0,nan,nan,nan,nan,nan,nan,nan,nan,nan,nan,13.05089612953234,5.640086491301711,10.104392013911664,0,0,-3.3613812923431396,-5.690300464630127,-0.12993890047073364,-0.013426071964204311,0.028991051018238068,0.014749501831829548,nan,nan,nan,-0.03128618746995926,-0.003663100302219391,-3.1360785961151123,0.0010023459326475859,3135,3135,0.019329309463500977,24.883,1.04,99,4,21,0.79,895,0.01955929584801197,0.004663496743887663,0.009574344381690025,1500,1500,1452,1498,1897,1102,1897,1102
1783459524.5206,17.6203,0.01977,50.59,882,688908,0.621,GUIDED,GUIDED,128,8.81017255783081,0.0,10.0,0.5,0.0,0.0,nan,nan,nan,nan,nan,nan,nan,nan,nan,nan,13.062155147932286,5.639373461695419,10.104426258606123,0,0,-3.362194776535034,-5.689361572265625,-0.1300312876701355,-0.013719233684241772,0.028860649093985558,0.014783070422708988,nan,nan,nan,-0.03128928691148758,-0.0036622751504182816,-3.136087656021118,-0.0002448659506626427,3135,3135,0.019038915634155273,24.883,1.04,99,4,21,0.79,895,0.01955929584801197,0.004663496743887663,0.009574344381690025,1500,1500,1452,1498,1897,1102,1897,1102
1783459524.5404,17.6403,0.01977,50.58,883,688928,0.641,GUIDED,GUIDED,128,8.820155501365662,0.0,10.0,0.5,0.0,0.0,nan,nan,nan,nan,nan,nan,nan,nan,nan,nan,13.074188576286538,5.6383799245772215,10.10515431593879,0,0,-3.363490581512451,-5.68812894821167,-0.13046520948410034,-0.01415494829416275,0.02872261218726635,0.014613251201808453,nan,nan,nan,-0.031283628195524216,-0.0036789122968912125,-3.1360907554626465,-0.00030923320446163416,3135,3135,0.019113779067993164,24.883,1.04,99,4,21,0.79,895,0.01955929584801197,0.004663496743887663,0.009574344381690025,1500,1500,1452,1498,1897,1102,1897,1102
1783459524.5606,17.6603,0.02028,49.32,884,688948,0.661,GUIDED,GUIDED,128,8.830173134803772,0.0,10.0,0.5,0.0,0.0,nan,nan,nan,nan,nan,nan,nan,nan,nan,nan,13.085589918714922,5.637113177085327,10.105441228534833,0,0,-3.3642587661743164,-5.68724250793457,-0.13068360090255737,-0.01451032143086195,0.028942182660102844,0.014573690481483936,nan,nan,nan,-0.03126926347613335,-0.0036968067288398743,-3.1360888481140137,7.945917604956776e-05,3135,3135,0.01947021484375,24.883,1.04,99,4,21,0.79,895,0.01955929584801197,0.004663496743887663,0.009574344381690025,1500,1500,1452,1498,1897,1102,1897,1102
1783459524.5806,17.6803,0.01991,50.22,885,688968,0.681,GUIDED,GUIDED,128,8.840156316757202,0.0,10.0,0.5,0.0,0.0,nan,nan,nan,nan,nan,nan,nan,nan,nan,nan,13.097143380541464,5.635728424753757,10.106281295059445,0,0,-3.365452527999878,-5.686103820800781,-0.13134795427322388,-0.014727704226970673,0.02908424846827984,0.014472242444753647,nan,nan,nan,-0.031257521361112595,-0.003695748746395111,-3.136091709136963,-0.0001056254404829815,3135,3135,0.019129276275634766,24.883,1.04,99,4,21,0.79,895,0.01955929584801197,0.004663496743887663,0.009574344381690025,1500,1500,1452,1498,1897,1102,1897,1102
1783459524.6006,17.7003,0.02000,50.01,886,688988,0.701,GUIDED,GUIDED,128,8.850172638893127,0.0,10.0,0.5,0.0,0.0,nan,nan,nan,nan,nan,nan,nan,nan,nan,nan,13.108938889002111,5.634765627779876,10.107057298479738,0,0,-3.3665833473205566,-5.685012340545654,-0.13192254304885864,-0.015102039091289043,0.029009953141212463,0.014355955645442009,nan,nan,nan,-0.0312609001994133,-0.003690561279654503,-3.1360833644866943,0.000436359376180917,3135,3135,0.01927924156188965,24.883,1.04,99,4,21,0.79,895,0.01955929584801197,0.004663496743887663,0.009574344381690025,1500,1500,1452,1498,1897,1102,1897,1102
1783459524.6200,17.7203,0.01948,51.32,887,689008,0.720,GUIDED,GUIDED,128,8.860167264938354,0.0,10.0,0.5,0.0,0.0,nan,nan,nan,nan,nan,nan,nan,nan,nan,nan,13.120144848495231,5.633775204226919,10.107041485452344,0,0,-3.3672757148742676,-5.684205055236816,-0.13203781843185425,-0.015401664189994335,0.029115688055753708,0.014431639574468136,nan,nan,nan,-0.031261198222637177,-0.0036805644631385803,-3.1360740661621094,0.00037635586340911686,3135,3135,0.01914834976196289,24.883,1.04,99,4,21,0.79,895,0.01955929584801197,0.004663496743887663,0.009574344381690025,1500,1500,1452,1498,1897,1102,1897,1102
1783459524.6408,17.7405,0.02079,48.10,888,689028,0.741,GUIDED,GUIDED,128,8.870230317115784,0.0,10.0,0.5,0.0,0.0,nan,nan,nan,nan,nan,nan,nan,nan,nan,nan,13.131919718576025,5.633092163891477,10.107551169576718,0,0,-3.368324041366577,-5.683195114135742,-0.13249462842941284,-0.0157847311347723,0.028926951810717583,0.01440111268311739,nan,nan,nan,-0.031237510964274406,-0.0036807674914598465,-3.1360983848571777,-0.0008547051111236215,3135,3135,0.019957780838012695,24.883,1.04,99,4,21,0.79,895,0.01955929584801197,0.004663496743887663,0.009574344381690025,1500,1500,1452,1498,1897,1102,1897,1102
1783459524.6608,17.7603,0.01998,50.06,889,689048,0.761,GUIDED,GUIDED,128,8.880160212516785,0.0,10.0,0.5,0.0,0.0,nan,nan,nan,nan,nan,nan,nan,nan,nan,nan,13.14309415852363,5.6319720399296305,10.107907462274802,0,0,-3.3689870834350586,-5.682424545288086,-0.1326799988746643,-0.016120461747050285,0.029128767549991608,0.014302430674433708,nan,nan,nan,-0.031229915097355843,-0.0036958660930395126,-3.136106491088867,-0.0006280756206251681,3135,3135,0.0190889835357666,24.883,1.04,99,4,21,0.79,895,0.01955929584801197,0.004663496743887663,0.009574344381690025,1500,1500,1452,1498,1897,1102,1897,1102
1783459524.6804,17.7803,0.01960,51.01,890,689068,0.781,GUIDED,GUIDED,128,8.890159130096436,0.0,10.0,0.5,0.0,0.0,nan,nan,nan,nan,nan,nan,nan,nan,nan,nan,13.15447132419264,5.630776708146767,10.108341961500832,0,0,-3.369962453842163,-5.6814799308776855,-0.13326424360275269,-0.0163530632853508,0.029273519292473793,0.014388886280357838,nan,nan,nan,-0.0312346201390028,-0.0037051569670438766,-3.136112689971924,-0.0003386366879567504,3135,3135,0.01894092559814453,24.883,1.04,99,4,21,0.79,895,0.01955929584801197,0.004663496743887663,0.009574344381690025,1500,1500,1452,1498,1897,1102,1897,1102
1783459524.7008,17.8004,0.02044,48.93,891,689088,0.801,GUIDED,GUIDED,128,8.900191187858582,0.0,10.0,0.5,0.0,0.0,nan,nan,nan,nan,nan,nan,nan,nan,nan,nan,13.165878433652082,5.62983729930102,10.108673116006814,0,0,-3.370891571044922,-5.680572509765625,-0.1337643265724182,-0.01661052368581295,0.029291987419128418,0.014486417174339294,nan,nan,nan,-0.03122880309820175,-0.0036940686404705048,-3.1361083984375,0.00024533693795092404,3135,3135,0.019519329071044922,24.883,1.04,99,4,21,0.79,895,0.017737528309226036,0.006912361364811659,0.010836917906999588,1500,1500,1452,1498,1897,1102,1897,1102
1783459524.7208,17.8205,0.01991,50.21,892,689108,0.821,GUIDED,GUIDED,128,8.91022539138794,0.0,10.0,0.5,0.0,0.0,nan,nan,nan,nan,nan,nan,nan,nan,nan,nan,13.177071426169903,5.628732539536525,10.108446061681967,0,0,-3.3716652393341064,-5.679666519165039,-0.13345259428024292,-0.016832873225212097,0.029406746849417686,0.01443752832710743,nan,nan,nan,-0.03122900240123272,-0.003681398928165436,-3.136094093322754,0.000755622866563499,3135,3135,0.01900959014892578,24.883,1.04,99,4,21,0.79,895,0.017737528309226036,0.006912361364811659,0.010836917906999588,1500,1500,1452,1498,1897,1102,1897,1102
1783459524.7407,17.8404,0.01994,50.14,893,689128,0.841,GUIDED,GUIDED,128,8.92019259929657,0.0,10.0,0.5,0.0,0.0,nan,nan,nan,nan,nan,nan,nan,nan,nan,nan,13.188568296955284,5.628064034899655,10.107754269454196,0,0,-3.37284517288208,-5.678462982177734,-0.13309723138809204,-0.01703478954732418,0.029097845777869225,0.014631765894591808,nan,nan,nan,-0.031220432370901108,-0.0036774519830942154,-3.136108160018921,-0.0003083994670305401,3135,3135,0.019151926040649414,24.883,1.04,99,4,21,0.79,895,0.017737528309226036,0.006912361364811659,0.010836917906999588,1500,1500,1452,1498,1897,1102,1897,1102
1783459524.7604,17.8604,0.01965,50.90,894,689148,0.861,GUIDED,GUIDED,128,8.930180072784424,0.0,10.0,0.5,0.0,0.0,nan,nan,nan,nan,nan,nan,nan,nan,nan,nan,13.199665280536829,5.627597245513366,10.107054299711,0,0,-3.373586654663086,-5.677595615386963,-0.13284939527511597,-0.017247270792722702,0.028866572305560112,0.014892805367708206,nan,nan,nan,-0.0312101561576128,-0.0036866776645183563,-3.1361186504364014,-0.0006903719622641802,3135,3135,0.019075393676757812,24.883,1.04,99,4,21,0.79,895,0.017737528309226036,0.006912361364811659,0.010836917906999588,1500,1500,1452,1498,1897,1102,1897,1102
1783459524.7804,17.8802,0.02001,49.97,895,689168,0.881,GUIDED,GUIDED,128,8.940083861351013,0.0,10.0,0.5,0.0,0.0,nan,nan,nan,nan,nan,nan,nan,nan,nan,nan,13.211477475733293,5.6263120850044235,10.106504318277896,0,0,-3.3746767044067383,-5.6764960289001465,-0.13263338804244995,-0.017719749361276627,0.028973713517189026,0.01508562546223402,nan,nan,nan,-0.031199036166071892,-0.0037065912038087845,-3.13612961769104,-0.0005903962883166969,3135,3135,0.019248008728027344,24.883,1.04,99,4,21,0.79,895,0.017737528309226036,0.006912361364811659,0.010836917906999588,1500,1500,1452,1498,1897,1102,1897,1102
1783459524.8003,17.9003,0.01995,50.13,896,689188,0.901,GUIDED,GUIDED,128,8.950162291526794,0.0,10.0,0.5,0.0,0.0,nan,nan,nan,nan,nan,nan,nan,nan,nan,nan,13.22334658770652,5.624993173264685,10.106156806080218,0,0,-3.3757121562957764,-5.675448417663574,-0.13239842653274536,-0.01815578155219555,0.029130348935723305,0.015150606632232666,nan,nan,nan,-0.03119414485991001,-0.0037140529602766037,-3.1361279487609863,0.00017229924560524523,3135,3135,0.019304752349853516,24.883,1.04,99,4,21,0.79,895,0.017737528309226036,0.006912361364811659,0.010836917906999588,1500,1500,1452,1498,1897,1102,1897,1102
1783459524.8201,17.9201,0.01982,50.47,897,689208,0.920,GUIDED,GUIDED,128,8.960046172142029,0.0,10.0,0.5,0.0,0.0,nan,nan,nan,nan,nan,nan,nan,nan,nan,nan,13.233930570424707,5.62364967186068,10.105797420637805,0,0,-3.3763818740844727,-5.6746649742126465,-0.1321316361427307,-0.018173323944211006,0.02945369854569435,0.015204066410660744,nan,nan,nan,-0.0311935693025589,-0.003707902505993843,-3.1361093521118164,0.0008895870996639132,3135,3135,0.019206762313842773,24.883,1.04,99,4,21,0.79,895,0.017737528309226036,0.006912361364811659,0.010836917906999588,1500,1500,1452,1498,1897,1102,1897,1102
1783459524.8403,17.9404,0.02022,49.46,898,689228,0.941,GUIDED,GUIDED,128,8.970203399658203,0.0,10.0,0.5,0.0,0.0,nan,nan,nan,nan,nan,nan,nan,nan,nan,nan,13.245406360629135,5.6229655897331305,10.105141285365075,0,0,-3.3773458003997803,-5.673678874969482,-0.13186806440353394,-0.01837807334959507,0.029279328882694244,0.015430713072419167,nan,nan,nan,-0.031190047040581703,-0.003694450482726097,-3.136108636856079,0.0001740357547532767,3135,3135,0.01966118812561035,24.883,1.04,99,4,21,0.79,895,0.017737528309226036,0.006912361364811659,0.010836917906999588,1500,1500,1452,1498,1897,1102,1897,1102
1783459524.8607,17.9604,0.02034,49.17,899,689248,0.961,GUIDED,GUIDED,128,8.980180263519287,0.0,10.0,0.5,0.0,0.0,nan,nan,nan,nan,nan,nan,nan,nan,nan,nan,13.256385304378373,5.6227196941088895,10.104969834812175,0,0,-3.3779895305633545,-5.672924995422363,-0.1317099928855896,-0.0185849666595459,0.028986044228076935,0.015438437461853027,nan,nan,nan,-0.031190939247608185,-0.0036833547055721283,-3.136125326156616,-0.0005748781259171665,3135,3135,0.019494056701660156,24.883,1.04,99,4,21,0.79,895,0.017737528309226036,0.006912361364811659,0.010836917906999588,1500,1500,1452,1498,1897,1102,1897,1102
1783459524.8808,17.9804,0.02009,49.78,900,689268,0.981,GUIDED,GUIDED,128,8.990179300308228,0.0,10.0,0.5,0.0,0.0,nan,nan,nan,nan,nan,nan,nan,nan,nan,nan,13.26764610743945,5.621865473104051,10.104947803954962,0,0,-3.378878355026245,-5.672029495239258,-0.13166970014572144,-0.0188002847135067,0.028962211683392525,0.015427893958985806,nan,nan,nan,-0.031182583421468735,-0.0036866571754217148,-3.136136770248413,-0.0008061109692789614,3135,3135,0.019199609756469727,24.883,1.04,99,4,21,0.79,895,0.017737528309226036,0.006912361364811659,0.010836917906999588,1500,1500,1452,1498,1897,1102,1897,1102
1783459524.9021,18.0004,0.02130,46.96,901,689288,0.002,GUIDED,GUIDED,128,9.000206589698792,0.0,10.0,0.5,0.0,0.0,nan,nan,nan,nan,nan,nan,nan,nan,nan,nan,13.278520373900319,5.621129512557821,10.10464477067244,0,0,-3.3797314167022705,-5.671166896820068,-0.13159149885177612,-0.01879677176475525,0.028889097273349762,0.015557700768113136,nan,nan,nan,-0.031181948259472847,-0.003699878230690956,-3.1361336708068848,-5.6181579566327855e-05,3135,3135,0.019188880920410156,24.885,1.05,99,4,21,0.79,895,0.018136175349354744,0.007218530401587486,0.018208496272563934,1500,1500,1452,1498,1897,1102,1897,1102
1783459524.9205,18.0203,0.01845,54.19,902,689308,0.021,GUIDED,GUIDED,128,9.010149240493774,0.0,10.0,0.5,0.0,0.0,nan,nan,nan,nan,nan,nan,nan,nan,nan,nan,13.289686398552213,5.620286819451366,10.104198899919888,0,0,-3.380474090576172,-5.670333385467529,-0.13126510381698608,-0.019074304029345512,0.028894398361444473,0.015626680105924606,nan,nan,nan,-0.03118351474404335,-0.003695804625749588,-3.1361236572265625,0.0004934912431053817,3135,3135,0.017662763595581055,24.885,1.05,99,4,21,0.79,895,0.018136175349354744,0.007218530401587486,0.018208496272563934,1500,1500,1452,1498,1897,1102,1897,1102
1783459524.9403,18.0403,0.01974,50.65,903,689328,0.041,GUIDED,GUIDED,128,9.020172238349915,0.0,10.0,0.5,0.0,0.0,nan,nan,nan,nan,nan,nan,nan,nan,nan,nan,13.300806623902886,5.619120413116711,10.103793193678285,0,0,-3.381545305252075,-5.669276237487793,-0.13090866804122925,-0.01908932253718376,0.02895747870206833,0.01565512642264366,nan,nan,nan,-0.031175939366221428,-0.00368291512131691,-3.136120557785034,0.00010982388630509377,3135,3135,0.0191957950592041,24.885,1.05,99,4,21,0.79,895,0.018136175349354744,0.007218530401587486,0.018208496272563934,1500,1500,1452,1498,1897,1102,1897,1102
1783459524.9606,18.0605,0.02035,49.14,904,689348,0.061,GUIDED,GUIDED,128,9.03023087978363,0.0,10.0,0.5,0.0,0.0,nan,nan,nan,nan,nan,nan,nan,nan,nan,nan,13.31214947287499,5.61870164268075,10.103447609807333,0,0,-3.382249116897583,-5.668488025665283,-0.1307477355003357,-0.01942441426217556,0.028744181618094444,0.015761734917759895,nan,nan,nan,-0.031165743246674538,-0.0036771707236766815,-3.1361231803894043,8.081373380264267e-06,3135,3135,0.019681930541992188,24.885,1.05,99,4,21,0.79,895,0.018136175349354744,0.007218530401587486,0.018208496272563934,1500,1500,1452,1498,1897,1102,1897,1102
1783459524.9808,18.0804,0.02014,49.64,905,689368,0.081,GUIDED,GUIDED,128,9.040185689926147,0.0,10.0,0.5,0.0,0.0,nan,nan,nan,nan,nan,nan,nan,nan,nan,nan,13.32321097237654,5.618101925074265,10.103586223022278,0,0,-3.3832414150238037,-5.667514324188232,-0.13070708513259888,-0.019490458071231842,0.028528261929750443,0.015658237040042877,nan,nan,nan,-0.03115868754684925,-0.003684369847178459,-3.1361398696899414,-0.0008482091943733394,3135,3135,0.019282102584838867,24.885,1.05,99,4,21,0.79,895,0.018136175349354744,0.007218530401587486,0.018208496272563934,1500,1500,1452,1498,1897,1102,1897,1102
1783459525.0008,18.1005,0.02006,49.84,906,689388,0.101,GUIDED,GUIDED,128,9.050228238105774,0.0,10.0,0.5,0.0,0.0,nan,nan,nan,nan,nan,nan,nan,nan,nan,nan,13.334348786322554,5.61744989529134,10.10344456653218,0,0,-3.3841805458068848,-5.666593074798584,-0.13063305616378784,-0.019580602645874023,0.028372827917337418,0.015697281807661057,nan,nan,nan,-0.03115709125995636,-0.0037018731236457825,-3.1361477375030518,-0.0004524500691331923,3135,3135,0.019202470779418945,24.885,1.05,99,4,21,0.79,895,0.018136175349354744,0.007218530401587486,0.018208496272563934,1500,1500,1452,1498,1897,1102,1897,1102
1783459525.0208,18.1204,0.02003,49.93,907,689408,0.121,GUIDED,GUIDED,128,9.060216188430786,0.0,10.0,0.5,0.0,0.0,nan,nan,nan,nan,nan,nan,nan,nan,nan,nan,13.345205754986528,5.616922845458429,10.103085258098679,0,0,-3.384824514389038,-5.6658735275268555,-0.13042908906936646,-0.019710535183548927,0.028261689469218254,0.015786968171596527,nan,nan,nan,-0.03114163689315319,-0.003712974488735199,-3.136131525039673,0.0006666666595265269,3135,3135,0.019155502319335938,24.885,1.05,99,4,21,0.79,895,0.018136175349354744,0.007218530401587486,0.018208496272563934,1500,1500,1452,1498,1897,1102,1897,1102
1783459525.0408,18.1404,0.01992,50.20,908,689428,0.141,GUIDED,GUIDED,128,9.070219874382019,0.0,10.0,0.5,0.0,0.0,nan,nan,nan,nan,nan,nan,nan,nan,nan,nan,13.356684367872102,5.615649691145027,10.102884709821652,0,0,-3.3856921195983887,-5.665022850036621,-0.13031238317489624,-0.020061172544956207,0.028505606576800346,0.01583537459373474,nan,nan,nan,-0.03113248012959957,-0.0037131216377019882,-3.1361241340637207,0.0005455045029520988,3135,3135,0.019097328186035156,24.885,1.05,99,4,21,0.79,895,0.018136175349354744,0.007218530401587486,0.018208496272563934,1500,1500,1452,1498,1897,1102,1897,1102
1783459525.0603,18.1603,0.01953,51.21,909,689448,0.161,GUIDED,GUIDED,128,9.08016574382782,0.0,10.0,0.5,0.0,0.0,nan,nan,nan,nan,nan,nan,nan,nan,nan,nan,13.367403510342056,5.615371320583909,10.102767603112229,0,0,-3.3863179683685303,-5.6643218994140625,-0.13025635480880737,-0.020146287977695465,0.02826162986457348,0.01587063819169998,nan,nan,nan,-0.03112609125673771,-0.0037049539387226105,-3.136115550994873,0.0002262792841065675,3135,3135,0.018971681594848633,24.885,1.05,99,4,21,0.79,895,0.018136175349354744,0.007218530401587486,0.018208496272563934,1500,1500,1452,1498,1897,1102,1897,1102
1783459525.0807,18.1804,0.02040,49.02,910,689468,0.181,GUIDED,GUIDED,128,9.090188026428223,0.0,10.0,0.5,0.0,0.0,nan,nan,nan,nan,nan,nan,nan,nan,nan,nan,13.37827726401995,5.614863177264007,10.102692768686891,0,0,-3.3871350288391113,-5.663519859313965,-0.1304219365119934,-0.020166154950857162,0.028091948479413986,0.016009442508220673,nan,nan,nan,-0.03112483210861683,-0.003697967156767845,-3.1361191272735596,-1.4172375813359395e-05,3135,3135,0.019549846649169922,24.885,1.05,99,4,21,0.79,895,0.018136175349354744,0.007218530401587486,0.018208496272563934,1500,1500,1452,1498,1897,1102,1897,1102
1783459525.1008,18.2004,0.02006,49.84,911,689488,0.201,GUIDED,GUIDED,128,9.100186467170715,0.0,10.0,0.5,0.0,0.0,nan,nan,nan,nan,nan,nan,nan,nan,nan,nan,13.389095507334998,5.6143664693740645,10.102592083174084,0,0,-3.387908935546875,-5.66276216506958,-0.13053911924362183,-0.020192652940750122,0.0279412679374218,0.01613522879779339,nan,nan,nan,-0.031121347099542618,-0.0037229862064123154,-3.1361327171325684,-0.0005267480737529695,3135,3135,0.019206762313842773,24.885,1.05,99,4,21,0.79,895,0.016885336488485336,0.011718027293682098,0.01002963725477457,1500,1500,1452,1498,1897,1102,1897,1102
1783459525.1210,18.2203,0.02027,49.33,912,689508,0.221,GUIDED,GUIDED,128,9.110150694847107,0.0,10.0,0.5,0.0,0.0,nan,nan,nan,nan,nan,nan,nan,nan,nan,nan,13.399453345930384,5.613666091297697,10.102438039556588,0,0,-3.3883233070373535,-5.661966323852539,-0.13020914793014526,-0.02018066681921482,0.027886152267456055,0.016033656895160675,nan,nan,nan,-0.03112972341477871,-0.0037413183599710464,-3.1361403465270996,-0.000360297184670344,3135,3135,0.018997669219970703,24.885,1.05,99,4,21,0.79,895,0.016885336488485336,0.011718027293682098,0.01002963725477457,1500,1500,1452,1498,1897,1102,1897,1102
1783459525.1405,18.2403,0.01942,51.48,913,689528,0.241,GUIDED,GUIDED,128,9.120156288146973,0.0,10.0,0.5,0.0,0.0,nan,nan,nan,nan,nan,nan,nan,nan,nan,nan,13.40935538179595,5.612478575274941,10.101722134433185,0,0,-3.3887438774108887,-5.6609625816345215,-0.129855215549469,-0.01987806148827076,0.027992254123091698,0.01624264195561409,nan,nan,nan,-0.03112897276878357,-0.0037484951317310333,-3.136139392852783,-3.4214572224300355e-06,3135,3135,0.01881718635559082,24.885,1.05,99,4,21,0.79,895,0.016885336488485336,0.011718027293682098,0.01002963725477457,1500,1500,1452,1498,1897,1102,1897,1102
1783459525.1608,18.2603,0.02039,49.05,914,689548,0.261,GUIDED,GUIDED,128,9.130172848701477,0.0,10.0,0.5,0.0,0.0,nan,nan,nan,nan,nan,nan,nan,nan,nan,nan,13.419898200717316,5.611435900176492,10.101545121677592,0,0,-3.3891420364379883,-5.660205841064453,-0.12969011068344116,-0.019952019676566124,0.028157338500022888,0.0162495169788599,nan,nan,nan,-0.031136373057961464,-0.0037452951073646545,-3.136148452758789,-0.00028519940678961575,3135,3135,0.01948237419128418,24.885,1.05,99,4,21,0.79,895,0.016885336488485336,0.011718027293682098,0.01002963725477457,1500,1500,1452,1498,1897,1102,1897,1102
1783459525.1807,18.2803,0.01988,50.31,915,689568,0.281,GUIDED,GUIDED,128,9.140167713165283,0.0,10.0,0.5,0.0,0.0,nan,nan,nan,nan,nan,nan,nan,nan,nan,nan,13.430274220501637,5.610694978933453,10.101454346221988,0,0,-3.3895366191864014,-5.659277439117432,-0.12964922189712524,-0.019944267347455025,0.02804909646511078,0.01627831906080246,nan,nan,nan,-0.031144334003329277,-0.0037328414618968964,-3.1361494064331055,-0.00017391462461091578,3135,3135,0.018976211547851562,24.885,1.05,99,4,21,0.79,895,0.016885336488485336,0.011718027293682098,0.01002963725477457,1500,1500,1452,1498,1897,1102,1897,1102
1783459525.2008,18.3003,0.02003,49.92,916,689588,0.301,GUIDED,GUIDED,128,9.150171279907227,0.0,10.0,0.5,0.0,0.0,nan,nan,nan,nan,nan,nan,nan,nan,nan,nan,13.440252092313212,5.610087758217997,10.100883771128105,0,0,-3.3899176120758057,-5.6583943367004395,-0.1295720934867859,-0.01970946602523327,0.027889816090464592,0.016563210636377335,nan,nan,nan,-0.031146463006734848,-0.0037511903792619705,-3.1361546516418457,-0.0003046791534870863,3135,3135,0.01912713050842285,24.885,1.05,99,4,21,0.79,895,0.016885336488485336,0.011718027293682098,0.01002963725477457,1500,1500,1450,1498,1897,1102,1897,1102
1783459525.2205,18.3204,0.01972,50.72,917,689608,0.321,GUIDED,GUIDED,128,9.16020655632019,0.0,10.0,0.5,0.0,0.0,nan,nan,nan,nan,nan,nan,nan,nan,nan,nan,13.450508607106409,5.609679715933779,10.10056113153105,0,0,-3.390293598175049,-5.657699108123779,-0.12935858964920044,-0.019620122388005257,0.0277240090072155,0.01662622019648552,nan,nan,nan,-0.03114611655473709,-0.0037801265716552734,-3.1361637115478516,-0.0004387556400615722,3135,3135,0.019082307815551758,24.885,1.05,99,4,21,0.79,895,0.016885336488485336,0.011718027293682098,0.01002963725477457,1500,1500,1450,1498,1897,1102,1897,1102
1783459525.2407,18.3403,0.02028,49.31,918,689628,0.341,GUIDED,GUIDED,128,9.170174837112427,0.0,10.0,0.5,0.0,0.0,nan,nan,nan,nan,nan,nan,nan,nan,nan,nan,13.46045958819401,5.608760464077232,10.100584048361004,0,0,-3.3906476497650146,-5.656880855560303,-0.12923270463943481,-0.019405722618103027,0.027782320976257324,0.01654030941426754,nan,nan,nan,-0.031165065243840218,-0.0037895292043685913,-3.136167526245117,-0.0001227538741659373,3135,3135,0.019390106201171875,24.885,1.05,99,4,21,0.79,895,0.016885336488485336,0.011718027293682098,0.01002963725477457,1500,1500,1450,1498,1897,1102,1897,1102
1783459525.2606,18.3604,0.01981,50.47,919,689648,0.361,GUIDED,GUIDED,128,9.180187225341797,0.0,10.0,0.5,0.0,0.0,nan,nan,nan,nan,nan,nan,nan,nan,nan,nan,13.47080158062041,5.607783936672172,10.100710599760271,0,0,-3.3910083770751953,-5.656212329864502,-0.12917453050613403,-0.019387753680348396,0.027960145846009254,0.016433658078312874,nan,nan,nan,-0.03117292933166027,-0.0037862155586481094,-3.13616681098938,-1.0624527931213379e-05,3135,3135,0.01915121078491211,24.885,1.05,99,4,21,0.79,895,0.016885336488485336,0.011718027293682098,0.01002963725477457,1500,1500,1450,1498,1897,1102,1897,1102
1783459525.2807,18.3803,0.02012,49.70,920,689668,0.381,GUIDED,GUIDED,128,9.190151572227478,0.0,10.0,0.5,0.0,0.0,nan,nan,nan,nan,nan,nan,nan,nan,nan,nan,13.480961080966944,5.60731320531132,10.10057120219307,0,0,-3.3913419246673584,-5.655440807342529,-0.1293380856513977,-0.019307851791381836,0.027786483988165855,0.016608567908406258,nan,nan,nan,-0.031183134764432907,-0.0037799980491399765,-3.136162519454956,0.0002776132896542549,3135,3135,0.01927328109741211,24.885,1.05,99,4,21,0.79,895,0.016885336488485336,0.011718027293682098,0.01002963725477457,1500,1500,1450,1498,1897,1102,1897,1102
1783459525.3006,18.4003,0.01994,50.14,921,689688,0.401,GUIDED,GUIDED,128,9.200174331665039,0.0,10.0,0.5,0.0,0.0,nan,nan,nan,nan,nan,nan,nan,nan,nan,nan,13.491207628806903,5.606855173274815,10.100784772783124,0,0,-3.3916640281677246,-5.654702186584473,-0.12944895029067993,-0.019251089543104172,0.02762448601424694,0.01654927060008049,nan,nan,nan,-0.03119879961013794,-0.0037812329828739166,-3.1361632347106934,-6.221930379979312e-05,3135,3135,0.019221067428588867,24.885,1.05,99,4,21,0.79,895,0.016767406836152077,0.01206888910382986,0.020805738866329193,1500,1500,1451,1498,1897,1102,1897,1102
1783459525.3206,18.4205,0.01994,50.16,922,689708,0.421,GUIDED,GUIDED,128,9.210229396820068,0.0,10.0,0.5,0.0,0.0,nan,nan,nan,nan,nan,nan,nan,nan,nan,nan,13.501342037130758,5.605888711166297,10.101077189203595,0,0,-3.392124652862549,-5.653709411621094,-0.12930434942245483,-0.01903095655143261,0.027609294280409813,0.016296958550810814,nan,nan,nan,-0.031205644831061363,-0.003785800188779831,-3.1361584663391113,0.00012045528274029493,3135,3135,0.019365787506103516,24.885,1.05,99,4,21,0.79,895,0.016767406836152077,0.01206888910382986,0.020805738866329193,1500,1500,1451,1498,1897,1102,1897,1102
1783459525.3401,18.4401,0.01949,51.31,923,689728,0.440,GUIDED,GUIDED,128,9.220039010047913,0.0,10.0,0.5,0.0,0.0,nan,nan,nan,nan,nan,nan,nan,nan,nan,nan,13.511213907064185,5.604296542349168,10.101115789308729,0,0,-3.3926241397857666,-5.652357578277588,-0.1293293833732605,-0.018778521567583084,0.027748052030801773,0.016289126127958298,nan,nan,nan,-0.031204763799905777,-0.00380152091383934,-3.1361584663391113,0.00013041669444646686,3135,3135,0.018878698348999023,24.885,1.05,99,4,21,0.79,895,0.016767406836152077,0.01206888910382986,0.020805738866329193,1500,1500,1451,1498,1897,1102,1897,1102
1783459525.3601,18.4603,0.02001,49.97,924,689748,0.460,GUIDED,GUIDED,128,9.230125069618225,0.0,10.0,0.5,0.0,0.0,nan,nan,nan,nan,nan,nan,nan,nan,nan,nan,13.521582966358093,5.603090983605638,10.10077328409965,0,0,-3.3930585384368896,-5.6514201164245605,-0.1293312907218933,-0.018691111356019974,0.027902837842702866,0.01648797281086445,nan,nan,nan,-0.031209900975227356,-0.0038056280463933945,-3.1361701488494873,-0.0007015455630607903,3135,3135,0.019501209259033203,24.885,1.05,99,4,21,0.79,895,0.016767406836152077,0.01206888910382986,0.020805738866329193,1500,1500,1451,1498,1897,1102,1897,1102
1783459525.3798,18.4801,0.01971,50.73,925,689768,0.480,GUIDED,GUIDED,128,9.240069150924683,0.0,10.0,0.5,0.0,0.0,nan,nan,nan,nan,nan,nan,nan,nan,nan,nan,13.531947295956906,5.601379265864322,10.101136446299439,0,0,-3.393526792526245,-5.650156497955322,-0.12961333990097046,-0.018663395196199417,0.02816154807806015,0.016441142186522484,nan,nan,nan,-0.031224459409713745,-0.0038023237138986588,-3.13617205619812,-9.790690091904253e-05,3135,3135,0.019289016723632812,24.885,1.05,99,4,21,0.79,895,0.016767406836152077,0.01206888910382986,0.020805738866329193,1500,1500,1451,1498,1897,1102,1897,1102
1783459525.4014,18.5004,0.02167,46.15,926,689788,0.502,GUIDED,GUIDED,128,9.2501882314682,0.0,10.0,0.5,0.0,0.0,nan,nan,nan,nan,nan,nan,nan,nan,nan,nan,13.542238084779585,5.600213971059712,10.101244905808624,0,0,-3.3939664363861084,-5.648965835571289,-0.12983840703964233,-0.018508702516555786,0.028146902099251747,0.016508465632796288,nan,nan,nan,-0.031227247789502144,-0.0037879515439271927,-3.1361589431762695,0.0006032974924892187,3135,3135,0.020014524459838867,24.884,1.04,99,4,21,0.79,895,0.016767406836152077,0.01206888910382986,0.020805738866329193,1500,1500,1452,1498,1897,1102,1897,1102
1783459525.4207,18.5204,0.01928,51.86,927,689808,0.521,GUIDED,GUIDED,128,9.260213851928711,0.0,10.0,0.5,0.0,0.0,nan,nan,nan,nan,nan,nan,nan,nan,nan,nan,13.552621603634014,5.599490240409716,10.10110722089889,0,0,-3.3943676948547363,-5.648106098175049,-0.12976187467575073,-0.018483668565750122,0.028068378567695618,0.01654377207159996,nan,nan,nan,-0.03123997524380684,-0.00377650186419487,-3.136176347732544,-0.0007188185700215399,3135,3135,0.01846027374267578,24.884,1.04,99,4,21,0.79,895,0.016767406836152077,0.01206888910382986,0.020805738866329193,1500,1500,1452,1498,1897,1102,1897,1102
1783459525.4407,18.5403,0.01995,50.12,928,689828,0.541,GUIDED,GUIDED,128,9.270171761512756,0.0,10.0,0.5,0.0,0.0,nan,nan,nan,nan,nan,nan,nan,nan,nan,nan,13.562983916028875,5.598421328621721,10.101194833093686,0,0,-3.3947770595550537,-5.647008895874023,-0.12990492582321167,-0.018480803817510605,0.02805204503238201,0.016575779765844345,nan,nan,nan,-0.031232181936502457,-0.003794100135564804,-3.13617205619812,4.315019032219425e-05,3135,3135,0.01908588409423828,24.884,1.04,99,4,21,0.79,895,0.016767406836152077,0.01206888910382986,0.020805738866329193,1500,1500,1452,1498,1897,1102,1897,1102
1783459525.4606,18.5603,0.01997,50.08,929,689848,0.561,GUIDED,GUIDED,128,9.280173301696777,0.0,10.0,0.5,0.0,0.0,nan,nan,nan,nan,nan,nan,nan,nan,nan,nan,13.573380967385148,5.597500683075409,10.10098144620176,0,0,-3.395164966583252,-5.646193027496338,-0.1299625039100647,-0.018485194072127342,0.028112538158893585,0.016732221469283104,nan,nan,nan,-0.031231414526700974,-0.0038089491426944733,-3.1361806392669678,-0.0003306854341644794,3135,3135,0.01920914649963379,24.884,1.04,99,4,21,0.79,895,0.016767406836152077,0.01206888910382986,0.020805738866329193,1500,1500,1452,1498,1897,1102,1897,1102
1783459525.4808,18.5804,0.02017,49.59,930,689868,0.581,GUIDED,GUIDED,128,9.290180802345276,0.0,10.0,0.5,0.0,0.0,nan,nan,nan,nan,nan,nan,nan,nan,nan,nan,13.583850709177911,5.596037420635981,10.101257454994586,0,0,-3.3955509662628174,-5.645170211791992,-0.1303606629371643,-0.018529212102293968,0.028366830199956894,0.016802744939923286,nan,nan,nan,-0.031239939853549004,-0.003814697265625,-3.136197090148926,-0.0009928749641403556,3135,3135,0.01925969123840332,24.884,1.04,99,4,21,0.79,895,0.016767406836152077,0.01206888910382986,0.020805738866329193,1500,1500,1452,1498,1897,1102,1897,1102
1783459525.5009,18.6004,0.02011,49.72,931,689888,0.601,GUIDED,GUIDED,128,9.300177693367004,0.0,10.0,0.5,0.0,0.0,nan,nan,nan,nan,nan,nan,nan,nan,nan,nan,13.593806227849186,5.5946383347048325,10.101754635434963,0,0,-3.395928144454956,-5.6441802978515625,-0.1306820511817932,-0.01828756183385849,0.028603065758943558,0.01670125126838684,nan,nan,nan,-0.03125116601586342,-0.003786509856581688,-3.136204481124878,-0.00034866464557126164,3135,3135,0.01907515525817871,24.884,1.04,99,4,21,0.79,895,0.01899677701294422,0.01510210894048214,0.002552213380113244,1500,1500,1451,1498,1897,1102,1897,1102
1783459525.5207,18.6203,0.01981,50.48,932,689908,0.621,GUIDED,GUIDED,128,9.3101567029953,0.0,10.0,0.5,0.0,0.0,nan,nan,nan,nan,nan,nan,nan,nan,nan,nan,13.60391507692266,5.59375785321181,10.102002858775354,0,0,-3.3962903022766113,-5.643293857574463,-0.13096588850021362,-0.01815343275666237,0.028599625453352928,0.0167218130081892,nan,nan,nan,-0.03125409036874771,-0.003773275762796402,-3.136202812194824,1.9770861399592832e-05,3135,3135,0.018917322158813477,24.884,1.04,99,4,21,0.79,895,0.01899677701294422,0.01510210894048214,0.002552213380113244,1500,1500,1451,1498,1897,1102,1897,1102
1783459525.5403,18.6403,0.01956,51.12,933,689928,0.641,GUIDED,GUIDED,128,9.320164561271667,0.0,10.0,0.5,0.0,0.0,nan,nan,nan,nan,nan,nan,nan,nan,nan,nan,13.614145223581795,5.592710782953166,10.10315123582184,0,0,-3.3966267108917236,-5.642155647277832,-0.13179320096969604,-0.018087545409798622,0.028547005727887154,0.016536446288228035,nan,nan,nan,-0.0312630832195282,-0.0037803295999765396,-3.1362056732177734,-7.599214586662129e-05,3135,3135,0.019004344940185547,24.884,1.04,99,4,21,0.79,895,0.01899677701294422,0.01510210894048214,0.002552213380113244,1500,1500,1451,1498,1897,1102,1897,1102
1783459525.5607,18.6604,0.02038,49.07,934,689948,0.661,GUIDED,GUIDED,128,9.330181360244751,0.0,10.0,0.5,0.0,0.0,nan,nan,nan,nan,nan,nan,nan,nan,nan,nan,13.624363755003907,5.5924905430709595,10.103755780149493,0,0,-3.3969717025756836,-5.641321659088135,-0.1321391463279724,-0.01800483465194702,0.028192657977342606,0.01638714410364628,nan,nan,nan,-0.031270287930965424,-0.00379314087331295,-3.136195182800293,0.0005156773258931935,3135,3135,0.019562244415283203,24.884,1.04,99,4,21,0.79,895,0.01899677701294422,0.01510210894048214,0.002552213380113244,1500,1500,1451,1498,1897,1102,1897,1102
1783459525.5807,18.6803,0.02000,50.01,935,689968,0.681,GUIDED,GUIDED,128,9.34015965461731,0.0,10.0,0.5,0.0,0.0,nan,nan,nan,nan,nan,nan,nan,nan,nan,nan,13.633881160777083,5.591487244303703,10.105003857117454,0,0,-3.397282361984253,-5.640275955200195,-0.13307887315750122,-0.01755938120186329,0.028168175369501114,0.01620911806821823,nan,nan,nan,-0.031272727996110916,-0.0038082003593444824,-3.1361963748931885,-0.000134245419758372,3135,3135,0.019105911254882812,24.884,1.04,99,4,21,0.79,895,0.01899677701294422,0.01510210894048214,0.002552213380113244,1500,1500,1451,1498,1897,1102,1897,1102
1783459525.6006,18.7002,0.01988,50.31,936,689988,0.701,GUIDED,GUIDED,128,9.350098609924316,0.0,10.0,0.5,0.0,0.0,nan,nan,nan,nan,nan,nan,nan,nan,nan,nan,13.643885696123471,5.590364122513949,10.106127113375054,0,0,-3.3975844383239746,-5.639272689819336,-0.13390499353408813,-0.017422839999198914,0.028237374499440193,0.01603756658732891,nan,nan,nan,-0.031270530074834824,-0.003808286041021347,-3.136197328567505,0.0001750426017679274,3135,3135,0.019144058227539062,24.884,1.04,99,4,21,0.79,895,0.01899677701294422,0.01510210894048214,0.002552213380113244,1500,1500,1452,1498,1897,1102,1897,1102
1783459525.6204,18.7203,0.01982,50.45,937,690008,0.721,GUIDED,GUIDED,128,9.36015498638153,0.0,10.0,0.5,0.0,0.0,nan,nan,nan,nan,nan,nan,nan,nan,nan,nan,13.653775195011912,5.589562993965425,10.106423021565426,0,0,-3.3978989124298096,-5.63851261138916,-0.13412266969680786,-0.017144931480288506,0.028261074796319008,0.01599239930510521,nan,nan,nan,-0.031272973865270615,-0.003790438175201416,-3.136197566986084,-0.0001378917513648048,3135,3135,0.0191495418548584,24.884,1.04,99,4,21,0.79,895,0.01899677701294422,0.01510210894048214,0.002552213380113244,1500,1500,1452,1498,1897,1102,1897,1102
1783459525.6399,18.7401,0.01953,51.21,938,690028,0.740,GUIDED,GUIDED,128,9.370067834854126,0.0,10.0,0.5,0.0,0.0,nan,nan,nan,nan,nan,nan,nan,nan,nan,nan,13.663719359453147,5.5891085046709685,10.107306129399298,0,0,-3.3981783390045166,-5.637578964233398,-0.1347997784614563,-0.0170016847550869,0.027984432876110077,0.015873465687036514,nan,nan,nan,-0.031269147992134094,-0.0037781838327646255,-3.1361992359161377,-8.185207843780518e-05,3135,3135,0.01903676986694336,24.884,1.04,99,4,21,0.79,895,0.01899677701294422,0.01510210894048214,0.002552213380113244,1500,1500,1452,1498,1897,1102,1897,1102
1783459525.6599,18.7601,0.02003,49.93,939,690048,0.760,GUIDED,GUIDED,128,9.380072474479675,0.0,10.0,0.5,0.0,0.0,nan,nan,nan,nan,nan,nan,nan,nan,nan,nan,13.67387362253841,5.588801232243005,10.107427976134765,0,0,-3.398484468460083,-5.636850357055664,-0.13507884740829468,-0.016911325976252556,0.027741175144910812,0.015964237973093987,nan,nan,nan,-0.03126571327447891,-0.003788018599152565,-3.136199712753296,-4.831889600609429e-05,3135,3135,0.019530534744262695,24.884,1.04,99,4,21,0.79,895,0.01899677701294422,0.01510210894048214,0.002552213380113244,1500,1500,1452,1498,1897,1102,1897,1102
1783459525.6798,18.7801,0.01991,50.23,940,690068,0.780,GUIDED,GUIDED,128,9.390071511268616,0.0,10.0,0.5,0.0,0.0,nan,nan,nan,nan,nan,nan,nan,nan,nan,nan,13.683733221536304,5.58819262845236,10.108573199665726,0,0,-3.398742914199829,-5.635995388031006,-0.13588565587997437,-0.01668160781264305,0.02759893611073494,0.015768853947520256,nan,nan,nan,-0.0312630832195282,-0.003814445808529854,-3.136199951171875,-2.74229132628534e-05,3135,3135,0.019455909729003906,24.884,1.04,99,4,21,0.79,895,0.01899677701294422,0.01510210894048214,0.002552213380113244,1500,1500,1452,1498,1897,1102,1897,1102
1783459525.7000,18.8002,0.02014,49.66,941,690089,0.800,GUIDED,GUIDED,128,9.400088906288147,0.0,10.0,0.5,0.0,0.0,nan,nan,nan,nan,nan,nan,nan,nan,nan,nan,13.693890285499716,5.586951672540202,10.110580221449172,0,0,-3.3990983963012695,-5.634944438934326,-0.13727742433547974,-0.016557008028030396,0.027708636596798897,0.015413637273013592,nan,nan,nan,-0.031279273331165314,-0.003829028457403183,-3.1362056732177734,-0.0003793478535953909,3135,3135,0.019592761993408203,24.884,1.04,99,4,21,0.79,895,0.0175994411110878,0.0077055892907083035,0.029478278011083603,1500,1500,1452,1498,1897,1102,1897,1102
1783459525.7199,18.8202,0.01995,50.13,942,690108,0.820,GUIDED,GUIDED,128,9.410075187683105,0.0,10.0,0.5,0.0,0.0,nan,nan,nan,nan,nan,nan,nan,nan,nan,nan,13.704049714505546,5.585709034195907,10.11150109125649,0,0,-3.399492025375366,-5.634038925170898,-0.1380968689918518,-0.016429712995886803,0.027903275564312935,0.015355079434812069,nan,nan,nan,-0.031276047229766846,-0.0038321632891893387,-3.1362085342407227,-0.00021243139053694904,3135,3135,0.019399642944335938,24.884,1.04,99,4,21,0.79,895,0.0175994411110878,0.0077055892907083035,0.029478278011083603,1500,1500,1452,1498,1897,1102,1897,1102
1783459525.7399,18.8402,0.01999,50.02,943,690128,0.840,GUIDED,GUIDED,128,9.420092105865479,0.0,10.0,0.5,0.0,0.0,nan,nan,nan,nan,nan,nan,nan,nan,nan,nan,13.714338782313558,5.5843956156926,10.114408269599414,0,0,-3.3999195098876953,-5.632847785949707,-0.1399133801460266,-0.01634003035724163,0.027973873540759087,0.014725382439792156,nan,nan,nan,-0.031285278499126434,-0.0038219280540943146,-3.1362125873565674,-0.00022694414656143636,3135,3135,0.019506216049194336,24.884,1.04,99,4,21,0.79,895,0.0175994411110878,0.0077055892907083035,0.029478278011083603,1500,1500,1452,1498,1897,1102,1897,1102
1783459525.7599,18.8602,0.02000,50.00,944,690148,0.860,GUIDED,GUIDED,128,9.430083155632019,0.0,10.0,0.5,0.0,0.0,nan,nan,nan,nan,nan,nan,nan,nan,nan,nan,13.724748010317244,5.583954723116489,10.115388630040258,0,0,-3.4002907276153564,-5.631992340087891,-0.1407812237739563,-0.016367143020033836,0.027734531089663506,0.014660420827567577,nan,nan,nan,-0.03128049150109291,-0.003822172060608864,-3.13621187210083,0.00029213333618827164,3135,3135,0.019474506378173828,24.884,1.04,99,4,21,0.79,895,0.0175994411110878,0.0077055892907083035,0.029478278011083603,1500,1500,1452,1498,1897,1102,1897,1102
1783459525.7798,18.8801,0.01991,50.22,945,690168,0.880,GUIDED,GUIDED,128,9.440067052841187,0.0,10.0,0.5,0.0,0.0,nan,nan,nan,nan,nan,nan,nan,nan,nan,nan,13.73472170236459,5.5831441857977,10.117931231641638,0,0,-3.4006855487823486,-5.630898952484131,-0.1426714062690735,-0.016133300960063934,0.02757122740149498,0.014283746480941772,nan,nan,nan,-0.03127625957131386,-0.0038367006927728653,-3.136204481124878,0.0001293033128604293,3135,3135,0.01945972442626953,24.884,1.04,99,4,21,0.79,895,0.0175994411110878,0.0077055892907083035,0.029478278011083603,1500,1500,1452,1498,1897,1102,1897,1102
1783459525.7999,18.9002,0.02008,49.79,946,690188,0.900,GUIDED,GUIDED,128,9.450089573860168,0.0,10.0,0.5,0.0,0.0,nan,nan,nan,nan,nan,nan,nan,nan,nan,nan,13.74505397829148,5.581794361981107,10.120141300825416,0,0,-3.401064395904541,-5.629855155944824,-0.1443755030632019,-0.016093410551548004,0.02774791233241558,0.013991623185575008,nan,nan,nan,-0.03128397464752197,-0.003854125738143921,-3.1362104415893555,-3.072394974878989e-05,3135,3135,0.01956033706665039,24.884,1.04,99,4,21,0.79,895,0.0175994411110878,0.0077055892907083035,0.029478278011083603,1500,1500,1451,1498,1897,1102,1897,1102
1783459525.8199,18.9202,0.01996,50.10,947,690208,0.920,GUIDED,GUIDED,128,9.460083365440369,0.0,10.0,0.5,0.0,0.0,nan,nan,nan,nan,nan,nan,nan,nan,nan,nan,13.755453709251494,5.58095206626211,10.121156635460782,0,0,-3.4014105796813965,-5.6290717124938965,-0.14502650499343872,-0.01612791046500206,0.027781890705227852,0.013781275600194931,nan,nan,nan,-0.031284671276807785,-0.0038526803255081177,-3.136209726333618,0.0001393231941619888,3135,3135,0.019472122192382812,24.884,1.04,99,4,21,0.79,895,0.0175994411110878,0.0077055892907083035,0.029478278011083603,1500,1500,1451,1498,1897,1102,1897,1102
1783459525.8397,18.9401,0.01982,50.46,948,690228,0.940,GUIDED,GUIDED,128,9.470064043998718,0.0,10.0,0.5,0.0,0.0,nan,nan,nan,nan,nan,nan,nan,nan,nan,nan,13.765706898894665,5.579800567922628,10.123248458055551,0,0,-3.401763439178467,-5.628106117248535,-0.1464974284172058,-0.016081521287560463,0.027889221906661987,0.013422799296677113,nan,nan,nan,-0.031282562762498856,-0.0038437247276306152,-3.136223793029785,-0.000603581196628511,3135,3135,0.019480228424072266,24.884,1.04,99,4,21,0.79,895,0.0175994411110878,0.0077055892907083035,0.029478278011083603,1500,1500,1451,1498,1897,1102,1897,1102
1783459525.8598,18.9602,0.02014,49.66,949,690248,0.960,GUIDED,GUIDED,128,9.480087161064148,0.0,10.0,0.5,0.0,0.0,nan,nan,nan,nan,nan,nan,nan,nan,nan,nan,13.77589473380748,5.579324489077672,10.12449676481785,0,0,-3.402096748352051,-5.627357482910156,-0.14720219373703003,-0.0159841850399971,0.027731861919164658,0.013108985498547554,nan,nan,nan,-0.031291209161281586,-0.003838449716567993,-3.1362340450286865,-0.0004962211824022233,3135,3135,0.01968860626220703,24.884,1.04,99,4,21,0.79,895,0.0175994411110878,0.0077055892907083035,0.029478278011083603,1500,1500,1451,1498,1897,1102,1897,1102
1783459525.8799,18.9802,0.02006,49.85,950,690268,0.980,GUIDED,GUIDED,128,9.490088820457458,0.0,10.0,0.5,0.0,0.0,nan,nan,nan,nan,nan,nan,nan,nan,nan,nan,13.786041688014494,5.578672978368587,10.126232388317387,0,0,-3.402426242828369,-5.626462936401367,-0.1487630009651184,-0.01587783731520176,0.02759154513478279,0.01300805527716875,nan,nan,nan,-0.03130016475915909,-0.0038360748440027237,-3.136237382888794,-0.00028971355641260743,3135,3135,0.01956939697265625,24.884,1.04,99,4,21,0.79,895,0.0175994411110878,0.0077055892907083035,0.029478278011083603,1500,1500,1451,1498,1897,1102,1897,1102
1783459525.9011,19.0002,0.02117,47.23,951,690288,0.002,GUIDED,GUIDED,128,9.500086307525635,0.0,10.0,0.5,0.0,0.0,nan,nan,nan,nan,nan,nan,nan,nan,nan,nan,13.796685105076854,5.577767658102411,10.128002175643019,0,0,-3.4027457237243652,-5.625607967376709,-0.15016871690750122,-0.016066312789916992,0.02762061543762684,0.012797858566045761,nan,nan,nan,-0.031303051859140396,-0.003846561536192894,-3.136239767074585,-3.597160321078263e-05,3135,3135,0.019542217254638672,24.886,1.11,99,4,21,0.79,895,0.0175994411110878,0.008992504328489304,0.029478278011083603,1500,1500,1451,1498,1897,1102,1897,1102
1783459525.9198,19.0201,0.01874,53.37,952,690308,0.020,GUIDED,GUIDED,128,9.510070323944092,0.0,10.0,0.5,0.0,0.0,nan,nan,nan,nan,nan,nan,nan,nan,nan,nan,13.806667521680195,5.576942179957332,10.129668277094217,0,0,-3.40303635597229,-5.6248297691345215,-0.15120595693588257,-0.015897592529654503,0.02764791250228882,0.01243478525429964,nan,nan,nan,-0.03131389990448952,-0.0038521047681570053,-3.136244535446167,-0.00024371748440898955,3135,3135,0.01830434799194336,24.886,1.11,99,4,21,0.79,895,0.0175994411110878,0.008992504328489304,0.029478278011083603,1500,1500,1451,1498,1897,1102,1897,1102
1783459525.9399,19.0402,0.02010,49.74,953,690328,0.041,GUIDED,GUIDED,128,9.520100355148315,0.0,10.0,0.5,0.0,0.0,nan,nan,nan,nan,nan,nan,nan,nan,nan,nan,13.816043356384524,5.576410711995797,10.132909909379709,0,0,-3.4032862186431885,-5.623866081237793,-0.15338021516799927,-0.015375633724033833,0.02739837020635605,0.011818536557257175,nan,nan,nan,-0.03133353963494301,-0.0038505904376506805,-3.1362390518188477,0.00018458225531503558,3135,3135,0.019621849060058594,24.886,1.11,99,4,21,0.79,895,0.0175994411110878,0.008992504328489304,0.029478278011083603,1500,1500,1451,1498,1897,1102,1897,1102
1783459525.9598,19.0601,0.01991,50.24,954,690348,0.061,GUIDED,GUIDED,128,9.530066728591919,0.0,10.0,0.5,0.0,0.0,nan,nan,nan,nan,nan,nan,nan,nan,nan,nan,13.82586445013014,5.5753834655027745,10.134292500479253,0,0,-3.403552532196045,-5.623135089874268,-0.15439003705978394,-0.015138000249862671,0.02756941318511963,0.011603318154811859,nan,nan,nan,-0.03132163733243942,-0.0038449279963970184,-3.1362414360046387,-3.5292297980049625e-05,3135,3135,0.019451379776000977,24.886,1.11,99,4,21,0.79,895,0.0175994411110878,0.008992504328489304,0.029478278011083603,1500,1500,1451,1498,1897,1102,1897,1102
1783459525.9799,19.0802,0.02008,49.80,955,690368,0.081,GUIDED,GUIDED,128,9.540098428726196,0.0,10.0,0.5,0.0,0.0,nan,nan,nan,nan,nan,nan,nan,nan,nan,nan,13.835534251361983,5.575494919254466,10.137114277603706,0,0,-3.403777599334717,-5.622246742248535,-0.1564834713935852,-0.014799115248024464,0.026992177590727806,0.011182809248566628,nan,nan,nan,-0.03131762146949768,-0.003846868872642517,-3.1362409591674805,0.00014121817366685718,3135,3135,0.019594907760620117,24.886,1.11,99,4,21,0.79,895,0.0175994411110878,0.008992504328489304,0.029478278011083603,1500,1500,1451,1498,1897,1102,1897,1102
1783459526.0000,19.1002,0.02011,49.74,956,690388,0.101,GUIDED,GUIDED,128,9.550101161003113,0.0,10.0,0.5,0.0,0.0,nan,nan,nan,nan,nan,nan,nan,nan,nan,nan,13.845430019612703,5.575291168379431,10.140058223152618,0,0,-3.403993606567383,-5.621405601501465,-0.15838783979415894,-0.014612647704780102,0.026624180376529694,0.010582609102129936,nan,nan,nan,-0.03132183849811554,-0.0038597863167524338,-3.1362416744232178,-0.0002934515941888094,3135,3135,0.019536972045898438,24.886,1.11,99,4,21,0.79,895,0.0175994411110878,0.008992504328489304,0.029478278011083603,1500,1500,1452,1498,1897,1102,1897,1102
1783459526.0206,19.1204,0.02063,48.47,957,690408,0.121,GUIDED,GUIDED,128,9.560213327407837,0.0,10.0,0.5,0.0,0.0,nan,nan,nan,nan,nan,nan,nan,nan,nan,nan,13.85563194445681,5.574955814615263,10.141123944732072,0,0,-3.404238224029541,-5.620744705200195,-0.15917211771011353,-0.014523239806294441,0.026436228305101395,0.010420117527246475,nan,nan,nan,-0.031331125646829605,-0.0038852766156196594,-3.1362438201904297,-6.42155937384814e-05,3135,3135,0.019846677780151367,24.886,1.11,99,4,21,0.79,895,0.0175994411110878,0.008992504328489304,0.029478278011083603,1500,1500,1452,1498,1897,1102,1897,1102
1783459526.0403,19.1403,0.01966,50.86,958,690428,0.141,GUIDED,GUIDED,128,9.570157527923584,0.0,10.0,0.5,0.0,0.0,nan,nan,nan,nan,nan,nan,nan,nan,nan,nan,13.865188794326931,5.574202178710121,10.143477736344387,0,0,-3.4044382572174072,-5.619967937469482,-0.16082555055618286,-0.014184113591909409,0.02642287313938141,0.010015765205025673,nan,nan,nan,-0.031329236924648285,-0.0038936063647270203,-3.136240243911743,0.00013360190496314317,3135,3135,0.019058704376220703,24.886,1.11,99,4,21,0.79,895,0.0175994411110878,0.008992504328489304,0.029478278011083603,1500,1500,1452,1498,1897,1102,1897,1102
1783459526.0608,19.1604,0.02047,48.85,959,690448,0.161,GUIDED,GUIDED,128,9.580185413360596,0.0,10.0,0.5,0.0,0.0,nan,nan,nan,nan,nan,nan,nan,nan,nan,nan,13.8753747689142,5.573306653705371,10.144564855249248,0,0,-3.404672145843506,-5.619331359863281,-0.1616726517677307,-0.014140350744128227,0.026572376489639282,0.009877190925180912,nan,nan,nan,-0.03133305162191391,-0.0039031486958265305,-3.1362273693084717,0.0005110800266265869,3135,3135,0.01957988739013672,24.886,1.11,99,4,21,0.79,895,0.0175994411110878,0.008992504328489304,0.029478278011083603,1500,1500,1452,1498,1897,1102,1897,1102
1783459526.0805,19.1804,0.01976,50.61,960,690468,0.181,GUIDED,GUIDED,128,9.590196371078491,0.0,10.0,0.5,0.0,0.0,nan,nan,nan,nan,nan,nan,nan,nan,nan,nan,13.885046438373378,5.572754749790376,10.14689144394785,0,0,-3.404855251312256,-5.6186017990112305,-0.16343039274215698,-0.013838746584951878,0.02646980620920658,0.009548766538500786,nan,nan,nan,-0.03133412078022957,-0.003902249038219452,-3.136237859725952,-0.0004484256496652961,3135,3135,0.019109487533569336,24.886,1.11,99,4,21,0.79,895,0.0175994411110878,0.008992504328489304,0.029478278011083603,1500,1500,1452,1498,1897,1102,1897,1102
1783459526.1002,19.2002,0.01972,50.70,961,690488,0.201,GUIDED,GUIDED,128,9.600095272064209,0.0,10.0,0.5,0.0,0.0,nan,nan,nan,nan,nan,nan,nan,nan,nan,nan,13.894929523618572,5.572146512390524,10.148983723023047,0,0,-3.4050302505493164,-5.617908954620361,-0.16502755880355835,-0.013728579506278038,0.026420958340168,0.009262912906706333,nan,nan,nan,-0.03133034333586693,-0.003899799659848213,-3.136232852935791,0.00010901813948294148,3135,3135,0.019009828567504883,24.886,1.11,99,4,21,0.79,895,0.016292471438646317,0.013674071058630943,0.026523001492023468,1500,1500,1451,1498,1897,1102,1897,1102
1783459526.1210,19.2204,0.02072,48.26,962,690508,0.222,GUIDED,GUIDED,128,9.610219955444336,0.0,10.0,0.5,0.0,0.0,nan,nan,nan,nan,nan,nan,nan,nan,nan,nan,13.905646240003522,5.5717841791954505,10.150001063734377,0,0,-3.4053642749786377,-5.617187023162842,-0.1658809781074524,-0.013877540826797485,0.02621334418654442,0.009168272837996483,nan,nan,nan,-0.03132940083742142,-0.003894863650202751,-3.13623046875,0.00010667566675692797,3135,3135,0.019634246826171875,24.886,1.11,99,4,21,0.79,895,0.016292471438646317,0.013674071058630943,0.026523001492023468,1500,1500,1451,1498,1897,1102,1897,1102
1783459526.1407,19.2403,0.01977,50.59,963,690528,0.241,GUIDED,GUIDED,128,9.620165348052979,0.0,10.0,0.5,0.0,0.0,nan,nan,nan,nan,nan,nan,nan,nan,nan,nan,13.915567140278457,5.571236150326951,10.152176438599135,0,0,-3.405733823776245,-5.6163201332092285,-0.16764503717422485,-0.013650041073560715,0.026029249653220177,0.008930799551308155,nan,nan,nan,-0.03134120628237724,-0.0039222873747348785,-3.1362342834472656,-0.00027178291929885745,3135,3135,0.01898980140686035,24.886,1.11,99,4,21,0.79,895,0.016292471438646317,0.013674071058630943,0.026523001492023468,1500,1500,1451,1498,1897,1102,1897,1102
1783459526.1611,19.2603,0.02041,48.99,964,690548,0.262,GUIDED,GUIDED,128,9.630153775215149,0.0,10.0,0.5,0.0,0.0,nan,nan,nan,nan,nan,nan,nan,nan,nan,nan,13.92543286325443,5.570522580320582,10.153214636189505,0,0,-3.4060468673706055,-5.615637302398682,-0.1685132384300232,-0.013398461975157261,0.02604699693620205,0.008832652121782303,nan,nan,nan,-0.031347181648015976,-0.00393310934305191,-3.1362340450286865,-6.40234793536365e-05,3135,3135,0.019239425659179688,24.886,1.11,99,4,21,0.79,895,0.016292471438646317,0.013674071058630943,0.026523001492023468,1500,1500,1451,1498,1897,1102,1897,1102
1783459526.1808,19.2804,0.01970,50.77,965,690568,0.282,GUIDED,GUIDED,128,9.640191435813904,0.0,10.0,0.5,0.0,0.0,nan,nan,nan,nan,nan,nan,nan,nan,nan,nan,13.935659323307487,5.5697511568477776,10.155602686498579,0,0,-3.406379222869873,-5.614837646484375,-0.17029911279678345,-0.013315579853951931,0.02603069692850113,0.008484985679388046,nan,nan,nan,-0.031342100352048874,-0.003932790830731392,-3.136239767074585,-0.00016219631652347744,3135,3135,0.018761634826660156,24.886,1.11,99,4,21,0.79,895,0.016292471438646317,0.013674071058630943,0.026523001492023468,1500,1500,1451,1498,1897,1102,1897,1102
1783459526.2007,19.3004,0.01991,50.23,966,690588,0.301,GUIDED,GUIDED,128,9.650186896324158,0.0,10.0,0.5,0.0,0.0,nan,nan,nan,nan,nan,nan,nan,nan,nan,nan,13.945371292473554,5.569547548200833,10.157768227262332,0,0,-3.4066922664642334,-5.614078044891357,-0.17191940546035767,-0.012971170246601105,0.025709694251418114,0.008170186541974545,nan,nan,nan,-0.03134375810623169,-0.003921644762158394,-3.1362388134002686,6.347975431708619e-05,3135,3135,0.019107341766357422,24.886,1.11,99,4,21,0.79,895,0.016292471438646317,0.013674071058630943,0.026523001492023468,1500,1500,1452,1498,1897,1102,1897,1102
1783459526.2205,19.3203,0.01976,50.62,967,690608,0.321,GUIDED,GUIDED,128,9.660151243209839,0.0,10.0,0.5,0.0,0.0,nan,nan,nan,nan,nan,nan,nan,nan,nan,nan,13.955861745109134,5.568873504887764,10.158818612320069,0,0,-3.4069745540618896,-5.61345100402832,-0.17259007692337036,-0.01311193872243166,0.02573683112859726,0.007950958795845509,nan,nan,nan,-0.031337447464466095,-0.0039227623492479324,-3.136242151260376,-0.00016090174904093146,3135,3135,0.01896977424621582,24.886,1.11,99,4,21,0.79,895,0.016292471438646317,0.013674071058630943,0.026523001492023468,1500,1500,1452,1498,1897,1102,1897,1102
1783459526.2408,19.3403,0.02030,49.26,968,690628,0.342,GUIDED,GUIDED,128,9.670172929763794,0.0,10.0,0.5,0.0,0.0,nan,nan,nan,nan,nan,nan,nan,nan,nan,nan,13.96559657611393,5.568246487612343,10.16103223563949,0,0,-3.4072654247283936,-5.612741470336914,-0.17399388551712036,-0.01277838833630085,0.02568919025361538,0.00748341204598546,nan,nan,nan,-0.0313497930765152,-0.003942817449569702,-3.136244058609009,-2.721829150686972e-05,3135,3135,0.019371509552001953,24.886,1.11,99,4,21,0.79,895,0.016292471438646317,0.013674071058630943,0.026523001492023468,1500,1500,1452,1498,1897,1102,1897,1102
1783459526.2609,19.3605,0.02010,49.74,969,690648,0.362,GUIDED,GUIDED,128,9.680232286453247,0.0,10.0,0.5,0.0,0.0,nan,nan,nan,nan,nan,nan,nan,nan,nan,nan,13.975683986579456,5.56784115713026,10.162050287763215,0,0,-3.4075284004211426,-5.612148284912109,-0.17475050687789917,-0.0126427561044693,0.02558073215186596,0.007332474924623966,nan,nan,nan,-0.03135843202471733,-0.00395708903670311,-3.136245012283325,-0.00017043689149431884,3135,3135,0.019214153289794922,24.886,1.11,99,4,21,0.79,895,0.016292471438646317,0.013674071058630943,0.026523001492023468,1500,1500,1452,1498,1897,1102,1897,1102
1783459526.2806,19.3803,0.01972,50.71,970,690668,0.381,GUIDED,GUIDED,128,9.6901695728302,0.0,10.0,0.5,0.0,0.0,nan,nan,nan,nan,nan,nan,nan,nan,nan,nan,13.985736112379065,5.566992468517546,10.164279016267688,0,0,-3.40779185295105,-5.6114912033081055,-0.17629486322402954,-0.01255695428699255,0.025691356509923935,0.006937352474778891,nan,nan,nan,-0.031358446925878525,-0.00396130234003067,-3.1362433433532715,1.1521045962581411e-05,3135,3135,0.018880844116210938,24.886,1.11,99,4,21,0.79,895,0.016292471438646317,0.013674071058630943,0.026523001492023468,1500,1500,1452,1498,1897,1102,1897,1102
1783459526.3010,19.4005,0.02039,49.05,971,690688,0.402,GUIDED,GUIDED,128,9.700226187705994,0.0,10.0,0.5,0.0,0.0,nan,nan,nan,nan,nan,nan,nan,nan,nan,nan,13.995782257943478,5.566935462709921,10.165737108575003,0,0,-3.408050537109375,-5.610843658447266,-0.17768985033035278,-0.012401558458805084,0.025350408628582954,0.006900918669998646,nan,nan,nan,-0.031350281089544296,-0.003958173096179962,-3.1362404823303223,0.00016283051809296012,3135,3135,0.019349098205566406,24.886,1.11,99,4,21,0.79,895,0.016786204650998116,0.011243070475757122,0.013281031511723995,1500,1500,1452,1498,1897,1102,1897,1102
1783459526.3207,19.4204,0.01968,50.81,972,690708,0.421,GUIDED,GUIDED,128,9.710193753242493,0.0,10.0,0.5,0.0,0.0,nan,nan,nan,nan,nan,nan,nan,nan,nan,nan,14.005499220273084,5.566672365263219,10.16706041917233,0,0,-3.408132553100586,-5.610226631164551,-0.17854636907577515,-0.012209520675241947,0.025146067142486572,0.006631416268646717,nan,nan,nan,-0.03135498985648155,-0.003972914069890976,-3.136230707168579,0.00044179748510941863,3135,3135,0.018886804580688477,24.886,1.11,99,4,21,0.79,895,0.016786204650998116,0.011243070475757122,0.013281031511723995,1500,1500,1452,1498,1897,1102,1897,1102
1783459526.3411,19.4405,0.02042,48.96,973,690728,0.442,GUIDED,GUIDED,128,9.720229387283325,0.0,10.0,0.5,0.0,0.0,nan,nan,nan,nan,nan,nan,nan,nan,nan,nan,14.014224520694675,5.566843707018354,10.169214984707661,0,0,-3.408055305480957,-5.60952091217041,-0.18026381731033325,-0.011497598141431808,0.02463969588279724,0.006379046477377415,nan,nan,nan,-0.0313602052628994,-0.003985734656453133,-3.136237859725952,-0.00023144208535086364,3135,3135,0.019289493560791016,24.886,1.11,99,4,21,0.79,895,0.016786204650998116,0.011243070475757122,0.013281031511723995,1500,1500,1452,1498,1897,1102,1897,1102
1783459526.3604,19.4604,0.01928,51.85,974,690748,0.461,GUIDED,GUIDED,128,9.730201482772827,0.0,10.0,0.5,0.0,0.0,nan,nan,nan,nan,nan,nan,nan,nan,nan,nan,14.023735419683762,5.566468550029604,10.170183251590664,0,0,-3.4081265926361084,-5.608942985534668,-0.18117445707321167,-0.011190168559551239,0.024522626772522926,0.006345775444060564,nan,nan,nan,-0.03136618807911873,-0.003998542204499245,-3.136234760284424,5.585748658631928e-05,3135,3135,0.018665075302124023,24.886,1.11,99,4,21,0.79,895,0.016786204650998116,0.011243070475757122,0.013281031511723995,1500,1500,1452,1498,1897,1102,1897,1102
1783459526.3807,19.4804,0.02029,49.28,975,690768,0.481,GUIDED,GUIDED,128,9.740187883377075,0.0,10.0,0.5,0.0,0.0,nan,nan,nan,nan,nan,nan,nan,nan,nan,nan,14.032650340291326,5.565883144317659,10.172705390202408,0,0,-3.4080440998077393,-5.608298301696777,-0.18299013376235962,-0.010619176551699638,0.024488402530550957,0.005937899462878704,nan,nan,nan,-0.03138396143913269,-0.004003262147307396,-3.136232614517212,6.063708133297041e-05,3135,3135,0.019468069076538086,24.886,1.11,99,4,21,0.79,895,0.016786204650998116,0.011243070475757122,0.013281031511723995,1500,1500,1452,1498,1897,1102,1897,1102
1783459526.4022,19.5004,0.02146,46.60,976,690788,0.503,GUIDED,GUIDED,128,9.750191926956177,0.0,10.0,0.5,0.0,0.0,nan,nan,nan,nan,nan,nan,nan,nan,nan,nan,14.041628178096328,5.565473385891853,10.17476032421093,0,0,-3.407965660095215,-5.607677459716797,-0.18463796377182007,-0.010071983560919762,0.024366533383727074,0.005702857859432697,nan,nan,nan,-0.0313841737806797,-0.004004281014204025,-3.1362462043762207,-0.0005073599168099463,3135,3135,0.019201040267944336,24.889,1.04,99,4,21,0.79,895,0.016786204650998116,0.011243070475757122,0.013281031511723995,1500,1500,1452,1498,1897,1102,1897,1102
1783459526.4207,19.5204,0.01854,53.95,977,690808,0.521,GUIDED,GUIDED,128,9.760218620300293,0.0,10.0,0.5,0.0,0.0,nan,nan,nan,nan,nan,nan,nan,nan,nan,nan,14.051513039857353,5.565489853323708,10.175706305496538,0,0,-3.4080281257629395,-5.607131004333496,-0.18534833192825317,-0.009954032488167286,0.02404152974486351,0.005566826555877924,nan,nan,nan,-0.03137669339776039,-0.0040010251104831696,-3.136246919631958,-0.00017302211199421436,3135,3135,0.01773357391357422,24.889,1.04,99,4,21,0.79,895,0.016786204650998116,0.011243070475757122,0.013281031511723995,1500,1500,1452,1498,1897,1102,1897,1102
1783459526.4403,19.5403,0.01960,51.03,978,690828,0.541,GUIDED,GUIDED,128,9.77017080783844,0.0,10.0,0.5,0.0,0.0,nan,nan,nan,nan,nan,nan,nan,nan,nan,nan,14.060776343306692,5.565432272222024,10.177500869290226,0,0,-3.4079482555389404,-5.606563568115234,-0.18677622079849243,-0.009602418169379234,0.023747164756059647,0.005355126690119505,nan,nan,nan,-0.031381480395793915,-0.00400637648999691,-3.1362619400024414,-0.0006587717216461897,3135,3135,0.01901412010192871,24.889,1.04,99,4,21,0.79,895,0.016786204650998116,0.011243070475757122,0.013281031511723995,1500,1500,1452,1498,1897,1102,1897,1102
1783459526.4605,19.5603,0.02022,49.45,979,690848,0.561,GUIDED,GUIDED,128,9.780149698257446,0.0,10.0,0.5,0.0,0.0,nan,nan,nan,nan,nan,nan,nan,nan,nan,nan,14.070284346557571,5.5651754799199855,10.178362344424723,0,0,-3.4080069065093994,-5.606049060821533,-0.18755990266799927,-0.009296689182519913,0.02359837293624878,0.005310212727636099,nan,nan,nan,-0.03138892725110054,-0.004014091566205025,-3.136277437210083,-0.0007704948075115681,3135,3135,0.01945781707763672,24.889,1.04,99,4,21,0.79,895,0.016786204650998116,0.011243070475757122,0.013281031511723995,1500,1500,1452,1498,1897,1102,1897,1102
1783459526.4805,19.5803,0.02002,49.95,980,690868,0.581,GUIDED,GUIDED,128,9.790165781974792,0.0,10.0,0.5,0.0,0.0,nan,nan,nan,nan,nan,nan,nan,nan,nan,nan,14.08005484167921,5.564801052616884,10.180293373612107,0,0,-3.4079294204711914,-5.605521202087402,-0.18912023305892944,-0.009199635125696659,0.023509789258241653,0.0050961896777153015,nan,nan,nan,-0.03140190616250038,-0.004026258364319801,-3.136277198791504,-0.00010893517173826694,3135,3135,0.019209623336791992,24.889,1.04,99,4,21,0.79,895,0.016786204650998116,0.011243070475757122,0.013281031511723995,1500,1500,1452,1498,1897,1102,1897,1102
1783459526.5004,19.6003,0.01986,50.36,981,690888,0.601,GUIDED,GUIDED,128,9.800161480903625,0.0,10.0,0.5,0.0,0.0,nan,nan,nan,nan,nan,nan,nan,nan,nan,nan,14.089468354634976,5.564000900566433,10.182161712135596,0,0,-3.407855749130249,-5.605011940002441,-0.19053512811660767,-0.008906044065952301,0.023677734658122063,0.004834393970668316,nan,nan,nan,-0.03140369430184364,-0.0040326789021492004,-3.136277198791504,-0.00018968182848766446,3135,3135,0.01923680305480957,24.889,1.04,99,4,21,0.79,895,0.015281078405678272,0.015915123745799065,0.023268014192581177,1500,1500,1452,1498,1897,1102,1897,1102
1783459526.5208,19.6204,0.02041,49.00,982,690908,0.621,GUIDED,GUIDED,128,9.81021785736084,0.0,10.0,0.5,0.0,0.0,nan,nan,nan,nan,nan,nan,nan,nan,nan,nan,14.098968613752248,5.56371684162128,10.182459338221646,0,0,-3.407867908477783,-5.604429244995117,-0.19093376398086548,-0.008577949367463589,0.02350531704723835,0.004892711993306875,nan,nan,nan,-0.03141822665929794,-0.004038145765662193,-3.13627290725708,0.0002550143108237535,3135,3135,0.019567489624023438,24.889,1.04,99,4,21,0.79,895,0.015281078405678272,0.015915123745799065,0.023268014192581177,1500,1500,1452,1498,1897,1102,1897,1102
1783459526.5403,19.6403,0.01954,51.19,983,690928,0.641,GUIDED,GUIDED,128,9.82016921043396,0.0,10.0,0.5,0.0,0.0,nan,nan,nan,nan,nan,nan,nan,nan,nan,nan,14.108455400524718,5.563962383439735,10.183530865225974,0,0,-3.4077072143554688,-5.603792667388916,-0.19176501035690308,-0.008402508683502674,0.022996025159955025,0.004753985907882452,nan,nan,nan,-0.03144049644470215,-0.0040419138967990875,-3.1362686157226562,0.0003007191698998213,3135,3135,0.018904685974121094,24.889,1.04,99,4,21,0.79,895,0.015281078405678272,0.015915123745799065,0.023268014192581177,1500,1500,1452,1498,1897,1102,1897,1102
1783459526.5606,19.6602,0.02022,49.45,984,690948,0.661,GUIDED,GUIDED,128,9.830113053321838,0.0,10.0,0.5,0.0,0.0,nan,nan,nan,nan,nan,nan,nan,nan,nan,nan,14.11779485756638,5.563895071227997,10.184363841081506,0,0,-3.4077107906341553,-5.603259563446045,-0.19227451086044312,-0.008051501587033272,0.022727100178599358,0.004567227326333523,nan,nan,nan,-0.031453460454940796,-0.004063809290528297,-3.136263132095337,0.00020947452867403626,3135,3135,0.019327878952026367,24.889,1.04,99,4,21,0.79,895,0.015281078405678272,0.015915123745799065,0.023268014192581177,1500,1500,1452,1498,1897,1102,1897,1102
1783459526.5804,19.6803,0.01986,50.34,985,690968,0.681,GUIDED,GUIDED,128,9.840149998664856,0.0,10.0,0.5,0.0,0.0,nan,nan,nan,nan,nan,nan,nan,nan,nan,nan,14.127314945170626,5.5639049343135145,10.185480231769938,0,0,-3.4075534343719482,-5.602684497833252,-0.19330936670303345,-0.007843943312764168,0.02238939143717289,0.004520153161138296,nan,nan,nan,-0.03147029131650925,-0.004079196602106094,-3.1362712383270264,-0.0002415716735413298,3135,3135,0.019176483154296875,24.889,1.04,99,4,21,0.79,895,0.015281078405678272,0.015915123745799065,0.023268014192581177,1500,1500,1452,1498,1897,1102,1897,1102
1783459526.6007,19.7004,0.02030,49.25,986,690988,0.701,GUIDED,GUIDED,128,9.850181341171265,0.0,10.0,0.5,0.0,0.0,nan,nan,nan,nan,nan,nan,nan,nan,nan,nan,14.136602278255728,5.563635100043576,10.186767223639912,0,0,-3.407405138015747,-5.602135181427002,-0.19423848390579224,-0.007500008214265108,0.02222803235054016,0.004313534125685692,nan,nan,nan,-0.03148491308093071,-0.004096249118447304,-3.1362695693969727,-8.719808829482645e-05,3135,3135,0.019386768341064453,24.889,1.04,99,4,21,0.79,895,0.015281078405678272,0.015915123745799065,0.023268014192581177,1500,1500,1452,1498,1897,1102,1897,1102
1783459526.6207,19.7204,0.01995,50.13,987,691008,0.721,GUIDED,GUIDED,128,9.860187888145447,0.0,10.0,0.5,0.0,0.0,nan,nan,nan,nan,nan,nan,nan,nan,nan,nan,14.14612685281903,5.563534569590162,10.187218654794696,0,0,-3.4074037075042725,-5.601655960083008,-0.19462674856185913,-0.007222567219287157,0.02200939506292343,0.004277064930647612,nan,nan,nan,-0.0315052755177021,-0.004096806049346924,-3.1362743377685547,-0.0003026374615728855,3135,3135,0.01914072036743164,24.889,1.04,99,4,21,0.79,895,0.015281078405678272,0.015915123745799065,0.023268014192581177,1500,1500,1452,1498,1897,1102,1897,1102
1783459526.6404,19.7403,0.01971,50.73,988,691028,0.741,GUIDED,GUIDED,128,9.870154976844788,0.0,10.0,0.5,0.0,0.0,nan,nan,nan,nan,nan,nan,nan,nan,nan,nan,14.15539773706336,5.563360646773794,10.187893683781695,0,0,-3.4072554111480713,-5.601152420043945,-0.19541722536087036,-0.006906232330948114,0.021819090470671654,0.004343718755990267,nan,nan,nan,-0.03151251748204231,-0.0040946584194898605,-3.1362738609313965,-7.974181789904833e-05,3135,3135,0.019048690795898438,24.889,1.04,99,4,21,0.79,895,0.015281078405678272,0.015915123745799065,0.023268014192581177,1500,1500,1452,1498,1897,1102,1897,1102
1783459526.6609,19.7604,0.02048,48.82,989,691048,0.762,GUIDED,GUIDED,128,9.88018012046814,0.0,10.0,0.5,0.0,0.0,nan,nan,nan,nan,nan,nan,nan,nan,nan,nan,14.16515167208975,5.563300487846301,10.18868596149261,0,0,-3.4072518348693848,-5.600690841674805,-0.19591206312179565,-0.006751714739948511,0.021587330847978592,0.004171991720795631,nan,nan,nan,-0.03153586387634277,-0.004097785800695419,-3.1362757682800293,-3.7591391446767375e-05,3135,3135,0.01965475082397461,24.889,1.04,99,4,21,0.79,895,0.015281078405678272,0.015915123745799065,0.023268014192581177,1500,1500,1452,1498,1897,1102,1897,1102
1783459526.6806,19.7804,0.01975,50.64,990,691068,0.781,GUIDED,GUIDED,128,9.890201091766357,0.0,10.0,0.5,0.0,0.0,nan,nan,nan,nan,nan,nan,nan,nan,nan,nan,14.174409425735933,5.563529493482353,10.189786823422201,0,0,-3.4071085453033447,-5.600226402282715,-0.19690865278244019,-0.006393799092620611,0.02118697017431259,0.004111790098249912,nan,nan,nan,-0.03153705224394798,-0.00411066971719265,-3.1362671852111816,0.0004607368027791381,3135,3135,0.018934249877929688,24.889,1.04,99,4,21,0.79,895,0.015281078405678272,0.015915123745799065,0.023268014192581177,1500,1500,1452,1498,1897,1102,1897,1102
1783459526.7007,19.8004,0.02005,49.87,991,691088,0.801,GUIDED,GUIDED,128,9.900199174880981,0.0,10.0,0.5,0.0,0.0,nan,nan,nan,nan,nan,nan,nan,nan,nan,nan,14.183867200328713,5.563328669235383,10.190752702197958,0,0,-3.406975507736206,-5.599769592285156,-0.19779819250106812,-0.006158661097288132,0.021039176732301712,0.004067715723067522,nan,nan,nan,-0.03155289590358734,-0.004129908978939056,-3.136261463165283,0.00016255614173132926,3135,3135,0.019264698028564453,24.889,1.04,99,4,21,0.79,895,0.016271576285362244,0.011765504255890846,0.017646973952651024,1500,1500,1452,1498,1897,1102,1897,1102
1783459526.7207,19.8203,0.02001,49.98,992,691108,0.821,GUIDED,GUIDED,128,9.910167932510376,0.0,10.0,0.5,0.0,0.0,nan,nan,nan,nan,nan,nan,nan,nan,nan,nan,14.193535785972093,5.562748275125019,10.191299579515505,0,0,-3.407210111618042,-5.599241733551025,-0.1981828808784485,-0.005849908106029034,0.02106950804591179,0.003974075894802809,nan,nan,nan,-0.03155225142836571,-0.004135981202125549,-3.136260747909546,7.985685078892857e-05,3135,3135,0.01915597915649414,24.889,1.04,99,4,21,0.79,895,0.016271576285362244,0.011765504255890846,0.017646973952651024,1500,1500,1452,1498,1897,1102,1897,1102
1783459526.7404,19.8403,0.01968,50.81,993,691128,0.841,GUIDED,GUIDED,128,9.920149803161621,0.0,10.0,0.5,0.0,0.0,nan,nan,nan,nan,nan,nan,nan,nan,nan,nan,14.203785631340018,5.562312186514425,10.192023131056692,0,0,-3.4075331687927246,-5.598628997802734,-0.19896632432937622,-0.005818106234073639,0.020967520773410797,0.0040086545050144196,nan,nan,nan,-0.03154480457305908,-0.004133496433496475,-3.1362662315368652,-0.00015360912948381156,3135,3135,0.01897907257080078,24.889,1.04,99,4,21,0.79,895,0.016271576285362244,0.011765504255890846,0.017646973952651024,1500,1500,1452,1498,1897,1102,1897,1102
1783459526.7602,19.8603,0.01987,50.32,994,691148,0.861,GUIDED,GUIDED,128,9.93014121055603,0.0,10.0,0.5,0.0,0.0,nan,nan,nan,nan,nan,nan,nan,nan,nan,nan,14.214043980289702,5.562050172388401,10.192260622691665,0,0,-3.4077444076538086,-5.598123073577881,-0.19945675134658813,-0.005850266199558973,0.02082669921219349,0.004154686816036701,nan,nan,nan,-0.031550440937280655,-0.004120953381061554,-3.136253833770752,0.0005375776090659201,3135,3135,0.019252300262451172,24.889,1.04,99,4,21,0.79,895,0.016271576285362244,0.011765504255890846,0.017646973952651024,1500,1500,1452,1498,1897,1102,1897,1102
1783459526.7804,19.8803,0.02013,49.67,995,691168,0.881,GUIDED,GUIDED,128,9.940151333808899,0.0,10.0,0.5,0.0,0.0,nan,nan,nan,nan,nan,nan,nan,nan,nan,nan,14.224301806832274,5.562006261426856,10.193581638317553,0,0,-3.408029317855835,-5.597564697265625,-0.20044034719467163,-0.00582878477871418,0.020529672503471375,0.0039598774164915085,nan,nan,nan,-0.031547680497169495,-0.004119591787457466,-3.1362600326538086,-0.00024132583348546177,3135,3135,0.019448280334472656,24.889,1.04,99,4,21,0.79,895,0.016271576285362244,0.011765504255890846,0.017646973952651024,1500,1500,1452,1498,1897,1102,1897,1102
1783459526.8007,19.9005,0.02029,49.29,996,691188,0.901,GUIDED,GUIDED,128,9.95023000240326,0.0,10.0,0.5,0.0,0.0,nan,nan,nan,nan,nan,nan,nan,nan,nan,nan,14.23425442189707,5.56207019473587,10.194803485115862,0,0,-3.4082934856414795,-5.597031116485596,-0.20132416486740112,-0.005603490397334099,0.020184697583317757,0.0037647162098437548,nan,nan,nan,-0.03155047073960304,-0.004138343036174774,-3.13625431060791,0.0002699453616514802,3135,3135,0.019567251205444336,24.889,1.04,99,4,21,0.79,895,0.016271576285362244,0.011765504255890846,0.017646973952651024,1500,1500,1452,1498,1897,1102,1897,1102
1783459526.8207,19.9204,0.02005,49.86,997,691208,0.921,GUIDED,GUIDED,128,9.960176348686218,0.0,10.0,0.5,0.0,0.0,nan,nan,nan,nan,nan,nan,nan,nan,nan,nan,14.244190526526625,5.561787946527502,10.195178763957555,0,0,-3.408470869064331,-5.5965800285339355,-0.20169347524642944,-0.005495165009051561,0.020087217912077904,0.0037612703163176775,nan,nan,nan,-0.03154797852039337,-0.004148872569203377,-3.1362600326538086,-0.0003617501351982355,3135,3135,0.01921224594116211,24.889,1.04,99,4,21,0.79,895,0.016271576285362244,0.011765504255890846,0.017646973952651024,1500,1500,1452,1498,1897,1102,1897,1102
1783459526.8405,19.9404,0.01982,50.47,998,691228,0.941,GUIDED,GUIDED,128,9.970200657844543,0.0,10.0,0.5,0.0,0.0,nan,nan,nan,nan,nan,nan,nan,nan,nan,nan,14.254246801373823,5.5610689495998376,10.195969111787383,0,0,-3.4087042808532715,-5.596085071563721,-0.20244091749191284,-0.0053788600489497185,0.0202165674418211,0.0037364987656474113,nan,nan,nan,-0.03154668211936951,-0.004148857668042183,-3.136260509490967,-1.5198893379420042e-06,3135,3135,0.019122838973999023,24.889,1.04,99,4,21,0.79,895,0.016271576285362244,0.011765504255890846,0.017646973952651024,1500,1500,1452,1498,1897,1102,1897,1102
1783459526.8604,19.9603,0.01986,50.35,999,691248,0.961,GUIDED,GUIDED,128,9.98015809059143,0.0,10.0,0.5,0.0,0.0,nan,nan,nan,nan,nan,nan,nan,nan,nan,nan,14.263798781331552,5.560821666345006,10.196806380850466,0,0,-3.408865213394165,-5.595641613006592,-0.20292431116104126,-0.005051857326179743,0.02010330557823181,0.0035321887116879225,nan,nan,nan,-0.03155045956373215,-0.004143839702010155,-3.136246681213379,0.0005023077828809619,3135,3135,0.019227027893066406,24.889,1.04,99,4,21,0.79,895,0.016271576285362244,0.011765504255890846,0.017646973952651024,1500,1500,1452,1498,1897,1102,1897,1102
1783459526.8805,19.9804,0.02007,49.83,1000,691268,0.981,GUIDED,GUIDED,128,9.990207433700562,0.0,10.0,0.5,0.0,0.0,nan,nan,nan,nan,nan,nan,nan,nan,nan,nan,14.274380144866,5.560934394837882,10.198008103839506,0,0,-3.409069776535034,-5.595188140869141,-0.2038859724998474,-0.00524091487750411,0.01977640949189663,0.0033935890533030033,nan,nan,nan,-0.031546931713819504,-0.00413837656378746,-3.136251449584961,-7.679054397158325e-05,3135,3135,0.019430160522460938,24.889,1.04,99,4,21,0.79,895,0.016271576285362244,0.011765504255890846,0.017646973952651024,1500,1500,1452,1498,1897,1102,1897,1102
