wall_time,cur_time,cur_loop_dt,cur_ctrl_freq,loop_count,fc_time_boot_ms,hb_age_s,sent_mode,echoed_mode,armed,drone_px_ref,drone_py_ref,drone_pz_ref,drone_vx_ref,drone_vy_ref,drone_vz_ref,payload_px_ref,payload_py_ref,payload_pz_ref,payload_vx_ref,payload_vy_ref,payload_vz_ref,payload_alpha_x,payload_alpha_y,payload_alphadot_x,payload_alphadot_y,ux,uy,uz,yaw_ref,yaw_rate_ref,drone_px_meas,drone_py_meas,drone_pz_meas,drone_vx_meas,drone_vy_meas,drone_vz_meas,drone_ax_meas,drone_ay_meas,drone_az_meas,drone_gyrox_meas,drone_gyroy_meas,drone_gyroz_meas,drone_roll,drone_pitch,drone_yaw,drone_yaw_rate,sent_setpoint_bitmask,echoed_setpoint_bitmask,setpoint_bitmask_callback_dt,batt_voltage,batt_current,batt_rem_percent,GPS_fix_type,sat_count,HDOP,ekf_flags,ekf_pos_horiz_var,ekf_pos_vert_var,ekf_vel_var,ch1,ch2,ch3,ch4,ch5,ch6,ch7,ch8
1784658578.5171,0.0000,nan,nan,1,94522,nan,GUIDED,?,0,5.037356853485107,0.08246792107820511,14.665932655334473,0.0,0.0,0.0,nan,nan,nan,nan,nan,nan,nan,nan,nan,nan,-0.0209036223712462,0.02144270248783685,0.0009714879865873645,-0.1273989975452423,0,5.0373053550720215,0.08250431716442108,14.665935516357422,0.012098444625735283,-0.012400963343679905,-0.0005625406629405916,0,0,-1000,0,0,1,0.0018870960921049118,0.0018125652568414807,-0.1273989975452423,0.0010542874224483967,63,3135,nan,12.312,28.76,91,6,10,1.21,nan,nan,nan,nan,nan,nan,nan,nan,nan,nan,nan,nan
1784658578.5372,0.0201,0.02008,49.81,2,94540,nan,GUIDED,?,0,5.037356853485107,0.08246792107820511,14.665932655334473,0.0,0.0,0.0,nan,nan,nan,nan,nan,nan,nan,nan,nan,nan,-0.02114144151556654,0.021666625537106715,0.0009297906665016719,-0.1273989975452423,0,5.037400245666504,0.08239886164665222,14.66593074798584,0.012180964462459087,-0.01246936060488224,-0.0005357136833481491,0,0,-1001,3,0,1,0.001921449089422822,0.0018149093957617879,-0.12739917635917664,0.0010563676478341222,63,3135,0.020017147064208984,12.312,28.76,91,6,10,1.21,nan,nan,nan,nan,nan,nan,nan,nan,nan,nan,nan,nan
1784658578.5572,0.0401,0.02003,49.92,3,94560,nan,GUIDED,?,0,5.037356853485107,0.08246792107820511,14.665932655334473,0.0,0.0,0.0,nan,nan,nan,nan,nan,nan,nan,nan,nan,nan,-0.021122080338699924,0.02165495695621231,0.001053186988062852,-0.1273989975452423,0,5.037388801574707,0.08239658176898956,14.665931701660156,0.012176393531262875,-0.01246130745857954,-0.0006075071869418025,0,0,-1000,-3,1,1,0.0018200499471276999,0.001797645352780819,-0.12739746272563934,0.001122610759921372,63,3135,0.019949913024902344,12.312,28.76,91,6,10,1.21,831,0.002793047809973359,0.00010832212137756869,0.0069108749739825726,nan,nan,nan,nan,nan,nan,nan,nan
1784658578.5772,0.0601,0.01995,50.12,4,94580,nan,GUIDED,?,0,5.037356853485107,0.08246792107820511,14.665932655334473,0.0,0.0,0.0,nan,nan,nan,nan,nan,nan,nan,nan,nan,nan,-0.021114778645356977,0.021683976212564137,0.0012096035188382504,-0.1273989975452423,0,5.037402629852295,0.08236925303936005,14.665929794311523,0.012164194136857986,-0.012462283484637737,-0.0006967131048440933,0,0,-1000,-5,-6,1,0.0016784283798187971,0.0016388895455747843,-0.12739738821983337,0.001013472443446517,63,3135,0.01989579200744629,12.312,28.76,91,6,10,1.21,831,0.002793047809973359,0.00010832212137756869,0.0069108749739825726,nan,nan,nan,nan,nan,nan,nan,nan
1784658578.5975,0.0801,0.02029,49.30,5,94600,nan,GUIDED,?,0,5.037356853485107,0.08246792107820511,14.665932655334473,0.0,0.0,0.0,nan,nan,nan,nan,nan,nan,nan,nan,nan,nan,-0.021287567120163994,0.02188734377468181,0.001027239948997719,-0.1273989975452423,0,5.037533760070801,0.08222459256649017,14.665924072265625,0.012188245542347431,-0.012496178038418293,-0.0005881218239665031,0,0,-1001,-10,-8,0,0.001440192456357181,0.0014456172939389944,-0.12740273773670197,0.0008524653967469931,63,3135,0.01994609832763672,12.312,28.76,91,6,10,1.21,831,0.002793047809973359,0.00010832212137756869,0.0069108749739825726,1500,1500,1000,1500,1800,1000,1000,1800
1784658578.6172,0.1001,0.01972,50.71,6,94620,nan,GUIDED,?,0,5.037356853485107,0.08246792107820511,14.665932655334473,0.0,0.0,0.0,nan,nan,nan,nan,nan,nan,nan,nan,nan,nan,-0.02070533391680045,0.0213765401840176,0.0012112218204700575,-0.1273989975452423,0,5.037363052368164,0.08238554745912552,14.66592788696289,0.011950651183724403,-0.012294192798435688,-0.0006965462234802544,0,0,-1000,-12,-9,0,0.001166989328339696,0.0012150586117058992,-0.12741774320602417,0.0005717948079109192,63,3135,0.019660234451293945,12.312,28.76,91,6,10,1.21,831,0.002793047809973359,0.00010832212137756869,0.0069108749739825726,1500,1500,1000,1500,1800,1000,1000,1800
1784658578.6372,0.1201,0.01998,50.04,7,94640,nan,GUIDED,?,0,5.037356853485107,0.08246792107820511,14.665932655334473,0.0,0.0,0.0,nan,nan,nan,nan,nan,nan,nan,nan,nan,nan,-0.020516403549203036,0.02124394904366923,0.0012437697173312222,-0.1273989975452423,0,5.037408351898193,0.08233180642127991,14.665921211242676,0.011815418489277363,-0.012186613865196705,-0.0007114835316315293,0,0,-1000,-11,-13,0,0.0009041938465088606,0.000924304302316159,-0.12743301689624786,0.0003762108972296119,63,3135,0.019934654235839844,12.312,28.76,91,6,10,1.21,831,0.002793047809973359,0.00010832212137756869,0.0069108749739825726,1500,1500,1000,1500,1800,1000,1000,1800
1784658578.6572,0.1401,0.02000,50.01,8,94660,nan,GUIDED,?,0,5.037356853485107,0.08246792107820511,14.665932655334473,0.0,0.0,0.0,nan,nan,nan,nan,nan,nan,nan,nan,nan,nan,-0.019873188966501688,0.02066812223168429,0.001144984098834498,-0.1273989975452423,0,5.0372819900512695,0.08244779706001282,14.665921211242676,0.011517013423144817,-0.011921127326786518,-0.000654449628200382,0,0,-1001,-12,-12,0,0.0006140627665445209,0.0006468541105277836,-0.12745286524295807,4.9635564209893346e-05,63,3135,0.019946813583374023,12.312,28.76,91,6,10,1.21,831,0.002793047809973359,0.00010832212137756869,0.0069108749739825726,1500,1500,1000,1500,1800,1000,1000,1800
1784658578.6772,0.1601,0.02000,49.99,9,94680,nan,GUIDED,?,0,5.037356853485107,0.08246792107820511,14.665932655334473,0.0,0.0,0.0,nan,nan,nan,nan,nan,nan,nan,nan,nan,nan,-0.019137916149319534,0.020068814779659442,0.0009964745403340295,-0.1273989975452423,0,5.037182331085205,0.08253630250692368,14.665924072265625,0.011150041595101357,-0.011626215651631355,-0.0005703594069927931,0,0,-1001,-11,-12,0,0.00037085716030560434,0.0003762773994822055,-0.1274750977754593,-0.00018992231343872845,63,3135,0.019952058792114258,12.312,28.76,91,6,10,1.21,831,0.002793047809973359,0.00010832212137756869,0.0069108749739825726,1500,1500,1000,1500,1800,1000,1000,1800
1784658578.6972,0.1801,0.02004,49.90,10,94700,nan,GUIDED,?,0,5.037356853485107,0.08246792107820511,14.665932655334473,0.0,0.0,0.0,nan,nan,nan,nan,nan,nan,nan,nan,nan,nan,-0.018677004099785958,0.019777558374336028,0.0007629690669230844,-0.1273989975452423,0,5.03724479675293,0.08245901763439178,14.665921211242676,0.010847869329154491,-0.011413438245654106,-0.00043389314669184387,0,0,-1001,-12,-12,0,7.783972978359088e-05,0.00010257907706545666,-0.12750102579593658,-0.0002414983173366636,63,3135,0.019971370697021484,12.312,28.76,91,6,10,1.21,831,0.002793047809973359,0.00010832212137756869,0.0069108749739825726,1500,1500,1000,1500,1800,1000,1000,1800
1784658578.7173,0.2000,0.02003,49.92,11,94720,nan,GUIDED,?,0,5.037356853485107,0.08246792107820511,14.665932655334473,0.0,0.0,0.0,nan,nan,nan,nan,nan,nan,nan,nan,nan,nan,-0.017848998359000022,0.01908881123094939,0.0005679109014569476,-0.1273989975452423,0,5.037163734436035,0.08251982927322388,14.665926933288574,0.010416621342301369,-0.011050899513065815,-0.0003245798870921135,0,0,-1001,-9,-11,0,-0.00012515786511357874,-0.00016214241622947156,-0.1275368481874466,-0.0004525618569459766,63,3135,0.01995372772216797,12.312,28.76,91,6,10,1.21,831,0.002793047809973359,0.00010832212137756869,0.0069108749739825726,1500,1500,1000,1500,1800,1000,1000,1800
1784658578.7373,0.2201,0.02000,49.99,12,94740,nan,GUIDED,?,0,5.037356853485107,0.08246792107820511,14.665932655334473,0.0,0.0,0.0,nan,nan,nan,nan,nan,nan,nan,nan,nan,nan,-0.017228105114473275,0.018661243777971126,0.0004819831050973334,-0.1273989975452423,0,5.0372314453125,0.08243455737829208,14.66592788696289,0.01001905556768179,-0.010754811577498913,-0.00027552005485631526,0,0,-1001,-11,-11,0,-0.00037980417255312204,-0.0004270259232725948,-0.1275724172592163,-0.0005875355564057827,63,3135,0.01992630958557129,12.312,28.76,91,6,10,1.21,831,0.002793047809973359,0.00010832212137756869,0.0069108749739825726,1500,1500,1000,1500,1800,1000,1000,1800
1784658578.7573,0.2401,0.02001,49.96,13,94760,nan,GUIDED,?,0,5.037356853485107,0.08246792107820511,14.665932655334473,0.0,0.0,0.0,nan,nan,nan,nan,nan,nan,nan,nan,nan,nan,-0.01627512582031767,0.017914906475116364,0.0005188840489331283,-0.1273989975452423,0,5.037172317504883,0.08247032016515732,14.665933609008789,0.009502990171313286,-0.01034456118941307,-0.00030012844945304096,0,0,-1000,-6,-9,0,-0.0005328835686668754,-0.0006297940271906555,-0.12760482728481293,-0.000546431343536824,63,3135,0.01992058753967285,12.312,28.76,91,6,10,1.21,831,0.0027971118688583374,0.00010827246296685189,0.006885587237775326,1500,1500,1000,1500,1800,1000,1000,1800
1784658578.7773,0.2601,0.01998,50.04,14,94780,nan,GUIDED,?,0,5.037356853485107,0.08246792107820511,14.665932655334473,0.0,0.0,0.0,nan,nan,nan,nan,nan,nan,nan,nan,nan,nan,-0.01533191852901218,0.017191370956132653,0.0005688164555123665,-0.1273989975452423,0,5.037128925323486,0.08248928189277649,14.665939331054688,0.008983481675386429,-0.009937775321304798,-0.00033226056257262826,0,0,-1000,-8,-10,0,-0.000734641682356596,-0.0008706050575710833,-0.1276330202817917,-0.0004246885364409536,63,3135,0.019906044006347656,12.312,28.76,91,6,10,1.21,831,0.0027971118688583374,0.00010827246296685189,0.006885587237775326,1500,1500,1000,1500,1800,1000,1000,1800
1784658578.7973,0.2801,0.02005,49.88,15,94800,nan,GUIDED,?,0,5.037356853485107,0.08246792107820511,14.665932655334473,0.0,0.0,0.0,nan,nan,nan,nan,nan,nan,nan,nan,nan,nan,-0.014529450078502584,0.016667217691787597,0.0005909350344135513,-0.1273989975452423,0,5.037191867828369,0.08239908516407013,14.665938377380371,0.00848383642733097,-0.009583080187439919,-0.00034448012593202293,0,0,-1000,-5,-6,0,-0.0008637165883556008,-0.0010149256559088826,-0.12766167521476746,-0.000327439745888114,63,3135,0.019924640655517578,12.312,28.76,91,6,10,1.21,831,0.0027971118688583374,0.00010827246296685189,0.006885587237775326,1500,1500,1000,1500,1800,1000,1000,1800
1784658578.8173,0.3001,0.01998,50.05,16,94820,nan,GUIDED,?,0,5.037356853485107,0.08246792107820511,14.665932655334473,0.0,0.0,0.0,nan,nan,nan,nan,nan,nan,nan,nan,nan,nan,-0.013073989426512835,0.015406205058578391,0.0005608656007918226,-0.1273989975452423,0,5.03695821762085,0.08262187242507935,14.665946960449219,0.007778423838317394,-0.008983660489320755,-0.00033207496744580567,0,0,-1001,-5,-8,0,-0.0010034622391685843,-0.0012139228638261557,-0.1276930421590805,-0.00026062800316140056,63,3135,0.01991581916809082,12.312,28.76,91,6,10,1.21,831,0.0027971118688583374,0.00010827246296685189,0.006885587237775326,1500,1500,1000,1500,1800,1000,1000,1800
1784658578.8373,0.3201,0.01997,50.07,17,94840,nan,GUIDED,?,0,5.037356853485107,0.08246792107820511,14.665932655334473,0.0,0.0,0.0,nan,nan,nan,nan,nan,nan,nan,nan,nan,nan,-0.012024112410208775,0.014543150234401466,0.0006201234621939607,-0.1273989975452423,0,5.036922931671143,0.08263795077800751,14.665946960449219,0.007192649412900209,-0.008494658395648003,-0.00036628750967793167,0,0,-1000,-4,-4,0,-0.001106036826968193,-0.001330588129349053,-0.12771843373775482,-0.00015065398474689573,63,3135,0.01990199089050293,12.312,28.76,91,6,10,1.21,831,0.0027971118688583374,0.00010827246296685189,0.006885587237775326,1500,1500,1000,1500,1800,1000,1000,1800
1784658578.8575,0.3401,0.02022,49.47,18,94860,nan,GUIDED,?,0,5.037356853485107,0.08246792107820511,14.665932655334473,0.0,0.0,0.0,nan,nan,nan,nan,nan,nan,nan,nan,nan,nan,-0.010589985582100097,0.013213903979865256,0.0006313257382389388,-0.1273989975452423,0,5.03671407699585,0.08283115178346634,14.665952682495117,0.006485238205641508,-0.007838762365281582,-0.0003760587715078145,0,0,-1000,-1,-5,0,-0.0011728894896805286,-0.001481480197981,-0.12773969769477844,-3.6180950701236725e-05,63,3135,0.020164012908935547,12.312,28.76,91,6,10,1.21,831,0.0027971118688583374,0.00010827246296685189,0.006885587237775326,1500,1500,1000,1500,1800,1000,1000,1800
1784658578.8772,0.3601,0.01977,50.58,19,94880,nan,GUIDED,?,0,5.037356853485107,0.08246792107820511,14.665932655334473,0.0,0.0,0.0,nan,nan,nan,nan,nan,nan,nan,nan,nan,nan,-0.009193217346202535,0.011987047314450112,0.0006356457315923816,-0.1273989975452423,0,5.036523818969727,0.08300407230854034,14.665958404541016,0.005788659211248159,-0.007230272050946951,-0.00038185654557310045,0,0,-1000,-3,-1,0,-0.0012628678232431412,-0.0015404323348775506,-0.12775588035583496,0.0001001537821139209,63,3135,0.019700050354003906,12.312,28.76,91,6,10,1.21,831,0.0027971118688583374,0.00010827246296685189,0.006885587237775326,1500,1500,1000,1500,1800,1000,1000,1800
1784658578.8973,0.3801,0.02004,49.90,20,94900,nan,GUIDED,?,0,5.037356853485107,0.08246792107820511,14.665932655334473,0.0,0.0,0.0,nan,nan,nan,nan,nan,nan,nan,nan,nan,nan,-0.008113765403615709,0.011087798613797085,0.0004460782023455982,-0.1273989975452423,0,5.036482810974121,0.08301745355129242,14.665959358215332,0.0051891133189201355,-0.006718816235661507,-0.00027296028565615416,0,0,-1001,0,-4,0,-0.0012844203738495708,-0.0016564904944971204,-0.12777107954025269,0.0002814612817019224,63,3135,0.01995229721069336,12.312,28.76,91,6,10,1.21,831,0.0027971118688583374,0.00010827246296685189,0.006885587237775326,1500,1500,1000,1500,1800,1000,1000,1800
1784658578.9172,0.4001,0.01995,50.14,21,94920,nan,GUIDED,?,0,5.037356853485107,0.08246792107820511,14.665932655334473,0.0,0.0,0.0,nan,nan,nan,nan,nan,nan,nan,nan,nan,nan,-0.006731833050721248,0.009890477674863335,0.0003772282540812199,-0.1273989975452423,0,5.036297798156738,0.08317407220602036,14.66596794128418,0.004498071502894163,-0.006117966491729021,-0.00023816518660169095,0,0,-1001,-1,0,0,-0.001345831318758428,-0.0016791617963463068,-0.1277889758348465,0.0004353183612693101,63,3135,0.019871234893798828,12.312,28.76,91,6,10,1.21,831,0.0027971118688583374,0.00010827246296685189,0.006885587237775326,1500,1500,1000,1500,1800,1000,1000,1800
1784658578.9372,0.4201,0.01999,50.03,22,94940,nan,GUIDED,?,0,5.037356853485107,0.08246792107820511,14.665932655334473,0.0,0.0,0.0,nan,nan,nan,nan,nan,nan,nan,nan,nan,nan,-0.005681048698870424,0.009004066108015242,0.00039859983112194007,-0.1273989975452423,0,5.036251068115234,0.08318933099508286,14.665968894958496,0.003918380476534367,-0.005615006200969219,-0.00025105467648245394,0,0,-1000,2,-1,0,-0.0013091525761410594,-0.0017399103380739689,-0.12780159711837769,0.000565226306207478,63,3135,0.019933462142944336,12.312,28.76,91,6,10,1.21,831,0.0027971118688583374,0.00010827246296685189,0.006885587237775326,1500,1500,1000,1500,1800,1000,1000,1800
1784658578.9573,0.4401,0.02005,49.87,23,94960,nan,GUIDED,?,0,5.037356853485107,0.08246792107820511,14.665932655334473,0.0,0.0,0.0,nan,nan,nan,nan,nan,nan,nan,nan,nan,nan,-0.004379861575171565,0.007839404674919172,0.00030965306798024064,-0.1273989975452423,0,5.0360798835754395,0.0833292081952095,14.665974617004395,0.0032659731805324554,-0.005023346748203039,-0.0002030048635788262,0,0,-1001,1,1,0,-0.001315420027822256,-0.001714556012302637,-0.1278093010187149,0.0006896106642670929,63,3135,0.01996326446533203,12.312,28.76,91,6,10,1.21,831,0.0027825760189443827,0.00010846045915968716,0.006548636127263308,1500,1500,1000,1500,1800,1000,1000,1800
1784658578.9773,0.4601,0.02001,49.98,24,94980,nan,GUIDED,?,0,5.037356853485107,0.08246792107820511,14.665932655334473,0.0,0.0,0.0,nan,nan,nan,nan,nan,nan,nan,nan,nan,nan,-0.003117844638687893,0.006728011719216897,0.0002155659995952941,-0.1273989975452423,0,5.0359206199646,0.08345582336187363,14.665983200073242,0.0026292982511222363,-0.004454785026609898,-0.000153639106429182,0,0,-1001,3,1,1,-0.0012607792159542441,-0.0017287206137552857,-0.12781181931495667,0.0008830557926557958,63,3135,0.019911766052246094,12.312,28.76,91,6,10,1.21,831,0.0027825760189443827,0.00010846045915968716,0.006548636127263308,1500,1500,1000,1500,1800,1000,1000,1800
1784658578.9973,0.4801,0.02000,50.00,25,95000,nan,GUIDED,?,0,5.037356853485107,0.08246792107820511,14.665932655334473,0.0,0.0,0.0,nan,nan,nan,nan,nan,nan,nan,nan,nan,nan,-0.00209001057416107,0.005877544434991913,0.00022645769584057993,-0.1273989975452423,0,5.035861015319824,0.08347620815038681,14.665986061096191,0.0020702907349914312,-0.003975536674261093,-0.00016157924255821854,0,0,-1001,1,2,1,-0.0012567106168717146,-0.0016832246910780668,-0.127815842628479,0.0009368103928864002,63,3135,0.019906282424926758,12.312,28.76,91,6,10,1.21,831,0.0027825760189443827,0.00010846045915968716,0.006548636127263308,1500,1500,1000,1500,1800,1000,1000,1800
1784658579.0173,0.5001,0.02001,49.98,26,95020,0.000,GUIDED,GUIDED,128,5.037356853485107,0.08246792107820511,14.665932655334473,0.0,0.0,0.0,nan,nan,nan,nan,nan,nan,nan,nan,nan,nan,-0.0005065521011232013,0.004350410534012378,0.00026220668834911855,-0.1273989975452423,0,5.035521507263184,0.08379800617694855,14.665995597839355,0.0013520956272259355,-0.0032796356827020645,-0.00018772497423924506,0,0,-1000,5,2,1,-0.001168274087831378,-0.0016638376982882619,-0.12782087922096252,0.001039767637848854,63,3135,0.01988697052001953,12.312,28.76,91,6,10,1.21,831,0.0027825760189443827,0.00010846045915968716,0.006548636127263308,1500,1500,1000,1500,1800,1000,1000,1800
1784658579.0372,0.5201,0.01995,50.14,27,95040,0.020,GUIDED,GUIDED,128,5.037356853485107,0.08246792107820511,14.665932655334473,0.0,0.0,0.0,nan,nan,nan,nan,nan,nan,nan,nan,nan,nan,0.0005997757230053493,0.0033485231341611075,0.000304472838578315,-0.1273989975452423,0,5.0353684425354,0.08392161130905151,14.665998458862305,0.0008017289219424129,-0.002772559178993106,-0.00021377915982156992,0,0,-1001,2,4,1,-0.001144838286563754,-0.0015873018419370055,-0.12782122194766998,0.0011492912890389562,63,3135,0.019888877868652344,12.312,28.76,91,6,10,1.21,831,0.0027825760189443827,0.00010846045915968716,0.006548636127263308,1500,1500,1000,1500,1800,1000,1000,1800
1784658579.0573,0.5401,0.02007,49.82,28,95060,0.040,GUIDED,GUIDED,128,5.037356853485107,0.08246792107820511,14.665932655334473,0.0,0.0,0.0,nan,nan,nan,nan,nan,nan,nan,nan,nan,nan,0.002010250673768192,0.0020064932234910367,0.00027683720325019396,-0.1273989975452423,0,5.035053253173828,0.08421619981527328,14.66600513458252,0.0001693654921837151,-0.0021678186021745205,-0.00020167794718872756,0,0,-1001,6,4,1,-0.00104331795591861,-0.0015418312977999449,-0.12781716883182526,0.0012200204655528069,63,3135,0.019959449768066406,12.312,28.76,91,6,10,1.21,831,0.0027825760189443827,0.00010846045915968716,0.006548636127263308,1500,1500,1000,1500,1800,1000,1000,1800
1784658579.0773,0.5601,0.01996,50.11,29,95080,0.060,GUIDED,GUIDED,128,5.037356853485107,0.08246792107820511,14.665932655334473,0.0,0.0,0.0,nan,nan,nan,nan,nan,nan,nan,nan,nan,nan,0.003367250988767986,0.0007180855210406341,0.0002282075898627395,-0.1273989975452423,0,5.034756183624268,0.08449050784111023,14.666013717651367,-0.0004425858205650002,-0.001582327880896628,-0.00017855706391856074,0,0,-1001,3,5,1,-0.001000849180854857,-0.0014491599285975099,-0.12781070172786713,0.0012618693290278316,63,3135,0.01988673210144043,12.312,28.76,91,6,10,1.21,831,0.0027825760189443827,0.00010846045915968716,0.006548636127263308,1500,1500,1000,1500,1800,1000,1000,1800
1784658579.0976,0.5801,0.02030,49.26,30,95100,0.080,GUIDED,GUIDED,128,5.037356853485107,0.08246792107820511,14.665932655334473,0.0,0.0,0.0,nan,nan,nan,nan,nan,nan,nan,nan,nan,nan,0.0043730307255657715,-0.00014231243196359024,0.0002194397044294244,-0.1273989975452423,0,5.034600257873535,0.08461034297943115,14.666016578674316,-0.0009332492481917143,-0.0011547637404873967,-0.0001751467352733016,0,0,-1001,6,5,1,-0.0008866130956448615,-0.001376006635837257,-0.1278049200773239,0.0013447960373014212,63,3135,0.019896268844604492,12.312,28.76,91,6,10,1.21,831,0.0027825760189443827,0.00010846045915968716,0.006548636127263308,1500,1500,1000,1500,1800,1000,1000,1800
1784658579.1174,0.6001,0.01983,50.42,31,95120,0.100,GUIDED,GUIDED,128,5.037356853485107,0.08246792107820511,14.665932655334473,0.0,0.0,0.0,nan,nan,nan,nan,nan,nan,nan,nan,nan,nan,0.005547328442329465,-0.0012993697069824015,0.00019173500261488366,-0.1273989975452423,0,5.0343122482299805,0.08486683666706085,14.666024208068848,-0.0014449479058384895,-0.0006348231108859181,-0.00016355625120922923,0,0,-1001,4,5,1,-0.0008411434828303754,-0.0012870372738689184,-0.1278034746646881,0.0013995623448863626,63,3135,0.01977086067199707,12.312,28.76,91,6,10,1.21,831,0.0027825760189443827,0.00010846045915968716,0.006548636127263308,1500,1500,1000,1500,1800,1000,1000,1800
1784658579.1372,0.6201,0.01986,50.35,32,95140,0.120,GUIDED,GUIDED,128,5.037356853485107,0.08246792107820511,14.665932655334473,0.0,0.0,0.0,nan,nan,nan,nan,nan,nan,nan,nan,nan,nan,0.006418757731681048,-0.002088659594226898,0.00018607621810984935,-0.1273989975452423,0,5.034156322479248,0.08498549461364746,14.66602611541748,-0.001858044066466391,-0.0002476335794199258,-0.00016139035869855434,0,0,-1001,6,6,1,-0.0007153097540140152,-0.001185174798592925,-0.12779836356639862,0.0014615283580496907,63,3135,0.019793033599853516,12.312,28.76,91,6,10,1.21,831,0.0027825760189443827,0.00010846045915968716,0.006548636127263308,1500,1500,1000,1500,1800,1000,1000,1800
1784658579.1573,0.6401,0.02006,49.85,33,95160,0.140,GUIDED,GUIDED,128,5.037356853485107,0.08246792107820511,14.665932655334473,0.0,0.0,0.0,nan,nan,nan,nan,nan,nan,nan,nan,nan,nan,0.007528252614750657,-0.003100201452704229,0.00020992949260805656,-0.1273989975452423,0,5.033886909484863,0.08522173017263412,14.666031837463379,-0.002343065571039915,0.0001999897212954238,-0.0001784656778909266,0,0,-1001,5,5,1,-0.0006377081153914332,-0.0010834942804649472,-0.1277909129858017,0.0014529440086334944,63,3135,0.019927501678466797,12.312,28.76,91,6,10,1.21,831,0.0025483930949121714,0.00010592131729936227,0.006188574712723494,1500,1500,1000,1500,1800,1000,1000,1800
1784658579.1773,0.6601,0.01999,50.01,34,95180,0.160,GUIDED,GUIDED,128,5.037356853485107,0.08246792107820511,14.665932655334473,0.0,0.0,0.0,nan,nan,nan,nan,nan,nan,nan,nan,nan,nan,0.008551700620352997,-0.004099373005749794,0.00017272821124099573,-0.1273989975452423,0,5.033631324768066,0.0854426845908165,14.666038513183594,-0.0027863916475325823,0.000649293593596667,-0.00016084173694252968,0,0,-1001,6,8,1,-0.000513120845425874,-0.0009534122073091567,-0.12778232991695404,0.0014186011394485831,63,3135,0.01987171173095703,12.312,28.76,91,6,10,1.21,831,0.0025483930949121714,0.00010592131729936227,0.006188574712723494,1500,1500,1000,1500,1800,1000,1000,1800
1784658579.1973,0.6801,0.01997,50.08,35,95200,0.180,GUIDED,GUIDED,128,5.037356853485107,0.08246792107820511,14.665932655334473,0.0,0.0,0.0,nan,nan,nan,nan,nan,nan,nan,nan,nan,nan,0.00928590526643442,-0.00477349679423527,0.00020997458259996833,-0.1273989975452423,0,5.033472537994385,0.08555918186903,14.666040420532227,-0.0031186093110591173,0.0009712394094094634,-0.00018344714771956205,0,0,-1001,6,5,1,-0.0004114119219593704,-0.0008581585716456175,-0.12777477502822876,0.0014950208133086562,63,3135,0.01987171173095703,12.312,28.76,91,6,10,1.21,831,0.0025483930949121714,0.00010592131729936227,0.006188574712723494,1500,1500,1000,1500,1800,1000,1000,1800
1784658579.2172,0.7001,0.01996,50.10,36,95220,0.200,GUIDED,GUIDED,128,5.037356853485107,0.08246792107820511,14.665932655334473,0.0,0.0,0.0,nan,nan,nan,nan,nan,nan,nan,nan,nan,nan,0.010556350547055716,-0.005991604113879235,0.0002317906288703002,-0.1273989975452423,0,5.033064365386963,0.08595862984657288,14.666048049926758,-0.003616442671045661,0.0014438926009461284,-0.00020044748089276254,0,0,-1000,5,9,1,-0.0003223293460905552,-0.000712385110091418,-0.1277724951505661,0.0014853293541818857,63,3135,0.019891738891601562,12.312,28.76,91,6,10,1.21,831,0.0025483930949121714,0.00010592131729936227,0.006188574712723494,1500,1500,1000,1500,1800,1000,1000,1800
1784658579.2372,0.7201,0.02001,49.97,37,95240,0.220,GUIDED,GUIDED,128,5.037356853485107,0.08246792107820511,14.665932655334473,0.0,0.0,0.0,nan,nan,nan,nan,nan,nan,nan,nan,nan,nan,0.011379068925900515,-0.006763618844564599,0.0001277451090351275,-0.1273989975452423,0,5.0328288078308105,0.08616604655981064,14.666050910949707,-0.003955440130084753,0.00176986341830343,-0.00014202858437784016,0,0,-1001,7,5,1,-0.00020859597134403884,-0.0006382283172570169,-0.12776631116867065,0.0014644679613411427,63,3135,0.01994466781616211,12.312,28.76,91,6,10,1.21,831,0.0025483930949121714,0.00010592131729936227,0.006188574712723494,1500,1500,1000,1500,1800,1000,1000,1800
1784658579.2573,0.7401,0.02003,49.93,38,95260,0.240,GUIDED,GUIDED,128,5.037356853485107,0.08246792107820511,14.665932655334473,0.0,0.0,0.0,nan,nan,nan,nan,nan,nan,nan,nan,nan,nan,0.012485647988138955,-0.007806691112824967,0.00010494241045842548,-0.1273989975452423,0,5.032447338104248,0.08653303980827332,14.666058540344238,-0.004374082200229168,0.0021601978223770857,-0.0001332682732027024,0,0,-1001,5,8,1,-0.00012351811164990067,-0.0004896274185739458,-0.12775854766368866,0.0014412666205316782,63,3135,0.019928455352783203,12.312,28.76,91,6,10,1.21,831,0.0025483930949121714,0.00010592131729936227,0.006188574712723494,1500,1500,1000,1500,1800,1000,1000,1800
1784658579.2772,0.7601,0.01993,50.17,39,95280,0.260,GUIDED,GUIDED,128,5.037356853485107,0.08246792107820511,14.665932655334473,0.0,0.0,0.0,nan,nan,nan,nan,nan,nan,nan,nan,nan,nan,0.013432735134499382,-0.008784010410492347,9.619877419915493e-05,-0.1273989975452423,0,5.0320868492126465,0.08687679469585419,14.666065216064453,-0.004712754860520363,0.0025259864050894976,-0.00013207436131779104,0,0,-1001,7,5,1,-3.1262558763955894e-07,-0.0004174470086582005,-0.12774860858917236,0.0014478417579084635,63,3135,0.019876718521118164,12.312,28.76,91,6,10,1.21,831,0.0025483930949121714,0.00010592131729936227,0.006188574712723494,1500,1500,1000,1500,1800,1000,1000,1800
1784658579.2973,0.7801,0.02006,49.84,40,95300,0.280,GUIDED,GUIDED,128,5.037356853485107,0.08246792107820511,14.665932655334473,0.0,0.0,0.0,nan,nan,nan,nan,nan,nan,nan,nan,nan,nan,0.014078959442387549,-0.009412705971795363,7.980085380169101e-05,-0.1273989975452423,0,5.031859874725342,0.08707012236118317,14.666069030761719,-0.004954808857291937,0.0027773461770266294,-0.00012480943405535072,0,0,-1001,5,8,1,7.769648073008284e-05,-0.0002662203914951533,-0.12774159014225006,0.0014100488042458892,63,3135,0.01997208595275879,12.312,28.76,91,6,10,1.21,831,0.0025483930949121714,0.00010592131729936227,0.006188574712723494,1500,1500,1000,1500,1800,1000,1000,1800
1784658579.3172,0.8001,0.01993,50.16,41,95320,0.300,GUIDED,GUIDED,128,5.037356853485107,0.08246792107820511,14.665932655334473,0.0,0.0,0.0,nan,nan,nan,nan,nan,nan,nan,nan,nan,nan,0.014911021553355969,-0.010269601040795677,0.00012599283321606118,-0.1273989975452423,0,5.031515121459961,0.08738984167575836,14.666075706481934,-0.0052361567504704,0.0030874847434461117,-0.00015533261466771364,0,0,-1001,8,5,1,0.00022019872267264873,-0.00019436667207628489,-0.12774018943309784,0.0014273758279159665,63,3135,0.01987457275390625,12.312,28.76,91,6,10,1.21,831,0.0025483930949121714,0.00010592131729936227,0.006188574712723494,1500,1500,1000,1500,1800,1000,1000,1800
1784658579.3372,0.8201,0.02002,49.96,42,95340,0.320,GUIDED,GUIDED,128,5.037356853485107,0.08246792107820511,14.665932655334473,0.0,0.0,0.0,nan,nan,nan,nan,nan,nan,nan,nan,nan,nan,0.01542337588902662,-0.01077263546237679,0.00015340986741955073,-0.1273989975452423,0,5.031296730041504,0.08757445216178894,14.666077613830566,-0.005405876319855452,0.0032713268883526325,-0.00017226305499207228,0,0,-1000,4,8,1,0.0002739154442679137,-4.201397314318456e-05,-0.12773652374744415,0.0013865978689864278,63,3135,0.01994943618774414,12.312,28.76,91,6,10,1.21,831,0.0025483930949121714,0.00010592131729936227,0.006188574712723494,1500,1500,1000,1500,1800,1000,1000,1800
1784658579.3576,0.8401,0.02035,49.15,43,95360,0.340,GUIDED,GUIDED,128,5.037356853485107,0.08246792107820511,14.665932655334473,0.0,0.0,0.0,nan,nan,nan,nan,nan,nan,nan,nan,nan,nan,0.01608366131562855,-0.01144862670838218,6.772932530734951e-05,-0.1273989975452423,0,5.030978202819824,0.08786721527576447,14.666083335876465,-0.005603190511465073,0.003492583753541112,-0.00012609899567905813,0,0,-1001,8,5,1,0.00041777733713388443,2.449906423862558e-05,-0.1277308464050293,0.0013669232139363885,63,3135,0.02026963233947754,12.312,28.76,91,6,10,1.21,831,0.0019311043433845043,0.00010186059080297127,0.006345256231725216,1500,1500,1000,1500,1800,1000,1000,1800
1784658579.3772,0.8601,0.01966,50.86,44,95380,0.360,GUIDED,GUIDED,128,5.037356853485107,0.08246792107820511,14.665932655334473,0.0,0.0,0.0,nan,nan,nan,nan,nan,nan,nan,nan,nan,nan,0.01673921080446971,-0.012046549472491303,6.88864871323514e-05,-0.1273989975452423,0,5.030677795410156,0.08814103156328201,14.666089057922363,-0.005808231886476278,0.0036797067150473595,-0.0001300707081099972,0,0,-1001,4,7,1,0.00046758269309066236,0.00016922444046940655,-0.1277221292257309,0.0014169069472700357,63,3135,0.019593238830566406,12.312,28.76,91,6,10,1.21,831,0.0019311043433845043,0.00010186059080297127,0.006345256231725216,1500,1500,1000,1500,1800,1000,1000,1800
1784658579.3972,0.8801,0.02001,49.96,45,95400,0.380,GUIDED,GUIDED,128,5.037356853485107,0.08246792107820511,14.665932655334473,0.0,0.0,0.0,nan,nan,nan,nan,nan,nan,nan,nan,nan,nan,0.01709581154682977,-0.012410942390598107,3.754126596969542e-05,-0.1273989975452423,0,5.030468940734863,0.08831103891134262,14.666091918945312,-0.005893533118069172,0.0037919352762401104,-0.00011362534860381857,0,0,-1001,6,6,1,0.0005941690760664642,0.0002529136254452169,-0.12771891057491302,0.0013023453066125512,63,3135,0.019944429397583008,12.312,28.76,91,6,10,1.21,831,0.0019311043433845043,0.00010186059080297127,0.006345256231725216,1500,1500,1000,1500,1800,1000,1000,1800
1784658579.4173,0.9001,0.02003,49.94,46,95420,0.400,GUIDED,GUIDED,128,5.037356853485107,0.08246792107820511,14.665932655334473,0.0,0.0,0.0,nan,nan,nan,nan,nan,nan,nan,nan,nan,nan,0.01798759042947325,-0.013493223593960976,1.2273904850238583e-05,-0.1273989975452423,0,5.03003454208374,0.08884560316801071,14.666099548339844,-0.006157601717859507,0.004108159802854061,-0.00010344206384615973,0,0,-1001,6,7,1,0.0006761272670701146,0.00038648417103104293,-0.12771928310394287,0.0012729308800771832,63,3135,0.019962310791015625,12.312,28.76,91,6,10,1.21,831,0.0019311043433845043,0.00010186059080297127,0.006345256231725216,1500,1500,1000,1500,1800,1000,1000,1800
1784658579.4373,0.9201,0.01998,50.06,47,95440,0.420,GUIDED,GUIDED,128,5.037356853485107,0.08246792107820511,14.665932655334473,0.0,0.0,0.0,nan,nan,nan,nan,nan,nan,nan,nan,nan,nan,0.018400014408388864,-0.014023629434737513,-3.418735537824924e-05,-0.1273989975452423,0,5.029764652252197,0.08914173394441605,14.666102409362793,-0.006239893846213818,0.004243418574333191,-7.826945511624217e-05,0,0,-1001,5,5,1,0.0007775279809720814,0.0004535375046543777,-0.1277170330286026,0.0012681983644142747,63,3135,0.019907236099243164,12.312,28.76,91,6,10,1.21,831,0.0019311043433845043,0.00010186059080297127,0.006345256231725216,1500,1500,1000,1500,1800,1000,1000,1800
1784658579.4572,0.9401,0.01993,50.18,48,95460,0.440,GUIDED,GUIDED,128,5.037356853485107,0.08246792107820511,14.665932655334473,0.0,0.0,0.0,nan,nan,nan,nan,nan,nan,nan,nan,nan,nan,0.019124793855453855,-0.014932860205403844,-9.994077983795174e-05,-0.1273989975452423,0,5.029365539550781,0.0896272361278534,14.666110038757324,-0.006427917629480362,0.004488058388233185,-4.4711530790664256e-05,0,0,-1001,5,6,1,0.0008515372755937278,0.000569727853871882,-0.1277136653661728,0.0012104013003408909,63,3135,0.019877910614013672,12.312,28.76,91,6,10,1.21,831,0.0019311043433845043,0.00010186059080297127,0.006345256231725216,1500,1500,1000,1500,1800,1000,1000,1800
1784658579.4772,0.9601,0.02003,49.93,49,95480,0.460,GUIDED,GUIDED,128,5.037356853485107,0.08246792107820511,14.665932655334473,0.0,0.0,0.0,nan,nan,nan,nan,nan,nan,nan,nan,nan,nan,0.019757998598792216,-0.01577749932351269,-7.4263556620897e-05,-0.1273989975452423,0,5.028989315032959,0.09008131921291351,14.666117668151855,-0.006576285231858492,0.004713546019047499,-6.394111551344395e-05,0,0,-1001,4,5,1,0.000929709174670279,0.0006412313668988645,-0.1277066022157669,0.0012749567395076156,63,3135,0.01996922492980957,12.312,28.76,91,6,10,1.21,831,0.0019311043433845043,0.00010186059080297127,0.006345256231725216,1500,1500,1000,1500,1800,1000,1000,1800
1784658579.4973,0.9801,0.02004,49.89,50,95500,0.480,GUIDED,GUIDED,128,5.037356853485107,0.08246792107820511,14.665932655334473,0.0,0.0,0.0,nan,nan,nan,nan,nan,nan,nan,nan,nan,nan,0.020013606651667955,-0.016144269226937815,-0.00017663981028959473,-0.1273989975452423,0,5.028738498687744,0.0903472825884819,14.666122436523438,-0.006579051725566387,0.0047717466950416565,-7.587178515677806e-06,0,0,-1001,6,5,1,0.0010313352104276419,0.0007344924961216748,-0.12770317494869232,0.001230796566233039,63,3135,0.019973278045654297,12.312,28.76,91,6,10,1.21,831,0.0019311043433845043,0.00010186059080297127,0.006345256231725216,1500,1500,1000,1500,1800,1000,1000,1800
1784658579.5173,1.0001,0.02007,49.83,51,95520,0.500,GUIDED,GUIDED,128,5.037356853485107,0.08246792107820511,14.665932655334473,0.0,0.0,0.0,nan,nan,nan,nan,nan,nan,nan,nan,nan,nan,0.020520867551758554,-0.016796284278881548,-0.00016816339879852205,-0.1273989975452423,0,5.028384208679199,0.09076304733753204,14.666131019592285,-0.00666736951097846,0.004908145871013403,-1.743647408147808e-05,0,0,-1001,3,6,1,0.0010870967525988817,0.0008177568670362234,-0.12770576775074005,0.00119468430057168,63,3135,0.019923686981201172,12.312,28.76,91,6,10,1.21,831,0.0019311043433845043,0.00010186059080297127,0.006345256231725216,1500,1500,1000,1500,1800,1000,1000,1800
1784658579.5373,1.0201,0.01996,50.09,52,95540,0.520,GUIDED,GUIDED,128,5.037356853485107,0.08246792107820511,14.665932655334473,0.0,0.0,0.0,nan,nan,nan,nan,nan,nan,nan,nan,nan,nan,0.020673670593273626,-0.017077996011682445,-0.000128925458303078,-0.1273989975452423,0,5.028149127960205,0.0910097137093544,14.66613483428955,-0.006619866471737623,0.0049283793196082115,-4.2292926082154736e-05,0,0,-1000,6,6,1,0.0011817965423688293,0.0009233493474312127,-0.1277066171169281,0.0011548902839422226,63,3135,0.019901037216186523,12.312,28.76,91,6,10,1.21,831,0.0019311043433845043,0.00010186059080297127,0.006345256231725216,1500,1500,1000,1500,1800,1000,1000,1800
1784658579.5572,1.0401,0.01994,50.15,53,95560,0.540,GUIDED,GUIDED,128,5.037356853485107,0.08246792107820511,14.665932655334473,0.0,0.0,0.0,nan,nan,nan,nan,nan,nan,nan,nan,nan,nan,0.021019609076712527,-0.017572685402997938,-6.301724344340742e-05,-0.1273989975452423,0,5.027826309204102,0.0913853645324707,14.666141510009766,-0.0066332146525382996,0.004997106269001961,-8.41992805362679e-05,0,0,-1000,3,5,1,0.0012326217256486416,0.0010025468654930592,-0.12770487368106842,0.0011796050239354372,63,3135,0.019871234893798828,12.312,28.76,91,6,10,1.21,831,0.003668552963063121,9.790973126655445e-05,0.0066385893151164055,1500,1500,1000,1500,1800,1000,1000,1800
1784658579.5773,1.0601,0.02002,49.94,54,95580,0.560,GUIDED,GUIDED,128,5.037356853485107,0.08246792107820511,14.665932655334473,0.0,0.0,0.0,nan,nan,nan,nan,nan,nan,nan,nan,nan,nan,0.02132870207288272,-0.017991252162790267,-7.212518208051416e-05,-0.1273989975452423,0,5.027523994445801,0.09173496812582016,14.666147232055664,-0.006637128069996834,0.005036922171711922,-8.224443445215002e-05,0,0,-1001,5,5,1,0.0013214250793680549,0.0011022723047062755,-0.12770070135593414,0.0011955518275499344,63,3135,0.019955158233642578,12.312,28.76,91,6,10,1.21,831,0.003668552963063121,9.790973126655445e-05,0.0066385893151164055,1500,1500,1000,1500,1800,1000,1000,1800
1784658579.5975,1.0801,0.02029,49.28,55,95600,0.580,GUIDED,GUIDED,128,5.037356853485107,0.08246792107820511,14.665932655334473,0.0,0.0,0.0,nan,nan,nan,nan,nan,nan,nan,nan,nan,nan,0.0214328467705743,-0.01814980306732693,-6.816606441885511e-05,-0.1273989975452423,0,5.027307510375977,0.09195322543382645,14.666150093078613,-0.006572268903255463,0.005002450663596392,-8.618204446975142e-05,0,0,-1001,2,6,1,0.0013540058862417936,0.0011914955684915185,-0.1276993602514267,0.001193613512441516,63,3135,0.01991558074951172,12.312,28.76,91,6,10,1.21,831,0.003668552963063121,9.790973126655445e-05,0.0066385893151164055,1500,1500,1000,1500,1800,1000,1000,1800
1784658579.6173,1.1001,0.01971,50.74,56,95620,0.600,GUIDED,GUIDED,128,5.037356853485107,0.08246792107820511,14.665932655334473,0.0,0.0,0.0,nan,nan,nan,nan,nan,nan,nan,nan,nan,nan,0.021926316274881827,-0.019181333790390012,-8.954575849758349e-05,-0.1273989975452423,0,5.026900768280029,0.09262287616729736,14.666157722473145,-0.0066223409958183765,0.005211382173001766,-7.82433053245768e-05,0,0,-1001,5,3,1,0.001433983794413507,0.0012465063482522964,-0.12770095467567444,0.0012249682331457734,63,3135,0.019638776779174805,12.312,28.76,91,6,10,1.21,831,0.003668552963063121,9.790973126655445e-05,0.0066385893151164055,1500,1500,1000,1500,1800,1000,1000,1800
1784658579.6373,1.1201,0.02000,50.00,57,95640,0.620,GUIDED,GUIDED,128,5.037356853485107,0.08246792107820511,14.665932655334473,0.0,0.0,0.0,nan,nan,nan,nan,nan,nan,nan,nan,nan,nan,0.022033055539303445,-0.019518842179170666,-2.9157290670559866e-05,-0.1273989975452423,0,5.026636123657227,0.09299711883068085,14.666159629821777,-0.006531174294650555,0.005190173629671335,-0.00011420981172705069,0,0,-1000,2,6,1,0.0014484795974567533,0.0013415822759270668,-0.1276988536119461,0.0011874731862917542,63,3135,0.019928693771362305,12.312,28.76,91,6,10,1.21,831,0.003668552963063121,9.790973126655445e-05,0.0066385893151164055,1500,1500,1000,1500,1800,1000,1000,1800
1784658579.6573,1.1401,0.02000,50.00,58,95660,0.640,GUIDED,GUIDED,128,5.037356853485107,0.08246792107820511,14.665932655334473,0.0,0.0,0.0,nan,nan,nan,nan,nan,nan,nan,nan,nan,nan,0.02239371196739552,-0.020351997155366425,-8.695485384369443e-05,-0.1273989975452423,0,5.026267051696777,0.09360003471374512,14.666165351867676,-0.006526315584778786,0.005323102232068777,-8.414399781031534e-05,0,0,-1001,6,3,1,0.0015433572698384523,0.0013808466028422117,-0.12769387662410736,0.001290554297156632,63,3135,0.01993083953857422,12.312,28.76,91,6,10,1.21,831,0.003668552963063121,9.790973126655445e-05,0.0066385893151164055,1500,1500,1000,1500,1800,1000,1000,1800
1784658579.6773,1.1601,0.02000,50.01,59,95680,0.660,GUIDED,GUIDED,128,5.037356853485107,0.08246792107820511,14.665932655334473,0.0,0.0,0.0,nan,nan,nan,nan,nan,nan,nan,nan,nan,nan,0.022714389911559683,-0.02108837539462963,-7.793270497398342e-05,-0.1273989975452423,0,5.025921821594238,0.09416097402572632,14.666171073913574,-0.006512140389531851,0.005424391943961382,-9.265656262869015e-05,0,0,-1001,1,6,1,0.0015446494799107313,0.0014767710817977786,-0.12768931686878204,0.0011786087416112423,63,3135,0.019927978515625,12.312,28.76,91,6,10,1.21,831,0.003668552963063121,9.790973126655445e-05,0.0066385893151164055,1500,1500,1000,1500,1800,1000,1000,1800
1784658579.6972,1.1801,0.01996,50.10,60,95700,0.680,GUIDED,GUIDED,128,5.037356853485107,0.08246792107820511,14.665932655334473,0.0,0.0,0.0,nan,nan,nan,nan,nan,nan,nan,nan,nan,nan,0.022724718156940674,-0.02131277117673676,-7.342440992612695e-05,-0.1273989975452423,0,5.0256876945495605,0.0944828912615776,14.666172981262207,-0.006382930092513561,0.0053680879063904285,-9.636063623474911e-05,0,0,-1001,5,2,1,0.0016366359777748585,0.0015026972396299243,-0.1276872158050537,0.001173413940705359,63,3135,0.019884586334228516,12.312,28.76,91,6,10,1.21,831,0.003668552963063121,9.790973126655445e-05,0.0066385893151164055,1500,1500,1000,1500,1800,1000,1000,1800
1784658579.7172,1.2001,0.02003,49.92,61,95720,0.700,GUIDED,GUIDED,128,5.037356853485107,0.08246792107820511,14.665932655334473,0.0,0.0,0.0,nan,nan,nan,nan,nan,nan,nan,nan,nan,nan,0.022931284471588056,-0.021855807856211454,-4.871878268350105e-05,-0.1273989975452423,0,5.025366306304932,0.09499053657054901,14.666179656982422,-0.006316637620329857,0.005388521123677492,-0.00011447866563685238,0,0,-1000,2,6,1,0.0016425950452685356,0.0016010713297873735,-0.12769079208374023,0.001129181357100606,63,3135,0.019960641860961914,12.312,28.76,91,6,10,1.21,831,0.003668552963063121,9.790973126655445e-05,0.0066385893151164055,1500,1500,1000,1500,1800,1000,1000,1800
1784658579.7372,1.2201,0.01994,50.16,62,95740,0.720,GUIDED,GUIDED,128,5.037356853485107,0.08246792107820511,14.665932655334473,0.0,0.0,0.0,nan,nan,nan,nan,nan,nan,nan,nan,nan,nan,0.02284355533261949,-0.021963210490324146,-0.00013436842045372782,-0.1273989975452423,0,5.02515172958374,0.09528404474258423,14.666180610656738,-0.006142101250588894,0.0052810730412602425,-6.55794283375144e-05,0,0,-1001,3,2,1,0.0017080430407077074,0.0016184129053726792,-0.1276911348104477,0.0011776182800531387,63,3135,0.019888639450073242,12.312,28.76,91,6,10,1.21,831,0.003668552963063121,9.790973126655445e-05,0.0066385893151164055,1500,1500,1000,1500,1800,1000,1000,1800
1784658579.7572,1.2401,0.02005,49.88,63,95760,0.740,GUIDED,GUIDED,128,5.037356853485107,0.08246792107820511,14.665932655334473,0.0,0.0,0.0,nan,nan,nan,nan,nan,nan,nan,nan,nan,nan,0.022935876829478872,-0.022392005597637488,-0.00015360357117827017,-0.1273989975452423,0,5.0248637199401855,0.09573771059513092,14.666186332702637,-0.006029120646417141,0.005266713909804821,-5.777763362857513e-05,0,0,-1001,2,6,1,0.001723900786601007,0.0017247446812689304,-0.1276896446943283,0.0011778401676565409,63,3135,0.019966602325439453,12.312,28.76,91,6,10,1.21,831,0.0055175041779875755,9.370740735903382e-05,0.006688860245049,1500,1500,1000,1500,1800,1000,1000,1800
1784658579.7772,1.2601,0.01998,50.04,64,95780,0.760,GUIDED,GUIDED,128,5.037356853485107,0.08246792107820511,14.665932655334473,0.0,0.0,0.0,nan,nan,nan,nan,nan,nan,nan,nan,nan,nan,0.023016642989787436,-0.022707384724561804,-0.00018306538526372364,-0.1273989975452423,0,5.024596214294434,0.09615776687860489,14.666192054748535,-0.005921306554228067,0.005206278525292873,-4.4071472075302154e-05,0,0,-1001,2,3,1,0.0017743929056450725,0.001748403301462531,-0.12768612802028656,0.0011730814585462213,63,3135,0.019919633865356445,12.312,28.76,91,6,10,1.21,831,0.0055175041779875755,9.370740735903382e-05,0.006688860245049,1500,1500,1000,1500,1800,1000,1000,1800
1784658579.7972,1.2801,0.02001,49.98,65,95802,0.780,GUIDED,GUIDED,128,5.037356853485107,0.08246792107820511,14.665932655334473,0.0,0.0,0.0,nan,nan,nan,nan,nan,nan,nan,nan,nan,nan,0.022807700552113307,-0.022644852431943745,-0.00019444219209140275,-0.1273989975452423,0,5.0243916511535645,0.0964217409491539,14.666194915771484,-0.005682568997144699,0.005017769988626242,-3.915488196071237e-05,0,0,-1001,1,5,1,0.0017863551620393991,0.0018502750899642706,-0.12768688797950745,0.0011390569852665067,63,3135,0.019934892654418945,12.312,28.76,91,6,10,1.21,831,0.0055175041779875755,9.370740735903382e-05,0.006688860245049,1500,1500,1000,1500,1800,1000,1000,1800
1784658579.8172,1.3001,0.02000,50.01,66,95822,0.800,GUIDED,GUIDED,128,5.037356853485107,0.08246792107820511,14.665932655334473,0.0,0.0,0.0,nan,nan,nan,nan,nan,nan,nan,nan,nan,nan,0.02308164993951932,-0.023464031295981683,-0.00016626582693508721,-0.1273989975452423,0,5.024047374725342,0.09709259867668152,14.6662015914917,-0.005641965661197901,0.005103403236716986,-5.927674283157103e-05,0,0,-1001,3,2,1,0.001843346399255097,0.001863773912191391,-0.12769071757793427,0.0011148126795887947,63,3135,0.019930601119995117,12.312,28.76,91,6,10,1.21,831,0.0055175041779875755,9.370740735903382e-05,0.006688860245049,1500,1500,1000,1500,1800,1000,1000,1800
1784658579.8372,1.3201,0.02003,49.92,67,95842,0.820,GUIDED,GUIDED,128,5.037356853485107,0.08246792107820511,14.665932655334473,0.0,0.0,0.0,nan,nan,nan,nan,nan,nan,nan,nan,nan,nan,0.023288545966017236,-0.024159040166736555,-0.00018633508108549084,-0.1273989975452423,0,5.023726463317871,0.09771443903446198,14.666208267211914,-0.005576138850301504,0.005145647097378969,-5.154398240847513e-05,0,0,-1001,1,6,1,0.0018382094567641616,0.0019659402314573526,-0.1276908665895462,0.0011352351866662502,63,3135,0.019962310791015625,12.312,28.76,91,6,10,1.21,831,0.0055175041779875755,9.370740735903382e-05,0.006688860245049,1500,1500,1000,1500,1800,1000,1000,1800
1784658579.8574,1.3401,0.02020,49.51,68,95862,0.840,GUIDED,GUIDED,128,5.037356853485107,0.08246792107820511,14.665932655334473,0.0,0.0,0.0,nan,nan,nan,nan,nan,nan,nan,nan,nan,nan,0.023153614578564765,-0.024244560116895426,-0.00015933607871276295,-0.1273989975452423,0,5.023520469665527,0.09805873781442642,14.666210174560547,-0.005379305686801672,0.004996241070330143,-6.82330719428137e-05,0,0,-1001,2,3,1,0.0018822310958057642,0.0019891858100891113,-0.12768767774105072,0.0011864862171933055,63,3135,0.020146846771240234,12.312,28.76,91,6,10,1.21,831,0.0055175041779875755,9.370740735903382e-05,0.006688860245049,1500,1500,1000,1500,1800,1000,1000,1800
1784658579.8772,1.3601,0.01980,50.50,69,95882,0.860,GUIDED,GUIDED,128,5.037356853485107,0.08246792107820511,14.665932655334473,0.0,0.0,0.0,nan,nan,nan,nan,nan,nan,nan,nan,nan,nan,0.02321759246993203,-0.02477137181496096,-0.0001850610189163007,-0.1273989975452423,0,5.0232343673706055,0.09861299395561218,14.666215896606445,-0.005251062102615833,0.0049803960137069225,-5.668439553119242e-05,0,0,-1001,2,5,1,0.0018888670019805431,0.002081594429910183,-0.12768317759037018,0.0011530262418091297,63,3135,0.01973104476928711,12.312,28.76,91,6,10,1.21,831,0.0055175041779875755,9.370740735903382e-05,0.006688860245049,1500,1500,1000,1500,1800,1000,1000,1800
1784658579.8973,1.3801,0.02003,49.93,70,95902,0.880,GUIDED,GUIDED,128,5.037356853485107,0.08246792107820511,14.665932655334473,0.0,0.0,0.0,nan,nan,nan,nan,nan,nan,nan,nan,nan,nan,0.023075227598593845,-0.024749116658625073,-0.0001836441311278459,-0.1273989975452423,0,5.023043155670166,0.0989246815443039,14.666218757629395,-0.005058471579104662,0.0047875940799713135,-5.915424844715744e-05,0,0,-1001,1,3,1,0.0018967011710628867,0.0021106640342622995,-0.1276833862066269,0.0011609583161771297,63,3135,0.019936084747314453,12.312,28.76,91,6,10,1.21,831,0.0055175041779875755,9.370740735903382e-05,0.006688860245049,1500,1500,1000,1500,1800,1000,1000,1800
1784658579.9172,1.4000,0.01994,50.15,71,95922,0.900,GUIDED,GUIDED,128,5.037356853485107,0.08246792107820511,14.665932655334473,0.0,0.0,0.0,nan,nan,nan,nan,nan,nan,nan,nan,nan,nan,0.023127822088121995,-0.025154884567968584,-0.00026569443023451655,-0.1273989975452423,0,5.02277946472168,0.09942013770341873,14.66622543334961,-0.004936594981700182,0.004735812544822693,-1.5636715033906512e-05,0,0,-1001,2,4,1,0.0019030000548809767,0.0021850375924259424,-0.1276874542236328,0.0011207356583327055,63,3135,0.019869327545166016,12.312,28.76,91,6,10,1.21,831,0.0055175041779875755,9.370740735903382e-05,0.006688860245049,1500,1500,1000,1500,1800,1000,1000,1800
1784658579.9372,1.4201,0.01999,50.01,72,95942,0.920,GUIDED,GUIDED,128,5.037356853485107,0.08246792107820511,14.665932655334473,0.0,0.0,0.0,nan,nan,nan,nan,nan,nan,nan,nan,nan,nan,0.023159282831765632,-0.025456554072193462,-0.00023817019518178323,-0.1273989975452423,0,5.022535800933838,0.09987738728523254,14.666231155395508,-0.004814079497009516,0.004645988345146179,-3.4831464290618896e-05,0,0,-1001,1,4,1,0.0019099559867754579,0.0022269145119935274,-0.12769107520580292,0.0010364851914346218,63,3135,0.01993250846862793,12.312,28.76,91,6,10,1.21,831,0.0055175041779875755,9.370740735903382e-05,0.006688860245049,1500,1500,1000,1500,1800,1000,1000,1800
1784658579.9573,1.4401,0.02006,49.86,73,95962,0.940,GUIDED,GUIDED,128,5.037356853485107,0.08246792107820511,14.665932655334473,0.0,0.0,0.0,nan,nan,nan,nan,nan,nan,nan,nan,nan,nan,0.0228848356983775,-0.02529037953825561,-0.0003017873155987845,-0.1273989975452423,0,5.022375106811523,0.10013706982135773,14.666234016418457,-0.004562850575894117,0.00440011965110898,2.4608493731648196e-07,0,0,-1001,2,4,1,0.0019156290218234062,0.002299857558682561,-0.12769100069999695,0.001087399199604988,63,3135,0.019969940185546875,12.312,28.76,91,6,10,1.21,831,0.0042657130397856236,8.935771620599553e-05,0.0065245539881289005,1500,1500,1000,1500,1800,1000,1000,1800
1784658579.9772,1.4601,0.01994,50.14,74,95982,0.960,GUIDED,GUIDED,128,5.037356853485107,0.08246792107820511,14.665932655334473,0.0,0.0,0.0,nan,nan,nan,nan,nan,nan,nan,nan,nan,nan,0.022866864483092296,-0.02537789975442504,-0.0003285894750747262,-0.1273989975452423,0,5.022161960601807,0.10053800046443939,14.666240692138672,-0.004429414868354797,0.004219172056764364,1.1866090062540025e-05,0,0,-1001,1,3,1,0.001922518596984446,0.0023358145263046026,-0.12768873572349548,0.0011007213033735752,63,3135,0.01988840103149414,12.312,28.76,91,6,10,1.21,831,0.0042657130397856236,8.935771620599553e-05,0.0065245539881289005,1500,1500,1000,1500,1800,1000,1000,1800
1784658579.9973,1.4801,0.02006,49.84,75,96002,0.980,GUIDED,GUIDED,128,5.037356853485107,0.08246792107820511,14.665932655334473,0.0,0.0,0.0,nan,nan,nan,nan,nan,nan,nan,nan,nan,nan,0.02259983245999046,-0.025165769861165005,-0.00030345379431338375,-0.1273989975452423,0,5.0220136642456055,0.1007680892944336,14.666244506835938,-0.004189624916762114,0.00396385695785284,-4.84841848447104e-06,0,0,-1001,2,2,1,0.0019280919805169106,0.00237285066395998,-0.12769170105457306,0.0010876934975385666,63,3135,0.019968271255493164,12.312,28.76,91,6,10,1.21,831,0.0042657130397856236,8.935771620599553e-05,0.0065245539881289005,1500,1500,1000,1500,1800,1000,1000,1800
1784658580.0173,1.5001,0.01999,50.02,76,96022,0.000,GUIDED,GUIDED,128,5.037356853485107,0.08246792107820511,14.665932655334473,0.0,0.0,0.0,nan,nan,nan,nan,nan,nan,nan,nan,nan,nan,0.022918466765326787,-0.02567331006164847,-0.00027382148611124657,-0.1273989975452423,0,5.021640300750732,0.10137885808944702,14.666251182556152,-0.00415802700445056,0.0039042579010128975,-2.581086846475955e-05,0,0,-1000,1,3,1,0.001932879793457687,0.002402424579486251,-0.12769584357738495,0.001079894253052771,63,3135,0.019872426986694336,12.312,28.76,91,6,10,1.21,831,0.0042657130397856236,8.935771620599553e-05,0.0065245539881289005,1500,1500,1000,1500,1800,1000,1000,1800
1784658580.0373,1.5201,0.01999,50.03,77,96042,0.020,GUIDED,GUIDED,128,5.037356853485107,0.08246792107820511,14.665932655334473,0.0,0.0,0.0,nan,nan,nan,nan,nan,nan,nan,nan,nan,nan,0.023135645921043058,-0.02613684510626767,-0.0002931093581024535,-0.1273989975452423,0,5.021295070648193,0.10194112360477448,14.666257858276367,-0.004084096755832434,0.00384725583717227,-1.852923924161587e-05,0,0,-1001,2,2,1,0.001935511943884194,0.002431397559121251,-0.12769754230976105,0.0010537534253671765,63,3135,0.019919395446777344,12.312,28.76,91,6,10,1.21,831,0.0042657130397856236,8.935771620599553e-05,0.0065245539881289005,1500,1500,1000,1500,1800,1000,1000,1800
1784658580.0572,1.5401,0.02000,50.01,78,96062,0.040,GUIDED,GUIDED,128,5.037356853485107,0.08246792107820511,14.665932655334473,0.0,0.0,0.0,nan,nan,nan,nan,nan,nan,nan,nan,nan,nan,0.02301390995491918,-0.025999706066152595,-0.00029413758349503786,-0.1273989975452423,0,5.021092891693115,0.10224203020334244,14.666260719299316,-0.0038970843888819218,0.0035943500697612762,-1.958740540430881e-05,0,0,-1001,1,3,1,0.0019406552892178297,0.0024581942707300186,-0.12769483029842377,0.001127702882513404,63,3135,0.019927024841308594,12.312,28.76,91,6,10,1.21,831,0.0042657130397856236,8.935771620599553e-05,0.0065245539881289005,1500,1500,1000,1500,1800,1000,1000,1800
1784658580.0773,1.5601,0.02000,49.99,79,96082,0.060,GUIDED,GUIDED,128,5.037356853485107,0.08246792107820511,14.665932655334473,0.0,0.0,0.0,nan,nan,nan,nan,nan,nan,nan,nan,nan,nan,0.023150567402656627,-0.02630886859631669,-0.0002498006295673907,-0.1273989975452423,0,5.020787715911865,0.10273625701665878,14.666266441345215,-0.003799790283665061,0.003487503156065941,-4.848898242926225e-05,0,0,-1000,1,2,1,0.0019442467018961906,0.0024861134588718414,-0.12769091129302979,0.001117670675739646,63,3135,0.01993417739868164,12.312,28.76,91,6,10,1.21,831,0.0042657130397856236,8.935771620599553e-05,0.0065245539881289005,1500,1500,1000,1500,1800,1000,1000,1800
1784658580.0975,1.5801,0.02029,49.29,80,96102,0.080,GUIDED,GUIDED,128,5.037356853485107,0.08246792107820511,14.665932655334473,0.0,0.0,0.0,nan,nan,nan,nan,nan,nan,nan,nan,nan,nan,0.02294601083300886,-0.02612762593125501,-0.00023955870936726693,-0.1273989975452423,0,5.020603179931641,0.10300298780202866,14.666269302368164,-0.003575147595256567,0.0032288655638694763,-5.60539701837115e-05,0,0,-1001,1,3,1,0.0019471750129014254,0.00252935360185802,-0.12769104540348053,0.0011206497438251972,63,3135,0.0199282169342041,12.312,28.76,91,6,10,1.21,831,0.0042657130397856236,8.935771620599553e-05,0.0065245539881289005,1500,1500,1000,1500,1800,1000,1000,1800
1784658580.1172,1.6001,0.01969,50.78,81,96122,0.100,GUIDED,GUIDED,128,5.037356853485107,0.08246792107820511,14.665932655334473,0.0,0.0,0.0,nan,nan,nan,nan,nan,nan,nan,nan,nan,nan,0.023007508408603064,-0.02632873818059295,-0.0002553097574089983,-0.1273989975452423,0,5.020325660705566,0.10343871265649796,14.666275024414062,-0.0034504274372011423,0.0030934119131416082,-5.026372309657745e-05,0,0,-1001,2,1,1,0.0019509636331349611,0.0025383043102920055,-0.12769536674022675,0.0011005672859027982,63,3135,0.019636154174804688,12.312,28.76,91,6,10,1.21,831,0.0042657130397856236,8.935771620599553e-05,0.0065245539881289005,1500,1500,1000,1500,1800,1000,1000,1800
1784658580.1373,1.6201,0.02002,49.96,82,96142,0.120,GUIDED,GUIDED,128,5.037356853485107,0.08246792107820511,14.665932655334473,0.0,0.0,0.0,nan,nan,nan,nan,nan,nan,nan,nan,nan,nan,0.022998311054514727,-0.02643588882778137,-0.00023544626719103971,-0.1273989975452423,0,5.020071506500244,0.10383661091327667,14.666279792785645,-0.003298381343483925,0.002925548702478409,-6.448493513744324e-05,0,0,-1001,1,3,1,0.0019554842729121447,0.0025777167174965143,-0.12769781053066254,0.0010816784342750907,63,3135,0.019947052001953125,12.312,28.76,91,6,10,1.21,831,0.0042657130397856236,8.935771620599553e-05,0.0065245539881289005,1500,1500,1000,1500,1800,1000,1000,1800
1784658580.1573,1.6401,0.02001,49.99,83,96162,0.140,GUIDED,GUIDED,128,5.037356853485107,0.08246792107820511,14.665932655334473,0.0,0.0,0.0,nan,nan,nan,nan,nan,nan,nan,nan,nan,nan,0.02273634667564239,-0.026124638610435874,-0.00021803673613244727,-0.1273989975452423,0,5.019921779632568,0.10404903441667557,14.666280746459961,-0.0030606912914663553,0.002623205538839102,-7.508693670388311e-05,0,0,-1001,1,1,1,0.001959575340151787,0.002585754729807377,-0.12769751250743866,0.0011054810602217913,63,3135,0.019916534423828125,12.312,28.76,91,6,10,1.21,831,0.0032160403206944466,8.48064009915106e-05,0.007034230977296829,1500,1500,1000,1500,1800,1000,1000,1800
1784658580.1773,1.6601,0.01999,50.02,84,96182,0.160,GUIDED,GUIDED,128,5.037356853485107,0.08246792107820511,14.665932655334473,0.0,0.0,0.0,nan,nan,nan,nan,nan,nan,nan,nan,nan,nan,0.02268182603612736,-0.02604425833822522,-0.0002236271953939599,-0.1273989975452423,0,5.019702434539795,0.10439088940620422,14.666285514831543,-0.002902574837207794,0.002379427896812558,-7.461230416083708e-05,0,0,-1001,0,3,1,0.0019470113329589367,0.0026268057990819216,-0.12769529223442078,0.0011094596702605486,63,3135,0.019924402236938477,12.312,28.76,91,6,10,1.21,831,0.0032160403206944466,8.48064009915106e-05,0.007034230977296829,1500,1500,1000,1500,1800,1000,1000,1800
1784658580.1973,1.6801,0.02000,50.00,85,96202,0.180,GUIDED,GUIDED,128,5.037356853485107,0.08246792107820511,14.665932655334473,0.0,0.0,0.0,nan,nan,nan,nan,nan,nan,nan,nan,nan,nan,0.02244662423824165,-0.025720491410193985,-0.00024825682486099535,-0.1273989975452423,0,5.019567489624023,0.10457316786050797,14.666288375854492,-0.002688870532438159,0.0020872624590992928,-6.204419332789257e-05,0,0,-1001,2,1,1,0.0019675542134791613,0.002634685020893812,-0.12769749760627747,0.0011125621385872364,63,3135,0.019929885864257812,12.312,28.76,91,6,10,1.21,831,0.0032160403206944466,8.48064009915106e-05,0.007034230977296829,1500,1500,1000,1500,1800,1000,1000,1800
1784658580.2172,1.7001,0.01998,50.04,86,96222,0.200,GUIDED,GUIDED,128,5.037356853485107,0.08246792107820511,14.665932655334473,0.0,0.0,0.0,nan,nan,nan,nan,nan,nan,nan,nan,nan,nan,0.022868233258995115,-0.026253365971310234,-0.00029549228220071875,-0.1273989975452423,0,5.01912784576416,0.1051965206861496,14.66629409790039,-0.0026784581132233143,0.0020350248087197542,-3.8076414057286456e-05,0,0,-1001,0,2,1,0.0019225826254114509,0.002651122398674488,-0.12770110368728638,0.0010798500152304769,63,3135,0.019925594329833984,12.312,28.76,91,6,10,1.21,831,0.0032160403206944466,8.48064009915106e-05,0.007034230977296829,1500,1500,1000,1500,1800,1000,1000,1800
1784658580.2372,1.7201,0.02001,49.96,87,96242,0.220,GUIDED,GUIDED,128,5.037356853485107,0.08246792107820511,14.665932655334473,0.0,0.0,0.0,nan,nan,nan,nan,nan,nan,nan,nan,nan,nan,0.023245216895794903,-0.026660895665103077,-0.00028819977137907563,-0.1273989975452423,0,5.018723487854004,0.1057668998837471,14.666299819946289,-0.0026626535691320896,0.001941003603860736,-4.559037188300863e-05,0,0,-1001,2,1,1,0.0019363237079232931,0.002651681425049901,-0.1277025043964386,0.0010591980535537004,63,3135,0.01994466781616211,12.312,28.76,91,6,10,1.21,831,0.0032160403206944466,8.48064009915106e-05,0.007034230977296829,1500,1500,1000,1500,1800,1000,1000,1800
1784658580.2573,1.7401,0.02000,49.99,88,96262,0.240,GUIDED,GUIDED,128,5.037356853485107,0.08246792107820511,14.665932655334473,0.0,0.0,0.0,nan,nan,nan,nan,nan,nan,nan,nan,nan,nan,0.02314629762599272,-0.02646440557784944,-0.00024882463993482977,-0.1273989975452423,0,5.018507957458496,0.10605092346668243,14.666301727294922,-0.0024811059702187777,0.0016635789070278406,-6.942482286831364e-05,0,0,-1000,0,3,1,0.0018947202479466796,0.0026857410557568073,-0.12770050764083862,0.001079255947843194,63,3135,0.019933223724365234,12.312,28.76,91,6,10,1.21,831,0.0032160403206944466,8.48064009915106e-05,0.007034230977296829,1500,1500,1000,1500,1800,1000,1000,1800
1784658580.2772,1.7601,0.02000,50.00,89,96282,0.260,GUIDED,GUIDED,128,5.037356853485107,0.08246792107820511,14.665932655334473,0.0,0.0,0.0,nan,nan,nan,nan,nan,nan,nan,nan,nan,nan,0.02340098739753109,-0.026712076000186283,-0.00023616840234612108,-0.1273989975452423,0,5.018152236938477,0.10654650628566742,14.666306495666504,-0.0024227758403867483,0.0015204466180875897,-7.948492566356435e-05,0,0,-1001,2,0,1,0.0019083486404269934,0.0026581399142742157,-0.12769724428653717,0.0010801178868860006,63,3135,0.019928455352783203,12.312,28.76,91,6,10,1.21,831,0.0032160403206944466,8.48064009915106e-05,0.007034230977296829,1500,1500,1000,1500,1800,1000,1000,1800
1784658580.2973,1.7801,0.02002,49.94,90,96302,0.280,GUIDED,GUIDED,128,5.037356853485107,0.08246792107820511,14.665932655334473,0.0,0.0,0.0,nan,nan,nan,nan,nan,nan,nan,nan,nan,nan,0.02327093784673609,-0.02651783179789729,-0.00027920610205038344,-0.1273989975452423,0,5.0179572105407715,0.10679292678833008,14.666308403015137,-0.002235093154013157,0.001266028732061386,-5.573830640059896e-05,0,0,-1001,0,4,1,0.0018679073546081781,0.0027218470349907875,-0.12769752740859985,0.001079085748642683,63,3135,0.01993107795715332,12.312,28.76,91,6,10,1.21,831,0.0032160403206944466,8.48064009915106e-05,0.007034230977296829,1500,1500,1000,1500,1800,1000,1000,1800
1784658580.3172,1.8001,0.01997,50.08,91,96322,0.300,GUIDED,GUIDED,128,5.037356853485107,0.08246792107820511,14.665932655334473,0.0,0.0,0.0,nan,nan,nan,nan,nan,nan,nan,nan,nan,nan,0.023477569895127687,-0.026637928271910725,-0.0002135121657253776,-0.1273989975452423,0,5.017635822296143,0.10722470283508301,14.666313171386719,-0.002168838633224368,0.0010860804468393326,-9.641973883844912e-05,0,0,-1000,2,0,1,0.0018832175992429256,0.0026929634623229504,-0.12770186364650726,0.0010760290315374732,63,3135,0.019896984100341797,12.312,28.76,91,6,10,1.21,831,0.0032160403206944466,8.48064009915106e-05,0.007034230977296829,1500,1500,1000,1500,1800,1000,1000,1800
1784658580.3373,1.8201,0.02001,49.97,92,96342,0.320,GUIDED,GUIDED,128,5.037356853485107,0.08246792107820511,14.665932655334473,0.0,0.0,0.0,nan,nan,nan,nan,nan,nan,nan,nan,nan,nan,0.023634765742186127,-0.02670213635932525,-0.00015938677664585472,-0.1273989975452423,0,5.0173420906066895,0.10761499404907227,14.666316986083984,-0.0020900096278637648,0.0008978162659332156,-0.00012987146328669041,0,0,-1000,0,3,1,0.0018434588564559817,0.0027455738745629787,-0.12770412862300873,0.0010749823413789272,63,3135,0.019941091537475586,12.312,28.76,91,6,10,1.21,831,0.0032160403206944466,8.48064009915106e-05,0.007034230977296829,1500,1500,1000,1500,1800,1000,1000,1800
1784658580.3576,1.8401,0.02030,49.25,93,96362,0.340,GUIDED,GUIDED,128,5.037356853485107,0.08246792107820511,14.665932655334473,0.0,0.0,0.0,nan,nan,nan,nan,nan,nan,nan,nan,nan,nan,0.02342601129691889,-0.026353021659531805,-0.00017010702279545507,-0.1273989975452423,0,5.017185211181641,0.10780234634876251,14.666316986083984,-0.0018789108144119382,0.0005880868993699551,-0.0001236821262864396,0,0,-1001,2,0,1,0.0018747126450762153,0.0027217725291848183,-0.12770338356494904,0.0011049483437091112,63,3135,0.020226716995239258,12.312,28.76,91,6,10,1.21,831,0.005695789586752653,8.033049380173907e-05,0.007015257142484188,1500,1500,1000,1500,1800,1000,1000,1800
1784658580.3772,1.8601,0.01969,50.78,94,96382,0.360,GUIDED,GUIDED,128,5.037356853485107,0.08246792107820511,14.665932655334473,0.0,0.0,0.0,nan,nan,nan,nan,nan,nan,nan,nan,nan,nan,0.023514184203578786,-0.026254242220102125,-0.00018237777577836254,-0.1273989975452423,0,5.016931533813477,0.10813260823488235,14.666319847106934,-0.0017833567690104246,0.0003403797745704651,-0.00011824941611848772,0,0,-1001,0,2,1,0.0018307749414816499,0.00276272208429873,-0.12770073115825653,0.0010975096374750137,63,3135,0.019620656967163086,12.312,28.76,91,6,10,1.21,831,0.005695789586752653,8.033049380173907e-05,0.007015257142484188,1500,1500,1000,1500,1800,1000,1000,1800
1784658580.3972,1.8801,0.01998,50.05,95,96402,0.380,GUIDED,GUIDED,128,5.037356853485107,0.08246792107820511,14.665932655334473,0.0,0.0,0.0,nan,nan,nan,nan,nan,nan,nan,nan,nan,nan,0.0232862117249948,-0.025834623205171936,-0.00017317399872066977,-0.1273989975452423,0,5.016791343688965,0.10828718543052673,14.66632080078125,-0.0015707979910075665,8.867437827575486e-06,-0.00012411382340360433,0,0,-1001,3,0,1,0.0018771565519273281,0.0027451710775494576,-0.12770302593708038,0.0010782403405755758,63,3135,0.019904613494873047,12.312,28.76,91,6,10,1.21,831,0.005695789586752653,8.033049380173907e-05,0.007015257142484188,1500,1500,1000,1500,1800,1000,1000,1800
1784658580.4173,1.9001,0.02002,49.94,96,96422,0.400,GUIDED,GUIDED,128,5.037356853485107,0.08246792107820511,14.665932655334473,0.0,0.0,0.0,nan,nan,nan,nan,nan,nan,nan,nan,nan,nan,0.02375441499319728,-0.026258681152810135,-0.00015322902242178977,-0.1273989975452423,0,5.016355991363525,0.10885176807641983,14.666324615478516,-0.0015897644916549325,-7.226453453768045e-05,-0.0001378314773319289,0,0,-1001,0,3,1,0.001845232560299337,0.002794051542878151,-0.12770742177963257,0.0010326642077416182,63,3135,0.019954442977905273,12.312,28.76,91,6,10,1.21,831,0.005695789586752653,8.033049380173907e-05,0.007015257142484188,1500,1500,1000,1500,1800,1000,1000,1800
1784658580.4373,1.9201,0.02000,50.00,97,96442,0.420,GUIDED,GUIDED,128,5.037356853485107,0.08246792107820511,14.665932655334473,0.0,0.0,0.0,nan,nan,nan,nan,nan,nan,nan,nan,nan,nan,0.024091008653112964,-0.026551797034746003,-0.00016206978024465955,-0.1273989975452423,0,5.015956878662109,0.10936404764652252,14.666328430175781,-0.0015536691062152386,-0.00019879874889738858,-0.00013492967991624027,0,0,-1001,3,0,1,0.0018883919110521674,0.0027642962522804737,-0.12770859897136688,0.0010720562422648072,63,3135,0.019928455352783203,12.312,28.76,91,6,10,1.21,831,0.005695789586752653,8.033049380173907e-05,0.007015257142484188,1500,1500,1000,1500,1800,1000,1000,1800
1784658580.4572,1.9401,0.01997,50.08,98,96462,0.440,GUIDED,GUIDED,128,5.037356853485107,0.08246792107820511,14.665932655334473,0.0,0.0,0.0,nan,nan,nan,nan,nan,nan,nan,nan,nan,nan,0.024050710685085654,-0.026360814723647884,-0.0002219908013645735,-0.1273989975452423,0,5.015756607055664,0.10959844291210175,14.666328430175781,-0.0014147761976346374,-0.00044439060729928315,-0.00010033426224254072,0,0,-1001,0,2,1,0.0018482827581465244,0.0027981684543192387,-0.12770915031433105,0.001043742522597313,63,3135,0.019900083541870117,12.312,28.76,91,6,10,1.21,831,0.005695789586752653,8.033049380173907e-05,0.007015257142484188,1500,1500,1000,1500,1800,1000,1000,1800
1784658580.4772,1.9601,0.02000,50.01,99,96482,0.460,GUIDED,GUIDED,128,5.037356853485107,0.08246792107820511,14.665932655334473,0.0,0.0,0.0,nan,nan,nan,nan,nan,nan,nan,nan,nan,nan,0.024339098528470715,-0.026520904553845162,-0.00021854160483657733,-0.1273989975452423,0,5.015407085418701,0.11003722995519638,14.666332244873047,-0.0013794805854558945,-0.0006052965181879699,-0.00010452807327965274,0,0,-1001,2,0,1,0.0018895044922828674,0.002767483703792095,-0.12770484387874603,0.0011084851576015353,63,3135,0.019939184188842773,12.312,28.76,91,6,10,1.21,831,0.005695789586752653,8.033049380173907e-05,0.007015257142484188,1500,1500,1000,1500,1800,1000,1000,1800
1784658580.4972,1.9801,0.02002,49.96,100,96502,0.480,GUIDED,GUIDED,128,5.037356853485107,0.08246792107820511,14.665932655334473,0.0,0.0,0.0,nan,nan,nan,nan,nan,nan,nan,nan,nan,nan,0.02424084798406097,-0.02620126232564061,-0.00020260446680041533,-0.1273989975452423,0,5.015225887298584,0.11023362725973129,14.666333198547363,-0.0012181408237665892,-0.0009032320813275874,-0.00011427998833823949,0,0,-1001,0,2,1,0.0018617589958012104,0.002793676685541868,-0.1277063488960266,0.0010528970742598176,63,3135,0.019942045211791992,12.312,28.76,91,6,10,1.21,831,0.005695789586752653,8.033049380173907e-05,0.007015257142484188,1500,1500,1000,1500,1800,1000,1000,1800
1784658580.5174,2.0001,0.02012,49.69,101,96522,0.500,GUIDED,GUIDED,128,5.037356853485107,0.08246792107820511,14.665932655334473,0.0,0.0,0.0,nan,nan,nan,nan,nan,nan,nan,nan,nan,nan,0.024404367355774243,-0.026249481164735973,-0.00021895685498587048,-0.1273989975452423,0,5.0149126052856445,0.11060883104801178,14.666337013244629,-0.0011316753225401044,-0.0010920169297605753,-0.00010704134911065921,0,0,-1001,3,2,1,0.0019066714448854327,0.0027939854189753532,-0.12771111726760864,0.0010563904652372003,63,3135,0.019952058792114258,12.312,28.76,91,6,10,1.21,831,0.005695789586752653,8.033049380173907e-05,0.007015257142484188,1500,1500,1000,1500,1800,1000,1000,1800
1784658580.5373,2.0201,0.01995,50.13,102,96542,0.520,GUIDED,GUIDED,128,5.037356853485107,0.08246792107820511,14.665932655334473,0.0,0.0,0.0,nan,nan,nan,nan,nan,nan,nan,nan,nan,nan,0.0244949433219067,-0.02624032018571632,-0.00022425731061666456,-0.1273989975452423,0,5.014627933502197,0.11094331741333008,14.666339874267578,-0.0010196140501648188,-0.001290421816520393,-0.00010563294199528173,0,0,-1001,0,0,1,0.0018840807024389505,0.002785357180982828,-0.12771283090114594,0.001110455603338778,63,3135,0.019884347915649414,12.312,28.76,91,6,10,1.21,831,0.005695789586752653,8.033049380173907e-05,0.007015257142484188,1500,1500,1000,1500,1800,1000,1000,1800
1784658580.5573,2.0401,0.01997,50.08,103,96562,0.540,GUIDED,GUIDED,128,5.037356853485107,0.08246792107820511,14.665932655334473,0.0,0.0,0.0,nan,nan,nan,nan,nan,nan,nan,nan,nan,nan,0.024328644954849973,-0.02585574544676963,-0.0001570494594656936,-0.1273989975452423,0,5.014486789703369,0.11108146607875824,14.666339874267578,-0.0008421122329309583,-0.0015922163147479296,-0.00014443541294895113,0,0,-1000,1,2,1,0.0019039001781493425,0.00280373333953321,-0.1277114897966385,0.0011313994182273746,63,3135,0.01987910270690918,12.312,28.76,91,6,10,1.21,831,0.004312118515372276,7.689176709391177e-05,0.006990225985646248,1500,1500,1000,1500,1800,1000,1000,1800
1784658580.5772,2.0601,0.01995,50.13,104,96582,0.560,GUIDED,GUIDED,128,5.037356853485107,0.08246792107820511,14.665932655334473,0.0,0.0,0.0,nan,nan,nan,nan,nan,nan,nan,nan,nan,nan,0.024342347641455625,-0.02574248386405218,-0.00013333710649657575,-0.1273989975452423,0,5.0142436027526855,0.11135714501142502,14.666341781616211,-0.0007096194312907755,-0.001816771226003766,-0.0001592269545653835,0,0,-1001,2,0,1,0.0019153010798618197,0.002779704984277487,-0.12770678102970123,0.001223915838636458,63,3135,0.01989006996154785,12.312,28.76,91,6,10,1.21,831,0.004312118515372276,7.689176709391177e-05,0.006990225985646248,1500,1500,1000,1500,1800,1000,1000,1800
1784658580.5974,2.0801,0.02022,49.47,105,96602,0.580,GUIDED,GUIDED,128,5.037356853485107,0.08246792107820511,14.665932655334473,0.0,0.0,0.0,nan,nan,nan,nan,nan,nan,nan,nan,nan,nan,0.024077602388742528,-0.02535645954148181,-0.00010108311081863971,-0.1273989975452423,0,5.014120101928711,0.1114637479186058,14.666341781616211,-0.000485465454403311,-0.0021011896897107363,-0.0001778488076524809,0,0,-1001,0,3,1,0.0019153355387970805,0.0028265935834497213,-0.12770818173885345,0.001128473086282611,63,3135,0.019913434982299805,12.312,28.76,91,6,10,1.21,831,0.004312118515372276,7.689176709391177e-05,0.006990225985646248,1500,1500,1000,1500,1800,1000,1000,1800
1784658580.6172,2.1001,0.01982,50.46,106,96620,0.600,GUIDED,GUIDED,128,5.037356853485107,0.08246792107820511,14.665932655334473,0.0,0.0,0.0,nan,nan,nan,nan,nan,nan,nan,nan,nan,nan,0.02448520238362313,-0.02574828656996425,-0.00018286848865203158,-0.1273989975452423,0,5.013737201690674,0.11194814741611481,14.666345596313477,-0.0004997258656658232,-0.0021546364296227694,-0.00013283241423778236,0,0,-1001,3,0,1,0.0019439352909103036,0.002795163309201598,-0.12770842015743256,0.0011729607358574867,63,3135,0.019748926162719727,12.312,28.76,91,6,10,1.21,831,0.004312118515372276,7.689176709391177e-05,0.006990225985646248,1500,1500,1000,1500,1800,1000,1000,1800
1784658580.6372,2.1201,0.02000,50.00,107,96640,0.620,GUIDED,GUIDED,128,5.037356853485107,0.08246792107820511,14.665932655334473,0.0,0.0,0.0,nan,nan,nan,nan,nan,nan,nan,nan,nan,nan,0.024779863937540433,-0.025971911748185906,-0.0001587837231332239,-0.1273989975452423,0,5.013388633728027,0.11238107085227966,14.666349411010742,-0.0004686029860749841,-0.0022754748351871967,-0.0001489401765866205,0,0,-1001,0,3,1,0.0019137162016704679,0.0028293952345848083,-0.1277078241109848,0.001168884919025004,63,3135,0.019930362701416016,12.312,28.76,91,6,10,1.21,831,0.004312118515372276,7.689176709391177e-05,0.006990225985646248,1500,1500,1000,1500,1800,1000,1000,1800
1784658580.6572,2.1401,0.01996,50.09,108,96660,0.640,GUIDED,GUIDED,128,5.037356853485107,0.08246792107820511,14.665932655334473,0.0,0.0,0.0,nan,nan,nan,nan,nan,nan,nan,nan,nan,nan,0.024609425804156714,-0.0256920518226075,-0.00014167348591574821,-0.1273989975452423,0,5.013222694396973,0.11255592107772827,14.666348457336426,-0.00027439536643214524,-0.002538001863285899,-0.0001582681725267321,0,0,-1001,2,0,1,0.001939210807904601,0.002782267751172185,-0.12770573794841766,0.001157537684775889,63,3135,0.01990652084350586,12.312,28.76,91,6,10,1.21,831,0.004312118515372276,7.689176709391177e-05,0.006990225985646248,1500,1500,1000,1500,1800,1000,1000,1800
1784658580.6772,2.1601,0.02000,50.00,109,96680,0.660,GUIDED,GUIDED,128,5.037356853485107,0.08246792107820511,14.665932655334473,0.0,0.0,0.0,nan,nan,nan,nan,nan,nan,nan,nan,nan,nan,0.024763090373428723,-0.025800808028587766,-0.00011547303580085593,-0.1273989975452423,0,5.012921333312988,0.11292006820440292,14.666351318359375,-0.0001891227439045906,-0.0026854518800973892,-0.00017504682182334363,0,0,-1001,0,3,1,0.0019099756609648466,0.0028192000463604927,-0.12770207226276398,0.0011178208515048027,63,3135,0.019944429397583008,12.312,28.76,91,6,10,1.21,831,0.004312118515372276,7.689176709391177e-05,0.006990225985646248,1500,1500,1000,1500,1800,1000,1000,1800
1784658580.6973,2.1801,0.02004,49.90,110,96700,0.680,GUIDED,GUIDED,128,5.037356853485107,0.08246792107820511,14.665932655334473,0.0,0.0,0.0,nan,nan,nan,nan,nan,nan,nan,nan,nan,nan,0.024570763835811985,-0.025473308065541475,-0.0001594608072764939,-0.1273989975452423,0,5.0127763748168945,0.11306006461381912,14.666351318359375,5.608861101791263e-06,-0.0029553610365837812,-0.00014965047012083232,0,0,-1001,3,0,1,0.0019487515091896057,0.0027732383459806442,-0.12770366668701172,0.0011020954698324203,63,3135,0.019970178604125977,12.312,28.76,91,6,10,1.21,831,0.004312118515372276,7.689176709391177e-05,0.006990225985646248,1500,1500,1000,1500,1800,1000,1000,1800
1784658580.7172,2.2001,0.01997,50.08,111,96720,0.700,GUIDED,GUIDED,128,5.037356853485107,0.08246792107820511,14.665932655334473,0.0,0.0,0.0,nan,nan,nan,nan,nan,nan,nan,nan,nan,nan,0.024689540467835662,-0.02547267301962154,-7.8138227029691e-05,-0.1273989975452423,0,5.012509346008301,0.11336547136306763,14.666354179382324,9.120229515247047e-05,-0.0031320543494075537,-0.00019825389608740807,0,0,-1000,0,3,1,0.0019119727658107877,0.0028206247370690107,-0.1277090311050415,0.0010660340776666999,63,3135,0.01991438865661621,12.312,28.76,91,6,10,1.21,831,0.004312118515372276,7.689176709391177e-05,0.006990225985646248,1500,1500,1000,1500,1800,1000,1000,1800
1784658580.7372,2.2201,0.01999,50.01,112,96740,0.720,GUIDED,GUIDED,128,5.037356853485107,0.08246792107820511,14.665932655334473,0.0,0.0,0.0,nan,nan,nan,nan,nan,nan,nan,nan,nan,nan,0.02471995948985357,-0.02539943503238754,-0.00013801502543250063,-0.1273989975452423,0,5.012269973754883,0.11363242566585541,14.666356086730957,0.00021184149954933673,-0.0033284644596278667,-0.00016478521865792572,0,0,-1001,3,1,1,0.001955280778929591,0.00280241877771914,-0.12771134078502655,0.0011009455192834139,63,3135,0.019936084747314453,12.312,28.76,91,6,10,1.21,831,0.004312118515372276,7.689176709391177e-05,0.006990225985646248,1500,1500,1000,1500,1800,1000,1000,1800
1784658580.7573,2.2401,0.02005,49.87,113,96760,0.740,GUIDED,GUIDED,128,5.037356853485107,0.08246792107820511,14.665932655334473,0.0,0.0,0.0,nan,nan,nan,nan,nan,nan,nan,nan,nan,nan,0.024437412145290327,-0.024977956422780903,-0.00011446174707271549,-0.1273989975452423,0,5.012164115905762,0.11371709406375885,14.66635513305664,0.00043608734267763793,-0.003620688570663333,-0.0001778331061359495,0,0,-1001,0,0,1,0.0019160025985911489,0.0028049859683960676,-0.12771165370941162,0.0011041092220693827,63,3135,0.019967317581176758,12.312,28.76,91,6,10,1.21,831,0.003229934722185135,7.405893120449036e-05,0.006806858349591494,1500,1500,1000,1500,1800,1000,1000,1800
1784658580.7772,2.2601,0.01998,50.06,114,96780,0.760,GUIDED,GUIDED,128,5.037356853485107,0.08246792107820511,14.665932655334473,0.0,0.0,0.0,nan,nan,nan,nan,nan,nan,nan,nan,nan,nan,0.024460023371380226,-0.024810834558495084,-9.117191923800188e-05,-0.1273989975452423,0,5.011964321136475,0.11392872035503387,14.666356086730957,0.0005383843090385199,-0.0038393589202314615,-0.0001918300986289978,0,0,-1001,2,1,1,0.0019534940365701914,0.0028064546640962362,-0.12770958244800568,0.001110880053602159,63,3135,0.01990818977355957,12.312,28.76,91,6,10,1.21,831,0.003229934722185135,7.405893120449036e-05,0.006806858349591494,1500,1500,1000,1500,1800,1000,1000,1800
1784658580.7972,2.2801,0.01997,50.07,115,96800,0.780,GUIDED,GUIDED,128,5.037356853485107,0.08246792107820511,14.665932655334473,0.0,0.0,0.0,nan,nan,nan,nan,nan,nan,nan,nan,nan,nan,0.024147512129681054,-0.024335167265618393,-0.00015514362538948808,-0.1273989975452423,0,5.011874675750732,0.11398369818925858,14.66635513305664,0.000770569546148181,-0.004145727027207613,-0.00015434541273862123,0,0,-1001,0,0,1,0.0019146619597449899,0.002792215906083584,-0.12771230936050415,0.0011070212349295616,63,3135,0.019909381866455078,12.312,28.76,91,6,10,1.21,831,0.003229934722185135,7.405893120449036e-05,0.006806858349591494,1500,1500,1000,1500,1800,1000,1000,1800
1784658580.8173,2.3001,0.02005,49.88,116,96820,0.800,GUIDED,GUIDED,128,5.037356853485107,0.08246792107820511,14.665932655334473,0.0,0.0,0.0,nan,nan,nan,nan,nan,nan,nan,nan,nan,nan,0.02453904921354703,-0.024525139263131598,-0.0001480104532524538,-0.1273989975452423,0,5.0114617347717285,0.11437073349952698,14.666358947753906,0.000782927090767771,-0.004259501583874226,-0.00016066616808529943,0,0,-1001,3,3,1,0.0019659381359815598,0.0028385696932673454,-0.1277160346508026,0.001077438471838832,63,3135,0.019987106323242188,12.312,28.76,91,6,10,1.21,831,0.003229934722185135,7.405893120449036e-05,0.006806858349591494,1500,1500,1000,1500,1800,1000,1000,1800
1784658580.8372,2.3201,0.01998,50.05,117,96840,0.820,GUIDED,GUIDED,128,5.037356853485107,0.08246792107820511,14.665932655334473,0.0,0.0,0.0,nan,nan,nan,nan,nan,nan,nan,nan,nan,nan,0.0248892207909374,-0.024632946371803285,-0.00011342668233145758,-0.1273989975452423,0,5.011086940765381,0.11471248418092728,14.666361808776855,0.0007971428567543626,-0.004394568968564272,-0.00018228492990601808,0,0,-1001,0,0,1,0.001933312974870205,0.0028014976996928453,-0.12771618366241455,0.0011404802789911628,63,3135,0.01990818977355957,12.312,28.76,91,6,10,1.21,831,0.003229934722185135,7.405893120449036e-05,0.006806858349591494,1500,1500,1000,1500,1800,1000,1000,1800
1784658580.8576,2.3401,0.02031,49.23,118,96860,0.840,GUIDED,GUIDED,128,5.037356853485107,0.08246792107820511,14.665932655334473,0.0,0.0,0.0,nan,nan,nan,nan,nan,nan,nan,nan,nan,nan,0.02474040605431772,-0.02428127670293853,-0.0001469654349663388,-0.1273989975452423,0,5.010921955108643,0.11482186615467072,14.666361808776855,0.0009783155983313918,-0.0046607572585344315,-0.00016292132204398513,0,0,-1001,2,3,1,0.0019621020182967186,0.00283609377220273,-0.12771418690681458,0.0010993621544912457,63,3135,0.0202486515045166,12.312,28.76,91,6,10,1.21,831,0.003229934722185135,7.405893120449036e-05,0.006806858349591494,1500,1500,1000,1500,1800,1000,1000,1800
1784658580.8773,2.3601,0.01969,50.78,119,96880,0.860,GUIDED,GUIDED,128,5.037356853485107,0.08246792107820511,14.665932655334473,0.0,0.0,0.0,nan,nan,nan,nan,nan,nan,nan,nan,nan,nan,0.02498716589732319,-0.024267897266492512,-0.00016707563694935088,-0.1273989975452423,0,5.0106000900268555,0.1150997057557106,14.666363716125488,0.001021677628159523,-0.004828892648220062,-0.00015241189976222813,0,0,-1001,1,-1,1,0.0019418217707425356,0.002779169473797083,-0.12771102786064148,0.0010846297955140471,63,3135,0.01962137222290039,12.312,28.76,91,6,10,1.21,831,0.003229934722185135,7.405893120449036e-05,0.006806858349591494,1500,1500,1000,1500,1800,1000,1000,1800
1784658580.8972,2.3801,0.01997,50.08,120,96900,0.880,GUIDED,GUIDED,128,5.037356853485107,0.08246792107820511,14.665932655334473,0.0,0.0,0.0,nan,nan,nan,nan,nan,nan,nan,nan,nan,nan,0.0248476238822526,-0.023854558930153744,-0.00016921137872448098,-0.1273989975452423,0,5.010457515716553,0.11517597734928131,14.666363716125488,0.0011845575645565987,-0.005111569073051214,-0.00015117882867343724,0,0,-1001,1,2,1,0.0019567753188312054,0.002799286274239421,-0.1277105212211609,0.0011478394735604525,63,3135,0.0199124813079834,12.312,28.76,91,6,10,1.21,831,0.003229934722185135,7.405893120449036e-05,0.006806858349591494,1500,1500,1000,1500,1800,1000,1000,1800
1784658580.9172,2.4001,0.02001,49.97,121,96920,0.900,GUIDED,GUIDED,128,5.037356853485107,0.08246792107820511,14.665932655334473,0.0,0.0,0.0,nan,nan,nan,nan,nan,nan,nan,nan,nan,nan,0.024974834619014945,-0.023811387325478498,-0.00017394263759701691,-0.1273989975452423,0,5.01017427444458,0.11539916694164276,14.666366577148438,0.0012746418360620737,-0.0052653527818620205,-0.00015009904745966196,0,0,-1001,1,-1,1,0.0019523549126461148,0.0027446537278592587,-0.1277139037847519,0.0011563353473320603,63,3135,0.019954204559326172,12.312,28.76,91,6,10,1.21,831,0.003229934722185135,7.405893120449036e-05,0.006806858349591494,1500,1500,1000,1500,1800,1000,1000,1800
1784658580.9372,2.4201,0.02002,49.96,122,96940,0.920,GUIDED,GUIDED,128,5.037356853485107,0.08246792107820511,14.665932655334473,0.0,0.0,0.0,nan,nan,nan,nan,nan,nan,nan,nan,nan,nan,0.025070752649111683,-0.023655282291521626,-0.00014312547575146938,-0.1273989975452423,0,5.009921073913574,0.11558721959590912,14.666369438171387,0.0013654489303007722,-0.005464052315801382,-0.00016954315651673824,0,0,-1001,0,2,1,0.0019498507026582956,0.0027832663618028164,-0.1277153640985489,0.0011091886553913355,63,3135,0.019943952560424805,12.312,28.76,91,6,10,1.21,831,0.003229934722185135,7.405893120449036e-05,0.006806858349591494,1500,1500,1000,1500,1800,1000,1000,1800
1784658580.9572,2.4401,0.02000,50.01,123,96960,0.940,GUIDED,GUIDED,128,5.037356853485107,0.08246792107820511,14.665932655334473,0.0,0.0,0.0,nan,nan,nan,nan,nan,nan,nan,nan,nan,nan,0.024861118314486605,-0.02322212446254033,-0.00013607058584451815,-0.1273989975452423,0,5.009819984436035,0.11561237275600433,14.66636848449707,0.001544845406897366,-0.00572865828871727,-0.00017306569498032331,0,0,-1001,1,0,1,0.001947104698047042,0.002739683957770467,-0.12771350145339966,0.0011631877860054374,63,3135,0.019912004470825195,12.312,28.76,91,6,10,1.21,831,0.0037278274539858103,7.221053965622559e-05,0.006663687061518431,1500,1500,1000,1500,1800,1000,1000,1800
1784658580.9772,2.4601,0.02000,49.99,124,96980,0.960,GUIDED,GUIDED,128,5.037356853485107,0.08246792107820511,14.665932655334473,0.0,0.0,0.0,nan,nan,nan,nan,nan,nan,nan,nan,nan,nan,0.02488709035180953,-0.023001098536966937,-0.00015883844242528137,-0.1273989975452423,0,5.009610176086426,0.11574974656105042,14.666370391845703,0.0016509833512827754,-0.0059355804696679115,-0.00016102187510114163,0,0,-1001,0,1,1,0.0019453236600384116,0.00276117748580873,-0.12771004438400269,0.001154908793978393,63,3135,0.019932031631469727,12.312,28.76,91,6,10,1.21,831,0.0037278274539858103,7.221053965622559e-05,0.006663687061518431,1500,1500,1000,1500,1800,1000,1000,1800
1784658580.9973,2.4801,0.02001,49.98,125,97000,0.980,GUIDED,GUIDED,128,5.037356853485107,0.08246792107820511,14.665932655334473,0.0,0.0,0.0,nan,nan,nan,nan,nan,nan,nan,nan,nan,nan,0.02462823527212141,-0.02250765971539774,-0.00012535185770185594,-0.1273989975452423,0,5.009527206420898,0.11574779450893402,14.666369438171387,0.0018483359599485993,-0.006219340488314629,-0.00017980475968215615,0,0,-1001,1,1,1,0.0019439447205513716,0.0027474204543977976,-0.12771157920360565,0.0011317012831568718,63,3135,0.01991415023803711,12.312,28.76,91,6,10,1.21,831,0.0037278274539858103,7.221053965622559e-05,0.006663687061518431,1500,1500,1000,1500,1800,1000,1000,1800
1784658581.0173,2.5001,0.02005,49.88,126,97020,0.000,GUIDED,GUIDED,128,5.037356853485107,0.08246792107820511,14.665932655334473,0.0,0.0,0.0,nan,nan,nan,nan,nan,nan,nan,nan,nan,nan,0.025063209473327207,-0.022708374393474798,-0.00010724319185861323,-0.1273989975452423,0,5.009132385253906,0.11605199426412582,14.666373252868652,0.0018251535948365927,-0.006279087625443935,-0.00019246221927460283,0,0,-1000,0,0,1,0.0019402678590267897,0.0027312305755913258,-0.12771470844745636,0.0011237957514822483,63,3135,0.019906282424926758,12.312,28.76,90,6,10,1.21,831,0.0037278274539858103,7.221053965622559e-05,0.006663687061518431,1500,1500,1000,1500,1800,1000,1000,1800
1784658581.0373,2.5201,0.01996,50.11,127,97040,0.020,GUIDED,GUIDED,128,5.037356853485107,0.08246792107820511,14.665932655334473,0.0,0.0,0.0,nan,nan,nan,nan,nan,nan,nan,nan,nan,nan,0.025382129345144725,-0.022809459449217737,-0.0001522069105450075,-0.1273989975452423,0,5.0087761878967285,0.11631505936384201,14.666377067565918,0.0018466757610440254,-0.006372606847435236,-0.00016870482068043202,0,0,-1001,2,1,1,0.0019535301253199577,0.0027141983155161142,-0.1277124285697937,0.0012451751390472054,63,3135,0.019875526428222656,12.312,28.76,90,6,10,1.21,831,0.0037278274539858103,7.221053965622559e-05,0.006663687061518431,1500,1500,1000,1500,1800,1000,1000,1800
1784658581.0572,2.5401,0.01999,50.02,128,97060,0.040,GUIDED,GUIDED,128,5.037356853485107,0.08246792107820511,14.665932655334473,0.0,0.0,0.0,nan,nan,nan,nan,nan,nan,nan,nan,nan,nan,0.02532503514642882,-0.02242188962282005,-0.00016808404889631661,-0.1273989975452423,0,5.008630275726318,0.11636678129434586,14.666376113891602,0.001963881542906165,-0.00662623206153512,-0.0001589875464560464,0,0,-1001,0,0,1,0.0019331946969032288,0.0026818066835403442,-0.12770865857601166,0.0011984744342043996,63,3135,0.01992011070251465,12.312,28.76,90,6,10,1.21,831,0.0037278274539858103,7.221053965622559e-05,0.006663687061518431,1500,1500,1000,1500,1800,1000,1000,1800
1784658581.0772,2.5601,0.02000,50.00,129,97080,0.060,GUIDED,GUIDED,128,5.037356853485107,0.08246792107820511,14.665932655334473,0.0,0.0,0.0,nan,nan,nan,nan,nan,nan,nan,nan,nan,nan,0.025538169877641397,-0.02239717657010132,-0.00018075033855403895,-0.1273989975452423,0,5.008326530456543,0.11657143384218216,14.66637897491455,0.002016195561736822,-0.006758656352758408,-0.00015332647308241576,0,0,-1001,3,0,1,0.0019760506693273783,0.002667010994628072,-0.12770484387874603,0.0011402496602386236,63,3135,0.0199282169342041,12.312,28.76,90,6,10,1.21,831,0.0037278274539858103,7.221053965622559e-05,0.006663687061518431,1500,1500,1000,1500,1800,1000,1000,1800
1784658581.0974,2.5800,0.02011,49.73,130,97100,0.080,GUIDED,GUIDED,128,5.037356853485107,0.08246792107820511,14.665932655334473,0.0,0.0,0.0,nan,nan,nan,nan,nan,nan,nan,nan,nan,nan,0.02538279686995184,-0.022008724889113082,-0.00014559024597900487,-0.1273989975452423,0,5.00820255279541,0.11659332364797592,14.66637897491455,0.0021774787455797195,-0.006995567120611668,-0.00017362616199534386,0,0,-1001,0,-1,1,0.001962711801752448,0.00262014870531857,-0.12770472466945648,0.0011251489631831646,63,3135,0.01989293098449707,12.312,28.76,90,6,10,1.21,831,0.0037278274539858103,7.221053965622559e-05,0.006663687061518431,1500,1500,1000,1500,1800,1000,1000,1800
1784658581.1173,2.6001,0.01997,50.07,131,97120,0.100,GUIDED,GUIDED,128,5.037356853485107,0.08246792107820511,14.665932655334473,0.0,0.0,0.0,nan,nan,nan,nan,nan,nan,nan,nan,nan,nan,0.02551567857081312,-0.02189422282429163,-8.023930206836242e-05,-0.1273989975452423,0,5.007937431335449,0.11674849689006805,14.6663818359375,0.002253827406093478,-0.007151264231652021,-0.00021300835942383856,0,0,-1000,4,2,1,0.0020294934511184692,0.0026363220531493425,-0.1277076005935669,0.0011565859895199537,63,3135,0.019920825958251953,12.312,28.76,90,6,10,1.21,831,0.0037278274539858103,7.221053965622559e-05,0.006663687061518431,1500,1500,1000,1500,1800,1000,1000,1800
1784658581.1372,2.6200,0.01985,50.38,132,97140,0.120,GUIDED,GUIDED,128,5.037356853485107,0.08246792107820511,14.665932655334473,0.0,0.0,0.0,nan,nan,nan,nan,nan,nan,nan,nan,nan,nan,0.02556651849319293,-0.021720164713886565,-0.00010110781134752445,-0.1273989975452423,0,5.007702350616455,0.11687126010656357,14.666383743286133,0.0023601988796144724,-0.007322634104639292,-0.00020206112822052091,0,0,-1001,0,-1,1,0.0020052988547831774,0.0025859985034912825,-0.12770959734916687,0.001128072035498917,63,3135,0.019798994064331055,12.312,28.76,90,6,10,1.21,831,0.0037278274539858103,7.221053965622559e-05,0.006663687061518431,1500,1500,1000,1500,1800,1000,1000,1800
1784658581.1572,2.6401,0.02002,49.96,133,97160,0.140,GUIDED,GUIDED,128,5.037356853485107,0.08246792107820511,14.665932655334473,0.0,0.0,0.0,nan,nan,nan,nan,nan,nan,nan,nan,nan,nan,0.025274936380844257,-0.021253102042104628,-0.0001215154615041803,-0.1273989975452423,0,5.007620811462402,0.11684618145227432,14.666382789611816,0.0025756205432116985,-0.007577813696116209,-0.00018972816178575158,0,0,-1001,3,1,1,0.002056342316791415,0.0025989592541009188,-0.1277104616165161,0.0010662655113264918,63,3135,0.01994919776916504,12.312,28.76,90,6,10,1.21,831,0.002887127222493291,7.008312968537211e-05,0.006764552090317011,1500,1500,1000,1500,1800,1000,1000,1800
1784658581.1772,2.6600,0.01998,50.05,134,97180,0.160,GUIDED,GUIDED,128,5.037356853485107,0.08246792107820511,14.665932655334473,0.0,0.0,0.0,nan,nan,nan,nan,nan,nan,nan,nan,nan,nan,0.02526521340317301,-0.021037471204503125,-0.00015007246909553087,-0.1273989975452423,0,5.007430553436279,0.1169220358133316,14.666383743286133,0.002691079629585147,-0.007746102754026651,-0.0001737913698889315,0,0,-1001,0,-1,1,0.0020327065140008926,0.002551682759076357,-0.12770892679691315,0.0010666880989447236,63,3135,0.01993870735168457,12.312,28.76,90,6,10,1.21,831,0.002887127222493291,7.008312968537211e-05,0.006764552090317011,1500,1500,1000,1500,1800,1000,1000,1800
1784658581.1973,2.6801,0.02010,49.76,135,97200,0.180,GUIDED,GUIDED,128,5.037356853485107,0.08246792107820511,14.665932655334473,0.0,0.0,0.0,nan,nan,nan,nan,nan,nan,nan,nan,nan,nan,0.024978004990729146,-0.020510159757348115,-0.00012392091830876266,-0.1273989975452423,0,5.007368087768555,0.116872139275074,14.666382789611816,0.0028929640538990498,-0.00802173838019371,-0.00018833937065210193,0,0,-1001,3,2,1,0.0020839483477175236,0.0025808869395405054,-0.12771138548851013,0.0010864209616556764,63,3135,0.02000594139099121,12.312,28.76,90,6,10,1.21,831,0.002887127222493291,7.008312968537211e-05,0.006764552090317011,1500,1500,1000,1500,1800,1000,1000,1800
1784658581.2173,2.7001,0.02003,49.92,136,97220,0.200,GUIDED,GUIDED,128,5.037356853485107,0.08246792107820511,14.665932655334473,0.0,0.0,0.0,nan,nan,nan,nan,nan,nan,nan,nan,nan,nan,0.025323207751365498,-0.020653147632354506,-0.00013389528076340935,-0.1273989975452423,0,5.007015705108643,0.11710727214813232,14.666386604309082,0.0028971093706786633,-0.00807493831962347,-0.00018478308629710227,0,0,-1001,0,-1,1,0.0020485245622694492,0.002515512052923441,-0.1277160495519638,0.0010580789530649781,63,3135,0.019916772842407227,12.312,28.76,90,6,10,1.21,831,0.002887127222493291,7.008312968537211e-05,0.006764552090317011,1500,1500,1000,1500,1800,1000,1000,1800
1784658581.2372,2.7201,0.01991,50.21,137,97240,0.220,GUIDED,GUIDED,128,5.037356853485107,0.08246792107820511,14.665932655334473,0.0,0.0,0.0,nan,nan,nan,nan,nan,nan,nan,nan,nan,nan,0.025567403056090895,-0.020729295050467056,-0.00015297787515041708,-0.1273989975452423,0,5.00670051574707,0.11730433255434036,14.666390419006348,0.002938097808510065,-0.008144747465848923,-0.00017596816178411245,0,0,-1001,3,2,1,0.0020992981735616922,0.002534317085519433,-0.1277170181274414,0.001098402077332139,63,3135,0.019857406616210938,12.312,28.76,90,6,10,1.21,831,0.002887127222493291,7.008312968537211e-05,0.006764552090317011,1500,1500,1000,1500,1800,1000,1000,1800
1784658581.2573,2.7401,0.02004,49.91,138,97260,0.240,GUIDED,GUIDED,128,5.037356853485107,0.08246792107820511,14.665932655334473,0.0,0.0,0.0,nan,nan,nan,nan,nan,nan,nan,nan,nan,nan,0.025356392410301964,-0.020373187870663927,-0.00012389243245795276,-0.1273989975452423,0,5.00658655166626,0.11730663478374481,14.666390419006348,0.0031257220543920994,-0.008351675234735012,-0.00019276064995210618,0,0,-1001,1,-1,1,0.0020805043168365955,0.0024730470031499863,-0.12771756947040558,0.0010098033817484975,63,3135,0.01996636390686035,12.312,28.76,90,6,10,1.21,831,0.002887127222493291,7.008312968537211e-05,0.006764552090317011,1500,1500,1000,1500,1800,1000,1000,1800
1784658581.2772,2.7601,0.01996,50.10,139,97280,0.260,GUIDED,GUIDED,128,5.037356853485107,0.08246792107820511,14.665932655334473,0.0,0.0,0.0,nan,nan,nan,nan,nan,nan,nan,nan,nan,nan,0.025466878234642002,-0.0203601130652359,-7.928090759777795e-05,-0.1273989975452423,0,5.00632381439209,0.11745031923055649,14.66639232635498,0.003213624469935894,-0.00844218023121357,-0.00021961833408568054,0,0,-1000,2,1,1,0.0021187777165323496,0.0024964292533695698,-0.12771473824977875,0.0010681824060156941,63,3135,0.019906044006347656,12.312,28.76,90,6,10,1.21,831,0.002887127222493291,7.008312968537211e-05,0.006764552090317011,1500,1500,1000,1500,1800,1000,1000,1800
1784658581.2973,2.7801,0.02006,49.85,140,97300,0.280,GUIDED,GUIDED,128,5.037356853485107,0.08246792107820511,14.665932655334473,0.0,0.0,0.0,nan,nan,nan,nan,nan,nan,nan,nan,nan,nan,0.025244901199772664,-0.019988372842193902,-5.663194138183356e-05,-0.1273989975452423,0,5.006229877471924,0.11743331700563431,14.666390419006348,0.003396017476916313,-0.008646988309919834,-0.00023159351258073002,0,0,-1001,1,0,1,0.0020974865183234215,0.0024581067264080048,-0.12771762907505035,0.0010452832793816924,63,3135,0.01996898651123047,12.312,28.76,90,6,10,1.21,831,0.002887127222493291,7.008312968537211e-05,0.006764552090317011,1500,1500,1000,1500,1800,1000,1000,1800
1784658581.3172,2.8001,0.01993,50.18,141,97320,0.300,GUIDED,GUIDED,128,5.037356853485107,0.08246792107820511,14.665932655334473,0.0,0.0,0.0,nan,nan,nan,nan,nan,nan,nan,nan,nan,nan,0.02535549846710533,-0.019901260702294445,-4.7447703660492824e-05,-0.1273989975452423,0,5.006004810333252,0.11753174662590027,14.66639232635498,0.0034621066879481077,-0.008754110895097256,-0.00023799724294804037,0,0,-1001,1,0,1,0.0021185774821788073,0.002448162529617548,-0.12772159278392792,0.0011115395464003086,63,3135,0.019870758056640625,12.312,28.76,90,6,10,1.21,831,0.002887127222493291,7.008312968537211e-05,0.006764552090317011,1500,1500,1000,1500,1800,1000,1000,1800
1784658581.3372,2.8201,0.02004,49.89,142,97340,0.320,GUIDED,GUIDED,128,5.037356853485107,0.08246792107820511,14.665932655334473,0.0,0.0,0.0,nan,nan,nan,nan,nan,nan,nan,nan,nan,nan,0.02537135339541002,-0.01974285557762105,-1.5186429564368383e-05,-0.1273989975452423,0,5.005809307098389,0.11760064959526062,14.666393280029297,0.0035658266860991716,-0.008885347284376621,-0.0002571739023551345,0,0,-1000,1,0,1,0.00211654556915164,0.002414399990811944,-0.12772439420223236,0.0010748764034360647,63,3135,0.019974946975708008,12.312,28.76,90,6,10,1.21,831,0.002887127222493291,7.008312968537211e-05,0.006764552090317011,1500,1500,1000,1500,1800,1000,1000,1800
1784658581.3576,2.8401,0.02032,49.21,143,97360,0.340,GUIDED,GUIDED,128,5.037356853485107,0.08246792107820511,14.665932655334473,0.0,0.0,0.0,nan,nan,nan,nan,nan,nan,nan,nan,nan,nan,0.025015809010352063,-0.01932927097676983,-2.0989891092314044e-05,-0.1273989975452423,0,5.005759239196777,0.11753451824188232,14.666391372680664,0.0038000070489943027,-0.009085949510335922,-0.0002527220640331507,0,0,-1001,1,0,1,0.0021193665452301502,0.0024068416096270084,-0.12772400677204132,0.0011030880268663168,63,3135,0.020244836807250977,12.312,28.76,90,6,10,1.21,831,0.002256785985082388,6.813790969317779e-05,0.00675970409065485,1500,1500,1000,1500,1800,1000,1000,1800
1784658581.3772,2.8601,0.01968,50.81,144,97380,0.360,GUIDED,GUIDED,128,5.037356853485107,0.08246792107820511,14.665932655334473,0.0,0.0,0.0,nan,nan,nan,nan,nan,nan,nan,nan,nan,nan,0.024936559867565225,-0.019090258931248664,-3.6609393172192125e-05,-0.1273989975452423,0,5.0056071281433105,0.11756060272455215,14.666391372680664,0.003933582920581102,-0.00923900306224823,-0.00024370414030272514,0,0,-1001,1,0,1,0.002117436146363616,0.0023765824735164642,-0.12772183120250702,0.0011094588553532958,63,3135,0.019611835479736328,12.312,28.76,90,6,10,1.21,831,0.002256785985082388,6.813790969317779e-05,0.00675970409065485,1500,1500,1000,1500,1800,1000,1000,1800
1784658581.3973,2.8801,0.02000,49.99,145,97400,0.380,GUIDED,GUIDED,128,5.037356853485107,0.08246792107820511,14.665932655334473,0.0,0.0,0.0,nan,nan,nan,nan,nan,nan,nan,nan,nan,nan,0.024625266341921487,-0.01860225071474751,1.8832702052261363e-05,-0.1273989975452423,0,5.005575656890869,0.11747201532125473,14.666388511657715,0.0041314782574772835,-0.009469608776271343,-0.00027406183653511107,0,0,-1000,1,0,1,0.0021228776313364506,0.0023712695110589266,-0.1277242749929428,0.001101846806704998,63,3135,0.019931793212890625,12.312,28.76,90,6,10,1.21,831,0.002256785985082388,6.813790969317779e-05,0.00675970409065485,1500,1500,1000,1500,1800,1000,1000,1800
1784658581.4172,2.9001,0.01999,50.03,146,97420,0.400,GUIDED,GUIDED,128,5.037356853485107,0.08246792107820511,14.665932655334473,0.0,0.0,0.0,nan,nan,nan,nan,nan,nan,nan,nan,nan,nan,0.024915208944895163,-0.018725777947677845,1.7572597543865124e-05,-0.1273989975452423,0,5.005274772644043,0.11765217036008835,14.66639232635498,0.0041377954185009,-0.00950230285525322,-0.00027553673135116696,0,0,-1001,3,2,1,0.0021528161596506834,0.002374696545302868,-0.12772655487060547,0.0011760761262848973,63,3135,0.019928932189941406,12.312,28.76,90,6,10,1.21,831,0.002256785985082388,6.813790969317779e-05,0.00675970409065485,1500,1500,1000,1500,1800,1000,1000,1800
1784658581.4372,2.9201,0.02001,49.97,147,97440,0.420,GUIDED,GUIDED,128,5.037356853485107,0.08246792107820511,14.665932655334473,0.0,0.0,0.0,nan,nan,nan,nan,nan,nan,nan,nan,nan,nan,0.025098803151343236,-0.018839180253795777,-6.32374712340088e-06,-0.1273989975452423,0,5.005008697509766,0.11779709905385971,14.666394233703613,0.004185415804386139,-0.009520504623651505,-0.0002628413785714656,0,0,-1001,0,0,1,0.002124352380633354,0.0023343877401202917,-0.1277257651090622,0.0012156037846580148,63,3135,0.019941329956054688,12.312,28.76,90,6,10,1.21,831,0.002256785985082388,6.813790969317779e-05,0.00675970409065485,1500,1500,1000,1500,1800,1000,1000,1800
1784658581.4572,2.9401,0.01998,50.06,148,97460,0.440,GUIDED,GUIDED,128,5.037356853485107,0.08246792107820511,14.665932655334473,0.0,0.0,0.0,nan,nan,nan,nan,nan,nan,nan,nan,nan,nan,0.024814593413060557,-0.018536618042160717,-8.3419190265861e-05,-0.1273989975452423,0,5.004931449890137,0.11776138842105865,14.666393280029297,0.004394103307276964,-0.009674571454524994,-0.0002177796995965764,0,0,-1001,3,2,1,0.0021758449729532003,0.0023507331497967243,-0.12772247195243835,0.0011988973710685968,63,3135,0.01991868019104004,12.312,28.76,90,6,10,1.21,831,0.002256785985082388,6.813790969317779e-05,0.00675970409065485,1500,1500,1000,1500,1800,1000,1000,1800
1784658581.4772,2.9601,0.01999,50.03,149,97480,0.460,GUIDED,GUIDED,128,5.037356853485107,0.08246792107820511,14.665932655334473,0.0,0.0,0.0,nan,nan,nan,nan,nan,nan,nan,nan,nan,nan,0.024856385086596777,-0.01853048170273716,-0.000129975000035748,-0.1273989975452423,0,5.004715919494629,0.11785749346017838,14.66639518737793,0.004494411405175924,-0.009733600541949272,-0.0001920018985401839,0,0,-1001,0,-1,1,0.0021379832178354263,0.002290386939421296,-0.12771771848201752,0.0011881171958521008,63,3135,0.01992940902709961,12.312,28.76,90,6,10,1.21,831,0.002256785985082388,6.813790969317779e-05,0.00675970409065485,1500,1500,1000,1500,1800,1000,1000,1800
1784658581.4973,2.9801,0.02004,49.91,150,97500,0.480,GUIDED,GUIDED,128,5.037356853485107,0.08246792107820511,14.665932655334473,0.0,0.0,0.0,nan,nan,nan,nan,nan,nan,nan,nan,nan,nan,0.02459065700986446,-0.018168607237516118,-0.00012097194713505733,-0.1273989975452423,0,5.004660606384277,0.11779762804508209,14.66639518737793,0.004679764620959759,-0.009907965548336506,-0.00019719981355592608,0,0,-1001,2,2,1,0.0021729443687945604,0.0023092697374522686,-0.1277157962322235,0.0012332204496487975,63,3135,0.019966602325439453,12.312,28.76,90,6,10,1.21,831,0.002256785985082388,6.813790969317779e-05,0.00675970409065485,1500,1500,1000,1500,1800,1000,1000,1800
1784658581.5173,3.0001,0.02002,49.94,151,97520,0.500,GUIDED,GUIDED,128,5.037356853485107,0.08246792107820511,14.665932655334473,0.0,0.0,0.0,nan,nan,nan,nan,nan,nan,nan,nan,nan,nan,0.024629056101146053,-0.018095626989711677,-0.0001509884475450106,-0.1273989975452423,0,5.004480361938477,0.11785267293453217,14.666399002075195,0.004761659074574709,-0.009981880895793438,-0.00018207219545729458,0,0,-1001,0,-1,1,0.002134447917342186,0.0022468040697276592,-0.12771734595298767,0.0012539331801235676,63,3135,0.019922733306884766,12.312,28.79,90,6,10,1.21,831,0.002256785985082388,6.813790969317779e-05,0.00675970409065485,1500,1500,1000,1500,1800,1000,1000,1800
1784658581.5373,3.0201,0.02006,49.84,152,97540,0.520,GUIDED,GUIDED,128,5.037356853485107,0.08246792107820511,14.665932655334473,0.0,0.0,0.0,nan,nan,nan,nan,nan,nan,nan,nan,nan,nan,0.024608581964417793,-0.017912454485236307,-0.00014696499499757665,-0.1273989975452423,0,5.004327774047852,0.11788015812635422,14.666401863098145,0.004861576482653618,-0.010103504173457623,-0.0001860469492385164,0,0,-1001,3,2,1,0.002179459435865283,0.0022693113423883915,-0.1277177780866623,0.001192138297483325,63,3135,0.019908905029296875,12.312,28.79,90,6,10,1.21,831,0.002256785985082388,6.813790969317779e-05,0.00675970409065485,1500,1500,1000,1500,1800,1000,1000,1800
1784658581.5573,3.0401,0.01992,50.19,153,97560,0.540,GUIDED,GUIDED,128,5.037356853485107,0.08246792107820511,14.665932655334473,0.0,0.0,0.0,nan,nan,nan,nan,nan,nan,nan,nan,nan,nan,0.02422194722770982,-0.017465312482837142,-0.00015797720616079233,-0.1273989975452423,0,5.004312038421631,0.11778166145086288,14.666400909423828,0.0050938851200044155,-0.010304794646799564,-0.00017913844203576446,0,0,-1001,0,-1,1,0.002134701469913125,0.002205332973971963,-0.12771622836589813,0.0011812852462753654,63,3135,0.019857168197631836,12.312,28.79,90,6,10,1.21,831,0.0018318394431844354,6.670114089502022e-05,0.006764273624867201,1500,1500,1000,1500,1800,1000,1000,1800
1784658581.5772,3.0601,0.01995,50.12,154,97580,0.560,GUIDED,GUIDED,128,5.037356853485107,0.08246792107820511,14.665932655334473,0.0,0.0,0.0,nan,nan,nan,nan,nan,nan,nan,nan,nan,nan,0.02407770816109179,-0.017261903804351462,-0.00014087805097017046,-0.1273989975452423,0,5.0042009353637695,0.11776892095804214,14.666402816772461,0.0052413069643080235,-0.010414876975119114,-0.00019011185213457793,0,0,-1001,2,1,1,0.002168454695492983,0.0022189575247466564,-0.1277121752500534,0.001207225490361452,63,3135,0.01989269256591797,12.312,28.79,90,6,10,1.21,831,0.0018318394431844354,6.670114089502022e-05,0.006764273624867201,1500,1500,1000,1500,1800,1000,1000,1800
1784658581.5975,3.0801,0.02033,49.20,155,97600,0.580,GUIDED,GUIDED,128,5.037356853485107,0.08246792107820511,14.665932655334473,0.0,0.0,0.0,nan,nan,nan,nan,nan,nan,nan,nan,nan,nan,0.02371136066961905,-0.01681245261494965,-0.000116830610114596,-0.1273989975452423,0,5.0042033195495605,0.11765016615390778,14.666401863098145,0.005451441276818514,-0.01060580462217331,-0.00020344504446256906,0,0,-1001,0,0,1,0.0021452568471431732,0.0021781446412205696,-0.12771351635456085,0.0011696837609633803,63,3135,0.019958019256591797,12.312,28.79,90,6,10,1.21,831,0.0018318394431844354,6.670114089502022e-05,0.006764273624867201,1500,1500,1000,1500,1800,1000,1000,1800
1784658581.6173,3.1001,0.01971,50.73,156,97620,0.600,GUIDED,GUIDED,128,5.037356853485107,0.08246792107820511,14.665932655334473,0.0,0.0,0.0,nan,nan,nan,nan,nan,nan,nan,nan,nan,nan,0.02394837067559641,-0.017020072763532557,-0.00017529825283095664,-0.1273989975452423,0,5.0039520263671875,0.11779628694057465,14.66640567779541,0.005459687672555447,-0.010570297949016094,-0.0001718911516945809,0,0,-1001,0,0,1,0.002146125538274646,0.002160462085157633,-0.12771637737751007,0.0011562436120584607,63,3135,0.019640207290649414,12.312,28.79,90,6,10,1.21,831,0.0018318394431844354,6.670114089502022e-05,0.006764273624867201,1500,1500,1000,1500,1800,1000,1000,1800
1784658581.6372,3.1201,0.02000,50.00,157,97640,0.620,GUIDED,GUIDED,128,5.037356853485107,0.08246792107820511,14.665932655334473,0.0,0.0,0.0,nan,nan,nan,nan,nan,nan,nan,nan,nan,nan,0.024131815771908934,-0.017135967557560836,-0.00018076355837050447,-0.1273989975452423,0,5.003734111785889,0.1179090216755867,14.666410446166992,0.0054795886389911175,-0.010568473488092422,-0.00017148877668660134,0,0,-1001,1,0,1,0.0021411124616861343,0.0021364560816437006,-0.1277167648077011,0.001151978736743331,63,3135,0.019928693771362305,12.312,28.79,90,6,10,1.21,831,0.0018318394431844354,6.670114089502022e-05,0.006764273624867201,1500,1500,1000,1500,1800,1000,1000,1800
1784658581.6572,3.1401,0.01996,50.10,158,97660,0.640,GUIDED,GUIDED,128,5.037356853485107,0.08246792107820511,14.665932655334473,0.0,0.0,0.0,nan,nan,nan,nan,nan,nan,nan,nan,nan,nan,0.023896654294676523,-0.016874604386438116,-0.00020431365521602095,-0.1273989975452423,0,5.003692626953125,0.11784768104553223,14.666410446166992,0.005639310460537672,-0.010683956556022167,-0.00015789212193340063,0,0,-1001,0,0,1,0.002107777399942279,0.002102157101035118,-0.1277117282152176,0.0012611427810043097,63,3135,0.01990509033203125,12.312,28.79,90,6,10,1.21,831,0.0018318394431844354,6.670114089502022e-05,0.006764273624867201,1500,1500,1000,1500,1800,1000,1000,1800
1784658581.6772,3.1601,0.02000,50.00,159,97680,0.660,GUIDED,GUIDED,128,5.037356853485107,0.08246792107820511,14.665932655334473,0.0,0.0,0.0,nan,nan,nan,nan,nan,nan,nan,nan,nan,nan,0.02395152754185887,-0.01687964284534014,-0.00018997343838815305,-0.1273989975452423,0,5.003520488739014,0.11791443824768066,14.666414260864258,0.0057070134207606316,-0.01071958988904953,-0.00016837386647239327,0,0,-1000,2,2,1,0.002119664568454027,0.002112984424456954,-0.1277063488960266,0.0012245536781847477,63,3135,0.0199434757232666,12.312,28.79,90,6,10,1.21,831,0.0018318394431844354,6.670114089502022e-05,0.006764273624867201,1500,1500,1000,1500,1800,1000,1000,1800
1784658581.6972,3.1801,0.02002,49.95,160,97700,0.680,GUIDED,GUIDED,128,5.037356853485107,0.08246792107820511,14.665932655334473,0.0,0.0,0.0,nan,nan,nan,nan,nan,nan,nan,nan,nan,nan,0.023692863011142363,-0.01658870400792835,-0.0002043745668488207,-0.1273989975452423,0,5.003498077392578,0.11783094704151154,14.666413307189941,0.00586929265409708,-0.01083935983479023,-0.00015950876695569605,0,0,-1001,0,-1,1,0.0020753915887326,0.0020544168073683977,-0.12770532071590424,0.0011946489103138447,63,3135,0.019943952560424805,12.312,28.79,90,6,10,1.21,831,0.0018318394431844354,6.670114089502022e-05,0.006764273624867201,1500,1500,1000,1500,1800,1000,1000,1800
1784658581.7174,3.2002,0.02015,49.64,161,97720,0.700,GUIDED,GUIDED,128,5.037356853485107,0.08246792107820511,14.665932655334473,0.0,0.0,0.0,nan,nan,nan,nan,nan,nan,nan,nan,nan,nan,0.02369723651443876,-0.016542960483070326,-0.00023058995873609215,-0.1273989975452423,0,5.003363132476807,0.11785085499286652,14.666418075561523,0.005944678094238043,-0.010877263732254505,-0.00014712632400915027,0,0,-1001,3,2,1,0.00210874667391181,0.0020821678917855024,-0.12770502269268036,0.001296370872296393,63,3135,0.020095348358154297,12.312,28.79,90,6,10,1.21,831,0.0018318394431844354,6.670114089502022e-05,0.006764273624867201,1500,1500,1000,1500,1800,1000,1000,1800
1784658581.7372,3.2201,0.01984,50.41,162,97740,0.720,GUIDED,GUIDED,128,5.037356853485107,0.08246792107820511,14.665932655334473,0.0,0.0,0.0,nan,nan,nan,nan,nan,nan,nan,nan,nan,nan,0.023658632004964947,-0.016504827581210493,-0.0002104502008516027,-0.1273989975452423,0,5.003249645233154,0.11785436421632767,14.666421890258789,0.0060324883088469505,-0.010901305824518204,-0.00016095643513835967,0,0,-1001,0,-1,1,0.0020665160845965147,0.002019199775531888,-0.1277058869600296,0.001180726452730596,63,3135,0.01976919174194336,12.312,28.79,90,6,10,1.21,831,0.0018318394431844354,6.670114089502022e-05,0.006764273624867201,1500,1500,1000,1500,1800,1000,1000,1800
1784658581.7572,3.2400,0.02003,49.93,163,97760,0.740,GUIDED,GUIDED,128,5.037356853485107,0.08246792107820511,14.665932655334473,0.0,0.0,0.0,nan,nan,nan,nan,nan,nan,nan,nan,nan,nan,0.02332495300663007,-0.01612362910537794,-0.00012590984521960817,-0.1273989975452423,0,5.003263473510742,0.11773702502250671,14.666420936584473,0.006217154208570719,-0.011053645052015781,-0.000209215228096582,0,0,-1000,2,2,1,0.0020955740474164486,0.0020497071091085672,-0.12770427763462067,0.0011854220647364855,63,3135,0.019921541213989258,12.312,28.79,90,6,10,1.21,831,0.0015998197486624122,6.531841063406318e-05,0.006935951765626669,1500,1500,1000,1500,1800,1000,1000,1800
1784658581.7772,3.2601,0.02000,49.99,164,97780,0.760,GUIDED,GUIDED,128,5.037356853485107,0.08246792107820511,14.665932655334473,0.0,0.0,0.0,nan,nan,nan,nan,nan,nan,nan,nan,nan,nan,0.02324162089113774,-0.015941580028730133,-0.00016820435412047023,-0.1273989975452423,0,5.003188133239746,0.11770342290401459,14.666422843933105,0.00630876375362277,-0.011139350943267345,-0.00018589769024401903,0,0,-1001,0,0,1,0.0020538794342428446,0.0020049079321324825,-0.12769992649555206,0.001219982746988535,63,3135,0.01993250846862793,12.312,28.79,90,6,10,1.21,831,0.0015998197486624122,6.531841063406318e-05,0.006935951765626669,1500,1500,1000,1500,1800,1000,1000,1800
1784658581.7973,3.2801,0.02001,49.98,165,97800,0.780,GUIDED,GUIDED,128,5.037356853485107,0.08246792107820511,14.665932655334473,0.0,0.0,0.0,nan,nan,nan,nan,nan,nan,nan,nan,nan,nan,0.02284685724201703,-0.015525789247192369,-0.00018077352680353234,-0.1273989975452423,0,5.003217697143555,0.11756791919469833,14.666420936584473,0.0065196119248867035,-0.011301174759864807,-0.00017753966676536947,0,0,-1001,2,1,1,0.0020833539310842752,0.0020331968553364277,-0.12770074605941772,0.001194933196529746,63,3135,0.019919395446777344,12.312,28.79,90,6,10,1.21,831,0.0015998197486624122,6.531841063406318e-05,0.006935951765626669,1500,1500,1000,1500,1800,1000,1000,1800
1784658581.8173,3.3001,0.02003,49.91,166,97820,0.800,GUIDED,GUIDED,128,5.037356853485107,0.08246792107820511,14.665932655334473,0.0,0.0,0.0,nan,nan,nan,nan,nan,nan,nan,nan,nan,nan,0.02306957296210723,-0.015806711646624564,-0.00018099384413927688,-0.1273989975452423,0,5.003007411956787,0.11770528554916382,14.666425704956055,0.006512435153126717,-0.011218292638659477,-0.00018016548710875213,0,0,-1001,0,1,1,0.00203932193107903,0.002008571522310376,-0.12770269811153412,0.0011680683819577098,63,3135,0.019919633865356445,12.312,28.79,90,6,10,1.21,831,0.0015998197486624122,6.531841063406318e-05,0.006935951765626669,1500,1500,1000,1500,1800,1000,1000,1800
1784658581.8372,3.3201,0.01991,50.23,167,97840,0.820,GUIDED,GUIDED,128,5.037356853485107,0.08246792107820511,14.665932655334473,0.0,0.0,0.0,nan,nan,nan,nan,nan,nan,nan,nan,nan,nan,0.02320655556548345,-0.016018938003781808,-0.00015111021808957373,-0.1273989975452423,0,5.0028276443481445,0.11781007796525955,14.66642951965332,0.00653713708743453,-0.011156265623867512,-0.00019962122314609587,0,0,-1000,2,1,1,0.002066663233563304,0.002018131548538804,-0.12770389020442963,0.0011100912233814597,63,3135,0.019852876663208008,12.312,28.79,90,6,10,1.21,831,0.0015998197486624122,6.531841063406318e-05,0.006935951765626669,1500,1500,1000,1500,1800,1000,1000,1800
1784658581.8575,3.3401,0.02034,49.15,168,97860,0.840,GUIDED,GUIDED,128,5.037356853485107,0.08246792107820511,14.665932655334473,0.0,0.0,0.0,nan,nan,nan,nan,nan,nan,nan,nan,nan,nan,0.02299231547978924,-0.015711804251826347,-0.00018987706608084107,-0.1273989975452423,0,5.002815246582031,0.11773861944675446,14.666428565979004,0.006667986512184143,-0.011292332783341408,-0.00017668856889940798,0,0,-1001,0,1,1,0.002024926245212555,0.0019943842198699713,-0.12770137190818787,0.001175607438199222,63,3135,0.020282506942749023,12.312,28.79,90,6,10,1.21,831,0.0015998197486624122,6.531841063406318e-05,0.006935951765626669,1500,1500,1000,1500,1800,1000,1000,1800
1784658581.8772,3.3601,0.01968,50.80,169,97882,0.860,GUIDED,GUIDED,128,5.037356853485107,0.08246792107820511,14.665932655334473,0.0,0.0,0.0,nan,nan,nan,nan,nan,nan,nan,nan,nan,nan,0.022983670620475356,-0.01572567854623782,-0.0002114698563698471,-0.1273989975452423,0,5.0026960372924805,0.11776969581842422,14.666430473327637,0.006741803139448166,-0.011302264407277107,-0.000165323173860088,0,0,-1001,2,1,1,0.0020504218991845846,0.0019939718768000603,-0.12769798934459686,0.001080730464309454,63,3135,0.019616365432739258,12.312,28.79,90,6,10,1.21,831,0.0015998197486624122,6.531841063406318e-05,0.006935951765626669,1500,1500,1000,1500,1800,1000,1000,1800
1784658581.8973,3.3801,0.02004,49.89,170,97902,0.880,GUIDED,GUIDED,128,5.037356853485107,0.08246792107820511,14.665932655334473,0.0,0.0,0.0,nan,nan,nan,nan,nan,nan,nan,nan,nan,nan,0.023015775203423836,-0.015696273516258758,-0.0002007849391266757,-0.1273989975452423,0,5.0025763511657715,0.11780475825071335,14.666433334350586,0.006792368367314339,-0.011339484713971615,-0.00017314392607659101,0,0,-1001,0,0,1,0.002016091253608465,0.0019541082438081503,-0.12770095467567444,0.001067628967575729,63,3135,0.01995229721069336,12.312,28.79,90,6,10,1.21,831,0.0015998197486624122,6.531841063406318e-05,0.006935951765626669,1500,1500,1000,1500,1800,1000,1000,1800
1784658581.9183,3.4012,0.02102,47.57,171,97922,0.901,GUIDED,GUIDED,128,5.037356853485107,0.08246792107820511,14.665932655334473,0.0,0.0,0.0,nan,nan,nan,nan,nan,nan,nan,nan,nan,nan,0.022729179896035446,-0.015416490617299598,-0.0001361205780817351,-0.1273989975452423,0,5.0025954246521,0.11769846081733704,14.666433334350586,0.006946822162717581,-0.01143964659422636,-0.00021047791233286262,0,0,-1000,2,0,1,0.0020389119163155556,0.0019497369648888707,-0.1277051866054535,0.0011119490955024958,63,3135,0.020972728729248047,12.312,28.79,90,6,10,1.21,831,0.0015998197486624122,6.531841063406318e-05,0.006935951765626669,1500,1500,1000,1500,1800,1000,1000,1800
1784658581.9372,3.4201,0.01892,52.85,172,97942,0.920,GUIDED,GUIDED,128,5.037356853485107,0.08246792107820511,14.665932655334473,0.0,0.0,0.0,nan,nan,nan,nan,nan,nan,nan,nan,nan,nan,0.022716292324890537,-0.015416003118019363,-0.00013738919030894256,-0.1273989975452423,0,5.002513885498047,0.11769481003284454,14.666435241699219,0.007001339457929134,-0.01143782027065754,-0.0002108466869685799,0,0,-1001,0,0,1,0.0019945050589740276,0.0019117305055260658,-0.12770643830299377,0.001152773736976087,63,3135,0.01885199546813965,12.312,28.79,90,6,10,1.21,831,0.0015998197486624122,6.531841063406318e-05,0.006935951765626669,1500,1500,1000,1500,1800,1000,1000,1800
1784658581.9573,3.4401,0.02005,49.88,173,97962,0.940,GUIDED,GUIDED,128,5.037356853485107,0.08246792107820511,14.665932655334473,0.0,0.0,0.0,nan,nan,nan,nan,nan,nan,nan,nan,nan,nan,0.022375037282277507,-0.015097687421365195,-0.00013777693301734512,-0.1273989975452423,0,5.002553462982178,0.11756891757249832,14.666434288024902,0.007175513077527285,-0.01154891587793827,-0.00021007221948821098,0,0,-1001,3,0,1,0.002046396257355809,0.001909906859509647,-0.12770569324493408,0.001142779365181923,63,3135,0.019961833953857422,12.312,28.79,90,6,10,1.21,831,0.0015057278797030449,6.356227095238864e-05,0.007237053010612726,1500,1500,1000,1500,1800,1000,1000,1800
1784658581.9772,3.4601,0.01998,50.05,174,97982,0.960,GUIDED,GUIDED,128,5.037356853485107,0.08246792107820511,14.665932655334473,0.0,0.0,0.0,nan,nan,nan,nan,nan,nan,nan,nan,nan,nan,0.022231628540733094,-0.014984624393878234,-0.00015365556989848262,-0.1273989975452423,0,5.002508163452148,0.11752968281507492,14.666435241699219,0.007284463848918676,-0.011591540649533272,-0.00020145528833381832,0,0,-1001,0,0,1,0.002015311736613512,0.0018752393079921603,-0.12770240008831024,0.0011782640358433127,63,3135,0.01991438865661621,12.312,28.79,90,6,10,1.21,831,0.0015057278797030449,6.356227095238864e-05,0.007237053010612726,1500,1500,1000,1500,1800,1000,1000,1800
1784658581.9973,3.4801,0.02001,49.98,175,98002,0.980,GUIDED,GUIDED,128,5.037356853485107,0.08246792107820511,14.665932655334473,0.0,0.0,0.0,nan,nan,nan,nan,nan,nan,nan,nan,nan,nan,0.022256907525123944,-0.015062301978617236,-0.00017971321959013976,-0.1273989975452423,0,5.002397060394287,0.11757156252861023,14.666438102722168,0.007334014400839806,-0.011570872738957405,-0.00018806270963978022,0,0,-1001,2,0,1,0.002049466362223029,0.0018755091587081552,-0.12770621478557587,0.00112699787132442,63,3135,0.019909381866455078,12.312,28.79,90,6,10,1.21,831,0.0015057278797030449,6.356227095238864e-05,0.007237053010612726,1500,1500,1000,1500,1800,1000,1000,1800
1784658582.0173,3.5001,0.02001,49.97,176,98022,0.000,GUIDED,GUIDED,128,5.037356853485107,0.08246792107820511,14.665932655334473,0.0,0.0,0.0,nan,nan,nan,nan,nan,nan,nan,nan,nan,nan,0.022000895432797152,-0.014924966501758515,-0.00015806370507439411,-0.1273989975452423,0,5.002387046813965,0.11751516908407211,14.666438102722168,0.007487604394555092,-0.01161760464310646,-0.0002005620626732707,0,0,-1001,0,1,1,0.002016180893406272,0.0018551456741988659,-0.12770672142505646,0.0012481145095080137,63,3135,0.01988840103149414,12.312,28.76,90,6,10,1.21,831,0.0015057278797030449,6.356227095238864e-05,0.007237053010612726,1500,1500,1000,1500,1800,1000,1000,1800
1784658582.0372,3.5201,0.01992,50.20,177,98042,0.020,GUIDED,GUIDED,128,5.037356853485107,0.08246792107820511,14.665932655334473,0.0,0.0,0.0,nan,nan,nan,nan,nan,nan,nan,nan,nan,nan,0.022102637419904866,-0.015178267247789312,-0.00013093423652472182,-0.1273989975452423,0,5.002242088317871,0.1176113411784172,14.666440963745117,0.007512555457651615,-0.011526886373758316,-0.00021787708101328462,0,0,-1001,3,0,1,0.0020658124703913927,0.001836124574765563,-0.1277073472738266,0.001134607126004994,63,3135,0.019869327545166016,12.312,28.76,90,6,10,1.21,831,0.0015057278797030449,6.356227095238864e-05,0.007237053010612726,1500,1500,1000,1500,1800,1000,1000,1800
1784658582.0572,3.5401,0.02000,50.01,178,98062,0.040,GUIDED,GUIDED,128,5.037356853485107,0.08246792107820511,14.665932655334473,0.0,0.0,0.0,nan,nan,nan,nan,nan,nan,nan,nan,nan,nan,0.021860167822771788,-0.0149859753888042,-0.00011286283920785255,-0.1273989975452423,0,5.002255916595459,0.11753281950950623,14.666439056396484,0.0076445615850389,-0.011592571623623371,-0.00022720939887221903,0,0,-1000,0,0,1,0.0020238086581230164,0.0018164095235988498,-0.12770532071590424,0.0011278906604275107,63,3135,0.019946813583374023,12.312,28.76,90,6,10,1.21,831,0.0015057278797030449,6.356227095238864e-05,0.007237053010612726,1500,1500,1000,1500,1800,1000,1000,1800
1784658582.0772,3.5600,0.01999,50.02,179,98082,0.060,GUIDED,GUIDED,128,5.037356853485107,0.08246792107820511,14.665932655334473,0.0,0.0,0.0,nan,nan,nan,nan,nan,nan,nan,nan,nan,nan,0.021910530400570713,-0.015061234845760257,-9.379396531461736e-05,-0.1273989975452423,0,5.002151966094971,0.11758513748645782,14.666440963745117,0.007675500586628914,-0.01157932635396719,-0.00023932002659421414,0,0,-1001,2,0,1,0.002053231466561556,0.001799850258976221,-0.1277017891407013,0.0011220319429412484,63,3135,0.019944429397583008,12.312,28.76,90,6,10,1.21,831,0.0015057278797030449,6.356227095238864e-05,0.007237053010612726,1500,1500,1000,1500,1800,1000,1000,1800
1784658582.0975,3.5801,0.02035,49.14,180,98102,0.080,GUIDED,GUIDED,128,5.037356853485107,0.08246792107820511,14.665932655334473,0.0,0.0,0.0,nan,nan,nan,nan,nan,nan,nan,nan,nan,nan,0.021921783561875793,-0.015100504418636723,-0.00010161517759849287,-0.1273989975452423,0,5.002063751220703,0.11761390417814255,14.666441917419434,0.007719934452325106,-0.011573262512683868,-0.0002353550517000258,0,0,-1001,0,1,1,0.0020071007311344147,0.00178434862755239,-0.12770338356494904,0.0011298072058707476,63,3135,0.020008087158203125,12.312,28.76,90,6,10,1.21,831,0.0015057278797030449,6.356227095238864e-05,0.007237053010612726,1500,1500,1000,1500,1800,1000,1000,1800
1784658582.1174,3.6002,0.01991,50.22,181,98122,0.100,GUIDED,GUIDED,128,5.037356853485107,0.08246792107820511,14.665932655334473,0.0,0.0,0.0,nan,nan,nan,nan,nan,nan,nan,nan,nan,nan,0.02163078261458974,-0.01489564003850996,-6.566629957002577e-05,-0.1273989975452423,0,5.002106666564941,0.11750280112028122,14.666440963745117,0.007863166742026806,-0.011627395637333393,-0.0002555595419835299,0,0,-1000,1,0,1,0.0020291744731366634,0.0017692875117063522,-0.1277059018611908,0.0011817573104053736,63,3135,0.019846677780151367,12.312,28.76,90,6,10,1.21,831,0.0015057278797030449,6.356227095238864e-05,0.007237053010612726,1500,1500,1000,1500,1800,1000,1000,1800
1784658582.1372,3.6201,0.01979,50.53,182,98142,0.120,GUIDED,GUIDED,128,5.037356853485107,0.08246792107820511,14.665932655334473,0.0,0.0,0.0,nan,nan,nan,nan,nan,nan,nan,nan,nan,nan,0.021552617956078466,-0.01488038394981275,-4.334715346732468e-05,-0.1273989975452423,0,5.002054691314697,0.11749454587697983,14.666441917419434,0.007938303053379059,-0.011631437577307224,-0.00026899611111730337,0,0,-1001,0,1,1,0.0019951488357037306,0.0017547867028042674,-0.12770673632621765,0.0011757960310205817,63,3135,0.019709110260009766,12.312,28.76,90,6,10,1.21,831,0.0015057278797030449,6.356227095238864e-05,0.007237053010612726,1500,1500,1000,1500,1800,1000,1000,1800
1784658582.1573,3.6401,0.02007,49.83,183,98162,0.140,GUIDED,GUIDED,128,5.037356853485107,0.08246792107820511,14.665932655334473,0.0,0.0,0.0,nan,nan,nan,nan,nan,nan,nan,nan,nan,nan,0.02121161284114023,-0.014610132401232805,-9.027719512302596e-07,-0.1273989975452423,0,5.00211763381958,0.11736483871936798,14.666439056396484,0.008098842576146126,-0.011712580919265747,-0.0002918495738413185,0,0,-1000,2,0,1,0.002020169049501419,0.001742206048220396,-0.12770622968673706,0.0011277974117547274,63,3135,0.019957780838012695,12.312,28.76,90,6,10,1.21,831,0.001470891642384231,6.216979818418622e-05,0.007107350509613752,1500,1500,1000,1500,1800,1000,1000,1800
1784658582.1772,3.6601,0.01992,50.20,184,98182,0.160,GUIDED,GUIDED,128,5.037356853485107,0.08246792107820511,14.665932655334473,0.0,0.0,0.0,nan,nan,nan,nan,nan,nan,nan,nan,nan,nan,0.021064841440418102,-0.014562081112870644,1.2096560582693073e-05,-0.1273989975452423,0,5.002100467681885,0.11732180416584015,14.666438102722168,0.008193491958081722,-0.011715477332472801,-0.0002988041378557682,0,0,-1001,0,1,1,0.001988817937672138,0.0017305701039731503,-0.12770336866378784,0.0011509726755321026,63,3135,0.019864797592163086,12.312,28.76,90,6,10,1.21,831,0.001470891642384231,6.216979818418622e-05,0.007107350509613752,1500,1500,1000,1500,1800,1000,1000,1800
1784658582.1972,3.6801,0.02004,49.91,185,98202,0.180,GUIDED,GUIDED,128,5.037356853485107,0.08246792107820511,14.665932655334473,0.0,0.0,0.0,nan,nan,nan,nan,nan,nan,nan,nan,nan,nan,0.021083368480002494,-0.014689057937498189,8.070186589571914e-06,-0.1273989975452423,0,5.002017974853516,0.11736282706260681,14.666439056396484,0.008230422623455524,-0.011665851809084415,-0.000297030113870278,0,0,-1001,2,0,1,0.0020145331509411335,0.0017219686415046453,-0.12770713865756989,0.001106523908674717,63,3135,0.019967317581176758,12.312,28.76,90,6,10,1.21,831,0.001470891642384231,6.216979818418622e-05,0.007107350509613752,1500,1500,1000,1500,1800,1000,1000,1800
1784658582.2173,3.7001,0.02003,49.93,186,98222,0.200,GUIDED,GUIDED,128,5.037356853485107,0.08246792107820511,14.665932655334473,0.0,0.0,0.0,nan,nan,nan,nan,nan,nan,nan,nan,nan,nan,0.020867895524595746,-0.01450497152719405,-1.986417318905156e-05,-0.1273989975452423,0,5.002032279968262,0.1173059269785881,14.666437149047852,0.008346566930413246,-0.011739282868802547,-0.00027980099548585713,0,0,-1001,0,2,1,0.0019771787337958813,0.001724952831864357,-0.1277105063199997,0.001093382597900927,63,3135,0.019963502883911133,12.312,28.76,90,6,10,1.21,831,0.001470891642384231,6.216979818418622e-05,0.007107350509613752,1500,1500,1000,1500,1800,1000,1000,1800
1784658582.2372,3.7201,0.01997,50.07,187,98242,0.220,GUIDED,GUIDED,128,5.037356853485107,0.08246792107820511,14.665932655334473,0.0,0.0,0.0,nan,nan,nan,nan,nan,nan,nan,nan,nan,nan,0.021039067513662094,-0.014763966012704972,-8.229042259915928e-05,-0.1273989975452423,0,5.001915454864502,0.11740276962518692,14.666439056396484,0.008315189741551876,-0.01164566446095705,-0.0002448603918310255,0,0,-1001,1,0,1,0.00198625517077744,0.0016960952198132873,-0.12771202623844147,0.0011118591064587235,63,3135,0.01990342140197754,12.312,28.76,90,6,10,1.21,831,0.001470891642384231,6.216979818418622e-05,0.007107350509613752,1500,1500,1000,1500,1800,1000,1000,1800
1784658582.2572,3.7401,0.01996,50.10,188,98262,0.240,GUIDED,GUIDED,128,5.037356853485107,0.08246792107820511,14.665932655334473,0.0,0.0,0.0,nan,nan,nan,nan,nan,nan,nan,nan,nan,nan,0.02079013059759218,-0.014636440455660947,-6.723577062152386e-05,-0.1273989975452423,0,5.001951217651367,0.11732363700866699,14.666437149047852,0.00843826588243246,-0.011673604138195515,-0.00025245099095627666,0,0,-1001,0,2,1,0.0019532928708940744,0.001714834594167769,-0.12771034240722656,0.0011237207800149918,63,3135,0.01990509033203125,12.312,28.76,90,6,10,1.21,831,0.001470891642384231,6.216979818418622e-05,0.007107350509613752,1500,1500,1000,1500,1800,1000,1000,1800
1784658582.2773,3.7601,0.02004,49.90,189,98282,0.260,GUIDED,GUIDED,128,5.037356853485107,0.08246792107820511,14.665932655334473,0.0,0.0,0.0,nan,nan,nan,nan,nan,nan,nan,nan,nan,nan,0.020809885150925474,-0.014862402168686045,-4.3783706140318674e-05,-0.1273989975452423,0,5.00187349319458,0.11737821996212006,14.666439056396484,0.008471734821796417,-0.011574658565223217,-0.0002670922549441457,0,0,-1001,2,0,1,0.001978643238544464,0.0016754413954913616,-0.1277056783437729,0.0011627048952504992,63,3135,0.019970417022705078,12.312,28.76,90,6,10,1.21,831,0.001470891642384231,6.216979818418622e-05,0.007107350509613752,1500,1500,1000,1500,1800,1000,1000,1800
1784658582.2973,3.7801,0.02000,49.99,190,98302,0.280,GUIDED,GUIDED,128,5.037356853485107,0.08246792107820511,14.665932655334473,0.0,0.0,0.0,nan,nan,nan,nan,nan,nan,nan,nan,nan,nan,0.02079578286829789,-0.014963074446276328,-7.808762746547092e-05,-0.1273989975452423,0,5.001810550689697,0.11741034686565399,14.6664400100708,0.008516216650605202,-0.011535083875060081,-0.0002478374808561057,0,0,-1001,0,3,1,0.0019424357451498508,0.0017165796598419547,-0.12770728766918182,0.0011480238754302263,63,3135,0.019909381866455078,12.312,28.76,90,6,10,1.21,831,0.001470891642384231,6.216979818418622e-05,0.007107350509613752,1500,1500,1000,1500,1800,1000,1000,1800
1784658582.3172,3.8001,0.01999,50.03,191,98322,0.300,GUIDED,GUIDED,128,5.037356853485107,0.08246792107820511,14.665932655334473,0.0,0.0,0.0,nan,nan,nan,nan,nan,nan,nan,nan,nan,nan,0.020509194641735954,-0.014775037013382349,-8.682105470024184e-05,-0.1273989975452423,0,5.001873970031738,0.1173015609383583,14.666438102722168,0.008645063266158104,-0.01158083975315094,-0.0002416940260445699,0,0,-1001,1,0,1,0.00195445423014462,0.0016667693853378296,-0.12771040201187134,0.001179402694106102,63,3135,0.019922494888305664,12.312,28.76,90,6,10,1.21,831,0.001470891642384231,6.216979818418622e-05,0.007107350509613752,1500,1500,1000,1500,1800,1000,1000,1800
1784658582.3373,3.8201,0.02001,49.97,192,98342,0.320,GUIDED,GUIDED,128,5.037356853485107,0.08246792107820511,14.665932655334473,0.0,0.0,0.0,nan,nan,nan,nan,nan,nan,nan,nan,nan,nan,0.02039694397966054,-0.014802618316036992,-2.3693326472427195e-05,-0.1273989975452423,0,5.0018463134765625,0.11729694157838821,14.666439056396484,0.008725838735699654,-0.011562248691916466,-0.0002786914410535246,0,0,-1000,0,2,1,0.0019169814186170697,0.0016939390916377306,-0.12771153450012207,0.0011725807562470436,63,3135,0.01991868019104004,12.312,28.76,90,6,10,1.21,831,0.001470891642384231,6.216979818418622e-05,0.007107350509613752,1500,1500,1000,1500,1800,1000,1000,1800
1784658582.3575,3.8401,0.02020,49.51,193,98362,0.340,GUIDED,GUIDED,128,5.037356853485107,0.08246792107820511,14.665932655334473,0.0,0.0,0.0,nan,nan,nan,nan,nan,nan,nan,nan,nan,nan,0.02005446330452173,-0.0145679881897279,-3.8962951260016474e-05,-0.1273989975452423,0,5.001928806304932,0.11717025190591812,14.666437149047852,0.008875942789018154,-0.01162456814199686,-0.0002687743108253926,0,0,-1001,0,0,1,0.0019156653434038162,0.00164508493617177,-0.127710223197937,0.0011816519545391202,63,3135,0.02013683319091797,12.312,28.76,90,6,10,1.21,831,0.0014976991806179285,6.146332452772185e-05,0.007154493127018213,1500,1500,1000,1500,1800,1000,1000,1800
1784658582.3772,3.8601,0.01980,50.52,194,98382,0.360,GUIDED,GUIDED,128,5.037356853485107,0.08246792107820511,14.665932655334473,0.0,0.0,0.0,nan,nan,nan,nan,nan,nan,nan,nan,nan,nan,0.019908082337695955,-0.014486279235073347,-3.9399042227176854e-05,-0.1273989975452423,0,5.00193452835083,0.11713140457868576,14.666437149047852,0.008957152254879475,-0.011649314314126968,-0.0002685225335881114,0,0,-1001,0,2,1,0.0018963697366416454,0.0016738856211304665,-0.12770667672157288,0.0011772590223699808,63,3135,0.01972508430480957,12.312,28.76,90,6,10,1.21,831,0.0014976991806179285,6.146332452772185e-05,0.007154493127018213,1500,1500,1000,1500,1800,1000,1000,1800
1784658582.3972,3.8801,0.02000,50.01,195,98402,0.380,GUIDED,GUIDED,128,5.037356853485107,0.08246792107820511,14.665932655334473,0.0,0.0,0.0,nan,nan,nan,nan,nan,nan,nan,nan,nan,nan,0.019989515091455665,-0.01463433872298276,-1.6440523874910898e-05,-0.1273989975452423,0,5.001875877380371,0.11717657744884491,14.666437149047852,0.00894399918615818,-0.011589912697672844,-0.0002817776403389871,0,0,-1001,0,0,1,0.0018791925394907594,0.0016293807420879602,-0.12770861387252808,0.001201965264044702,63,3135,0.019906044006347656,12.312,28.76,90,6,10,1.21,831,0.0014976991806179285,6.146332452772185e-05,0.007154493127018213,1500,1500,1000,1500,1800,1000,1000,1800
1784658582.4172,3.9001,0.02000,50.00,196,98422,0.400,GUIDED,GUIDED,128,5.037356853485107,0.08246792107820511,14.665932655334473,0.0,0.0,0.0,nan,nan,nan,nan,nan,nan,nan,nan,nan,nan,0.019782067083316274,-0.014540645901629252,-7.775863337834612e-05,-0.1273989975452423,0,5.001909255981445,0.11712342500686646,14.666436195373535,0.009044498205184937,-0.01161331869661808,-0.00024582500918768346,0,0,-1001,1,2,1,0.0018772368784993887,0.0016636113869026303,-0.12771178781986237,0.0011353130685165524,63,3135,0.019930124282836914,12.312,28.76,90,6,10,1.21,831,0.0014976991806179285,6.146332452772185e-05,0.007154493127018213,1500,1500,1000,1500,1800,1000,1000,1800
1784658582.4372,3.9201,0.02000,50.00,197,98442,0.420,GUIDED,GUIDED,128,5.037356853485107,0.08246792107820511,14.665932655334473,0.0,0.0,0.0,nan,nan,nan,nan,nan,nan,nan,nan,nan,nan,0.01991158377306554,-0.014844289107801865,-3.649148346000043e-05,-0.1273989975452423,0,5.001816272735596,0.11722584068775177,14.666437149047852,0.009023405611515045,-0.011497139930725098,-0.00027020121342502534,0,0,-1001,0,0,1,0.001841936493292451,0.0016323133604601026,-0.12771160900592804,0.001149573945440352,63,3135,0.019931793212890625,12.312,28.76,90,6,10,1.21,831,0.0014976991806179285,6.146332452772185e-05,0.007154493127018213,1500,1500,1000,1500,1800,1000,1000,1800
1784658582.4572,3.9401,0.02000,50.00,198,98462,0.440,GUIDED,GUIDED,128,5.037356853485107,0.08246792107820511,14.665932655334473,0.0,0.0,0.0,nan,nan,nan,nan,nan,nan,nan,nan,nan,nan,0.019667181393541254,-0.014662950839646655,-0.00011031863306358071,-0.1273989975452423,0,5.001870155334473,0.11715088784694672,14.666435241699219,0.00913340225815773,-0.011558561585843563,-0.00022647588048130274,0,0,-1001,2,3,1,0.001854398869909346,0.0016677314415574074,-0.12770913541316986,0.0011722224298864603,63,3135,0.01992964744567871,12.312,28.76,90,6,10,1.21,831,0.0014976991806179285,6.146332452772185e-05,0.007154493127018213,1500,1500,1000,1500,1800,1000,1000,1800
1784658582.4772,3.9601,0.01997,50.07,199,98482,0.460,GUIDED,GUIDED,128,5.037356853485107,0.08246792107820511,14.665932655334473,0.0,0.0,0.0,nan,nan,nan,nan,nan,nan,nan,nan,nan,nan,0.019730389978833366,-0.014839831887955433,-7.754237742537903e-05,-0.1273989975452423,0,5.001814365386963,0.11720993369817734,14.666436195373535,0.009129119105637074,-0.011490529403090477,-0.00024594986462034285,0,0,-1000,0,0,1,0.0018087899079546332,0.0016190302558243275,-0.12770594656467438,0.0011147900950163603,63,3135,0.019903898239135742,12.312,28.76,90,6,10,1.21,831,0.0014976991806179285,6.146332452772185e-05,0.007154493127018213,1500,1500,1000,1500,1800,1000,1000,1800
1784658582.4972,3.9801,0.02001,49.98,200,98502,0.480,GUIDED,GUIDED,128,5.037356853485107,0.08246792107820511,14.665932655334473,0.0,0.0,0.0,nan,nan,nan,nan,nan,nan,nan,nan,nan,nan,0.019770870184920235,-0.014986902317537687,-8.194457232436734e-05,-0.1273989975452423,0,5.001771926879883,0.11724641174077988,14.666436195373535,0.009130249731242657,-0.011426678858697414,-0.00024340825621038675,0,0,-1001,1,2,1,0.0018199254991486669,0.001644809846766293,-0.12770800292491913,0.001142311142757535,63,3135,0.019932985305786133,12.312,28.76,90,6,10,1.21,831,0.0014976991806179285,6.146332452772185e-05,0.007154493127018213,1500,1500,1000,1500,1800,1000,1000,1800
1784658582.5173,4.0001,0.02005,49.88,201,98522,0.500,GUIDED,GUIDED,128,5.037356853485107,0.08246792107820511,14.665932655334473,0.0,0.0,0.0,nan,nan,nan,nan,nan,nan,nan,nan,nan,nan,0.019487392156275696,-0.014780952566342216,-4.914347291685024e-05,-0.1273989975452423,0,5.0018510818481445,0.11714083701372147,14.666434288024902,0.009248215705156326,-0.011484630405902863,-0.00026124477153643966,0,0,-1001,0,0,1,0.001776013057678938,0.0015978082083165646,-0.12771151959896088,0.0011534689692780375,63,3135,0.019932985305786133,12.312,28.76,90,6,10,1.21,831,0.0014976991806179285,6.146332452772185e-05,0.007154493127018213,1500,1500,1000,1500,1800,1000,1000,1800
1784658582.5372,4.0201,0.01997,50.07,202,98542,0.520,GUIDED,GUIDED,128,5.037356853485107,0.08246792107820511,14.665932655334473,0.0,0.0,0.0,nan,nan,nan,nan,nan,nan,nan,nan,nan,nan,0.019442391668567118,-0.014846301100055422,-3.226554701854674e-05,-0.1273989975452423,0,5.0018415451049805,0.11714059859514236,14.666433334350586,0.009279702790081501,-0.011446763761341572,-0.0002704386424738914,0,0,-1001,3,3,1,0.0018154432764276862,0.0016441087936982512,-0.12771253287792206,0.001164325512945652,63,3135,0.019901514053344727,12.312,28.76,90,6,10,1.21,831,0.0014976991806179285,6.146332452772185e-05,0.007154493127018213,1500,1500,1000,1500,1800,1000,1000,1800
1784658582.5573,4.0401,0.02009,49.77,203,98562,0.540,GUIDED,GUIDED,128,5.037356853485107,0.08246792107820511,14.665932655334473,0.0,0.0,0.0,nan,nan,nan,nan,nan,nan,nan,nan,nan,nan,0.019146452989907813,-0.0146339080945234,-7.233178441710557e-05,-0.1273989975452423,0,5.0019307136535645,0.11702641099691391,14.666430473327637,0.009399081580340862,-0.011503462679684162,-0.00024565457715652883,0,0,-1001,0,0,1,0.0017645425396040082,0.0016146048437803984,-0.127713143825531,0.001136684906668961,63,3135,0.019929885864257812,12.312,28.76,90,6,10,1.21,831,0.0015296232886612415,3.151128112222068e-05,0.00709068588912487,1500,1500,1000,1500,1800,1000,1000,1800
1784658582.5772,4.0601,0.01991,50.24,204,98582,0.560,GUIDED,GUIDED,128,5.037356853485107,0.08246792107820511,14.665932655334473,0.0,0.0,0.0,nan,nan,nan,nan,nan,nan,nan,nan,nan,nan,0.019072673510348987,-0.014622095122402402,-7.371090188052599e-05,-0.1273989975452423,0,5.001952648162842,0.11699219048023224,14.66642951965332,0.009429014287889004,-0.011490525677800179,-0.00024430773919448256,0,0,-1001,2,2,1,0.0018048653146252036,0.0016507306136190891,-0.12771007418632507,0.0011494796490296721,63,3135,0.019855022430419922,12.312,28.76,90,6,10,1.21,831,0.0015296232886612415,3.151128112222068e-05,0.00709068588912487,1500,1500,1000,1500,1800,1000,1000,1800
1784658582.5975,4.0801,0.02028,49.31,205,98602,0.580,GUIDED,GUIDED,128,5.037356853485107,0.08246792107820511,14.665932655334473,0.0,0.0,0.0,nan,nan,nan,nan,nan,nan,nan,nan,nan,nan,0.019232500311846513,-0.014769907948454564,-4.399027663902635e-05,-0.1273989975452423,0,5.001859664916992,0.11704191565513611,14.66642951965332,0.009390422143042088,-0.011433894746005535,-0.00026146695017814636,0,0,-1001,0,1,1,0.0017673808615654707,0.0016318075358867645,-0.12771444022655487,0.0011116990353912115,63,3135,0.019928932189941406,12.312,28.76,90,6,10,1.21,831,0.0015296232886612415,3.151128112222068e-05,0.00709068588912487,1500,1500,1000,1500,1800,1000,1000,1800
1784658582.6173,4.1001,0.01972,50.70,206,98622,0.600,GUIDED,GUIDED,128,5.037356853485107,0.08246792107820511,14.665932655334473,0.0,0.0,0.0,nan,nan,nan,nan,nan,nan,nan,nan,nan,nan,0.019120293240672506,-0.014702624328333639,-7.85534553556433e-05,-0.1273989975452423,0,5.001857280731201,0.11699269711971283,14.666426658630371,0.009456581436097622,-0.011444324627518654,-0.0002398600772721693,0,0,-1001,1,0,1,0.0017812182195484638,0.0016334670362994075,-0.12771646678447723,0.0011403544340282679,63,3135,0.01965188980102539,12.312,28.76,90,6,10,1.21,831,0.0015296232886612415,3.151128112222068e-05,0.00709068588912487,1500,1500,1000,1500,1800,1000,1000,1800
1784658582.6372,4.1201,0.01996,50.10,207,98642,0.620,GUIDED,GUIDED,128,5.037356853485107,0.08246792107820511,14.665932655334473,0.0,0.0,0.0,nan,nan,nan,nan,nan,nan,nan,nan,nan,nan,0.019419061875187008,-0.014968398604217868,-0.00011284338809642523,-0.1273989975452423,0,5.001688003540039,0.1170993521809578,14.666427612304688,0.009381819516420364,-0.011352457106113434,-0.00022061337949708104,0,0,-1001,1,2,1,0.001770883915014565,0.001646725577302277,-0.12771812081336975,0.00106976053211838,63,3135,0.019904375076293945,12.312,28.76,90,6,10,1.21,831,0.0015296232886612415,3.151128112222068e-05,0.00709068588912487,1500,1500,1000,1500,1800,1000,1000,1800
1784658582.6572,4.1401,0.02004,49.90,208,98662,0.640,GUIDED,GUIDED,128,5.037356853485107,0.08246792107820511,14.665932655334473,0.0,0.0,0.0,nan,nan,nan,nan,nan,nan,nan,nan,nan,nan,0.019199025384725257,-0.014863268269380947,-0.0001108993162790588,-0.1273989975452423,0,5.001709461212158,0.11702805012464523,14.666425704956055,0.009496469050645828,-0.011371987871825695,-0.00022063458163756877,0,0,-1001,0,0,1,0.001767994835972786,0.0016160118393599987,-0.12771625816822052,0.0011065442813560367,63,3135,0.01996755599975586,12.312,28.76,90,6,10,1.21,831,0.0015296232886612415,3.151128112222068e-05,0.00709068588912487,1500,1500,1000,1500,1800,1000,1000,1800
1784658582.6772,4.1601,0.01996,50.10,209,98682,0.660,GUIDED,GUIDED,128,5.037356853485107,0.08246792107820511,14.665932655334473,0.0,0.0,0.0,nan,nan,nan,nan,nan,nan,nan,nan,nan,nan,0.019417144725867547,-0.015045706254256684,-7.449963349156867e-05,-0.1273989975452423,0,5.001586437225342,0.11709204316139221,14.666425704956055,0.009441565722227097,-0.011303603649139404,-0.00024164994829334319,0,0,-1001,0,2,1,0.0017410838045179844,0.0016262136632576585,-0.12771205604076385,0.001147750299423933,63,3135,0.019904613494873047,12.312,28.76,90,6,10,1.21,831,0.0015296232886612415,3.151128112222068e-05,0.00709068588912487,1500,1500,1000,1500,1800,1000,1000,1800
1784658582.6972,4.1801,0.02004,49.90,210,98700,0.680,GUIDED,GUIDED,128,5.037356853485107,0.08246792107820511,14.665932655334473,0.0,0.0,0.0,nan,nan,nan,nan,nan,nan,nan,nan,nan,nan,0.019627765306496806,-0.015195790680651002,-2.971944709195839e-05,-0.1273989975452423,0,5.001473426818848,0.11714225262403488,14.666424751281738,0.00938521046191454,-0.011245940811932087,-0.0002669531968422234,0,0,-1000,0,0,1,0.0017384259263053536,0.0015952596440911293,-0.12771163880825043,0.0010902837384492159,63,3135,0.019968509674072266,12.312,28.76,90,6,10,1.21,831,0.0015296232886612415,3.151128112222068e-05,0.00709068588912487,1500,1500,1000,1500,1800,1000,1000,1800
1784658582.7173,4.2001,0.02007,49.82,211,98720,0.700,GUIDED,GUIDED,128,5.037356853485107,0.08246792107820511,14.665932655334473,0.0,0.0,0.0,nan,nan,nan,nan,nan,nan,nan,nan,nan,nan,0.019467063383824194,-0.015014622299788349,1.921231055726925e-05,-0.1273989975452423,0,5.001524925231934,0.11704032123088837,14.666421890258789,0.009448259137570858,-0.011291688308119774,-0.0002935521479230374,0,0,-1000,1,2,1,0.0017292811535298824,0.0016201393445953727,-0.1277153044939041,0.0011295417789369822,63,3135,0.019997119903564453,12.312,28.76,90,6,10,1.21,831,0.0015296232886612415,3.151128112222068e-05,0.00709068588912487,1500,1500,1000,1500,1800,1000,1000,1800
1784658582.7372,4.2201,0.01987,50.32,212,98740,0.720,GUIDED,GUIDED,128,5.037356853485107,0.08246792107820511,14.665932655334473,0.0,0.0,0.0,nan,nan,nan,nan,nan,nan,nan,nan,nan,nan,0.01954503548324505,-0.01508691015666341,2.448180914230646e-05,-0.1273989975452423,0,5.001458644866943,0.11704430729150772,14.666419982910156,0.009441508911550045,-0.011252254247665405,-0.0002954932861030102,0,0,-1001,0,0,1,0.0017058494267985225,0.0015905858017504215,-0.12771621346473694,0.0011763792717829347,63,3135,0.019816160202026367,12.312,28.76,90,6,10,1.21,831,0.0015296232886612415,3.151128112222068e-05,0.00709068588912487,1500,1500,1000,1500,1800,1000,1000,1800
1784658582.7572,4.2400,0.02002,49.95,213,98760,0.740,GUIDED,GUIDED,128,5.037356853485107,0.08246792107820511,14.665932655334473,0.0,0.0,0.0,nan,nan,nan,nan,nan,nan,nan,nan,nan,nan,0.019267665057846318,-0.014855648554760393,-1.3129967871842638e-05,-0.1273989975452423,0,5.001529693603516,0.11692500114440918,14.66641616821289,0.009560628794133663,-0.011316891759634018,-0.0002715757000260055,0,0,-1001,2,3,1,0.0017132287612184882,0.0016429007519036531,-0.12771505117416382,0.001164266956038773,63,3135,0.019945621490478516,12.312,28.76,90,6,10,1.21,831,0.002947671804577112,3.2371113775298e-05,0.007221854291856289,1500,1500,1000,1500,1800,1000,1000,1800
1784658582.7772,4.2601,0.01997,50.08,214,98780,0.760,GUIDED,GUIDED,128,5.037356853485107,0.08246792107820511,14.665932655334473,0.0,0.0,0.0,nan,nan,nan,nan,nan,nan,nan,nan,nan,nan,0.019270365067126937,-0.014800247141708682,-7.445777544049247e-05,-0.1273989975452423,0,5.001500606536865,0.11689507216215134,14.666414260864258,0.009575863368809223,-0.011331598274409771,-0.00023506686557084322,0,0,-1001,0,0,1,0.00167728285305202,0.0016140108928084373,-0.1277112513780594,0.0011976005043834448,63,3135,0.019914865493774414,12.312,28.76,90,6,10,1.21,831,0.002947671804577112,3.2371113775298e-05,0.007221854291856289,1500,1500,1000,1500,1800,1000,1000,1800
1784658582.7972,4.2800,0.01998,50.05,215,98800,0.780,GUIDED,GUIDED,128,5.037356853485107,0.08246792107820511,14.665932655334473,0.0,0.0,0.0,nan,nan,nan,nan,nan,nan,nan,nan,nan,nan,0.019540202078413303,-0.014968709936300988,-4.466461119751971e-05,-0.1273989975452423,0,5.001365661621094,0.1169532909989357,14.666414260864258,0.009497983381152153,-0.011267948895692825,-0.00025226795696653426,0,0,-1000,2,3,1,0.0017009665025398135,0.001659554778598249,-0.1277145892381668,0.0011562288273125887,63,3135,0.019933462142944336,12.312,28.76,90,6,10,1.21,831,0.002947671804577112,3.2371113775298e-05,0.007221854291856289,1500,1500,1000,1500,1800,1000,1000,1800
1784658582.8172,4.3001,0.02004,49.91,216,98820,0.800,GUIDED,GUIDED,128,5.037356853485107,0.08246792107820511,14.665932655334473,0.0,0.0,0.0,nan,nan,nan,nan,nan,nan,nan,nan,nan,nan,0.019517487620743904,-0.01491930011294123,-6.10994220515092e-05,-0.1273989975452423,0,5.001346111297607,0.11691168695688248,14.666412353515625,0.009522384963929653,-0.01127245556563139,-0.00024167810624931008,0,0,-1001,0,0,1,0.001652321545407176,0.0016155147459357977,-0.12771475315093994,0.0012329575838521123,63,3135,0.019985198974609375,12.312,28.76,90,6,10,1.21,831,0.002947671804577112,3.2371113775298e-05,0.007221854291856289,1500,1500,1000,1500,1800,1000,1000,1800
1784658582.8372,4.3200,0.01997,50.08,217,98840,0.820,GUIDED,GUIDED,128,5.037356853485107,0.08246792107820511,14.665932655334473,0.0,0.0,0.0,nan,nan,nan,nan,nan,nan,nan,nan,nan,nan,0.019913760675209186,-0.015227726111553548,-4.107318823446868e-05,-0.1273989975452423,0,5.001142501831055,0.11703081429004669,14.666412353515625,0.009411150589585304,-0.011163163930177689,-0.0002532402577344328,0,0,-1001,2,2,1,0.0016823617042973638,0.001647843630053103,-0.12771378457546234,0.0011968917679041624,63,3135,0.019921064376831055,12.312,28.76,90,6,10,1.21,831,0.002947671804577112,3.2371113775298e-05,0.007221854291856289,1500,1500,1000,1500,1800,1000,1000,1800
1784658582.8576,4.3400,0.02044,48.92,218,98860,0.840,GUIDED,GUIDED,128,5.037356853485107,0.08246792107820511,14.665932655334473,0.0,0.0,0.0,nan,nan,nan,nan,nan,nan,nan,nan,nan,nan,0.019841021192465027,-0.015139243290741872,-2.113384289047904e-05,-0.1273989975452423,0,5.001147270202637,0.11696752160787582,14.666409492492676,0.009450393728911877,-0.011177707463502884,-0.000263100431766361,0,0,-1001,0,0,1,0.0016308214981108904,0.0016056493623182178,-0.12771031260490417,0.0012140674516558647,63,3135,0.02037787437438965,12.312,28.76,90,6,10,1.21,831,0.002947671804577112,3.2371113775298e-05,0.007221854291856289,1500,1500,1000,1500,1800,1000,1000,1800
1784658582.8772,4.3601,0.01964,50.93,219,98880,0.860,GUIDED,GUIDED,128,5.037356853485107,0.08246792107820511,14.665932655334473,0.0,0.0,0.0,nan,nan,nan,nan,nan,nan,nan,nan,nan,nan,0.02013242136709664,-0.01538783530153262,-1.6268305063082272e-05,-0.1273989975452423,0,5.000991344451904,0.11704393476247787,14.66640853881836,0.00937217753380537,-0.011078299954533577,-0.00026535894721746445,0,0,-1001,2,2,1,0.0016644964925944805,0.00163955835159868,-0.12770460546016693,0.0012231047730892897,63,3135,0.019565105438232422,12.312,28.76,90,6,10,1.21,831,0.002947671804577112,3.2371113775298e-05,0.007221854291856289,1500,1500,1000,1500,1800,1000,1000,1800
1784658582.8972,4.3801,0.01996,50.09,220,98900,0.880,GUIDED,GUIDED,128,5.037356853485107,0.08246792107820511,14.665932655334473,0.0,0.0,0.0,nan,nan,nan,nan,nan,nan,nan,nan,nan,nan,0.02040116019202119,-0.015567752259710396,5.1541716342512435e-06,-0.1273989975452423,0,5.000855445861816,0.11709752678871155,14.666407585144043,0.009295482188463211,-0.01100536622107029,-0.0002771766157820821,0,0,-1001,0,0,1,0.001622211653739214,0.0015976186841726303,-0.12770414352416992,0.0012263087555766106,63,3135,0.01990485191345215,12.312,28.76,90,6,10,1.21,831,0.002947671804577112,3.2371113775298e-05,0.007221854291856289,1500,1500,1000,1500,1800,1000,1000,1800
1784658582.9173,4.4001,0.02009,49.77,221,98920,0.900,GUIDED,GUIDED,128,5.037356853485107,0.08246792107820511,14.665932655334473,0.0,0.0,0.0,nan,nan,nan,nan,nan,nan,nan,nan,nan,nan,0.0202691561113827,-0.015394054803324522,3.197633469510981e-05,-0.1273989975452423,0,5.000890731811523,0.11700471490621567,14.666403770446777,0.009351322427392006,-0.011052065528929234,-0.0002904599823523313,0,0,-1001,3,3,1,0.001671832287684083,0.0016488867113366723,-0.1277066320180893,0.001191082177683711,63,3135,0.020015239715576172,12.312,28.76,90,6,10,1.21,831,0.002947671804577112,3.2371113775298e-05,0.007221854291856289,1500,1500,1000,1500,1800,1000,1000,1800
1784658582.9372,4.4201,0.01995,50.14,222,98940,0.920,GUIDED,GUIDED,128,5.037356853485107,0.08246792107820511,14.665932655334473,0.0,0.0,0.0,nan,nan,nan,nan,nan,nan,nan,nan,nan,nan,0.02040826978801406,-0.015443555763986268,6.29238332526149e-05,-0.1273989975452423,0,5.000795841217041,0.11702107638120651,14.666401863098145,0.009325790219008923,-0.011032932437956333,-0.00030722632072865963,0,0,-1001,0,0,1,0.001639763475395739,0.0016172132454812527,-0.12770725786685944,0.0011701631592586637,63,3135,0.01987624168395996,12.312,28.76,90,6,10,1.21,831,0.002947671804577112,3.2371113775298e-05,0.007221854291856289,1500,1500,1000,1500,1800,1000,1000,1800
1784658582.9573,4.4401,0.02001,49.98,223,98960,0.940,GUIDED,GUIDED,128,5.037356853485107,0.08246792107820511,14.665932655334473,0.0,0.0,0.0,nan,nan,nan,nan,nan,nan,nan,nan,nan,nan,0.020200942826402106,-0.015195415893453343,3.098973850834566e-05,-0.1273989975452423,0,5.000852108001709,0.11690974980592728,14.666397094726562,0.009413004852831364,-0.01111192163079977,-0.00028603614191524684,0,0,-1001,2,2,1,0.001667903154157102,0.0016463736537843943,-0.1277051419019699,0.0011809682473540306,63,3135,0.019919395446777344,12.312,28.76,90,6,10,1.21,831,0.0027373589109629393,3.308002487756312e-05,0.007428085897117853,1500,1500,1000,1500,1800,1000,1000,1800
1784658582.9772,4.4601,0.01999,50.02,224,98980,0.960,GUIDED,GUIDED,128,5.037356853485107,0.08246792107820511,14.665932655334473,0.0,0.0,0.0,nan,nan,nan,nan,nan,nan,nan,nan,nan,nan,0.020245387855555005,-0.015157145294268027,5.616782130132077e-05,-0.1273989975452423,0,5.000796318054199,0.11689100414514542,14.666394233703613,0.009419554844498634,-0.011123194359242916,-0.0002989209024235606,0,0,-1001,1,1,1,0.0016488131368532777,0.0016271400963887572,-0.1277025043964386,0.0011242557084187865,63,3135,0.01992201805114746,12.312,28.76,90,6,10,1.21,831,0.0027373589109629393,3.308002487756312e-05,0.007428085897117853,1500,1500,1000,1500,1800,1000,1000,1800
1784658582.9973,4.4801,0.02001,49.98,225,99000,0.980,GUIDED,GUIDED,128,5.037356853485107,0.08246792107820511,14.665932655334473,0.0,0.0,0.0,nan,nan,nan,nan,nan,nan,nan,nan,nan,nan,0.02054698634231995,-0.01534389767014609,4.2767645365149754e-05,-0.1273989975452423,0,5.000641822814941,0.11695848405361176,14.666393280029297,0.009334624744951725,-0.011054332368075848,-0.0002906337031163275,0,0,-1001,1,1,1,0.001665441319346428,0.001644207863137126,-0.12770423293113708,0.0012029921635985374,63,3135,0.019927501678466797,12.312,28.76,90,6,10,1.21,831,0.0027373589109629393,3.308002487756312e-05,0.007428085897117853,1500,1500,1000,1500,1800,1000,1000,1800
1784658583.0173,4.5001,0.02000,49.99,226,99020,0.000,GUIDED,GUIDED,128,5.037356853485107,0.08246792107820511,14.665932655334473,0.0,0.0,0.0,nan,nan,nan,nan,nan,nan,nan,nan,nan,nan,0.02056163746142392,-0.015252187901353138,3.490640579224629e-05,-0.1273989975452423,0,5.000613689422607,0.11692234873771667,14.666390419006348,0.009342408739030361,-0.0110864182934165,-0.00028444320196285844,0,0,-1001,2,2,1,0.0016766114858910441,0.0016559900250285864,-0.12770555913448334,0.0011938880197703838,63,3135,0.019879817962646484,12.312,28.76,90,6,10,1.21,831,0.0027373589109629393,3.308002487756312e-05,0.007428085897117853,1500,1500,1000,1500,1800,1000,1000,1800
1784658583.0372,4.5201,0.01996,50.09,227,99040,0.020,GUIDED,GUIDED,128,5.037356853485107,0.08246792107820511,14.665932655334473,0.0,0.0,0.0,nan,nan,nan,nan,nan,nan,nan,nan,nan,nan,0.021012675021721394,-0.015550594000663095,-5.5762562891933584e-05,-0.1273989975452423,0,5.000396728515625,0.1170477420091629,14.666391372680664,0.009207264520227909,-0.010986529290676117,-0.0002326460526091978,0,0,-1001,0,0,1,0.0016721411375328898,0.0016515393508598208,-0.12770503759384155,0.0011347504332661629,63,3135,0.019884586334228516,12.312,28.76,90,6,10,1.21,831,0.0027373589109629393,3.308002487756312e-05,0.007428085897117853,1500,1500,1000,1500,1800,1000,1000,1800
1784658583.0572,4.5400,0.01997,50.07,228,99060,0.040,GUIDED,GUIDED,128,5.037356853485107,0.08246792107820511,14.665932655334473,0.0,0.0,0.0,nan,nan,nan,nan,nan,nan,nan,nan,nan,nan,0.020937763110099372,-0.015412070553535804,-1.8487026312286633e-05,-0.1273989975452423,0,5.000393390655518,0.11698918789625168,14.666388511657715,0.009252442046999931,-0.01103269960731268,-0.0002525152813177556,0,0,-1001,3,3,1,0.0017011248273774981,0.0016795685514807701,-0.1277013123035431,0.0011865942506119609,63,3135,0.019927024841308594,12.312,28.76,90,6,10,1.21,831,0.0027373589109629393,3.308002487756312e-05,0.007428085897117853,1500,1500,1000,1500,1800,1000,1000,1800
1784658583.0772,4.5600,0.01998,50.05,229,99080,0.060,GUIDED,GUIDED,128,5.037356853485107,0.08246792107820511,14.665932655334473,0.0,0.0,0.0,nan,nan,nan,nan,nan,nan,nan,nan,nan,nan,0.0212455534684375,-0.01564176431172402,6.98752167272793e-06,-0.1273989975452423,0,5.000225067138672,0.11707071214914322,14.666388511657715,0.009171920828521252,-0.010947153903543949,-0.0002672230184543878,0,0,-1000,0,0,1,0.001666228985413909,0.0016459847101941705,-0.12769649922847748,0.0011670732637867332,63,3135,0.01993107795715332,12.312,28.76,90,6,10,1.21,831,0.0027373589109629393,3.308002487756312e-05,0.007428085897117853,1500,1500,1000,1500,1800,1000,1000,1800
1784658583.0974,4.5800,0.02019,49.54,230,99100,0.080,GUIDED,GUIDED,128,5.037356853485107,0.08246792107820511,14.665932655334473,0.0,0.0,0.0,nan,nan,nan,nan,nan,nan,nan,nan,nan,nan,0.021497297467110935,-0.015784365144027018,-4.708379539653695e-05,-0.1273989975452423,0,5.000077724456787,0.11712905764579773,14.666387557983398,0.009111644700169563,-0.010898509062826633,-0.00023545432486571372,0,0,-1001,3,3,1,0.0017003383254632354,0.0016810966189950705,-0.1276974380016327,0.001159562380053103,63,3135,0.01994919776916504,12.312,28.76,90,6,10,1.21,831,0.0027373589109629393,3.308002487756312e-05,0.007428085897117853,1500,1500,1000,1500,1800,1000,1000,1800
1784658583.1173,4.6001,0.01993,50.17,231,99120,0.100,GUIDED,GUIDED,128,5.037356853485107,0.08246792107820511,14.665932655334473,0.0,0.0,0.0,nan,nan,nan,nan,nan,nan,nan,nan,nan,nan,0.02137129160551995,-0.015607797596649587,-5.565981382377519e-05,-0.1273989975452423,0,5.000106334686279,0.11703924089670181,14.66638469696045,0.009167876094579697,-0.01094859465956688,-0.00022885114594828337,0,0,-1001,0,0,1,0.0016603461699560285,0.0016399231972172856,-0.12770022451877594,0.0011654815170913935,63,3135,0.01987600326538086,12.312,28.76,90,6,10,1.21,831,0.0027373589109629393,3.308002487756312e-05,0.007428085897117853,1500,1500,1000,1500,1800,1000,1000,1800
1784658583.1372,4.6200,0.01989,50.26,232,99140,0.120,GUIDED,GUIDED,128,5.037356853485107,0.08246792107820511,14.665932655334473,0.0,0.0,0.0,nan,nan,nan,nan,nan,nan,nan,nan,nan,nan,0.02153641111621877,-0.015652845344049034,-7.038586123922719e-05,-0.1273989975452423,0,5.000001430511475,0.11705970019102097,14.66638469696045,0.009133110754191875,-0.010934398509562016,-0.00022034905850887299,0,0,-1001,2,3,1,0.0016904422082006931,0.0016800736775621772,-0.1277020126581192,0.0011116275563836098,63,3135,0.01984429359436035,12.312,28.76,90,6,10,1.21,831,0.0027373589109629393,3.308002487756312e-05,0.007428085897117853,1500,1500,1000,1500,1800,1000,1000,1800
1784658583.1572,4.6401,0.02006,49.86,233,99160,0.140,GUIDED,GUIDED,128,5.037356853485107,0.08246792107820511,14.665932655334473,0.0,0.0,0.0,nan,nan,nan,nan,nan,nan,nan,nan,nan,nan,0.02132239051845287,-0.015459568838830842,-4.571570967098993e-06,-0.1273989975452423,0,5.000051021575928,0.11695161461830139,14.6663818359375,0.00922804418951273,-0.010983583517372608,-0.0002566951443441212,0,0,-1000,0,0,1,0.0016775608528405428,0.0016391121316701174,-0.12770159542560577,0.001087164506316185,63,3135,0.019954204559326172,12.312,28.76,90,6,10,1.21,831,0.002538398141041398,3.386631578905508e-05,0.00730314152315259,1500,1500,1000,1500,1800,1000,1000,1800
1784658583.1772,4.6600,0.01994,50.16,234,99180,0.160,GUIDED,GUIDED,128,5.037356853485107,0.08246792107820511,14.665932655334473,0.0,0.0,0.0,nan,nan,nan,nan,nan,nan,nan,nan,nan,nan,0.021362526097242842,-0.015469098005535777,-3.5551692372161e-05,-0.1273989975452423,0,4.999986171722412,0.11693749576807022,14.666380882263184,0.009242312982678413,-0.010969930328428745,-0.00023825815878808498,0,0,-1001,2,2,1,0.0017055359203368425,0.00167416303884238,-0.12769949436187744,0.0010855771834030747,63,3135,0.01988506317138672,12.312,28.76,90,6,10,1.21,831,0.002538398141041398,3.386631578905508e-05,0.00730314152315259,1500,1500,1000,1500,1800,1000,1000,1800
1784658583.1973,4.6801,0.02009,49.77,235,99200,0.180,GUIDED,GUIDED,128,5.037356853485107,0.08246792107820511,14.665932655334473,0.0,0.0,0.0,nan,nan,nan,nan,nan,nan,nan,nan,nan,nan,0.021664045262659238,-0.01578988566007435,-4.14234195650644e-05,-0.1273989975452423,0,4.999827861785889,0.11706482619047165,14.666380882263184,0.009159631095826626,-0.010858237743377686,-0.00023486811551265419,0,0,-1001,1,0,1,0.0017204880714416504,0.0016341863665729761,-0.12770237028598785,0.0011665173806250095,63,3135,0.019997119903564453,12.312,28.76,90,6,10,1.21,831,0.002538398141041398,3.386631578905508e-05,0.00730314152315259,1500,1500,1000,1500,1800,1000,1000,1800
1784658583.2172,4.7001,0.01998,50.05,236,99220,0.200,GUIDED,GUIDED,128,5.037356853485107,0.08246792107820511,14.665932655334473,0.0,0.0,0.0,nan,nan,nan,nan,nan,nan,nan,nan,nan,nan,0.021596283204050673,-0.015836144066041963,-5.8035167107845095e-05,-0.1273989975452423,0,4.999799728393555,0.11708691716194153,14.66637897491455,0.009214996360242367,-0.010844284668564796,-0.00022417611035052687,0,0,-1001,2,2,1,0.0017300754552707076,0.0016648934688419104,-0.12770415842533112,0.0011680374154821038,63,3135,0.019911527633666992,12.312,28.76,90,6,10,1.21,831,0.002538398141041398,3.386631578905508e-05,0.00730314152315259,1500,1500,1000,1500,1800,1000,1000,1800
1784658583.2372,4.7201,0.02000,50.01,237,99240,0.220,GUIDED,GUIDED,128,5.037356853485107,0.08246792107820511,14.665932655334473,0.0,0.0,0.0,nan,nan,nan,nan,nan,nan,nan,nan,nan,nan,0.021950403862051264,-0.016311116056449245,-6.156296563340237e-06,-0.1273989975452423,0,4.99958610534668,0.11731883883476257,14.66637897491455,0.009133880026638508,-0.010703959502279758,-0.0002541283902246505,0,0,-1000,1,0,1,0.001739501254633069,0.0016317690024152398,-0.12770327925682068,0.0011867000721395016,63,3135,0.019924402236938477,12.312,28.76,90,6,10,1.21,831,0.002538398141041398,3.386631578905508e-05,0.00730314152315259,1500,1500,1000,1500,1800,1000,1000,1800
1784658583.2572,4.7401,0.02000,50.00,238,99260,0.240,GUIDED,GUIDED,128,5.037356853485107,0.08246792107820511,14.665932655334473,0.0,0.0,0.0,nan,nan,nan,nan,nan,nan,nan,nan,nan,nan,0.02187071459395646,-0.016289801611889566,1.60031757458184e-05,-0.1273989975452423,0,4.9995832443237305,0.11731386184692383,14.666376113891602,0.009181540459394455,-0.010713391937315464,-0.00026527035515755415,0,0,-1001,2,3,1,0.0017496912041679025,0.0016810456290841103,-0.1277003437280655,0.0011694165877997875,63,3135,0.019929885864257812,12.312,28.76,90,6,10,1.21,831,0.002538398141041398,3.386631578905508e-05,0.00730314152315259,1500,1500,1000,1500,1800,1000,1000,1800
1784658583.2772,4.7601,0.02000,50.00,239,99280,0.260,GUIDED,GUIDED,128,5.037356853485107,0.08246792107820511,14.665932655334473,0.0,0.0,0.0,nan,nan,nan,nan,nan,nan,nan,nan,nan,nan,0.02212750327196697,-0.016610738308457555,-1.2501828911578531e-05,-0.1273989975452423,0,4.999418258666992,0.11749135702848434,14.666376113891602,0.009128537960350513,-0.010630575940012932,-0.0002488129830453545,0,0,-1001,0,0,1,0.001743244007229805,0.0016470203408971429,-0.1276949793100357,0.0011902747210115194,63,3135,0.01993083953857422,12.312,28.76,90,6,10,1.21,831,0.002538398141041398,3.386631578905508e-05,0.00730314152315259,1500,1500,1000,1500,1800,1000,1000,1800
1784658583.2973,4.7801,0.02002,49.95,240,99300,0.280,GUIDED,GUIDED,128,5.037356853485107,0.08246792107820511,14.665932655334473,0.0,0.0,0.0,nan,nan,nan,nan,nan,nan,nan,nan,nan,nan,0.022341712372417586,-0.01686900076455287,-3.0283058767461906e-05,-0.1273989975452423,0,4.999274730682373,0.11763860285282135,14.666376113891602,0.009087730199098587,-0.010566480457782745,-0.0002385469852015376,0,0,-1001,3,3,1,0.0017844735411927104,0.0016933607403188944,-0.12769636511802673,0.0011509679025039077,63,3135,0.019927024841308594,12.312,28.76,90,6,10,1.21,831,0.002538398141041398,3.386631578905508e-05,0.00730314152315259,1500,1500,1000,1500,1800,1000,1000,1800
1784658583.3172,4.8001,0.01998,50.04,241,99320,0.300,GUIDED,GUIDED,128,5.037356853485107,0.08246792107820511,14.665932655334473,0.0,0.0,0.0,nan,nan,nan,nan,nan,nan,nan,nan,nan,nan,0.022140996822469342,-0.016715928796284606,-1.920693088977354e-05,-0.1273989975452423,0,4.999305248260498,0.11759431660175323,14.666373252868652,0.009185994043946266,-0.010629287920892239,-0.0002432899782434106,0,0,-1001,0,0,1,0.0017663135658949614,0.0016695214435458183,-0.1276986300945282,0.001184847205877304,63,3135,0.019915103912353516,12.312,28.76,90,6,10,1.21,831,0.002538398141041398,3.386631578905508e-05,0.00730314152315259,1500,1500,1000,1500,1800,1000,1000,1800
1784658583.3372,4.8201,0.01995,50.11,242,99340,0.320,GUIDED,GUIDED,128,5.037356853485107,0.08246792107820511,14.665932655334473,0.0,0.0,0.0,nan,nan,nan,nan,nan,nan,nan,nan,nan,nan,0.02223054811635633,-0.016923759070944053,-2.5351896036495607e-05,-0.1273989975452423,0,4.999205589294434,0.11769489198923111,14.666372299194336,0.009191829711198807,-0.010567364282906055,-0.00023919157683849335,0,0,-1001,4,3,1,0.0018290835432708263,0.0017229332588613033,-0.1276986300945282,0.0011801570653915405,63,3135,0.019896268844604492,12.312,28.76,90,6,10,1.21,831,0.002538398141041398,3.386631578905508e-05,0.00730314152315259,1500,1500,1000,1500,1800,1000,1000,1800
1784658583.3575,4.8401,0.02032,49.22,243,99360,0.340,GUIDED,GUIDED,128,5.037356853485107,0.08246792107820511,14.665932655334473,0.0,0.0,0.0,nan,nan,nan,nan,nan,nan,nan,nan,nan,nan,0.02199512877322445,-0.016716790087631443,1.3291320820057117e-05,-0.1273989975452423,0,4.999258041381836,0.1176280528306961,14.666369438171387,0.009297465905547142,-0.010648268274962902,-0.000259850436123088,0,0,-1001,0,1,1,0.001800481346435845,0.0017067709704861045,-0.12769761681556702,0.0011429665610194206,63,3135,0.020244598388671875,12.312,28.76,90,6,10,1.21,831,0.004855632781982422,3.440782893449068e-05,0.007227345835417509,1500,1500,1000,1500,1800,1000,1000,1800
1784658583.3772,4.8601,0.01973,50.69,244,99380,0.360,GUIDED,GUIDED,128,5.037356853485107,0.08246792107820511,14.665932655334473,0.0,0.0,0.0,nan,nan,nan,nan,nan,nan,nan,nan,nan,nan,0.02200247170933847,-0.0167899295053557,-1.5981204582683674e-05,-0.1273989975452423,0,4.999190807342529,0.11769421398639679,14.666367530822754,0.009332044050097466,-0.010644239373505116,-0.00024184872745536268,0,0,-1001,3,2,1,0.001847449573688209,0.0017499882960692048,-0.1276961863040924,0.0010999926598742604,63,3135,0.01965641975402832,12.312,28.76,90,6,10,1.21,831,0.004855632781982422,3.440782893449068e-05,0.007227345835417509,1500,1500,1000,1500,1800,1000,1000,1800
1784658583.3972,4.8801,0.02000,50.00,245,99400,0.380,GUIDED,GUIDED,128,5.037356853485107,0.08246792107820511,14.665932655334473,0.0,0.0,0.0,nan,nan,nan,nan,nan,nan,nan,nan,nan,nan,0.022212173867770666,-0.017091006446290555,-4.669091095545755e-05,-0.1273989975452423,0,4.999042510986328,0.11787719279527664,14.666367530822754,0.009296591393649578,-0.010576055385172367,-0.0002241184702143073,0,0,-1001,0,2,1,0.0018114394042640924,0.0017668771324679255,-0.1276998370885849,0.001100932713598013,63,3135,0.019926786422729492,12.312,28.76,90,6,10,1.21,831,0.004855632781982422,3.440782893449068e-05,0.007227345835417509,1500,1500,1000,1500,1800,1000,1000,1800
1784658583.4172,4.9001,0.01998,50.04,246,99420,0.400,GUIDED,GUIDED,128,5.037356853485107,0.08246792107820511,14.665932655334473,0.0,0.0,0.0,nan,nan,nan,nan,nan,nan,nan,nan,nan,nan,0.022109585582056307,-0.017095505623272896,-7.25955594452519e-06,-0.1273989975452423,0,4.999022006988525,0.11792314052581787,14.666366577148438,0.009367658756673336,-0.010599985718727112,-0.00024633356952108443,0,0,-1000,3,1,1,0.0018515472766011953,0.0017671401146799326,-0.1277027130126953,0.0011049318127334118,63,3135,0.019925832748413086,12.312,28.76,90,6,10,1.21,831,0.004855632781982422,3.440782893449068e-05,0.007227345835417509,1500,1500,1000,1500,1800,1000,1000,1800
1784658583.4372,4.9201,0.02001,49.96,247,99440,0.420,GUIDED,GUIDED,128,5.037356853485107,0.08246792107820511,14.665932655334473,0.0,0.0,0.0,nan,nan,nan,nan,nan,nan,nan,nan,nan,nan,0.022429696826560524,-0.017605805886020696,-4.722808084114678e-06,-0.1273989975452423,0,4.998821258544922,0.11819472163915634,14.666366577148438,0.009298744611442089,-0.010462161153554916,-0.00024779816158115864,0,0,-1001,0,3,1,0.0018192065181210637,0.0018123416230082512,-0.1277030110359192,0.0011197648709639907,63,3135,0.019943952560424805,12.312,28.76,90,6,10,1.21,831,0.004855632781982422,3.440782893449068e-05,0.007227345835417509,1500,1500,1000,1500,1800,1000,1000,1800
1784658583.4572,4.9401,0.02000,49.99,248,99460,0.440,GUIDED,GUIDED,128,5.037356853485107,0.08246792107820511,14.665932655334473,0.0,0.0,0.0,nan,nan,nan,nan,nan,nan,nan,nan,nan,nan,0.0222942623428813,-0.017542883091785914,-1.120595785696841e-05,-0.1273989975452423,0,4.99882698059082,0.11821040511131287,14.666363716125488,0.009373634122312069,-0.010507544502615929,-0.00024240330094471574,0,0,-1001,2,0,1,0.001854150090366602,0.0017867768183350563,-0.12770041823387146,0.0011494036298245192,63,3135,0.019931316375732422,12.312,28.76,90,6,10,1.21,831,0.004855632781982422,3.440782893449068e-05,0.007227345835417509,1500,1500,1000,1500,1800,1000,1000,1800
1784658583.4772,4.9601,0.01998,50.04,249,99480,0.460,GUIDED,GUIDED,128,5.037356853485107,0.08246792107820511,14.665932655334473,0.0,0.0,0.0,nan,nan,nan,nan,nan,nan,nan,nan,nan,nan,0.022539375589302274,-0.017825486365775498,-3.668650455023549e-05,-0.1273989975452423,0,4.998675346374512,0.11842243373394012,14.666363716125488,0.009319663979113102,-0.010466798208653927,-0.00022769210045225918,0,0,-1001,1,3,1,0.0018473417731001973,0.0018356378423050046,-0.12769658863544464,0.0010978352511301637,63,3135,0.019911766052246094,12.312,28.76,90,6,10,1.21,831,0.004855632781982422,3.440782893449068e-05,0.007227345835417509,1500,1500,1000,1500,1800,1000,1000,1800
1784658583.4973,4.9801,0.02002,49.94,250,99500,0.480,GUIDED,GUIDED,128,5.037356853485107,0.08246792107820511,14.665932655334473,0.0,0.0,0.0,nan,nan,nan,nan,nan,nan,nan,nan,nan,nan,0.022757636657366798,-0.01815177770636698,1.8526463163783956e-05,-0.1273989975452423,0,4.998543739318848,0.11860130727291107,14.666363716125488,0.009269634261727333,-0.010381686501204967,-0.0002595693222247064,0,0,-1001,1,0,1,0.0018646533135324717,0.0018053477397188544,-0.12769715487957,0.0011919436510652304,63,3135,0.019951820373535156,12.312,28.76,90,6,10,1.21,831,0.004855632781982422,3.440782893449068e-05,0.007227345835417509,1500,1500,1000,1500,1800,1000,1000,1800
1784658583.5173,5.0001,0.02002,49.95,251,99520,0.500,GUIDED,GUIDED,128,5.037461280822754,0.08246792107820511,14.665932655334473,2.0,0.0,0.0,nan,nan,nan,nan,nan,nan,nan,nan,nan,nan,3.486706484741025,-0.018005480378347358,2.5304875171318526e-05,-0.1273989975452423,0,4.998581886291504,0.1185741275548935,14.666359901428223,0.009396101348102093,-0.010450459085404873,-0.00026128042372874916,0,0,-1001,1,4,1,0.0018577653681859374,0.001865442143753171,-0.12770013511180878,0.0011512415949255228,63,3135,0.019911766052246094,12.312,28.76,90,6,10,1.21,831,0.004855632781982422,3.440782893449068e-05,0.007227345835417509,1500,1500,1000,1500,1800,1000,1000,1800
1784658583.5372,5.0201,0.01996,50.09,252,99540,0.520,GUIDED,GUIDED,128,5.077463150024414,0.08246792107820511,14.665932655334473,2.0,0.0,0.0,nan,nan,nan,nan,nan,nan,nan,nan,nan,nan,3.526798338385478,-0.01816221783101347,8.349156960343385e-05,-0.1273989975452423,0,4.998493671417236,0.1187024712562561,14.666358947753906,0.00939507968723774,-0.010434065945446491,-0.0002943239232990891,0,0,-1000,0,0,1,0.0018588164821267128,0.0018372973427176476,-0.12770022451877594,0.0011934968642890453,63,3135,0.01989269256591797,12.312,28.76,90,6,10,1.21,831,0.004855632781982422,3.440782893449068e-05,0.007227345835417509,1500,1500,1000,1500,1800,1000,1000,1800
1784658583.5573,5.0401,0.02003,49.92,253,99560,0.540,GUIDED,GUIDED,128,5.117485046386719,0.08246792107820511,14.665932655334473,2.0,0.0,0.0,nan,nan,nan,nan,nan,nan,nan,nan,nan,nan,3.566549004214511,-0.017996635490189025,0.00012322787345916812,-0.1273989975452423,0,4.998554229736328,0.11865006387233734,14.666354179382324,0.009516711346805096,-0.010499407537281513,-0.0003145126684103161,0,0,-1000,2,3,1,0.0018880865536630154,0.0018873505759984255,-0.12769877910614014,0.0011433070758357644,63,3135,0.019942760467529297,12.312,28.76,90,6,10,1.21,831,0.004464908968657255,3.484867556835525e-05,0.007077536545693874,1500,1500,1000,1500,1800,1000,1000,1800
1784658583.5773,5.0601,0.02004,49.91,254,99580,0.560,GUIDED,GUIDED,128,5.157480239868164,0.08246792107820511,14.665932655334473,2.0,0.0,0.0,nan,nan,nan,nan,nan,nan,nan,nan,nan,nan,3.606428539106528,-0.018030942047804685,5.7785103257265724e-05,-0.1273989975452423,0,4.998506546020508,0.11873181164264679,14.666352272033691,0.009611017070710659,-0.010526797734200954,-0.0002756280591711402,0,0,-1001,10,2,1,0.002090167487040162,0.0019038738682866096,-0.12769468128681183,0.0011969923507422209,63,3135,0.019887685775756836,12.312,28.76,90,6,10,1.21,831,0.004464908968657255,3.484867556835525e-05,0.007077536545693874,1500,1500,1000,1500,1800,1000,1000,1800
1784658583.5976,5.0801,0.02031,49.23,255,99600,0.580,GUIDED,GUIDED,128,5.197481155395508,0.08246792107820511,14.665932655334473,2.0,0.0,0.0,nan,nan,nan,nan,nan,nan,nan,nan,nan,nan,3.6463857982296286,-0.018353095047568466,7.373343101368924e-05,-0.1273989975452423,0,4.998378276824951,0.11893047392368317,14.666351318359375,0.009710278362035751,-0.010455500334501266,-0.0002842852263711393,0,0,-1001,31,6,1,0.0027162255719304085,0.002013379940763116,-0.12769748270511627,0.0011388707207515836,63,3135,0.019919633865356445,12.312,28.76,90,6,10,1.21,831,0.004464908968657255,3.484867556835525e-05,0.007077536545693874,1500,1500,1000,1500,1800,1000,1000,1800
1784658583.6172,5.1001,0.01963,50.96,256,99620,0.600,GUIDED,GUIDED,128,5.23746395111084,0.08246792107820511,14.665932655334473,2.0,0.0,0.0,nan,nan,nan,nan,nan,nan,nan,nan,nan,nan,3.685702876458641,-0.018311002696778548,9.150008455608609e-05,-0.1273989975452423,0,4.998378276824951,0.11898139119148254,14.666348457336426,0.010094630531966686,-0.01050919946283102,-0.0002928909962065518,0,0,-1001,58,11,1,0.0038932254537940025,0.002212697872892022,-0.12769904732704163,0.0011462050024420023,63,3135,0.019551992416381836,12.312,28.76,90,6,10,1.21,831,0.004464908968657255,3.484867556835525e-05,0.007077536545693874,1500,1500,1000,1500,1800,1000,1000,1800
1784658583.6372,5.1201,0.01995,50.12,257,99640,0.620,GUIDED,GUIDED,128,5.27746057510376,0.08246792107820511,14.665932655334473,2.0,0.0,0.0,nan,nan,nan,nan,nan,nan,nan,nan,nan,nan,3.724892313513409,-0.018739087173687396,8.170333702148724e-05,-0.1273989975452423,0,4.99821662902832,0.11925914138555527,14.666348457336426,0.010653987526893616,-0.010422403924167156,-0.00028723484138026834,0,0,-1001,93,13,1,0.0057609304785728455,0.0024537343997508287,-0.12769852578639984,0.0011196612613275647,63,3135,0.019895315170288086,12.312,28.76,90,6,10,1.21,831,0.004464908968657255,3.484867556835525e-05,0.007077536545693874,1500,1500,1000,1500,1800,1000,1000,1800
1784658583.6572,5.1401,0.02002,49.95,258,99660,0.640,GUIDED,GUIDED,128,5.317481994628906,0.08246792107820511,14.665932655334473,2.0,0.0,0.0,nan,nan,nan,nan,nan,nan,nan,nan,nan,nan,3.7628527887465193,-0.01861501392857529,6.71289380023177e-05,-0.1273989975452423,0,4.998268127441406,0.11927732080221176,14.666345596313477,0.011814141646027565,-0.010504533536732197,-0.00027716849581338465,0,0,-1001,126,20,1,0.0082937590777874,0.002833289559930563,-0.12769299745559692,0.0011439821682870388,63,3135,0.019960880279541016,12.312,28.76,90,6,10,1.21,831,0.004464908968657255,3.484867556835525e-05,0.007077536545693874,1500,1500,1000,1500,1800,1000,1000,1800
1784658583.6772,5.1601,0.02000,50.00,259,99680,0.660,GUIDED,GUIDED,128,5.357480049133301,0.08246792107820511,14.665932655334473,2.0,0.0,0.0,nan,nan,nan,nan,nan,nan,nan,nan,nan,nan,3.800045729823459,-0.01892824917447971,8.48125055417213e-05,-0.1273989975452423,0,4.99819803237915,0.1194935217499733,14.66634464263916,0.013474144041538239,-0.010448510758578777,-0.0002868275041691959,0,0,-1001,163,26,1,0.011577142402529716,0.003331596963107586,-0.12768292427062988,0.0011861525708809495,63,3135,0.019939422607421875,12.312,28.76,90,6,10,1.21,831,0.004464908968657255,3.484867556835525e-05,0.007077536545693874,1500,1500,1000,1500,1800,1000,1000,1800
1784658583.6972,5.1801,0.02001,49.98,260,99700,0.680,GUIDED,GUIDED,128,5.397459983825684,0.08246792107820511,14.665932655334473,2.0,0.0,0.0,nan,nan,nan,nan,nan,nan,nan,nan,nan,nan,3.8359173343126596,-0.019112818547895743,6.302941207395068e-05,-0.1273989975452423,0,4.998189449310303,0.11967556178569794,14.666343688964844,0.01585104502737522,-0.01044705044478178,-0.00027370042516849935,0,0,-1001,198,29,1,0.015536913648247719,0.003897384973242879,-0.12767335772514343,0.0012718532234430313,63,3135,0.01993107795715332,12.312,28.76,90,6,10,1.21,831,0.004464908968657255,3.484867556835525e-05,0.007077536545693874,1500,1500,1000,1500,1800,1000,1000,1800
1784658583.7172,5.2001,0.02002,49.96,261,99720,0.700,GUIDED,GUIDED,128,5.437463760375977,0.08246792107820511,14.665932655334473,2.0,0.0,0.0,nan,nan,nan,nan,nan,nan,nan,nan,nan,nan,3.8699329834710468,-0.01882525818701094,5.407980179206434e-06,-0.1273989975452423,0,4.9983978271484375,0.1196477860212326,14.666340827941895,0.019187984988093376,-0.01059703715145588,-0.00023878086358308792,0,0,-1001,234,35,1,0.020226605236530304,0.004586801398545504,-0.12765845656394958,0.0013495853636413813,63,3135,0.01994466781616211,12.312,28.76,90,6,10,1.21,831,0.004464908968657255,3.484867556835525e-05,0.007077536545693874,1500,1500,1000,1500,1800,1000,1000,1800
1784658583.7372,5.2201,0.01999,50.02,262,99740,0.720,GUIDED,GUIDED,128,5.477458953857422,0.08246792107820511,14.665932655334473,2.0,0.0,0.0,nan,nan,nan,nan,nan,nan,nan,nan,nan,nan,3.902364964376013,-0.018857907421367618,0.00016753129887522183,-0.1273989975452423,0,4.998561859130859,0.11977541446685791,14.666338920593262,0.02345990389585495,-0.010651873424649239,-0.0003312815970275551,0,0,-1000,266,36,1,0.02554989606142044,0.00528731569647789,-0.12763671576976776,0.001418460626155138,63,3135,0.019922494888305664,12.312,28.76,90,6,10,1.21,831,0.004464908968657255,3.484867556835525e-05,0.007077536545693874,1500,1500,1000,1500,1800,1000,1000,1800
1784658583.7573,5.2401,0.02004,49.91,263,99760,0.740,GUIDED,GUIDED,128,5.5174880027771,0.08246792107820511,14.665932655334473,2.0,0.0,0.0,nan,nan,nan,nan,nan,nan,nan,nan,nan,nan,3.932514897093414,-0.01848334323431616,0.00010664332401799127,-0.1273989975452423,0,4.998962879180908,0.1197187677025795,14.666335105895996,0.028932085260748863,-0.01083542313426733,-0.0002939254918601364,0,0,-1001,294,40,1,0.031436044722795486,0.006088274531066418,-0.12760457396507263,0.001455181511119008,63,3135,0.019947290420532227,12.312,28.76,90,6,10,1.21,831,0.0041122580878436565,3.540121178957634e-05,0.006817296613007784,1500,1500,1000,1500,1800,1000,1000,1800
1784658583.7773,5.2601,0.01998,50.04,264,99780,0.760,GUIDED,GUIDED,128,5.55748176574707,0.08246792107820511,14.665932655334473,2.0,0.0,0.0,nan,nan,nan,nan,nan,nan,nan,nan,nan,nan,3.9606861180295136,-0.018396219737033884,6.527367248911352e-05,-0.1273989975452423,0,4.999380111694336,0.1197953075170517,14.666333198547363,0.03551694378256798,-0.010929914191365242,-0.000268939504167065,0,0,-1001,324,45,1,0.03791547939181328,0.006968436297029257,-0.12756292521953583,0.001455365912988782,63,3135,0.019912004470825195,12.312,28.76,90,6,10,1.21,831,0.0041122580878436565,3.540121178957634e-05,0.006817296613007784,1500,1500,1000,1500,1800,1000,1000,1800
1784658583.7972,5.2801,0.01997,50.06,265,99800,0.780,GUIDED,GUIDED,128,5.597480773925781,0.08246792107820511,14.665932655334473,2.0,0.0,0.0,nan,nan,nan,nan,nan,nan,nan,nan,nan,nan,3.985919444726896,-0.018530007203046865,0.00040183214874865356,-0.1273989975452423,0,4.999927043914795,0.11997386813163757,14.666330337524414,0.04372614249587059,-0.01095576398074627,-0.0004615998186636716,0,0,-1001,348,47,1,0.04517507553100586,0.007929157465696335,-0.12751513719558716,0.0013973924797028303,63,3135,0.01989889144897461,12.312,28.76,90,6,10,1.21,831,0.0041122580878436565,3.540121178957634e-05,0.006817296613007784,1500,1500,1000,1500,1800,1000,1000,1800
1784658583.8172,5.3001,0.01998,50.06,266,99820,0.800,GUIDED,GUIDED,128,5.637460231781006,0.08246792107820511,14.665932655334473,2.0,0.0,0.0,nan,nan,nan,nan,nan,nan,nan,nan,nan,nan,4.008786643867435,-0.01829895132635401,0.0004342824027704482,-0.1273989975452423,0,5.000730991363525,0.12001034617424011,14.6663236618042,0.053141750395298004,-0.011110224761068821,-0.00047648075269535184,0,0,-1001,370,50,1,0.05259159952402115,0.008901454508304596,-0.127461239695549,0.0013325768522918224,63,3135,0.01991724967956543,12.312,28.76,90,6,10,1.21,831,0.0041122580878436565,3.540121178957634e-05,0.006817296613007784,1500,1500,1000,1500,1800,1000,1000,1800
1784658583.8372,5.3201,0.02003,49.92,267,99840,0.820,GUIDED,GUIDED,128,5.677456855773926,0.08246792107820511,14.665932655334473,2.0,0.0,0.0,nan,nan,nan,nan,nan,nan,nan,nan,nan,nan,4.02925336230091,-0.018569304404107128,0.0007714311331315367,-0.1273989975452423,0,5.0015974044799805,0.1202690526843071,14.666318893432617,0.0639171227812767,-0.011103500612080097,-0.0006683806423097849,0,0,-1001,387,49,1,0.060344595462083817,0.009866980835795403,-0.12739886343479156,0.0012694424949586391,63,3135,0.01995992660522461,12.312,28.76,90,6,10,1.21,831,0.0041122580878436565,3.540121178957634e-05,0.006817296613007784,1500,1500,1000,1500,1800,1000,1000,1800
1784658583.8576,5.3401,0.02032,49.22,268,99860,0.840,GUIDED,GUIDED,128,5.717480659484863,0.08246792107820511,14.665932655334473,2.0,0.0,0.0,nan,nan,nan,nan,nan,nan,nan,nan,nan,nan,4.04658402436377,-0.018346378415956082,0.0010719523008165719,-0.1273989975452423,0,5.002856254577637,0.12027031183242798,14.666306495666504,0.07629221677780151,-0.011232933960855007,-0.0008347287657670677,0,-1,-1002,406,52,1,0.06848299503326416,0.01088864728808403,-0.12732113897800446,0.001341713243164122,63,3135,0.020254135131835938,12.312,28.76,90,6,10,1.21,831,0.0041122580878436565,3.540121178957634e-05,0.006817296613007784,1500,1500,1000,1500,1800,1000,1000,1800
1784658583.8772,5.3601,0.01969,50.78,269,99880,0.860,GUIDED,GUIDED,128,5.757485389709473,0.08246792107820511,14.665932655334473,2.0,0.0,0.0,nan,nan,nan,nan,nan,nan,nan,nan,nan,nan,4.061085413271764,-0.01854461978136153,0.0012858426443851444,-0.1273989975452423,0,5.004257678985596,0.12046559154987335,14.66629409790039,0.09020746499300003,-0.011231224052608013,-0.0009510605596005917,0,-1,-1003,421,51,1,0.07689142227172852,0.011892489157617092,-0.1272353082895279,0.001323610544204712,63,3135,0.01962137222290039,12.312,28.76,90,6,10,1.21,831,0.0041122580878436565,3.540121178957634e-05,0.006817296613007784,1500,1500,1000,1500,1800,1000,1000,1800
1784658583.8972,5.3801,0.01998,50.05,270,99900,0.880,GUIDED,GUIDED,128,5.797479629516602,0.08246792107820511,14.665932655334473,2.0,0.0,0.0,nan,nan,nan,nan,nan,nan,nan,nan,nan,nan,4.072447441975288,-0.01868724587113399,0.00155446536473225,-0.1273989975452423,0,5.005975246429443,0.12062682956457138,14.666279792785645,0.10574664175510406,-0.011241969652473927,-0.001097890897653997,0,-1,-1003,434,55,1,0.08557556569576263,0.012983109802007675,-0.12713858485221863,0.0011707150842994452,63,3135,0.019902467727661133,12.312,28.76,90,6,10,1.21,831,0.0041122580878436565,3.540121178957634e-05,0.006817296613007784,1500,1500,1000,1500,1800,1000,1000,1800
1784658583.9172,5.4001,0.01998,50.06,271,99920,0.900,GUIDED,GUIDED,128,5.837460994720459,0.08246792107820511,14.665932655334473,2.0,0.0,0.0,nan,nan,nan,nan,nan,nan,nan,nan,nan,nan,4.080277028494316,-0.018350802882449717,0.0019467952762851513,-0.1273989975452423,0,5.008149147033691,0.12058020383119583,14.666258811950684,0.1230543777346611,-0.011409295722842216,-0.0013122893869876862,0,-1,-1003,444,57,1,0.0944393128156662,0.014104679226875305,-0.12702804803848267,0.0012186522362753749,63,3135,0.019916772842407227,12.312,28.76,90,6,10,1.21,831,0.0041122580878436565,3.540121178957634e-05,0.006817296613007784,1500,1500,1000,1500,1800,1000,1000,1800
1784658583.9372,5.4201,0.02003,49.92,272,99940,0.920,GUIDED,GUIDED,128,5.877462863922119,0.08246792107820511,14.665932655334473,2.0,0.0,0.0,nan,nan,nan,nan,nan,nan,nan,nan,nan,nan,4.085025259475786,-0.01835338969165569,0.002109817860448902,-0.1273989975452423,0,5.010591506958008,0.12068688869476318,14.666237831115723,0.14199797809123993,-0.011469396762549877,-0.0013942972291260958,0,-2,-1005,453,59,1,0.1035134568810463,0.01526747364550829,-0.12689921259880066,0.0013412594562396407,63,3135,0.019961833953857422,12.312,28.76,90,6,10,1.21,831,0.0041122580878436565,3.540121178957634e-05,0.006817296613007784,1500,1500,1000,1500,1800,1000,1000,1800
1784658583.9572,5.4400,0.02000,50.01,273,99960,0.940,GUIDED,GUIDED,128,5.917456150054932,0.08246792107820511,14.665932655334473,2.0,0.0,0.0,nan,nan,nan,nan,nan,nan,nan,nan,nan,nan,4.086077852554395,-0.01798503936448307,0.0023114873023948384,-0.1273989975452423,0,5.013541221618652,0.12061190605163574,14.66621208190918,0.162777379155159,-0.011638772673904896,-0.0014958648243919015,0,-2,-1006,464,58,1,0.11277571320533752,0.016389019787311554,-0.12676121294498444,0.001393903628922999,63,3135,0.0199127197265625,12.312,28.76,90,6,10,1.21,831,0.003841337049379945,7.131342135835439e-05,0.005664027761667967,1500,1500,1000,1500,1800,1000,1000,1800
1784658583.9772,5.4601,0.02000,50.00,274,99982,0.960,GUIDED,GUIDED,128,5.957475185394287,0.08246792107820511,14.665932655334473,2.0,0.0,0.0,nan,nan,nan,nan,nan,nan,nan,nan,nan,nan,4.078388957859645,-0.01786451921204235,0.0026341200638408703,-0.1273989975452423,0,5.01731014251709,0.12063921988010406,14.666182518005371,0.18814557790756226,-0.011724124662578106,-0.0016650682082399726,0,-3,-1006,468,60,1,0.12329059839248657,0.017709560692310333,-0.1265828162431717,0.0014893438201397657,63,3135,0.019928932189941406,12.312,28.76,90,6,10,1.21,831,0.003841337049379945,7.131342135835439e-05,0.005664027761667967,1500,1500,1000,1500,1800,1000,1000,1800
1784658583.9973,5.4801,0.02003,49.92,275,100002,0.980,GUIDED,GUIDED,128,5.997476100921631,0.08246792107820511,14.665932655334473,2.0,0.0,0.0,nan,nan,nan,nan,nan,nan,nan,nan,nan,nan,4.072474663067048,-0.018027428292140844,0.0029844225132618475,-0.1273989975452423,0,5.021021366119385,0.1208081990480423,14.666158676147461,0.2125120609998703,-0.011727629229426384,-0.0018535503186285496,0,-4,-1007,473,62,1,0.13274191319942474,0.018907491117715836,-0.12641246616840363,0.001429945696145296,63,3135,0.019936323165893555,12.312,28.76,90,6,10,1.21,831,0.003841337049379945,7.131342135835439e-05,0.005664027761667967,1500,1500,1000,1500,1800,1000,1000,1800
1784658584.0173,5.5001,0.02002,49.94,276,100022,0.000,GUIDED,GUIDED,128,6.037461280822754,0.08246792107820511,14.665932655334473,2.0,0.0,0.0,nan,nan,nan,nan,nan,nan,nan,nan,nan,nan,4.062744417992209,-0.01792813395257816,0.0033782618572185475,-0.1273989975452423,0,5.025328159332275,0.12082870304584503,14.666129112243652,0.23872874677181244,-0.011796794831752777,-0.002063864842057228,0,-4,-1008,479,59,1,0.14229688048362732,0.020049389451742172,-0.12623807787895203,0.0014145657187327743,63,3135,0.019896268844604492,12.311,28.9,90,6,10,1.21,831,0.003841337049379945,7.131342135835439e-05,0.005664027761667967,1500,1500,1000,1500,1800,1000,1000,1800
1784658584.0372,5.5201,0.01995,50.13,277,100042,0.020,GUIDED,GUIDED,128,6.077459812164307,0.08246792107820511,14.665932655334473,2.0,0.0,0.0,nan,nan,nan,nan,nan,nan,nan,nan,nan,nan,4.049789806017296,-0.018300712717816102,0.0038978620918605827,-0.1273989975452423,0,5.030001640319824,0.12107190489768982,14.666101455688477,0.266603022813797,-0.011722099035978317,-0.002347888657823205,0,-5,-1009,479,62,1,0.15186606347560883,0.021262068301439285,-0.126041442155838,0.0013646509032696486,63,3135,0.019875526428222656,12.311,28.9,90,6,10,1.21,831,0.003841337049379945,7.131342135835439e-05,0.005664027761667967,1500,1500,1000,1500,1800,1000,1000,1800
1784658584.0572,5.5401,0.02001,49.98,278,100062,0.040,GUIDED,GUIDED,128,6.117481231689453,0.08246792107820511,14.665932655334473,2.0,0.0,0.0,nan,nan,nan,nan,nan,nan,nan,nan,nan,nan,4.033045241356856,-0.018583597699552458,0.004314788551760206,-0.1273989975452423,0,5.035285949707031,0.12127324938774109,14.666067123413086,0.2963259816169739,-0.01167502161115408,-0.0025687795132398605,0,-6,-1011,482,63,1,0.1614978313446045,0.022480450570583344,-0.12583079934120178,0.0013283893931657076,63,3135,0.019936800003051758,12.311,28.9,90,6,10,1.21,831,0.003841337049379945,7.131342135835439e-05,0.005664027761667967,1500,1500,1000,1500,1800,1000,1000,1800
1784658584.0772,5.5601,0.01996,50.10,279,100082,0.060,GUIDED,GUIDED,128,6.157475471496582,0.08246792107820511,14.665932655334473,2.0,0.0,0.0,nan,nan,nan,nan,nan,nan,nan,nan,nan,nan,4.012199154716735,-0.01839027024345157,0.004833729174796235,-0.1273989975452423,0,5.041364669799805,0.12124220281839371,14.666019439697266,0.3279426097869873,-0.011768714524805546,-0.002840859815478325,0,-6,-1012,485,62,1,0.17118652164936066,0.023690611124038696,-0.12560716271400452,0.0013871698174625635,63,3135,0.019902944564819336,12.311,28.9,90,6,10,1.21,831,0.003841337049379945,7.131342135835439e-05,0.005664027761667967,1500,1500,1000,1500,1800,1000,1000,1800
1784658584.0975,5.5801,0.02029,49.29,280,100102,0.080,GUIDED,GUIDED,128,6.197460651397705,0.08246792107820511,14.665932655334473,2.0,0.0,0.0,nan,nan,nan,nan,nan,nan,nan,nan,nan,nan,3.9879111685184947,-0.018527008327502738,0.005231330424856846,-0.1273989975452423,0,5.0479536056518555,0.12139126658439636,14.665975570678711,0.36124661564826965,-0.011775830760598183,-0.0030450872145593166,0,-7,-1014,484,64,1,0.18083466589450836,0.024915827438235283,-0.12537071108818054,0.001440119231119752,63,3135,0.019954681396484375,12.311,28.9,90,6,10,1.21,831,0.003841337049379945,7.131342135835439e-05,0.005664027761667967,1500,1500,1000,1500,1800,1000,1000,1800
1784658584.1173,5.6001,0.01977,50.58,281,100122,0.100,GUIDED,GUIDED,128,6.237470626831055,0.08246792107820511,14.665932655334473,2.0,0.0,0.0,nan,nan,nan,nan,nan,nan,nan,nan,nan,nan,3.9595179018491127,-0.01828229256667192,0.0057311697951766315,-0.1273989975452423,0,5.055386543273926,0.12133410573005676,14.66592025756836,0.3964478373527527,-0.011884115636348724,-0.003301734570413828,0,-8,-1015,484,63,1,0.19051006436347961,0.026135951280593872,-0.12512215971946716,0.001478514401242137,63,3135,0.019707679748535156,12.311,28.9,90,6,10,1.21,831,0.003841337049379945,7.131342135835439e-05,0.005664027761667967,1500,1500,1000,1500,1800,1000,1000,1800
1784658584.1372,5.6201,0.01993,50.18,282,100142,0.120,GUIDED,GUIDED,128,6.277460098266602,0.08246792107820511,14.665932655334473,2.0,0.0,0.0,nan,nan,nan,nan,nan,nan,nan,nan,nan,nan,3.927545606281245,-0.01834230029663587,0.006242293189403124,-0.1273989975452423,0,5.063421726226807,0.12143051624298096,14.665864944458008,0.4333558678627014,-0.011905132792890072,-0.003564896760508418,1,-9,-1017,483,63,1,0.20015370845794678,0.027336349710822105,-0.1248636394739151,0.0014754367293789983,63,3135,0.019868850708007812,12.311,28.9,90,6,10,1.21,831,0.003841337049379945,7.131342135835439e-05,0.005664027761667967,1500,1500,1000,1500,1800,1000,1000,1800
1784658584.1572,5.6401,0.02003,49.93,283,100162,0.140,GUIDED,GUIDED,128,6.317469596862793,0.08246792107820511,14.665932655334473,2.0,0.0,0.0,nan,nan,nan,nan,nan,nan,nan,nan,nan,nan,3.891677952372092,-0.0183192356798293,0.006733444467643207,-0.1273989975452423,0,5.072238445281982,0.12149418145418167,14.665804862976074,0.4720732271671295,-0.011955206282436848,-0.003813775023445487,1,-10,-1019,483,63,1,0.209811270236969,0.028550589457154274,-0.12458962202072144,0.0014756141463294625,63,3135,0.019950389862060547,12.311,28.9,90,6,10,1.21,831,0.004965918138623238,7.644998549949378e-05,0.006858886685222387,1500,1500,1000,1500,1800,1000,1000,1800
1784658584.1773,5.6601,0.02008,49.81,284,100182,0.160,GUIDED,GUIDED,128,6.357476234436035,0.08246792107820511,14.665932655334473,2.0,0.0,0.0,nan,nan,nan,nan,nan,nan,nan,nan,nan,nan,3.851696533245245,-0.01791841212203709,0.007074570269343027,-0.1273989975452423,0,5.081972599029541,0.12139376997947693,14.665732383728027,0.5126343369483948,-0.012128649279475212,-0.00396887818351388,1,-11,-1021,483,63,1,0.21945370733737946,0.02975006401538849,-0.12430532276630402,0.0015150655526667833,63,3135,0.01994943618774414,12.311,28.9,90,6,10,1.21,831,0.004965918138623238,7.644998549949378e-05,0.006858886685222387,1500,1500,1000,1500,1800,1000,1000,1800
1784658584.1972,5.6801,0.01995,50.13,285,100202,0.180,GUIDED,GUIDED,128,6.397475719451904,0.08246792107820511,14.665932655334473,2.0,0.0,0.0,nan,nan,nan,nan,nan,nan,nan,nan,nan,nan,3.8085647093195076,-0.01813713518067987,0.007515999468135009,-0.1273989975452423,0,5.092200756072998,0.12156817317008972,14.665667533874512,0.5547249913215637,-0.012103061191737652,-0.004186296369880438,1,-12,-1022,481,62,1,0.22905103862285614,0.03093172423541546,-0.1240171417593956,0.0014850303996354342,63,3135,0.01987481117248535,12.311,28.9,90,6,10,1.21,831,0.004965918138623238,7.644998549949378e-05,0.006858886685222387,1500,1500,1000,1500,1800,1000,1000,1800
1784658584.2172,5.7001,0.01998,50.06,286,100222,0.200,GUIDED,GUIDED,128,6.437461853027344,0.08246792107820511,14.665932655334473,2.0,0.0,0.0,nan,nan,nan,nan,nan,nan,nan,nan,nan,nan,3.761242752109019,-0.018045854851037678,0.007813708666808203,-0.1273989975452423,0,5.103404998779297,0.12159473448991776,14.665594100952148,0.5986635684967041,-0.012171097099781036,-0.004315782338380814,1,-14,-1025,480,62,1,0.2386263906955719,0.03210195153951645,-0.12372419238090515,0.0014383867383003235,63,3135,0.019918203353881836,12.311,28.9,90,6,10,1.21,831,0.004965918138623238,7.644998549949378e-05,0.006858886685222387,1500,1500,1000,1500,1800,1000,1000,1800
1784658584.2372,5.7201,0.02000,50.00,287,100242,0.220,GUIDED,GUIDED,128,6.477458477020264,0.08246792107820511,14.665932655334473,2.0,0.0,0.0,nan,nan,nan,nan,nan,nan,nan,nan,nan,nan,3.7106103490087303,-0.018449379840570122,0.008038022464777902,-0.1273989975452423,0,5.115220069885254,0.1218564584851265,14.665528297424316,0.6441668272018433,-0.012089228257536888,-0.004407298285514116,1,-15,-1027,478,62,1,0.2481756955385208,0.033283744007349014,-0.12341544032096863,0.001431511715054512,63,3135,0.019930124282836914,12.311,28.9,90,6,10,1.21,831,0.004965918138623238,7.644998549949378e-05,0.006858886685222387,1500,1500,1000,1500,1800,1000,1000,1800
1784658584.2572,5.7401,0.01999,50.02,288,100262,0.240,GUIDED,GUIDED,128,6.517458915710449,0.08246792107820511,14.665932655334473,2.0,0.0,0.0,nan,nan,nan,nan,nan,nan,nan,nan,nan,nan,3.655930379027856,-0.01875095719067193,0.008297336510824045,-0.1273989975452423,0,5.12801456451416,0.12207479029893875,14.665457725524902,0.691443681716919,-0.012041166424751282,-0.004516268614679575,1,-16,-1029,476,62,1,0.2576799690723419,0.0344465896487236,-0.12309932708740234,0.0014199563302099705,63,3135,0.019925355911254883,12.311,28.9,90,6,10,1.21,831,0.004965918138623238,7.644998549949378e-05,0.006858886685222387,1500,1500,1000,1500,1800,1000,1000,1800
1784658584.2772,5.7601,0.02000,50.01,289,100282,0.260,GUIDED,GUIDED,128,6.557478427886963,0.08246792107820511,14.665932655334473,2.0,0.0,0.0,nan,nan,nan,nan,nan,nan,nan,nan,nan,nan,3.5967160139554952,-0.01853382832879585,0.008528978968229515,-0.1273989975452423,0,5.142066955566406,0.12204790860414505,14.665374755859375,0.7406232357025146,-0.012151005677878857,-0.004602104891091585,1,-17,-1031,474,61,1,0.2671453356742859,0.0355970524251461,-0.12277449667453766,0.0013793210964649916,63,3135,0.019936800003051758,12.311,28.9,90,6,10,1.21,831,0.004965918138623238,7.644998549949378e-05,0.006858886685222387,1500,1500,1000,1500,1800,1000,1000,1800
1784658584.2972,5.7801,0.02001,49.98,290,100302,0.280,GUIDED,GUIDED,128,6.59745979309082,0.08246792107820511,14.665932655334473,2.0,0.0,0.0,nan,nan,nan,nan,nan,nan,nan,nan,nan,nan,3.5339278482153444,-0.018709315223536943,0.008635132777328164,-0.1273989975452423,0,5.156888008117676,0.1222120150923729,14.665301322937012,0.7914003133773804,-0.012144435197114944,-0.004620996303856373,2,-19,-1033,470,61,1,0.2765181362628937,0.03673325106501579,-0.1224447712302208,0.001426521223038435,63,3135,0.019932270050048828,12.311,28.9,90,6,10,1.21,831,0.004965918138623238,7.644998549949378e-05,0.006858886685222387,1500,1500,1000,1500,1800,1000,1000,1800
1784658584.3173,5.8001,0.02003,49.92,291,100322,0.300,GUIDED,GUIDED,128,6.637486934661865,0.08246792107820511,14.665932655334473,2.0,0.0,0.0,nan,nan,nan,nan,nan,nan,nan,nan,nan,nan,3.4667764815025652,-0.018425233252384605,0.008901173270246246,-0.1273989975452423,0,5.17300271987915,0.122157983481884,14.665217399597168,0.8439760208129883,-0.012277254834771156,-0.004726141691207886,2,-20,-1035,449,58,1,0.28544002771377563,0.03782128170132637,-0.1221201941370964,0.001343141426332295,63,3135,0.01995849609375,12.311,28.9,90,6,10,1.21,831,0.004965918138623238,7.644998549949378e-05,0.006858886685222387,1500,1500,1000,1500,1800,1000,1000,1800
1784658584.3372,5.8200,0.01997,50.07,292,100342,0.320,GUIDED,GUIDED,128,6.677434921264648,0.08246792107820511,14.665932655334473,2.0,0.0,0.0,nan,nan,nan,nan,nan,nan,nan,nan,nan,nan,3.396269498278844,-0.018492889754637767,0.008837619016158031,-0.1273989975452423,0,5.189981937408447,0.12226741760969162,14.665143013000488,0.8979442715644836,-0.012301375158131123,-0.004646501503884792,2,-22,-1038,414,53,1,0.2936730682849884,0.03881291300058365,-0.12181177735328674,0.0013554412871599197,63,3135,0.019901275634765625,12.311,28.9,90,6,10,1.21,831,0.004965918138623238,7.644998549949378e-05,0.006858886685222387,1500,1500,1000,1500,1800,1000,1000,1800
1784658584.3576,5.8401,0.02034,49.15,293,100362,0.340,GUIDED,GUIDED,128,6.71748685836792,0.08246792107820511,14.665932655334473,2.0,0.0,0.0,nan,nan,nan,nan,nan,nan,nan,nan,nan,nan,3.3223231423266766,-0.01847398899834775,0.008665140318440165,-0.1273989975452423,0,5.208092212677002,0.12234276533126831,14.665068626403809,0.9533052444458008,-0.012355789542198181,-0.004503973759710789,2,-23,-1040,373,48,1,0.3010709583759308,0.039696160703897476,-0.12152731418609619,0.0013478221371769905,63,3135,0.02026653289794922,12.311,28.9,90,6,10,1.21,831,0.00573372095823288,0.00011981109128100798,0.012080642394721508,1500,1500,1000,1500,1800,1000,1000,1800
1784658584.3772,5.8601,0.01968,50.81,294,100382,0.360,GUIDED,GUIDED,128,6.757485389709473,0.08246792107820511,14.665932655334473,2.0,0.0,0.0,nan,nan,nan,nan,nan,nan,nan,nan,nan,nan,3.2447513136087767,-0.01812733103248979,0.008388252625674017,-0.1273989975452423,0,5.227531909942627,0.12224402278661728,14.66498851776123,1.0099610090255737,-0.01249892357736826,-0.0042978618294000626,2,-25,-1042,320,41,1,0.3074035942554474,0.04045071825385094,-0.12127615511417389,0.0012923034373670816,63,3135,0.0196073055267334,12.311,28.9,90,6,10,1.21,831,0.00573372095823288,0.00011981109128100798,0.012080642394721508,1500,1500,1000,1500,1800,1000,1000,1800
1784658584.3972,5.8801,0.01999,50.03,295,100402,0.380,GUIDED,GUIDED,128,6.797479629516602,0.08246792107820511,14.665932655334473,2.0,0.0,0.0,nan,nan,nan,nan,nan,nan,nan,nan,nan,nan,3.1655149505714,-0.018456256307500727,0.007869775673140662,-0.1273989975452423,0,5.2476325035095215,0.12245659530162811,14.66493034362793,1.0671937465667725,-0.012431747280061245,-0.003964932169765234,3,-27,-1044,266,34,1,0.31265705823898315,0.04107152298092842,-0.12107018381357193,0.0012936495477333665,63,3135,0.019903898239135742,12.311,28.9,90,6,10,1.21,831,0.00573372095823288,0.00011981109128100798,0.012080642394721508,1500,1500,1000,1500,1800,1000,1000,1800
1784658584.4172,5.9001,0.02001,49.98,296,100422,0.400,GUIDED,GUIDED,128,6.837485313415527,0.08246792107820511,14.665932655334473,2.0,0.0,0.0,nan,nan,nan,nan,nan,nan,nan,nan,nan,nan,3.08355963767818,-0.01843668443356902,0.007092141549430211,-0.1273989975452423,0,5.269079685211182,0.12251155823469162,14.664871215820312,1.1252254247665405,-0.012474779970943928,-0.0034818274434655905,3,-29,-1046,212,28,1,0.3168187737464905,0.04156198725104332,-0.12092240154743195,0.0012275134213268757,63,3135,0.01993727684020996,12.311,28.9,90,6,10,1.21,831,0.00573372095823288,0.00011981109128100798,0.012080642394721508,1500,1500,1000,1500,1800,1000,1000,1800
1784658584.4372,5.9201,0.01996,50.09,297,100442,0.420,GUIDED,GUIDED,128,6.877479553222656,0.08246792107820511,14.665932655334473,2.0,0.0,0.0,nan,nan,nan,nan,nan,nan,nan,nan,nan,nan,3.0006439641049356,-0.01897593100924516,0.006125239209808456,-0.1273989975452423,0,5.291275501251221,0.1228344738483429,14.664836883544922,1.1833727359771729,-0.01234988123178482,-0.002903764368966222,3,-30,-1047,155,21,1,0.31984570622444153,0.04193047061562538,-0.1208115816116333,0.0011899989331141114,63,3135,0.01990485191345215,12.311,28.9,90,6,10,1.21,831,0.00573372095823288,0.00011981109128100798,0.012080642394721508,1500,1500,1000,1500,1800,1000,1000,1800
1784658584.4572,5.9401,0.02004,49.91,298,100462,0.440,GUIDED,GUIDED,128,6.917487621307373,0.08246792107820511,14.665932655334473,2.0,0.0,0.0,nan,nan,nan,nan,nan,nan,nan,nan,nan,nan,2.916011852043527,-0.019460569842645957,0.004938964847212466,-0.1273989975452423,0,5.314707279205322,0.1231110617518425,14.664813995361328,1.2418054342269897,-0.012229762971401215,-0.0022056540474295616,3,-32,-1048,114,16,1,0.32207146286964417,0.04219139739871025,-0.12073752284049988,0.001031944528222084,63,3135,0.01996469497680664,12.311,28.9,90,6,10,1.21,831,0.00573372095823288,0.00011981109128100798,0.012080642394721508,1500,1500,1000,1500,1800,1000,1000,1800
1784658584.4772,5.9601,0.01997,50.08,299,100482,0.460,GUIDED,GUIDED,128,6.957484722137451,0.08246792107820511,14.665932655334473,2.0,0.0,0.0,nan,nan,nan,nan,nan,nan,nan,nan,nan,nan,2.8292256165004295,-0.019273520627337757,0.003559683035302531,-0.1273989975452423,0,5.339739799499512,0.12311062216758728,14.664790153503418,1.3005512952804565,-0.012337502092123032,-0.0013955602189525962,3,-34,-1048,67,9,1,0.32333409786224365,0.042338836938142776,-0.12070047855377197,0.0009824547450989485,63,3135,0.019908666610717773,12.311,28.9,90,6,10,1.21,831,0.00573372095823288,0.00011981109128100798,0.012080642394721508,1500,1500,1000,1500,1800,1000,1000,1800
1784658584.4972,5.9801,0.02003,49.94,300,100502,0.480,GUIDED,GUIDED,128,6.997457981109619,0.08246792107820511,14.665932655334473,2.0,0.0,0.0,nan,nan,nan,nan,nan,nan,nan,nan,nan,nan,2.742381415987815,-0.0195386168859739,0.0018839710487297133,-0.1273989975452423,0,5.365597248077393,0.12332960963249207,14.664799690246582,1.3588405847549438,-0.012310881167650223,-0.00043359349365346134,3,-36,-1048,14,4,1,0.3235374391078949,0.042368825525045395,-0.12071580439805984,0.0007804487831890583,63,3135,0.019930601119995117,12.311,28.9,90,6,10,1.21,831,0.00573372095823288,0.00011981109128100798,0.012080642394721508,1500,1500,1000,1500,1800,1000,1000,1800
1784658584.5173,6.0001,0.02007,49.83,301,100522,0.500,GUIDED,GUIDED,128,7.037487030029297,0.08246792107820511,14.665932655334473,2.0,0.0,0.0,nan,nan,nan,nan,nan,nan,nan,nan,nan,nan,2.654415404454584,-0.01930206221599515,0.00029658516751512583,-0.1273989975452423,0,5.393002510070801,0.12330053001642227,14.664814949035645,1.4169161319732666,-0.012430666945874691,0.00047407450620085,4,-38,-1048,-38,-3,1,0.32267168164253235,0.042259376496076584,-0.12077974528074265,0.0007165930001065135,63,3135,0.019937992095947266,12.296,30.44,90,6,10,1.21,831,0.00573372095823288,0.00011981109128100798,0.012080642394721508,1500,1500,1000,1500,1800,1000,1000,1800
1784658584.5372,6.0201,0.01990,50.24,302,100542,0.520,GUIDED,GUIDED,128,7.077478408813477,0.08246792107820511,14.665932655334473,2.0,0.0,0.0,nan,nan,nan,nan,nan,nan,nan,nan,nan,nan,2.566999709985728,-0.019491509250597904,-0.0017898635537736852,-0.1273989975452423,0,5.421258926391602,0.12346164137125015,14.664864540100098,1.4741607904434204,-0.012414307333528996,0.0016500548226758838,4,-40,-1048,-86,-8,0,0.3208645284175873,0.042057640850543976,-0.12087342888116837,0.0005973213701508939,63,3135,0.019844770431518555,12.296,30.44,90,6,10,1.21,831,0.00573372095823288,0.00011981109128100798,0.012080642394721508,1500,1500,1000,1500,1800,1000,1000,1800
1784658584.5573,6.0401,0.02006,49.86,303,100562,0.540,GUIDED,GUIDED,128,7.1174845695495605,0.08246792107820511,14.665932655334473,2.0,0.0,0.0,nan,nan,nan,nan,nan,nan,nan,nan,nan,nan,2.4798600633335273,-0.019579853000021394,-0.003922278516966853,-0.1273989975452423,0,5.450704574584961,0.12358634918928146,14.664936065673828,1.53056800365448,-0.012435302138328552,0.002839909866452217,4,-42,-1047,-128,-15,1,0.31821733713150024,0.04173225536942482,-0.12100377678871155,0.0006280492525547743,63,3135,0.019965648651123047,12.296,30.44,90,6,10,1.21,831,0.004934738855808973,0.00018296320922672749,0.018343143165111542,1500,1500,1000,1500,1800,1000,1000,1800
1784658584.5773,6.0601,0.02003,49.92,304,100582,0.560,GUIDED,GUIDED,128,7.15748405456543,0.08246792107820511,14.665932655334473,2.0,0.0,0.0,nan,nan,nan,nan,nan,nan,nan,nan,nan,nan,2.3927966535106964,-0.019164983363887153,-0.006047156992269932,-0.1273989975452423,0,5.4815826416015625,0.12351030111312866,14.665017127990723,1.5861003398895264,-0.012630920857191086,0.004019907675683498,4,-44,-1045,-169,-18,0,0.3147641718387604,0.041351452469825745,-0.1211494579911232,0.00051051628543064,63,3135,0.019908905029296875,12.296,30.44,90,6,10,1.21,831,0.004934738855808973,0.00018296320922672749,0.018343143165111542,1500,1500,1000,1500,1800,1000,1000,1800
1784658584.5975,6.0801,0.02025,49.39,305,100602,0.580,GUIDED,GUIDED,128,7.197482585906982,0.08246792107820511,14.665932655334473,2.0,0.0,0.0,nan,nan,nan,nan,nan,nan,nan,nan,nan,nan,2.308460856843809,-0.01962259652611531,-0.008306701880558877,-0.1273989975452423,0,5.512810707092285,0.12379953265190125,14.665140151977539,1.6398552656173706,-0.012533705681562424,0.005253428593277931,4,-46,-1043,-202,-23,0,0.3106461763381958,0.04086189344525337,-0.12134326994419098,0.0005437081563286483,63,3135,0.0199277400970459,12.296,30.44,90,6,10,1.21,831,0.004934738855808973,0.00018296320922672749,0.018343143165111542,1500,1500,1000,1500,1800,1000,1000,1800
1784658584.6173,6.1001,0.01970,50.75,306,100622,0.600,GUIDED,GUIDED,128,7.237483978271484,0.08246792107820511,14.665932655334473,2.0,0.0,0.0,nan,nan,nan,nan,nan,nan,nan,nan,nan,nan,2.224771915214312,-0.01962824823818479,-0.010421569255282823,-0.1273989975452423,0,5.5453996658325195,0.12390590459108353,14.665273666381836,1.6924526691436768,-0.01259185653179884,0.006397363264113665,5,-48,-1041,-234,-26,0,0.3058706820011139,0.0403100848197937,-0.121597521007061,0.0004887140239588916,63,3135,0.019630908966064453,12.296,30.44,90,6,10,1.21,831,0.004934738855808973,0.00018296320922672749,0.018343143165111542,1500,1500,1000,1500,1800,1000,1000,1800
1784658584.6372,6.1201,0.01996,50.10,307,100642,0.620,GUIDED,GUIDED,128,7.277478218078613,0.08246792107820511,14.665932655334473,2.0,0.0,0.0,nan,nan,nan,nan,nan,nan,nan,nan,nan,nan,2.149207366553754,-0.020477405708407555,-0.012403371744893402,-0.1273989975452423,0,5.576927661895752,0.12434070557355881,14.665440559387207,1.740967869758606,-0.012352627702057362,0.007445201743394136,5,-49,-1039,-261,-30,0,0.3007667362689972,0.03970171511173248,-0.1218612864613533,0.0005465878639370203,63,3135,0.019901752471923828,12.296,30.44,90,6,10,1.21,831,0.004934738855808973,0.00018296320922672749,0.018343143165111542,1500,1500,1000,1500,1800,1000,1000,1800
1784658584.6572,6.1401,0.02004,49.91,308,100662,0.640,GUIDED,GUIDED,128,7.317483901977539,0.08246792107820511,14.665932655334473,2.0,0.0,0.0,nan,nan,nan,nan,nan,nan,nan,nan,nan,nan,2.0699644777317823,-0.02107899304878189,-0.01447499616746178,-0.1273989975452423,0,5.610968112945557,0.12471458315849304,14.665632247924805,1.7901628017425537,-0.012221159413456917,0.00853058323264122,5,-51,-1037,-288,-34,0,0.29492977261543274,0.038999419659376144,-0.12214787304401398,0.000478625122923404,63,3135,0.019965648651123047,12.296,30.44,90,6,10,1.21,831,0.004934738855808973,0.00018296320922672749,0.018343143165111542,1500,1500,1000,1500,1800,1000,1000,1800
1784658584.6772,6.1601,0.01995,50.12,309,100682,0.660,GUIDED,GUIDED,128,7.3574628829956055,0.08246792107820511,14.665932655334473,2.0,0.0,0.0,nan,nan,nan,nan,nan,nan,nan,nan,nan,nan,1.9911459226685113,-0.020840620625500128,-0.01637955450185022,-0.1273989975452423,0,5.646644592285156,0.12476108223199844,14.665828704833984,1.8381527662277222,-0.012385630048811436,0.009516756050288677,5,-53,-1034,-307,-37,0,0.2887080907821655,0.03824551776051521,-0.12244057655334473,0.0005108253099024296,63,3135,0.019894838333129883,12.296,30.44,90,6,10,1.21,831,0.004934738855808973,0.00018296320922672749,0.018343143165111542,1500,1500,1000,1500,1800,1000,1000,1800
1784658584.6973,6.1801,0.02008,49.80,310,100702,0.680,GUIDED,GUIDED,128,7.397485256195068,0.08246792107820511,14.665932655334473,2.0,0.0,0.0,nan,nan,nan,nan,nan,nan,nan,nan,nan,nan,1.9156956923085038,-0.02127245789848246,-0.018229513738216237,-0.1273989975452423,0,5.6827168464660645,0.12507134675979614,14.666060447692871,1.8839945793151855,-0.012315439991652966,0.01045103371143341,5,-55,-1032,-324,-39,0,0.2821525037288666,0.03745049238204956,-0.12274906039237976,0.0005791509756818414,63,3135,0.019976377487182617,12.296,30.44,90,6,10,1.21,831,0.004934738855808973,0.00018296320922672749,0.018343143165111542,1500,1500,1000,1500,1800,1000,1000,1800
1784658584.7172,6.2001,0.01997,50.08,311,100722,0.700,GUIDED,GUIDED,128,7.437483310699463,0.08246792107820511,14.665932655334473,2.0,0.0,0.0,nan,nan,nan,nan,nan,nan,nan,nan,nan,nan,1.8411157581856654,-0.02096007953593735,-0.019746344704280626,-0.1273989975452423,0,5.720292091369629,0.1250860095024109,14.66629409790039,1.9284521341323853,-0.012504257261753082,0.011191878467798233,5,-56,-1029,-337,-40,1,0.2753395438194275,0.036623891443014145,-0.12305852025747299,0.0006717087235301733,63,3135,0.019896984100341797,12.296,30.44,90,6,10,1.21,831,0.004934738855808973,0.00018296320922672749,0.018343143165111542,1500,1500,1000,1500,1800,1000,1000,1800
1784658584.7372,6.2201,0.01996,50.10,312,100742,0.720,GUIDED,GUIDED,128,7.47747802734375,0.08246792107820511,14.665932655334473,2.0,0.0,0.0,nan,nan,nan,nan,nan,nan,nan,nan,nan,nan,1.769828993431941,-0.021253767276653523,-0.021195562043675256,-0.1273989975452423,0,5.758256435394287,0.12533225119113922,14.666558265686035,1.9707818031311035,-0.012476864270865917,0.011876067146658897,6,-58,-1026,-348,-42,1,0.2683190107345581,0.035770270973443985,-0.12335941940546036,0.0007545026019215584,63,3135,0.01990222930908203,12.296,30.44,90,6,10,1.21,831,0.004934738855808973,0.00018296320922672749,0.018343143165111542,1500,1500,1000,1500,1800,1000,1000,1800
1784658584.7573,6.2401,0.02006,49.86,313,100762,0.740,GUIDED,GUIDED,128,7.517482757568359,0.08246792107820511,14.665932655334473,2.0,0.0,0.0,nan,nan,nan,nan,nan,nan,nan,nan,nan,nan,1.700768889999446,-0.021445896288185568,-0.022396594348790738,-0.1273989975452423,0,5.797129154205322,0.12553799152374268,14.666831016540527,2.0113072395324707,-0.012484722770750523,0.012412010692059994,6,-60,-1023,-357,-42,1,0.26111987233161926,0.034903086721897125,-0.1236484944820404,0.0007981115486472845,63,3135,0.019966602325439453,12.296,30.44,90,6,10,1.21,831,0.005958669353276491,0.00015978440933395177,0.02746937796473503,1500,1500,1000,1500,1800,1000,1000,1800
1784658584.7772,6.2601,0.01998,50.05,314,100780,0.760,GUIDED,GUIDED,128,7.557480812072754,0.08246792107820511,14.665932655334473,2.0,0.0,0.0,nan,nan,nan,nan,nan,nan,nan,nan,nan,nan,1.637512702400049,-0.0209995058872069,-0.02326051058993585,-0.1273989975452423,0,5.835583209991455,0.1255107969045639,14.667086601257324,2.048719644546509,-0.012726745568215847,0.012763231061398983,6,-61,-1021,-362,-43,1,0.2541279196739197,0.03405376896262169,-0.12390968948602676,0.0008584705647081137,63,3135,0.019907474517822266,12.296,30.44,90,6,10,1.21,831,0.005958669353276491,0.00015978440933395177,0.02746937796473503,1500,1500,1000,1500,1800,1000,1000,1800
1784658584.7972,6.2801,0.02000,50.00,315,100800,0.780,GUIDED,GUIDED,128,7.597484111785889,0.08246792107820511,14.665932655334473,2.0,0.0,0.0,nan,nan,nan,nan,nan,nan,nan,nan,nan,nan,1.5741967563141495,-0.02173788310115217,-0.02407098449619797,-0.1273989975452423,0,5.875555038452148,0.12594525516033173,14.667364120483398,2.0852932929992676,-0.012551277875900269,0.01307093258947134,6,-63,-1018,-368,-44,1,0.24670051038265228,0.033149074763059616,-0.12420070171356201,0.0009587274398654699,63,3135,0.019929170608520508,12.296,30.44,90,6,10,1.21,831,0.005958669353276491,0.00015978440933395177,0.02746937796473503,1500,1500,1000,1500,1800,1000,1000,1800
1784658584.8172,6.3001,0.01998,50.05,316,100820,0.800,GUIDED,GUIDED,128,7.637477874755859,0.08246792107820511,14.665932655334473,2.0,0.0,0.0,nan,nan,nan,nan,nan,nan,nan,nan,nan,nan,1.5123710735559144,-0.021876487481317708,-0.024745422846154125,-0.1273989975452423,0,5.9167046546936035,0.12615612149238586,14.667633056640625,2.120321035385132,-0.012592998333275318,0.013305049389600754,6,-64,-1016,-371,-44,1,0.23920515179634094,0.03222757205367088,-0.12454984337091446,0.001072047045454383,63,3135,0.019922971725463867,12.296,30.44,90,6,10,1.21,831,0.005958669353276491,0.00015978440933395177,0.02746937796473503,1500,1500,1000,1500,1800,1000,1000,1800
1784658584.8372,6.3201,0.02002,49.95,317,100840,0.820,GUIDED,GUIDED,128,7.677484512329102,0.08246792107820511,14.665932655334473,2.0,0.0,0.0,nan,nan,nan,nan,nan,nan,nan,nan,nan,nan,1.4548657088384211,-0.023061654909123198,-0.02526211739498854,-0.1273989975452423,0,5.95773458480835,0.1267826408147812,14.667909622192383,2.152930974960327,-0.012270462699234486,0.013443687930703163,6,-65,-1014,-372,-45,1,0.23168915510177612,0.031302228569984436,-0.1248820424079895,0.0012015835382044315,63,3135,0.019948720932006836,12.296,30.44,90,6,10,1.21,831,0.005958669353276491,0.00015978440933395177,0.02746937796473503,1500,1500,1000,1500,1800,1000,1000,1800
1784658584.8576,6.3401,0.02031,49.25,318,100860,0.840,GUIDED,GUIDED,128,7.717483997344971,0.08246792107820511,14.665932655334473,2.0,0.0,0.0,nan,nan,nan,nan,nan,nan,nan,nan,nan,nan,1.3996211361569793,-0.02402427467182428,-0.025514398422869504,-0.1273989975452423,0,5.999528884887695,0.12734802067279816,14.668188095092773,2.1837902069091797,-0.012041116133332253,0.013428566046059132,7,-67,-1011,-370,-44,1,0.224226713180542,0.030383242294192314,-0.1251944750547409,0.0013807236682623625,63,3135,0.020241498947143555,12.296,30.44,90,6,10,1.21,831,0.005958669353276491,0.00015978440933395177,0.02746937796473503,1500,1500,1000,1500,1800,1000,1000,1800
1784658584.8772,6.3601,0.01966,50.88,319,100880,0.860,GUIDED,GUIDED,128,7.7574782371521,0.08246792107820511,14.665932655334473,2.0,0.0,0.0,nan,nan,nan,nan,nan,nan,nan,nan,nan,nan,1.3449949335935782,-0.02390593057419536,-0.025427302264432468,-0.1273989975452423,0,6.042749881744385,0.12748834490776062,14.66845989227295,2.213465690612793,-0.012190458364784718,0.013221358880400658,7,-68,-1009,-367,-44,1,0.21683165431022644,0.02946743182837963,-0.1254875808954239,0.0015578125603497028,63,3135,0.019597530364990234,12.296,30.44,90,6,10,1.21,831,0.005958669353276491,0.00015978440933395177,0.02746937796473503,1500,1500,1000,1500,1800,1000,1000,1800
1784658584.8972,6.3801,0.02000,50.00,320,100900,0.880,GUIDED,GUIDED,128,7.797478199005127,0.08246792107820511,14.665932655334473,2.0,0.0,0.0,nan,nan,nan,nan,nan,nan,nan,nan,nan,nan,1.2943671782617059,-0.02468764978134678,-0.025044676870606845,-0.1273989975452423,0,6.085873126983643,0.12797684967517853,14.668731689453125,2.2408924102783203,-0.012021170929074287,0.01284352783113718,7,-69,-1007,-364,-43,2,0.20949164032936096,0.028575632721185684,-0.1257719248533249,0.0017196944681927562,63,3135,0.01994156837463379,12.296,30.44,90,6,10,1.21,831,0.005958669353276491,0.00015978440933395177,0.02746937796473503,1500,1500,1000,1500,1800,1000,1000,1800
1784658584.9173,6.4001,0.02004,49.90,321,100920,0.900,GUIDED,GUIDED,128,7.837459564208984,0.08246792107820511,14.665932655334473,2.0,0.0,0.0,nan,nan,nan,nan,nan,nan,nan,nan,nan,nan,1.244534923063144,-0.024459862235157687,-0.024560564866582955,-0.1273989975452423,0,6.130274295806885,0.12808050215244293,14.668989181518555,2.267111301422119,-0.01221252791583538,0.012415362522006035,7,-70,-1005,-358,-42,2,0.20228250324726105,0.02769627794623375,-0.12603759765625,0.0018912442028522491,63,3135,0.01996779441833496,12.296,30.44,90,6,10,1.21,831,0.005958669353276491,0.00015978440933395177,0.02746937796473503,1500,1500,1000,1500,1800,1000,1000,1800
1784658584.9372,6.4201,0.01998,50.06,322,100940,0.920,GUIDED,GUIDED,128,7.877460956573486,0.08246792107820511,14.665932655334473,2.0,0.0,0.0,nan,nan,nan,nan,nan,nan,nan,nan,nan,nan,1.1983837161714985,-0.024983936775335277,-0.02390035929702766,-0.1273989975452423,0,6.174587726593018,0.12849165499210358,14.669242858886719,2.291267156600952,-0.012147332541644573,0.011887731961905956,7,-71,-1003,-353,-42,2,0.19516681134700775,0.026817457750439644,-0.1262773722410202,0.002163924043998122,63,3135,0.019904613494873047,12.296,30.44,90,6,10,1.21,831,0.005958669353276491,0.00015978440933395177,0.02746937796473503,1500,1500,1000,1500,1800,1000,1000,1800
1784658584.9572,6.4401,0.01998,50.04,323,100960,0.940,GUIDED,GUIDED,128,7.917458534240723,0.08246792107820511,14.665932655334473,2.0,0.0,0.0,nan,nan,nan,nan,nan,nan,nan,nan,nan,nan,1.154377983226937,-0.025270498551263624,-0.02312787198579549,-0.1273989975452423,0,6.219466209411621,0.12885187566280365,14.669486045837402,2.3138558864593506,-0.01218985952436924,0.011301332153379917,7,-72,-1002,-346,-40,2,0.188210591673851,0.025975385680794716,-0.12648798525333405,0.002328452654182911,63,3135,0.019911766052246094,12.296,30.44,90,6,10,1.21,831,0.008255920372903347,3.058654328924604e-05,0.027844183146953583,1500,1500,1000,1500,1800,1000,1000,1800
1784658584.9772,6.4601,0.02004,49.91,324,100980,0.960,GUIDED,GUIDED,128,7.957483291625977,0.08246792107820511,14.665932655334473,2.0,0.0,0.0,nan,nan,nan,nan,nan,nan,nan,nan,nan,nan,1.1113995550299576,-0.024733127656073328,-0.02216269216890498,-0.1273989975452423,0,6.2653961181640625,0.12888970971107483,14.669711112976074,2.3352601528167725,-0.012521954253315926,0.010614142753183842,7,-73,-1000,-337,-39,2,0.18142995238304138,0.02516871877014637,-0.12666893005371094,0.002511736936867237,63,3135,0.019963741302490234,12.296,30.44,90,6,10,1.21,831,0.008255920372903347,3.058654328924604e-05,0.027844183146953583,1500,1500,1000,1500,1800,1000,1000,1800
1784658584.9972,6.4801,0.01999,50.01,325,101000,0.980,GUIDED,GUIDED,128,7.997482776641846,0.08246792107820511,14.665932655334473,2.0,0.0,0.0,nan,nan,nan,nan,nan,nan,nan,nan,nan,nan,1.0724956385235092,-0.025648981360852495,-0.021088626568894847,-0.1273989975452423,0,6.310873031616211,0.12945443391799927,14.669931411743164,2.3545589447021484,-0.012319229543209076,0.00986684113740921,7,-74,-999,-329,-39,3,0.17481113970279694,0.02434411272406578,-0.12685474753379822,0.002741830423474312,63,3135,0.019916534423828125,12.296,30.44,90,6,10,1.21,831,0.008255920372903347,3.058654328924604e-05,0.027844183146953583,1500,1500,1000,1500,1800,1000,1000,1800
1784658585.0173,6.5001,0.02008,49.79,326,101020,0.000,GUIDED,GUIDED,128,8.037484645843506,0.08246792107820511,14.665932655334473,2.0,0.0,0.0,nan,nan,nan,nan,nan,nan,nan,nan,nan,nan,1.0345243034189453,-0.025760443373581045,-0.019957459976504673,-0.1273989975452423,0,6.357288360595703,0.12972448766231537,14.67013168334961,2.37277889251709,-0.012410792522132397,0.009098134934902191,7,-75,-998,-319,-38,3,0.16839246451854706,0.023539191111922264,-0.12709935009479523,0.002938303630799055,63,3135,0.01993536949157715,12.307,29.2,89,6,10,1.21,831,0.008255920372903347,3.058654328924604e-05,0.027844183146953583,1500,1500,1000,1500,1800,1000,1000,1800
1784658585.0373,6.5201,0.01992,50.19,327,101040,0.020,GUIDED,GUIDED,128,8.077483654022217,0.08246792107820511,14.665932655334473,2.0,0.0,0.0,nan,nan,nan,nan,nan,nan,nan,nan,nan,nan,1.0003172996504195,-0.027068413758950482,-0.018483354143985838,-0.1273989975452423,0,6.403301239013672,0.1304602324962616,14.670324325561523,2.3890562057495117,-0.012080417945981026,0.008135837502777576,7,-76,-996,-310,-35,3,0.1621387004852295,0.022799517959356308,-0.1273127645254135,0.0031000981107354164,63,3135,0.019850969314575195,12.307,29.2,89,6,10,1.21,831,0.008255920372903347,3.058654328924604e-05,0.027844183146953583,1500,1500,1000,1500,1800,1000,1000,1800
1784658585.0572,6.5401,0.01999,50.01,328,101060,0.040,GUIDED,GUIDED,128,8.117475032806396,0.08246792107820511,14.665932655334473,2.0,0.0,0.0,nan,nan,nan,nan,nan,nan,nan,nan,nan,nan,0.9678613635909264,-0.028109777102373015,-0.017155434630769725,-0.1273989975452423,0,6.449752330780029,0.13112734258174896,14.670498847961426,2.4040651321411133,-0.011864342726767063,0.007268402259796858,7,-77,-996,-299,-33,3,0.15612292289733887,0.02209455706179142,-0.12750177085399628,0.003338039852678776,63,3135,0.01992201805114746,12.307,29.2,89,6,10,1.21,831,0.008255920372903347,3.058654328924604e-05,0.027844183146953583,1500,1500,1000,1500,1800,1000,1000,1800
1784658585.0772,6.5601,0.02000,50.00,329,101080,0.060,GUIDED,GUIDED,128,8.157482624053955,0.08246792107820511,14.665932655334473,2.0,0.0,0.0,nan,nan,nan,nan,nan,nan,nan,nan,nan,nan,0.9357377138777063,-0.027874655608697767,-0.015503522917753355,-0.1273989975452423,0,6.4972686767578125,0.13131694495677948,14.67064380645752,2.41827654838562,-0.012109557166695595,0.006230978760868311,7,-77,-995,-292,-33,3,0.15023724734783173,0.02138177864253521,-0.12767356634140015,0.003557560732588172,63,3135,0.019929885864257812,12.307,29.2,89,6,10,1.21,831,0.008255920372903347,3.058654328924604e-05,0.027844183146953583,1500,1500,1000,1500,1800,1000,1000,1800
1784658585.0974,6.5801,0.02014,49.66,330,101100,0.080,GUIDED,GUIDED,128,8.197477340698242,0.08246792107820511,14.665932655334473,2.0,0.0,0.0,nan,nan,nan,nan,nan,nan,nan,nan,nan,nan,0.906890307549262,-0.02866277526872644,-0.01383889804587322,-0.1273989975452423,0,6.544427871704102,0.1318967491388321,14.670787811279297,2.430795192718506,-0.011989286169409752,0.005186765920370817,8,-78,-994,-282,-32,4,0.14456570148468018,0.020705658942461014,-0.12783704698085785,0.0036531894002109766,63,3135,0.01990532875061035,12.307,29.2,89,6,10,1.21,831,0.008255920372903347,3.058654328924604e-05,0.027844183146953583,1500,1500,1000,1500,1800,1000,1000,1800
1784658585.1174,6.6001,0.01998,50.05,331,101120,0.100,GUIDED,GUIDED,128,8.237478733062744,0.08246792107820511,14.665932655334473,2.0,0.0,0.0,nan,nan,nan,nan,nan,nan,nan,nan,nan,nan,0.87837155813598,-0.02828637551640705,-0.01230533606469393,-0.1273989975452423,0,6.592525005340576,0.13204270601272583,14.670900344848633,2.4425864219665527,-0.012290868908166885,0.0042363922111690044,8,-78,-994,-270,-29,4,0.13912905752658844,0.020067548379302025,-0.12797899544239044,0.0038781019393354654,63,3135,0.019926071166992188,12.307,29.2,89,6,10,1.21,831,0.008255920372903347,3.058654328924604e-05,0.027844183146953583,1500,1500,1000,1500,1800,1000,1000,1800
1784658585.1372,6.6201,0.01988,50.29,332,101140,0.120,GUIDED,GUIDED,128,8.277478218078613,0.08246792107820511,14.665932655334473,2.0,0.0,0.0,nan,nan,nan,nan,nan,nan,nan,nan,nan,nan,0.8527772023126788,-0.028763387723838837,-0.011082326434128001,-0.1273989975452423,0,6.640294551849365,0.1325327455997467,14.671013832092285,2.4528772830963135,-0.01229839026927948,0.0034647653810679913,8,-79,-995,-259,-28,4,0.13392359018325806,0.019457239657640457,-0.1280936747789383,0.004095577169209719,63,3135,0.01981067657470703,12.307,29.2,89,6,10,1.21,831,0.008255920372903347,3.058654328924604e-05,0.027844183146953583,1500,1500,1000,1500,1800,1000,1000,1800
1784658585.1573,6.6400,0.02002,49.94,333,101160,0.140,GUIDED,GUIDED,128,8.317431926727295,0.08246792107820511,14.665932655334473,2.0,0.0,0.0,nan,nan,nan,nan,nan,nan,nan,nan,nan,nan,0.828678123257959,-0.029074714348221623,-0.009095064832232925,-0.1273989975452423,0,6.6883544921875,0.13296467065811157,14.67110538482666,2.462110757827759,-0.012368017807602882,0.002264561364427209,8,-79,-992,-246,-27,4,0.1289805769920349,0.018872015178203583,-0.12818461656570435,0.00426886510103941,63,3135,0.01990365982055664,12.307,29.2,89,6,10,1.21,831,0.007471672259271145,0.0005749416304752231,0.020459530875086784,1500,1500,1000,1500,1800,1000,1000,1800
1784658585.1772,6.6601,0.01996,50.11,334,101180,0.160,GUIDED,GUIDED,128,8.357460021972656,0.08246792107820511,14.665932655334473,2.0,0.0,0.0,nan,nan,nan,nan,nan,nan,nan,nan,nan,nan,0.80503949802689,-0.028475926389162232,-0.007107395570257753,-0.1273989975452423,0,6.737160682678223,0.13303373754024506,14.671154975891113,2.4706904888153076,-0.012753603979945183,0.0010883485665544868,8,-80,-992,-235,-26,4,0.124242402613163,0.01831080950796604,-0.1282491683959961,0.004504145588725805,63,3135,0.01988506317138672,12.307,29.2,89,6,10,1.21,831,0.007471672259271145,0.0005749416304752231,0.020459530875086784,1500,1500,1000,1500,1800,1000,1000,1800
1784658585.1972,6.6801,0.01997,50.07,335,101200,0.180,GUIDED,GUIDED,128,8.39745807647705,0.08246792107820511,14.665932655334473,2.0,0.0,0.0,nan,nan,nan,nan,nan,nan,nan,nan,nan,nan,0.7844290393234097,-0.029333586619098708,-0.0054028854178882115,-0.1273989975452423,0,6.785403728485107,0.13368453085422516,14.671207427978516,2.477829694747925,-0.012634169310331345,7.39659444661811e-05,8,-80,-993,-226,-25,5,0.11969631165266037,0.017771748825907707,-0.12831223011016846,0.004725606180727482,63,3135,0.019900798797607422,12.307,29.2,89,6,10,1.21,831,0.007471672259271145,0.0005749416304752231,0.020459530875086784,1500,1500,1000,1500,1800,1000,1000,1800
1784658585.2172,6.7001,0.02001,49.97,336,101220,0.200,GUIDED,GUIDED,128,8.437479972839355,0.08246792107820511,14.665932655334473,2.0,0.0,0.0,nan,nan,nan,nan,nan,nan,nan,nan,nan,nan,0.7642518412948619,-0.029304721477660185,-0.003778446682061242,-0.1273989975452423,0,6.834301948547363,0.13400216400623322,14.671222686767578,2.484354257583618,-0.012834220193326473,-0.0008727138629183173,8,-81,-993,-216,-24,5,0.1153302863240242,0.01724560745060444,-0.12843288481235504,0.004899368155747652,63,3135,0.01995229721069336,12.307,29.2,89,6,10,1.21,831,0.007471672259271145,0.0005749416304752231,0.020459530875086784,1500,1500,1000,1500,1800,1000,1000,1800
1784658585.2373,6.7201,0.02005,49.88,337,101240,0.220,GUIDED,GUIDED,128,8.4774751663208,0.08246792107820511,14.665932655334473,2.0,0.0,0.0,nan,nan,nan,nan,nan,nan,nan,nan,nan,nan,0.7467211998564325,-0.03052831566843462,-0.0021883806934543727,-0.1273989975452423,0,6.882696151733398,0.13483098149299622,14.671241760253906,2.489626407623291,-0.012606295756995678,-0.0018017509719356894,8,-81,-993,-205,-23,5,0.11119601130485535,0.01674053817987442,-0.12853358685970306,0.005031776614487171,63,3135,0.01996016502380371,12.307,29.2,89,6,10,1.21,831,0.007471672259271145,0.0005749416304752231,0.020459530875086784,1500,1500,1000,1500,1800,1000,1000,1800
1784658585.2573,6.7401,0.01999,50.03,338,101260,0.240,GUIDED,GUIDED,128,8.517484188079834,0.08246792107820511,14.665932655334473,2.0,0.0,0.0,nan,nan,nan,nan,nan,nan,nan,nan,nan,nan,0.7302460178683697,-0.031533738886990174,-0.0008581880778120469,-0.1273989975452423,0,6.931298732757568,0.13558036088943481,14.67124080657959,2.4941768646240234,-0.012458468787372112,-0.002569187432527542,8,-81,-993,-194,-22,5,0.10728755593299866,0.016257269307971,-0.12861812114715576,0.005130556877702475,63,3135,0.01991581916809082,12.307,29.2,89,6,10,1.21,831,0.007471672259271145,0.0005749416304752231,0.020459530875086784,1500,1500,1000,1500,1800,1000,1000,1800
1784658585.2772,6.7601,0.01996,50.10,339,101280,0.260,GUIDED,GUIDED,128,8.557477951049805,0.08246792107820511,14.665932655334473,2.0,0.0,0.0,nan,nan,nan,nan,nan,nan,nan,nan,nan,nan,0.7137578626518184,-0.031199489117308448,0.0008368462647115413,-0.1273989975452423,0,6.98063325881958,0.13580074906349182,14.671199798583984,2.4983034133911133,-0.01277868915349245,-0.003524139989167452,8,-81,-993,-182,-19,5,0.10361219942569733,0.015838250517845154,-0.1286810040473938,0.00524548115208745,63,3135,0.01990222930908203,12.307,29.2,89,6,10,1.21,831,0.007471672259271145,0.0005749416304752231,0.020459530875086784,1500,1500,1000,1500,1800,1000,1000,1800
1784658585.2973,6.7801,0.02006,49.86,340,101300,0.280,GUIDED,GUIDED,128,8.597484111785889,0.08246792107820511,14.665932655334473,2.0,0.0,0.0,nan,nan,nan,nan,nan,nan,nan,nan,nan,nan,0.6995414120388737,-0.03189614267410096,0.002612029081261592,-0.1273989975452423,0,7.029526710510254,0.13644683361053467,14.671165466308594,2.501380205154419,-0.01274949312210083,-0.004529220517724752,8,-81,-992,-172,-19,5,0.10012631118297577,0.015393788926303387,-0.12874305248260498,0.005399626679718494,63,3135,0.01996469497680664,12.307,29.2,89,6,10,1.21,831,0.007471672259271145,0.0005749416304752231,0.020459530875086784,1500,1500,1000,1500,1800,1000,1000,1800
1784658585.3172,6.8001,0.01994,50.14,341,101320,0.300,GUIDED,GUIDED,128,8.637477397918701,0.08246792107820511,14.665932655334473,2.0,0.0,0.0,nan,nan,nan,nan,nan,nan,nan,nan,nan,nan,0.6852994516904839,-0.031396862213025845,0.004148780643976628,-0.1273989975452423,0,7.07905387878418,0.13661393523216248,14.67109203338623,2.504098415374756,-0.013134228996932507,-0.0053740679286420345,8,-82,-993,-163,-15,5,0.09683123975992203,0.015048188157379627,-0.12878535687923431,0.005460885353386402,63,3135,0.0198822021484375,12.307,29.2,89,6,10,1.21,831,0.007471672259271145,0.0005749416304752231,0.020459530875086784,1500,1500,1000,1500,1800,1000,1000,1800
1784658585.3372,6.8201,0.02002,49.95,342,101340,0.320,GUIDED,GUIDED,128,8.677459239959717,0.08246792107820511,14.665932655334473,2.0,0.0,0.0,nan,nan,nan,nan,nan,nan,nan,nan,nan,nan,0.67301539926149,-0.03182274932736421,0.005852690241458596,-0.1273989975452423,0,7.128180503845215,0.13715504109859467,14.67102336883545,2.505910873413086,-0.013200750574469566,-0.006318177096545696,8,-82,-992,-153,-16,6,0.0937337651848793,0.014660520479083061,-0.12881281971931458,0.005562313832342625,63,3135,0.019948244094848633,12.307,29.2,89,6,10,1.21,831,0.007471672259271145,0.0005749416304752231,0.020459530875086784,1500,1500,1000,1500,1800,1000,1000,1800
1784658585.3575,6.8400,0.02030,49.26,343,101360,0.340,GUIDED,GUIDED,128,8.717408180236816,0.08246792107820511,14.665932655334473,2.0,0.0,0.0,nan,nan,nan,nan,nan,nan,nan,nan,nan,nan,0.661572328669029,-0.03203454138962796,0.007239405966225065,-0.1273989975452423,0,7.177420616149902,0.13762961328029633,14.670933723449707,2.507153272628784,-0.013352466747164726,-0.007067041005939245,8,-82,-993,-145,-14,6,0.0908089280128479,0.014354290440678596,-0.12881620228290558,0.005654411390423775,63,3135,0.020222902297973633,12.307,29.2,89,6,10,1.21,831,0.009743083268404007,0.0004225843877065927,0.014489235356450081,1500,1500,1000,1500,1800,1000,1000,1800
1784658585.3772,6.8600,0.01971,50.74,344,101380,0.360,GUIDED,GUIDED,128,8.757433414459229,0.08246792107820511,14.665932655334473,2.0,0.0,0.0,nan,nan,nan,nan,nan,nan,nan,nan,nan,nan,0.6501945510140147,-0.03132041128398842,0.008850039817119768,-0.1273989975452423,0,7.227146625518799,0.13770648837089539,14.670804977416992,2.5081214904785156,-0.01380915381014347,-0.007922609336674213,8,-82,-993,-135,-13,6,0.08806639164686203,0.014043708331882954,-0.12880252301692963,0.005767776630818844,63,3135,0.01961660385131836,12.307,29.2,89,6,10,1.21,831,0.009743083268404007,0.0004225843877065927,0.014489235356450081,1500,1500,1000,1500,1800,1000,1000,1800
1784658585.3972,6.8801,0.02000,49.99,345,101400,0.380,GUIDED,GUIDED,128,8.797480583190918,0.08246792107820511,14.665932655334473,2.0,0.0,0.0,nan,nan,nan,nan,nan,nan,nan,nan,nan,nan,0.6406688812566068,-0.031945318622554744,0.010090769633968159,-0.1273989975452423,0,7.27640438079834,0.13834239542484283,14.67069149017334,2.50830340385437,-0.013815504498779774,-0.008573423139750957,8,-82,-993,-128,-12,6,0.08548182249069214,0.013762887567281723,-0.12879054248332977,0.005809267517179251,63,3135,0.019931793212890625,12.307,29.2,89,6,10,1.21,831,0.009743083268404007,0.0004225843877065927,0.014489235356450081,1500,1500,1000,1500,1800,1000,1000,1800
1784658585.4173,6.9000,0.02002,49.95,346,101420,0.400,GUIDED,GUIDED,128,8.83745527267456,0.08246792107820511,14.665932655334473,2.0,0.0,0.0,nan,nan,nan,nan,nan,nan,nan,nan,nan,nan,0.6311229635197996,-0.03168930364259197,0.011285731064275526,-0.1273989975452423,0,7.326079845428467,0.13861632347106934,14.67054557800293,2.508213996887207,-0.014121467247605324,-0.00917909201234579,8,-82,-994,-119,-10,6,0.08306179940700531,0.01350159291177988,-0.12882716953754425,0.0058314017951488495,63,3135,0.019916772842407227,12.307,29.2,89,6,10,1.21,831,0.009743083268404007,0.0004225843877065927,0.014489235356450081,1500,1500,1000,1500,1800,1000,1000,1800
1784658585.4372,6.9200,0.01991,50.22,347,101440,0.420,GUIDED,GUIDED,128,8.877407550811768,0.08246792107820511,14.665932655334473,2.0,0.0,0.0,nan,nan,nan,nan,nan,nan,nan,nan,nan,nan,0.6231195913620964,-0.032559554537941335,0.012344846563224435,-0.1273989975452423,0,7.37533712387085,0.1393788903951645,14.670414924621582,2.507462501525879,-0.014059295877814293,-0.009715139865875244,8,-82,-994,-113,-12,6,0.08076722174882889,0.013222909532487392,-0.12885037064552307,0.005957540590316057,63,3135,0.01985621452331543,12.307,29.2,89,6,10,1.21,831,0.009743083268404007,0.0004225843877065927,0.014489235356450081,1500,1500,1000,1500,1800,1000,1000,1800
1784658585.4572,6.9401,0.02007,49.84,348,101460,0.440,GUIDED,GUIDED,128,8.917479038238525,0.08246792107820511,14.665932655334473,2.0,0.0,0.0,nan,nan,nan,nan,nan,nan,nan,nan,nan,nan,0.6179264279420954,-0.03333128011161067,0.01331743781823283,-0.1273989975452423,0,7.422567844390869,0.14007031917572021,14.67027759552002,2.5063273906707764,-0.014012936502695084,-0.010197378695011139,8,-82,-994,-104,-8,6,0.07873985171318054,0.013016360811889172,-0.12886196374893188,0.006023514550179243,63,3135,0.019994497299194336,12.307,29.2,89,6,10,1.21,831,0.009743083268404007,0.0004225843877065927,0.014489235356450081,1500,1500,1000,1500,1800,1000,1000,1800
1784658585.4773,6.9600,0.02000,49.99,349,101480,0.460,GUIDED,GUIDED,128,8.957427501678467,0.08246792107820511,14.665932655334473,2.0,0.0,0.0,nan,nan,nan,nan,nan,nan,nan,nan,nan,nan,0.6103918561459222,-0.03276356073777864,0.014203794337973048,-0.1273989975452423,0,7.472289085388184,0.1402389258146286,14.67009449005127,2.505035161972046,-0.014438054524362087,-0.010603400878608227,8,-82,-995,-99,-10,6,0.07674134522676468,0.01277111191302538,-0.12886275351047516,0.005997645668685436,63,3135,0.01990222930908203,12.307,29.2,89,6,10,1.21,831,0.009743083268404007,0.0004225843877065927,0.014489235356450081,1500,1500,1000,1500,1800,1000,1000,1800
1784658585.4973,6.9801,0.02000,50.00,350,101500,0.480,GUIDED,GUIDED,128,8.997482299804688,0.08246792107820511,14.665932655334473,2.0,0.0,0.0,nan,nan,nan,nan,nan,nan,nan,nan,nan,nan,0.6043122750292179,-0.03315582645000538,0.014940016663207437,-0.1273989975452423,0,7.521646976470947,0.14081008732318878,14.669934272766113,2.503174066543579,-0.014541340060532093,-0.010935957543551922,8,-82,-995,-89,-9,6,0.07491748034954071,0.01253516599535942,-0.12886257469654083,0.005996017716825008,63,3135,0.019927024841308594,12.307,29.2,89,6,10,1.21,831,0.009743083268404007,0.0004225843877065927,0.014489235356450081,1500,1500,1000,1500,1800,1000,1000,1800
1784658585.5173,7.0001,0.02001,49.97,351,101520,0.500,GUIDED,GUIDED,128,9.037457466125488,0.08246792107820511,14.665932655334473,2.0,0.0,0.0,nan,nan,nan,nan,nan,nan,nan,nan,nan,nan,0.5979867091643304,-0.03247715216905598,0.01575861316192251,-0.1273989975452423,0,7.571343421936035,0.14092007279396057,14.669742584228516,2.501213550567627,-0.014996672980487347,-0.011297903023660183,8,-82,-995,-87,-9,6,0.07314858585596085,0.012310649268329144,-0.1288563311100006,0.0059184120036661625,63,3135,0.019910097122192383,12.312,28.74,89,6,10,1.21,831,0.009743083268404007,0.0004225843877065927,0.014489235356450081,1500,1500,1000,1500,1800,1000,1000,1800
1784658585.5373,7.0201,0.01999,50.03,352,101540,0.520,GUIDED,GUIDED,128,9.0774827003479,0.08246792107820511,14.665932655334473,2.0,0.0,0.0,nan,nan,nan,nan,nan,nan,nan,nan,nan,nan,0.5929000268274397,-0.03258360060397977,0.016451226823491708,-0.1273989975452423,0,7.620713710784912,0.14138221740722656,14.66956901550293,2.4987549781799316,-0.015202034264802933,-0.01159757375717163,8,-82,-995,-77,-8,6,0.07157611846923828,0.012096134945750237,-0.12883488833904266,0.005944800563156605,63,3135,0.019916296005249023,12.312,28.74,89,6,10,1.21,831,0.009743083268404007,0.0004225843877065927,0.014489235356450081,1500,1500,1000,1500,1800,1000,1000,1800
1784658585.5573,7.0401,0.02000,50.00,353,101560,0.540,GUIDED,GUIDED,128,9.117483139038086,0.08246792107820511,14.665932655334473,2.0,0.0,0.0,nan,nan,nan,nan,nan,nan,nan,nan,nan,nan,0.5881690315866495,-0.03254260416710887,0.01706373737139417,-0.1273989975452423,0,7.6700921058654785,0.14177557826042175,14.66938591003418,2.4960720539093018,-0.015452810563147068,-0.011845490895211697,8,-82,-996,-75,-8,6,0.07003629207611084,0.011889814399182796,-0.12880118191242218,0.00596901448443532,63,3135,0.019925832748413086,12.312,28.74,89,6,10,1.21,831,0.006493742112070322,0.0004621616972144693,0.01121473964303732,1500,1500,1000,1500,1800,1000,1000,1800
1784658585.5772,7.0601,0.01996,50.10,354,101580,0.560,GUIDED,GUIDED,128,9.157477378845215,0.08246792107820511,14.665932655334473,2.0,0.0,0.0,nan,nan,nan,nan,nan,nan,nan,nan,nan,nan,0.5834095507678936,-0.031704023232749505,0.0176887959188951,-0.1273989975452423,0,7.719710826873779,0.1417904794216156,14.669171333312988,2.4932632446289062,-0.015945568680763245,-0.012082482688128948,8,-82,-996,-67,-8,6,0.06866998225450516,0.011694072745740414,-0.1287550926208496,0.0059717390686273575,63,3135,0.019901514053344727,12.312,28.74,89,6,10,1.21,831,0.006493742112070322,0.0004621616972144693,0.01121473964303732,1500,1500,1000,1500,1800,1000,1000,1800
1784658585.5976,7.0801,0.02043,48.95,355,101600,0.580,GUIDED,GUIDED,128,9.19746208190918,0.08246792107820511,14.665932655334473,2.0,0.0,0.0,nan,nan,nan,nan,nan,nan,nan,nan,nan,nan,0.579569133673375,-0.03212063026779294,0.0180450632873026,-0.1273989975452423,0,7.768991470336914,0.14236488938331604,14.668986320495605,2.4901134967803955,-0.01603667624294758,-0.012181356549263,8,-82,-997,-62,-7,6,0.06739161908626556,0.011505058966577053,-0.12871034443378448,0.006085648201406002,63,3135,0.019951581954956055,12.312,28.74,89,6,10,1.21,831,0.006493742112070322,0.0004621616972144693,0.01121473964303732,1500,1500,1000,1500,1800,1000,1000,1800
1784658585.6173,7.1000,0.01964,50.93,356,101620,0.600,GUIDED,GUIDED,128,9.237452030181885,0.08246792107820511,14.665932655334473,2.0,0.0,0.0,nan,nan,nan,nan,nan,nan,nan,nan,nan,nan,0.5756825449466386,-0.031695153223740107,0.018531420214705153,-0.1273989975452423,0,7.8184709548950195,0.14259348809719086,14.668774604797363,2.4868786334991455,-0.016414307057857513,-0.012339920736849308,8,-81,-996,-59,-7,6,0.06619058549404144,0.01132215280085802,-0.12870551645755768,0.006199012044817209,63,3135,0.01957225799560547,12.312,28.74,89,6,10,1.21,831,0.006493742112070322,0.0004621616972144693,0.01121473964303732,1500,1500,1000,1500,1800,1000,1000,1800
1784658585.6372,7.1200,0.01996,50.10,357,101640,0.620,GUIDED,GUIDED,128,9.277456760406494,0.08246792107820511,14.665932655334473,2.0,0.0,0.0,nan,nan,nan,nan,nan,nan,nan,nan,nan,nan,0.5725977617412364,-0.03248953343180906,0.01884632163094074,-0.1273989975452423,0,7.86765193939209,0.14330844581127167,14.668588638305664,2.4833617210388184,-0.016368452459573746,-0.012414361350238323,8,-81,-997,-52,-4,6,0.06511808186769485,0.011194628663361073,-0.12868839502334595,0.006148840766400099,63,3135,0.01988673210144043,12.312,28.74,89,6,10,1.21,831,0.006493742112070322,0.0004621616972144693,0.01121473964303732,1500,1500,1000,1500,1800,1000,1000,1800
1784658585.6572,7.1401,0.01997,50.08,358,101660,0.640,GUIDED,GUIDED,128,9.31745958328247,0.08246792107820511,14.665932655334473,2.0,0.0,0.0,nan,nan,nan,nan,nan,nan,nan,nan,nan,nan,0.5697964355341083,-0.03305017906403489,0.019121956122755607,-0.1273989975452423,0,7.91681432723999,0.14393767714500427,14.66839599609375,2.4796907901763916,-0.016408050432801247,-0.012462276965379715,8,-81,-997,-50,-3,6,0.0640932098031044,0.011079434305429459,-0.1286604106426239,0.00628880737349391,63,3135,0.019910097122192383,12.312,28.74,89,6,10,1.21,831,0.006493742112070322,0.0004621616972144693,0.01121473964303732,1500,1500,1000,1500,1800,1000,1000,1800
1784658585.6772,7.1601,0.02001,49.98,359,101680,0.660,GUIDED,GUIDED,128,9.357476234436035,0.08246792107820511,14.665932655334473,2.0,0.0,0.0,nan,nan,nan,nan,nan,nan,nan,nan,nan,nan,0.5670211384731986,-0.03242274864192186,0.019188706036048594,-0.1273989975452423,0,7.966144561767578,0.14405564963817596,14.668174743652344,2.4759159088134766,-0.01683840900659561,-0.012373074889183044,8,-81,-998,-48,-1,6,0.0631076768040657,0.011006643064320087,-0.12862218916416168,0.006302269175648689,63,3135,0.019948482513427734,12.312,28.74,89,6,10,1.21,831,0.006493742112070322,0.0004621616972144693,0.01121473964303732,1500,1500,1000,1500,1800,1000,1000,1800
1784658585.6973,7.1801,0.02006,49.85,360,101700,0.680,GUIDED,GUIDED,128,9.397481918334961,0.08246792107820511,14.665932655334473,2.0,0.0,0.0,nan,nan,nan,nan,nan,nan,nan,nan,nan,nan,0.5648935353280676,-0.0326925927267043,0.01925433557717173,-0.1273989975452423,0,8.015215873718262,0.14457060396671295,14.667974472045898,2.471910238265991,-0.016979923471808434,-0.01229533925652504,8,-81,-998,-44,-3,6,0.06220518797636032,0.010901409201323986,-0.1285901665687561,0.006144965533167124,63,3135,0.019964933395385742,12.312,28.74,89,6,10,1.21,831,0.006493742112070322,0.0004621616972144693,0.01121473964303732,1500,1500,1000,1500,1800,1000,1000,1800
1784658585.7173,7.2001,0.01998,50.05,361,101720,0.700,GUIDED,GUIDED,128,9.437483310699463,0.08246792107820511,14.665932655334473,2.0,0.0,0.0,nan,nan,nan,nan,nan,nan,nan,nan,nan,nan,0.562657829218176,-0.03193827469136137,0.01925361543985225,-0.1273989975452423,0,8.064417839050293,0.14462675154209137,14.667750358581543,2.4678890705108643,-0.01744784601032734,-0.012165531516075134,8,-81,-998,-41,0,6,0.06135178729891777,0.010867840610444546,-0.12855134904384613,0.0059744524769485,63,3135,0.01990365982055664,12.312,28.74,89,6,10,1.21,831,0.006493742112070322,0.0004621616972144693,0.01121473964303732,1500,1500,1000,1500,1800,1000,1000,1800
1784658585.7372,7.2200,0.01992,50.19,362,101740,0.720,GUIDED,GUIDED,128,9.477425575256348,0.08246792107820511,14.665932655334473,2.0,0.0,0.0,nan,nan,nan,nan,nan,nan,nan,nan,nan,nan,0.5609500352359095,-0.031933126322569075,0.01898108451163542,-0.1273989975452423,0,8.11338996887207,0.14502808451652527,14.667546272277832,2.4636616706848145,-0.017682528123259544,-0.011890356428921223,8,-81,-999,-38,-2,6,0.06057165935635567,0.010780083015561104,-0.1285073310136795,0.005881043151021004,63,3135,0.019871234893798828,12.312,28.74,89,6,10,1.21,831,0.006493742112070322,0.0004621616972144693,0.01121473964303732,1500,1500,1000,1500,1800,1000,1000,1800
1784658585.7573,7.2401,0.02009,49.78,363,101760,0.740,GUIDED,GUIDED,128,9.517475128173828,0.08246792107820511,14.665932655334473,2.0,0.0,0.0,nan,nan,nan,nan,nan,nan,nan,nan,nan,nan,0.5595163012375206,-0.031776263854554516,0.01872363182352165,-0.1273989975452423,0,8.16231632232666,0.14535865187644958,14.66734504699707,2.459364414215088,-0.017963945865631104,-0.01162553858011961,8,-80,-999,-31,-2,6,0.059911008924245834,0.01069809589534998,-0.1284572333097458,0.005723005626350641,63,3135,0.01999640464782715,12.312,28.74,89,6,10,1.21,831,0.007732944097369909,0.00024112600658554584,0.010449591092765331,1500,1500,1000,1500,1800,1000,1000,1800
1784658585.7773,7.2601,0.01999,50.03,364,101780,0.760,GUIDED,GUIDED,128,9.557472705841064,0.08246792107820511,14.665932655334473,2.0,0.0,0.0,nan,nan,nan,nan,nan,nan,nan,nan,nan,nan,0.5580160242932202,-0.03080778543314954,0.018514548987310742,-0.1273989975452423,0,8.211311340332031,0.14531581103801727,14.667131423950195,2.455035924911499,-0.018498362973332405,-0.011381489224731922,8,-80,-999,-30,-2,5,0.05927569419145584,0.01061965897679329,-0.1284012794494629,0.005504582077264786,63,3135,0.019913673400878906,12.312,28.74,89,6,10,1.21,831,0.007732944097369909,0.00024112600658554584,0.010449591092765331,1500,1500,1000,1500,1800,1000,1000,1800
1784658585.7973,7.2801,0.02002,49.96,365,101800,0.780,GUIDED,GUIDED,128,9.597472190856934,0.08246792107820511,14.665932655334473,2.0,0.0,0.0,nan,nan,nan,nan,nan,nan,nan,nan,nan,nan,0.5569717145636798,-0.03106788565993015,0.018129845061760377,-0.1273989975452423,0,8.260088920593262,0.14583612978458405,14.666935920715332,2.450570821762085,-0.018648600205779076,-0.011046506464481354,8,-80,-999,-28,-2,5,0.058681029826402664,0.010543769225478172,-0.12835265696048737,0.005327649414539337,63,3135,0.01992034912109375,12.312,28.74,89,6,10,1.21,831,0.007732944097369909,0.00024112600658554584,0.010449591092765331,1500,1500,1000,1500,1800,1000,1000,1800
1784658585.8172,7.3001,0.01998,50.06,366,101820,0.800,GUIDED,GUIDED,128,9.63747262954712,0.08246792107820511,14.665932655334473,2.0,0.0,0.0,nan,nan,nan,nan,nan,nan,nan,nan,nan,nan,0.555895383687135,-0.030597573647786175,0.017904044303399713,-0.1273989975452423,0,8.30891227722168,0.14601673185825348,14.666730880737305,2.4460983276367188,-0.019024405628442764,-0.01079776044934988,8,-80,-999,-25,-1,5,0.05815188214182854,0.010466880165040493,-0.12833821773529053,0.005244485102593899,63,3135,0.01990509033203125,12.312,28.74,89,6,10,1.21,831,0.007732944097369909,0.00024112600658554584,0.010449591092765331,1500,1500,1000,1500,1800,1000,1000,1800
1784658585.8372,7.3201,0.01997,50.08,367,101840,0.820,GUIDED,GUIDED,128,9.677476406097412,0.08246792107820511,14.665932655334473,2.0,0.0,0.0,nan,nan,nan,nan,nan,nan,nan,nan,nan,nan,0.5551211914760751,-0.031172779566717435,0.0174573624849135,-0.1273989975452423,0,8.357545852661133,0.1466834843158722,14.666543006896973,2.4415628910064697,-0.019077260047197342,-0.010431399568915367,8,-80,-999,-23,-1,5,0.05765955522656441,0.010392076335847378,-0.12831877171993256,0.005097453948110342,63,3135,0.019909143447875977,12.312,28.74,89,6,10,1.21,831,0.007732944097369909,0.00024112600658554584,0.010449591092765331,1500,1500,1000,1500,1800,1000,1000,1800
1784658585.8575,7.3401,0.02025,49.39,368,101860,0.840,GUIDED,GUIDED,128,9.71747636795044,0.08246792107820511,14.665932655334473,2.0,0.0,0.0,nan,nan,nan,nan,nan,nan,nan,nan,nan,nan,0.5545237205845537,-0.031583039057892406,0.017083974947204674,-0.1273989975452423,0,8.406120300292969,0.1472593992948532,14.666359901428223,2.436957359313965,-0.019172901287674904,-0.010110108181834221,8,-80,-999,-19,-1,5,0.05726061388850212,0.010321279987692833,-0.1282949447631836,0.004986366257071495,63,3135,0.02019333839416504,12.312,28.74,89,6,10,1.21,831,0.007732944097369909,0.00024112600658554584,0.010449591092765331,1500,1500,1000,1500,1800,1000,1000,1800
1784658585.8772,7.3601,0.01975,50.62,369,101880,0.860,GUIDED,GUIDED,128,9.75747537612915,0.08246792107820511,14.665932655334473,2.0,0.0,0.0,nan,nan,nan,nan,nan,nan,nan,nan,nan,nan,0.5521978643787928,-0.030791009959303235,0.01680299066475775,-0.1273989975452423,0,8.456735610961914,0.14730507135391235,14.666162490844727,2.432170867919922,-0.019656548276543617,-0.009833906777203083,8,-79,-999,-17,-1,5,0.05686461925506592,0.010251270607113838,-0.12826234102249146,0.004912175238132477,63,3135,0.01969456672668457,12.312,28.74,89,6,10,1.21,831,0.007732944097369909,0.00024112600658554584,0.010449591092765331,1500,1500,1000,1500,1800,1000,1000,1800
1784658585.8972,7.3801,0.02002,49.96,370,101900,0.880,GUIDED,GUIDED,128,9.797476291656494,0.08246792107820511,14.665932655334473,2.0,0.0,0.0,nan,nan,nan,nan,nan,nan,nan,nan,nan,nan,0.5518568881403699,-0.030969351965852203,0.016300201576112647,-0.1273989975452423,0,8.505156517028809,0.1477610468864441,14.665989875793457,2.427506446838379,-0.019816840067505836,-0.009443962015211582,8,-79,-1000,-14,-1,5,0.0565621517598629,0.010186903178691864,-0.1282375305891037,0.004797984845936298,63,3135,0.01994156837463379,12.312,28.74,89,6,10,1.21,831,0.007732944097369909,0.00024112600658554584,0.010449591092765331,1500,1500,1000,1500,1800,1000,1000,1800
1784658585.9173,7.4001,0.02003,49.93,371,101920,0.900,GUIDED,GUIDED,128,9.837483882904053,0.08246792107820511,14.665932655334473,2.0,0.0,0.0,nan,nan,nan,nan,nan,nan,nan,nan,nan,nan,0.55148675882255,-0.03019262189358895,0.01601327893110577,-0.1273989975452423,0,8.553573608398438,0.1477586328983307,14.665812492370605,2.4228649139404297,-0.02026389166712761,-0.009175894781947136,8,-79,-999,-11,-1,5,0.05629962310194969,0.01012373622506857,-0.12821191549301147,0.0046155210584402084,63,3135,0.019954204559326172,12.312,28.74,89,6,10,1.21,831,0.007732944097369909,0.00024112600658554584,0.010449591092765331,1500,1500,1000,1500,1800,1000,1000,1800
1784658585.9372,7.4201,0.01998,50.04,372,101940,0.920,GUIDED,GUIDED,128,9.877459049224854,0.08246792107820511,14.665932655334473,2.0,0.0,0.0,nan,nan,nan,nan,nan,nan,nan,nan,nan,nan,0.5512697898939579,-0.030121707635122362,0.015621178907636653,-0.1273989975452423,0,8.601847648620605,0.14809706807136536,14.6656494140625,2.418198823928833,-0.02050022967159748,-0.008855362422764301,8,-79,-999,-11,-1,5,0.05605923756957054,0.010064766742289066,-0.12817838788032532,0.004567308351397514,63,3135,0.019909143447875977,12.312,28.74,89,6,10,1.21,831,0.007732944097369909,0.00024112600658554584,0.010449591092765331,1500,1500,1000,1500,1800,1000,1000,1800
1784658585.9573,7.4401,0.02003,49.93,373,101960,0.940,GUIDED,GUIDED,128,9.917482852935791,0.08246792107820511,14.665932655334473,2.0,0.0,0.0,nan,nan,nan,nan,nan,nan,nan,nan,nan,nan,0.5511966796723335,-0.029956181337323654,0.015064615421954005,-0.1273989975452423,0,8.650052070617676,0.14836323261260986,14.665491104125977,2.413517951965332,-0.020749466493725777,-0.008442630060017109,8,-79,-1000,-7,0,4,0.055878836661577225,0.010032689198851585,-0.12813794612884521,0.004489955957978964,63,3135,0.01993846893310547,12.312,28.74,89,6,10,1.21,831,0.009127098135650158,3.24410348184756e-06,0.00943074468523264,1500,1500,1000,1500,1800,1000,1000,1800
1784658585.9772,7.4601,0.01994,50.14,374,101980,0.960,GUIDED,GUIDED,128,9.957475185394287,0.08246792107820511,14.665932655334473,2.0,0.0,0.0,nan,nan,nan,nan,nan,nan,nan,nan,nan,nan,0.5510939052987863,-0.029014383540583034,0.0145224972290178,-0.1273989975452423,0,8.69821834564209,0.1482599973678589,14.665332794189453,2.408858060836792,-0.021233610808849335,-0.008038237690925598,8,-78,-1000,-8,1,4,0.055686403065919876,0.010029034689068794,-0.12808960676193237,0.00442362017929554,63,3135,0.019884347915649414,12.312,28.74,89,6,10,1.21,831,0.009127098135650158,3.24410348184756e-06,0.00943074468523264,1500,1500,1000,1500,1800,1000,1000,1800
1784658585.9973,7.4801,0.02007,49.83,375,102000,0.980,GUIDED,GUIDED,128,9.99748420715332,0.08246792107820511,14.665932655334473,2.0,0.0,0.0,nan,nan,nan,nan,nan,nan,nan,nan,nan,nan,0.5510494035072814,-0.029128543035479806,0.013894304770891241,-0.1273989975452423,0,8.74625301361084,0.1486746221780777,14.665188789367676,2.404250144958496,-0.02140708453953266,-0.007592409383505583,8,-78,-1000,-4,1,4,0.05557241290807724,0.01002291589975357,-0.12804527580738068,0.004410962574183941,63,3135,0.019967079162597656,12.312,28.74,89,6,10,1.21,831,0.009127098135650158,3.24410348184756e-06,0.00943074468523264,1500,1500,1000,1500,1800,1000,1000,1800
1784658586.0173,7.5001,0.01998,50.05,376,102020,0.000,GUIDED,GUIDED,128,10.037356853485107,0.08246792107820511,14.665932655334473,0.0,0.0,0.0,nan,nan,nan,nan,nan,nan,nan,nan,nan,nan,-2.913208943459674,-0.028585830154309946,0.01314044694429449,-0.1273989975452423,0,8.79423999786377,0.14875619113445282,14.665047645568848,2.399655818939209,-0.02176751382648945,-0.007075679954141378,8,-78,-1000,-6,1,4,0.05541782081127167,0.010015953332185745,-0.12802550196647644,0.004309745505452156,63,3135,0.019849300384521484,12.311,28.81,89,6,10,1.21,831,0.009127098135650158,3.24410348184756e-06,0.00943074468523264,1500,1500,1000,1500,1800,1000,1000,1800
1784658586.0372,7.5201,0.01997,50.08,377,102040,0.020,GUIDED,GUIDED,128,10.037356853485107,0.08246792107820511,14.665932655334473,0.0,0.0,0.0,nan,nan,nan,nan,nan,nan,nan,nan,nan,nan,-2.953126712076945,-0.02895633376951713,0.012264846502306019,-0.1273989975452423,0,8.842118263244629,0.14928151667118073,14.664921760559082,2.395059823989868,-0.021856900304555893,-0.006497472058981657,8,-78,-1001,-2,1,4,0.055347491055727005,0.010031112469732761,-0.12800069153308868,0.004188125487416983,63,3135,0.0198976993560791,12.311,28.81,89,6,10,1.21,831,0.009127098135650158,3.24410348184756e-06,0.00943074468523264,1500,1500,1000,1500,1800,1000,1000,1800
1784658586.0572,7.5400,0.02000,50.00,378,102062,0.040,GUIDED,GUIDED,128,10.037356853485107,0.08246792107820511,14.665932655334473,0.0,0.0,0.0,nan,nan,nan,nan,nan,nan,nan,nan,nan,nan,-2.998028107824534,-0.02894246565410369,0.01149398974111639,-0.1273989975452423,0,8.895896911621094,0.14966462552547455,14.664790153503418,2.389934539794922,-0.022086095064878464,-0.005976434331387281,8,-78,-1000,-7,0,4,0.05515632405877113,0.010002986527979374,-0.1279730200767517,0.004020487889647484,63,3135,0.019924163818359375,12.311,28.81,89,6,10,1.21,831,0.009127098135650158,3.24410348184756e-06,0.00943074468523264,1500,1500,1000,1500,1800,1000,1000,1800
1784658586.0772,7.5601,0.01998,50.05,379,102082,0.060,GUIDED,GUIDED,128,10.037356853485107,0.08246792107820511,14.665932655334473,0.0,0.0,0.0,nan,nan,nan,nan,nan,nan,nan,nan,nan,nan,-3.037818478689821,-0.028161445577405894,0.010672090923473184,-0.1273989975452423,0,8.943622589111328,0.1496291309595108,14.664680480957031,2.3853530883789062,-0.0225165244191885,-0.005438591353595257,8,-77,-1000,-14,0,4,0.05483005568385124,0.009988590143620968,-0.12794740498065948,0.003795019816607237,63,3135,0.019922256469726562,12.311,28.81,89,6,10,1.21,831,0.009127098135650158,3.24410348184756e-06,0.00943074468523264,1500,1500,1000,1500,1800,1000,1000,1800
1784658586.0974,7.5800,0.02021,49.48,380,102102,0.080,GUIDED,GUIDED,128,10.037356853485107,0.08246792107820511,14.665932655334473,0.0,0.0,0.0,nan,nan,nan,nan,nan,nan,nan,nan,nan,nan,-3.0774112271733634,-0.02809089879013582,0.009883420290137513,-0.1273989975452423,0,8.991250991821289,0.14995037019252777,14.664587020874023,2.380713701248169,-0.022742722183465958,-0.004929292947053909,8,-77,-1000,-34,-2,4,0.05406734719872475,0.009897111915051937,-0.12793007493019104,0.0037044857162982225,63,3135,0.019916772842407227,12.311,28.81,89,6,10,1.21,831,0.009127098135650158,3.24410348184756e-06,0.00943074468523264,1500,1500,1000,1500,1800,1000,1000,1800
1784658586.1172,7.6000,0.01979,50.52,381,102122,0.100,GUIDED,GUIDED,128,10.037356853485107,0.08246792107820511,14.665932655334473,0.0,0.0,0.0,nan,nan,nan,nan,nan,nan,nan,nan,nan,nan,-3.116619363168346,-0.02785670229762422,0.009063449608119849,-0.1273989975452423,0,9.038801193237305,0.15019625425338745,14.664505958557129,2.3758974075317383,-0.02301989682018757,-0.004409081302583218,8,-77,-1001,-65,-9,4,0.05269479751586914,0.009672334417700768,-0.12791778147220612,0.0036548946518450975,63,3135,0.01974034309387207,12.311,28.81,89,6,10,1.21,831,0.009127098135650158,3.24410348184756e-06,0.00943074468523264,1500,1500,1000,1500,1800,1000,1000,1800
1784658586.1372,7.6201,0.02002,49.94,382,102142,0.120,GUIDED,GUIDED,128,10.037356853485107,0.08246792107820511,14.665932655334473,0.0,0.0,0.0,nan,nan,nan,nan,nan,nan,nan,nan,nan,nan,-3.1551687359454252,-0.02691851657028483,0.008168469744561023,-0.1273989975452423,0,9.086255073547363,0.15005910396575928,14.6644287109375,2.3707563877105713,-0.023482374846935272,-0.003847765503451228,8,-77,-1001,-97,-10,3,0.05069013684988022,0.009438656270503998,-0.12790460884571075,0.003372007515281439,63,3135,0.019951343536376953,12.311,28.81,89,6,10,1.21,831,0.009127098135650158,3.24410348184756e-06,0.00943074468523264,1500,1500,1000,1500,1800,1000,1000,1800
1784658586.1573,7.6401,0.02002,49.96,383,102162,0.140,GUIDED,GUIDED,128,10.037356853485107,0.08246792107820511,14.665932655334473,0.0,0.0,0.0,nan,nan,nan,nan,nan,nan,nan,nan,nan,nan,-3.1929067490992518,-0.02653157803446564,0.007331733112929225,-0.1273989975452423,0,9.133620262145996,0.15019695460796356,14.664366722106934,2.3651981353759766,-0.023785362020134926,-0.003328886115923524,8,-77,-1001,-130,-15,3,0.0480128712952137,0.009076053276658058,-0.12789402902126312,0.003232987830415368,63,3135,0.019924640655517578,12.311,28.81,89,6,10,1.21,831,0.008445652201771736,0.00019105079991277307,0.008476252667605877,1500,1500,1000,1500,1800,1000,1000,1800
1784658586.1772,7.6601,0.01996,50.11,384,102182,0.160,GUIDED,GUIDED,128,10.037356853485107,0.08246792107820511,14.665932655334473,0.0,0.0,0.0,nan,nan,nan,nan,nan,nan,nan,nan,nan,nan,-3.2294601932823443,-0.025524125811820543,0.006737546614769434,-0.1273989975452423,0,9.18086051940918,0.15000034868717194,14.664308547973633,2.3590281009674072,-0.02425350435078144,-0.002952245529741049,8,-77,-1000,-167,-22,3,0.04459918290376663,0.008601940236985683,-0.12788595259189606,0.003037704387679696,63,3135,0.019899606704711914,12.311,28.81,89,6,10,1.21,831,0.008445652201771736,0.00019105079991277307,0.008476252667605877,1500,1500,1000,1500,1800,1000,1000,1800
1784658586.1972,7.6801,0.02004,49.91,385,102202,0.180,GUIDED,GUIDED,128,10.037356853485107,0.08246792107820511,14.665932655334473,0.0,0.0,0.0,nan,nan,nan,nan,nan,nan,nan,nan,nan,nan,-3.264677603655862,-0.02549999463482122,0.005825230409920128,-0.1273989975452423,0,9.227967262268066,0.15027205646038055,14.664264678955078,2.352163791656494,-0.02442430704832077,-0.0024001917336136103,8,-76,-1001,-202,-25,3,0.040494322776794434,0.008053939789533615,-0.1278899759054184,0.002915753982961178,63,3135,0.019967317581176758,12.311,28.81,89,6,10,1.21,831,0.008445652201771736,0.00019105079991277307,0.008476252667605877,1500,1500,1000,1500,1800,1000,1000,1800
1784658586.2172,7.7001,0.01998,50.05,386,102222,0.200,GUIDED,GUIDED,128,10.037356853485107,0.08246792107820511,14.665932655334473,0.0,0.0,0.0,nan,nan,nan,nan,nan,nan,nan,nan,nan,nan,-3.2983335283066717,-0.025701176504969857,0.0051432454704926096,-0.1273989975452423,0,9.274925231933594,0.15068595111370087,14.664229393005371,2.3444838523864746,-0.024547116830945015,-0.0019860751926898956,8,-76,-1001,-237,-31,3,0.03568955883383751,0.007382709998637438,-0.12791256606578827,0.002752907807007432,63,3135,0.019923925399780273,12.311,28.81,89,6,10,1.21,831,0.008445652201771736,0.00019105079991277307,0.008476252667605877,1500,1500,1000,1500,1800,1000,1000,1800
1784658586.2372,7.7201,0.02002,49.96,387,102242,0.220,GUIDED,GUIDED,128,10.037356853485107,0.08246792107820511,14.665932655334473,0.0,0.0,0.0,nan,nan,nan,nan,nan,nan,nan,nan,nan,nan,-3.330151436906309,-0.024939702719489927,0.00430711228762593,-0.1273989975452423,0,9.321720123291016,0.15061290562152863,14.664196968078613,2.335836887359619,-0.02494458109140396,-0.0014846129342913628,8,-76,-1001,-270,-33,3,0.030235325917601585,0.006677431985735893,-0.1279316246509552,0.0025878739543259144,63,3135,0.019947290420532227,12.311,28.81,89,6,10,1.21,831,0.008445652201771736,0.00019105079991277307,0.008476252667605877,1500,1500,1000,1500,1800,1000,1000,1800
1784658586.2572,7.7401,0.01996,50.10,388,102262,0.240,GUIDED,GUIDED,128,10.037356853485107,0.08246792107820511,14.665932655334473,0.0,0.0,0.0,nan,nan,nan,nan,nan,nan,nan,nan,nan,nan,-3.359921549283797,-0.024944156500924144,0.0033898572211875774,-0.1273989975452423,0,9.368351936340332,0.150900200009346,14.664179801940918,2.326101779937744,-0.02510787919163704,-0.0009451246005482972,8,-76,-1002,-299,-38,2,0.02419070340692997,0.0058779530227184296,-0.12794683873653412,0.0024850633926689625,63,3135,0.019905805587768555,12.311,28.81,89,6,10,1.21,831,0.008445652201771736,0.00019105079991277307,0.008476252667605877,1500,1500,1000,1500,1800,1000,1000,1800
1784658586.2772,7.7601,0.02000,50.00,389,102282,0.260,GUIDED,GUIDED,128,10.037356853485107,0.08246792107820511,14.665932655334473,0.0,0.0,0.0,nan,nan,nan,nan,nan,nan,nan,nan,nan,nan,-3.387391416286846,-0.024172943542416142,0.0026966121152252405,-0.1273989975452423,0,9.414767265319824,0.1507617086172104,14.664167404174805,2.3151636123657227,-0.025473181158304214,-0.0005377214984036982,8,-75,-1001,-326,-39,2,0.017615756019949913,0.005059415940195322,-0.1279570758342743,0.0023399933706969023,63,3135,0.0199432373046875,12.311,28.81,89,6,10,1.21,831,0.008445652201771736,0.00019105079991277307,0.008476252667605877,1500,1500,1000,1500,1800,1000,1000,1800
1784658586.2972,7.7801,0.02003,49.93,390,102302,0.280,GUIDED,GUIDED,128,10.037356853485107,0.08246792107820511,14.665932655334473,0.0,0.0,0.0,nan,nan,nan,nan,nan,nan,nan,nan,nan,nan,-3.4124895970304574,-0.02404757252764661,0.0019347299509912385,-0.1273989975452423,0,9.460966110229492,0.1509431004524231,14.664172172546387,2.30298113822937,-0.02565029077231884,-0.00010060164640890434,8,-75,-1002,-350,-43,2,0.010562755167484283,0.0041601103730499744,-0.12797482311725616,0.002128249267116189,63,3135,0.019954442977905273,12.311,28.81,89,6,10,1.21,831,0.008445652201771736,0.00019105079991277307,0.008476252667605877,1500,1500,1000,1500,1800,1000,1000,1800
1784658586.3172,7.8001,0.01997,50.08,391,102322,0.300,GUIDED,GUIDED,128,10.037356853485107,0.08246792107820511,14.665932655334473,0.0,0.0,0.0,nan,nan,nan,nan,nan,nan,nan,nan,nan,nan,-3.4349885953113977,-0.023761650332932933,0.0013418680389336354,-0.1273989975452423,0,9.506917953491211,0.15105502307415009,14.664186477661133,2.289440631866455,-0.025879986584186554,0.00023342827626038343,8,-74,-1002,-372,-44,2,0.003090088488534093,0.0032549197785556316,-0.12798644602298737,0.00199284590780735,63,3135,0.019909381866455078,12.311,28.81,89,6,10,1.21,831,0.008445652201771736,0.00019105079991277307,0.008476252667605877,1500,1500,1000,1500,1800,1000,1000,1800
1784658586.3372,7.8201,0.02004,49.90,392,102342,0.320,GUIDED,GUIDED,128,10.037356853485107,0.08246792107820511,14.665932655334473,0.0,0.0,0.0,nan,nan,nan,nan,nan,nan,nan,nan,nan,nan,-3.454699586402315,-0.022787392240988656,0.0009673477892277831,-0.1273989975452423,0,9.552566528320312,0.15082460641860962,14.664198875427246,2.274465560913086,-0.02630944363772869,0.00044249978964217007,8,-74,-1002,-389,-48,2,-0.00473711546510458,0.002249667653813958,-0.12798833847045898,0.0018601133488118649,63,3135,0.019968748092651367,12.311,28.81,89,6,10,1.21,831,0.008445652201771736,0.00019105079991277307,0.008476252667605877,1500,1500,1000,1500,1800,1000,1000,1800
1784658586.3575,7.8400,0.02029,49.28,393,102362,0.340,GUIDED,GUIDED,128,10.037356853485107,0.08246792107820511,14.665932655334473,0.0,0.0,0.0,nan,nan,nan,nan,nan,nan,nan,nan,nan,nan,-3.471658958170723,-0.022311827266853296,0.000425590245288111,-0.1273989975452423,0,9.597933769226074,0.1508365422487259,14.66422176361084,2.2580642700195312,-0.026590902358293533,0.0007420691545121372,8,-73,-1003,-407,-49,2,-0.012927591800689697,0.0012379129184409976,-0.12798015773296356,0.0017207517521455884,63,3135,0.0202178955078125,12.311,28.81,89,6,10,1.21,831,0.008184095844626427,0.00028444192139431834,0.007337725721299648,1500,1500,1000,1500,1800,1000,1000,1800
1784658586.3772,7.8601,0.01967,50.84,394,102382,0.360,GUIDED,GUIDED,128,10.037356853485107,0.08246792107820511,14.665932655334473,0.0,0.0,0.0,nan,nan,nan,nan,nan,nan,nan,nan,nan,nan,-3.4855870771596447,-0.021245673621122944,5.543858580794739e-05,-0.1273989975452423,0,9.642932891845703,0.15055066347122192,14.664243698120117,2.2401254177093506,-0.027041394263505936,0.0009431124199181795,8,-72,-1003,-421,-51,2,-0.021383391693234444,0.00016404544294346124,-0.1279584914445877,0.0017120253760367632,63,3135,0.01961231231689453,12.311,28.81,89,6,10,1.21,831,0.008184095844626427,0.00028444192139431834,0.007337725721299648,1500,1500,1000,1500,1800,1000,1000,1800
1784658586.3972,7.8801,0.02002,49.95,395,102402,0.380,GUIDED,GUIDED,128,10.037356853485107,0.08246792107820511,14.665932655334473,0.0,0.0,0.0,nan,nan,nan,nan,nan,nan,nan,nan,nan,nan,-3.496430170520964,-0.02102728253080649,-0.00021941818324126426,-0.1273989975452423,0,9.687572479248047,0.15068455040454865,14.664271354675293,2.2206130027770996,-0.02724478207528591,0.0010858335299417377,8,-72,-1004,-433,-54,2,-0.030094074085354805,-0.0009477731655351818,-0.12794022262096405,0.0016836661379784346,63,3135,0.019941329956054688,12.311,28.81,89,6,10,1.21,831,0.008184095844626427,0.00028444192139431834,0.007337725721299648,1500,1500,1000,1500,1800,1000,1000,1800
1784658586.4172,7.9001,0.02002,49.95,396,102422,0.400,GUIDED,GUIDED,128,10.037356853485107,0.08246792107820511,14.665932655334473,0.0,0.0,0.0,nan,nan,nan,nan,nan,nan,nan,nan,nan,nan,-3.5041331898539316,-0.021067144107555037,-0.0005804533024130381,-0.1273989975452423,0,9.7318115234375,0.15094608068466187,14.664299011230469,2.199518918991089,-0.02737276256084442,0.001278309733606875,8,-71,-1005,-446,-53,2,-0.039050694555044174,-0.002059565857052803,-0.12792250514030457,0.0015802241396158934,63,3135,0.01994776725769043,12.311,28.81,89,6,10,1.21,831,0.008184095844626427,0.00028444192139431834,0.007337725721299648,1500,1500,1000,1500,1800,1000,1000,1800
1784658586.4372,7.9201,0.02000,50.00,397,102442,0.420,GUIDED,GUIDED,128,10.037356853485107,0.08246792107820511,14.665932655334473,0.0,0.0,0.0,nan,nan,nan,nan,nan,nan,nan,nan,nan,nan,-3.5084773519209733,-0.020272456512878616,-0.0007114624590288791,-0.1273989975452423,0,9.775588989257812,0.15077124536037445,14.664326667785645,2.1767520904541016,-0.027730634436011314,0.0013379803858697414,8,-70,-1005,-457,-57,1,-0.048235855996608734,-0.003239857265725732,-0.127889022231102,0.0014468133449554443,63,3135,0.019928932189941406,12.311,28.81,89,6,10,1.21,831,0.008184095844626427,0.00028444192139431834,0.007337725721299648,1500,1500,1000,1500,1800,1000,1000,1800
1784658586.4572,7.9401,0.02000,50.00,398,102462,0.440,GUIDED,GUIDED,128,10.037356853485107,0.08246792107820511,14.665932655334473,0.0,0.0,0.0,nan,nan,nan,nan,nan,nan,nan,nan,nan,nan,-3.509570455825902,-0.0200515447846581,-0.0008783206946884497,-0.1273989975452423,0,9.818929672241211,0.15091487765312195,14.66435718536377,2.152360439300537,-0.027941104024648666,0.0014166967011988163,8,-69,-1006,-464,-57,1,-0.05754588544368744,-0.004412112291902304,-0.12784135341644287,0.0014358613407239318,63,3135,0.019930601119995117,12.311,28.81,89,6,10,1.21,831,0.008184095844626427,0.00028444192139431834,0.007337725721299648,1500,1500,1000,1500,1800,1000,1000,1800
1784658586.4772,7.9601,0.02000,50.00,399,102482,0.460,GUIDED,GUIDED,128,10.037356853485107,0.08246792107820511,14.665932655334473,0.0,0.0,0.0,nan,nan,nan,nan,nan,nan,nan,nan,nan,nan,-3.5072636076518857,-0.019150915607787387,-0.0007392956300818175,-0.1273989975452423,0,9.861736297607422,0.1506776511669159,14.664384841918945,2.126314163208008,-0.028324119746685028,0.001320463023148477,8,-68,-1007,-471,-61,1,-0.06700465828180313,-0.005669566337019205,-0.12777474522590637,0.0014225568156689405,63,3135,0.019928932189941406,12.311,28.81,89,6,10,1.21,831,0.008184095844626427,0.00028444192139431834,0.007337725721299648,1500,1500,1000,1500,1800,1000,1000,1800
1784658586.4973,7.9801,0.02002,49.94,400,102502,0.480,GUIDED,GUIDED,128,10.037356853485107,0.08246792107820511,14.665932655334473,0.0,0.0,0.0,nan,nan,nan,nan,nan,nan,nan,nan,nan,nan,-3.501477883234205,-0.01881216567895485,-0.0007030605130511967,-0.1273989975452423,0,9.904026985168457,0.1507231444120407,14.664419174194336,2.098557233810425,-0.028545962646603584,0.001279720920138061,8,-67,-1008,-476,-59,1,-0.0765523910522461,-0.006882955320179462,-0.12771286070346832,0.0013274605153128505,63,3135,0.01992964744567871,12.311,28.81,89,6,10,1.21,831,0.008184095844626427,0.00028444192139431834,0.007337725721299648,1500,1500,1000,1500,1800,1000,1000,1800
1784658586.5173,8.0001,0.02003,49.91,401,102522,0.500,GUIDED,GUIDED,128,10.037356853485107,0.08246792107820511,14.665932655334473,0.0,0.0,0.0,nan,nan,nan,nan,nan,nan,nan,nan,nan,nan,-3.4922082904423934,-0.018465081918855528,-0.0004460676897612686,-0.1273989975452423,0,9.945752143859863,0.15070414543151855,14.664453506469727,2.069115400314331,-0.028735382482409477,0.0011115242959931493,8,-66,-1009,-479,-61,1,-0.08617709577083588,-0.008143703453242779,-0.12763193249702454,0.0013815968995913863,63,3135,0.01990675926208496,12.311,28.83,89,6,10,1.21,831,0.008184095844626427,0.00028444192139431834,0.007337725721299648,1500,1500,1000,1500,1800,1000,1000,1800
1784658586.5372,8.0201,0.01991,50.24,402,102542,0.520,GUIDED,GUIDED,128,10.037356853485107,0.08246792107820511,14.665932655334473,0.0,0.0,0.0,nan,nan,nan,nan,nan,nan,nan,nan,nan,nan,-3.479324634714892,-0.017467536650707827,-0.0002757607616236974,-0.1273989975452423,0,9.98684310913086,0.15038183331489563,14.66447925567627,2.0379531383514404,-0.02912522852420807,0.0009983312338590622,7,-65,-1010,-484,-61,1,-0.09590145200490952,-0.00938291847705841,-0.12753677368164062,0.0013205361319705844,63,3135,0.01985025405883789,12.311,28.83,89,6,10,1.21,831,0.008184095844626427,0.00028444192139431834,0.007337725721299648,1500,1500,1000,1500,1800,1000,1000,1800
1784658586.5572,8.0401,0.02004,49.90,403,102562,0.540,GUIDED,GUIDED,128,10.037356853485107,0.08246792107820511,14.665932655334473,0.0,0.0,0.0,nan,nan,nan,nan,nan,nan,nan,nan,nan,nan,-3.4629479981252085,-0.016941185461804703,-0.00023714412305156753,-0.1273989975452423,0,10.027331352233887,0.15027043223381042,14.664507865905762,2.005122184753418,-0.029364800080657005,0.000959517783485353,7,-63,-1012,-485,-62,1,-0.1056397333741188,-0.01066278014332056,-0.12742148339748383,0.0012922626920044422,63,3135,0.01995110511779785,12.311,28.83,89,6,10,1.21,831,0.007122444920241833,0.0002882458211388439,0.004974342882633209,1500,1500,1000,1500,1800,1000,1000,1800
1784658586.5772,8.0601,0.01996,50.11,404,102582,0.560,GUIDED,GUIDED,128,10.037356853485107,0.08246792107820511,14.665932655334473,0.0,0.0,0.0,nan,nan,nan,nan,nan,nan,nan,nan,nan,nan,-3.4428437305190864,-0.01592160472602358,-7.902093226196268e-05,-0.1273989975452423,0,10.067112922668457,0.1498977392911911,14.664530754089355,1.970547080039978,-0.029738280922174454,0.000855010817758739,7,-62,-1013,-488,-64,1,-0.11543893814086914,-0.011962232179939747,-0.1272905021905899,0.0011477641528472304,63,3135,0.01990032196044922,12.311,28.83,89,6,10,1.21,831,0.007122444920241833,0.0002882458211388439,0.004974342882633209,1500,1500,1000,1500,1800,1000,1000,1800
1784658586.5974,8.0800,0.02022,49.45,405,102602,0.580,GUIDED,GUIDED,128,10.037356853485107,0.08246792107820511,14.665932655334473,0.0,0.0,0.0,nan,nan,nan,nan,nan,nan,nan,nan,nan,nan,-3.4192186987918154,-0.01564020870948775,4.888056471446579e-05,-0.1273989975452423,0,10.106243133544922,0.1499031037092209,14.66455364227295,1.9343153238296509,-0.029903842136263847,0.0007679523550905287,7,-61,-1015,-488,-61,1,-0.12522654235363007,-0.013214352540671825,-0.12716759741306305,0.0010384784545749426,63,3135,0.019913196563720703,12.311,28.83,89,6,10,1.21,831,0.007122444920241833,0.0002882458211388439,0.004974342882633209,1500,1500,1000,1500,1800,1000,1000,1800
1784658586.6173,8.1001,0.01990,50.24,406,102622,0.600,GUIDED,GUIDED,128,10.037356853485107,0.08246792107820511,14.665932655334473,0.0,0.0,0.0,nan,nan,nan,nan,nan,nan,nan,nan,nan,nan,-3.391995152360239,-0.015651186008410076,0.00021021989258658818,-0.1273989975452423,0,10.144673347473145,0.15002860128879547,14.664572715759277,1.8964101076126099,-0.0299699604511261,0.000663790968246758,7,-59,-1017,-488,-64,1,-0.13502861559391022,-0.014523295685648918,-0.12702813744544983,0.0011293753050267696,63,3135,0.01974797248840332,12.311,28.83,89,6,10,1.21,831,0.007122444920241833,0.0002882458211388439,0.004974342882633209,1500,1500,1000,1500,1800,1000,1000,1800
1784658586.6372,8.1200,0.01990,50.25,407,102642,0.620,GUIDED,GUIDED,128,10.037356853485107,0.08246792107820511,14.665932655334473,0.0,0.0,0.0,nan,nan,nan,nan,nan,nan,nan,nan,nan,nan,-3.360958726960031,-0.014925304486572775,0.0004978460269181154,-0.1273989975452423,0,10.18226146697998,0.14976286888122559,14.664586067199707,1.8567897081375122,-0.03023562766611576,0.0004900214844383299,7,-58,-1018,-490,-65,1,-0.14487023651599884,-0.015833714976906776,-0.12687282264232635,0.0010077168699353933,63,3135,0.019846677780151367,12.311,28.83,89,6,10,1.21,831,0.007122444920241833,0.0002882458211388439,0.004974342882633209,1500,1500,1000,1500,1800,1000,1000,1800
1784658586.6572,8.1400,0.01999,50.03,408,102662,0.640,GUIDED,GUIDED,128,10.037356853485107,0.08246792107820511,14.665932655334473,0.0,0.0,0.0,nan,nan,nan,nan,nan,nan,nan,nan,nan,nan,-3.3263415459671744,-0.014813820911613929,0.0008042360118227142,-0.1273989975452423,0,10.219109535217285,0.1497814655303955,14.664596557617188,1.815529227256775,-0.030310729518532753,0.0003070704988203943,7,-56,-1020,-488,-63,1,-0.1546688973903656,-0.017106980085372925,-0.12670749425888062,0.0009103787015192211,63,3135,0.019919395446777344,12.311,28.83,89,6,10,1.21,831,0.007122444920241833,0.0002882458211388439,0.004974342882633209,1500,1500,1000,1500,1800,1000,1000,1800
1784658586.6772,8.1600,0.01996,50.10,409,102682,0.660,GUIDED,GUIDED,128,10.037356853485107,0.08246792107820511,14.665932655334473,0.0,0.0,0.0,nan,nan,nan,nan,nan,nan,nan,nan,nan,nan,-3.2878507953317926,-0.014118196270157743,0.0011303248254891974,-0.1273989975452423,0,10.255047798156738,0.1494622379541397,14.664602279663086,1.7725576162338257,-0.03052804246544838,0.00011549940973054618,7,-54,-1022,-490,-65,1,-0.16449667513370514,-0.018428009003400803,-0.12651672959327698,0.000978321535512805,63,3135,0.01991105079650879,12.311,28.83,89,6,10,1.21,831,0.007122444920241833,0.0002882458211388439,0.004974342882633209,1500,1500,1000,1500,1800,1000,1000,1800
1784658586.6972,8.1801,0.02004,49.89,410,102702,0.680,GUIDED,GUIDED,128,10.037356853485107,0.08246792107820511,14.665932655334473,0.0,0.0,0.0,nan,nan,nan,nan,nan,nan,nan,nan,nan,nan,-3.2456790347057476,-0.013871135437015965,0.0014881453450883825,-0.1273989975452423,0,10.290157318115234,0.1493951827287674,14.664609909057617,1.727939248085022,-0.03063196875154972,-9.549319656798616e-05,6,-53,-1024,-488,-64,1,-0.17429493367671967,-0.019714457914233208,-0.1263323873281479,0.0009325518039986491,63,3135,0.019967317581176758,12.311,28.83,89,6,10,1.21,831,0.007122444920241833,0.0002882458211388439,0.004974342882633209,1500,1500,1000,1500,1800,1000,1000,1800
1784658586.7172,8.2001,0.02002,49.96,411,102722,0.700,GUIDED,GUIDED,128,10.037356853485107,0.08246792107820511,14.665932655334473,0.0,0.0,0.0,nan,nan,nan,nan,nan,nan,nan,nan,nan,nan,-3.201606632691592,-0.013665475984063521,0.0017853151744888604,-0.1273989975452423,0,10.322957992553711,0.14929506182670593,14.664616584777832,1.6835565567016602,-0.030692901462316513,-0.000270918506430462,6,-51,-1026,-489,-65,1,-0.1836995631456375,-0.020970052108168602,-0.12613770365715027,0.0010331182274967432,63,3135,0.019947528839111328,12.311,28.83,89,6,10,1.21,831,0.007122444920241833,0.0002882458211388439,0.004974342882633209,1500,1500,1000,1500,1800,1000,1000,1800
1784658586.7372,8.2200,0.01995,50.12,412,102742,0.720,GUIDED,GUIDED,128,10.037356853485107,0.08246792107820511,14.665932655334473,0.0,0.0,0.0,nan,nan,nan,nan,nan,nan,nan,nan,nan,nan,-3.1517515760483423,-0.012918748516299858,0.00211294424585407,-0.1273989975452423,0,10.356197357177734,0.1489042192697525,14.664613723754883,1.6355819702148438,-0.03089837171137333,-0.0004584234266076237,6,-50,-1028,-487,-64,1,-0.19348114728927612,-0.02225416712462902,-0.12591688334941864,0.0011113639920949936,63,3135,0.019896745681762695,12.311,28.83,89,6,10,1.21,831,0.007122444920241833,0.0002882458211388439,0.004974342882633209,1500,1500,1000,1500,1800,1000,1000,1800
1784658586.7572,8.2400,0.02004,49.89,413,102762,0.740,GUIDED,GUIDED,128,10.037356853485107,0.08246792107820511,14.665932655334473,0.0,0.0,0.0,nan,nan,nan,nan,nan,nan,nan,nan,nan,nan,-3.09809011393749,-0.012529238691639723,0.002418103788680669,-0.1273989975452423,0,10.388521194458008,0.14869827032089233,14.66461181640625,1.5859383344650269,-0.031004350632429123,-0.0006335061625577509,6,-48,-1030,-486,-64,1,-0.2032342106103897,-0.02353404462337494,-0.1256818175315857,0.0010131107410416007,63,3135,0.019959449768066406,12.311,28.83,89,6,10,1.21,831,0.007365065161138773,0.00025878733140416443,0.0052627758122980595,1500,1500,1000,1500,1800,1000,1000,1800
1784658586.7772,8.2600,0.01994,50.15,414,102782,0.760,GUIDED,GUIDED,128,10.037356853485107,0.08246792107820511,14.665932655334473,0.0,0.0,0.0,nan,nan,nan,nan,nan,nan,nan,nan,nan,nan,-3.0404779175302603,-0.011758212513984567,0.0026863105084663323,-0.1273989975452423,0,10.419776916503906,0.1482655107975006,14.66460132598877,1.5346304178237915,-0.03119964897632599,-0.0007822987390682101,6,-46,-1032,-485,-65,1,-0.212970569729805,-0.024828944355249405,-0.1254252940416336,0.0010152393952012062,63,3135,0.01988959312438965,12.311,28.83,89,6,10,1.21,831,0.007365065161138773,0.00025878733140416443,0.0052627758122980595,1500,1500,1000,1500,1800,1000,1000,1800
1784658586.7972,8.2800,0.02004,49.91,415,102802,0.780,GUIDED,GUIDED,128,10.037356853485107,0.08246792107820511,14.665932655334473,0.0,0.0,0.0,nan,nan,nan,nan,nan,nan,nan,nan,nan,nan,-2.9792441499220064,-0.011627111895024689,0.00287669606743427,-0.1273989975452423,0,10.450146675109863,0.14817002415657043,14.664589881896973,1.4817430973052979,-0.03122021071612835,-0.0008856106433086097,6,-44,-1035,-480,-64,1,-0.2225850522518158,-0.026098893955349922,-0.12517625093460083,0.0010399282909929752,63,3135,0.019971609115600586,12.311,28.83,89,6,10,1.21,831,0.007365065161138773,0.00025878733140416443,0.0052627758122980595,1500,1500,1000,1500,1800,1000,1000,1800
1784658586.8172,8.3000,0.01998,50.04,416,102822,0.800,GUIDED,GUIDED,128,10.037356853485107,0.08246792107820511,14.665932655334473,0.0,0.0,0.0,nan,nan,nan,nan,nan,nan,nan,nan,nan,nan,-2.9144153424874415,-0.011738834552126223,0.003051728484837995,-0.1273989975452423,0,10.479554176330566,0.14818543195724487,14.66457462310791,1.4273357391357422,-0.03116460330784321,-0.000977855990640819,5,-42,-1037,-462,-62,1,-0.23181968927383423,-0.027325570583343506,-0.1249283030629158,0.001077133696526289,63,3135,0.019930601119995117,12.311,28.83,89,6,10,1.21,831,0.007365065161138773,0.00025878733140416443,0.0052627758122980595,1500,1500,1000,1500,1800,1000,1000,1800
1784658586.8372,8.3200,0.02003,49.92,417,102842,0.820,GUIDED,GUIDED,128,10.037356853485107,0.08246792107820511,14.665932655334473,0.0,0.0,0.0,nan,nan,nan,nan,nan,nan,nan,nan,nan,nan,-2.84562654960402,-0.011250893839799644,0.0032155609140929386,-0.1273989975452423,0,10.5076904296875,0.147857204079628,14.664554595947266,1.3713760375976562,-0.03125681355595589,-0.001060882001183927,5,-40,-1039,-428,-57,1,-0.24036984145641327,-0.028465595096349716,-0.12468231469392776,0.0011686899233609438,63,3135,0.01996159553527832,12.311,28.83,89,6,10,1.21,831,0.007365065161138773,0.00025878733140416443,0.0052627758122980595,1500,1500,1000,1500,1800,1000,1000,1800
1784658586.8575,8.3400,0.02031,49.25,418,102860,0.840,GUIDED,GUIDED,128,10.037356853485107,0.08246792107820511,14.665932655334473,0.0,0.0,0.0,nan,nan,nan,nan,nan,nan,nan,nan,nan,nan,-2.776719860946984,-0.011273926737476354,0.003172573277120441,-0.1273989975452423,0,10.533747673034668,0.14780500531196594,14.664535522460938,1.3165485858917236,-0.03121337853372097,-0.001025050994940102,5,-38,-1042,-387,-52,1,-0.24775850772857666,-0.029455628246068954,-0.12445641309022903,0.0011067071463912725,63,3135,0.020243167877197266,12.311,28.83,89,6,10,1.21,831,0.007365065161138773,0.00025878733140416443,0.0052627758122980595,1500,1500,1000,1500,1800,1000,1000,1800
1784658586.8772,8.3600,0.01964,50.92,419,102880,0.860,GUIDED,GUIDED,128,10.037356853485107,0.08246792107820511,14.665932655334473,0.0,0.0,0.0,nan,nan,nan,nan,nan,nan,nan,nan,nan,nan,-2.7014022026388305,-0.010795883719858165,0.002947855801302855,-0.1273989975452423,0,10.559633255004883,0.14743280410766602,14.664517402648926,1.2581188678741455,-0.03127448633313179,-0.0008848488214425743,5,-36,-1044,-339,-47,1,-0.2545178234577179,-0.03038373589515686,-0.12423667311668396,0.0012313914485275745,63,3135,0.01958942413330078,12.311,28.83,89,6,10,1.21,831,0.007365065161138773,0.00025878733140416443,0.0052627758122980595,1500,1500,1000,1500,1800,1000,1000,1800
1784658586.8972,8.3801,0.02003,49.93,420,102900,0.880,GUIDED,GUIDED,128,10.037356853485107,0.08246792107820511,14.665932655334473,0.0,0.0,0.0,nan,nan,nan,nan,nan,nan,nan,nan,nan,nan,-2.6235567277961667,-0.010676733481461365,0.0026796420998100806,-0.1273989975452423,0,10.58446216583252,0.1472807079553604,14.664506912231445,1.198839783668518,-0.031255465000867844,-0.0007239389233291149,4,-34,-1046,-282,-39,1,-0.26011884212493896,-0.031156180426478386,-0.12406283617019653,0.0012502209283411503,63,3135,0.019971847534179688,12.311,28.83,89,6,10,1.21,831,0.007365065161138773,0.00025878733140416443,0.0052627758122980595,1500,1500,1000,1500,1800,1000,1000,1800
1784658586.9173,8.4001,0.02006,49.85,421,102920,0.900,GUIDED,GUIDED,128,10.037356853485107,0.08246792107820511,14.665932655334473,0.0,0.0,0.0,nan,nan,nan,nan,nan,nan,nan,nan,nan,nan,-2.5430241986052136,-0.010255182748974093,0.002115752165938803,-0.1273989975452423,0,10.607959747314453,0.14687275886535645,14.664501190185547,1.1387779712677002,-0.031263317912817,-0.0003950732934754342,4,-32,-1047,-227,-33,1,-0.2646515369415283,-0.03180321678519249,-0.12391626089811325,0.0013369072694331408,63,3135,0.019997119903564453,12.311,28.83,89,6,10,1.21,831,0.007365065161138773,0.00025878733140416443,0.0052627758122980595,1500,1500,1000,1500,1800,1000,1000,1800
1784658586.9372,8.4200,0.01990,50.25,422,102940,0.920,GUIDED,GUIDED,128,10.037356853485107,0.08246792107820511,14.665932655334473,0.0,0.0,0.0,nan,nan,nan,nan,nan,nan,nan,nan,nan,nan,-2.4606827858670655,-0.010110736655917385,0.001430408422186365,-0.1273989975452423,0,10.630375862121582,0.14664587378501892,14.664504051208496,1.078296184539795,-0.031215721741318703,-1.0417109024274396e-06,4,-31,-1049,-171,-24,1,-0.2680458128452301,-0.03229491785168648,-0.12380251288414001,0.0013945461250841618,63,3135,0.019850492477416992,12.311,28.83,89,6,10,1.21,831,0.007365065161138773,0.00025878733140416443,0.0052627758122980595,1500,1500,1000,1500,1800,1000,1000,1800
1784658586.9572,8.4401,0.02007,49.82,423,102960,0.940,GUIDED,GUIDED,128,10.037356853485107,0.08246792107820511,14.665932655334473,0.0,0.0,0.0,nan,nan,nan,nan,nan,nan,nan,nan,nan,nan,-2.3766866072440123,-0.009994930366712527,0.0003608116455262693,-0.1273989975452423,0,10.651569366455078,0.14637386798858643,14.664517402648926,1.0175648927688599,-0.031125539913773537,0.0006087818183004856,4,-28,-1050,-126,-18,2,-0.27057796716690063,-0.03265827149152756,-0.1237160712480545,0.0014778851764276624,63,3135,0.019988536834716797,12.311,28.83,89,6,10,1.21,831,0.007863168604671955,0.00025574464234523475,0.008811923675239086,1500,1500,1000,1500,1800,1000,1000,1800
1784658586.9772,8.4601,0.02000,50.00,424,102980,0.960,GUIDED,GUIDED,128,10.037356853485107,0.08246792107820511,14.665932655334473,0.0,0.0,0.0,nan,nan,nan,nan,nan,nan,nan,nan,nan,nan,-2.2911313413525787,-0.00956741468846066,-0.0007022010696813824,-0.1273989975452423,0,10.671422958374023,0.145911306142807,14.664538383483887,0.9567070603370667,-0.03110530599951744,0.001210399204865098,4,-27,-1050,-81,-10,2,-0.2721668481826782,-0.03286551311612129,-0.12366515398025513,0.0016017933376133442,63,3135,0.019928693771362305,12.311,28.83,89,6,10,1.21,831,0.007863168604671955,0.00025574464234523475,0.008811923675239086,1500,1500,1000,1500,1800,1000,1000,1800
1784658586.9972,8.4800,0.01996,50.10,425,103000,0.980,GUIDED,GUIDED,128,10.037356853485107,0.08246792107820511,14.665932655334473,0.0,0.0,0.0,nan,nan,nan,nan,nan,nan,nan,nan,nan,nan,-2.205485884793896,-0.009482512729680231,-0.001962696734542368,-0.1273989975452423,0,10.690439224243164,0.1456887423992157,14.664572715759277,0.8962805867195129,-0.031025826930999756,0.0019183249678462744,4,-25,-1051,-24,-6,2,-0.27262642979621887,-0.03300340101122856,-0.12363729625940323,0.0017652625683695078,63,3135,0.019888877868652344,12.311,28.83,89,6,10,1.21,831,0.007863168604671955,0.00025574464234523475,0.008811923675239086,1500,1500,1000,1500,1800,1000,1000,1800
1784658587.0173,8.5000,0.02007,49.82,426,103020,0.000,GUIDED,GUIDED,128,10.037356853485107,0.08246792107820511,14.665932655334473,0.0,0.0,0.0,nan,nan,nan,nan,nan,nan,nan,nan,nan,nan,-2.1190664966182533,-0.009194433245536163,-0.0033528939166844567,-0.1273989975452423,0,10.70813274383545,0.14530131220817566,14.664618492126465,0.8361709713935852,-0.03096846677362919,0.0026945266872644424,3,-23,-1050,26,2,2,-0.2720643877983093,-0.03295727074146271,-0.12366806715726852,0.0019187969155609608,63,3135,0.019936323165893555,12.3,29.99,89,6,10,1.21,831,0.007863168604671955,0.00025574464234523475,0.008811923675239086,1500,1500,1000,1500,1800,1000,1000,1800
1784658587.0372,8.5200,0.01991,50.22,427,103040,0.020,GUIDED,GUIDED,128,10.037356853485107,0.08246792107820511,14.665932655334473,0.0,0.0,0.0,nan,nan,nan,nan,nan,nan,nan,nan,nan,nan,-2.0332283703303826,-0.009211202188431057,-0.004944190474462201,-0.1273989975452423,0,10.724976539611816,0.1451086848974228,14.664679527282715,0.7768875360488892,-0.030847571790218353,0.0035780235193669796,3,-21,-1050,76,6,2,-0.2704862654209137,-0.0328480526804924,-0.12370693683624268,0.0020774786826223135,63,3135,0.019860267639160156,12.3,29.99,89,6,10,1.21,831,0.007863168604671955,0.00025574464234523475,0.008811923675239086,1500,1500,1000,1500,1800,1000,1000,1800
1784658587.0572,8.5401,0.02004,49.90,428,103060,0.040,GUIDED,GUIDED,128,10.037356853485107,0.08246792107820511,14.665932655334473,0.0,0.0,0.0,nan,nan,nan,nan,nan,nan,nan,nan,nan,nan,-1.9475275126322482,-0.00917577562707201,-0.00646825184891619,-0.1273989975452423,0,10.740598678588867,0.14486894011497498,14.66475772857666,0.7183886766433716,-0.030729608610272408,0.004412791226059198,3,-19,-1049,122,13,2,-0.2680123746395111,-0.032584212720394135,-0.12378234416246414,0.002166553633287549,63,3135,0.01998162269592285,12.3,29.99,89,6,10,1.21,831,0.007863168604671955,0.00025574464234523475,0.008811923675239086,1500,1500,1000,1500,1800,1000,1000,1800
1784658587.0772,8.5601,0.02002,49.94,429,103080,0.060,GUIDED,GUIDED,128,10.037356853485107,0.08246792107820511,14.665932655334473,0.0,0.0,0.0,nan,nan,nan,nan,nan,nan,nan,nan,nan,nan,-1.8615827490170669,-0.008884914879316134,-0.008038321080456927,-0.1273989975452423,0,10.754705429077148,0.1444261223077774,14.664854049682617,0.6606239080429077,-0.03064187616109848,0.005263660103082657,3,-18,-1047,163,21,2,-0.264720618724823,-0.032167401164770126,-0.1238914430141449,0.0022654084023088217,63,3135,0.019951820373535156,12.3,29.99,89,6,10,1.21,831,0.007863168604671955,0.00025574464234523475,0.008811923675239086,1500,1500,1000,1500,1800,1000,1000,1800
1784658587.0974,8.5801,0.02011,49.72,430,103100,0.080,GUIDED,GUIDED,128,10.037356853485107,0.08246792107820511,14.665932655334473,0.0,0.0,0.0,nan,nan,nan,nan,nan,nan,nan,nan,nan,nan,-1.777020096222932,-0.008773347322343666,-0.009675125532287042,-0.1273989975452423,0,10.767959594726562,0.14412863552570343,14.664970397949219,0.604149341583252,-0.0305345356464386,0.006141495890915394,3,-16,-1046,203,25,3,-0.2606288194656372,-0.03169260919094086,-0.12401401996612549,0.002434474416077137,63,3135,0.019906282424926758,12.3,29.99,89,6,10,1.21,831,0.007863168604671955,0.00025574464234523475,0.008811923675239086,1500,1500,1000,1500,1800,1000,1000,1800
1784658587.1174,8.6001,0.02004,49.91,431,103120,0.100,GUIDED,GUIDED,128,10.037356853485107,0.08246792107820511,14.665932655334473,0.0,0.0,0.0,nan,nan,nan,nan,nan,nan,nan,nan,nan,nan,-1.69283606516013,-0.008467986920394278,-0.01144103449931492,-0.1273989975452423,0,10.77977466583252,0.14366081357002258,14.665105819702148,0.5487242341041565,-0.030440738424658775,0.007082858122885227,3,-14,-1045,235,28,3,-0.25591200590133667,-0.03113260306417942,-0.12415185570716858,0.002535594627261162,63,3135,0.01997542381286621,12.3,29.99,89,6,10,1.21,831,0.007863168604671955,0.00025574464234523475,0.008811923675239086,1500,1500,1000,1500,1800,1000,1000,1800
1784658587.1372,8.6200,0.01980,50.49,432,103140,0.120,GUIDED,GUIDED,128,10.037356853485107,0.08246792107820511,14.665932655334473,0.0,0.0,0.0,nan,nan,nan,nan,nan,nan,nan,nan,nan,nan,-1.6105931121273125,-0.008262029640173245,-0.013054077501764974,-0.1273989975452423,0,10.79076862335205,0.1433081030845642,14.665262222290039,0.494893878698349,-0.030356010422110558,0.007923849858343601,2,-13,-1042,266,35,3,-0.25056225061416626,-0.030453961342573166,-0.12430943548679352,0.0026285843923687935,63,3135,0.01974654197692871,12.3,29.99,89,6,10,1.21,831,0.007863168604671955,0.00025574464234523475,0.008811923675239086,1500,1500,1000,1500,1800,1000,1000,1800
1784658587.1572,8.6400,0.02003,49.92,433,103160,0.140,GUIDED,GUIDED,128,10.037356853485107,0.08246792107820511,14.665932655334473,0.0,0.0,0.0,nan,nan,nan,nan,nan,nan,nan,nan,nan,nan,-1.529780858854548,-0.008059534027958767,-0.014541024793716578,-0.1273989975452423,0,10.800667762756348,0.14292146265506744,14.665432929992676,0.4425216317176819,-0.030249694362282753,0.008683781139552593,2,-11,-1040,288,35,3,-0.24479511380195618,-0.029781803488731384,-0.12445463240146637,0.002730335807427764,63,3135,0.019946813583374023,12.3,29.99,89,6,10,1.21,831,0.005915001966059208,0.00026187181356363,0.01641085185110569,1500,1500,1000,1500,1800,1000,1000,1800
1784658587.1772,8.6600,0.01999,50.02,434,103180,0.160,GUIDED,GUIDED,128,10.037356853485107,0.08246792107820511,14.665932655334473,0.0,0.0,0.0,nan,nan,nan,nan,nan,nan,nan,nan,nan,nan,-1.4501163848838412,-0.007758013774964878,-0.016046698035303997,-0.1273989975452423,0,10.809257507324219,0.14241504669189453,14.665616035461426,0.39156803488731384,-0.030131397768855095,0.009447365999221802,2,-10,-1038,310,39,3,-0.23857709765434265,-0.02902182564139366,-0.12461264431476593,0.0027363207191228867,63,3135,0.019919395446777344,12.3,29.99,89,6,10,1.21,831,0.005915001966059208,0.00026187181356363,0.01641085185110569,1500,1500,1000,1500,1800,1000,1000,1800
1784658587.1972,8.6801,0.02000,49.99,435,103200,0.180,GUIDED,GUIDED,128,10.037356853485107,0.08246792107820511,14.665932655334473,0.0,0.0,0.0,nan,nan,nan,nan,nan,nan,nan,nan,nan,nan,-1.3736647138732956,-0.007532463605920983,-0.017534923954892076,-0.1273989975452423,0,10.817461013793945,0.14202852547168732,14.665794372558594,0.3426923453807831,-0.030038461089134216,0.010203630663454533,2,-8,-1036,330,40,3,-0.23197373747825623,-0.02824086882174015,-0.12477327883243561,0.0027070415671914816,63,3135,0.019929170608520508,12.3,29.99,89,6,10,1.21,831,0.005915001966059208,0.00026187181356363,0.01641085185110569,1500,1500,1000,1500,1800,1000,1000,1800
1784658587.2172,8.7001,0.02002,49.95,436,103220,0.200,GUIDED,GUIDED,128,10.037356853485107,0.08246792107820511,14.665932655334473,0.0,0.0,0.0,nan,nan,nan,nan,nan,nan,nan,nan,nan,nan,-1.2985943352029792,-0.007159152781192855,-0.018878727090629065,-0.1273989975452423,0,10.824440956115723,0.14154288172721863,14.665985107421875,0.2953205704689026,-0.029973605647683144,0.01086935494095087,2,-7,-1033,343,43,3,-0.22510403394699097,-0.02739798091351986,-0.12496328353881836,0.002590998774394393,63,3135,0.019948959350585938,12.3,29.99,89,6,10,1.21,831,0.005915001966059208,0.00026187181356363,0.01641085185110569,1500,1500,1000,1500,1800,1000,1000,1800
1784658587.2372,8.7200,0.01996,50.11,437,103240,0.220,GUIDED,GUIDED,128,10.037356853485107,0.08246792107820511,14.665932655334473,0.0,0.0,0.0,nan,nan,nan,nan,nan,nan,nan,nan,nan,nan,-1.226844168678324,-0.0069101224263159525,-0.02013680725106736,-0.1273989975452423,0,10.831042289733887,0.14114639163017273,14.66617202758789,0.2500843107700348,-0.029888469725847244,0.011487789452075958,1,-6,-1031,357,44,3,-0.2179410308599472,-0.026526160538196564,-0.12514925003051758,0.002609634306281805,63,3135,0.01990032196044922,12.3,29.99,89,6,10,1.21,831,0.005915001966059208,0.00026187181356363,0.01641085185110569,1500,1500,1000,1500,1800,1000,1000,1800
1784658587.2572,8.7401,0.02004,49.89,438,103260,0.240,GUIDED,GUIDED,128,10.037356853485107,0.08246792107820511,14.665932655334473,0.0,0.0,0.0,nan,nan,nan,nan,nan,nan,nan,nan,nan,nan,-1.1571302500717024,-0.0065812192697406735,-0.021070852949189454,-0.1273989975452423,0,10.83668041229248,0.14071853458881378,14.666372299194336,0.20657978951931,-0.029831338673830032,0.01191143412142992,1,-5,-1028,368,46,3,-0.2105724960565567,-0.02562960609793663,-0.12533116340637207,0.0025922844652086496,63,3135,0.019973039627075195,12.3,29.99,89,6,10,1.21,831,0.005915001966059208,0.00026187181356363,0.01641085185110569,1500,1500,1000,1500,1800,1000,1000,1800
1784658587.2772,8.7601,0.01996,50.09,439,103280,0.260,GUIDED,GUIDED,128,10.037356853485107,0.08246792107820511,14.665932655334473,0.0,0.0,0.0,nan,nan,nan,nan,nan,nan,nan,nan,nan,nan,-1.0884156967790541,-0.006207472874548349,-0.02190484879186411,-0.1273989975452423,0,10.840900421142578,0.14019595086574554,14.666598320007324,0.16447100043296814,-0.02974540740251541,0.01226244866847992,1,-4,-1026,375,47,3,-0.20306384563446045,-0.024712229147553444,-0.12550559639930725,0.0026664736215025187,63,3135,0.01990675926208496,12.3,29.99,89,6,10,1.21,831,0.005915001966059208,0.00026187181356363,0.01641085185110569,1500,1500,1000,1500,1800,1000,1000,1800
1784658587.2972,8.7801,0.02002,49.95,440,103300,0.280,GUIDED,GUIDED,128,10.037356853485107,0.08246792107820511,14.665932655334473,0.0,0.0,0.0,nan,nan,nan,nan,nan,nan,nan,nan,nan,nan,-1.0229626868596071,-0.005876744920097425,-0.02241003969262726,-0.1273989975452423,0,10.84476375579834,0.1397305130958557,14.666817665100098,0.12445119023323059,-0.029667632654309273,0.012427481822669506,1,-3,-1023,379,48,3,-0.1954672932624817,-0.023775067180395126,-0.12567675113677979,0.0026381227653473616,63,3135,0.019943952560424805,12.3,29.99,89,6,10,1.21,831,0.005915001966059208,0.00026187181356363,0.01641085185110569,1500,1500,1000,1500,1800,1000,1000,1800
1784658587.3172,8.8001,0.02002,49.95,441,103320,0.300,GUIDED,GUIDED,128,10.037356853485107,0.08246792107820511,14.665932655334473,0.0,0.0,0.0,nan,nan,nan,nan,nan,nan,nan,nan,nan,nan,-0.9587202988095334,-0.005561154589552773,-0.02292015431729737,-0.1273989975452423,0,10.847330093383789,0.13919271528720856,14.667057037353516,0.08587915450334549,-0.02953934110701084,0.012583795003592968,1,-2,-1021,382,48,3,-0.1878189593553543,-0.022838685661554337,-0.1258382499217987,0.0026048929430544376,63,3135,0.019948959350585938,12.3,29.99,89,6,10,1.21,831,0.005915001966059208,0.00026187181356363,0.01641085185110569,1500,1500,1000,1500,1800,1000,1000,1800
1784658587.3372,8.8200,0.01995,50.12,442,103340,0.320,GUIDED,GUIDED,128,10.037356853485107,0.08246792107820511,14.665932655334473,0.0,0.0,0.0,nan,nan,nan,nan,nan,nan,nan,nan,nan,nan,-0.8977154606228697,-0.005171261132271954,-0.023010169384204943,-0.1273989975452423,0,10.849571228027344,0.13869233429431915,14.667285919189453,0.04936407506465912,-0.02947555109858513,0.012503620237112045,1,-1,-1018,383,49,3,-0.1801634132862091,-0.021884342655539513,-0.12599098682403564,0.0026010931469500065,63,3135,0.019895315170288086,12.3,29.99,89,6,10,1.21,831,0.005915001966059208,0.00026187181356363,0.01641085185110569,1500,1500,1000,1500,1800,1000,1000,1800
1784658587.3576,8.8401,0.02037,49.09,443,103360,0.340,GUIDED,GUIDED,128,10.037356853485107,0.08246792107820511,14.665932655334473,0.0,0.0,0.0,nan,nan,nan,nan,nan,nan,nan,nan,nan,nan,-0.8388803541428491,-0.0048082371730260864,-0.023046173423581652,-0.1273989975452423,0,10.851042747497559,0.13817082345485687,14.667515754699707,0.014546028338372707,-0.029384048655629158,0.012391711585223675,1,0,-1016,384,48,3,-0.1724802851676941,-0.0209368746727705,-0.1261339783668518,0.0024877148680388927,63,3135,0.020293712615966797,12.3,29.99,89,6,10,1.21,831,0.004609736613929272,0.00017977470997720957,0.02186371572315693,1500,1500,1000,1500,1800,1000,1000,1800
1784658587.3772,8.8601,0.01964,50.92,444,103380,0.360,GUIDED,GUIDED,128,10.037356853485107,0.08246792107820511,14.665932655334473,0.0,0.0,0.0,nan,nan,nan,nan,nan,nan,nan,nan,nan,nan,-0.7814456241371374,-0.0044590599862414995,-0.022925612503099307,-0.1273989975452423,0,10.851395606994629,0.13760998845100403,14.667752265930176,-0.018817652016878128,-0.029261847957968712,0.012185555882751942,0,0,-1014,385,48,3,-0.16479329764842987,-0.02000192366540432,-0.1262633055448532,0.002478574402630329,63,3135,0.01958179473876953,12.3,29.99,89,6,10,1.21,831,0.004609736613929272,0.00017977470997720957,0.02186371572315693,1500,1500,1000,1500,1800,1000,1000,1800
1784658587.3972,8.8801,0.02004,49.91,445,103400,0.380,GUIDED,GUIDED,128,10.037356853485107,0.08246792107820511,14.665932655334473,0.0,0.0,0.0,nan,nan,nan,nan,nan,nan,nan,nan,nan,nan,-0.7278771339076934,-0.003964021852011078,-0.022482338601632627,-0.1273989975452423,0,10.851777076721191,0.1370610147714615,14.667947769165039,-0.04996567592024803,-0.02923070825636387,0.01181675773113966,0,1,-1012,379,48,2,-0.15722569823265076,-0.019058620557188988,-0.12639069557189941,0.0023353127762675285,63,3135,0.019965410232543945,12.3,29.99,89,6,10,1.21,831,0.004609736613929272,0.00017977470997720957,0.02186371572315693,1500,1500,1000,1500,1800,1000,1000,1800
1784658587.4173,8.9001,0.02002,49.94,446,103420,0.400,GUIDED,GUIDED,128,10.037356853485107,0.08246792107820511,14.665932655334473,0.0,0.0,0.0,nan,nan,nan,nan,nan,nan,nan,nan,nan,nan,-0.6757672186873649,-0.003521193305269066,-0.022095091820672954,-0.1273989975452423,0,10.851144790649414,0.13648495078086853,14.668146133422852,-0.07968629896640778,-0.02915378473699093,0.01147865504026413,0,2,-1011,377,47,2,-0.14968764781951904,-0.018136166036128998,-0.1265338957309723,0.0022622072137892246,63,3135,0.01996135711669922,12.3,29.99,89,6,10,1.21,831,0.004609736613929272,0.00017977470997720957,0.02186371572315693,1500,1500,1000,1500,1800,1000,1000,1800
1784658587.4372,8.9201,0.01998,50.06,447,103440,0.420,GUIDED,GUIDED,128,10.037356853485107,0.08246792107820511,14.665932655334473,0.0,0.0,0.0,nan,nan,nan,nan,nan,nan,nan,nan,nan,nan,-0.6272180511811716,-0.002936750129694181,-0.021474290599416766,-0.1273989975452423,0,10.850540161132812,0.13590283691883087,14.668306350708008,-0.10736709088087082,-0.029155129566788673,0.01102773379534483,0,2,-1009,370,46,2,-0.14228518307209015,-0.01721790060400963,-0.1266673058271408,0.0022024766076356173,63,3135,0.019906282424926758,12.3,29.99,89,6,10,1.21,831,0.004609736613929272,0.00017977470997720957,0.02186371572315693,1500,1500,1000,1500,1800,1000,1000,1800
1784658587.4572,8.9401,0.02000,50.00,448,103460,0.440,GUIDED,GUIDED,128,10.037356853485107,0.08246792107820511,14.665932655334473,0.0,0.0,0.0,nan,nan,nan,nan,nan,nan,nan,nan,nan,nan,-0.5807684514594935,-0.002396096817714341,-0.020680174847125192,-0.1273989975452423,0,10.849311828613281,0.13530457019805908,14.668461799621582,-0.13347560167312622,-0.029121866449713707,0.010479502379894257,0,3,-1007,362,45,2,-0.13504469394683838,-0.016331419348716736,-0.12678667902946472,0.0022190783638507128,63,3135,0.019928932189941406,12.3,29.99,89,6,10,1.21,831,0.004609736613929272,0.00017977470997720957,0.02186371572315693,1500,1500,1000,1500,1800,1000,1000,1800
1784658587.4772,8.9601,0.02000,50.00,449,103480,0.460,GUIDED,GUIDED,128,10.037356853485107,0.08246792107820511,14.665932655334473,0.0,0.0,0.0,nan,nan,nan,nan,nan,nan,nan,nan,nan,nan,-0.5351370474583743,-0.0019554952173524293,-0.019803367733309783,-0.1273989975452423,0,10.846953392028809,0.1347092241048813,14.668638229370117,-0.15845926105976105,-0.029032524675130844,0.009871415793895721,0,4,-1006,355,44,2,-0.12794794142246246,-0.015455413609743118,-0.12689971923828125,0.002027366776019335,63,3135,0.019927978515625,12.3,29.99,89,6,10,1.21,831,0.004609736613929272,0.00017977470997720957,0.02186371572315693,1500,1500,1000,1500,1800,1000,1000,1800
1784658587.4972,8.9801,0.02000,50.00,450,103500,0.480,GUIDED,GUIDED,128,10.037356853485107,0.08246792107820511,14.665932655334473,0.0,0.0,0.0,nan,nan,nan,nan,nan,nan,nan,nan,nan,nan,-0.4927813580314132,-0.0014131085329863458,-0.01883672548045242,-0.1273989975452423,0,10.844621658325195,0.1340932995080948,14.668777465820312,-0.18156710267066956,-0.028990067541599274,0.009232936426997185,0,4,-1005,347,43,2,-0.12102611362934113,-0.014602037146687508,-0.12700116634368896,0.0021079990547150373,63,3135,0.019929885864257812,12.3,29.99,89,6,10,1.21,831,0.004609736613929272,0.00017977470997720957,0.02186371572315693,1500,1500,1000,1500,1800,1000,1000,1800
1784658587.5173,9.0001,0.02008,49.80,451,103520,0.500,GUIDED,GUIDED,128,10.037356853485107,0.08246792107820511,14.665932655334473,0.0,0.0,0.0,nan,nan,nan,nan,nan,nan,nan,nan,nan,nan,-0.4512980734965596,-0.0009784144468011,-0.017857607689055116,-0.1273989975452423,0,10.841278076171875,0.1334913820028305,14.668931007385254,-0.20358707010746002,-0.028893521055579185,0.008578995242714882,0,5,-1004,337,42,2,-0.11430028825998306,-0.01377982646226883,-0.12709356844425201,0.002012014389038086,63,3135,0.019960880279541016,12.309,29.0,89,6,10,1.21,831,0.004609736613929272,0.00017977470997720957,0.02186371572315693,1500,1500,1000,1500,1800,1000,1000,1800
1784658587.5372,9.0201,0.01992,50.21,452,103540,0.520,GUIDED,GUIDED,128,10.037356853485107,0.08246792107820511,14.665932655334473,0.0,0.0,0.0,nan,nan,nan,nan,nan,nan,nan,nan,nan,nan,-0.41288940583287925,-0.00045868641181964764,-0.01669278127811178,-0.1273989975452423,0,10.837972640991211,0.13285812735557556,14.669050216674805,-0.2238539308309555,-0.028827976435422897,0.007837656885385513,0,5,-1003,331,41,2,-0.10769613087177277,-0.012978274375200272,-0.12717653810977936,0.0018701358931139112,63,3135,0.01984882354736328,12.309,29.0,89,6,10,1.21,831,0.004609736613929272,0.00017977470997720957,0.02186371572315693,1500,1500,1000,1500,1800,1000,1000,1800
1784658587.5573,9.0401,0.02002,49.95,453,103560,0.540,GUIDED,GUIDED,128,10.037356853485107,0.08246792107820511,14.665932655334473,0.0,0.0,0.0,nan,nan,nan,nan,nan,nan,nan,nan,nan,nan,-0.3779366467997015,7.318623666254659e-05,-0.015485749082108872,-0.1273989975452423,0,10.83441162109375,0.13223899900913239,14.669151306152344,-0.24197795987129211,-0.028777599334716797,0.007082412485033274,0,6,-1001,322,40,2,-0.10155891627073288,-0.012235109694302082,-0.12724602222442627,0.0018456135876476765,63,3135,0.01993107795715332,12.309,29.0,89,6,10,1.21,831,0.003673129715025425,3.027584170922637e-06,0.017437191680073738,1500,1500,1000,1500,1800,1000,1000,1800
1784658587.5772,9.0601,0.01998,50.05,454,103580,0.560,GUIDED,GUIDED,128,10.037356853485107,0.08246792107820511,14.665932655334473,0.0,0.0,0.0,nan,nan,nan,nan,nan,nan,nan,nan,nan,nan,-0.3422973648704807,0.00043073272467655105,-0.01433754915197729,-0.1273989975452423,0,10.829822540283203,0.13162778317928314,14.669266700744629,-0.25990480184555054,-0.028631143271923065,0.0063528758473694324,0,6,-1001,309,38,2,-0.09539791941642761,-0.01148811262100935,-0.12730544805526733,0.0018553996924310923,63,3135,0.01991128921508789,12.309,29.0,89,6,10,1.21,831,0.003673129715025425,3.027584170922637e-06,0.017437191680073738,1500,1500,1000,1500,1800,1000,1000,1800
1784658587.5975,9.0800,0.02031,49.25,455,103600,0.580,GUIDED,GUIDED,128,10.037356853485107,0.08246792107820511,14.665932655334473,0.0,0.0,0.0,nan,nan,nan,nan,nan,nan,nan,nan,nan,nan,-0.30971885502506197,0.00106757169465891,-0.013330599557479162,-0.1273989975452423,0,10.82545280456543,0.13094285130500793,14.669329643249512,-0.2761911451816559,-0.02860337682068348,0.0057351733557879925,0,7,-1001,299,37,2,-0.08942168205976486,-0.010770652443170547,-0.12736156582832336,0.001768976915627718,63,3135,0.019920825958251953,12.309,29.0,89,6,10,1.21,831,0.003673129715025425,3.027584170922637e-06,0.017437191680073738,1500,1500,1000,1500,1800,1000,1000,1800
1784658587.6172,9.1001,0.01970,50.77,456,103620,0.600,GUIDED,GUIDED,128,10.037356853485107,0.08246792107820511,14.665932655334473,0.0,0.0,0.0,nan,nan,nan,nan,nan,nan,nan,nan,nan,nan,-0.2781230412113127,0.0015369692366454177,-0.012004771854408125,-0.1273989975452423,0,10.820335388183594,0.1302953064441681,14.66939926147461,-0.2914784550666809,-0.028500523418188095,0.004929512273520231,0,7,-1000,288,33,2,-0.08367261290550232,-0.010112390853464603,-0.12743574380874634,0.0016258499817922711,63,3135,0.019629240036010742,12.309,29.0,89,6,10,1.21,831,0.003673129715025425,3.027584170922637e-06,0.017437191680073738,1500,1500,1000,1500,1800,1000,1000,1800
1784658587.6373,9.1201,0.02005,49.87,457,103640,0.620,GUIDED,GUIDED,128,10.037356853485107,0.08246792107820511,14.665932655334473,0.0,0.0,0.0,nan,nan,nan,nan,nan,nan,nan,nan,nan,nan,-0.24934712773858247,0.0022878006589002117,-0.010300636112656802,-0.1273989975452423,0,10.815430641174316,0.12956774234771729,14.669417381286621,-0.30526047945022583,-0.02851395681500435,0.003935167565941811,0,8,-998,278,34,2,-0.07813086360692978,-0.00944551732391119,-0.1275017261505127,0.001717472798191011,63,3135,0.019927263259887695,12.309,29.0,89,6,10,1.21,831,0.003673129715025425,3.027584170922637e-06,0.017437191680073738,1500,1500,1000,1500,1800,1000,1000,1800
1784658587.6572,9.1401,0.01995,50.13,458,103660,0.640,GUIDED,GUIDED,128,10.037356853485107,0.08246792107820511,14.665932655334473,0.0,0.0,0.0,nan,nan,nan,nan,nan,nan,nan,nan,nan,nan,-0.22212667180157197,0.002945567067650881,-0.00873966493830294,-0.1273989975452423,0,10.810185432434082,0.12883706390857697,14.66942310333252,-0.3179478943347931,-0.02847186103463173,0.003030636813491583,0,8,-998,267,33,2,-0.07280249148607254,-0.008803426288068295,-0.12756061553955078,0.0016544400714337826,63,3135,0.01989912986755371,12.309,29.0,89,6,10,1.21,831,0.003673129715025425,3.027584170922637e-06,0.017437191680073738,1500,1500,1000,1500,1800,1000,1000,1800
1784658587.6772,9.1601,0.02000,50.00,459,103680,0.660,GUIDED,GUIDED,128,10.037356853485107,0.08246792107820511,14.665932655334473,0.0,0.0,0.0,nan,nan,nan,nan,nan,nan,nan,nan,nan,nan,-0.19547742461494133,0.0033585601247579228,-0.007364019794008983,-0.1273989975452423,0,10.804177284240723,0.12818704545497894,14.669445037841797,-0.329865038394928,-0.02833501435816288,0.002223743824288249,0,8,-998,257,31,2,-0.06768392771482468,-0.008186977356672287,-0.12761403620243073,0.0015488313511013985,63,3135,0.019927501678466797,12.309,29.0,89,6,10,1.21,831,0.003673129715025425,3.027584170922637e-06,0.017437191680073738,1500,1500,1000,1500,1800,1000,1000,1800
1784658587.6973,9.1801,0.02002,49.95,460,103700,0.680,GUIDED,GUIDED,128,10.037356853485107,0.08246792107820511,14.665932655334473,0.0,0.0,0.0,nan,nan,nan,nan,nan,nan,nan,nan,nan,nan,-0.1712009293429373,0.003948071327040739,-0.006028570481469918,-0.1273989975452423,0,10.798360824584961,0.1274571269750595,14.669425010681152,-0.3405229449272156,-0.0282539501786232,0.0014642844907939434,0,9,-998,247,30,2,-0.06276583671569824,-0.0075940294191241264,-0.1276630312204361,0.001519323093816638,63,3135,0.019927978515625,12.309,29.0,89,6,10,1.21,831,0.003673129715025425,3.027584170922637e-06,0.017437191680073738,1500,1500,1000,1500,1800,1000,1000,1800
1784658587.7172,9.2001,0.01998,50.04,461,103720,0.700,GUIDED,GUIDED,128,10.037356853485107,0.08246792107820511,14.665932655334473,0.0,0.0,0.0,nan,nan,nan,nan,nan,nan,nan,nan,nan,nan,-0.14757971078088694,0.004313719980304796,-0.004875167064990863,-0.1273989975452423,0,10.79187297821045,0.12681043148040771,14.669421195983887,-0.350414901971817,-0.028091687709093094,0.000800569134298712,0,9,-998,237,29,2,-0.05804133415222168,-0.007024975027889013,-0.12770605087280273,0.0015218228800222278,63,3135,0.01991415023803711,12.309,29.0,89,6,10,1.21,831,0.003673129715025425,3.027584170922637e-06,0.017437191680073738,1500,1500,1000,1500,1800,1000,1000,1800
1784658587.7372,9.2200,0.01998,50.05,462,103740,0.720,GUIDED,GUIDED,128,10.037356853485107,0.08246792107820511,14.665932655334473,0.0,0.0,0.0,nan,nan,nan,nan,nan,nan,nan,nan,nan,nan,-0.12615661403506429,0.004901277177645685,-0.0037303468709163796,-0.1273989975452423,0,10.785578727722168,0.12608040869235992,14.669380187988281,-0.3591495454311371,-0.028009435161948204,0.0001632828643778339,0,9,-998,228,28,2,-0.05350347235798836,-0.006478974130004644,-0.12773989140987396,0.0015118366573005915,63,3135,0.0199124813079834,12.309,29.0,89,6,10,1.21,831,0.003673129715025425,3.027584170922637e-06,0.017437191680073738,1500,1500,1000,1500,1800,1000,1000,1800
1784658587.7572,9.2400,0.02000,50.00,463,103760,0.740,GUIDED,GUIDED,128,10.037356853485107,0.08246792107820511,14.665932655334473,0.0,0.0,0.0,nan,nan,nan,nan,nan,nan,nan,nan,nan,nan,-0.10598168483782289,0.0054534564224192825,-0.002435479871451921,-0.1273989975452423,0,10.779060363769531,0.12535136938095093,14.669329643249512,-0.3670341670513153,-0.027907324954867363,-0.000555126927793026,0,9,-998,217,26,2,-0.049185607582330704,-0.005969791207462549,-0.1277671456336975,0.0014675639104098082,63,3135,0.019919395446777344,12.309,29.0,89,6,10,1.21,831,0.002889936091378331,7.22626136848703e-05,0.009549709968268871,1500,1500,1000,1500,1800,1000,1000,1800
1784658587.7772,9.2601,0.02002,49.96,464,103780,0.760,GUIDED,GUIDED,128,10.037356853485107,0.08246792107820511,14.665932655334473,0.0,0.0,0.0,nan,nan,nan,nan,nan,nan,nan,nan,nan,nan,-0.08639916558892302,0.005755480388241432,-0.0013865019636773637,-0.1273989975452423,0,10.772001266479492,0.12470988184213638,14.669291496276855,-0.37426456809043884,-0.027711335569620132,-0.0011387304402887821,0,10,-998,207,23,2,-0.04506180062890053,-0.005520349834114313,-0.1277836710214615,0.0014941703993827105,63,3135,0.019944190979003906,12.309,29.0,89,6,10,1.21,831,0.002889936091378331,7.22626136848703e-05,0.009549709968268871,1500,1500,1000,1500,1800,1000,1000,1800
1784658587.7973,9.2801,0.02002,49.95,465,103800,0.780,GUIDED,GUIDED,128,10.037356853485107,0.08246792107820511,14.665932655334473,0.0,0.0,0.0,nan,nan,nan,nan,nan,nan,nan,nan,nan,nan,-0.06878810789401868,0.006276309415161038,-0.000323412523252548,-0.1273989975452423,0,10.765193939208984,0.12399161607027054,14.669211387634277,-0.3805021047592163,-0.027597345411777496,-0.001706254668533802,0,10,-998,195,22,1,-0.041186388581991196,-0.0050879898481070995,-0.12780332565307617,0.0013564019463956356,63,3135,0.019925832748413086,12.309,29.0,89,6,10,1.21,831,0.002889936091378331,7.22626136848703e-05,0.009549709968268871,1500,1500,1000,1500,1800,1000,1000,1800
1784658587.8172,9.3001,0.01998,50.06,466,103820,0.800,GUIDED,GUIDED,128,10.037356853485107,0.08246792107820511,14.665932655334473,0.0,0.0,0.0,nan,nan,nan,nan,nan,nan,nan,nan,nan,nan,-0.05176283690785599,0.006607164469146651,0.0006530603715023523,-0.1273989975452423,0,10.757915496826172,0.12335943430662155,14.66914176940918,-0.3861294388771057,-0.027423374354839325,-0.002229827456176281,0,10,-998,186,20,1,-0.03747480735182762,-0.004694607108831406,-0.12784095108509064,0.0012989634415134788,63,3135,0.01990509033203125,12.309,29.0,89,6,10,1.21,831,0.002889936091378331,7.22626136848703e-05,0.009549709968268871,1500,1500,1000,1500,1800,1000,1000,1800
1784658587.8372,9.3201,0.02000,50.00,467,103840,0.820,GUIDED,GUIDED,128,10.037356853485107,0.08246792107820511,14.665932655334473,0.0,0.0,0.0,nan,nan,nan,nan,nan,nan,nan,nan,nan,nan,-0.03658752882532812,0.007187552269000648,0.0019524706775252854,-0.1273989975452423,0,10.750879287719727,0.12264490127563477,14.669034004211426,-0.39082854986190796,-0.027345925569534302,-0.0029178240802139044,0,10,-997,176,19,1,-0.03397493064403534,-0.004313410259783268,-0.127870574593544,0.0013860634062439203,63,3135,0.019927978515625,12.309,29.0,89,6,10,1.21,831,0.002889936091378331,7.22626136848703e-05,0.009549709968268871,1500,1500,1000,1500,1800,1000,1000,1800
1784658587.8575,9.3400,0.02030,49.25,468,103860,0.840,GUIDED,GUIDED,128,10.037356853485107,0.08246792107820511,14.665932655334473,0.0,0.0,0.0,nan,nan,nan,nan,nan,nan,nan,nan,nan,nan,-0.022399316411743087,0.007712441064914866,0.0030865273226426387,-0.1273989975452423,0,10.743701934814453,0.12193069607019424,14.668917655944824,-0.39487627148628235,-0.02723662368953228,-0.0035053982865065336,0,10,-998,166,19,2,-0.030672969296574593,-0.003956547938287258,-0.127894788980484,0.0014357358450070024,63,3135,0.02023911476135254,12.309,29.0,89,6,10,1.21,831,0.002889936091378331,7.22626136848703e-05,0.009549709968268871,1500,1500,1000,1500,1800,1000,1000,1800
1784658587.8772,9.3601,0.01970,50.76,469,103880,0.860,GUIDED,GUIDED,128,10.037356853485107,0.08246792107820511,14.665932655334473,0.0,0.0,0.0,nan,nan,nan,nan,nan,nan,nan,nan,nan,nan,-0.008594492503190665,0.00789238208175453,0.004147026746295463,-0.1273989975452423,0,10.736091613769531,0.12130358815193176,14.668818473815918,-0.39845266938209534,-0.026978451758623123,-0.004060415085405111,0,10,-998,159,16,2,-0.02751185931265354,-0.0036408572923392057,-0.12791059911251068,0.0015710053266957402,63,3135,0.01963210105895996,12.309,29.0,89,6,10,1.21,831,0.002889936091378331,7.22626136848703e-05,0.009549709968268871,1500,1500,1000,1500,1800,1000,1000,1800
1784658587.8973,9.3801,0.02002,49.95,470,103900,0.880,GUIDED,GUIDED,128,10.037356853485107,0.08246792107820511,14.665932655334473,0.0,0.0,0.0,nan,nan,nan,nan,nan,nan,nan,nan,nan,nan,0.0036822296054307424,0.008366965902060375,0.005116498215895682,-0.1273989975452423,0,10.728696823120117,0.12059561163187027,14.668685913085938,-0.401271253824234,-0.026843702420592308,-0.004543605726212263,0,11,-998,150,17,2,-0.024533947929739952,-0.0033154808916151524,-0.1279262900352478,0.0016315642278641462,63,3135,0.0199282169342041,12.309,29.0,89,6,10,1.21,831,0.002889936091378331,7.22626136848703e-05,0.009549709968268871,1500,1500,1000,1500,1800,1000,1000,1800
1784658587.9172,9.4001,0.01999,50.03,471,103920,0.900,GUIDED,GUIDED,128,10.037356853485107,0.08246792107820511,14.665932655334473,0.0,0.0,0.0,nan,nan,nan,nan,nan,nan,nan,nan,nan,nan,0.015613666443660912,0.008507911894959162,0.00582532851227483,-0.1273989975452423,0,10.720932960510254,0.11997587233781815,14.668569564819336,-0.40367740392684937,-0.02656727097928524,-0.004885675385594368,0,11,-999,144,14,2,-0.021681593731045723,-0.003058839589357376,-0.12793800234794617,0.001583461300469935,63,3135,0.019908428192138672,12.309,29.0,89,6,10,1.21,831,0.002889936091378331,7.22626136848703e-05,0.009549709968268871,1500,1500,1000,1500,1800,1000,1000,1800
1784658587.9372,9.4200,0.01995,50.13,472,103940,0.920,GUIDED,GUIDED,128,10.037356853485107,0.08246792107820511,14.665932655334473,0.0,0.0,0.0,nan,nan,nan,nan,nan,nan,nan,nan,nan,nan,0.0261810935982415,0.008848206134438555,0.006552088522557261,-0.1273989975452423,0,10.713380813598633,0.11927482485771179,14.668427467346191,-0.4054182767868042,-0.026358989998698235,-0.005223230458796024,0,11,-999,133,13,2,-0.019039859995245934,-0.002812339458614588,-0.12794500589370728,0.0015304111875593662,63,3135,0.019893407821655273,12.309,29.0,89,6,10,1.21,831,0.002889936091378331,7.22626136848703e-05,0.009549709968268871,1500,1500,1000,1500,1800,1000,1000,1800
1784658587.9572,9.4401,0.02005,49.88,473,103960,0.940,GUIDED,GUIDED,128,10.037356853485107,0.08246792107820511,14.665932655334473,0.0,0.0,0.0,nan,nan,nan,nan,nan,nan,nan,nan,nan,nan,0.036353317648697536,0.009118972205023002,0.007291781320491457,-0.1273989975452423,0,10.705419540405273,0.11855723708868027,14.6682767868042,-0.40669476985931396,-0.026101017370820045,-0.005563296843320131,0,11,-999,128,13,2,-0.01640055514872074,-0.002564824651926756,-0.12794603407382965,0.001529847038909793,63,3135,0.019961833953857422,12.309,29.0,89,6,10,1.21,831,0.004850820638239384,7.629387255292386e-05,0.004088768269866705,1500,1500,1000,1500,1800,1000,1000,1800
1784658587.9772,9.4601,0.02000,50.00,474,103980,0.960,GUIDED,GUIDED,128,10.037356853485107,0.08246792107820511,14.665932655334473,0.0,0.0,0.0,nan,nan,nan,nan,nan,nan,nan,nan,nan,nan,0.04576908585692052,0.009139670557743541,0.007890036662335323,-0.1273989975452423,0,10.697513580322266,0.11795308440923691,14.668145179748535,-0.40756645798683167,-0.025764159858226776,-0.005832716356962919,0,11,-999,119,12,2,-0.014059496112167835,-0.002337261103093624,-0.12794439494609833,0.0014955401420593262,63,3135,0.01993083953857422,12.309,29.0,89,6,10,1.21,831,0.004850820638239384,7.629387255292386e-05,0.004088768269866705,1500,1500,1000,1500,1800,1000,1000,1800
1784658587.9973,9.4800,0.02001,49.98,475,104000,0.980,GUIDED,GUIDED,128,10.037356853485107,0.08246792107820511,14.665932655334473,0.0,0.0,0.0,nan,nan,nan,nan,nan,nan,nan,nan,nan,nan,0.05419761332071671,0.009420720000335107,0.008544440763479932,-0.1273989975452423,0,10.689743041992188,0.11726199835538864,14.667981147766113,-0.4079463481903076,-0.02552742511034012,-0.006115832831710577,0,11,-999,112,12,2,-0.011847296729683876,-0.0021190238185226917,-0.1279440075159073,0.0015021469444036484,63,3135,0.019918203353881836,12.309,29.0,89,6,10,1.21,831,0.004850820638239384,7.629387255292386e-05,0.004088768269866705,1500,1500,1000,1500,1800,1000,1000,1800
1784658588.0173,9.5000,0.02006,49.84,476,104020,0.000,GUIDED,GUIDED,128,10.037356853485107,0.08246792107820511,14.665932655334473,0.0,0.0,0.0,nan,nan,nan,nan,nan,nan,nan,nan,nan,nan,0.06226333442851262,0.009455249006760487,0.008971322540188226,-0.1273989975452423,0,10.681740760803223,0.11666126549243927,14.667832374572754,-0.4079829752445221,-0.025200527161359787,-0.0062763988971710205,0,11,-1000,104,11,2,-0.009798192419111729,-0.001906082616187632,-0.12795574963092804,0.0015097095165401697,63,3135,0.019908666610717773,12.312,28.72,89,6,10,1.21,831,0.004850820638239384,7.629387255292386e-05,0.004088768269866705,1500,1500,1000,1500,1800,1000,1000,1800
1784658588.0372,9.5201,0.01993,50.17,477,104040,0.020,GUIDED,GUIDED,128,10.037356853485107,0.08246792107820511,14.665932655334473,0.0,0.0,0.0,nan,nan,nan,nan,nan,nan,nan,nan,nan,nan,0.06952945291269352,0.009773933692258319,0.009634820449318257,-0.1273989975452423,0,10.67387580871582,0.1159726232290268,14.667656898498535,-0.40763723850250244,-0.024986932054162025,-0.0065581584349274635,0,11,-999,97,11,2,-0.007885727100074291,-0.00170226045884192,-0.12796097993850708,0.001652836101129651,63,3135,0.019860506057739258,12.312,28.72,89,6,10,1.21,831,0.004850820638239384,7.629387255292386e-05,0.004088768269866705,1500,1500,1000,1500,1800,1000,1000,1800
1784658588.0572,9.5401,0.02000,50.00,478,104060,0.040,GUIDED,GUIDED,128,10.037356853485107,0.08246792107820511,14.665932655334473,0.0,0.0,0.0,nan,nan,nan,nan,nan,nan,nan,nan,nan,nan,0.07615297393919018,0.010031984120632428,0.01008618695733906,-0.1273989975452423,0,10.665998458862305,0.11529020220041275,14.667479515075684,-0.4069133400917053,-0.024741921573877335,-0.006716342642903328,0,11,-1000,91,10,2,-0.006104493513703346,-0.0015066158957779408,-0.1279628574848175,0.0016538780182600021,63,3135,0.0199282169342041,12.312,28.72,89,6,10,1.21,831,0.004850820638239384,7.629387255292386e-05,0.004088768269866705,1500,1500,1000,1500,1800,1000,1000,1800
1784658588.0772,9.5601,0.01996,50.10,479,104080,0.060,GUIDED,GUIDED,128,10.037356853485107,0.08246792107820511,14.665932655334473,0.0,0.0,0.0,nan,nan,nan,nan,nan,nan,nan,nan,nan,nan,0.08240874873195836,0.009992806387364349,0.010735191298800642,-0.1273989975452423,0,10.657997131347656,0.11470700800418854,14.667322158813477,-0.405905544757843,-0.024382594972848892,-0.0070001957938075066,0,11,-999,83,10,2,-0.004480293486267328,-0.0013196535874158144,-0.1279596984386444,0.0017431091982871294,63,3135,0.01990485191345215,12.312,28.72,89,6,10,1.21,831,0.004850820638239384,7.629387255292386e-05,0.004088768269866705,1500,1500,1000,1500,1800,1000,1000,1800
1784658588.0975,9.5800,0.02025,49.38,480,104100,0.080,GUIDED,GUIDED,128,10.037356853485107,0.08246792107820511,14.665932655334473,0.0,0.0,0.0,nan,nan,nan,nan,nan,nan,nan,nan,nan,nan,0.08798785976845602,0.010169905048229927,0.01123908839760274,-0.1273989975452423,0,10.65011978149414,0.11403942108154297,14.667140007019043,-0.40457865595817566,-0.024099411442875862,-0.007185955531895161,0,11,-1000,78,10,2,-0.0029506320133805275,-0.0011391299776732922,-0.1279594451189041,0.0016785628395155072,63,3135,0.019913911819458008,12.312,28.72,89,6,10,1.21,831,0.004850820638239384,7.629387255292386e-05,0.004088768269866705,1500,1500,1000,1500,1800,1000,1000,1800
1784658588.1172,9.6001,0.01977,50.59,481,104120,0.100,GUIDED,GUIDED,128,10.037356853485107,0.08246792107820511,14.665932655334473,0.0,0.0,0.0,nan,nan,nan,nan,nan,nan,nan,nan,nan,nan,0.09325940437545421,0.010103727262151682,0.011616901034083863,-0.1273989975452423,0,10.64215087890625,0.11347033828496933,14.666975975036621,-0.40302133560180664,-0.023732643574476242,-0.007309381850063801,0,11,-1000,71,9,2,-0.0015591168776154518,-0.0009658296476118267,-0.1279539316892624,0.0018469620263203979,63,3135,0.019711971282958984,12.312,28.72,89,6,10,1.21,831,0.004850820638239384,7.629387255292386e-05,0.004088768269866705,1500,1500,1000,1500,1800,1000,1000,1800
1784658588.1372,9.6201,0.01998,50.05,482,104142,0.120,GUIDED,GUIDED,128,10.037356853485107,0.08246792107820511,14.665932655334473,0.0,0.0,0.0,nan,nan,nan,nan,nan,nan,nan,nan,nan,nan,0.09844947936210369,0.010229066531602861,0.011783637612455912,-0.1273989975452423,0,10.633305549621582,0.1127595379948616,14.666776657104492,-0.40091097354888916,-0.02339462749660015,-0.007290570996701717,0,11,-1001,68,7,2,-5.4078438552096486e-05,-0.0008130034548230469,-0.12794147431850433,0.0019372468814253807,63,3135,0.019910812377929688,12.312,28.72,89,6,10,1.21,831,0.004850820638239384,7.629387255292386e-05,0.004088768269866705,1500,1500,1000,1500,1800,1000,1000,1800
1784658588.1572,9.6400,0.02004,49.89,483,104162,0.140,GUIDED,GUIDED,128,10.037356853485107,0.08246792107820511,14.665932655334473,0.0,0.0,0.0,nan,nan,nan,nan,nan,nan,nan,nan,nan,nan,0.10257025230497652,0.01037738094042074,0.011693662137146975,-0.1273989975452423,0,10.625490188598633,0.11211694777011871,14.66659927368164,-0.39877790212631226,-0.023109257221221924,-0.007136211264878511,0,11,-1001,61,9,2,0.001133283949457109,-0.0006581905763596296,-0.1279251128435135,0.001992114819586277,63,3135,0.019968032836914062,12.312,28.72,89,6,10,1.21,831,0.002427328610792756,2.1664494852302596e-05,0.006176997907459736,1500,1500,1000,1500,1800,1000,1000,1800
1784658588.1772,9.6601,0.01996,50.11,484,104182,0.160,GUIDED,GUIDED,128,10.037356853485107,0.08246792107820511,14.665932655334473,0.0,0.0,0.0,nan,nan,nan,nan,nan,nan,nan,nan,nan,nan,0.10643378960517569,0.010252335131081411,0.011524106815196474,-0.1273989975452423,0,10.617623329162598,0.11157083511352539,14.66644287109375,-0.39646658301353455,-0.02272176370024681,-0.006948019377887249,0,10,-1002,58,5,2,0.0022747726179659367,-0.0005680708563886583,-0.12790308892726898,0.002100675832480192,63,3135,0.01990032196044922,12.312,28.72,89,6,10,1.21,831,0.002427328610792756,2.1664494852302596e-05,0.006176997907459736,1500,1500,1000,1500,1800,1000,1000,1800
1784658588.1972,9.6801,0.02004,49.90,485,104202,0.180,GUIDED,GUIDED,128,10.037356853485107,0.08246792107820511,14.665932655334473,0.0,0.0,0.0,nan,nan,nan,nan,nan,nan,nan,nan,nan,nan,0.11004090563898927,0.010375736399953456,0.011545758862633542,-0.1273989975452423,0,10.609811782836914,0.11092114448547363,14.666264533996582,-0.3940391540527344,-0.022417910397052765,-0.006857557222247124,0,10,-1001,54,8,2,0.0033326204866170883,-0.0004266842734068632,-0.12788449227809906,0.002219662070274353,63,3135,0.019965410232543945,12.312,28.72,89,6,10,1.21,831,0.002427328610792756,2.1664494852302596e-05,0.006176997907459736,1500,1500,1000,1500,1800,1000,1000,1800
1784658588.2173,9.7001,0.02006,49.86,486,104222,0.200,GUIDED,GUIDED,128,10.037356853485107,0.08246792107820511,14.665932655334473,0.0,0.0,0.0,nan,nan,nan,nan,nan,nan,nan,nan,nan,nan,0.11344464888867944,0.010600525689990037,0.011412655179410994,-0.1273989975452423,0,10.601985931396484,0.11025790870189667,14.666081428527832,-0.3914860486984253,-0.02216477319598198,-0.00667499378323555,0,10,-1002,50,4,2,0.004309892188757658,-0.00035730222589336336,-0.12787136435508728,0.002292077522724867,63,3135,0.01995253562927246,12.312,28.72,89,6,10,1.21,831,0.002427328610792756,2.1664494852302596e-05,0.006176997907459736,1500,1500,1000,1500,1800,1000,1000,1800
1784658588.2373,9.7201,0.01999,50.03,487,104242,0.220,GUIDED,GUIDED,128,10.037356853485107,0.08246792107820511,14.665932655334473,0.0,0.0,0.0,nan,nan,nan,nan,nan,nan,nan,nan,nan,nan,0.11634830551264663,0.010502969210578875,0.011320318192780612,-0.1273989975452423,0,10.594198226928711,0.10971158742904663,14.665926933288574,-0.3886662423610687,-0.021793030202388763,-0.006532485131174326,0,10,-1002,48,8,3,0.005239184945821762,-0.0002173721295548603,-0.12785296142101288,0.002376004122197628,63,3135,0.019870758056640625,12.312,28.72,89,6,10,1.21,831,0.002427328610792756,2.1664494852302596e-05,0.006176997907459736,1500,1500,1000,1500,1800,1000,1000,1800
1784658588.2572,9.7401,0.01991,50.23,488,104262,0.240,GUIDED,GUIDED,128,10.037356853485107,0.08246792107820511,14.665932655334473,0.0,0.0,0.0,nan,nan,nan,nan,nan,nan,nan,nan,nan,nan,0.11906606028902744,0.010620507545636738,0.011208959102921622,-0.1273989975452423,0,10.586471557617188,0.109068863093853,14.665755271911621,-0.3857743442058563,-0.021489813923835754,-0.006369083188474178,0,10,-1002,42,3,2,0.006056145764887333,-0.00017330959963146597,-0.12783314287662506,0.002356428187340498,63,3135,0.019854307174682617,12.312,28.72,89,6,10,1.21,831,0.002427328610792756,2.1664494852302596e-05,0.006176997907459736,1500,1500,1000,1500,1800,1000,1000,1800
1784658588.2772,9.7601,0.02004,49.91,489,104282,0.260,GUIDED,GUIDED,128,10.037356853485107,0.08246792107820511,14.665932655334473,0.0,0.0,0.0,nan,nan,nan,nan,nan,nan,nan,nan,nan,nan,0.12135330186242776,0.010444500445208352,0.010842464708851333,-0.1273989975452423,0,10.578795433044434,0.10854025930166245,14.665610313415527,-0.3826630711555481,-0.021083006635308266,-0.006073795724660158,0,10,-1002,40,6,3,0.006835300009697676,-6.304649286903441e-05,-0.127810537815094,0.002379565965384245,63,3135,0.019944190979003906,12.312,28.72,89,6,10,1.21,831,0.002427328610792756,2.1664494852302596e-05,0.006176997907459736,1500,1500,1000,1500,1800,1000,1000,1800
1784658588.2972,9.7800,0.01999,50.02,490,104302,0.280,GUIDED,GUIDED,128,10.037356853485107,0.08246792107820511,14.665932655334473,0.0,0.0,0.0,nan,nan,nan,nan,nan,nan,nan,nan,nan,nan,0.12347076361044684,0.01053348087389882,0.010523654600026478,-0.1273989975452423,0,10.571173667907715,0.10791915655136108,14.66545295715332,-0.379485160112381,-0.02077578566968441,-0.005798880942165852,0,10,-1002,39,5,3,0.007584040518850088,6.489127827080665e-06,-0.1277913749217987,0.002379103098064661,63,3135,0.019906044006347656,12.312,28.72,89,6,10,1.21,831,0.002427328610792756,2.1664494852302596e-05,0.006176997907459736,1500,1500,1000,1500,1800,1000,1000,1800
1784658588.3172,9.8000,0.01996,50.09,491,104322,0.300,GUIDED,GUIDED,128,10.037356853485107,0.08246792107820511,14.665932655334473,0.0,0.0,0.0,nan,nan,nan,nan,nan,nan,nan,nan,nan,nan,0.12526584251381756,0.010629410250909153,0.010255083848110014,-0.1273989975452423,0,10.563612937927246,0.10731016844511032,14.665304183959961,-0.37615635991096497,-0.02047957107424736,-0.005557927303016186,0,10,-1002,35,3,2,0.008249003440141678,6.332839257083833e-05,-0.1277732253074646,0.00223882426507771,63,3135,0.019908666610717773,12.312,28.72,89,6,10,1.21,831,0.002427328610792756,2.1664494852302596e-05,0.006176997907459736,1500,1500,1000,1500,1800,1000,1000,1800
1784658588.3372,9.8200,0.02000,50.00,492,104342,0.320,GUIDED,GUIDED,128,10.037356853485107,0.08246792107820511,14.665932655334473,0.0,0.0,0.0,nan,nan,nan,nan,nan,nan,nan,nan,nan,nan,0.12672696159377173,0.010443554149338369,0.009824079502465445,-0.1273989975452423,0,10.556121826171875,0.10680828988552094,14.665179252624512,-0.37267494201660156,-0.0200825072824955,-0.005236957687884569,0,10,-1002,32,3,2,0.00887185800820589,0.00011877810175064951,-0.1277519166469574,0.0022155807819217443,63,3135,0.019947528839111328,12.312,28.72,89,6,10,1.21,831,0.002427328610792756,2.1664494852302596e-05,0.006176997907459736,1500,1500,1000,1500,1800,1000,1000,1800
1784658588.3575,9.8400,0.02028,49.30,493,104362,0.340,GUIDED,GUIDED,128,10.037356853485107,0.08246792107820511,14.665932655334473,0.0,0.0,0.0,nan,nan,nan,nan,nan,nan,nan,nan,nan,nan,0.12798579102999208,0.010434571701683291,0.009532533707119914,-0.1273989975452423,0,10.54869270324707,0.10622096806764603,14.665045738220215,-0.3691125214099884,-0.019738230854272842,-0.00499154906719923,0,10,-1002,31,3,2,0.009467066265642643,0.00017204289906658232,-0.1277300864458084,0.0021240529604256153,63,3135,0.020218849182128906,12.312,28.72,89,6,10,1.21,831,0.003874138928949833,6.0875820054207e-05,0.009219379164278507,1500,1500,1000,1500,1800,1000,1000,1800
1784658588.3772,9.8600,0.01971,50.73,494,104382,0.360,GUIDED,GUIDED,128,10.037356853485107,0.08246792107820511,14.665932655334473,0.0,0.0,0.0,nan,nan,nan,nan,nan,nan,nan,nan,nan,nan,0.12896053752581138,0.01023164747297178,0.00912716327393187,-0.1273989975452423,0,10.541342735290527,0.10573761910200119,14.664934158325195,-0.3654317855834961,-0.019342010840773582,-0.0046930876560509205,0,10,-1002,27,3,2,0.009989813901484013,0.0002224649506388232,-0.12770745158195496,0.002023461274802685,63,3135,0.01965951919555664,12.312,28.72,89,6,10,1.21,831,0.003874138928949833,6.0875820054207e-05,0.009219379164278507,1500,1500,1000,1500,1800,1000,1000,1800
1784658588.3972,9.8800,0.02003,49.94,495,104402,0.380,GUIDED,GUIDED,128,10.037356853485107,0.08246792107820511,14.665932655334473,0.0,0.0,0.0,nan,nan,nan,nan,nan,nan,nan,nan,nan,nan,0.1302035147682684,0.010171205688868184,0.00870282302342794,-0.1273989975452423,0,10.533909797668457,0.10519560426473618,14.664803504943848,-0.3618580102920532,-0.018994182348251343,-0.004372661933302879,0,10,-1003,26,3,2,0.01048921886831522,0.00027128178044222295,-0.12769055366516113,0.0019625818822532892,63,3135,0.019948959350585938,12.312,28.72,89,6,10,1.21,831,0.003874138928949833,6.0875820054207e-05,0.009219379164278507,1500,1500,1000,1500,1800,1000,1000,1800
1784658588.4172,9.9000,0.01997,50.07,496,104422,0.400,GUIDED,GUIDED,128,10.037356853485107,0.08246792107820511,14.665932655334473,0.0,0.0,0.0,nan,nan,nan,nan,nan,nan,nan,nan,nan,nan,0.1314972186961828,0.010137232436696852,0.008467951340667268,-0.1273989975452423,0,10.526427268981934,0.10468635708093643,14.664669036865234,-0.3582848906517029,-0.018680553883314133,-0.0041594235226511955,0,10,-1002,24,3,2,0.010929035022854805,0.0003163582878187299,-0.12767527997493744,0.0019076727330684662,63,3135,0.01992058753967285,12.312,28.72,89,6,10,1.21,831,0.003874138928949833,6.0875820054207e-05,0.009219379164278507,1500,1500,1000,1500,1800,1000,1000,1800
1784658588.4372,9.9200,0.02000,50.01,497,104442,0.420,GUIDED,GUIDED,128,10.037356853485107,0.08246792107820511,14.665932655334473,0.0,0.0,0.0,nan,nan,nan,nan,nan,nan,nan,nan,nan,nan,0.13217031745299201,0.009802743891778137,0.008041263972995236,-0.1273989975452423,0,10.5191650390625,0.10425136238336563,14.664565086364746,-0.35448065400123596,-0.018236292526125908,-0.00385305960662663,0,10,-1002,20,3,2,0.011313716880977154,0.00036096424446441233,-0.12765833735466003,0.0018395668594166636,63,3135,0.019948244094848633,12.312,28.72,89,6,10,1.21,831,0.003874138928949833,6.0875820054207e-05,0.009219379164278507,1500,1500,1000,1500,1800,1000,1000,1800
1784658588.4572,9.9400,0.02002,49.96,498,104462,0.440,GUIDED,GUIDED,128,10.037356853485107,0.08246792107820511,14.665932655334473,0.0,0.0,0.0,nan,nan,nan,nan,nan,nan,nan,nan,nan,nan,0.13308887480821774,0.009678968446301103,0.007682715236931816,-0.1273989975452423,0,10.511852264404297,0.10375893115997314,14.664446830749512,-0.350788950920105,-0.017880525439977646,-0.003577776486054063,0,9,-1002,20,3,2,0.011684408411383629,0.000404265767429024,-0.1276390701532364,0.0018596189329400659,63,3135,0.019959211349487305,12.312,28.72,89,6,10,1.21,831,0.003874138928949833,6.0875820054207e-05,0.009219379164278507,1500,1500,1000,1500,1800,1000,1000,1800
1784658588.4772,9.9600,0.01999,50.03,499,104482,0.460,GUIDED,GUIDED,128,10.037356853485107,0.08246792107820511,14.665932655334473,0.0,0.0,0.0,nan,nan,nan,nan,nan,nan,nan,nan,nan,nan,0.13337979655208676,0.00941223833347328,0.007257862203452982,-0.1273989975452423,0,10.504752159118652,0.10334020107984543,14.66435718536377,-0.3468576669692993,-0.017484774813055992,-0.0032807306852191687,0,9,-1002,19,3,2,0.012041682377457619,0.00044595333747565746,-0.1276216357946396,0.0016810139641165733,63,3135,0.019936084747314453,12.312,28.72,89,6,10,1.21,831,0.003874138928949833,6.0875820054207e-05,0.009219379164278507,1500,1500,1000,1500,1800,1000,1000,1800
1784658588.4972,9.9800,0.02002,49.94,500,104502,0.480,GUIDED,GUIDED,128,10.037356853485107,0.08246792107820511,14.665932655334473,0.0,0.0,0.0,nan,nan,nan,nan,nan,nan,nan,nan,nan,nan,0.1338222326252546,0.009227707135781634,0.006927676569830734,-0.1273989975452423,0,10.497603416442871,0.1028645783662796,14.664238929748535,-0.34298577904701233,-0.017103634774684906,-0.0030218230094760656,0,9,-1002,17,3,2,0.012361641973257065,0.00048592151142656803,-0.1276097595691681,0.0016076061874628067,63,3135,0.019948482513427734,12.312,28.72,89,6,10,1.21,831,0.003874138928949833,6.0875820054207e-05,0.009219379164278507,1500,1500,1000,1500,1800,1000,1000,1800
1784658588.5172,10.0000,0.02003,49.94,501,104522,0.500,GUIDED,GUIDED,128,10.037356853485107,0.08246792107820511,14.665932655334473,0.0,0.0,0.0,nan,nan,nan,nan,nan,nan,nan,nan,nan,nan,0.13414658372785615,0.00907314273555478,0.006584346117808174,-0.1273989975452423,0,10.490546226501465,0.10239847749471664,14.664113998413086,-0.33909857273101807,-0.016745293512940407,-0.0027514719404280186,0,9,-1002,16,3,2,0.012655825354158878,0.0005237723235040903,-0.127597376704216,0.0015459989663213491,63,3135,0.01992321014404297,12.311,28.81,89,6,10,1.21,831,0.003874138928949833,6.0875820054207e-05,0.009219379164278507,1500,1500,1000,1500,1800,1000,1000,1800
1784658588.5372,10.0200,0.01995,50.13,502,104542,0.520,GUIDED,GUIDED,128,10.037356853485107,0.08246792107820511,14.665932655334473,0.0,0.0,0.0,nan,nan,nan,nan,nan,nan,nan,nan,nan,nan,0.13395259122337533,0.00877286841341171,0.0062269625380520655,-0.1273989975452423,0,10.48369312286377,0.1020045131444931,14.664030075073242,-0.3350299298763275,-0.016344474628567696,-0.002496683271601796,0,9,-1002,15,3,2,0.012934297323226929,0.0005615418194793165,-0.12758174538612366,0.0015898665878921747,63,3135,0.01989889144897461,12.311,28.81,89,6,10,1.21,831,0.003874138928949833,6.0875820054207e-05,0.009219379164278507,1500,1500,1000,1500,1800,1000,1000,1800
1784658588.5573,10.0401,0.02008,49.80,503,104562,0.540,GUIDED,GUIDED,128,10.037356853485107,0.08246792107820511,14.665932655334473,0.0,0.0,0.0,nan,nan,nan,nan,nan,nan,nan,nan,nan,nan,0.13391959006322218,0.008634052630553876,0.005823950873484098,-0.1273989975452423,0,10.476814270019531,0.10155609995126724,14.663924217224121,-0.3310393691062927,-0.016005437821149826,-0.0022028873208910227,0,9,-1002,13,3,2,0.01317247562110424,0.000597515027038753,-0.12756499648094177,0.0015878698322921991,63,3135,0.0199892520904541,12.311,28.81,89,6,10,1.21,831,0.0025421546306461096,0.0008871381869539618,0.010766987688839436,1500,1500,1000,1500,1800,1000,1000,1800
1784658588.5772,10.0601,0.01994,50.14,504,104582,0.560,GUIDED,GUIDED,128,10.037356853485107,0.08246792107820511,14.665932655334473,0.0,0.0,0.0,nan,nan,nan,nan,nan,nan,nan,nan,nan,nan,0.13340849798482324,0.008321433974095922,0.005388746646181273,-0.1273989975452423,0,10.470131874084473,0.10117828845977783,14.663854598999023,-0.32688620686531067,-0.015606817789375782,-0.0019114279421046376,0,9,-1002,12,3,2,0.013402587734162807,0.0006319725071080029,-0.12754827737808228,0.0014817578485235572,63,3135,0.01988697052001953,12.311,28.81,89,6,10,1.21,831,0.0025421546306461096,0.0008871381869539618,0.010766987688839436,1500,1500,1000,1500,1800,1000,1000,1800
1784658588.5975,10.0800,0.02025,49.38,505,104602,0.580,GUIDED,GUIDED,128,10.037356853485107,0.08246792107820511,14.665932655334473,0.0,0.0,0.0,nan,nan,nan,nan,nan,nan,nan,nan,nan,nan,0.13348619747141166,0.00806335093224287,0.005117105512295141,-0.1273989975452423,0,10.46329402923584,0.10079897195100784,14.663735389709473,-0.3229832351207733,-0.015238814987242222,-0.0016857703449204564,0,9,-1002,10,2,2,0.01358223706483841,0.0006652376614511013,-0.12753558158874512,0.00149343884550035,63,3135,0.019928932189941406,12.311,28.81,89,6,10,1.21,831,0.0025421546306461096,0.0008871381869539618,0.010766987688839436,1500,1500,1000,1500,1800,1000,1000,1800
1784658588.6172,10.1000,0.01975,50.64,506,104622,0.600,GUIDED,GUIDED,128,10.037356853485107,0.08246792107820511,14.665932655334473,0.0,0.0,0.0,nan,nan,nan,nan,nan,nan,nan,nan,nan,nan,0.1336785343176976,0.0077707268198032725,0.004828357689303302,-0.1273989975452423,0,10.456430435180664,0.10047540068626404,14.663597106933594,-0.3191315829753876,-0.014883054420351982,-0.0014392241137102246,0,9,-1002,9,2,2,0.013733894564211369,0.0006964709609746933,-0.12752410769462585,0.0013792540412396193,63,3135,0.019687175750732422,12.311,28.81,89,6,10,1.21,831,0.0025421546306461096,0.0008871381869539618,0.010766987688839436,1500,1500,1000,1500,1800,1000,1000,1800
1784658588.6372,10.1201,0.02000,50.00,507,104642,0.620,GUIDED,GUIDED,128,10.037356853485107,0.08246792107820511,14.665932655334473,0.0,0.0,0.0,nan,nan,nan,nan,nan,nan,nan,nan,nan,nan,0.1331275623893,0.007401674693090502,0.0044196904515554185,-0.1273989975452423,0,10.44987964630127,0.10016833245754242,14.663520812988281,-0.31503137946128845,-0.014492696151137352,-0.0011592316441237926,0,9,-1002,9,2,2,0.013879828155040741,0.0007259309059008956,-0.12751005589962006,0.001371060498058796,63,3135,0.01994490623474121,12.311,28.81,89,6,10,1.21,831,0.0025421546306461096,0.0008871381869539618,0.010766987688839436,1500,1500,1000,1500,1800,1000,1000,1800
1784658588.6573,10.1400,0.02013,49.69,508,104662,0.640,GUIDED,GUIDED,128,10.037356853485107,0.08246792107820511,14.665932655334473,0.0,0.0,0.0,nan,nan,nan,nan,nan,nan,nan,nan,nan,nan,0.13306475392755868,0.007062613304106281,0.004109121811764264,-0.1273989975452423,0,10.443214416503906,0.09985151141881943,14.663405418395996,-0.31114694476127625,-0.014114022254943848,-0.0009133016574196517,0,8,-1002,8,2,1,0.014014741405844688,0.000755768152885139,-0.12749779224395752,0.0012503692414611578,63,3135,0.019954204559326172,12.311,28.81,89,6,10,1.21,831,0.0025421546306461096,0.0008871381869539618,0.010766987688839436,1500,1500,1000,1500,1800,1000,1000,1800
1784658588.6773,10.1601,0.01994,50.15,509,104682,0.660,GUIDED,GUIDED,128,10.037356853485107,0.08246792107820511,14.665932655334473,0.0,0.0,0.0,nan,nan,nan,nan,nan,nan,nan,nan,nan,nan,0.1322604152072946,0.006670639286608007,0.0036790193724178335,-0.1273989975452423,0,10.436841011047363,0.09955603629350662,14.663346290588379,-0.30700287222862244,-0.013717123307287693,-0.0006308444426394999,0,8,-1002,7,2,1,0.014132519252598286,0.0007840935722924769,-0.1274828016757965,0.00128913763910532,63,3135,0.01985001564025879,12.311,28.81,89,6,10,1.21,831,0.0025421546306461096,0.0008871381869539618,0.010766987688839436,1500,1500,1000,1500,1800,1000,1000,1800
1784658588.6972,10.1800,0.01994,50.14,510,104702,0.680,GUIDED,GUIDED,128,10.037356853485107,0.08246792107820511,14.665932655334473,0.0,0.0,0.0,nan,nan,nan,nan,nan,nan,nan,nan,nan,nan,0.13196125997657226,0.006322237086077872,0.00340324999992787,-0.1273989975452423,0,10.4303617477417,0.09924690425395966,14.663238525390625,-0.30308935046195984,-0.013337495736777782,-0.000409410655265674,0,8,-1002,6,2,1,0.014227242209017277,0.0008109344635158777,-0.12747260928153992,0.0013011747505515814,63,3135,0.0198667049407959,12.311,28.81,89,6,10,1.21,831,0.0025421546306461096,0.0008871381869539618,0.010766987688839436,1500,1500,1000,1500,1800,1000,1000,1800
1784658588.7172,10.2000,0.01996,50.09,511,104722,0.700,GUIDED,GUIDED,128,10.037356853485107,0.08246792107820511,14.665932655334473,0.0,0.0,0.0,nan,nan,nan,nan,nan,nan,nan,nan,nan,nan,0.13149551314343744,0.005998941734249655,0.003063427372767474,-0.1273989975452423,0,10.423985481262207,0.09894166886806488,14.663131713867188,-0.2991391122341156,-0.012974613346159458,-0.00015154630818869919,0,8,-1002,5,2,1,0.014299930073320866,0.0008375235483981669,-0.1274639517068863,0.0011920550605282187,63,3135,0.019913434982299805,12.311,28.81,89,6,10,1.21,831,0.0025421546306461096,0.0008871381869539618,0.010766987688839436,1500,1500,1000,1500,1800,1000,1000,1800
1784658588.7372,10.2200,0.02000,50.00,512,104742,0.720,GUIDED,GUIDED,128,10.037356853485107,0.08246792107820511,14.665932655334473,0.0,0.0,0.0,nan,nan,nan,nan,nan,nan,nan,nan,nan,nan,0.1304006808778837,0.005624161964926055,0.002674187340098789,-0.1273989975452423,0,10.417876243591309,0.09866365045309067,14.66308307647705,-0.29497984051704407,-0.012597720138728619,0.00010126233974006027,0,8,-1002,5,2,1,0.01437106542289257,0.0008624986512586474,-0.1274535059928894,0.001182645675726235,63,3135,0.019950389862060547,12.311,28.81,89,6,10,1.21,831,0.0025421546306461096,0.0008871381869539618,0.010766987688839436,1500,1500,1000,1500,1800,1000,1000,1800
1784658588.7572,10.2400,0.02003,49.92,513,104762,0.740,GUIDED,GUIDED,128,10.037356853485107,0.08246792107820511,14.665932655334473,0.0,0.0,0.0,nan,nan,nan,nan,nan,nan,nan,nan,nan,nan,0.12967924033723782,0.005291522316804239,0.0023757472555191016,-0.1273989975452423,0,10.411693572998047,0.09836846590042114,14.662997245788574,-0.29099375009536743,-0.012235245667397976,0.00032312117400579154,0,8,-1002,2,2,1,0.014389154501259327,0.0008873679907992482,-0.1274426281452179,0.0011636049021035433,63,3135,0.0199582576751709,12.311,28.81,89,6,10,1.21,831,0.003898297669366002,0.0007261979044415057,0.01152683887630701,1500,1500,1000,1500,1800,1000,1000,1800
1784658588.7772,10.2600,0.01997,50.09,514,104782,0.760,GUIDED,GUIDED,128,10.037356853485107,0.08246792107820511,14.665932655334473,0.0,0.0,0.0,nan,nan,nan,nan,nan,nan,nan,nan,nan,nan,0.12846411541386682,0.004923115484790002,0.0019177600190825117,-0.1273989975452423,0,10.40576171875,0.09810291230678558,14.6629638671875,-0.2868674397468567,-0.011869228444993496,0.0006068113725632429,0,8,-1002,2,2,1,0.014404051005840302,0.0009123710333369672,-0.12743166089057922,0.001089011668227613,63,3135,0.019916772842407227,12.311,28.81,89,6,10,1.21,831,0.003898297669366002,0.0007261979044415057,0.01152683887630701,1500,1500,1000,1500,1800,1000,1000,1800
1784658588.7972,10.2800,0.01998,50.04,515,104802,0.780,GUIDED,GUIDED,128,10.037356853485107,0.08246792107820511,14.665932655334473,0.0,0.0,0.0,nan,nan,nan,nan,nan,nan,nan,nan,nan,nan,0.12811078221302846,0.004597999571367868,0.0016065591090446392,-0.1273989975452423,0,10.399837493896484,0.09784848242998123,14.662871360778809,-0.2832430899143219,-0.01153462752699852,0.0008398919017054141,0,7,-1002,2,2,1,0.014415428042411804,0.000934021663852036,-0.1274254471063614,0.0011138375848531723,63,3135,0.019938945770263672,12.311,28.81,89,6,10,1.21,831,0.003898297669366002,0.0007261979044415057,0.01152683887630701,1500,1500,1000,1500,1800,1000,1000,1800
1784658588.8172,10.3000,0.02001,49.97,516,104822,0.800,GUIDED,GUIDED,128,10.037356853485107,0.08246792107820511,14.665932655334473,0.0,0.0,0.0,nan,nan,nan,nan,nan,nan,nan,nan,nan,nan,0.12784040547489378,0.004232484623038459,0.0014047439565813508,-0.1273989975452423,0,10.393628120422363,0.09760862588882446,14.66276741027832,-0.2795020043849945,-0.01118511613458395,0.0010164257837459445,0,8,-1002,2,2,1,0.014418285340070724,0.0009547481895424426,-0.12741747498512268,0.001049324870109558,63,3135,0.019968271255493164,12.311,28.81,89,6,10,1.21,831,0.003898297669366002,0.0007261979044415057,0.01152683887630701,1500,1500,1000,1500,1800,1000,1000,1800
1784658588.8372,10.3200,0.01998,50.05,517,104842,0.820,GUIDED,GUIDED,128,10.037356853485107,0.08246792107820511,14.665932655334473,0.0,0.0,0.0,nan,nan,nan,nan,nan,nan,nan,nan,nan,nan,0.12676350506933104,0.003851591245162725,0.0010846111808051942,-0.1273989975452423,0,10.387803077697754,0.0973803699016571,14.662732124328613,-0.27551716566085815,-0.01083342358469963,0.0012216268805786967,0,7,-1002,0,2,1,0.014371662400662899,0.0009745730785652995,-0.12740959227085114,0.00096998451044783,63,3135,0.019938230514526367,12.311,28.81,89,6,10,1.21,831,0.003898297669366002,0.0007261979044415057,0.01152683887630701,1500,1500,1000,1500,1800,1000,1000,1800
1784658588.8574,10.3400,0.02027,49.33,518,104862,0.840,GUIDED,GUIDED,128,10.037356853485107,0.08246792107820511,14.665932655334473,0.0,0.0,0.0,nan,nan,nan,nan,nan,nan,nan,nan,nan,nan,0.12634549395186245,0.0035125086468689656,0.0007189773493743302,-0.1273989975452423,0,10.381802558898926,0.09714721888303757,14.662650108337402,-0.27181142568588257,-0.010503044351935387,0.001480077626183629,0,7,-1002,0,2,1,0.014327356591820717,0.0009949199156835675,-0.12740007042884827,0.0009991680271923542,63,3135,0.020223617553710938,12.311,28.81,89,6,10,1.21,831,0.003898297669366002,0.0007261979044415057,0.01152683887630701,1500,1500,1000,1500,1800,1000,1000,1800
1784658588.8772,10.3600,0.01973,50.68,519,104882,0.860,GUIDED,GUIDED,128,10.037356853485107,0.08246792107820511,14.665932655334473,0.0,0.0,0.0,nan,nan,nan,nan,nan,nan,nan,nan,nan,nan,0.12520294102424012,0.003160197118467538,0.0002939270436895908,-0.1273989975452423,0,10.376155853271484,0.09692870825529099,14.662631034851074,-0.26789164543151855,-0.010173480026423931,0.0017364926170557737,0,7,-1002,0,2,1,0.014284184202551842,0.001015073386952281,-0.12738890945911407,0.0010184303391724825,63,3135,0.019687175750732422,12.311,28.81,89,6,10,1.21,831,0.003898297669366002,0.0007261979044415057,0.01152683887630701,1500,1500,1000,1500,1800,1000,1000,1800
1784658588.8972,10.3800,0.02001,49.97,520,104902,0.880,GUIDED,GUIDED,128,10.037356853485107,0.08246792107820511,14.665932655334473,0.0,0.0,0.0,nan,nan,nan,nan,nan,nan,nan,nan,nan,nan,0.12454479808922314,0.002852915218835777,-2.6624163784635425e-05,-0.1273989975452423,0,10.37034797668457,0.096701480448246,14.662559509277344,-0.2641584873199463,-0.009864880703389645,0.0019628582522273064,0,7,-1002,0,2,1,0.01424165815114975,0.001034171087667346,-0.12738284468650818,0.0010050935670733452,63,3135,0.01996159553527832,12.311,28.81,89,6,10,1.21,831,0.003898297669366002,0.0007261979044415057,0.01152683887630701,1500,1500,1000,1500,1800,1000,1000,1800
1784658588.9172,10.4000,0.02001,49.97,521,104922,0.900,GUIDED,GUIDED,128,10.037356853485107,0.08246792107820511,14.665932655334473,0.0,0.0,0.0,nan,nan,nan,nan,nan,nan,nan,nan,nan,nan,0.12382937347200701,0.0025238202475931573,-0.0003755430334483954,-0.1273989975452423,0,10.36464786529541,0.09647729247808456,14.662491798400879,-0.2604544758796692,-0.009545442648231983,0.002203399548307061,0,7,-1002,-1,2,1,0.014169391244649887,0.0010519095230847597,-0.12737689912319183,0.0009840962011367083,63,3135,0.01996636390686035,12.311,28.81,89,6,10,1.21,831,0.003898297669366002,0.0007261979044415057,0.01152683887630701,1500,1500,1000,1500,1800,1000,1000,1800
1784658588.9372,10.4200,0.02000,50.00,522,104943,0.920,GUIDED,GUIDED,128,10.037356853485107,0.08246792107820511,14.665932655334473,0.0,0.0,0.0,nan,nan,nan,nan,nan,nan,nan,nan,nan,nan,0.12236077788489519,0.002201447296928949,-0.0008859349782778664,-0.1273989975452423,0,10.358835220336914,0.09625764191150665,14.662490844726562,-0.25625064969062805,-0.009232505224645138,0.0024986250791698694,0,7,-1002,-2,2,1,0.014091242104768753,0.0010708211921155453,-0.12736734747886658,0.0009984702337533236,63,3135,0.01995110511779785,12.311,28.81,89,6,10,1.21,831,0.003898297669366002,0.0007261979044415057,0.01152683887630701,1500,1500,1000,1500,1800,1000,1000,1800
1784658588.9572,10.4400,0.02000,50.00,523,104960,0.940,GUIDED,GUIDED,128,10.037356853485107,0.08246792107820511,14.665932655334473,0.0,0.0,0.0,nan,nan,nan,nan,nan,nan,nan,nan,nan,nan,0.1217048504181914,0.0019990967815457783,-0.001066550814882306,-0.1273989975452423,0,10.35396671295166,0.09606314450502396,14.662440299987793,-0.25306111574172974,-0.009003384970128536,0.0026320856995880604,-1,7,-1002,-2,2,1,0.014012900181114674,0.0010879426263272762,-0.12736119329929352,0.0009497922728769481,63,3135,0.019937753677368164,12.311,28.81,89,6,10,1.21,831,0.00132981117349118,0.0006297730142250657,0.012012680992484093,1500,1500,1000,1500,1800,1000,1000,1800
1784658588.9772,10.4600,0.01998,50.05,524,104980,0.960,GUIDED,GUIDED,128,10.037356853485107,0.08246792107820511,14.665932655334473,0.0,0.0,0.0,nan,nan,nan,nan,nan,nan,nan,nan,nan,nan,0.12033203386105817,0.0016664426180583985,-0.001516601236696136,-0.1273989975452423,0,10.348750114440918,0.09586773812770844,14.662449836730957,-0.24925671517848969,-0.008698509074747562,0.0028864163905382156,0,7,-1002,-5,2,1,0.013875210657715797,0.0011063669808208942,-0.12735475599765778,0.000838850683066994,63,3135,0.01993393898010254,12.311,28.81,89,6,10,1.21,831,0.00132981117349118,0.0006297730142250657,0.012012680992484093,1500,1500,1000,1500,1800,1000,1000,1800
1784658588.9972,10.4800,0.02004,49.91,525,105000,0.980,GUIDED,GUIDED,128,10.037356853485107,0.08246792107820511,14.665932655334473,0.0,0.0,0.0,nan,nan,nan,nan,nan,nan,nan,nan,nan,nan,0.11936965002918282,0.0013727272441782894,-0.0018899928253677282,-0.1273989975452423,0,10.343424797058105,0.09565761685371399,14.66240406036377,-0.2456265091896057,-0.00840761885046959,0.003128423122689128,0,6,-1002,-5,2,1,0.013744942843914032,0.0011222788598388433,-0.12734951078891754,0.0008167578489519656,63,3135,0.019959211349487305,12.311,28.81,89,6,10,1.21,831,0.00132981117349118,0.0006297730142250657,0.012012680992484093,1500,1500,1000,1500,1800,1000,1000,1800
1784658589.0173,10.5000,0.02011,49.72,526,105020,0.000,GUIDED,GUIDED,128,10.037356853485107,0.08246792107820511,14.665932655334473,0.0,0.0,0.0,nan,nan,nan,nan,nan,nan,nan,nan,nan,nan,0.11923226267382742,0.0011631945000807886,-0.002269980877081747,-0.1273989975452423,0,10.33786392211914,0.09541495144367218,14.662345886230469,-0.24233661592006683,-0.008146542124450207,0.0033813961781561375,0,6,-1002,-4,2,1,0.01361373532563448,0.0011374243767932057,-0.12734754383563995,0.0008258200250566006,63,3135,0.01996326446533203,12.311,28.81,88,6,10,1.21,831,0.00132981117349118,0.0006297730142250657,0.012012680992484093,1500,1500,1000,1500,1800,1000,1000,1800
1784658589.0372,10.5201,0.01994,50.16,527,105040,0.020,GUIDED,GUIDED,128,10.037356853485107,0.08246792107820511,14.665932655334473,0.0,0.0,0.0,nan,nan,nan,nan,nan,nan,nan,nan,nan,nan,0.11817574919274104,0.0008845496231291456,-0.002598904838814432,-0.1273989975452423,0,10.33272933959961,0.09521664679050446,14.662357330322266,-0.23876218497753143,-0.007871175184845924,0.0035646932665258646,0,6,-1002,-5,2,1,0.01345762237906456,0.0011516495142132044,-0.12734469771385193,0.0007952461019158363,63,3135,0.019867658615112305,12.311,28.81,88,6,10,1.21,831,0.00132981117349118,0.0006297730142250657,0.012012680992484093,1500,1500,1000,1500,1800,1000,1000,1800
1784658589.0572,10.5401,0.02000,50.01,528,105060,0.040,GUIDED,GUIDED,128,10.037356853485107,0.08246792107820511,14.665932655334473,0.0,0.0,0.0,nan,nan,nan,nan,nan,nan,nan,nan,nan,nan,0.11784170868933924,0.0007173010593516677,-0.0027062224695812206,-0.1273989975452423,0,10.327372550964355,0.09498633444309235,14.662321090698242,-0.23547658324241638,-0.007641643285751343,0.0036475760862231255,0,6,-1002,-4,2,1,0.013339230790734291,0.0011655467096716166,-0.1273421198129654,0.0007172410259954631,63,3135,0.019930362701416016,12.311,28.81,88,6,10,1.21,831,0.00132981117349118,0.0006297730142250657,0.012012680992484093,1500,1500,1000,1500,1800,1000,1000,1800
1784658589.0772,10.5601,0.01997,50.09,529,105080,0.060,GUIDED,GUIDED,128,10.037356853485107,0.08246792107820511,14.665932655334473,0.0,0.0,0.0,nan,nan,nan,nan,nan,nan,nan,nan,nan,nan,0.11673364772294281,0.0004952642783512626,-0.0029724928656783027,-0.1273989975452423,0,10.322406768798828,0.0947987362742424,14.662343978881836,-0.23196984827518463,-0.007405140437185764,0.0037880928721278906,0,6,-1002,-6,2,1,0.013163607567548752,0.0011810888536274433,-0.12734170258045197,0.000571473385207355,63,3135,0.01990795135498047,12.311,28.81,88,6,10,1.21,831,0.00132981117349118,0.0006297730142250657,0.012012680992484093,1500,1500,1000,1500,1800,1000,1000,1800
1784658589.0973,10.5800,0.02006,49.85,530,105100,0.080,GUIDED,GUIDED,128,10.037356853485107,0.08246792107820511,14.665932655334473,0.0,0.0,0.0,nan,nan,nan,nan,nan,nan,nan,nan,nan,nan,0.11626815565488785,0.00029497177547721867,-0.003045067397729589,-0.1273989975452423,0,10.317239761352539,0.0945790708065033,14.662304878234863,-0.22871792316436768,-0.007162677589803934,0.003852568566799164,0,6,-1001,-3,2,1,0.013063865713775158,0.0011948613682761788,-0.12734535336494446,0.0003839193959720433,63,3135,0.019914627075195312,12.311,28.81,88,6,10,1.21,831,0.00132981117349118,0.0006297730142250657,0.012012680992484093,1500,1500,1000,1500,1800,1000,1000,1800
1784658589.1173,10.6001,0.02006,49.85,531,105100,0.100,GUIDED,GUIDED,128,10.037356853485107,0.08246792107820511,14.665932655334473,0.0,0.0,0.0,nan,nan,nan,nan,nan,nan,nan,nan,nan,nan,0.11626815565488785,0.00029497177547721867,-0.003045067397729589,-0.1273989975452423,0,10.317239761352539,0.0945790708065033,14.662304878234863,-0.22871792316436768,-0.007162677589803934,0.003852568566799164,0,6,-1001,-3,2,1,0.013063865713775158,0.0011948613682761788,-0.12734535336494446,0.0003839193959720433,63,3135,0.020008563995361328,12.311,28.81,88,6,10,1.21,831,0.00132981117349118,0.0006297730142250657,0.012012680992484093,1500,1500,1000,1500,1800,1000,1000,1800
1784658589.1371,10.6200,0.01981,50.48,532,105100,0.120,GUIDED,GUIDED,128,10.037356853485107,0.08246792107820511,14.665932655334473,0.0,0.0,0.0,nan,nan,nan,nan,nan,nan,nan,nan,nan,nan,0.11626815565488785,0.00029497177547721867,-0.003045067397729589,-0.1273989975452423,0,10.317239761352539,0.0945790708065033,14.662304878234863,-0.22871792316436768,-0.007162677589803934,0.003852568566799164,0,6,-1001,-3,2,1,0.013063865713775158,0.0011948613682761788,-0.12734535336494446,0.0003839193959720433,63,3135,0.019757747650146484,12.311,28.81,88,6,10,1.21,831,0.00132981117349118,0.0006297730142250657,0.012012680992484093,1500,1500,1000,1500,1800,1000,1000,1800
1784658589.1571,10.6400,0.02001,49.98,533,105100,0.140,GUIDED,GUIDED,128,10.037356853485107,0.08246792107820511,14.665932655334473,0.0,0.0,0.0,nan,nan,nan,nan,nan,nan,nan,nan,nan,nan,0.11626815565488785,0.00029497177547721867,-0.003045067397729589,-0.1273989975452423,0,10.317239761352539,0.0945790708065033,14.662304878234863,-0.22871792316436768,-0.007162677589803934,0.003852568566799164,0,6,-1001,-3,2,1,0.013063865713775158,0.0011948613682761788,-0.12734535336494446,0.0003839193959720433,63,3135,0.019948720932006836,12.311,28.81,88,6,10,1.21,831,0.00132981117349118,0.0006297730142250657,0.012012680992484093,1500,1500,1000,1500,1800,1000,1000,1800
1784658589.1772,10.6601,0.02002,49.96,534,105100,0.160,GUIDED,GUIDED,128,10.037356853485107,0.08246792107820511,14.665932655334473,0.0,0.0,0.0,nan,nan,nan,nan,nan,nan,nan,nan,nan,nan,0.11626815565488785,0.00029497177547721867,-0.003045067397729589,-0.1273989975452423,0,10.317239761352539,0.0945790708065033,14.662304878234863,-0.22871792316436768,-0.007162677589803934,0.003852568566799164,0,6,-1001,-3,2,1,0.013063865713775158,0.0011948613682761788,-0.12734535336494446,0.0003839193959720433,63,3135,0.019953250885009766,12.311,28.81,88,6,10,1.21,831,0.00132981117349118,0.0006297730142250657,0.012012680992484093,1500,1500,1000,1500,1800,1000,1000,1800
1784658589.1972,10.6801,0.02000,50.00,535,105100,0.180,GUIDED,GUIDED,128,10.037356853485107,0.08246792107820511,14.665932655334473,0.0,0.0,0.0,nan,nan,nan,nan,nan,nan,nan,nan,nan,nan,0.11626815565488785,0.00029497177547721867,-0.003045067397729589,-0.1273989975452423,0,10.317239761352539,0.0945790708065033,14.662304878234863,-0.22871792316436768,-0.007162677589803934,0.003852568566799164,0,6,-1001,-3,2,1,0.013063865713775158,0.0011948613682761788,-0.12734535336494446,0.0003839193959720433,63,3135,0.01993584632873535,12.311,28.81,88,6,10,1.21,831,0.00132981117349118,0.0006297730142250657,0.012012680992484093,1500,1500,1000,1500,1800,1000,1000,1800
1784658589.2172,10.7001,0.02000,50.00,536,105100,0.200,GUIDED,GUIDED,128,10.037356853485107,0.08246792107820511,14.665932655334473,0.0,0.0,0.0,nan,nan,nan,nan,nan,nan,nan,nan,nan,nan,0.11626815565488785,0.00029497177547721867,-0.003045067397729589,-0.1273989975452423,0,10.317239761352539,0.0945790708065033,14.662304878234863,-0.22871792316436768,-0.007162677589803934,0.003852568566799164,0,6,-1001,-3,2,1,0.013063865713775158,0.0011948613682761788,-0.12734535336494446,0.0003839193959720433,63,3135,0.019935131072998047,12.311,28.81,88,6,10,1.21,831,0.00132981117349118,0.0006297730142250657,0.012012680992484093,1500,1500,1000,1500,1800,1000,1000,1800
1784658589.2372,10.7201,0.02000,50.00,537,105100,0.220,GUIDED,GUIDED,128,10.037356853485107,0.08246792107820511,14.665932655334473,0.0,0.0,0.0,nan,nan,nan,nan,nan,nan,nan,nan,nan,nan,0.11626815565488785,0.00029497177547721867,-0.003045067397729589,-0.1273989975452423,0,10.317239761352539,0.0945790708065033,14.662304878234863,-0.22871792316436768,-0.007162677589803934,0.003852568566799164,0,6,-1001,-3,2,1,0.013063865713775158,0.0011948613682761788,-0.12734535336494446,0.0003839193959720433,63,3135,0.019936084747314453,12.311,28.81,88,6,10,1.21,831,0.00132981117349118,0.0006297730142250657,0.012012680992484093,1500,1500,1000,1500,1800,1000,1000,1800
1784658589.2572,10.7401,0.02001,49.98,538,105100,0.240,GUIDED,GUIDED,128,10.037356853485107,0.08246792107820511,14.665932655334473,0.0,0.0,0.0,nan,nan,nan,nan,nan,nan,nan,nan,nan,nan,0.11626815565488785,0.00029497177547721867,-0.003045067397729589,-0.1273989975452423,0,10.317239761352539,0.0945790708065033,14.662304878234863,-0.22871792316436768,-0.007162677589803934,0.003852568566799164,0,6,-1001,-3,2,1,0.013063865713775158,0.0011948613682761788,-0.12734535336494446,0.0003839193959720433,63,3135,0.019937515258789062,12.311,28.81,88,6,10,1.21,831,0.00132981117349118,0.0006297730142250657,0.012012680992484093,1500,1500,1000,1500,1800,1000,1000,1800
1784658589.2772,10.7601,0.02000,50.01,539,105100,0.260,GUIDED,GUIDED,128,10.037356853485107,0.08246792107820511,14.665932655334473,0.0,0.0,0.0,nan,nan,nan,nan,nan,nan,nan,nan,nan,nan,0.11626815565488785,0.00029497177547721867,-0.003045067397729589,-0.1273989975452423,0,10.317239761352539,0.0945790708065033,14.662304878234863,-0.22871792316436768,-0.007162677589803934,0.003852568566799164,0,6,-1001,-3,2,1,0.013063865713775158,0.0011948613682761788,-0.12734535336494446,0.0003839193959720433,63,3135,0.019931793212890625,12.311,28.81,88,6,10,1.21,831,0.00132981117349118,0.0006297730142250657,0.012012680992484093,1500,1500,1000,1500,1800,1000,1000,1800
1784658589.2972,10.7801,0.02000,50.00,540,105100,0.280,GUIDED,GUIDED,128,10.037356853485107,0.08246792107820511,14.665932655334473,0.0,0.0,0.0,nan,nan,nan,nan,nan,nan,nan,nan,nan,nan,0.11626815565488785,0.00029497177547721867,-0.003045067397729589,-0.1273989975452423,0,10.317239761352539,0.0945790708065033,14.662304878234863,-0.22871792316436768,-0.007162677589803934,0.003852568566799164,0,6,-1001,-3,2,1,0.013063865713775158,0.0011948613682761788,-0.12734535336494446,0.0003839193959720433,63,3135,0.01993584632873535,12.311,28.81,88,6,10,1.21,831,0.00132981117349118,0.0006297730142250657,0.012012680992484093,1500,1500,1000,1500,1800,1000,1000,1800
1784658589.3172,10.8001,0.02000,50.00,541,105100,0.300,GUIDED,GUIDED,128,10.037356853485107,0.08246792107820511,14.665932655334473,0.0,0.0,0.0,nan,nan,nan,nan,nan,nan,nan,nan,nan,nan,0.11626815565488785,0.00029497177547721867,-0.003045067397729589,-0.1273989975452423,0,10.317239761352539,0.0945790708065033,14.662304878234863,-0.22871792316436768,-0.007162677589803934,0.003852568566799164,0,6,-1001,-3,2,1,0.013063865713775158,0.0011948613682761788,-0.12734535336494446,0.0003839193959720433,63,3135,0.019936800003051758,12.311,28.81,88,6,10,1.21,831,0.00132981117349118,0.0006297730142250657,0.012012680992484093,1500,1500,1000,1500,1800,1000,1000,1800
1784658589.3372,10.8200,0.02000,50.01,542,105100,0.320,GUIDED,GUIDED,128,10.037356853485107,0.08246792107820511,14.665932655334473,0.0,0.0,0.0,nan,nan,nan,nan,nan,nan,nan,nan,nan,nan,0.11626815565488785,0.00029497177547721867,-0.003045067397729589,-0.1273989975452423,0,10.317239761352539,0.0945790708065033,14.662304878234863,-0.22871792316436768,-0.007162677589803934,0.003852568566799164,0,6,-1001,-3,2,1,0.013063865713775158,0.0011948613682761788,-0.12734535336494446,0.0003839193959720433,63,3135,0.01992654800415039,12.311,28.81,88,6,10,1.21,831,0.00132981117349118,0.0006297730142250657,0.012012680992484093,1500,1500,1000,1500,1800,1000,1000,1800
1784658589.3576,10.8400,0.02045,48.91,543,105360,0.340,GUIDED,GUIDED,128,10.037356853485107,0.08246792107820511,14.665932655334473,0.0,0.0,0.0,nan,nan,nan,nan,nan,nan,nan,nan,nan,nan,0.10787652493145289,-0.0018680282493432829,-0.003729491906161198,-0.1273989975452423,0,10.256721496582031,0.092467300593853,14.662283897399902,-0.18893277645111084,-0.004694637842476368,0.004259834531694651,0,5,-1001,0,2,0,0.01181730069220066,0.0013826620997861028,-0.12754596769809723,-6.965192733332515e-05,63,3135,0.020383596420288086,12.312,28.76,88,6,10,1.21,831,0.0018935765838250518,0.000578539096750319,0.012633978389203548,1500,1500,1000,1500,1800,1000,1000,1800
1784658589.3772,10.8601,0.01956,51.13,544,105360,0.360,GUIDED,GUIDED,128,10.037356853485107,0.08246792107820511,14.665932655334473,0.0,0.0,0.0,nan,nan,nan,nan,nan,nan,nan,nan,nan,nan,0.10787652493145289,-0.0018680282493432829,-0.003729491906161198,-0.1273989975452423,0,10.256721496582031,0.092467300593853,14.662283897399902,-0.18893277645111084,-0.004694637842476368,0.004259834531694651,0,5,-1001,0,2,0,0.01181730069220066,0.0013826620997861028,-0.12754596769809723,-6.965192733332515e-05,63,3135,0.01949334144592285,12.312,28.76,88,6,10,1.21,831,0.0018935765838250518,0.000578539096750319,0.012633978389203548,1500,1500,1000,1500,1800,1000,1000,1800
1784658589.3972,10.8801,0.02000,50.00,545,105360,0.380,GUIDED,GUIDED,128,10.037356853485107,0.08246792107820511,14.665932655334473,0.0,0.0,0.0,nan,nan,nan,nan,nan,nan,nan,nan,nan,nan,0.10787652493145289,-0.0018680282493432829,-0.003729491906161198,-0.1273989975452423,0,10.256721496582031,0.092467300593853,14.662283897399902,-0.18893277645111084,-0.004694637842476368,0.004259834531694651,0,5,-1001,0,2,0,0.01181730069220066,0.0013826620997861028,-0.12754596769809723,-6.965192733332515e-05,63,3135,0.019934892654418945,12.312,28.76,88,6,10,1.21,831,0.0018935765838250518,0.000578539096750319,0.012633978389203548,1500,1500,1000,1500,1800,1000,1000,1800
1784658589.4172,10.9001,0.02000,49.99,546,105360,0.400,GUIDED,GUIDED,128,10.037356853485107,0.08246792107820511,14.665932655334473,0.0,0.0,0.0,nan,nan,nan,nan,nan,nan,nan,nan,nan,nan,0.10787652493145289,-0.0018680282493432829,-0.003729491906161198,-0.1273989975452423,0,10.256721496582031,0.092467300593853,14.662283897399902,-0.18893277645111084,-0.004694637842476368,0.004259834531694651,0,5,-1001,0,2,0,0.01181730069220066,0.0013826620997861028,-0.12754596769809723,-6.965192733332515e-05,63,3135,0.019937992095947266,12.312,28.76,88,6,10,1.21,831,0.0018935765838250518,0.000578539096750319,0.012633978389203548,1500,1500,1000,1500,1800,1000,1000,1800
1784658589.4372,10.9201,0.02000,49.99,547,105360,0.420,GUIDED,GUIDED,128,10.037356853485107,0.08246792107820511,14.665932655334473,0.0,0.0,0.0,nan,nan,nan,nan,nan,nan,nan,nan,nan,nan,0.10787652493145289,-0.0018680282493432829,-0.003729491906161198,-0.1273989975452423,0,10.256721496582031,0.092467300593853,14.662283897399902,-0.18893277645111084,-0.004694637842476368,0.004259834531694651,0,5,-1001,0,2,0,0.01181730069220066,0.0013826620997861028,-0.12754596769809723,-6.965192733332515e-05,63,3135,0.019937753677368164,12.312,28.76,88,6,10,1.21,831,0.0018935765838250518,0.000578539096750319,0.012633978389203548,1500,1500,1000,1500,1800,1000,1000,1800
1784658589.4572,10.9401,0.02000,50.01,548,105360,0.440,GUIDED,GUIDED,128,10.037356853485107,0.08246792107820511,14.665932655334473,0.0,0.0,0.0,nan,nan,nan,nan,nan,nan,nan,nan,nan,nan,0.10787652493145289,-0.0018680282493432829,-0.003729491906161198,-0.1273989975452423,0,10.256721496582031,0.092467300593853,14.662283897399902,-0.18893277645111084,-0.004694637842476368,0.004259834531694651,0,5,-1001,0,2,0,0.01181730069220066,0.0013826620997861028,-0.12754596769809723,-6.965192733332515e-05,63,3135,0.01993274688720703,12.312,28.76,88,6,10,1.21,831,0.0018935765838250518,0.000578539096750319,0.012633978389203548,1500,1500,1000,1500,1800,1000,1000,1800
1784658589.4771,10.9601,0.01998,50.05,549,105360,0.460,GUIDED,GUIDED,128,10.037356853485107,0.08246792107820511,14.665932655334473,0.0,0.0,0.0,nan,nan,nan,nan,nan,nan,nan,nan,nan,nan,0.10787652493145289,-0.0018680282493432829,-0.003729491906161198,-0.1273989975452423,0,10.256721496582031,0.092467300593853,14.662283897399902,-0.18893277645111084,-0.004694637842476368,0.004259834531694651,0,5,-1001,0,2,0,0.01181730069220066,0.0013826620997861028,-0.12754596769809723,-6.965192733332515e-05,63,3135,0.019928455352783203,12.312,28.76,88,6,10,1.21,831,0.0018935765838250518,0.000578539096750319,0.012633978389203548,1500,1500,1000,1500,1800,1000,1000,1800
1784658589.4972,10.9801,0.02002,49.94,550,105360,0.480,GUIDED,GUIDED,128,10.037356853485107,0.08246792107820511,14.665932655334473,0.0,0.0,0.0,nan,nan,nan,nan,nan,nan,nan,nan,nan,nan,0.10787652493145289,-0.0018680282493432829,-0.003729491906161198,-0.1273989975452423,0,10.256721496582031,0.092467300593853,14.662283897399902,-0.18893277645111084,-0.004694637842476368,0.004259834531694651,0,5,-1001,0,2,0,0.01181730069220066,0.0013826620997861028,-0.12754596769809723,-6.965192733332515e-05,63,3135,0.019959211349487305,12.312,28.76,88,6,10,1.21,831,0.0018935765838250518,0.000578539096750319,0.012633978389203548,1500,1500,1000,1500,1800,1000,1000,1800
1784658589.5172,11.0001,0.02002,49.94,551,105360,0.500,GUIDED,GUIDED,128,10.037356853485107,0.08246792107820511,14.665932655334473,0.0,0.0,0.0,nan,nan,nan,nan,nan,nan,nan,nan,nan,nan,0.10787652493145289,-0.0018680282493432829,-0.003729491906161198,-0.1273989975452423,0,10.256721496582031,0.092467300593853,14.662283897399902,-0.18893277645111084,-0.004694637842476368,0.004259834531694651,0,5,-1001,0,2,0,0.01181730069220066,0.0013826620997861028,-0.12754596769809723,-6.965192733332515e-05,63,3135,0.019935131072998047,12.312,28.76,88,6,10,1.21,831,0.0018935765838250518,0.000578539096750319,0.012633978389203548,1500,1500,1000,1500,1800,1000,1000,1800
1784658589.5371,11.0201,0.01996,50.11,552,105360,0.520,GUIDED,GUIDED,128,10.037356853485107,0.08246792107820511,14.665932655334473,0.0,0.0,0.0,nan,nan,nan,nan,nan,nan,nan,nan,nan,nan,0.10787652493145289,-0.0018680282493432829,-0.003729491906161198,-0.1273989975452423,0,10.256721496582031,0.092467300593853,14.662283897399902,-0.18893277645111084,-0.004694637842476368,0.004259834531694651,0,5,-1001,0,2,0,0.01181730069220066,0.0013826620997861028,-0.12754596769809723,-6.965192733332515e-05,63,3135,0.019902706146240234,12.312,28.76,88,6,10,1.21,831,0.0018935765838250518,0.000578539096750319,0.012633978389203548,1500,1500,1000,1500,1800,1000,1000,1800
1784658589.5571,11.0401,0.02000,50.00,553,105360,0.540,GUIDED,GUIDED,128,10.037356853485107,0.08246792107820511,14.665932655334473,0.0,0.0,0.0,nan,nan,nan,nan,nan,nan,nan,nan,nan,nan,0.10787652493145289,-0.0018680282493432829,-0.003729491906161198,-0.1273989975452423,0,10.256721496582031,0.092467300593853,14.662283897399902,-0.18893277645111084,-0.004694637842476368,0.004259834531694651,0,5,-1001,0,2,0,0.01181730069220066,0.0013826620997861028,-0.12754596769809723,-6.965192733332515e-05,63,3135,0.019947290420532227,12.312,28.76,88,6,10,1.21,831,0.0018935765838250518,0.000578539096750319,0.012633978389203548,1500,1500,1000,1500,1800,1000,1000,1800
1784658589.5772,11.0601,0.02002,49.95,554,105360,0.560,GUIDED,GUIDED,128,10.037356853485107,0.08246792107820511,14.665932655334473,0.0,0.0,0.0,nan,nan,nan,nan,nan,nan,nan,nan,nan,nan,0.10787652493145289,-0.0018680282493432829,-0.003729491906161198,-0.1273989975452423,0,10.256721496582031,0.092467300593853,14.662283897399902,-0.18893277645111084,-0.004694637842476368,0.004259834531694651,0,5,-1001,0,2,0,0.01181730069220066,0.0013826620997861028,-0.12754596769809723,-6.965192733332515e-05,63,3135,0.019958019256591797,12.312,28.76,88,6,10,1.21,831,0.0018935765838250518,0.000578539096750319,0.012633978389203548,1500,1500,1000,1500,1800,1000,1000,1800
1784658589.5975,11.0800,0.02038,49.07,555,105610,0.580,GUIDED,GUIDED,128,10.037356853485107,0.08246792107820511,14.665932655334473,0.0,0.0,0.0,nan,nan,nan,nan,nan,nan,nan,nan,nan,nan,0.09939032739523698,-0.004157679596950847,-0.003172140571116755,-0.1273989975452423,0,10.207223892211914,0.09146363288164139,14.662341117858887,-0.1554558128118515,-0.0027932391967624426,0.0039050113409757614,0,4,-1001,0,0,1,0.010969802737236023,0.0014719641767442226,-0.12753598392009735,0.0008362780208699405,63,3135,0.01990675926208496,12.312,28.74,88,6,10,1.21,831,0.00035945986746810377,0.0003115670697297901,0.011634115129709244,1500,1500,1000,1500,1800,1000,1000,1800
1784658589.6172,11.1001,0.01962,50.96,556,105610,0.600,GUIDED,GUIDED,128,10.037356853485107,0.08246792107820511,14.665932655334473,0.0,0.0,0.0,nan,nan,nan,nan,nan,nan,nan,nan,nan,nan,0.09939032739523698,-0.004157679596950847,-0.003172140571116755,-0.1273989975452423,0,10.207223892211914,0.09146363288164139,14.662341117858887,-0.1554558128118515,-0.0027932391967624426,0.0039050113409757614,0,4,-1001,0,0,1,0.010969802737236023,0.0014719641767442226,-0.12753598392009735,0.0008362780208699405,63,3135,0.019559383392333984,12.312,28.74,88,6,10,1.21,831,0.00035945986746810377,0.0003115670697297901,0.011634115129709244,1500,1500,1000,1500,1800,1000,1000,1800
1784658589.6372,11.1201,0.02000,50.01,557,105610,0.620,GUIDED,GUIDED,128,10.037356853485107,0.08246792107820511,14.665932655334473,0.0,0.0,0.0,nan,nan,nan,nan,nan,nan,nan,nan,nan,nan,0.09939032739523698,-0.004157679596950847,-0.003172140571116755,-0.1273989975452423,0,10.207223892211914,0.09146363288164139,14.662341117858887,-0.1554558128118515,-0.0027932391967624426,0.0039050113409757614,0,4,-1001,0,0,1,0.010969802737236023,0.0014719641767442226,-0.12753598392009735,0.0008362780208699405,63,3135,0.019934415817260742,12.312,28.74,88,6,10,1.21,831,0.00035945986746810377,0.0003115670697297901,0.011634115129709244,1500,1500,1000,1500,1800,1000,1000,1800
1784658589.6572,11.1401,0.02002,49.94,558,105610,0.640,GUIDED,GUIDED,128,10.037356853485107,0.08246792107820511,14.665932655334473,0.0,0.0,0.0,nan,nan,nan,nan,nan,nan,nan,nan,nan,nan,0.09939032739523698,-0.004157679596950847,-0.003172140571116755,-0.1273989975452423,0,10.207223892211914,0.09146363288164139,14.662341117858887,-0.1554558128118515,-0.0027932391967624426,0.0039050113409757614,0,4,-1001,0,0,1,0.010969802737236023,0.0014719641767442226,-0.12753598392009735,0.0008362780208699405,63,3135,0.01992654800415039,12.312,28.74,88,6,10,1.21,831,0.00035945986746810377,0.0003115670697297901,0.011634115129709244,1500,1500,1000,1500,1800,1000,1000,1800
1784658589.6772,11.1601,0.02004,49.89,559,105610,0.660,GUIDED,GUIDED,128,10.037356853485107,0.08246792107820511,14.665932655334473,0.0,0.0,0.0,nan,nan,nan,nan,nan,nan,nan,nan,nan,nan,0.09939032739523698,-0.004157679596950847,-0.003172140571116755,-0.1273989975452423,0,10.207223892211914,0.09146363288164139,14.662341117858887,-0.1554558128118515,-0.0027932391967624426,0.0039050113409757614,0,4,-1001,0,0,1,0.010969802737236023,0.0014719641767442226,-0.12753598392009735,0.0008362780208699405,63,3135,0.01997089385986328,12.312,28.74,88,6,10,1.21,831,0.00035945986746810377,0.0003115670697297901,0.011634115129709244,1500,1500,1000,1500,1800,1000,1000,1800
1784658589.6972,11.1800,0.01995,50.13,560,105700,0.680,GUIDED,GUIDED,128,10.037356853485107,0.08246792107820511,14.665932655334473,0.0,0.0,0.0,nan,nan,nan,nan,nan,nan,nan,nan,nan,nan,0.09652341783615512,-0.005084194917378014,-0.002849680729589487,-0.1273989975452423,0,10.191407203674316,0.09139134734869003,14.662389755249023,-0.1446688324213028,-0.002216581255197525,0.003690758254379034,0,4,-1001,-4,0,1,0.010602331720292568,0.0015064012259244919,-0.12749966979026794,0.0008020092500373721,63,3135,0.019896745681762695,12.312,28.74,88,6,10,1.21,831,0.00035945986746810377,0.0003115670697297901,0.011634115129709244,1500,1500,1000,1500,1800,1000,1000,1800
1784658589.7172,11.2000,0.01999,50.02,561,105720,0.700,GUIDED,GUIDED,128,10.037356853485107,0.08246792107820511,14.665932655334473,0.0,0.0,0.0,nan,nan,nan,nan,nan,nan,nan,nan,nan,nan,0.09599189340280981,-0.0052960634290590575,-0.0027795539764286703,-0.1273989975452423,0,10.187943458557129,0.09137918800115585,14.662391662597656,-0.14236216247081757,-0.00208723871037364,0.003649169346317649,0,4,-1001,-1,2,1,0.010547004640102386,0.001550892018713057,-0.12749457359313965,0.0008280143956653774,63,3135,0.019940853118896484,12.312,28.74,88,6,10,1.21,831,0.00035945986746810377,0.0003115670697297901,0.011634115129709244,1500,1500,1000,1500,1800,1000,1000,1800
1784658589.7373,11.2201,0.02012,49.70,562,105740,0.720,GUIDED,GUIDED,128,10.037356853485107,0.08246792107820511,14.665932655334473,0.0,0.0,0.0,nan,nan,nan,nan,nan,nan,nan,nan,nan,nan,0.09473661168403866,-0.005394180524629897,-0.002758137568291504,-0.1273989975452423,0,10.18484115600586,0.09135198593139648,14.662431716918945,-0.1398463100194931,-0.0020148856565356255,0.003613679204136133,0,4,-1000,-3,1,1,0.010425026528537273,0.0015394823858514428,-0.1274898201227188,0.0008145709871314466,63,3135,0.02004265785217285,12.312,28.74,88,6,10,1.21,831,0.00035945986746810377,0.0003115670697297901,0.011634115129709244,1500,1500,1000,1500,1800,1000,1000,1800
1784658589.7573,11.2401,0.01998,50.06,563,105760,0.740,GUIDED,GUIDED,128,10.037356853485107,0.08246792107820511,14.665932655334473,0.0,0.0,0.0,nan,nan,nan,nan,nan,nan,nan,nan,nan,nan,0.09403929637849867,-0.0055698624115570455,-0.002635699573591701,-0.1273989975452423,0,10.181538581848145,0.0913374200463295,14.662440299987793,-0.13753697276115417,-0.001905046054162085,0.0035380341578274965,0,4,-1000,-1,1,1,0.010368040762841702,0.001553226844407618,-0.12748411297798157,0.0008047946030274034,63,3135,0.01988387107849121,12.312,28.74,88,6,10,1.21,831,0.00035945986746810377,0.0003115670697297901,0.011634115129709244,1500,1500,1000,1500,1800,1000,1000,1800
1784658589.7772,11.2600,0.01997,50.09,564,105780,0.760,GUIDED,GUIDED,128,10.037356853485107,0.08246792107820511,14.665932655334473,0.0,0.0,0.0,nan,nan,nan,nan,nan,nan,nan,nan,nan,nan,0.09270526048106018,-0.00568193575628621,-0.0025975213241821596,-0.1273989975452423,0,10.178564071655273,0.09131087362766266,14.662482261657715,-0.13504943251609802,-0.0018250138964504004,0.0034917653538286686,0,3,-1001,-3,3,1,0.010261456482112408,0.0015792216872796416,-0.12747789919376373,0.0007874147850088775,63,3135,0.019895076751708984,12.312,28.74,88,6,10,1.21,831,0.00035945986746810377,0.0003115670697297901,0.011634115129709244,1500,1500,1000,1500,1800,1000,1000,1800
1784658589.7972,11.2801,0.02001,49.98,565,105800,0.780,GUIDED,GUIDED,128,10.037356853485107,0.08246792107820511,14.665932655334473,0.0,0.0,0.0,nan,nan,nan,nan,nan,nan,nan,nan,nan,nan,0.09187057981134036,-0.00585450103430569,-0.0024638997209272383,-0.1273989975452423,0,10.175410270690918,0.09129428118467331,14.662490844726562,-0.13274668157100677,-0.0017158036353066564,0.003409663448110223,0,3,-1000,-3,0,1,0.010166089050471783,0.001560864970088005,-0.12747423350811005,0.0007490254356525838,63,3135,0.019937992095947266,12.312,28.74,88,6,10,1.21,831,0.00035945986746810377,0.0003115670697297901,0.011634115129709244,1500,1500,1000,1500,1800,1000,1000,1800
1784658589.8172,11.3001,0.02000,50.00,566,105820,0.800,GUIDED,GUIDED,128,10.037356853485107,0.08246792107820511,14.665932655334473,0.0,0.0,0.0,nan,nan,nan,nan,nan,nan,nan,nan,nan,nan,0.09168885927366874,-0.006182413007404569,-0.0023422894872577307,-0.1273989975452423,0,10.172028541564941,0.0913555920124054,14.662485122680664,-0.1306893229484558,-0.001561881392262876,0.0033427553717046976,0,3,-1000,-2,3,1,0.010079972445964813,0.0016102868830785155,-0.12747277319431305,0.0006783909047953784,63,3135,0.0199282169342041,12.312,28.74,88,6,10,1.21,831,0.00035945986746810377,0.0003115670697297901,0.011634115129709244,1500,1500,1000,1500,1800,1000,1000,1800
1784658589.8372,11.3201,0.02000,50.00,567,105840,0.820,GUIDED,GUIDED,128,10.037356853485107,0.08246792107820511,14.665932655334473,0.0,0.0,0.0,nan,nan,nan,nan,nan,nan,nan,nan,nan,nan,0.09066437266975616,-0.0063558594967944824,-0.0022654016170381847,-0.1273989975452423,0,10.169084548950195,0.09136901050806046,14.662517547607422,-0.1283981204032898,-0.001469489187002182,0.0032796435989439487,0,3,-1000,-5,0,1,0.009939170442521572,0.001572329900227487,-0.12746840715408325,0.0007136846543289721,63,3135,0.01992964744567871,12.312,28.74,88,6,10,1.21,831,0.00035945986746810377,0.0003115670697297901,0.011634115129709244,1500,1500,1000,1500,1800,1000,1000,1800
1784658589.8575,11.3401,0.02027,49.35,568,105860,0.840,GUIDED,GUIDED,128,10.037356853485107,0.08246792107820511,14.665932655334473,0.0,0.0,0.0,nan,nan,nan,nan,nan,nan,nan,nan,nan,nan,0.09035597043409291,-0.006632747305682263,-0.002124163120761649,-0.1273989975452423,0,10.16586971282959,0.09142240136861801,14.662518501281738,-0.12636397778987885,-0.0013404531637206674,0.0031975489109754562,0,3,-1000,-1,3,1,0.00986690167337656,0.0016258055111393332,-0.127463236451149,0.0006723843980580568,63,3135,0.020214080810546875,12.312,28.74,88,6,10,1.21,831,0.00028029095847159624,0.0003327425802126527,0.011268673464655876,1500,1500,1000,1500,1800,1000,1000,1800
1784658589.8772,11.3601,0.01970,50.76,569,105880,0.860,GUIDED,GUIDED,128,10.037356853485107,0.08246792107820511,14.665932655334473,0.0,0.0,0.0,nan,nan,nan,nan,nan,nan,nan,nan,nan,nan,0.08924948799127405,-0.006786345038726595,-0.002010734881089448,-0.1273989975452423,0,10.16305160522461,0.09143415838479996,14.662551879882812,-0.12409811466932297,-0.0012585613876581192,0.0031127899419516325,0,3,-1000,-4,0,1,0.009742872789502144,0.0015909725334495306,-0.1274593323469162,0.0006075358251109719,63,3135,0.019645214080810547,12.312,28.74,88,6,10,1.21,831,0.00028029095847159624,0.0003327425802126527,0.011268673464655876,1500,1500,1000,1500,1800,1000,1000,1800
1784658589.8972,11.3801,0.02004,49.90,570,105900,0.880,GUIDED,GUIDED,128,10.037356853485107,0.08246792107820511,14.665932655334473,0.0,0.0,0.0,nan,nan,nan,nan,nan,nan,nan,nan,nan,nan,0.08883246446454998,-0.007011995371283648,-0.001852512145673394,-0.1273989975452423,0,10.159989356994629,0.09148051589727402,14.662551879882812,-0.12208935618400574,-0.0011550466297194362,0.003021440003067255,0,3,-1000,-1,2,1,0.00967992190271616,0.0016329849604517221,-0.12745577096939087,0.0005754895973950624,63,3135,0.019968032836914062,12.312,28.74,88,6,10,1.21,831,0.00028029095847159624,0.0003327425802126527,0.011268673464655876,1500,1500,1000,1500,1800,1000,1000,1800
1784658589.9172,11.4000,0.02001,49.98,571,105920,0.900,GUIDED,GUIDED,128,10.037356853485107,0.08246792107820511,14.665932655334473,0.0,0.0,0.0,nan,nan,nan,nan,nan,nan,nan,nan,nan,nan,0.08834153043076468,-0.0071832290714540495,-0.0017054498225064418,-0.1273989975452423,0,10.157010078430176,0.09152144938707352,14.662554740905762,-0.12008582800626755,-0.0010798177681863308,0.002934881718829274,0,3,-1000,-4,1,1,0.009548674337565899,0.001618198468349874,-0.12745705246925354,0.0005979696288704872,63,3135,0.0198976993560791,12.312,28.74,88,6,10,1.21,831,0.00028029095847159624,0.0003327425802126527,0.011268673464655876,1500,1500,1000,1500,1800,1000,1000,1800
1784658589.9372,11.4201,0.01999,50.02,572,105940,0.920,GUIDED,GUIDED,128,10.037356853485107,0.08246792107820511,14.665932655334473,0.0,0.0,0.0,nan,nan,nan,nan,nan,nan,nan,nan,nan,nan,0.08715409945755076,-0.007259227382500509,-0.0016621135845012605,-0.1273989975452423,0,10.154367446899414,0.09152954816818237,14.66258716583252,-0.11787454038858414,-0.001040615956299007,0.00289114098995924,0,3,-1000,0,1,1,0.009510577656328678,0.001629470381885767,-0.1274573802947998,0.0005570015055127442,63,3135,0.019919157028198242,12.312,28.74,88,6,10,1.21,831,0.00028029095847159624,0.0003327425802126527,0.011268673464655876,1500,1500,1000,1500,1800,1000,1000,1800
1784658589.9573,11.4401,0.02005,49.87,573,105960,0.940,GUIDED,GUIDED,128,10.037356853485107,0.08246792107820511,14.665932655334473,0.0,0.0,0.0,nan,nan,nan,nan,nan,nan,nan,nan,nan,nan,0.08647959837294542,-0.007453513755681785,-0.0016215217635608525,-0.1273989975452423,0,10.151535034179688,0.09156335145235062,14.662595748901367,-0.1158498227596283,-0.0009479610016569495,0.0028627498541027308,0,3,-1001,-4,2,1,0.0093789491802454,0.001652735867537558,-0.12745778262615204,0.0005086513119749725,63,3135,0.019928693771362305,12.312,28.74,88,6,10,1.21,831,0.00028029095847159624,0.0003327425802126527,0.011268673464655876,1500,1500,1000,1500,1800,1000,1000,1800
1784658589.9772,11.4601,0.01995,50.13,574,105980,0.960,GUIDED,GUIDED,128,10.037356853485107,0.08246792107820511,14.665932655334473,0.0,0.0,0.0,nan,nan,nan,nan,nan,nan,nan,nan,nan,nan,0.08521002715646461,-0.007479219524718798,-0.00144680628436191,-0.1273989975452423,0,10.149006843566895,0.09156902879476547,14.662629127502441,-0.11365718394517899,-0.0009363975841552019,0.002742606680840254,0,3,-1000,-1,0,1,0.00932641327381134,0.00164805818349123,-0.12745635211467743,0.0005849550943821669,63,3135,0.01987934112548828,12.312,28.74,88,6,10,1.21,831,0.00028029095847159624,0.0003327425802126527,0.011268673464655876,1500,1500,1000,1500,1800,1000,1000,1800
1784658589.9972,11.4801,0.02000,50.00,575,106000,0.980,GUIDED,GUIDED,128,10.037356853485107,0.08246792107820511,14.665932655334473,0.0,0.0,0.0,nan,nan,nan,nan,nan,nan,nan,nan,nan,nan,0.0843832106767807,-0.007570347489921475,-0.0013828210524704952,-0.1273989975452423,0,10.146308898925781,0.09159628301858902,14.662635803222656,-0.1116221621632576,-0.0008995200623758137,0.00270181056112051,0,3,-1000,-2,3,1,0.009224291890859604,0.0016857696464285254,-0.1274554431438446,0.0005712662823498249,63,3135,0.019929170608520508,12.312,28.74,88,6,10,1.21,831,0.00028029095847159624,0.0003327425802126527,0.011268673464655876,1500,1500,1000,1500,1800,1000,1000,1800
1784658590.0173,11.5001,0.02004,49.90,576,106020,0.000,GUIDED,GUIDED,128,10.037356853485107,0.08246792107820511,14.665932655334473,0.0,0.0,0.0,nan,nan,nan,nan,nan,nan,nan,nan,nan,nan,0.08450068016666182,-0.007910228362775693,-0.001251892510645447,-0.1273989975452423,0,10.14323902130127,0.09171070158481598,14.662622451782227,-0.10991758853197098,-0.0007693493389524519,0.0026339273899793625,0,3,-1001,-3,1,1,0.009127222932875156,0.0016789690125733614,-0.12745706737041473,0.0005746111855842173,63,3135,0.019927978515625,12.312,28.74,88,6,10,1.21,831,0.00028029095847159624,0.0003327425802126527,0.011268673464655876,1500,1500,1000,1500,1800,1000,1000,1800
1784658590.0372,11.5201,0.01996,50.10,577,106040,0.020,GUIDED,GUIDED,128,10.037356853485107,0.08246792107820511,14.665932655334473,0.0,0.0,0.0,nan,nan,nan,nan,nan,nan,nan,nan,nan,nan,0.08359162404456766,-0.008029830327168945,-0.0011839702712950631,-0.1273989975452423,0,10.140658378601074,0.09175726771354675,14.662643432617188,-0.10790280997753143,-0.0007271820795722306,0.002582599176093936,0,3,-1001,-2,3,1,0.00904010608792305,0.0017124149017035961,-0.12745589017868042,0.0005415920168161392,63,3135,0.01988840103149414,12.312,28.74,88,6,10,1.21,831,0.00028029095847159624,0.0003327425802126527,0.011268673464655876,1500,1500,1000,1500,1800,1000,1000,1800
1784658590.0572,11.5401,0.02000,50.00,578,106060,0.040,GUIDED,GUIDED,128,10.037356853485107,0.08246792107820511,14.665932655334473,0.0,0.0,0.0,nan,nan,nan,nan,nan,nan,nan,nan,nan,nan,0.08344329795288363,-0.008305741361238624,-0.0010388938276044944,-0.1273989975452423,0,10.13766860961914,0.09185855090618134,14.662638664245605,-0.10609102994203568,-0.0006263606483116746,0.0025015922728925943,0,3,-1000,-3,1,1,0.00893184170126915,0.0017078608507290483,-0.127454474568367,0.0005191623931750655,63,3135,0.01992964744567871,12.312,28.74,88,6,10,1.21,831,0.00028029095847159624,0.0003327425802126527,0.011268673464655876,1500,1500,1000,1500,1800,1000,1000,1800
1784658590.0772,11.5601,0.02000,50.00,579,106080,0.060,GUIDED,GUIDED,128,10.037356853485107,0.08246792107820511,14.665932655334473,0.0,0.0,0.0,nan,nan,nan,nan,nan,nan,nan,nan,nan,nan,0.08248198512077565,-0.008382680789464452,-0.00091208255231842,-0.1273989975452423,0,10.135209083557129,0.09190017729997635,14.662660598754883,-0.10411600768566132,-0.0006059726583771408,0.002415713854134083,0,3,-1000,-1,3,1,0.008864142931997776,0.001736042439006269,-0.12745319306850433,0.0004707913030870259,63,3135,0.019927263259887695,12.312,28.74,88,6,10,1.21,831,0.00028029095847159624,0.0003327425802126527,0.011268673464655876,1500,1500,1000,1500,1800,1000,1000,1800
1784658590.0976,11.5800,0.02036,49.13,580,106100,0.080,GUIDED,GUIDED,128,10.037356853485107,0.08246792107820511,14.665932655334473,0.0,0.0,0.0,nan,nan,nan,nan,nan,nan,nan,nan,nan,nan,0.08222857907827175,-0.00856077106053815,-0.0007516098407577198,-0.1273989975452423,0,10.132462501525879,0.09198994934558868,14.662651062011719,-0.10238396376371384,-0.0005549821071326733,0.002328570932149887,0,3,-1000,-4,0,1,0.008742623962461948,0.001731973490677774,-0.12745334208011627,0.00045481178676709533,63,3135,0.019913434982299805,12.312,28.76,88,6,10,1.21,831,0.003985548857599497,0.00034929561661556363,0.011073685251176357,1500,1500,1000,1500,1800,1000,1000,1800
1784658590.1172,11.6001,0.01965,50.89,581,106120,0.100,GUIDED,GUIDED,128,10.037356853485107,0.08246792107820511,14.665932655334473,0.0,0.0,0.0,nan,nan,nan,nan,nan,nan,nan,nan,nan,nan,0.08186981612917789,-0.008770062954542511,-0.0006440513039183918,-0.1273989975452423,0,10.129800796508789,0.09207189083099365,14.66264533996582,-0.10064009577035904,-0.0004814563144464046,0.0022697756066918373,0,3,-1000,0,3,1,0.008690797723829746,0.001759183593094349,-0.12745822966098785,0.00039276311872527003,63,3135,0.019577741622924805,12.312,28.76,88,6,10,1.21,831,0.003985548857599497,0.00034929561661556363,0.011073685251176357,1500,1500,1000,1500,1800,1000,1000,1800
1784658590.1372,11.6201,0.02000,50.01,582,106140,0.120,GUIDED,GUIDED,128,10.037356853485107,0.08246792107820511,14.665932655334473,0.0,0.0,0.0,nan,nan,nan,nan,nan,nan,nan,nan,nan,nan,0.08084498017207813,-0.008854376914466847,-0.0005836723141722021,-0.1273989975452423,0,10.127510070800781,0.09210566431283951,14.662666320800781,-0.09872585535049438,-0.00045227675582282245,0.0022228024899959564,0,2,-1000,-4,0,1,0.008567729964852333,0.0017562832217663527,-0.12746113538742065,0.00043406046461313963,63,3135,0.019924640655517578,12.312,28.76,88,6,10,1.21,831,0.003985548857599497,0.00034929561661556363,0.011073685251176357,1500,1500,1000,1500,1800,1000,1000,1800
1784658590.1572,11.6401,0.02000,50.00,583,106160,0.140,GUIDED,GUIDED,128,10.037356853485107,0.08246792107820511,14.665932655334473,0.0,0.0,0.0,nan,nan,nan,nan,nan,nan,nan,nan,nan,nan,0.08036631853798003,-0.008958277665339952,-0.0004969994177564559,-0.1273989975452423,0,10.124992370605469,0.09217696636915207,14.662665367126465,-0.09699590504169464,-0.0004334558907430619,0.002173312474042177,0,2,-1000,0,3,1,0.00852938462048769,0.0017845751717686653,-0.12746329605579376,0.000432640197686851,63,3135,0.019932031631469727,12.312,28.76,88,6,10,1.21,831,0.003985548857599497,0.00034929561661556363,0.011073685251176357,1500,1500,1000,1500,1800,1000,1000,1800
1784658590.1772,11.6601,0.02000,49.99,584,106180,0.160,GUIDED,GUIDED,128,10.037356853485107,0.08246792107820511,14.665932655334473,0.0,0.0,0.0,nan,nan,nan,nan,nan,nan,nan,nan,nan,nan,0.07922214051204306,-0.008954201405981806,-0.00040069505217677154,-0.1273989975452423,0,10.122808456420898,0.09220544993877411,14.662687301635742,-0.09507443010807037,-0.0004522543167695403,0.0021050472278147936,0,2,-1000,-3,0,1,0.008421974256634712,0.0017808530246838927,-0.1274651139974594,0.0004165919963270426,63,3135,0.019932985305786133,12.312,28.76,88,6,10,1.21,831,0.003985548857599497,0.00034929561661556363,0.011073685251176357,1500,1500,1000,1500,1800,1000,1000,1800
1784658590.1972,11.6801,0.02000,50.00,585,106200,0.180,GUIDED,GUIDED,128,10.037356853485107,0.08246792107820511,14.665932655334473,0.0,0.0,0.0,nan,nan,nan,nan,nan,nan,nan,nan,nan,nan,0.07861653172906526,-0.009013507336525464,-0.00026331019322158034,-0.1273989975452423,0,10.120423316955566,0.09226606041193008,14.662683486938477,-0.09334772080183029,-0.0004530074947979301,0.002027930459007621,0,2,-1000,0,3,1,0.008411386050283909,0.001822692109271884,-0.1274677813053131,0.00041111523751169443,63,3135,0.019929170608520508,12.312,28.76,88,6,10,1.21,831,0.003985548857599497,0.00034929561661556363,0.011073685251176357,1500,1500,1000,1500,1800,1000,1000,1800
1784658590.2172,11.7001,0.01999,50.02,586,106222,0.200,GUIDED,GUIDED,128,10.037356853485107,0.08246792107820511,14.665932655334473,0.0,0.0,0.0,nan,nan,nan,nan,nan,nan,nan,nan,nan,nan,0.07859237002847992,-0.00933451049228345,-0.0001280952466896101,-0.1273989975452423,0,10.11745834350586,0.09241405129432678,14.662670135498047,-0.09162194281816483,-0.000353118812199682,0.0019575725309550762,0,2,-1000,-3,0,1,0.008298308588564396,0.0018101695459336042,-0.12747310101985931,0.00043841428123414516,63,3135,0.019922733306884766,12.312,28.76,88,6,10,1.21,831,0.003985548857599497,0.00034929561661556363,0.011073685251176357,1500,1500,1000,1500,1800,1000,1000,1800
1784658590.2372,11.7201,0.02001,49.99,587,106242,0.220,GUIDED,GUIDED,128,10.037356853485107,0.08246792107820511,14.665932655334473,0.0,0.0,0.0,nan,nan,nan,nan,nan,nan,nan,nan,nan,nan,0.07773351731829696,-0.009377467239312485,-3.3469070161493315e-05,-0.1273989975452423,0,10.115226745605469,0.09248077124357224,14.662681579589844,-0.08983767032623291,-0.00036683850339613855,0.0018963328329846263,0,2,-1000,0,2,1,0.008273559622466564,0.0018328038277104497,-0.12747597694396973,0.0004072992014698684,63,3135,0.019935131072998047,12.312,28.76,88,6,10,1.21,831,0.003985548857599497,0.00034929561661556363,0.011073685251176357,1500,1500,1000,1500,1800,1000,1000,1800
1784658590.2572,11.7401,0.02000,50.01,588,106262,0.240,GUIDED,GUIDED,128,10.037356853485107,0.08246792107820511,14.665932655334473,0.0,0.0,0.0,nan,nan,nan,nan,nan,nan,nan,nan,nan,nan,0.07775326095653869,-0.00963027803240709,6.169715850267094e-05,-0.1273989975452423,0,10.112658500671387,0.09261313825845718,14.66266918182373,-0.08836629241704941,-0.0002973002556245774,0.0018485464388504624,0,2,-1000,-2,0,1,0.008170579560101032,0.0018252033041790128,-0.1274760514497757,0.0004772591055370867,63,3135,0.01992654800415039,12.312,28.76,88,6,10,1.21,831,0.003985548857599497,0.00034929561661556363,0.011073685251176357,1500,1500,1000,1500,1800,1000,1000,1800
1784658590.2772,11.7601,0.02000,49.99,589,106282,0.260,GUIDED,GUIDED,128,10.037356853485107,0.08246792107820511,14.665932655334473,0.0,0.0,0.0,nan,nan,nan,nan,nan,nan,nan,nan,nan,nan,0.07760461805534725,-0.009798103244326397,0.00010682528830217256,-0.1273989975452423,0,10.110182762145996,0.09273424744606018,14.662656784057617,-0.086851105093956,-0.00027032874641008675,0.001829649554565549,0,2,-1001,0,3,1,0.008134775795042515,0.0018643431831151247,-0.12747465074062347,0.0004886907408945262,63,3135,0.019932270050048828,12.312,28.76,88,6,10,1.21,831,0.003985548857599497,0.00034929561661556363,0.011073685251176357,1500,1500,1000,1500,1800,1000,1000,1800
1784658590.2972,11.7801,0.02000,50.00,590,106302,0.280,GUIDED,GUIDED,128,10.037356853485107,0.08246792107820511,14.665932655334473,0.0,0.0,0.0,nan,nan,nan,nan,nan,nan,nan,nan,nan,nan,0.07666565829284298,-0.009766555840590354,0.00015424220486293496,-0.1273989975452423,0,10.108119010925293,0.0927882269024849,14.66266918182373,-0.08511748909950256,-0.0003197077021468431,0.0017951155314221978,0,2,-1001,0,0,1,0.008065233938395977,0.0018436078680679202,-0.12747646868228912,0.0004899059422314167,63,3135,0.0199282169342041,12.312,28.76,88,6,10,1.21,831,0.003985548857599497,0.00034929561661556363,0.011073685251176357,1500,1500,1000,1500,1800,1000,1000,1800
1784658590.3172,11.8001,0.02000,50.01,591,106322,0.300,GUIDED,GUIDED,128,10.037356853485107,0.08246792107820511,14.665932655334473,0.0,0.0,0.0,nan,nan,nan,nan,nan,nan,nan,nan,nan,nan,0.07633968401867565,-0.00990837637526461,0.00024610898130521036,-0.1273989975452423,0,10.105782508850098,0.09289462864398956,14.66265869140625,-0.08358030766248703,-0.000299258652376011,0.0017481328686699271,0,2,-1001,-2,3,1,0.007999850437045097,0.0018789381720125675,-0.12748193740844727,0.0004043856752105057,63,3135,0.0199277400970459,12.312,28.76,88,6,10,1.21,831,0.003985548857599497,0.00034929561661556363,0.011073685251176357,1500,1500,1000,1500,1800,1000,1000,1800
1784658590.3372,11.8201,0.02000,49.99,592,106342,0.320,GUIDED,GUIDED,128,10.037356853485107,0.08246792107820511,14.665932655334473,0.0,0.0,0.0,nan,nan,nan,nan,nan,nan,nan,nan,nan,nan,0.07535080480716634,-0.00989964275807235,0.00026676789783860533,-0.1273989975452423,0,10.103821754455566,0.09294087439775467,14.66267204284668,-0.08187733590602875,-0.00033100100699812174,0.0017284969799220562,0,2,-1001,-1,0,1,0.007935315370559692,0.0018581609474495053,-0.12748435139656067,0.0005256260628812015,63,3135,0.019933700561523438,12.312,28.76,88,6,10,1.21,831,0.003985548857599497,0.00034929561661556363,0.011073685251176357,1500,1500,1000,1500,1800,1000,1000,1800
1784658590.3576,11.8400,0.02037,49.10,593,106362,0.340,GUIDED,GUIDED,128,10.037356853485107,0.08246792107820511,14.665932655334473,0.0,0.0,0.0,nan,nan,nan,nan,nan,nan,nan,nan,nan,nan,0.07485115249364462,-0.010027689555090924,0.000361244209756252,-0.1273989975452423,0,10.101625442504883,0.09303318709135056,14.662666320800781,-0.0803208202123642,-0.0003103699127677828,0.001677254680544138,0,2,-1001,-2,3,1,0.007859183475375175,0.0018927446799352765,-0.12748639285564423,0.0004831055994145572,63,3135,0.020310163497924805,12.312,28.74,88,6,10,1.21,831,0.0038936203345656395,0.00035693836980499327,0.010705845430493355,1500,1500,1000,1500,1800,1000,1000,1800
1784658590.3772,11.8601,0.01963,50.94,594,106382,0.360,GUIDED,GUIDED,128,10.037356853485107,0.08246792107820511,14.665932655334473,0.0,0.0,0.0,nan,nan,nan,nan,nan,nan,nan,nan,nan,nan,0.07428553262154207,-0.010068497504409033,0.0004111105675244451,-0.1273989975452423,0,10.099507331848145,0.09311598539352417,14.6626615524292,-0.07877136766910553,-0.0003346130542922765,0.0016512173460796475,0,2,-1001,0,0,1,0.007818713784217834,0.0018723859684541821,-0.12748821079730988,0.0004407679080031812,63,3135,0.019559144973754883,12.312,28.74,88,6,10,1.21,831,0.0038936203345656395,0.00035693836980499327,0.010705845430493355,1500,1500,1000,1500,1800,1000,1000,1800
1784658590.3972,11.8801,0.01996,50.09,595,106402,0.380,GUIDED,GUIDED,128,10.037356853485107,0.08246792107820511,14.665932655334473,0.0,0.0,0.0,nan,nan,nan,nan,nan,nan,nan,nan,nan,nan,0.07313864295064922,-0.009947694890635494,0.00043940360217634535,-0.1273989975452423,0,10.097697257995605,0.09315063804388046,14.662673950195312,-0.0770641639828682,-0.0004243651928845793,0.0016277245013043284,0,2,-1001,-2,3,1,0.0077508301474153996,0.0019087918335571885,-0.12748996913433075,0.0005235400167293847,63,3135,0.019907236099243164,12.312,28.74,88,6,10,1.21,831,0.0038936203345656395,0.00035693836980499327,0.010705845430493355,1500,1500,1000,1500,1800,1000,1000,1800
1784658590.4172,11.9000,0.01996,50.09,596,106422,0.400,GUIDED,GUIDED,128,10.037356853485107,0.08246792107820511,14.665932655334473,0.0,0.0,0.0,nan,nan,nan,nan,nan,nan,nan,nan,nan,nan,0.07344147231982294,-0.01022753729414658,0.0005287404577697971,-0.1273989975452423,0,10.09524917602539,0.09332134574651718,14.662647247314453,-0.07582560181617737,-0.0003613562439568341,0.0015915627591311932,0,2,-1001,1,0,1,0.007741428446024656,0.0018863561563193798,-0.12749306857585907,0.0005659834714606404,63,3135,0.019915103912353516,12.312,28.74,88,6,10,1.21,831,0.0038936203345656395,0.00035693836980499327,0.010705845430493355,1500,1500,1000,1500,1800,1000,1000,1800
1784658590.4372,11.9201,0.02004,49.90,597,106442,0.420,GUIDED,GUIDED,128,10.037356853485107,0.08246792107820511,14.665932655334473,0.0,0.0,0.0,nan,nan,nan,nan,nan,nan,nan,nan,nan,nan,0.07267051459531747,-0.01025215446674234,0.0006065773543152092,-0.1273989975452423,0,10.093316078186035,0.09339780360460281,14.662651062011719,-0.07426441460847855,-0.00039128647767938673,0.0015444211894646287,0,2,-1000,-3,3,1,0.0076288459822535515,0.0019187747966498137,-0.12749473750591278,0.000522898742929101,63,3135,0.019979000091552734,12.312,28.74,88,6,10,1.21,831,0.0038936203345656395,0.00035693836980499327,0.010705845430493355,1500,1500,1000,1500,1800,1000,1000,1800
1784658590.4572,11.9401,0.02004,49.91,598,106462,0.440,GUIDED,GUIDED,128,10.037356853485107,0.08246792107820511,14.665932655334473,0.0,0.0,0.0,nan,nan,nan,nan,nan,nan,nan,nan,nan,nan,0.07275533905595712,-0.010505957919557584,0.0007048437316656501,-0.1273989975452423,0,10.091028213500977,0.09354887902736664,14.662630081176758,-0.0729924887418747,-0.00033197642187587917,0.0014998003607615829,0,2,-1001,0,0,1,0.007612068206071854,0.001895227236673236,-0.12749506533145905,0.0005644872435368598,63,3135,0.01996588706970215,12.312,28.74,88,6,10,1.21,831,0.0038936203345656395,0.00035693836980499327,0.010705845430493355,1500,1500,1000,1500,1800,1000,1000,1800
1784658590.4773,11.9601,0.02006,49.86,599,106482,0.460,GUIDED,GUIDED,128,10.037356853485107,0.08246792107820511,14.665932655334473,0.0,0.0,0.0,nan,nan,nan,nan,nan,nan,nan,nan,nan,nan,0.07262631470234913,-0.010696794465277415,0.0007766541615924945,-0.1273989975452423,0,10.088833808898926,0.09368754178285599,14.662610054016113,-0.07165105640888214,-0.0003018538700416684,0.0014699032763019204,0,2,-1000,-2,3,1,0.007515097502619028,0.0019278106046840549,-0.12749329209327698,0.0005751985590904951,63,3135,0.019937753677368164,12.312,28.74,88,6,10,1.21,831,0.0038936203345656395,0.00035693836980499327,0.010705845430493355,1500,1500,1000,1500,1800,1000,1000,1800
1784658590.4973,11.9801,0.01999,50.03,600,106502,0.480,GUIDED,GUIDED,128,10.037356853485107,0.08246792107820511,14.665932655334473,0.0,0.0,0.0,nan,nan,nan,nan,nan,nan,nan,nan,nan,nan,0.07171268891940755,-0.010670328485346008,0.0008445352188113349,-0.1273989975452423,0,10.08705997467041,0.09374988824129105,14.662613868713379,-0.07009945064783096,-0.00035312975523993373,0.0014285097131505609,0,2,-1000,0,0,1,0.007485775277018547,0.001903951051644981,-0.12749318778514862,0.0006087286747060716,63,3135,0.019869565963745117,12.312,28.74,88,6,10,1.21,831,0.0038936203345656395,0.00035693836980499327,0.010705845430493355,1500,1500,1000,1500,1800,1000,1000,1800
1784658590.5173,12.0001,0.01997,50.07,601,106522,0.500,GUIDED,GUIDED,128,10.037356853485107,0.08246792107820511,14.665932655334473,0.0,0.0,0.0,nan,nan,nan,nan,nan,nan,nan,nan,nan,nan,0.07148875093028459,-0.010812328954716068,0.0008626153781707965,-0.1273989975452423,0,10.085000991821289,0.09387268871068954,14.662596702575684,-0.06878140568733215,-0.0003420446300879121,0.0014279820024967194,0,2,-1001,0,3,1,0.007421949878334999,0.0019489944679662585,-0.1274963766336441,0.0005576335242949426,63,3135,0.0198819637298584,12.312,28.74,88,6,10,1.21,831,0.0038936203345656395,0.00035693836980499327,0.010705845430493355,1500,1500,1000,1500,1800,1000,1000,1800
1784658590.5372,12.0201,0.01997,50.06,602,106542,0.520,GUIDED,GUIDED,128,10.037356853485107,0.08246792107820511,14.665932655334473,0.0,0.0,0.0,nan,nan,nan,nan,nan,nan,nan,nan,nan,nan,0.07048363426978405,-0.010751930992487202,0.0008945443197100416,-0.1273989975452423,0,10.08332633972168,0.09392595291137695,14.662603378295898,-0.06723424047231674,-0.0004076675104442984,0.0014056935906410217,0,2,-1001,-1,0,1,0.007361887954175472,0.0019069408299401402,-0.1274988204240799,0.0005691827391274273,63,3135,0.019907474517822266,12.312,28.74,88,6,10,1.21,831,0.0038936203345656395,0.00035693836980499327,0.010705845430493355,1500,1500,1000,1500,1800,1000,1000,1800
1784658590.5572,12.0401,0.01997,50.08,603,106562,0.540,GUIDED,GUIDED,128,10.037356853485107,0.08246792107820511,14.665932655334473,0.0,0.0,0.0,nan,nan,nan,nan,nan,nan,nan,nan,nan,nan,0.07008716036854545,-0.010834884725743827,0.0009593028441958903,-0.1273989975452423,0,10.081402778625488,0.09403187781572342,14.662590980529785,-0.06589476764202118,-0.00042092992225661874,0.001375463092699647,0,2,-1001,0,3,1,0.007305249571800232,0.0019502632785588503,-0.12750037014484406,0.0005205644411034882,63,3135,0.0199124813079834,12.312,28.74,88,6,10,1.21,831,0.0038936203345656395,0.00035693836980499327,0.010705845430493355,1500,1500,1000,1500,1800,1000,1000,1800
1784658590.5772,12.0601,0.02001,49.98,604,106582,0.560,GUIDED,GUIDED,128,10.037356853485107,0.08246792107820511,14.665932655334473,0.0,0.0,0.0,nan,nan,nan,nan,nan,nan,nan,nan,nan,nan,0.06957454382828071,-0.010888243038060323,0.0009641196545388197,-0.1273989975452423,0,10.079556465148926,0.0941268801689148,14.662578582763672,-0.06453283876180649,-0.00044497312046587467,0.0013798399595543742,0,2,-1001,-2,0,1,0.007234636694192886,0.001911066472530365,-0.12750081717967987,0.0005521646235138178,63,3135,0.01994013786315918,12.312,28.74,88,6,10,1.21,831,0.0038936203345656395,0.00035693836980499327,0.010705845430493355,1500,1500,1000,1500,1800,1000,1000,1800
1784658590.5976,12.0800,0.02037,49.08,605,106602,0.580,GUIDED,GUIDED,128,10.037356853485107,0.08246792107820511,14.665932655334473,0.0,0.0,0.0,nan,nan,nan,nan,nan,nan,nan,nan,nan,nan,0.06851286132420403,-0.01075299297737069,0.0009479741106615896,-0.1273989975452423,0,10.078022956848145,0.09416629374027252,14.662586212158203,-0.06303450465202332,-0.0005458152154460549,0.0013847567606717348,0,1,-1001,0,3,1,0.007182533387094736,0.0019590978045016527,-0.1275009661912918,0.0006134927389211953,63,3135,0.019940853118896484,12.312,28.76,88,6,10,1.21,831,0.002031592419371009,0.0003598915645852685,0.010224835947155952,1500,1500,1000,1500,1800,1000,1000,1800
1784658590.6172,12.1000,0.01965,50.89,606,106622,0.600,GUIDED,GUIDED,128,10.037356853485107,0.08246792107820511,14.665932655334473,0.0,0.0,0.0,nan,nan,nan,nan,nan,nan,nan,nan,nan,nan,0.06863204202665388,-0.011030135152712794,0.0010212963926392593,-0.1273989975452423,0,10.07597827911377,0.09434477984905243,14.662557601928711,-0.061922818422317505,-0.0004888561088591814,0.0013589422451332211,0,1,-1001,-1,0,1,0.007129966747015715,0.0019335224060341716,-0.1275051236152649,0.0005736968596465886,63,3135,0.019577980041503906,12.312,28.76,88,6,10,1.21,831,0.002031592419371009,0.0003598915645852685,0.010224835947155952,1500,1500,1000,1500,1800,1000,1000,1800
1784658590.6372,12.1201,0.01997,50.08,607,106642,0.620,GUIDED,GUIDED,128,10.037356853485107,0.08246792107820511,14.665932655334473,0.0,0.0,0.0,nan,nan,nan,nan,nan,nan,nan,nan,nan,nan,0.067818703781486,-0.01101135375186275,0.0009876204900131427,-0.1273989975452423,0,10.074380874633789,0.09442336857318878,14.662559509277344,-0.060530975461006165,-0.0005450727767311037,0.0013772838283330202,0,1,-1001,0,2,1,0.007096019107848406,0.001967735355719924,-0.12750615179538727,0.0006368219619616866,63,3135,0.019913434982299805,12.312,28.76,88,6,10,1.21,831,0.002031592419371009,0.0003598915645852685,0.010224835947155952,1500,1500,1000,1500,1800,1000,1000,1800
1784658590.6572,12.1400,0.02004,49.91,608,106662,0.640,GUIDED,GUIDED,128,10.037356853485107,0.08246792107820511,14.665932655334473,0.0,0.0,0.0,nan,nan,nan,nan,nan,nan,nan,nan,nan,nan,0.06774411753480564,-0.011228537208251196,0.0009905164798257216,-0.1273989975452423,0,10.072479248046875,0.09458071738481522,14.662538528442383,-0.05939000844955444,-0.0005105272284708917,0.001387725118547678,0,1,-1001,-2,1,1,0.0070148552767932415,0.0019524007802829146,-0.12750642001628876,0.0006178108160383999,63,3135,0.019963979721069336,12.312,28.76,88,6,10,1.21,831,0.002031592419371009,0.0003598915645852685,0.010224835947155952,1500,1500,1000,1500,1800,1000,1000,1800
1784658590.6772,12.1600,0.02000,50.00,609,106682,0.660,GUIDED,GUIDED,128,10.037356853485107,0.08246792107820511,14.665932655334473,0.0,0.0,0.0,nan,nan,nan,nan,nan,nan,nan,nan,nan,nan,0.06753117300936018,-0.01140473634023854,0.0010938434870670626,-0.1273989975452423,0,10.070659637451172,0.09472464770078659,14.662519454956055,-0.05821651220321655,-0.00049189681885764,0.0013390813255682588,0,1,-1001,0,1,1,0.006997107528150082,0.001956770196557045,-0.12750621140003204,0.0005888938321731985,63,3135,0.019899606704711914,12.312,28.76,88,6,10,1.21,831,0.002031592419371009,0.0003598915645852685,0.010224835947155952,1500,1500,1000,1500,1800,1000,1000,1800
1784658590.6973,12.1800,0.02003,49.92,610,106702,0.680,GUIDED,GUIDED,128,10.037356853485107,0.08246792107820511,14.665932655334473,0.0,0.0,0.0,nan,nan,nan,nan,nan,nan,nan,nan,nan,nan,0.06658118055053486,-0.01129988800376922,0.0011546568171867657,-0.1273989975452423,0,10.069202423095703,0.09478715062141418,14.662521362304688,-0.05682671070098877,-0.0005885171121917665,0.001302869524806738,0,1,-1000,-1,2,1,0.006925079971551895,0.001958689419552684,-0.12750639021396637,0.0006346250302158296,63,3135,0.019972562789916992,12.312,28.76,88,6,10,1.21,831,0.002031592419371009,0.0003598915645852685,0.010224835947155952,1500,1500,1000,1500,1800,1000,1000,1800
1784658590.7172,12.2000,0.01994,50.14,611,106722,0.700,GUIDED,GUIDED,128,10.037356853485107,0.08246792107820511,14.665932655334473,0.0,0.0,0.0,nan,nan,nan,nan,nan,nan,nan,nan,nan,nan,0.0662196090003821,-0.011432284864489928,0.0012277633095062407,-0.1273989975452423,0,10.067501068115234,0.09491357952356339,14.662503242492676,-0.05563567951321602,-0.0005850715097039938,0.001271122950129211,0,1,-1001,0,0,1,0.006910175085067749,0.0019451191183179617,-0.12751048803329468,0.0006157438037917018,63,3135,0.019878625869750977,12.312,28.76,88,6,10,1.21,831,0.002031592419371009,0.0003598915645852685,0.010224835947155952,1500,1500,1000,1500,1800,1000,1000,1800
1784658590.7372,12.2201,0.02003,49.92,612,106742,0.720,GUIDED,GUIDED,128,10.037356853485107,0.08246792107820511,14.665932655334473,0.0,0.0,0.0,nan,nan,nan,nan,nan,nan,nan,nan,nan,nan,0.06517975049477429,-0.011282568351349397,0.0011614412038365041,-0.1273989975452423,0,10.066132545471191,0.09496568143367767,14.662508964538574,-0.054245200008153915,-0.0007015914306975901,0.001306110410951078,0,1,-1001,-2,2,1,0.006830613128840923,0.001962619135156274,-0.12751272320747375,0.0006203236989676952,63,3135,0.019959688186645508,12.312,28.76,88,6,10,1.21,831,0.002031592419371009,0.0003598915645852685,0.010224835947155952,1500,1500,1000,1500,1800,1000,1000,1800
1784658590.7572,12.2400,0.01994,50.15,613,106762,0.740,GUIDED,GUIDED,128,10.037356853485107,0.08246792107820511,14.665932655334473,0.0,0.0,0.0,nan,nan,nan,nan,nan,nan,nan,nan,nan,nan,0.06466254846125613,-0.011308057309713052,0.0011281512646874091,-0.1273989975452423,0,10.064552307128906,0.09507312625646591,14.662497520446777,-0.05303424224257469,-0.0007489086710847914,0.0013319376157596707,0,1,-1001,1,0,1,0.006826813332736492,0.0019365338375791907,-0.12751410901546478,0.0006184621597640216,63,3135,0.01989150047302246,12.312,28.76,88,6,10,1.21,831,0.002031592419371009,0.0003598915645852685,0.010224835947155952,1500,1500,1000,1500,1800,1000,1000,1800
1784658590.7772,12.2601,0.02002,49.96,614,106782,0.760,GUIDED,GUIDED,128,10.037356853485107,0.08246792107820511,14.665932655334473,0.0,0.0,0.0,nan,nan,nan,nan,nan,nan,nan,nan,nan,nan,0.06407718644324814,-0.011326927854769997,0.001116358765473086,-0.1273989975452423,0,10.063041687011719,0.09516867995262146,14.662492752075195,-0.05182412639260292,-0.0007931817090138793,0.0013414990389719605,0,1,-1001,-2,2,1,0.006747706327587366,0.0019539629574865103,-0.1275131106376648,0.00064662512158975,63,3135,0.019959211349487305,12.312,28.76,88,6,10,1.21,831,0.002031592419371009,0.0003598915645852685,0.010224835947155952,1500,1500,1000,1500,1800,1000,1000,1800
1784658590.7972,12.2801,0.02003,49.91,615,106802,0.780,GUIDED,GUIDED,128,10.037356853485107,0.08246792107820511,14.665932655334473,0.0,0.0,0.0,nan,nan,nan,nan,nan,nan,nan,nan,nan,nan,0.06293599945238271,-0.011194841013965352,0.001052291523374146,-0.1273989975452423,0,10.061798095703125,0.09520498663187027,14.662506103515625,-0.05044727399945259,-0.0008904037531465292,0.0013707798207178712,0,1,-1001,1,0,1,0.006742850877344608,0.001928826211951673,-0.1275152713060379,0.0006012094090692699,63,3135,0.019964218139648438,12.312,28.76,88,6,10,1.21,831,0.002031592419371009,0.0003598915645852685,0.010224835947155952,1500,1500,1000,1500,1800,1000,1000,1800
1784658590.8172,12.3001,0.01996,50.09,616,106822,0.800,GUIDED,GUIDED,128,10.037356853485107,0.08246792107820511,14.665932655334473,0.0,0.0,0.0,nan,nan,nan,nan,nan,nan,nan,nan,nan,nan,0.0630714943902326,-0.0114493532047557,0.001075733892067352,-0.1273989975452423,0,10.059981346130371,0.09538402408361435,14.662489891052246,-0.04947660118341446,-0.0008468283922411501,0.0013666056329384446,0,1,-1001,-2,3,1,0.006644114386290312,0.0019600887317210436,-0.12751886248588562,0.000639959005638957,63,3135,0.01990675926208496,12.312,28.76,88,6,10,1.21,831,0.002031592419371009,0.0003598915645852685,0.010224835947155952,1500,1500,1000,1500,1800,1000,1000,1800
1784658590.8372,12.3201,0.02004,49.90,617,106842,0.820,GUIDED,GUIDED,128,10.037356853485107,0.08246792107820511,14.665932655334473,0.0,0.0,0.0,nan,nan,nan,nan,nan,nan,nan,nan,nan,nan,0.06227641761547516,-0.011450693540719911,0.001075573544631492,-0.1273989975452423,0,10.05862045288086,0.09545926749706268,14.662497520446777,-0.04823185130953789,-0.0008894963539205492,0.0013622933765873313,0,1,-1001,0,0,1,0.006632342003285885,0.0019215772626921535,-0.1275218427181244,0.0006314578931778669,63,3135,0.019971609115600586,12.312,28.76,88,6,10,1.21,831,0.002031592419371009,0.0003598915645852685,0.010224835947155952,1500,1500,1000,1500,1800,1000,1000,1800
1784658590.8576,12.3400,0.02036,49.12,618,106862,0.840,GUIDED,GUIDED,128,10.037356853485107,0.08246792107820511,14.665932655334473,0.0,0.0,0.0,nan,nan,nan,nan,nan,nan,nan,nan,nan,nan,0.062168091839488945,-0.011686563469513403,0.0010986033795507629,-0.1273989975452423,0,10.056944847106934,0.09561681002378464,14.662487030029297,-0.04720189794898033,-0.0008442740072496235,0.0013550537405535579,0,1,-1001,-1,2,1,0.006549995858222246,0.0019472056301310658,-0.12752170860767365,0.0006762834382243454,63,3135,0.020306110382080078,12.312,28.76,88,6,10,1.21,831,0.004731407854706049,0.00022639805683866143,0.010082141496241093,1500,1500,1000,1500,1800,1000,1000,1800
1784658590.8772,12.3600,0.01958,51.07,619,106882,0.860,GUIDED,GUIDED,128,10.037356853485107,0.08246792107820511,14.665932655334473,0.0,0.0,0.0,nan,nan,nan,nan,nan,nan,nan,nan,nan,nan,0.062047617422595264,-0.011848086145848848,0.0010813395852492633,-0.1273989975452423,0,10.055390357971191,0.09576110541820526,14.662481307983398,-0.0462348572909832,-0.0008343278313986957,0.0013683246215805411,0,1,-1001,0,0,1,0.0065182773396372795,0.001899982220493257,-0.1275227963924408,0.000641358143184334,63,3135,0.0195310115814209,12.312,28.76,88,6,10,1.21,831,0.004731407854706049,0.00022639805683866143,0.010082141496241093,1500,1500,1000,1500,1800,1000,1000,1800
1784658590.8972,12.3801,0.02007,49.83,620,106902,0.880,GUIDED,GUIDED,128,10.037356853485107,0.08246792107820511,14.665932655334473,0.0,0.0,0.0,nan,nan,nan,nan,nan,nan,nan,nan,nan,nan,0.061152483176133185,-0.011760319833782623,0.0010718082324486194,-0.1273989975452423,0,10.054163932800293,0.09582021087408066,14.662495613098145,-0.045009974390268326,-0.0009191242861561477,0.0013655684888362885,0,1,-1001,0,2,1,0.00646014092490077,0.0019318154081702232,-0.1275247484445572,0.0006153638241812587,63,3135,0.019996166229248047,12.312,28.76,88,6,10,1.21,831,0.004731407854706049,0.00022639805683866143,0.010082141496241093,1500,1500,1000,1500,1800,1000,1000,1800
1784658590.9172,12.4001,0.01996,50.11,621,106922,0.900,GUIDED,GUIDED,128,10.037356853485107,0.08246792107820511,14.665932655334473,0.0,0.0,0.0,nan,nan,nan,nan,nan,nan,nan,nan,nan,nan,0.060855023955966606,-0.01190022724551432,0.0011153610105068905,-0.1273989975452423,0,10.052684783935547,0.09594636410474777,14.662497520446777,-0.043984249234199524,-0.0009111833060160279,0.0013393220724537969,0,1,-1001,-2,0,1,0.0063935816287994385,0.0018904550233855844,-0.12753120064735413,0.0005647747311741114,63,3135,0.01989912986755371,12.312,28.76,88,6,10,1.21,831,0.004731407854706049,0.00022639805683866143,0.010082141496241093,1500,1500,1000,1500,1800,1000,1000,1800
1784658590.9372,12.4201,0.02004,49.91,622,106942,0.920,GUIDED,GUIDED,128,10.037356853485107,0.08246792107820511,14.665932655334473,0.0,0.0,0.0,nan,nan,nan,nan,nan,nan,nan,nan,nan,nan,0.05985632400849013,-0.011788522592737195,0.0010301150092841002,-0.1273989975452423,0,10.051541328430176,0.09599507600069046,14.662513732910156,-0.04274747520685196,-0.0010037998436018825,0.0013791786041110754,0,1,-1001,0,3,1,0.00635799765586853,0.0019305452005937696,-0.12753452360630035,0.0005965972086414695,63,3135,0.019965171813964844,12.312,28.76,88,6,10,1.21,831,0.004731407854706049,0.00022639805683866143,0.010082141496241093,1500,1500,1000,1500,1800,1000,1000,1800
1784658590.9572,12.4400,0.01996,50.11,623,106962,0.940,GUIDED,GUIDED,128,10.037356853485107,0.08246792107820511,14.665932655334473,0.0,0.0,0.0,nan,nan,nan,nan,nan,nan,nan,nan,nan,nan,0.05935724426754632,-0.011819370281027778,0.0010293125789508644,-0.1273989975452423,0,10.050180435180664,0.09610235691070557,14.662520408630371,-0.04167361930012703,-0.0010479285847395658,0.0013757876586169004,0,1,-1001,-3,0,1,0.006267585325986147,0.0018916184781119227,-0.12753698229789734,0.000611624913290143,63,3135,0.019895553588867188,12.312,28.76,88,6,10,1.21,831,0.004731407854706049,0.00022639805683866143,0.010082141496241093,1500,1500,1000,1500,1800,1000,1000,1800
1784658590.9772,12.4600,0.01998,50.05,624,106982,0.960,GUIDED,GUIDED,128,10.037356853485107,0.08246792107820511,14.665932655334473,0.0,0.0,0.0,nan,nan,nan,nan,nan,nan,nan,nan,nan,nan,0.05883532102517175,-0.011825148493415955,0.0010266356049925154,-0.1273989975452423,0,10.048885345458984,0.09619740396738052,14.662530899047852,-0.04062456637620926,-0.0010994679760187864,0.0013712765648961067,0,1,-1001,1,2,1,0.006257973611354828,0.0019244481809437275,-0.1275385320186615,0.0005695473519153893,63,3135,0.01993083953857422,12.312,28.76,88,6,10,1.21,831,0.004731407854706049,0.00022639805683866143,0.010082141496241093,1500,1500,1000,1500,1800,1000,1000,1800
1784658590.9972,12.4800,0.02001,49.99,625,107002,0.980,GUIDED,GUIDED,128,10.037356853485107,0.08246792107820511,14.665932655334473,0.0,0.0,0.0,nan,nan,nan,nan,nan,nan,nan,nan,nan,nan,0.057785341292146256,-0.011710941548988713,0.0009815179843961764,-0.1273989975452423,0,10.047860145568848,0.09623061865568161,14.662551879882812,-0.03942646086215973,-0.0011845818953588605,0.0013852119445800781,0,1,-1001,-3,0,1,0.006154906935989857,0.001886660698801279,-0.12753939628601074,0.000680987723171711,63,3135,0.019956350326538086,12.312,28.76,88,6,10,1.21,831,0.004731407854706049,0.00022639805683866143,0.010082141496241093,1500,1500,1000,1500,1800,1000,1000,1800
