wall_time,cur_time,cur_loop_dt,cur_ctrl_freq,loop_count,fc_time_boot_ms,hb_age_s,sent_mode,echoed_mode,armed,drone_px_ref,drone_py_ref,drone_pz_ref,drone_vx_ref,drone_vy_ref,drone_vz_ref,payload_px_ref,payload_py_ref,payload_pz_ref,payload_vx_ref,payload_vy_ref,payload_vz_ref,payload_alpha_x,payload_alpha_y,payload_alphadot_x,payload_alphadot_y,ux,uy,uz,yaw_ref,yaw_rate_ref,drone_px_meas,drone_py_meas,drone_pz_meas,drone_vx_meas,drone_vy_meas,drone_vz_meas,drone_ax_meas,drone_ay_meas,drone_az_meas,drone_gyrox_meas,drone_gyroy_meas,drone_gyroz_meas,drone_roll,drone_pitch,drone_yaw,drone_yaw_rate,sent_setpoint_bitmask,echoed_setpoint_bitmask,setpoint_bitmask_callback_dt,batt_voltage,batt_current,batt_rem_percent,GPS_fix_type,sat_count,HDOP,ekf_flags,ekf_pos_horiz_var,ekf_pos_vert_var,ekf_vel_var,ch1,ch2,ch3,ch4,ch5,ch6,ch7,ch8
1784593133.3734,0.0000,nan,nan,1,566829,0.000,GUIDED,GUIDED,128,-0.03743442893028259,0.04053312540054321,15.009000778198242,0.0,0.0,0.0,nan,nan,nan,nan,nan,nan,nan,nan,nan,nan,0.019013793569255727,-0.02785026129936498,-0.0014875121823192136,0,0,-0.036750905215740204,0.04028720036149025,15.008966445922852,-0.011372251436114311,0.016221340745687485,0.0008786373073235154,0,0,-1001,-3,0,0,-0.0005511788185685873,-0.0007690603961236775,-0.13148726522922516,-0.0006276554195210338,63,3576,nan,nan,nan,nan,nan,nan,nan,831,0.006854648236185312,0.0003154305159114301,0.007299208082258701,nan,nan,nan,nan,nan,nan,nan,nan
1784593133.3937,0.0201,0.02031,49.23,2,566849,0.000,GUIDED,GUIDED,128,-0.03743442893028259,0.04053312540054321,15.009000778198242,0.0,0.0,0.0,nan,nan,nan,nan,nan,nan,nan,nan,nan,nan,0.01913132870565517,-0.027959964671435664,-0.0015434119379692643,0,0,-0.03667909651994705,0.0403754785656929,15.008968353271484,-0.011481569148600101,0.016233710572123528,0.0009098098380491138,0,0,-1001,0,2,0,-0.0005722376517951488,-0.0007230776827782393,-0.13148751854896545,-0.0005179190775379539,63,3135,0.01995849609375,nan,nan,nan,nan,nan,nan,831,0.006854648236185312,0.0003154305159114301,0.007299208082258701,nan,nan,nan,nan,nan,nan,nan,nan
1784593133.4134,0.0401,0.01973,50.67,3,566869,0.000,GUIDED,GUIDED,128,-0.03743442893028259,0.04053312540054321,15.009000778198242,0.0,0.0,0.0,nan,nan,nan,nan,nan,nan,nan,nan,nan,nan,0.018667671324413822,-0.027689337854826933,-0.0015106384559991418,0,0,-0.03634466603398323,0.040258634835481644,15.008956909179688,-0.011406959965825081,0.016144923865795135,0.0008974953088909388,0,0,-1001,-2,0,0,-0.0006295942584984004,-0.0007409272948279977,-0.13148948550224304,-0.000489403959363699,63,3135,0.019669055938720703,nan,nan,nan,nan,nan,nan,831,0.006854648236185312,0.0003154305159114301,0.007299208082258701,1500,1500,1000,1500,1800,1000,1000,1800
1784593133.4334,0.0601,0.02002,49.95,4,566889,0.000,GUIDED,GUIDED,128,-0.03743442893028259,0.04053312540054321,15.009000778198242,0.0,0.0,0.0,nan,nan,nan,nan,nan,nan,nan,nan,nan,nan,0.018290338223467213,-0.027469641892644774,-0.0014773003748347342,0,0,-0.03605445474386215,0.04017987847328186,15.008938789367676,-0.011356660164892673,0.016063552349805832,0.0008887090370990336,0,0,-1000,2,6,0,-0.0005813695606775582,-0.0006058949511498213,-0.13148881494998932,-0.000372032867744565,63,3135,0.019938945770263672,nan,nan,nan,nan,nan,nan,831,0.006854648236185312,0.0003154305159114301,0.007299208082258701,1500,1500,1000,1500,1800,1000,1000,1800
1784593133.4534,0.0801,0.01999,50.02,5,566909,0.000,GUIDED,GUIDED,128,-0.03743442893028259,0.04053312540054321,15.009000778198242,0.0,0.0,0.0,nan,nan,nan,nan,nan,nan,nan,nan,nan,nan,0.018456958078030192,-0.027595699151491862,-0.0013847424236903307,0,0,-0.03603849932551384,0.04031383991241455,15.008938789367676,-0.011462070047855377,0.016058988869190216,0.000835270679090172,0,0,-1000,4,10,2,-0.0005096308304928243,-0.0004089002904947847,-0.1314484179019928,0.0010948727140203118,63,3135,0.019913673400878906,nan,nan,nan,nan,nan,nan,831,0.006854648236185312,0.0003154305159114301,0.007299208082258701,1500,1500,1000,1500,1800,1000,1000,1800
1784593133.4735,0.1001,0.02005,49.86,6,566929,0.000,GUIDED,GUIDED,128,-0.03743442893028259,0.04053312540054321,15.009000778198242,0.0,0.0,0.0,nan,nan,nan,nan,nan,nan,nan,nan,nan,nan,0.018187058040831507,-0.027358086675065407,-0.001269982707978985,0,0,-0.03581032529473305,0.04028544947504997,15.008923530578613,-0.011437979526817799,0.01593819446861744,0.0007778237923048437,0,0,-1000,5,11,6,-0.00039344991091638803,-0.000179379727342166,-0.13131408393383026,0.0055335215292871,63,3135,0.01996326446533203,nan,nan,nan,nan,nan,nan,831,0.006854648236185312,0.0003154305159114301,0.007299208082258701,1500,1500,1000,1500,1800,1000,1000,1800
1784593133.4934,0.1201,0.01996,50.10,7,566949,0.000,GUIDED,GUIDED,128,-0.03743442893028259,0.04053312540054321,15.009000778198242,0.0,0.0,0.0,nan,nan,nan,nan,nan,nan,nan,nan,nan,nan,0.018319806906551016,-0.027344045992734062,-0.0011484009899366287,0,0,-0.035826198756694794,0.04044170677661896,15.008923530578613,-0.011505457572638988,0.015839872881770134,0.0007076285546645522,0,0,-1000,7,15,15,-0.0002482274721842259,0.00012039131979690865,-0.13099972903728485,0.014198769815266132,63,3135,0.019869565963745117,nan,nan,nan,nan,nan,nan,831,0.006854648236185312,0.0003154305159114301,0.007299208082258701,1500,1500,1000,1500,1800,1000,1000,1800
1784593133.5134,0.1401,0.01999,50.03,8,566969,0.000,GUIDED,GUIDED,128,-0.03743442893028259,0.04053312540054321,15.009000778198242,0.0,0.0,0.0,nan,nan,nan,nan,nan,nan,nan,nan,nan,nan,0.018007229546412637,-0.02699307907446956,-0.0010938119085138372,0,0,-0.035656772553920746,0.04045683890581131,15.008910179138184,-0.011422809213399887,0.015628505498170853,0.0006838199915364385,0,0,-1001,7,14,29,-0.00011628695210674778,0.00039769624709151685,-0.13038897514343262,0.028582070022821426,63,3135,0.019921064376831055,nan,nan,nan,nan,nan,nan,831,0.006854648236185312,0.0003154305159114301,0.007299208082258701,1500,1500,1000,1500,1800,1000,1000,1800
1784593133.5334,0.1601,0.01998,50.04,9,566989,0.000,GUIDED,GUIDED,128,-0.03743442893028259,0.04053312540054321,15.009000778198242,0.0,0.0,0.0,nan,nan,nan,nan,nan,nan,nan,nan,nan,nan,0.017715618961056223,-0.026641510982374824,-0.0011260288350254364,0,0,-0.03551850467920303,0.040496308356523514,15.008898735046387,-0.011334276758134365,0.015402739867568016,0.0007090276922099292,0,0,-1001,8,13,50,3.9018719689920545e-05,0.0006614768644794822,-0.12935742735862732,0.04921889677643776,63,3135,0.019916296005249023,nan,nan,nan,nan,nan,nan,831,0.006854648236185312,0.0003154305159114301,0.007299208082258701,1500,1500,1000,1500,1800,1000,1000,1800
1784593133.5534,0.1801,0.02000,50.01,10,567009,0.000,GUIDED,GUIDED,128,-0.03743442893028259,0.04053312540054321,15.009000778198242,0.0,0.0,0.0,nan,nan,nan,nan,nan,nan,nan,nan,nan,nan,0.017368964935119274,-0.02623898110336547,-0.001121665149408538,0,0,-0.035401273518800735,0.04058685898780823,15.008893966674805,-0.011201819404959679,0.015118059702217579,0.0007092613377608359,0,0,-1001,7,13,77,0.00018213092698715627,0.0009261351660825312,-0.12776271998882294,0.07658641785383224,63,3135,0.019915342330932617,nan,nan,nan,nan,nan,nan,831,0.004757355432957411,0.0003096434229519218,0.007217735983431339,1500,1500,1000,1500,1800,1000,1000,1800
1784593133.5734,0.2001,0.02003,49.93,11,567029,0.000,GUIDED,GUIDED,128,-0.03743442893028259,0.04053312540054321,15.009000778198242,0.0,0.0,0.0,nan,nan,nan,nan,nan,nan,nan,nan,nan,nan,0.01638004618944295,-0.025422043614066085,-0.0010688720750569958,0,0,-0.034979578107595444,0.04048522561788559,15.008872032165527,-0.01087433286011219,0.014705078676342964,0.0006914451369084418,0,0,-1001,7,13,112,0.0003284275298938155,0.0011892279144376516,-0.1254691779613495,0.11117611080408096,63,3135,0.019962072372436523,12.312,28.74,19,6,10,1.21,831,0.004757355432957411,0.0003096434229519218,0.007217735983431339,1500,1500,1000,1500,1800,1000,1000,1800
1784593133.5934,0.2201,0.01997,50.07,12,567049,0.000,GUIDED,GUIDED,128,-0.03743442893028259,0.04053312540054321,15.009000778198242,0.0,0.0,0.0,nan,nan,nan,nan,nan,nan,nan,nan,nan,nan,0.016019267554124965,-0.024950846202857195,-0.0011259253435843993,0,0,-0.034894444048404694,0.04058995097875595,15.008869171142578,-0.010715189389884472,0.014372569508850574,0.0007260366692207754,0,0,-1001,7,13,153,0.0004737765120808035,0.0014392307493835688,-0.12234245985746384,0.1525273621082306,63,3135,0.01988983154296875,12.312,28.74,19,6,10,1.21,831,0.004757355432957411,0.0003096434229519218,0.007217735983431339,1500,1500,1000,1500,1800,1000,1000,1800
1784593133.6134,0.2401,0.01998,50.06,13,567069,0.000,GUIDED,GUIDED,128,-0.03743442893028259,0.04053312540054321,15.009000778198242,0.0,0.0,0.0,nan,nan,nan,nan,nan,nan,nan,nan,nan,nan,0.015036180249347532,-0.024046110518880268,-0.0011618617178260154,0,0,-0.03454112634062767,0.040526553988456726,15.0088529586792,-0.010351591743528843,0.013886822387576103,0.00075614481465891,0,0,-1001,7,11,200,0.0006139895995147526,0.0016633440973237157,-0.11827868223190308,0.19923259317874908,63,3135,0.019914627075195312,12.312,28.74,19,6,10,1.21,831,0.004757355432957411,0.0003096434229519218,0.007217735983431339,1500,1500,1000,1500,1800,1000,1000,1800
1784593133.6335,0.2601,0.02008,49.80,14,567089,0.000,GUIDED,GUIDED,128,-0.03743442893028259,0.04053312540054321,15.009000778198242,0.0,0.0,0.0,nan,nan,nan,nan,nan,nan,nan,nan,nan,nan,0.014111915485295362,-0.023155063509615575,-0.0010514367298756926,0,0,-0.03422611579298973,0.040485527366399765,15.008838653564453,-0.009999838657677174,0.013396062888205051,0.0007006499799899757,0,0,-1000,6,10,249,0.0007372782565653324,0.0018505137413740158,-0.11323278397321701,0.24850665032863617,63,3135,0.019992828369140625,12.312,28.74,19,6,10,1.21,831,0.004757355432957411,0.0003096434229519218,0.007217735983431339,1500,1500,1000,1500,1800,1000,1000,1800
1784593133.6537,0.2801,0.02029,49.29,15,567109,0.000,GUIDED,GUIDED,128,-0.03743442893028259,0.04053312540054321,15.009000778198242,0.0,0.0,0.0,nan,nan,nan,nan,nan,nan,nan,nan,nan,nan,0.013684268334612698,-0.02254684150867618,-0.0011533599328570378,0,0,-0.034179192036390305,0.04060285910964012,15.008835792541504,-0.009780027903616428,0.01297716423869133,0.0007611471810378134,0,0,-1001,5,8,297,0.0008509825565852225,0.0020145857706665993,-0.1072186529636383,0.2969774007797241,63,3135,0.020209074020385742,12.312,28.74,19,6,10,1.21,831,0.004757355432957411,0.0003096434229519218,0.007217735983431339,1500,1500,1000,1500,1800,1000,1000,1800
1784593133.6734,0.3001,0.01965,50.88,16,567129,0.000,GUIDED,GUIDED,128,-0.03743442893028259,0.04053312540054321,15.009000778198242,0.0,0.0,0.0,nan,nan,nan,nan,nan,nan,nan,nan,nan,nan,0.012819491614575483,-0.021604955080907047,-0.0011144633484938844,0,0,-0.03391360864043236,0.04058611020445824,15.008818626403809,-0.009434083476662636,0.01244303584098816,0.0007486011018045247,0,0,-1001,4,7,343,0.0009503100882284343,0.002145388163626194,-0.10031913220882416,0.3420628607273102,63,3135,0.01958751678466797,12.312,28.74,19,6,10,1.21,831,0.004757355432957411,0.0003096434229519218,0.007217735983431339,1500,1500,1000,1500,1800,1000,1000,1800
1784593133.6934,0.3201,0.02001,49.97,17,567149,0.000,GUIDED,GUIDED,128,-0.03743442893028259,0.04053312540054321,15.009000778198242,0.0,0.0,0.0,nan,nan,nan,nan,nan,nan,nan,nan,nan,nan,0.012415219674409023,-0.020935915128821467,-0.0012129053771128874,0,0,-0.03388621285557747,0.040705036371946335,15.008818626403809,-0.009216493926942348,0.01198810338973999,0.0008054366335272789,0,0,-1001,4,6,381,0.001040270901285112,0.0022602612152695656,-0.09265218675136566,0.3810194134712219,63,3135,0.019926071166992188,12.312,28.74,19,6,10,1.21,831,0.004757355432957411,0.0003096434229519218,0.007217735983431339,1500,1500,1000,1500,1800,1000,1000,1800
1784593133.7134,0.3401,0.02001,49.98,18,567169,0.000,GUIDED,GUIDED,128,-0.03743442893028259,0.04053312540054321,15.009000778198242,0.0,0.0,0.0,nan,nan,nan,nan,nan,nan,nan,nan,nan,nan,0.011589755154742361,-0.020042205930272384,-0.0010948009645267243,0,0,-0.03366826847195625,0.04070884361863136,15.008805274963379,-0.00886574201285839,0.01146992202848196,0.0007449574768543243,0,0,-1000,3,5,413,0.0011089438339695334,0.002338805701583624,-0.08436863869428635,0.4124923646450043,63,3135,0.019930124282836914,12.312,28.74,19,6,10,1.21,831,0.004757355432957411,0.0003096434229519218,0.007217735983431339,1500,1500,1000,1500,1800,1000,1000,1800
1784593133.7334,0.3600,0.01997,50.08,19,567189,0.000,GUIDED,GUIDED,128,-0.03743442893028259,0.04053312540054321,15.009000778198242,0.0,0.0,0.0,nan,nan,nan,nan,nan,nan,nan,nan,nan,nan,0.010835201432628724,-0.01917153558973325,-0.0010920253590198542,0,0,-0.03347548097372055,0.040725357830524445,15.008793830871582,-0.008541406132280827,0.010957705788314342,0.0007499622297473252,0,0,-1001,2,4,436,0.001175172277726233,0.0024007472675293684,-0.07564304769039154,0.4352586567401886,63,3135,0.01988697052001953,12.312,28.74,19,6,10,1.21,831,0.004757355432957411,0.0003096434229519218,0.007217735983431339,1500,1500,1000,1500,1800,1000,1000,1800
1784593133.7534,0.3800,0.02001,49.98,20,567209,0.000,GUIDED,GUIDED,128,-0.03743442893028259,0.04053312540054321,15.009000778198242,0.0,0.0,0.0,nan,nan,nan,nan,nan,nan,nan,nan,nan,nan,0.010121899414206308,-0.01836842129755848,-0.0010348652777470452,0,0,-0.033311132341623306,0.040803249925374985,15.0087890625,-0.008224467746913433,0.010449056513607502,0.00071971386205405,0,0,-1000,1,3,449,0.0012254207395017147,0.002451564883813262,-0.06665867567062378,0.44851773977279663,63,3135,0.019913196563720703,12.312,28.74,19,6,10,1.21,831,0.003986181691288948,0.00029948705923743546,0.007118224166333675,1500,1500,1000,1500,1800,1000,1000,1800
1784593133.7734,0.4001,0.02003,49.94,21,567229,0.000,GUIDED,GUIDED,128,-0.03743442893028259,0.04053312540054321,15.009000778198242,0.0,0.0,0.0,nan,nan,nan,nan,nan,nan,nan,nan,nan,nan,0.008751732334042736,-0.01727300526116306,-0.0009868442514243093,0,0,-0.03284809738397598,0.040753427892923355,15.008767127990723,-0.00770073477178812,0.009845382533967495,0.000704652804415673,0,0,-1000,2,2,453,0.001289100619032979,0.0024716765619814396,-0.05761794373393059,0.45207318663597107,63,3135,0.01994609832763672,12.312,28.74,19,6,10,1.21,831,0.003986181691288948,0.00029948705923743546,0.007118224166333675,1500,1500,1000,1500,1800,1000,1000,1800
1784593133.7934,0.4201,0.01998,50.05,22,567249,0.000,GUIDED,GUIDED,128,-0.03743442893028259,0.04053312540054321,15.009000778198242,0.0,0.0,0.0,nan,nan,nan,nan,nan,nan,nan,nan,nan,nan,0.008013053052627332,-0.016534066138612115,-0.000836040363449868,0,0,-0.03270696848630905,0.040828704833984375,15.008764266967773,-0.0073557388968765736,0.009375294670462608,0.0006192379514686763,0,0,-1000,1,1,447,0.0013373391702771187,0.0024834845680743456,-0.04868876934051514,0.44699355959892273,63,3135,0.0198972225189209,12.312,28.74,19,6,10,1.21,831,0.003986181691288948,0.00029948705923743546,0.007118224166333675,1500,1500,1000,1500,1800,1000,1000,1800
1784593133.8134,0.4401,0.02001,49.96,23,567269,0.000,GUIDED,GUIDED,128,-0.03743442893028259,0.04053312540054321,15.009000778198242,0.0,0.0,0.0,nan,nan,nan,nan,nan,nan,nan,nan,nan,nan,0.006804413248960232,-0.015535532224296862,-0.0007550588663819508,0,0,-0.03230365738272667,0.040794916450977325,15.008744239807129,-0.006890782155096531,0.008818298578262329,0.0005840459489263594,0,0,-1000,1,0,435,0.0013829640811309218,0.0024794042110443115,-0.040009792894124985,0.43485239148139954,63,3135,0.019936800003051758,12.312,28.74,19,6,10,1.21,831,0.003986181691288948,0.00029948705923743546,0.007118224166333675,1500,1500,1000,1500,1800,1000,1000,1800
1784593133.8334,0.4601,0.01999,50.02,24,567289,0.000,GUIDED,GUIDED,128,-0.03743442893028259,0.04053312540054321,15.009000778198242,0.0,0.0,0.0,nan,nan,nan,nan,nan,nan,nan,nan,nan,nan,0.005639606301403259,-0.01457076703333986,-0.0007235613609876794,0,0,-0.031934499740600586,0.04077170044183731,15.008727073669434,-0.0064314138144254684,0.00827469490468502,0.00057577172992751,0,0,-1001,1,0,418,0.0014257521834224463,0.002472151769325137,-0.03168831020593643,0.41725286841392517,63,3135,0.019922971725463867,12.312,28.74,19,6,10,1.21,831,0.003986181691288948,0.00029948705923743546,0.007118224166333675,1500,1500,1000,1500,1800,1000,1000,1800
1784593133.8534,0.4801,0.02004,49.90,25,567309,0.000,GUIDED,GUIDED,128,-0.03743442893028259,0.04053312540054321,15.009000778198242,0.0,0.0,0.0,nan,nan,nan,nan,nan,nan,nan,nan,nan,nan,0.004991328416431059,-0.013842750474438174,-0.0007404823719604665,0,0,-0.03182293102145195,0.040842488408088684,15.008721351623535,-0.006121544633060694,0.00781350489705801,0.0005888447049073875,0,0,-1001,0,-1,396,0.0014247373910620809,0.0024237625766545534,-0.023805109784007072,0.39521148800849915,63,3135,0.019957780838012695,12.312,28.74,19,6,10,1.21,831,0.003986181691288948,0.00029948705923743546,0.007118224166333675,1500,1500,1000,1500,1800,1000,1000,1800
1784593133.8734,0.5001,0.01995,50.11,26,567329,0.000,GUIDED,GUIDED,128,-0.03743442893028259,0.04053312540054321,15.009000778198242,0.0,0.0,0.0,nan,nan,nan,nan,nan,nan,nan,nan,nan,nan,0.0039273963981231105,-0.0128802920953976,-0.0008015109670467698,0,0,-0.03149716556072235,0.04082785174250603,15.00870132446289,-0.005695363972336054,0.007266279775649309,0.0006356422672979534,0,0,-1001,-1,-1,370,0.0014119752449914813,0.002374660922214389,-0.016430934891104698,0.3699595034122467,63,3135,0.01988840103149414,12.312,28.74,19,6,10,1.21,831,0.003986181691288948,0.00029948705923743546,0.007118224166333675,1500,1500,1000,1500,1800,1000,1000,1800
1784593133.8938,0.5201,0.02035,49.13,27,567349,0.000,GUIDED,GUIDED,128,-0.03743442893028259,0.04053312540054321,15.009000778198242,0.0,0.0,0.0,nan,nan,nan,nan,nan,nan,nan,nan,nan,nan,0.003397932001691556,-0.01219456668987188,-0.0007494873541818697,0,0,-0.03140103816986084,0.04089311137795448,15.008698463439941,-0.005445176735520363,0.006832698360085487,0.0006072582327760756,0,0,-1000,-1,-2,343,0.0013894750736653805,0.0023079221136868,-0.009614197537302971,0.34219926595687866,63,3135,0.01994919776916504,12.312,28.74,19,6,10,1.21,831,0.003986181691288948,0.00029948705923743546,0.007118224166333675,1500,1500,1000,1500,1800,1000,1000,1800
1784593133.9134,0.5401,0.01969,50.78,28,567369,0.000,GUIDED,GUIDED,128,-0.03743442893028259,0.04053312540054321,15.009000778198242,0.0,0.0,0.0,nan,nan,nan,nan,nan,nan,nan,nan,nan,nan,0.002454010475048304,-0.011360617558427414,-0.0007591324178162977,0,0,-0.03111984021961689,0.04088735580444336,15.008681297302246,-0.005062553100287914,0.006354540586471558,0.0006227376870810986,0,0,-1001,-2,-3,314,0.0013384179910644889,0.0022192359901964664,-0.003380429232493043,0.3131462633609772,63,3135,0.019611120223999023,12.312,28.74,19,6,10,1.21,831,0.003986181691288948,0.00029948705923743546,0.007118224166333675,1500,1500,1000,1500,1800,1000,1000,1800
1784593133.9334,0.5601,0.01998,50.06,29,567389,0.000,GUIDED,GUIDED,128,-0.03743442893028259,0.04053312540054321,15.009000778198242,0.0,0.0,0.0,nan,nan,nan,nan,nan,nan,nan,nan,nan,nan,0.0016697559533179508,-0.010558946872282355,-0.000699114051741207,0,0,-0.030863404273986816,0.040887948125600815,15.008667945861816,-0.004757816903293133,0.005891353823244572,0.0005957945249974728,0,0,-1001,-2,-2,284,0.001296362024731934,0.00215816218405962,0.0022535971365869045,0.28318414092063904,63,3135,0.01989579200744629,12.312,28.74,19,6,10,1.21,831,0.003986181691288948,0.00029948705923743546,0.007118224166333675,1500,1500,1000,1500,1800,1000,1000,1800
1784593133.9535,0.5801,0.02004,49.90,30,567409,0.000,GUIDED,GUIDED,128,-0.03743442893028259,0.04053312540054321,15.009000778198242,0.0,0.0,0.0,nan,nan,nan,nan,nan,nan,nan,nan,nan,nan,0.0009526231002822327,-0.009857714045251315,-0.0007029256866496914,0,0,-0.03064802475273609,0.04090369865298271,15.008661270141602,-0.0044681294821202755,0.005477403290569782,0.0006018494023010135,0,0,-1001,-2,-3,253,0.0012335958890616894,0.0020689761731773615,0.007289958652108908,0.25306031107902527,63,3135,0.019944429397583008,12.312,28.74,19,6,10,1.21,831,0.0033841098193079233,0.00029013605671934783,0.00648590549826622,1500,1500,1000,1500,1800,1000,1000,1800
1784593133.9734,0.6001,0.01993,50.19,31,567429,0.000,GUIDED,GUIDED,128,-0.03743442893028259,0.04053312540054321,15.009000778198242,0.0,0.0,0.0,nan,nan,nan,nan,nan,nan,nan,nan,nan,nan,-0.00024861851547514253,-0.008983404858022664,-0.0006358298461567971,0,0,-0.030156871303915977,0.04082779958844185,15.008638381958008,-0.00405815988779068,0.005016440991312265,0.0005763260996900499,0,0,-1001,-3,-4,224,0.001165600260719657,0.0019759535789489746,0.011727305129170418,0.22322842478752136,63,3135,0.01985931396484375,12.312,28.74,19,6,10,1.21,831,0.0033841098193079233,0.00029013605671934783,0.00648590549826622,1500,1500,1000,1500,1800,1000,1000,1800
1784593133.9934,0.6201,0.02006,49.86,32,567449,0.000,GUIDED,GUIDED,128,-0.03743442893028259,0.04053312540054321,15.009000778198242,0.0,0.0,0.0,nan,nan,nan,nan,nan,nan,nan,nan,nan,nan,-0.0008155336793568835,-0.008379223303094048,-0.0007829840849785421,0,0,-0.029965870082378387,0.040841419249773026,15.008634567260742,-0.0038411258719861507,0.004659753292798996,0.0006634880555793643,0,0,-1001,-2,-2,194,0.001119373133406043,0.0019203375559300184,0.0155783174559474,0.19390235841274261,63,3135,0.019953012466430664,12.312,28.74,19,6,10,1.21,831,0.0033841098193079233,0.00029013605671934783,0.00648590549826622,1500,1500,1000,1500,1800,1000,1000,1800
1784593134.0134,0.6401,0.01996,50.10,33,567469,0.000,GUIDED,GUIDED,128,-0.03743442893028259,0.04053312540054321,15.009000778198242,0.0,0.0,0.0,nan,nan,nan,nan,nan,nan,nan,nan,nan,nan,-0.001864397313489417,-0.007636937584595589,-0.0008652507824052439,0,0,-0.029534706845879555,0.040778543800115585,15.00861930847168,-0.003484496381133795,0.004267495591193438,0.0007197944214567542,0,0,-1001,-2,-1,166,0.0010754569666460156,0.001864545396529138,0.0188624057918787,0.1655491292476654,63,3135,0.01989436149597168,12.312,28.74,19,6,10,1.21,831,0.0033841098193079233,0.00029013605671934783,0.00648590549826622,1500,1500,1000,1500,1800,1000,1000,1800
1784593134.0334,0.6601,0.02002,49.96,34,567489,0.000,GUIDED,GUIDED,128,-0.03743442893028259,0.04053312540054321,15.009000778198242,0.0,0.0,0.0,nan,nan,nan,nan,nan,nan,nan,nan,nan,nan,-0.0028211348088888312,-0.006920293941416213,-0.0006073074766641714,0,0,-0.02913825958967209,0.04072433337569237,15.008605003356934,-0.0031610126607120037,0.00388503959402442,0.0005791298463009298,0,0,-1000,-2,-4,139,0.0010141755919903517,0.001746809808537364,0.021606527268886566,0.1384541392326355,63,3135,0.019935131072998047,12.312,28.74,19,6,10,1.21,831,0.0033841098193079233,0.00029013605671934783,0.00648590549826622,1500,1500,1000,1500,1800,1000,1000,1800
1784593134.0534,0.6801,0.01999,50.02,35,567509,0.000,GUIDED,GUIDED,128,-0.03743442893028259,0.04053312540054321,15.009000778198242,0.0,0.0,0.0,nan,nan,nan,nan,nan,nan,nan,nan,nan,nan,-0.0032612281499663437,-0.006424121491824237,-0.0006725084414134088,0,0,-0.02898196503520012,0.04073652997612953,15.008600234985352,-0.002997161354869604,0.0035915325861424208,0.0006195266614668071,0,0,-1001,-5,-5,113,0.0009045572951436043,0.001635523047298193,0.023844445124268532,0.11287253350019455,63,3135,0.0199127197265625,12.312,28.74,19,6,10,1.21,831,0.0033841098193079233,0.00029013605671934783,0.00648590549826622,1500,1500,1000,1500,1800,1000,1000,1800
1784593134.0734,0.7001,0.02001,49.98,36,567529,0.000,GUIDED,GUIDED,128,-0.03743442893028259,0.04053312540054321,15.009000778198242,0.0,0.0,0.0,nan,nan,nan,nan,nan,nan,nan,nan,nan,nan,-0.004067016558041569,-0.005833602170813075,-0.0006688658197881973,0,0,-0.02863171510398388,0.04069117084145546,15.008580207824707,-0.0027341560926288366,0.0032767842058092356,0.0006289862794801593,0,0,-1001,-3,-2,89,0.0008413333562202752,0.0015707025304436684,0.025601668283343315,0.0887489840388298,63,3135,0.019943714141845703,12.312,28.78,19,6,10,1.21,831,0.0033841098193079233,0.00029013605671934783,0.00648590549826622,1500,1500,1000,1500,1800,1000,1000,1800
1784593134.0934,0.7201,0.02000,50.01,37,567549,0.000,GUIDED,GUIDED,128,-0.03743442893028259,0.04053312540054321,15.009000778198242,0.0,0.0,0.0,nan,nan,nan,nan,nan,nan,nan,nan,nan,nan,-0.004360078624755964,-0.005449638497350732,-0.0007057244427112205,0,0,-0.02849562279880047,0.04070286825299263,15.008578300476074,-0.0026435295585542917,0.0030483491718769073,0.0006513678235933185,0,0,-1001,-4,-3,67,0.0007336233975365758,0.001474900753237307,0.026911020278930664,0.06615089625120163,63,3135,0.019916296005249023,12.312,28.78,19,6,10,1.21,831,0.0033841098193079233,0.00029013605671934783,0.00648590549826622,1500,1500,1000,1500,1800,1000,1000,1800
1784593134.1134,0.7401,0.02000,50.00,38,567569,0.000,GUIDED,GUIDED,128,-0.03743442893028259,0.04053312540054321,15.009000778198242,0.0,0.0,0.0,nan,nan,nan,nan,nan,nan,nan,nan,nan,nan,-0.004986105755036277,-0.0049745595456741456,-0.0006463245679750002,0,0,-0.02819349244236946,0.04066891595721245,15.008563995361328,-0.0024565276689827442,0.002793664578348398,0.0006253323517739773,0,0,-1001,-4,-3,46,0.000635446747764945,0.001393693732097745,0.027807649224996567,0.045446451753377914,63,3135,0.019935131072998047,12.312,28.78,19,6,10,1.21,831,0.0033841098193079233,0.00029013605671934783,0.00648590549826622,1500,1500,1000,1500,1800,1000,1000,1800
1784593134.1334,0.7601,0.01998,50.05,39,567589,0.000,GUIDED,GUIDED,128,-0.03743442893028259,0.04053312540054321,15.009000778198242,0.0,0.0,0.0,nan,nan,nan,nan,nan,nan,nan,nan,nan,nan,-0.0055215327510563786,-0.004499094590204311,-0.0006613363617373147,0,0,-0.027918387204408646,0.040641702711582184,15.008551597595215,-0.0023062308318912983,0.0025348663330078125,0.0006411572685465217,0,0,-1001,-4,-3,27,0.0005267385276965797,0.0013079163618385792,0.028327228501439095,0.026581663638353348,63,3135,0.019915342330932617,12.312,28.78,19,6,10,1.21,831,0.0033841098193079233,0.00029013605671934783,0.00648590549826622,1500,1500,1000,1500,1800,1000,1000,1800
1784593134.1538,0.7801,0.02036,49.12,40,567609,0.000,GUIDED,GUIDED,128,-0.03743442893028259,0.04053312540054321,15.009000778198242,0.0,0.0,0.0,nan,nan,nan,nan,nan,nan,nan,nan,nan,nan,-0.005940847876831901,-0.004091903459946387,-0.0006395248030517056,0,0,-0.027682676911354065,0.040605656802654266,15.008546829223633,-0.0022002265322953463,0.0023205855395644903,0.0006313173798844218,0,0,-1001,-4,-3,10,0.0004226965829730034,0.0012232280569151044,0.028510382398962975,0.009547588415443897,63,3135,0.020266294479370117,12.312,28.78,19,6,10,1.21,831,0.002760916016995907,0.00028112292056903243,0.006686074193567038,1500,1500,1000,1500,1800,1000,1000,1800
1784593134.1734,0.8001,0.01967,50.84,41,567629,0.000,GUIDED,GUIDED,128,-0.03743442893028259,0.04053312540054321,15.009000778198242,0.0,0.0,0.0,nan,nan,nan,nan,nan,nan,nan,nan,nan,nan,-0.006831461519799615,-0.0035343226300734998,-0.0006304992733421972,0,0,-0.02719900757074356,0.040494002401828766,15.008526802062988,-0.0019652771297842264,0.002063129795715213,0.0006376691744662821,0,0,-1001,-4,-3,-4,0.0003298898518551141,0.0011431373422965407,0.028384534642100334,-0.00579305412247777,63,3135,0.01958775520324707,12.312,28.78,19,6,10,1.21,831,0.002760916016995907,0.00028112292056903243,0.006686074193567038,1500,1500,1000,1500,1800,1000,1000,1800
1784593134.1935,0.8201,0.02007,49.84,42,567649,0.000,GUIDED,GUIDED,128,-0.03743442893028259,0.04053312540054321,15.009000778198242,0.0,0.0,0.0,nan,nan,nan,nan,nan,nan,nan,nan,nan,nan,-0.007149804838267527,-0.003195578849455162,-0.000705185517935816,0,0,-0.026992307975888252,0.04046211019158363,15.008523941040039,-0.0019008195959031582,0.0018859689589589834,0.0006824411102570593,0,0,-1001,-4,-3,-18,0.00023828516714274883,0.0010688842739909887,0.027989767491817474,-0.01932314969599247,63,3135,0.019951581954956055,12.312,28.78,19,6,10,1.21,831,0.002760916016995907,0.00028112292056903243,0.006686074193567038,1500,1500,1000,1500,1800,1000,1000,1800
1784593134.2134,0.8401,0.01991,50.22,43,567669,0.000,GUIDED,GUIDED,128,-0.03743442893028259,0.04053312540054321,15.009000778198242,0.0,0.0,0.0,nan,nan,nan,nan,nan,nan,nan,nan,nan,nan,-0.007812390550910582,-0.002644028565808971,-0.0006606374057142372,0,0,-0.02657059207558632,0.04036692529916763,15.008508682250977,-0.0017617533449083567,0.0016224862774834037,0.0006655309116467834,0,0,-1001,-3,-2,-30,0.00016465446969959885,0.001006026053801179,0.027361053973436356,-0.03106587380170822,63,3135,0.01984381675720215,12.312,28.78,19,6,10,1.21,831,0.002760916016995907,0.00028112292056903243,0.006686074193567038,1500,1500,1000,1500,1800,1000,1000,1800
1784593134.2334,0.8601,0.02003,49.92,44,567689,0.000,GUIDED,GUIDED,128,-0.03743442893028259,0.04053312540054321,15.009000778198242,0.0,0.0,0.0,nan,nan,nan,nan,nan,nan,nan,nan,nan,nan,-0.008447392413516872,-0.002196290029331237,-0.000616132909003537,0,0,-0.026185033842921257,0.04028134420514107,15.008495330810547,-0.001617736998014152,0.0014133945805951953,0.000647544686216861,0,0,-1001,-3,-3,-40,8.340508065884933e-05,0.0009341055992990732,0.02652825601398945,-0.04128958657383919,63,3135,0.019951343536376953,12.312,28.78,19,6,10,1.21,831,0.002760916016995907,0.00028112292056903243,0.006686074193567038,1500,1500,1000,1500,1800,1000,1000,1800
1784593134.2534,0.8801,0.01995,50.12,45,567709,0.000,GUIDED,GUIDED,128,-0.03743442893028259,0.04053312540054321,15.009000778198242,0.0,0.0,0.0,nan,nan,nan,nan,nan,nan,nan,nan,nan,nan,-0.008499325910338331,-0.001962067627757502,-0.0006525927633281636,0,0,-0.026020949706435204,0.040255021303892136,15.008492469787598,-0.0016824872000142932,0.0012933637481182814,0.0006702466052956879,0,0,-1001,-3,-2,-48,2.638221872075519e-07,0.0008652886608615518,0.025527846068143845,-0.04987022653222084,63,3135,0.019884586334228516,12.312,28.78,19,6,10,1.21,831,0.002760916016995907,0.00028112292056903243,0.006686074193567038,1500,1500,1000,1500,1800,1000,1000,1800
1784593134.2734,0.9001,0.02000,50.00,46,567729,0.000,GUIDED,GUIDED,128,-0.03743442893028259,0.04053312540054321,15.009000778198242,0.0,0.0,0.0,nan,nan,nan,nan,nan,nan,nan,nan,nan,nan,-0.008960831401303913,-0.0016446906849804997,-0.0005624864668465336,0,0,-0.025686731562018394,0.040182825177907944,15.008475303649902,-0.0016089978162199259,0.00115180853754282,0.0006281345849856734,0,0,-1000,-2,-2,-56,-6.729617598466575e-05,0.0007988521829247475,0.024384992197155952,-0.05702205374836922,63,3135,0.01993584632873535,12.312,28.78,19,6,10,1.21,831,0.002760916016995907,0.00028112292056903243,0.006686074193567038,1500,1500,1000,1500,1800,1000,1000,1800
1784593134.2934,0.9201,0.02001,49.97,47,567749,0.000,GUIDED,GUIDED,128,-0.03743442893028259,0.04053312540054321,15.009000778198242,0.0,0.0,0.0,nan,nan,nan,nan,nan,nan,nan,nan,nan,nan,-0.008942800403600668,-0.0014830113489968239,-0.0005381186438743489,0,0,-0.02554943412542343,0.04016151279211044,15.00847339630127,-0.0016986767295747995,0.0010707676410675049,0.0006151670240797102,0,0,-1001,-2,-2,-61,-0.00013235746882855892,0.000735640584025532,0.023128924891352654,-0.06274260580539703,63,3135,0.019929170608520508,12.312,28.78,19,6,10,1.21,831,0.002760916016995907,0.00028112292056903243,0.006686074193567038,1500,1500,1000,1500,1800,1000,1000,1800
1784593134.3134,0.9401,0.02004,49.90,48,567769,0.000,GUIDED,GUIDED,128,-0.03743442893028259,0.04053312540054321,15.009000778198242,0.0,0.0,0.0,nan,nan,nan,nan,nan,nan,nan,nan,nan,nan,-0.00924305557776167,-0.001278417811078532,-0.0005637572948062995,0,0,-0.025266382843255997,0.0401046983897686,15.00846004486084,-0.0016887440579012036,0.0009854473173618317,0.0006376779638230801,0,0,-1001,-2,-2,-66,-0.00019966239051427692,0.0006830726633779705,0.021784616634249687,-0.06716814637184143,63,3135,0.019958972930908203,12.312,28.78,19,6,10,1.21,831,0.002760916016995907,0.00028112292056903243,0.006686074193567038,1500,1500,1000,1500,1800,1000,1000,1800
1784593134.3334,0.9601,0.01994,50.15,49,567789,0.000,GUIDED,GUIDED,128,-0.03743442893028259,0.04053312540054321,15.009000778198242,0.0,0.0,0.0,nan,nan,nan,nan,nan,nan,nan,nan,nan,nan,-0.009447357569216525,-0.0010638020469586036,-0.0005790933522023288,0,0,-0.025011947378516197,0.040056560188531876,15.008448600769043,-0.001717688632197678,0.0008893314516171813,0.0006531394901685417,0,0,-1001,-2,-1,-69,-0.0002634637348819524,0.0006347373710013926,0.020376190543174744,-0.07042961567640305,63,3135,0.019871234893798828,12.312,28.78,19,6,10,1.21,831,0.002760916016995907,0.00028112292056903243,0.006686074193567038,1500,1500,1000,1500,1800,1000,1000,1800
1784593134.3534,0.9800,0.01999,50.02,50,567809,0.000,GUIDED,GUIDED,128,-0.03743442893028259,0.04053312540054321,15.009000778198242,0.0,0.0,0.0,nan,nan,nan,nan,nan,nan,nan,nan,nan,nan,-0.009676371814063785,-0.0008330149261853034,-0.0006235278280999926,0,0,-0.02474946901202202,0.0399942584335804,15.008444786071777,-0.0017370091518387198,0.0007920563803054392,0.0006809961632825434,0,0,-1001,-3,-2,-71,-0.00034316463279537857,0.0005807122215628624,0.018925365060567856,-0.07260263711214066,63,3135,0.019918441772460938,12.312,28.78,19,6,10,1.21,831,0.004532589111477137,0.00027292725280858576,0.006766785867512226,1500,1500,1000,1500,1800,1000,1000,1800
1784593134.3734,1.0000,0.02003,49.93,51,567829,0.000,GUIDED,GUIDED,128,-0.03743442893028259,0.04053312540054321,15.009000778198242,0.0,0.0,0.0,nan,nan,nan,nan,nan,nan,nan,nan,nan,nan,-0.010375882487251027,-0.00047627431932721154,-0.0006770271484169097,0,0,-0.024227742105722427,0.039863187819719315,15.008426666259766,-0.0016343656461685896,0.0006617657491005957,0.0007223454886116087,0,0,-1001,-2,-1,-72,-0.0003895924601238221,0.0005455899517983198,0.017450770363211632,-0.07375258207321167,63,3135,0.019921302795410156,12.312,28.78,19,6,10,1.21,831,0.004532589111477137,0.00027292725280858576,0.006766785867512226,1500,1500,1000,1500,1800,1000,1000,1800
1784593134.3936,1.0201,0.02023,49.43,52,567849,0.000,GUIDED,GUIDED,128,-0.03743442893028259,0.04053312540054321,15.009000778198242,0.0,0.0,0.0,nan,nan,nan,nan,nan,nan,nan,nan,nan,nan,-0.010447152816609687,-0.0003834984408052907,-0.0006690461134060221,0,0,-0.024001915007829666,0.03980936110019684,15.00842571258545,-0.0017235990380868316,0.0006392784416675568,0.0007182882400229573,0,0,-1001,-2,-1,-73,-0.00045718150795437396,0.0005000243545509875,0.015971845015883446,-0.07396574318408966,63,3135,0.01996159553527832,12.312,28.78,19,6,10,1.21,831,0.004532589111477137,0.00027292725280858576,0.006766785867512226,1500,1500,1000,1500,1800,1000,1000,1800
1784593134.4135,1.0401,0.01986,50.36,53,567869,0.000,GUIDED,GUIDED,128,-0.03743442893028259,0.04053312540054321,15.009000778198242,0.0,0.0,0.0,nan,nan,nan,nan,nan,nan,nan,nan,nan,nan,-0.010939199628192483,-8.104653663235431e-05,-0.000620824100563233,0,0,-0.023551490157842636,0.03969880938529968,15.008411407470703,-0.0016995685873553157,0.0005284848157316446,0.0006987063097767532,0,0,-1001,-3,-1,-72,-0.0005259942263364792,0.0004608598828781396,0.014504948630928993,-0.07339537143707275,63,3135,0.019779205322265625,12.312,28.78,19,6,10,1.21,831,0.004532589111477137,0.00027292725280858576,0.006766785867512226,1500,1500,1000,1500,1800,1000,1000,1800
1784593134.4334,1.0601,0.01991,50.22,54,567889,0.000,GUIDED,GUIDED,128,-0.03743442893028259,0.04053312540054321,15.009000778198242,0.0,0.0,0.0,nan,nan,nan,nan,nan,nan,nan,nan,nan,nan,-0.011337225090543059,0.00019851679236099142,-0.0005945371881772352,0,0,-0.023142414167523384,0.03959939628839493,15.008399963378906,-0.001705948612652719,0.000424475030740723,0.0006901368033140898,0,0,-1001,-1,-1,-71,-0.0005577480187639594,0.0004151386674493551,0.013062963262200356,-0.07214263826608658,63,3135,0.019846677780151367,12.312,28.78,19,6,10,1.21,831,0.004532589111477137,0.00027292725280858576,0.006766785867512226,1500,1500,1000,1500,1800,1000,1000,1800
1784593134.4534,1.0801,0.02002,49.94,55,567909,0.000,GUIDED,GUIDED,128,-0.03743442893028259,0.04053312540054321,15.009000778198242,0.0,0.0,0.0,nan,nan,nan,nan,nan,nan,nan,nan,nan,nan,-0.01125066346626678,0.00021479642036005108,-0.0006514710015208905,0,0,-0.022970050573349,0.0395578034222126,15.008403778076172,-0.0018554391572251916,0.00043908963561989367,0.0007208051392808557,0,0,-1001,-2,-1,-69,-0.0006172735593281686,0.0003767442249227315,0.01166258193552494,-0.07019729912281036,63,3135,0.019943714141845703,12.312,28.78,19,6,10,1.21,831,0.004532589111477137,0.00027292725280858576,0.006766785867512226,1500,1500,1000,1500,1800,1000,1000,1800
1784593134.4734,1.1001,0.01996,50.09,56,567929,0.000,GUIDED,GUIDED,128,-0.03743442893028259,0.04053312540054321,15.009000778198242,0.0,0.0,0.0,nan,nan,nan,nan,nan,nan,nan,nan,nan,nan,-0.011524793545884014,0.0003683731912213731,-0.000721590263171174,0,0,-0.022619744762778282,0.03947523981332779,15.008400917053223,-0.001899419235996902,0.00039809016743674874,0.0007629403262399137,0,0,-1001,-2,-1,-66,-0.0006721002864651382,0.00033781942329369485,0.010308916680514812,-0.06788702309131622,63,3135,0.019898653030395508,12.312,28.78,19,6,10,1.21,831,0.004532589111477137,0.00027292725280858576,0.006766785867512226,1500,1500,1000,1500,1800,1000,1000,1800
1784593134.4934,1.1201,0.02001,49.99,57,567949,0.000,GUIDED,GUIDED,128,-0.03743442893028259,0.04053312540054321,15.009000778198242,0.0,0.0,0.0,nan,nan,nan,nan,nan,nan,nan,nan,nan,nan,-0.011308582591976738,0.0003653169001877996,-0.000581127620064805,0,0,-0.022479459643363953,0.03944261372089386,15.008406639099121,-0.0021052423398941755,0.00041869140113703907,0.000678540556691587,0,0,-1000,-1,-2,-64,-0.0007083098171278834,0.0002725375525187701,0.009012393653392792,-0.06501500308513641,63,3135,0.019923925399780273,12.312,28.78,19,6,10,1.21,831,0.004532589111477137,0.00027292725280858576,0.006766785867512226,1500,1500,1000,1500,1800,1000,1000,1800
1784593134.5134,1.1401,0.02002,49.96,58,567969,0.000,GUIDED,GUIDED,128,-0.03743442893028259,0.04053312540054321,15.009000778198242,0.0,0.0,0.0,nan,nan,nan,nan,nan,nan,nan,nan,nan,nan,-0.011426734433269985,0.00044725758134476676,-0.0005786701041894093,0,0,-0.022187435999512672,0.03937787935137749,15.008404731750488,-0.0022056272719055414,0.00040875733247958124,0.0006782229174859822,0,0,-1000,-2,0,-60,-0.0007614362402819097,0.00027142034377902746,0.007779900915920734,-0.061815887689590454,63,3135,0.019936561584472656,12.312,28.78,19,6,10,1.21,831,0.004532589111477137,0.00027292725280858576,0.006766785867512226,1500,1500,1000,1500,1800,1000,1000,1800
1784593134.5334,1.1601,0.01997,50.07,59,567989,0.000,GUIDED,GUIDED,128,-0.03743442893028259,0.04053312540054321,15.009000778198242,0.0,0.0,0.0,nan,nan,nan,nan,nan,nan,nan,nan,nan,nan,-0.011470249215650553,0.0005224301154666684,-0.0004168874321538485,0,0,-0.02192770317196846,0.0393226183950901,15.008403778076172,-0.0023304608184844255,0.00039726137765683234,0.0005853682523593307,0,0,-1000,-2,0,-57,-0.0008088224567472935,0.0002519172558095306,0.006616603583097458,-0.05837491527199745,63,3135,0.01990509033203125,12.312,28.78,19,6,10,1.21,831,0.004532589111477137,0.00027292725280858576,0.006766785867512226,1500,1500,1000,1500,1800,1000,1000,1800
1784593134.5534,1.1801,0.02004,49.89,60,568009,0.000,GUIDED,GUIDED,128,-0.03743442893028259,0.04053312540054321,15.009000778198242,0.0,0.0,0.0,nan,nan,nan,nan,nan,nan,nan,nan,nan,nan,-0.011467525383294498,0.0006296037376128008,-0.000682863082720335,0,0,-0.02168666571378708,0.039251651614904404,15.00840950012207,-0.0024711964651942253,0.00037635734770447016,0.0007356257410719991,0,0,-1001,0,-1,-53,-0.000820412824396044,0.00022390676895156503,0.005528900306671858,-0.05466578155755997,63,3135,0.01995062828063965,12.312,28.78,19,6,10,1.21,831,0.0037120268680155277,0.0002975825918838382,0.007033048663288355,1500,1500,1000,1500,1800,1000,1000,1800
1784593134.5734,1.2001,0.02001,49.98,61,568029,0.000,GUIDED,GUIDED,128,-0.03743442893028259,0.04053312540054321,15.009000778198242,0.0,0.0,0.0,nan,nan,nan,nan,nan,nan,nan,nan,nan,nan,-0.012048067773508184,0.0009472197010649292,-0.0006134969052747544,0,0,-0.02119511552155018,0.03911294788122177,15.008411407470703,-0.0024198167957365513,0.00027306232368573546,0.0006944759516045451,0,0,-1001,0,1,-50,-0.0008304935763590038,0.000237767439102754,0.004513204097747803,-0.05092792585492134,63,3135,0.019940853118896484,12.312,28.76,19,6,10,1.21,831,0.0037120268680155277,0.0002975825918838382,0.007033048663288355,1500,1500,1000,1500,1800,1000,1000,1800
1784593134.5934,1.2201,0.02001,49.98,62,568049,0.000,GUIDED,GUIDED,128,-0.03743442893028259,0.04053312540054321,15.009000778198242,0.0,0.0,0.0,nan,nan,nan,nan,nan,nan,nan,nan,nan,nan,-0.012008111669609717,0.0009855501832122002,-0.000631367424912213,0,0,-0.020992543548345566,0.039051637053489685,15.008418083190918,-0.0025598404463380575,0.00028633003239519894,0.0007009392720647156,0,0,-1000,0,0,-46,-0.0008545395103283226,0.00021539066801778972,0.003573872847482562,-0.047116588801145554,63,3135,0.019902944564819336,12.312,28.76,19,6,10,1.21,831,0.0037120268680155277,0.0002975825918838382,0.007033048663288355,1500,1500,1000,1500,1800,1000,1000,1800
1784593134.6134,1.2401,0.01998,50.04,63,568069,0.000,GUIDED,GUIDED,128,-0.03743442893028259,0.04053312540054321,15.009000778198242,0.0,0.0,0.0,nan,nan,nan,nan,nan,nan,nan,nan,nan,nan,-0.01236847289376386,0.0012024244726707638,-0.0007191499231047101,0,0,-0.020572751760482788,0.03893416002392769,15.008421897888184,-0.0025941526982933283,0.00022894299763720483,0.0007494181045331061,0,0,-1001,-1,0,-42,-0.0008993744850158691,0.00022969511337578297,0.0027146104257553816,-0.04313741624355316,63,3135,0.019902706146240234,12.312,28.76,19,6,10,1.21,831,0.0037120268680155277,0.0002975825918838382,0.007033048663288355,1500,1500,1000,1500,1800,1000,1000,1800
1784593134.6334,1.2601,0.01999,50.02,64,568089,0.000,GUIDED,GUIDED,128,-0.03743442893028259,0.04053312540054321,15.009000778198242,0.0,0.0,0.0,nan,nan,nan,nan,nan,nan,nan,nan,nan,nan,-0.012649285360760567,0.0014089569357399019,-0.0007336988104225394,0,0,-0.020194517448544502,0.03882855176925659,15.008426666259766,-0.002650399226695299,0.0001706743787508458,0.0007550648879259825,0,0,-1001,-1,1,-38,-0.0009423846495337784,0.00024376509827561677,0.0019359231228008866,-0.039063192903995514,63,3135,0.0199129581451416,12.312,28.76,19,6,10,1.21,831,0.0037120268680155277,0.0002975825918838382,0.007033048663288355,1500,1500,1000,1500,1800,1000,1000,1800
1784593134.6537,1.2801,0.02030,49.27,65,568109,0.000,GUIDED,GUIDED,128,-0.03743442893028259,0.04053312540054321,15.009000778198242,0.0,0.0,0.0,nan,nan,nan,nan,nan,nan,nan,nan,nan,nan,-0.01240172901767718,0.0014128270781527522,-0.00073117733542812,0,0,-0.020047642290592194,0.038781438022851944,15.008439064025879,-0.0028781243599951267,0.00019564108515623957,0.0007464512600563467,0,0,-1001,-1,1,-34,-0.0009854559320956469,0.00025410359376110137,0.0012384355068206787,-0.03513487055897713,63,3135,0.0202178955078125,12.312,28.76,19,6,10,1.21,831,0.0037120268680155277,0.0002975825918838382,0.007033048663288355,1500,1500,1000,1500,1800,1000,1000,1800
1784593134.6734,1.3001,0.01967,50.83,66,568129,0.000,GUIDED,GUIDED,128,-0.03743442893028259,0.04053312540054321,15.009000778198242,0.0,0.0,0.0,nan,nan,nan,nan,nan,nan,nan,nan,nan,nan,-0.01251962597063934,0.001542358015567112,-0.000712399369091534,0,0,-0.019729608669877052,0.038692742586135864,15.008448600769043,-0.0029936733189970255,0.00017206469783559442,0.0007301037549041212,0,0,-1001,-1,1,-30,-0.0010277574183419347,0.0002658243465702981,0.0006164907827042043,-0.03133047744631767,63,3135,0.019607067108154297,12.312,28.76,19,6,10,1.21,831,0.0037120268680155277,0.0002975825918838382,0.007033048663288355,1500,1500,1000,1500,1800,1000,1000,1800
1784593134.6934,1.3201,0.02005,49.88,67,568149,0.000,GUIDED,GUIDED,128,-0.03743442893028259,0.04053312540054321,15.009000778198242,0.0,0.0,0.0,nan,nan,nan,nan,nan,nan,nan,nan,nan,nan,-0.01217288441529979,0.0015237179811351453,-0.000669439442353041,0,0,-0.019617032259702682,0.038654908537864685,15.008460998535156,-0.003258860670030117,0.00020467002468649298,0.0006981429760344326,0,0,-1000,-1,1,-26,-0.0010682655265554786,0.0002765558019746095,6.674755422864109e-05,-0.027713652700185776,63,3135,0.019947052001953125,12.312,28.76,19,6,10,1.21,831,0.0037120268680155277,0.0002975825918838382,0.007033048663288355,1500,1500,1000,1500,1800,1000,1000,1800
1784593134.7134,1.3401,0.01997,50.09,68,568169,0.000,GUIDED,GUIDED,128,-0.03743442893028259,0.04053312540054321,15.009000778198242,0.0,0.0,0.0,nan,nan,nan,nan,nan,nan,nan,nan,nan,nan,-0.012108330749821889,0.0016181279133853385,-0.0006406201424949571,0,0,-0.019359061494469643,0.03858362138271332,15.00847053527832,-0.0034450702369213104,0.000191320083104074,0.0006759981042705476,0,0,-1001,-1,1,-23,-0.0011086516315117478,0.00028553392621688545,-0.00041383763891644776,-0.024239683523774147,63,3135,0.01988840103149414,12.312,28.76,19,6,10,1.21,831,0.0037120268680155277,0.0002975825918838382,0.007033048663288355,1500,1500,1000,1500,1800,1000,1000,1800
1784593134.7334,1.3601,0.02002,49.95,69,568189,0.000,GUIDED,GUIDED,128,-0.03743442893028259,0.04053312540054321,15.009000778198242,0.0,0.0,0.0,nan,nan,nan,nan,nan,nan,nan,nan,nan,nan,-0.011982367938168844,0.0016869044925021434,-0.0006426137678056555,0,0,-0.019134286791086197,0.038521770387887955,15.0084810256958,-0.0036475686356425285,0.00018732159514911473,0.0006710924790240824,0,0,-1001,-1,1,-19,-0.001147142960689962,0.0002947802422568202,-0.0008271348779089749,-0.02089606784284115,63,3135,0.019938945770263672,12.312,28.76,19,6,10,1.21,831,0.0037120268680155277,0.0002975825918838382,0.007033048663288355,1500,1500,1000,1500,1800,1000,1000,1800
1784593134.7534,1.3801,0.02001,49.98,70,568209,0.000,GUIDED,GUIDED,128,-0.03743442893028259,0.04053312540054321,15.009000778198242,0.0,0.0,0.0,nan,nan,nan,nan,nan,nan,nan,nan,nan,nan,-0.01184553782537867,0.0017861869541398235,-0.000629606488921519,0,0,-0.01893816702067852,0.03844686970114708,15.008491516113281,-0.0038397973403334618,0.0001732447708491236,0.0006575260777026415,0,0,-1001,-1,0,-16,-0.0011822949163615704,0.0003030051593668759,-0.0011736827436834574,-0.01764061488211155,63,3135,0.019915103912353516,12.312,28.76,19,6,10,1.21,831,0.0030596714932471514,0.0002889655879698694,0.007197697181254625,1500,1500,1000,1500,1800,1000,1000,1800
1784593134.7734,1.4001,0.01999,50.03,71,568229,0.000,GUIDED,GUIDED,128,-0.03743442893028259,0.04053312540054321,15.009000778198242,0.0,0.0,0.0,nan,nan,nan,nan,nan,nan,nan,nan,nan,nan,-0.012182629372568077,0.002072110674953654,-0.0005759359717113435,0,0,-0.018509184941649437,0.038304440677165985,15.008500099182129,-0.003892850363627076,9.039806900545955e-05,0.0006215839530341327,0,0,-1000,-1,0,-13,-0.0012147360248491168,0.00031397235579788685,-0.0014615278923884034,-0.014564565382897854,63,3135,0.019906997680664062,12.312,28.76,19,6,10,1.21,831,0.0030596714932471514,0.0002889655879698694,0.007197697181254625,1500,1500,1000,1500,1800,1000,1000,1800
1784593134.7934,1.4201,0.02000,49.99,72,568249,0.000,GUIDED,GUIDED,128,-0.03743442893028259,0.04053312540054321,15.009000778198242,0.0,0.0,0.0,nan,nan,nan,nan,nan,nan,nan,nan,nan,nan,-0.011923307985497227,0.002146827411536124,-0.0005930671104552313,0,0,-0.018353095278143883,0.03823927417397499,15.00851058959961,-0.004132688045501709,8.488423918606713e-05,0.000625417975243181,0,0,-1001,-1,0,-10,-0.0012461578007787466,0.000319258397212252,-0.001690682489424944,-0.011635989882051945,63,3135,0.01992321014404297,12.312,28.76,19,6,10,1.21,831,0.0030596714932471514,0.0002889655879698694,0.007197697181254625,1500,1500,1000,1500,1800,1000,1000,1800
1784593134.8134,1.4401,0.01998,50.05,73,568269,0.000,GUIDED,GUIDED,128,-0.03743442893028259,0.04053312540054321,15.009000778198242,0.0,0.0,0.0,nan,nan,nan,nan,nan,nan,nan,nan,nan,nan,-0.012076426118454595,0.0023948085102894023,-0.0007288831456579776,0,0,-0.01799587346613407,0.038117073476314545,15.00852108001709,-0.004250527359545231,1.2264890756341629e-05,0.0006977747543714941,0,0,-1001,0,-2,-7,-0.0012708567082881927,0.00024736396153457463,-0.0018653020961210132,-0.008871711790561676,63,3135,0.01991415023803711,12.312,28.76,19,6,10,1.21,831,0.0030596714932471514,0.0002889655879698694,0.007197697181254625,1500,1500,1000,1500,1800,1000,1000,1800
1784593134.8334,1.4601,0.02001,49.97,74,568289,0.000,GUIDED,GUIDED,128,-0.03743442893028259,0.04053312540054321,15.009000778198242,0.0,0.0,0.0,nan,nan,nan,nan,nan,nan,nan,nan,nan,nan,-0.012190770135827176,0.0026259449412475186,-0.0007047397437916118,0,0,-0.017679089680314064,0.038006044924259186,15.00853157043457,-0.004367406014353037,-5.7079425459960476e-05,0.0006777789094485343,0,0,-1000,0,0,-5,-0.0012612324208021164,0.0002490563492756337,-0.0019917080644518137,-0.00642011035233736,63,3135,0.01993417739868164,12.312,28.76,19,6,10,1.21,831,0.0030596714932471514,0.0002889655879698694,0.007197697181254625,1500,1500,1000,1500,1800,1000,1000,1800
1784593134.8534,1.4801,0.01997,50.06,75,568309,0.000,GUIDED,GUIDED,128,-0.03743442893028259,0.04053312540054321,15.009000778198242,0.0,0.0,0.0,nan,nan,nan,nan,nan,nan,nan,nan,nan,nan,-0.011779870546588812,0.0025945857668679133,-0.0005888552152674226,0,0,-0.017580274492502213,0.03795382007956505,15.008544921875,-0.004661689978092909,-8.822169547784142e-06,0.0006031644879840314,0,0,-1000,-1,-2,-3,-0.0013090412830933928,0.00017941954138223082,-0.002072012284770608,-0.004267066717147827,63,3135,0.019909381866455078,12.312,28.76,19,6,10,1.21,831,0.0030596714932471514,0.0002889655879698694,0.007197697181254625,1500,1500,1000,1500,1800,1000,1000,1800
1784593134.8734,1.5001,0.02000,50.01,76,568329,0.000,GUIDED,GUIDED,128,-0.03743442893028259,0.04053312540054321,15.009000778198242,0.0,0.0,0.0,nan,nan,nan,nan,nan,nan,nan,nan,nan,nan,-0.011725621297794975,0.0027159498884950072,-0.0005481253266516587,0,0,-0.017323466017842293,0.0378594733774662,15.00855827331543,-0.004841279238462448,-2.4420683985226788e-05,0.0005719406181015074,0,0,-1000,-1,-3,-1,-0.0013552196323871613,0.00010238197137368843,-0.0021152663975954056,-0.00239885994233191,63,3135,0.019931316375732422,12.312,28.76,19,6,10,1.21,831,0.0030596714932471514,0.0002889655879698694,0.007197697181254625,1500,1500,1000,1500,1800,1000,1000,1800
1784593134.8937,1.5201,0.02033,49.18,77,568349,0.000,GUIDED,GUIDED,128,-0.03743442893028259,0.04053312540054321,15.009000778198242,0.0,0.0,0.0,nan,nan,nan,nan,nan,nan,nan,nan,nan,nan,-0.01122547445643285,0.0025939950200607894,-0.0004908046630618109,0,0,-0.017260201275348663,0.037817273288965225,15.008569717407227,-0.00516656506806612,7.035422459011897e-05,0.0005322392680682242,0,0,-1000,-1,-3,0,-0.0014008580474182963,2.8314057999523357e-05,-0.0021221686620265245,-0.0005739510525017977,63,3135,0.019949674606323242,12.312,28.76,19,6,10,1.21,831,0.0030596714932471514,0.0002889655879698694,0.007197697181254625,1500,1500,1000,1500,1800,1000,1000,1800
1784593134.9134,1.5401,0.01969,50.79,78,568369,0.000,GUIDED,GUIDED,128,-0.03743442893028259,0.04053312540054321,15.009000778198242,0.0,0.0,0.0,nan,nan,nan,nan,nan,nan,nan,nan,nan,nan,-0.011040406762287598,0.0026256513793975573,-0.0002785760292538709,0,0,-0.017058707773685455,0.03774215281009674,15.008581161499023,-0.005389746278524399,9.544824570184574e-05,0.0004031017597299069,0,0,-1000,0,-3,1,-0.0014178698183968663,-4.0608189010526985e-05,-0.002097189659252763,0.0010219996329396963,63,3135,0.019609451293945312,12.312,28.76,19,6,10,1.21,831,0.0030596714932471514,0.0002889655879698694,0.007197697181254625,1500,1500,1000,1500,1800,1000,1000,1800
1784593134.9334,1.5601,0.02003,49.92,79,568389,0.000,GUIDED,GUIDED,128,-0.03743442893028259,0.04053312540054321,15.009000778198242,0.0,0.0,0.0,nan,nan,nan,nan,nan,nan,nan,nan,nan,nan,-0.010805936665066122,0.0025891591547513395,-0.0005020407339449935,0,0,-0.0168939046561718,0.03767723590135574,15.00859260559082,-0.005620266776531935,0.00015399683616124094,0.0005255119176581502,0,0,-1001,1,0,3,-0.0013958526542410254,-6.839677371317521e-05,-0.002044067718088627,0.0024945461191236973,63,3135,0.01995253562927246,12.312,28.76,19,6,10,1.21,831,0.0030596714932471514,0.0002889655879698694,0.007197697181254625,1500,1500,1000,1500,1800,1000,1000,1800
1784593134.9534,1.5801,0.01995,50.12,80,568409,0.000,GUIDED,GUIDED,128,-0.03743442893028259,0.04053312540054321,15.009000778198242,0.0,0.0,0.0,nan,nan,nan,nan,nan,nan,nan,nan,nan,nan,-0.010581253779310703,0.002575194443094671,-0.0007018429542271636,0,0,-0.016713354736566544,0.037602782249450684,15.008604049682617,-0.0058542280457913876,0.00020504520216491073,0.0006342605338431895,0,0,-1001,0,0,4,-0.0014179431600496173,-8.089188486337662e-05,-0.0019662685226649046,0.003617377020418644,63,3135,0.01987624168395996,12.312,28.76,19,6,10,1.21,831,0.004898628685623407,0.000280755601124838,0.007319892756640911,1500,1500,1000,1500,1800,1000,1000,1800
1784593134.9734,1.6001,0.02002,49.94,81,568429,0.000,GUIDED,GUIDED,128,-0.03743442893028259,0.04053312540054321,15.009000778198242,0.0,0.0,0.0,nan,nan,nan,nan,nan,nan,nan,nan,nan,nan,-0.010860820885659817,0.0027584917367380673,-0.0007190865286493309,0,0,-0.016279635950922966,0.037462327629327774,15.008618354797363,-0.005943227559328079,0.00018030997307505459,0.0006359570543281734,0,0,-1001,3,0,5,-0.001350142527371645,-8.950484334491193e-05,-0.0018718659412115812,0.004582884255796671,63,3135,0.0199434757232666,12.312,28.76,19,6,10,1.21,831,0.004898628685623407,0.000280755601124838,0.007319892756640911,1500,1500,1000,1500,1800,1000,1000,1800
1784593134.9934,1.6201,0.02001,49.97,82,568449,0.000,GUIDED,GUIDED,128,-0.03743442893028259,0.04053312540054321,15.009000778198242,0.0,0.0,0.0,nan,nan,nan,nan,nan,nan,nan,nan,nan,nan,-0.010590597461785211,0.002705295342241231,-0.0006759683166678736,0,0,-0.016143595799803734,0.037399910390377045,15.008630752563477,-0.006177783943712711,0.0002470595354679972,0.0006039048894308507,0,0,-1000,3,0,6,-0.001282604644075036,-9.944718476617709e-05,-0.001759432489052415,0.005488251335918903,63,3135,0.019928693771362305,12.312,28.76,19,6,10,1.21,831,0.004898628685623407,0.000280755601124838,0.007319892756640911,1500,1500,1000,1500,1800,1000,1000,1800
1784593135.0134,1.6401,0.01998,50.06,83,568469,0.000,GUIDED,GUIDED,128,-0.03743442893028259,0.04053312540054321,15.009000778198242,0.0,0.0,0.0,nan,nan,nan,nan,nan,nan,nan,nan,nan,nan,-0.010789738214731608,0.0028014205083305224,-0.0006661645416057899,0,0,-0.01578695699572563,0.03728161379694939,15.008644104003906,-0.006268715485930443,0.00025986021501012146,0.0005905362195335329,0,0,-1001,3,0,7,-0.0012186923995614052,-0.00011066107981605455,-0.0016308726044371724,0.006326372269541025,63,3135,0.01989889144897461,12.312,28.76,19,6,10,1.21,831,0.004898628685623407,0.000280755601124838,0.007319892756640911,1500,1500,1000,1500,1800,1000,1000,1800
1784593135.0334,1.6600,0.01996,50.10,84,568489,0.000,GUIDED,GUIDED,128,-0.03743442893028259,0.04053312540054321,15.009000778198242,0.0,0.0,0.0,nan,nan,nan,nan,nan,nan,nan,nan,nan,nan,-0.010887098181192864,0.002878335335434142,-0.0003239220922114712,0,0,-0.015473765321075916,0.037175823003053665,15.008654594421387,-0.0063933259807527065,0.00027653176221065223,0.00038688580389134586,0,0,-1000,0,0,7,-0.001209727954119444,-0.00012187582615297288,-0.0014904593117535114,0.0069646514020860195,63,3135,0.01990032196044922,12.312,28.76,19,6,10,1.21,831,0.004898628685623407,0.000280755601124838,0.007319892756640911,1500,1500,1000,1500,1800,1000,1000,1800
1784593135.0534,1.6801,0.02003,49.91,85,568509,0.000,GUIDED,GUIDED,128,-0.03743442893028259,0.04053312540054321,15.009000778198242,0.0,0.0,0.0,nan,nan,nan,nan,nan,nan,nan,nan,nan,nan,-0.010595809196209656,0.002756199638551941,-0.00042256507067352337,0,0,-0.015396825969219208,0.03713034465909004,15.008666038513184,-0.00660592271015048,0.00037330377381294966,0.0004372301045805216,0,0,-1001,2,0,8,-0.0011514052748680115,-0.00013161514652892947,-0.001337049761787057,0.0074574705213308334,63,3135,0.0199582576751709,12.312,28.76,19,6,10,1.21,831,0.004898628685623407,0.000280755601124838,0.007319892756640911,1500,1500,1000,1500,1800,1000,1000,1800
1784593135.0735,1.7001,0.02005,49.87,86,568529,0.000,GUIDED,GUIDED,128,-0.03743442893028259,0.04053312540054321,15.009000778198242,0.0,0.0,0.0,nan,nan,nan,nan,nan,nan,nan,nan,nan,nan,-0.010606514245563938,0.002798562683569668,-0.000501386645540081,0,0,-0.015145564451813698,0.03704320266842842,15.00868034362793,-0.006744808051735163,0.0003991569101344794,0.00047447870019823313,0,0,-1001,0,0,8,-0.0011607679771259427,-0.00014201704470906407,-0.001183278625831008,0.007529941853135824,63,3135,0.019974946975708008,12.312,28.76,19,6,10,1.21,831,0.004898628685623407,0.000280755601124838,0.007319892756640911,1500,1500,1000,1500,1800,1000,1000,1800
1784593135.0934,1.7201,0.01999,50.03,87,568549,0.000,GUIDED,GUIDED,128,-0.03743442893028259,0.04053312540054321,15.009000778198242,0.0,0.0,0.0,nan,nan,nan,nan,nan,nan,nan,nan,nan,nan,-0.010161580928379965,0.002648231416063234,-0.0004338689145836267,0,0,-0.015104559250175953,0.03700919821858406,15.008692741394043,-0.00702536478638649,0.0005055831861682236,0.00042833946645259857,0,0,-1000,0,0,8,-0.0011778139742091298,-0.00015256517508532852,-0.001028630998916924,0.00756197702139616,63,3135,0.01988363265991211,12.312,28.76,19,6,10,1.21,831,0.004898628685623407,0.000280755601124838,0.007319892756640911,1500,1500,1000,1500,1800,1000,1000,1800
1784593135.1134,1.7401,0.01997,50.07,88,568569,0.000,GUIDED,GUIDED,128,-0.03743442893028259,0.04053312540054321,15.009000778198242,0.0,0.0,0.0,nan,nan,nan,nan,nan,nan,nan,nan,nan,nan,-0.010022736745176357,0.002586578273080043,-0.0003877923312474427,0,0,-0.014914719387888908,0.03694155439734459,15.008705139160156,-0.0072151306085288525,0.0005802328232675791,0.0003945792850572616,0,0,-1000,0,0,8,-0.0011953255161643028,-0.0001633118517929688,-0.0008740306366235018,0.007584699429571629,63,3135,0.019893169403076172,12.312,28.76,19,6,10,1.21,831,0.004898628685623407,0.000280755601124838,0.007319892756640911,1500,1500,1000,1500,1800,1000,1000,1800
1784593135.1334,1.7601,0.02000,50.01,89,568589,0.000,GUIDED,GUIDED,128,-0.03743442893028259,0.04053312540054321,15.009000778198242,0.0,0.0,0.0,nan,nan,nan,nan,nan,nan,nan,nan,nan,nan,-0.009913751253247215,0.002500038610995457,-0.00035143405855475807,0,0,-0.01475825347006321,0.036884695291519165,15.00871753692627,-0.007368389051407576,0.000663024140521884,0.0003664299729280174,0,0,-1000,0,0,8,-0.0012107763905078173,-0.00017423993267584592,-0.0007193002384155989,0.007607458159327507,63,3135,0.019917726516723633,12.312,28.76,19,6,10,1.21,831,0.004898628685623407,0.000280755601124838,0.007319892756640911,1500,1500,1000,1500,1800,1000,1000,1800
1784593135.1537,1.7801,0.02030,49.26,90,568609,0.000,GUIDED,GUIDED,128,-0.03743442893028259,0.04053312540054321,15.009000778198242,0.0,0.0,0.0,nan,nan,nan,nan,nan,nan,nan,nan,nan,nan,-0.009773929613679046,0.0025148275327932464,-0.0002737913730484791,0,0,-0.014612576924264431,0.036761581897735596,15.008727073669434,-0.007533221505582333,0.0007255653035826981,0.00031609690631739795,0,0,-1000,0,0,8,-0.001225292682647705,-0.0001818696182454005,-0.0005609728395938873,0.0076522016897797585,63,3135,0.020209312438964844,12.312,28.76,19,6,10,1.21,831,0.004317422863095999,0.0002733112487476319,0.007607190404087305,1500,1500,1000,1500,1800,1000,1000,1800
1784593135.1734,1.8001,0.01967,50.84,91,568629,0.000,GUIDED,GUIDED,128,-0.03743442893028259,0.04053312540054321,15.009000778198242,0.0,0.0,0.0,nan,nan,nan,nan,nan,nan,nan,nan,nan,nan,-0.010188638730858889,0.0028428503500993975,-0.00023173661541214867,0,0,-0.014212469570338726,0.036519985646009445,15.00873851776123,-0.007524791173636913,0.00067566690267995,0.0002852093311958015,0,0,-1000,0,0,8,-0.0012366382870823145,-0.00018878307309933007,-0.00040434327092953026,0.007651007734239101,63,3135,0.019606828689575195,12.312,28.76,19,6,10,1.21,831,0.004317422863095999,0.0002733112487476319,0.007607190404087305,1500,1500,1000,1500,1800,1000,1000,1800
1784593135.1934,1.8201,0.02003,49.94,92,568649,0.000,GUIDED,GUIDED,128,-0.03743442893028259,0.04053312540054321,15.009000778198242,0.0,0.0,0.0,nan,nan,nan,nan,nan,nan,nan,nan,nan,nan,-0.009943014311765825,0.0028412242870147937,-7.75311952010387e-05,0,0,-0.014108034782111645,0.03641505539417267,15.008746147155762,-0.007726897951215506,0.0007371872197836637,0.00019177395734004676,0,0,-1000,0,0,8,-0.0012227869592607021,-0.00019376602722331882,-0.00024785756249912083,0.007682739291340113,63,3135,0.01994013786315918,12.312,28.76,19,6,10,1.21,831,0.004317422863095999,0.0002733112487476319,0.007607190404087305,1500,1500,1000,1500,1800,1000,1000,1800
1784593135.2134,1.8401,0.02001,49.98,93,568669,0.000,GUIDED,GUIDED,128,-0.03743442893028259,0.04053312540054321,15.009000778198242,0.0,0.0,0.0,nan,nan,nan,nan,nan,nan,nan,nan,nan,nan,-0.010167494423576166,0.0031019523725005337,-8.794974275066694e-05,0,0,-0.013782995752990246,0.036207184195518494,15.00875473022461,-0.00778495566919446,0.0007066702819429338,0.00019283367146272212,0,0,-1001,1,-1,8,-0.0012124150525778532,-0.00022675948275718838,-9.623064397601411e-05,0.007505091838538647,63,3135,0.019927501678466797,12.312,28.76,19,6,10,1.21,831,0.004317422863095999,0.0002733112487476319,0.007607190404087305,1500,1500,1000,1500,1800,1000,1000,1800
1784593135.2334,1.8601,0.01996,50.09,94,568689,0.000,GUIDED,GUIDED,128,-0.03743442893028259,0.04053312540054321,15.009000778198242,0.0,0.0,0.0,nan,nan,nan,nan,nan,nan,nan,nan,nan,nan,-0.010300669356847363,0.003244580145811574,-8.227363003564616e-05,0,0,-0.013500782661139965,0.036018725484609604,15.008763313293457,-0.00787100289016962,0.0007331307861022651,0.00018460112914908677,0,0,-1001,0,1,8,-0.0011939214309677482,-0.00019207799050491303,4.729611100628972e-05,0.0071216425858438015,63,3135,0.019901037216186523,12.312,28.76,19,6,10,1.21,831,0.004317422863095999,0.0002733112487476319,0.007607190404087305,1500,1500,1000,1500,1800,1000,1000,1800
1784593135.2534,1.8801,0.02003,49.92,95,568709,0.000,GUIDED,GUIDED,128,-0.03743442893028259,0.04053312540054321,15.009000778198242,0.0,0.0,0.0,nan,nan,nan,nan,nan,nan,nan,nan,nan,nan,-0.009949532848592705,0.003180720491013172,-0.00019434827307188282,0,0,-0.01345432922244072,0.035939063876867294,15.008770942687988,-0.008100551553070545,0.0008159928256645799,0.0002449026214890182,0,0,-1001,2,0,7,-0.0011654746485874057,-0.00022247288143262267,0.00018589109822642058,0.0067013930529356,63,3135,0.019953012466430664,12.312,28.76,19,6,10,1.21,831,0.004317422863095999,0.0002733112487476319,0.007607190404087305,1500,1500,1000,1500,1800,1000,1000,1800
1784593135.2734,1.9001,0.01999,50.03,96,568729,0.000,GUIDED,GUIDED,128,-0.03743442893028259,0.04053312540054321,15.009000778198242,0.0,0.0,0.0,nan,nan,nan,nan,nan,nan,nan,nan,nan,nan,-0.009970948929604683,0.0032870414493028494,-0.00014927224471323784,0,0,-0.013233842328190804,0.035778846591711044,15.008784294128418,-0.008215485140681267,0.0008471098844893277,0.00021116950665600598,0,0,-1001,0,0,7,-0.0011837464990094304,-0.00022870898828841746,0.0003147301613353193,0.006212229840457439,63,3135,0.01992034912109375,12.312,28.76,19,6,10,1.21,831,0.004317422863095999,0.0002733112487476319,0.007607190404087305,1500,1500,1000,1500,1800,1000,1000,1800
1784593135.2934,1.9201,0.02005,49.88,97,568749,0.000,GUIDED,GUIDED,128,-0.03743442893028259,0.04053312540054321,15.009000778198242,0.0,0.0,0.0,nan,nan,nan,nan,nan,nan,nan,nan,nan,nan,-0.009593473017831408,0.003131680433324225,-9.293174210072455e-05,0,0,-0.01322226319462061,0.035715196281671524,15.00879192352295,-0.008440106175839901,0.0009735561325214803,0.00017423646932002157,0,0,-1000,1,1,6,-0.0011622573947533965,-0.00021752124303020537,0.00043171129073016346,0.00567087484523654,63,3135,0.01994466781616211,12.312,28.76,19,6,10,1.21,831,0.004317422863095999,0.0002733112487476319,0.007607190404087305,1500,1500,1000,1500,1800,1000,1000,1800
1784593135.3134,1.9401,0.01997,50.07,98,568769,0.000,GUIDED,GUIDED,128,-0.03743442893028259,0.04053312540054321,15.009000778198242,0.0,0.0,0.0,nan,nan,nan,nan,nan,nan,nan,nan,nan,nan,-0.009485648710534469,0.00318344352983585,-4.3152684084849364e-05,0,0,-0.013061350211501122,0.03558340668678284,15.00880241394043,-0.008595261722803116,0.0010197594529017806,0.00013943987141828984,0,0,-1000,1,1,6,-0.0011418884387239814,-0.0002071289054583758,0.0005368860438466072,0.005089214071631432,63,3135,0.019892454147338867,12.312,28.76,19,6,10,1.21,831,0.004317422863095999,0.0002733112487476319,0.007607190404087305,1500,1500,1000,1500,1800,1000,1000,1800
1784593135.3334,1.9601,0.02000,50.01,99,568789,0.000,GUIDED,GUIDED,128,-0.03743442893028259,0.04053312540054321,15.009000778198242,0.0,0.0,0.0,nan,nan,nan,nan,nan,nan,nan,nan,nan,nan,-0.009283910663166133,0.0031966369217568753,5.0518801918584156e-05,0,0,-0.012943089939653873,0.0354691781103611,15.008811950683594,-0.008780012838542461,0.0010780921438708901,7.985257252585143e-05,0,0,-1000,1,0,5,-0.0011229724623262882,-0.00019749667262658477,0.0006341901607811451,0.004512601997703314,63,3135,0.01991748809814453,12.312,28.76,19,6,10,1.21,831,0.004317422863095999,0.0002733112487476319,0.007607190404087305,1500,1500,1000,1500,1800,1000,1000,1800
1784593135.3534,1.9801,0.01998,50.06,100,568809,0.000,GUIDED,GUIDED,128,-0.03743442893028259,0.04053312540054321,15.009000778198242,0.0,0.0,0.0,nan,nan,nan,nan,nan,nan,nan,nan,nan,nan,-0.009075247770640948,0.0033429883964214077,6.394054388011486e-05,0,0,-0.012839505448937416,0.03527708724141121,15.008818626403809,-0.00896028894931078,0.001104499795474112,6.824929732829332e-05,0,0,-1001,1,0,4,-0.0011039411183446646,-0.00018566691142041236,0.0007192956400103867,0.003980080597102642,63,3135,0.01990222930908203,12.312,28.76,19,6,10,1.21,831,0.005251292604953051,0.00026707470533438027,0.0075029972940683365,1500,1500,1000,1500,1800,1000,1000,1800
1784593135.3734,2.0001,0.02006,49.86,101,568829,0.000,GUIDED,GUIDED,128,-0.03743442893028259,0.04053312540054321,15.009000778198242,0.0,0.0,0.0,nan,nan,nan,nan,nan,nan,nan,nan,nan,nan,-0.009373170928672668,0.0038959739190752756,0.00010317445192163737,0,0,-0.012493676505982876,0.03489706292748451,15.008828163146973,-0.00898794736713171,0.0010046405950561166,4.009154872619547e-05,0,0,-1000,1,0,4,-0.0010843313066288829,-0.00017217925051227212,0.0007925642421469092,0.003450268879532814,63,3135,0.019925355911254883,12.312,28.76,19,6,10,1.21,831,0.005251292604953051,0.00026707470533438027,0.0075029972940683365,1500,1500,1000,1500,1800,1000,1000,1800
1784593135.3937,2.0201,0.02030,49.25,102,568849,0.000,GUIDED,GUIDED,128,-0.03743442893028259,0.04053312540054321,15.009000778198242,0.0,0.0,0.0,nan,nan,nan,nan,nan,nan,nan,nan,nan,nan,-0.009595323407641979,0.004410165106530744,0.00012231015052521858,0,0,-0.012196468189358711,0.03455037251114845,15.00883674621582,-0.009031280875205994,0.0009079339797608554,2.4088110876618885e-05,0,0,-1001,1,0,3,-0.0010655419901013374,-0.00015976245049387217,0.0008545239106751978,0.002942341845482588,63,3135,0.019933700561523438,12.312,28.76,19,6,10,1.21,831,0.005251292604953051,0.00026707470533438027,0.0075029972940683365,1500,1500,1000,1500,1800,1000,1000,1800
1784593135.4134,2.0401,0.01966,50.86,103,568869,0.000,GUIDED,GUIDED,128,-0.03743442893028259,0.04053312540054321,15.009000778198242,0.0,0.0,0.0,nan,nan,nan,nan,nan,nan,nan,nan,nan,nan,-0.009321501228992581,0.004470934867244916,0.00018040499632950433,0,0,-0.012156178243458271,0.03439787030220032,15.008841514587402,-0.009212633594870567,0.0009608957334421575,-1.22059846034972e-05,0,0,-1000,1,0,3,-0.0010490758577361703,-0.00014859301154501736,0.0009063489269465208,0.0024258671328425407,63,3135,0.019583940505981445,12.312,28.76,19,6,10,1.21,831,0.005251292604953051,0.00026707470533438027,0.0075029972940683365,1500,1500,1000,1500,1800,1000,1000,1800
1784593135.4334,2.0601,0.02003,49.92,104,568889,0.000,GUIDED,GUIDED,128,-0.03743442893028259,0.04053312540054321,15.009000778198242,0.0,0.0,0.0,nan,nan,nan,nan,nan,nan,nan,nan,nan,nan,-0.009425850179863686,0.00482677244350679,0.0002213551916820317,0,0,-0.0119314631447196,0.03409609943628311,15.008848190307617,-0.009282127022743225,0.000929680303670466,-3.97028197767213e-05,0,0,-1001,1,0,2,-0.0010316453408449888,-0.00013745315663982183,0.0009515096317045391,0.0019705570302903652,63,3135,0.019948244094848633,12.312,28.76,19,6,10,1.21,831,0.005251292604953051,0.00026707470533438027,0.0075029972940683365,1500,1500,1000,1500,1800,1000,1000,1800
1784593135.4534,2.0801,0.02000,50.00,105,568909,0.000,GUIDED,GUIDED,128,-0.03743442893028259,0.04053312540054321,15.009000778198242,0.0,0.0,0.0,nan,nan,nan,nan,nan,nan,nan,nan,nan,nan,-0.009424856969275607,0.00520932203693852,0.00022640223512445875,0,0,-0.011737905442714691,0.03382011502981186,15.008858680725098,-0.009394451044499874,0.0008681548642925918,-4.86733770230785e-05,0,0,-1001,1,0,2,-0.0010154827032238245,-0.00012745687854476273,0.000987438834272325,0.0015210434794425964,63,3135,0.019919395446777344,12.312,28.76,19,6,10,1.21,831,0.005251292604953051,0.00026707470533438027,0.0075029972940683365,1500,1500,1000,1500,1800,1000,1000,1800
1784593135.4734,2.1001,0.01995,50.14,106,568929,0.000,GUIDED,GUIDED,128,-0.03743442893028259,0.04053312540054321,15.009000778198242,0.0,0.0,0.0,nan,nan,nan,nan,nan,nan,nan,nan,nan,nan,-0.009052168478550188,0.005197971896434115,0.000234077106313102,0,0,-0.011750818230211735,0.03370089456439018,15.00886344909668,-0.009602167643606663,0.0009435398387722671,-5.585748658631928e-05,0,0,-1000,1,0,2,-0.00100051611661911,-0.00011829913273686543,0.001015544985421002,0.001132788835093379,63,3135,0.01988077163696289,12.312,28.76,19,6,10,1.21,831,0.005251292604953051,0.00026707470533438027,0.0075029972940683365,1500,1500,1000,1500,1800,1000,1000,1800
1784593135.4934,2.1201,0.02003,49.92,107,568949,0.000,GUIDED,GUIDED,128,-0.03743442893028259,0.04053312540054321,15.009000778198242,0.0,0.0,0.0,nan,nan,nan,nan,nan,nan,nan,nan,nan,nan,-0.009026359942170131,0.00543778500451422,0.00025833947931218565,0,0,-0.01161467656493187,0.03346330672502518,15.008872032165527,-0.009695669636130333,0.000942255079280585,-7.482081127818674e-05,0,0,-1001,1,0,1,-0.0009863980812951922,-0.00010905130329774693,0.0010331228841096163,0.0006523429183289409,63,3135,0.019953250885009766,12.312,28.76,19,6,10,1.21,831,0.005251292604953051,0.00026707470533438027,0.0075029972940683365,1500,1500,1000,1500,1800,1000,1000,1800
1784593135.5134,2.1401,0.02001,49.97,108,568969,0.000,GUIDED,GUIDED,128,-0.03743442893028259,0.04053312540054321,15.009000778198242,0.0,0.0,0.0,nan,nan,nan,nan,nan,nan,nan,nan,nan,nan,-0.00859706377283298,0.0053694717874015465,0.00032072906511630337,0,0,-0.011658160015940666,0.03336358442902565,15.008874893188477,-0.00991841871291399,0.0010392704280093312,-0.00011249326780671254,0,0,-1000,1,0,1,-0.0009733355836942792,-0.00010222094715572894,0.0010425325017422438,0.00026315561262890697,63,3135,0.019933462142944336,12.312,28.76,19,6,10,1.21,831,0.005251292604953051,0.00026707470533438027,0.0075029972940683365,1500,1500,1000,1500,1800,1000,1000,1800
1784593135.5334,2.1601,0.02001,49.97,109,568989,0.000,GUIDED,GUIDED,128,-0.03743442893028259,0.04053312540054321,15.009000778198242,0.0,0.0,0.0,nan,nan,nan,nan,nan,nan,nan,nan,nan,nan,-0.008487829234398392,0.005600914835293177,0.0003395899341485055,0,0,-0.011572056449949741,0.03316010907292366,15.008881568908691,-0.010031197220087051,0.0010231232736259699,-0.00012723682448267937,0,0,-1001,1,0,0,-0.0009613587171770632,-9.560926991980523e-05,0.001046563615091145,-5.3277937695384026e-05,63,3135,0.019928455352783203,12.312,28.76,19,6,10,1.21,831,0.005251292604953051,0.00026707470533438027,0.0075029972940683365,1500,1500,1000,1500,1800,1000,1000,1800
1784593135.5534,2.1801,0.01997,50.07,110,569009,0.000,GUIDED,GUIDED,128,-0.03743442893028259,0.04053312540054321,15.009000778198242,0.0,0.0,0.0,nan,nan,nan,nan,nan,nan,nan,nan,nan,nan,-0.008915201098812636,0.006289032246339852,0.00033632089708088514,0,0,-0.011248098686337471,0.03271527960896492,15.008893013000488,-0.009971491061151028,0.0008826609118841588,-0.00013195669453125447,0,0,-1001,1,0,0,-0.0009477059938944876,-8.72826058184728e-05,0.001043519820086658,-0.0004424170183483511,63,3135,0.019892215728759766,12.312,28.76,19,6,10,1.21,831,0.004397628363221884,0.00026231634547002614,0.0075323088094592094,1500,1500,1000,1500,1800,1000,1000,1800
1784593135.5735,2.2001,0.02009,49.79,111,569029,0.000,GUIDED,GUIDED,128,-0.03743442893028259,0.04053312540054321,15.009000778198242,0.0,0.0,0.0,nan,nan,nan,nan,nan,nan,nan,nan,nan,nan,-0.008699559515980372,0.006449040589564743,0.0004777497526730458,0,0,-0.011204207316040993,0.03251580893993378,15.008895874023438,-0.010121332481503487,0.0009054444963112473,-0.00021526249474845827,0,0,-1000,1,0,0,-0.0009340173564851284,-9.50005924096331e-05,0.0010324670001864433,-0.0007665857556276023,63,3135,0.02000284194946289,12.312,28.76,19,6,10,1.21,831,0.004397628363221884,0.00026231634547002614,0.0075323088094592094,1500,1500,1000,1500,1800,1000,1000,1800
1784593135.5934,2.2201,0.01991,50.23,112,569049,0.000,GUIDED,GUIDED,128,-0.03743442893028259,0.04053312540054321,15.009000778198242,0.0,0.0,0.0,nan,nan,nan,nan,nan,nan,nan,nan,nan,nan,-0.008902489393848526,0.007011085201031869,0.0005133830420585811,0,0,-0.01094975508749485,0.03212498873472214,15.008903503417969,-0.010151078924536705,0.0008065880392678082,-0.00024024021695367992,0,0,-1000,1,-1,0,-0.0009212842560373247,-0.00014146181638352573,0.0010163499973714352,-0.0010276874527335167,63,3135,0.019823312759399414,12.312,28.76,19,6,10,1.21,831,0.004397628363221884,0.00026231634547002614,0.0075323088094592094,1500,1500,1000,1500,1800,1000,1000,1800
1784593135.6134,2.2401,0.02000,50.00,113,569069,0.000,GUIDED,GUIDED,128,-0.03743442893028259,0.04053312540054321,15.009000778198242,0.0,0.0,0.0,nan,nan,nan,nan,nan,nan,nan,nan,nan,nan,-0.008610928759187588,0.00707680721999462,0.0005228110454682489,0,0,-0.010941360145807266,0.03195088356733322,15.008903503417969,-0.010324258357286453,0.000869163079187274,-0.00024568347726017237,0,0,-1001,1,-1,0,-0.0009090977837331593,-0.00018655495659913868,0.0009926793863996863,-0.0013525162357836962,63,3135,0.019922733306884766,12.312,28.76,19,6,10,1.21,831,0.004397628363221884,0.00026231634547002614,0.0075323088094592094,1500,1500,1000,1500,1800,1000,1000,1800
1784593135.6334,2.2601,0.02004,49.91,114,569089,0.000,GUIDED,GUIDED,128,-0.03743442893028259,0.04053312540054321,15.009000778198242,0.0,0.0,0.0,nan,nan,nan,nan,nan,nan,nan,nan,nan,nan,-0.008745631399155403,0.007530174645704379,0.000528614988179138,0,0,-0.01074780523777008,0.03160826116800308,15.008909225463867,-0.010358236730098724,0.0008052244083955884,-0.0002523380098864436,0,0,-1001,1,-1,0,-0.0008966426248662174,-0.000230795398238115,0.0009626973769627512,-0.0016829157248139381,63,3135,0.019956588745117188,12.312,28.76,19,6,10,1.21,831,0.004397628363221884,0.00026231634547002614,0.0075323088094592094,1500,1500,1000,1500,1800,1000,1000,1800
1784593135.6537,2.2801,0.02029,49.28,115,569109,0.000,GUIDED,GUIDED,128,-0.03743442893028259,0.04053312540054321,15.009000778198242,0.0,0.0,0.0,nan,nan,nan,nan,nan,nan,nan,nan,nan,nan,-0.008837756924438622,0.00791177480919501,0.0004338214218167591,0,0,-0.01059007178992033,0.031294845044612885,15.008919715881348,-0.010396115481853485,0.0007658583344891667,-0.00020366556418593973,0,0,-1001,1,-2,0,-0.0008766885730437934,-0.00028651082538999617,0.0009308708249591291,-0.001912456820718944,63,3135,0.020212173461914062,12.312,28.76,19,6,10,1.21,831,0.004397628363221884,0.00026231634547002614,0.0075323088094592094,1500,1500,1000,1500,1800,1000,1000,1800
1784593135.6734,2.3001,0.01968,50.81,116,569129,0.000,GUIDED,GUIDED,128,-0.03743442893028259,0.04053312540054321,15.009000778198242,0.0,0.0,0.0,nan,nan,nan,nan,nan,nan,nan,nan,nan,nan,-0.008544446501073635,0.007875519483798636,0.0003910221587368214,0,0,-0.010629738681018353,0.031157322227954865,15.008922576904297,-0.010542556643486023,0.000866189191583544,-0.0001806072104955092,0,0,-1001,1,-1,0,-0.0008672382682561874,-0.0003229347930755466,0.000900798651855439,-0.0018267702544108033,63,3135,0.01959824562072754,12.312,28.76,19,6,10,1.21,831,0.004397628363221884,0.00026231634547002614,0.0075323088094592094,1500,1500,1000,1500,1800,1000,1000,1800
1784593135.6934,2.3201,0.01998,50.04,117,569149,0.000,GUIDED,GUIDED,128,-0.03743442893028259,0.04053312540054321,15.009000778198242,0.0,0.0,0.0,nan,nan,nan,nan,nan,nan,nan,nan,nan,nan,-0.00846518486045893,0.00807375292842741,0.00038253680261495795,0,0,-0.010526297613978386,0.03088761866092682,15.008932113647461,-0.010648040100932121,0.0009074524859897792,-0.0001812142290873453,0,0,-1001,0,-3,0,-0.0008573663653805852,-0.0003934930427931249,0.0008720692712813616,-0.0017182095907628536,63,3135,0.019900798797607422,12.312,28.76,19,6,10,1.21,831,0.004397628363221884,0.00026231634547002614,0.0075323088094592094,1500,1500,1000,1500,1800,1000,1000,1800
1784593135.7134,2.3401,0.02000,49.99,118,569169,0.000,GUIDED,GUIDED,128,-0.03743442893028259,0.04053312540054321,15.009000778198242,0.0,0.0,0.0,nan,nan,nan,nan,nan,nan,nan,nan,nan,nan,-0.008057811479075524,0.007897035697471404,0.0004796678305020286,0,0,-0.0105950478464365,0.030773699283599854,15.008933067321777,-0.010843544267117977,0.001075251610018313,-0.00023784345830790699,0,0,-1000,1,0,0,-0.0008500606054440141,-0.0004207418533042073,0.0008456443902105093,-0.001563188387081027,63,3135,0.019927024841308594,12.312,28.76,19,6,10,1.21,831,0.004397628363221884,0.00026231634547002614,0.0075323088094592094,1500,1500,1000,1500,1800,1000,1000,1800
1784593135.7334,2.3601,0.02001,49.97,119,569189,0.000,GUIDED,GUIDED,128,-0.03743442893028259,0.04053312540054321,15.009000778198242,0.0,0.0,0.0,nan,nan,nan,nan,nan,nan,nan,nan,nan,nan,-0.007983333771474168,0.00803086507951164,0.0004931564908266277,0,0,-0.010539175942540169,0.03054463118314743,15.008939743041992,-0.01091880165040493,0.0011302377097308636,-0.0002494853688403964,0,0,-1000,0,-2,0,-0.0008418139186687768,-0.0004714392707683146,0.0008221130701713264,-0.0014496456133201718,63,3135,0.019940614700317383,12.312,28.76,19,6,10,1.21,831,0.004397628363221884,0.00026231634547002614,0.0075323088094592094,1500,1500,1000,1500,1800,1000,1000,1800
1784593135.7534,2.3801,0.02001,49.97,120,569209,0.000,GUIDED,GUIDED,128,-0.03743442893028259,0.04053312540054321,15.009000778198242,0.0,0.0,0.0,nan,nan,nan,nan,nan,nan,nan,nan,nan,nan,-0.008342559850412008,0.00858983064102396,0.0004962686621513192,0,0,-0.010263298638164997,0.030107267200946808,15.008952140808105,-0.010870680212974548,0.0010600310051813722,-0.00025844003539532423,0,0,-1001,1,0,0,-0.0008192752720788121,-0.0004735104739665985,0.0008034729980863631,-0.001300484174862504,63,3135,0.019918203353881836,12.312,28.76,19,6,10,1.21,831,0.003705386770889163,0.00025851686950773,0.007248671259731054,1500,1500,1000,1500,1800,1000,1000,1800
1784593135.7734,2.4001,0.01998,50.04,121,569229,0.000,GUIDED,GUIDED,128,-0.03743442893028259,0.04053312540054321,15.009000778198242,0.0,0.0,0.0,nan,nan,nan,nan,nan,nan,nan,nan,nan,nan,-0.008129203199487095,0.008622279574167774,0.00047703902952570335,0,0,-0.010251886211335659,0.02991444244980812,15.008955001831055,-0.011000450700521469,0.0011526240268722177,-0.0002489896141923964,0,0,-1001,0,-3,0,-0.000823665177449584,-0.0005441679386422038,0.0007850541733205318,-0.0011986390454694629,63,3135,0.01990485191345215,12.312,28.76,19,6,10,1.21,831,0.003705386770889163,0.00025851686950773,0.007248671259731054,1500,1500,1000,1500,1800,1000,1000,1800
1784593135.7934,2.4201,0.01999,50.02,122,569249,0.000,GUIDED,GUIDED,128,-0.03743442893028259,0.04053312540054321,15.009000778198242,0.0,0.0,0.0,nan,nan,nan,nan,nan,nan,nan,nan,nan,nan,-0.008332553306428094,0.009041260200266358,0.00043738579105724476,0,0,-0.010042019188404083,0.02953396365046501,15.008965492248535,-0.011004213243722916,0.0011303949868306518,-0.0002321524516446516,0,0,-1001,2,0,0,-0.0007894746959209442,-0.0005284966318868101,0.0007685092277824879,-0.0011167357442900538,63,3135,0.01990532875061035,12.312,28.76,19,6,10,1.21,831,0.003705386770889163,0.00025851686950773,0.007248671259731054,1500,1500,1000,1500,1800,1000,1000,1800
1784593135.8134,2.4401,0.02000,50.00,123,569269,0.000,GUIDED,GUIDED,128,-0.03743442893028259,0.04053312540054321,15.009000778198242,0.0,0.0,0.0,nan,nan,nan,nan,nan,nan,nan,nan,nan,nan,-0.008041480575111008,0.008960860174684821,0.0004970721144376331,0,0,-0.010063051246106625,0.029368938878178596,15.008968353271484,-0.01116012129932642,0.0012720910599455237,-0.000268264178885147,0,0,-1000,0,-2,0,-0.0008086545276455581,-0.0005916081136092544,0.0007526956032961607,-0.0010304502211511135,63,3135,0.019923686981201172,12.312,28.76,19,6,10,1.21,831,0.003705386770889163,0.00025851686950773,0.007248671259731054,1500,1500,1000,1500,1800,1000,1000,1800
1784593135.8334,2.4600,0.01996,50.09,124,569289,0.000,GUIDED,GUIDED,128,-0.03743442893028259,0.04053312540054321,15.009000778198242,0.0,0.0,0.0,nan,nan,nan,nan,nan,nan,nan,nan,nan,nan,-0.008187125652521061,0.00924686176732854,0.00048456704980706406,0,0,-0.009910264983773232,0.029039496555924416,15.008976936340332,-0.011164244264364243,0.0012971715768799186,-0.0002659998135641217,0,0,-1001,2,1,0,-0.0007661734125576913,-0.0005682609044015408,0.0007390838582068682,-0.0009366386802867055,63,3135,0.019901275634765625,12.312,28.76,19,6,10,1.21,831,0.003705386770889163,0.00025851686950773,0.007248671259731054,1500,1500,1000,1500,1800,1000,1000,1800
1784593135.8534,2.4801,0.02007,49.82,125,569309,0.000,GUIDED,GUIDED,128,-0.03743442893028259,0.04053312540054321,15.009000778198242,0.0,0.0,0.0,nan,nan,nan,nan,nan,nan,nan,nan,nan,nan,-0.008293614166921304,0.009478412510660714,0.00046243751376370015,0,0,-0.009791066870093346,0.028740843757987022,15.008989334106445,-0.011171582154929638,0.001335912966169417,-0.000260381173575297,0,0,-1001,-1,-1,0,-0.000813027611002326,-0.0006284271366894245,0.0007298322161659598,-0.0008274755673483014,63,3135,0.019993305206298828,12.312,28.76,19,6,10,1.21,831,0.003705386770889163,0.00025851686950773,0.007248671259731054,1500,1500,1000,1500,1800,1000,1000,1800
1784593135.8734,2.5000,0.01992,50.19,126,569329,0.000,GUIDED,GUIDED,128,-0.03743442893028259,0.04053312540054321,15.009000778198242,0.0,0.0,0.0,nan,nan,nan,nan,nan,nan,nan,nan,nan,nan,-0.00792402945201496,0.009286324563372562,0.000498969957499113,0,0,-0.00985732302069664,0.02861771360039711,15.008992195129395,-0.011346708983182907,0.0015179042238742113,-0.0002831250021699816,0,0,-1001,1,0,0,-0.0007701413705945015,-0.0006405149470083416,0.0007209069444797933,-0.0007836552686057985,63,3135,0.019855499267578125,12.312,28.76,19,6,10,1.21,831,0.003705386770889163,0.00025851686950773,0.007248671259731054,1500,1500,1000,1500,1800,1000,1000,1800
1784593135.8937,2.5200,0.02033,49.19,127,569349,0.000,GUIDED,GUIDED,128,-0.03743442893028259,0.04053312540054321,15.009000778198242,0.0,0.0,0.0,nan,nan,nan,nan,nan,nan,nan,nan,nan,nan,-0.007880151670149937,0.009423672200947713,0.0004511640265592823,0,0,-0.009789776057004929,0.02836538292467594,15.009001731872559,-0.011411040090024471,0.0015842897119000554,-0.00026103027630597353,0,0,-1001,0,-1,0,-0.0007919723866507411,-0.0006847091135568917,0.0007149053853936493,-0.0006035248516127467,63,3135,0.019944429397583008,12.312,28.76,19,6,10,1.21,831,0.003705386770889163,0.00025851686950773,0.007248671259731054,1500,1500,1000,1500,1800,1000,1000,1800
1784593135.9134,2.5401,0.01968,50.81,128,569369,0.000,GUIDED,GUIDED,128,-0.03743442893028259,0.04053312540054321,15.009000778198242,0.0,0.0,0.0,nan,nan,nan,nan,nan,nan,nan,nan,nan,nan,-0.007469338454979546,0.009226332082175688,0.0004497311807901712,0,0,-0.009883129969239235,0.028266802430152893,15.009003639221191,-0.011594325304031372,0.0017551395576447248,-0.00026130423066206276,0,0,-1001,0,-1,0,-0.0007726941257715225,-0.0007116625783964992,0.0007090868894010782,-0.0005585555336438119,63,3135,0.019617795944213867,12.312,28.76,19,6,10,1.21,831,0.003705386770889163,0.00025851686950773,0.007248671259731054,1500,1500,1000,1500,1800,1000,1000,1800
1784593135.9334,2.5601,0.02002,49.94,129,569389,0.000,GUIDED,GUIDED,128,-0.03743442893028259,0.04053312540054321,15.009000778198242,0.0,0.0,0.0,nan,nan,nan,nan,nan,nan,nan,nan,nan,nan,-0.00733217173141339,0.00918291055175723,0.0004187853113747161,0,0,-0.009860790334641933,0.02805623784661293,15.009011268615723,-0.0116864163428545,0.0019017785089090466,-0.0002478424576111138,0,0,-1001,0,0,0,-0.0007837129523977637,-0.0007387291989289224,0.0007054570596665144,-0.00047331867972388864,63,3135,0.019948244094848633,12.312,28.76,19,6,10,1.21,831,0.003705386770889163,0.00025851686950773,0.007248671259731054,1500,1500,1000,1500,1800,1000,1000,1800
1784593135.9534,2.5801,0.02002,49.95,130,569409,0.000,GUIDED,GUIDED,128,-0.03743442893028259,0.04053312540054321,15.009000778198242,0.0,0.0,0.0,nan,nan,nan,nan,nan,nan,nan,nan,nan,nan,-0.007719706620506937,0.009607858723573367,0.0004295818165157231,0,0,-0.009623323567211628,0.027656517922878265,15.009025573730469,-0.011599774472415447,0.001887212973088026,-0.0002623348846100271,0,0,-1001,0,-2,0,-0.0007631694315932691,-0.0007919960771687329,0.0007055858732201159,-0.00039796147029846907,63,3135,0.01992940902709961,12.312,28.76,19,6,10,1.21,831,0.003200790612027049,0.0002545984461903572,0.007376337423920631,1500,1500,1000,1500,1800,1000,1000,1800
1784593135.9734,2.6001,0.01995,50.12,131,569429,0.000,GUIDED,GUIDED,128,-0.03743442893028259,0.04053312540054321,15.009000778198242,0.0,0.0,0.0,nan,nan,nan,nan,nan,nan,nan,nan,nan,nan,-0.007526416331264791,0.009497561999725731,0.0004905675155538399,0,0,-0.009637176059186459,0.027491122484207153,15.009028434753418,-0.011703372932970524,0.0020463839173316956,-0.00029919680673629045,0,0,-1001,1,0,0,-0.0007576699135825038,-0.0007981077651493251,0.0007059751078486443,-0.0003135558217763901,63,3135,0.019888639450073242,12.312,28.76,19,6,10,1.21,831,0.003200790612027049,0.0002545984461903572,0.007376337423920631,1500,1500,1000,1500,1800,1000,1000,1800
1784593135.9934,2.6201,0.02005,49.89,132,569449,0.000,GUIDED,GUIDED,128,-0.03743442893028259,0.04053312540054321,15.009000778198242,0.0,0.0,0.0,nan,nan,nan,nan,nan,nan,nan,nan,nan,nan,-0.007684800895176612,0.009736881632406515,0.0005166310780405481,0,0,-0.009462108835577965,0.027148710563778877,15.009039878845215,-0.011713004671037197,0.0021059042774140835,-0.00032085186103358865,0,0,-1001,0,-2,0,-0.000769920414313674,-0.0008632353856228292,0.0007063713856041431,-0.00028846447821706533,63,3135,0.01995849609375,12.312,28.76,19,6,10,1.21,831,0.003200790612027049,0.0002545984461903572,0.007376337423920631,1500,1500,1000,1500,1800,1000,1000,1800
1784593136.0134,2.6401,0.01997,50.08,133,569469,0.000,GUIDED,GUIDED,128,-0.03743442893028259,0.04053312540054321,15.009000778198242,0.0,0.0,0.0,nan,nan,nan,nan,nan,nan,nan,nan,nan,nan,-0.007440870943356784,0.009576652844797605,0.0005821804135302295,0,0,-0.009506800211966038,0.02701263502240181,15.009041786193848,-0.011828035116195679,0.0022769756615161896,-0.0003597979957703501,0,0,-1000,3,1,0,-0.0007203517598100007,-0.0008482462144456804,0.0007062632939778268,-0.00027583842165768147,63,3135,0.019901752471923828,12.312,28.76,19,6,10,1.21,831,0.003200790612027049,0.0002545984461903572,0.007376337423920631,1500,1500,1000,1500,1800,1000,1000,1800
1784593136.0334,2.6600,0.02002,49.95,134,569489,0.000,GUIDED,GUIDED,128,-0.03743442893028259,0.04053312540054321,15.009000778198242,0.0,0.0,0.0,nan,nan,nan,nan,nan,nan,nan,nan,nan,nan,-0.007475112927899642,0.009689391664370344,0.0005648833697150914,0,0,-0.009386547841131687,0.02672164887189865,15.009049415588379,-0.011877693235874176,0.0023798868060112,-0.00035421637585386634,0,0,-1001,0,-2,0,-0.0007482383516617119,-0.0009111948893405497,0.0007082126103341579,-0.00019908975809812546,63,3135,0.019943714141845703,12.312,28.76,19,6,10,1.21,831,0.003200790612027049,0.0002545984461903572,0.007376337423920631,1500,1500,1000,1500,1800,1000,1000,1800
1784593136.0534,2.6801,0.02001,49.98,135,569509,0.000,GUIDED,GUIDED,128,-0.03743442893028259,0.04053312540054321,15.009000778198242,0.0,0.0,0.0,nan,nan,nan,nan,nan,nan,nan,nan,nan,nan,-0.007478581229521639,0.009796960850999275,0.000526081911158733,0,0,-0.009299404919147491,0.026461387053132057,15.009061813354492,-0.01192600280046463,0.002468043938279152,-0.0003389721969142556,0,0,-1001,2,1,0,-0.0007122259121388197,-0.0008823620155453682,0.0007135344203561544,-0.00014708359958603978,63,3135,0.019929170608520508,12.312,28.76,19,6,10,1.21,831,0.003200790612027049,0.0002545984461903572,0.007376337423920631,1500,1500,1000,1500,1800,1000,1000,1800
1784593136.0734,2.7000,0.01999,50.03,136,569529,0.000,GUIDED,GUIDED,128,-0.03743442893028259,0.04053312540054321,15.009000778198242,0.0,0.0,0.0,nan,nan,nan,nan,nan,nan,nan,nan,nan,nan,-0.007126244994062402,0.009485379217708432,0.0005294968980930459,0,0,-0.009388727135956287,0.02636926993727684,15.009064674377441,-0.01207785401493311,0.0027011195197701454,-0.0003425956529099494,0,0,-1001,0,-1,0,-0.0007420207257382572,-0.0009400534327141941,0.000717593589797616,-0.00014021643437445164,63,3135,0.01992201805114746,12.312,28.76,19,6,10,1.21,831,0.003200790612027049,0.0002545984461903572,0.007376337423920631,1500,1500,1000,1500,1800,1000,1000,1800
1784593136.0934,2.7200,0.01996,50.11,137,569549,0.000,GUIDED,GUIDED,128,-0.03743442893028259,0.04053312540054321,15.009000778198242,0.0,0.0,0.0,nan,nan,nan,nan,nan,nan,nan,nan,nan,nan,-0.007043095200769348,0.00943220067337736,0.000508304866431694,0,0,-0.00935139786452055,0.026156384497880936,15.009074211120605,-0.01214741263538599,0.002854731632396579,-0.00033586646895855665,0,0,-1001,2,0,0,-0.0006938939914107323,-0.0009274468757212162,0.0007215124787762761,-0.0001095448387786746,63,3135,0.019891738891601562,12.312,28.76,19,6,10,1.21,831,0.003200790612027049,0.0002545984461903572,0.007376337423920631,1500,1500,1000,1500,1800,1000,1000,1800
1784593136.1134,2.7401,0.02004,49.89,138,569569,0.000,GUIDED,GUIDED,128,-0.03743442893028259,0.04053312540054321,15.009000778198242,0.0,0.0,0.0,nan,nan,nan,nan,nan,nan,nan,nan,nan,nan,-0.006672748988743326,0.009081617949534406,0.0004822281677472523,0,0,-0.00946644227951765,0.026090819388628006,15.009076118469238,-0.012294811196625233,0.0030949946958571672,-0.0003219122882001102,0,0,-1001,0,-1,0,-0.0007282308652065694,-0.000971741508692503,0.0007260343409143388,-5.360989598557353e-05,63,3135,0.01997995376586914,12.312,28.76,19,6,10,1.21,831,0.003200790612027049,0.0002545984461903572,0.007376337423920631,1500,1500,1000,1500,1800,1000,1000,1800
1784593136.1334,2.7601,0.02004,49.90,139,569589,0.000,GUIDED,GUIDED,128,-0.03743442893028259,0.04053312540054321,15.009000778198242,0.0,0.0,0.0,nan,nan,nan,nan,nan,nan,nan,nan,nan,nan,-0.006502461821001618,0.008934968093096584,0.0004989850345416682,0,0,-0.009471948258578777,0.02592053823173046,15.00908374786377,-0.012389947660267353,0.0032779749017208815,-0.000335991702741012,0,0,-1001,2,0,0,-0.0006821198621764779,-0.0009557922021485865,0.0007303868769668043,-9.19568701647222e-05,63,3135,0.01995706558227539,12.312,28.76,19,6,10,1.21,831,0.003200790612027049,0.0002545984461903572,0.007376337423920631,1500,1500,1000,1500,1800,1000,1000,1800
1784593136.1536,2.7801,0.02020,49.52,140,569609,0.000,GUIDED,GUIDED,128,-0.03743442893028259,0.04053312540054321,15.009000778198242,0.0,0.0,0.0,nan,nan,nan,nan,nan,nan,nan,nan,nan,nan,-0.006853478373579892,0.009391031322597495,0.0004493482533960417,0,0,-0.009257498197257519,0.02547059953212738,15.009099006652832,-0.012311100959777832,0.00327443890273571,-0.0003161435597576201,0,0,-1001,0,0,0,-0.0007199167157523334,-0.0009858999401330948,0.0007391151739284396,-2.6232271920889616e-05,63,3135,0.02012038230895996,12.312,28.76,19,6,10,1.21,831,0.004847944248467684,0.0002509523765183985,0.007619744632393122,1500,1500,1000,1500,1800,1000,1000,1800
1784593136.1734,2.8001,0.01978,50.56,141,569629,0.000,GUIDED,GUIDED,128,-0.03743442893028259,0.04053312540054321,15.009000778198242,0.0,0.0,0.0,nan,nan,nan,nan,nan,nan,nan,nan,nan,nan,-0.0066947858294500555,0.009290819030266647,0.0004397081046868895,0,0,-0.009289772249758244,0.025296449661254883,15.009102821350098,-0.012384088709950447,0.003432841971516609,-0.0003127802337985486,0,0,-1001,1,0,0,-0.0006836520042270422,-0.0009766585426405072,0.000748023041523993,1.7652055248618126e-05,63,3135,0.01969766616821289,12.312,28.76,19,6,10,1.21,831,0.004847944248467684,0.0002509523765183985,0.007619744632393122,1500,1500,1000,1500,1800,1000,1000,1800
1784593136.1934,2.8201,0.01999,50.03,142,569649,0.000,GUIDED,GUIDED,128,-0.03743442893028259,0.04053312540054321,15.009000778198242,0.0,0.0,0.0,nan,nan,nan,nan,nan,nan,nan,nan,nan,nan,-0.006965693042700231,0.009611451224399027,0.0004048286613905535,0,0,-0.009135996922850609,0.02491314336657524,15.009116172790527,-0.012316462583839893,0.003469026880338788,-0.00030035103554837406,0,0,-1001,0,1,0,-0.0006988845416344702,-0.0009706930140964687,0.0007566091371700168,4.956120392307639e-05,63,3135,0.019918441772460938,12.312,28.76,19,6,10,1.21,831,0.004847944248467684,0.0002509523765183985,0.007619744632393122,1500,1500,1000,1500,1800,1000,1000,1800
1784593136.2134,2.8401,0.02002,49.95,143,569669,0.000,GUIDED,GUIDED,128,-0.03743442893028259,0.04053312540054321,15.009000778198242,0.0,0.0,0.0,nan,nan,nan,nan,nan,nan,nan,nan,nan,nan,-0.0070867029942933805,0.009842023087803837,0.00034600223497752755,0,0,-0.00901937298476696,0.024570439010858536,15.009127616882324,-0.012313930317759514,0.0035337666049599648,-0.0002729948319029063,0,0,-1001,0,0,0,-0.0006967145018279552,-0.0009803830180317163,0.00076239590998739,-4.495761822909117e-05,63,3135,0.01994180679321289,12.312,28.76,19,6,10,1.21,831,0.004847944248467684,0.0002509523765183985,0.007619744632393122,1500,1500,1000,1500,1800,1000,1000,1800
1784593136.2334,2.8601,0.01999,50.03,144,569689,0.000,GUIDED,GUIDED,128,-0.03743442893028259,0.04053312540054321,15.009000778198242,0.0,0.0,0.0,nan,nan,nan,nan,nan,nan,nan,nan,nan,nan,-0.006790455345184746,0.009625717499731588,0.00036643722875343346,0,0,-0.009097976610064507,0.024449864402413368,15.009133338928223,-0.012439587153494358,0.0037282644771039486,-0.0002880966058000922,0,0,-1001,1,1,0,-0.0006773109780624509,-0.0009578045574016869,0.0007683045114390552,-2.105371095240116e-05,63,3135,0.019910335540771484,12.312,28.76,19,6,10,1.21,831,0.004847944248467684,0.0002509523765183985,0.007619744632393122,1500,1500,1000,1500,1800,1000,1000,1800
1784593136.2534,2.8801,0.01997,50.08,145,569709,0.000,GUIDED,GUIDED,128,-0.03743442893028259,0.04053312540054321,15.009000778198242,0.0,0.0,0.0,nan,nan,nan,nan,nan,nan,nan,nan,nan,nan,-0.006838961510766978,0.00973608512293083,0.00039378956375949023,0,0,-0.009027712978422642,0.024160686880350113,15.009147644042969,-0.012452148832380772,0.003831500420346856,-0.00031214754562824965,0,0,-1000,0,-1,0,-0.0006911997916176915,-0.000997259165160358,0.0007748270290903747,-7.955345790833235e-05,63,3135,0.01990342140197754,12.312,28.76,19,6,10,1.21,831,0.004847944248467684,0.0002509523765183985,0.007619744632393122,1500,1500,1000,1500,1800,1000,1000,1800
1784593136.2734,2.9001,0.02001,49.98,146,569729,0.000,GUIDED,GUIDED,128,-0.03743442893028259,0.04053312540054321,15.009000778198242,0.0,0.0,0.0,nan,nan,nan,nan,nan,nan,nan,nan,nan,nan,-0.006519491995832714,0.0094338503139869,0.00040627540412054063,0,0,-0.00912990141659975,0.024069231003522873,15.009150505065918,-0.012577596120536327,0.0040587978437542915,-0.00032100806129164994,0,0,-1001,2,2,0,-0.0006590192788280547,-0.0009548906236886978,0.0007820150349289179,-5.7494151405990124e-05,63,3135,0.0199429988861084,12.312,28.76,19,6,10,1.21,831,0.004847944248467684,0.0002509523765183985,0.007619744632393122,1500,1500,1000,1500,1800,1000,1000,1800
1784593136.2934,2.9201,0.02002,49.96,147,569749,0.000,GUIDED,GUIDED,128,-0.03743442893028259,0.04053312540054321,15.009000778198242,0.0,0.0,0.0,nan,nan,nan,nan,nan,nan,nan,nan,nan,nan,-0.006473129408674054,0.009422592907151653,0.0004340757690789335,0,0,-0.009107149206101894,0.023833652958273888,15.009161949157715,-0.012617499567568302,0.004201308358460665,-0.00034366585896350443,0,0,-1000,0,-1,0,-0.0006866346229799092,-0.0010057283798232675,0.0007884789374656975,-3.143551293760538e-05,63,3135,0.019931554794311523,12.312,28.76,19,6,10,1.21,831,0.004847944248467684,0.0002509523765183985,0.007619744632393122,1500,1500,1000,1500,1800,1000,1000,1800
1784593136.3134,2.9401,0.02001,49.98,148,569769,0.000,GUIDED,GUIDED,128,-0.03743442893028259,0.04053312540054321,15.009000778198242,0.0,0.0,0.0,nan,nan,nan,nan,nan,nan,nan,nan,nan,nan,-0.006362981114932893,0.009389184444424315,0.0004009463079951741,0,0,-0.009113864041864872,0.023630348965525627,15.009171485900879,-0.012677216902375221,0.0043379743583500385,-0.00033004459692165256,0,0,-1001,2,1,0,-0.0006466687191277742,-0.0009738710941746831,0.000793437531683594,-7.716869004070759e-05,63,3135,0.019927978515625,12.312,28.76,19,6,10,1.21,831,0.004847944248467684,0.0002509523765183985,0.007619744632393122,1500,1500,1000,1500,1800,1000,1000,1800
1784593136.3334,2.9601,0.02000,50.01,149,569789,0.000,GUIDED,GUIDED,128,-0.03743442893028259,0.04053312540054321,15.009000778198242,0.0,0.0,0.0,nan,nan,nan,nan,nan,nan,nan,nan,nan,nan,-0.005966145014337353,0.008991597181944236,0.0004256334900095372,0,0,-0.009255358017981052,0.023585466668009758,15.009175300598145,-0.01282463874667883,0.004593434277921915,-0.0003465001645963639,0,0,-1001,-1,-1,0,-0.0006936880527064204,-0.0010149619774892926,0.0007975090411491692,-7.984857074916363e-05,63,3135,0.01991748809814453,12.312,28.76,19,6,10,1.21,831,0.004847944248467684,0.0002509523765183985,0.007619744632393122,1500,1500,1000,1500,1800,1000,1000,1800
1784593136.3534,2.9801,0.02002,49.96,150,569809,0.000,GUIDED,GUIDED,128,-0.03743442893028259,0.04053312540054321,15.009000778198242,0.0,0.0,0.0,nan,nan,nan,nan,nan,nan,nan,nan,nan,nan,-0.006032698743097364,0.009177059483338497,0.0004000293603136531,0,0,-0.009174647741019726,0.023281319066882133,15.009188652038574,-0.012832812033593655,0.0046619572676718235,-0.0003394260711502284,0,0,-1001,2,1,0,-0.0006557287997566164,-0.000982956262305379,0.0008034993661567569,-9.690033039078116e-05,63,3135,0.01992344856262207,12.312,28.76,19,6,10,1.21,831,0.004224780946969986,0.00024685278185643256,0.007620756980031729,1500,1500,1000,1500,1800,1000,1000,1800
1784593136.3734,3.0001,0.01995,50.13,151,569829,0.000,GUIDED,GUIDED,128,-0.03743442893028259,0.04053312540054321,15.009000778198242,0.0,0.0,0.0,nan,nan,nan,nan,nan,nan,nan,nan,nan,nan,-0.0058259311057787914,0.009031853979396548,0.0004146481390054127,0,0,-0.009215048514306545,0.02311999723315239,15.00919246673584,-0.012928863987326622,0.004838930908590555,-0.00035006864345632493,0,0,-1001,-1,-1,0,-0.0006909348885528743,-0.001019584946334362,0.0008100938866846263,-0.0001304819597862661,63,3135,0.019884824752807617,12.312,28.76,19,6,10,1.21,831,0.004224780946969986,0.00024685278185643256,0.007620756980031729,1500,1500,1000,1500,1800,1000,1000,1800
1784593136.3936,3.0201,0.02020,49.50,152,569849,0.000,GUIDED,GUIDED,128,-0.03743442893028259,0.04053312540054321,15.009000778198242,0.0,0.0,0.0,nan,nan,nan,nan,nan,nan,nan,nan,nan,nan,-0.006034172710468379,0.00938631302564478,0.00038221287259362517,0,0,-0.009068033657968044,0.02273622900247574,15.009204864501953,-0.012893514707684517,0.004855852574110031,-0.0003384999872650951,0,0,-1001,2,1,0,-0.000644130224827677,-0.0009839500999078155,0.0008142289007082582,-0.00021261710207909346,63,3135,0.0199429988861084,12.312,28.76,19,6,10,1.21,831,0.004224780946969986,0.00024685278185643256,0.007620756980031729,1500,1500,1000,1500,1800,1000,1000,1800
1784593136.4135,3.0400,0.01995,50.13,153,569869,0.000,GUIDED,GUIDED,128,-0.03743442893028259,0.04053312540054321,15.009000778198242,0.0,0.0,0.0,nan,nan,nan,nan,nan,nan,nan,nan,nan,nan,-0.006197314308742246,0.009600945408240214,0.000339388227285961,0,0,-0.008958525955677032,0.022395361214876175,15.00921630859375,-0.012862549163401127,0.004928734619170427,-0.00032038241624832153,0,0,-1001,0,-1,0,-0.0006789614562876523,-0.0010204215068370104,0.0008182182791642845,-0.00020035338820889592,63,3135,0.01988816261291504,12.312,28.76,19,6,10,1.21,831,0.004224780946969986,0.00024685278185643256,0.007620756980031729,1500,1500,1000,1500,1800,1000,1000,1800
1784593136.4334,3.0600,0.01987,50.32,154,569889,0.000,GUIDED,GUIDED,128,-0.03743442893028259,0.04053312540054321,15.009000778198242,0.0,0.0,0.0,nan,nan,nan,nan,nan,nan,nan,nan,nan,nan,-0.0058981353093910775,0.009369497542396302,0.0002712276744923294,0,0,-0.009046240709722042,0.022290470078587532,15.009221076965332,-0.01298463810235262,0.005122920032590628,-0.0002837829233612865,0,0,-1001,1,1,0,-0.0006372255738824606,-0.000985469901934266,0.0008202750468626618,-0.0002265198272652924,63,3135,0.01980113983154297,12.312,28.76,19,6,10,1.21,831,0.004224780946969986,0.00024685278185643256,0.007620756980031729,1500,1500,1000,1500,1800,1000,1000,1800
1784593136.4534,3.0801,0.02005,49.88,155,569909,0.000,GUIDED,GUIDED,128,-0.03743442893028259,0.04053312540054321,15.009000778198242,0.0,0.0,0.0,nan,nan,nan,nan,nan,nan,nan,nan,nan,nan,-0.005914992757266285,0.009480594232849481,0.0002449305565149092,0,0,-0.008983500301837921,0.022006437182426453,15.009236335754395,-0.013011128641664982,0.005222764797508717,-0.0002774099411908537,0,0,-1001,0,-1,0,-0.000665321946144104,-0.0010233767097815871,0.0008238325826823711,-0.00027224980294704437,63,3135,0.01996612548828125,12.312,28.76,19,6,10,1.21,831,0.004224780946969986,0.00024685278185643256,0.007620756980031729,1500,1500,1000,1500,1800,1000,1000,1800
1784593136.4734,3.1001,0.01995,50.12,156,569929,0.000,GUIDED,GUIDED,128,-0.03743442893028259,0.04053312540054321,15.009000778198242,0.0,0.0,0.0,nan,nan,nan,nan,nan,nan,nan,nan,nan,nan,-0.005585493096573229,0.009158704305566265,0.0002734785878154604,0,0,-0.009095115587115288,0.021931981667876244,15.00924015045166,-0.013136924244463444,0.005451594945043325,-0.0002960945712402463,0,0,-1000,1,2,0,-0.0006368887843564153,-0.00098087836522609,0.0008271842962130904,-0.0002983053564094007,63,3135,0.019886255264282227,12.312,28.76,19,6,10,1.21,831,0.004224780946969986,0.00024685278185643256,0.007620756980031729,1500,1500,1000,1500,1800,1000,1000,1800
1784593136.4934,3.1201,0.02004,49.90,157,569949,0.000,GUIDED,GUIDED,128,-0.03743442893028259,0.04053312540054321,15.009000778198242,0.0,0.0,0.0,nan,nan,nan,nan,nan,nan,nan,nan,nan,nan,-0.0055809382289189816,0.009175043417627402,0.0002327727662308526,0,0,-0.009079989045858383,0.021703684702515602,15.009252548217773,-0.013148287311196327,0.00557396886870265,-0.0002797509077936411,0,0,-1001,0,0,0,-0.0006664286484010518,-0.0010172456968575716,0.000830166507512331,-0.0002474893699400127,63,3135,0.01994156837463379,12.312,28.76,19,6,10,1.21,831,0.004224780946969986,0.00024685278185643256,0.007620756980031729,1500,1500,1000,1500,1800,1000,1000,1800
1784593136.5134,3.1401,0.01997,50.06,158,569969,0.000,GUIDED,GUIDED,128,-0.03743442893028259,0.04053312540054321,15.009000778198242,0.0,0.0,0.0,nan,nan,nan,nan,nan,nan,nan,nan,nan,nan,-0.005494363744022651,0.009149326386515786,0.0002723547763572312,0,0,-0.00909400638192892,0.021509192883968353,15.009263038635254,-0.013190178200602531,0.005701106507331133,-0.00030866023735143244,0,0,-1001,1,1,0,-0.0006385118467733264,-0.0009825880406424403,0.0008305157534778118,-0.000330847455188632,63,3135,0.019908428192138672,12.312,28.76,19,6,10,1.21,831,0.004224780946969986,0.00024685278185643256,0.007620756980031729,1500,1500,1000,1500,1800,1000,1000,1800
1784593136.5334,3.1601,0.02000,50.01,159,569989,0.000,GUIDED,GUIDED,128,-0.03743442893028259,0.04053312540054321,15.009000778198242,0.0,0.0,0.0,nan,nan,nan,nan,nan,nan,nan,nan,nan,nan,-0.0050847584550066174,0.008756269252872413,0.00027627790864415694,0,0,-0.009244343265891075,0.021482601761817932,15.00926685333252,-0.013339866884052753,0.005943390540778637,-0.00031312767532654107,0,0,-1000,0,0,0,-0.0006691972375847399,-0.0010095926700159907,0.0008305287919938564,-0.000323266489431262,63,3135,0.019931554794311523,12.312,28.76,19,6,10,1.21,831,0.004224780946969986,0.00024685278185643256,0.007620756980031729,1500,1500,1000,1500,1800,1000,1000,1800
1784593136.5534,3.1801,0.02004,49.91,160,570009,0.000,GUIDED,GUIDED,128,-0.03743442893028259,0.04053312540054321,15.009000778198242,0.0,0.0,0.0,nan,nan,nan,nan,nan,nan,nan,nan,nan,nan,-0.005160922453129421,0.00891810665576565,0.00029320423666086244,0,0,-0.009169013239443302,0.021204059943556786,15.009281158447266,-0.013339385390281677,0.006010769866406918,-0.00033115915721282363,0,0,-1001,1,0,0,-0.0006414171657525003,-0.000987399835139513,0.0008324706577695906,-0.0003263571998104453,63,3135,0.01994180679321289,12.312,28.76,19,6,10,1.21,831,0.003739674109965563,0.0002431079192319885,0.007559466641396284,1500,1500,1000,1500,1800,1000,1000,1800
1784593136.5735,3.2001,0.02005,49.86,161,570029,0.000,GUIDED,GUIDED,128,-0.03743442893028259,0.04053312540054321,15.009000778198242,0.0,0.0,0.0,nan,nan,nan,nan,nan,nan,nan,nan,nan,nan,-0.0049738746913182905,0.008768125223191725,0.0002552344068850871,0,0,-0.009215953759849072,0.021076586097478867,15.009284973144531,-0.01342027634382248,0.006170958746224642,-0.00031143968226388097,0,0,-1001,0,0,0,-0.0006694084731861949,-0.000996378599666059,0.0008355187019333243,-0.0003594581503421068,63,3135,0.0199735164642334,12.312,28.79,18,6,10,1.21,831,0.003739674109965563,0.0002431079192319885,0.007559466641396284,1500,1500,1000,1500,1800,1000,1000,1800
1784593136.5934,3.2200,0.01995,50.13,162,570049,0.000,GUIDED,GUIDED,128,-0.03743442893028259,0.04053312540054321,15.009000778198242,0.0,0.0,0.0,nan,nan,nan,nan,nan,nan,nan,nan,nan,nan,-0.005205330203634031,0.009068663102692298,0.00023774244630043274,0,0,-0.00907212495803833,0.020732834935188293,15.009298324584961,-0.013369685038924217,0.006195907946676016,-0.0003090491518378258,0,0,-1001,1,0,0,-0.0006339044193737209,-0.000986807164736092,0.0008361040381714702,-0.0004106343840248883,63,3135,0.019843578338623047,12.312,28.79,18,6,10,1.21,831,0.003739674109965563,0.0002431079192319885,0.007559466641396284,1500,1500,1000,1500,1800,1000,1000,1800
1784593136.6133,3.2400,0.01991,50.24,163,570069,0.000,GUIDED,GUIDED,128,-0.03743442893028259,0.04053312540054321,15.009000778198242,0.0,0.0,0.0,nan,nan,nan,nan,nan,nan,nan,nan,nan,nan,-0.00542399192322204,0.009312807816283512,0.0002163219172450599,0,0,-0.008965780027210712,0.020430846139788628,15.009310722351074,-0.01330483891069889,0.006229304242879152,-0.000303839857224375,0,0,-1001,1,1,0,-0.000632775598205626,-0.0009798846440389752,0.0008370558498427272,-0.0003593747387640178,63,3135,0.019840240478515625,12.312,28.79,18,6,10,1.21,831,0.003739674109965563,0.0002431079192319885,0.007559466641396284,1500,1500,1000,1500,1800,1000,1000,1800
1784593136.6334,3.2600,0.02006,49.85,164,570089,0.000,GUIDED,GUIDED,128,-0.03743442893028259,0.04053312540054321,15.009000778198242,0.0,0.0,0.0,nan,nan,nan,nan,nan,nan,nan,nan,nan,nan,-0.005133392194198089,0.009037623464658709,0.00022236637883252356,0,0,-0.009059436619281769,0.020358070731163025,15.009322166442871,-0.013418544083833694,0.0064301989041268826,-0.0003139368782285601,0,0,-1001,1,0,0,-0.000595295918174088,-0.0009717262582853436,0.0008358967024832964,-0.00041573483031243086,63,3135,0.019980430603027344,12.312,28.79,18,6,10,1.21,831,0.003739674109965563,0.0002431079192319885,0.007559466641396284,1500,1500,1000,1500,1800,1000,1000,1800
1784593136.6538,3.2801,0.02035,49.15,165,570109,0.000,GUIDED,GUIDED,128,-0.03743442893028259,0.04053312540054321,15.009000778198242,0.0,0.0,0.0,nan,nan,nan,nan,nan,nan,nan,nan,nan,nan,-0.005261672961324588,0.009156877049090961,0.00020053235136011284,0,0,-0.008999126963317394,0.020111162215471268,15.009349822998047,-0.013379300944507122,0.00650390051305294,-0.0003172985161654651,0,0,-1001,2,1,0,-0.0005610012449324131,-0.0009655195171944797,0.0008376091718673706,-0.0003741708933375776,63,3135,0.020250558853149414,12.312,28.79,18,6,10,1.21,831,0.003739674109965563,0.0002431079192319885,0.007559466641396284,1500,1500,1000,1500,1800,1000,1000,1800
1784593136.6734,3.3000,0.01960,51.02,166,570129,0.000,GUIDED,GUIDED,128,-0.03743442893028259,0.04053312540054321,15.009000778198242,0.0,0.0,0.0,nan,nan,nan,nan,nan,nan,nan,nan,nan,nan,-0.004988724890926281,0.008868710356077955,0.0002344600805929585,0,0,-0.009115139953792095,0.020067404955625534,15.009359359741211,-0.013469907455146313,0.006695536896586418,-0.0003423927410040051,0,0,-1001,0,0,0,-0.0005455907667055726,-0.0009595400770194829,0.0008400247315876186,-0.0003452919772826135,63,3135,0.01953291893005371,12.312,28.79,18,6,10,1.21,831,0.003739674109965563,0.0002431079192319885,0.007559466641396284,1500,1500,1000,1500,1800,1000,1000,1800
1784593136.6934,3.3200,0.02003,49.93,167,570149,0.000,GUIDED,GUIDED,128,-0.03743442893028259,0.04053312540054321,15.009000778198242,0.0,0.0,0.0,nan,nan,nan,nan,nan,nan,nan,nan,nan,nan,-0.005004833277117926,0.008895067311316288,0.00026812262706284087,0,0,-0.009101570583879948,0.01987389475107193,15.009382247924805,-0.013468441553413868,0.006792042870074511,-0.0003750423202291131,0,0,-1000,1,1,0,-0.0005318690673448145,-0.0009557349258102477,0.0008393488242290914,-0.00043849743087776005,63,3135,0.01995062828063965,12.312,28.79,18,6,10,1.21,831,0.003739674109965563,0.0002431079192319885,0.007559466641396284,1500,1500,1000,1500,1800,1000,1000,1800
1784593136.7134,3.3400,0.01998,50.04,168,570169,0.000,GUIDED,GUIDED,128,-0.03743442893028259,0.04053312540054321,15.009000778198242,0.0,0.0,0.0,nan,nan,nan,nan,nan,nan,nan,nan,nan,nan,-0.004983278664391789,0.008831266094631576,0.00030989061070619205,0,0,-0.009116864763200283,0.01971377618610859,15.009401321411133,-0.01347205601632595,0.006921323016285896,-0.0004101691592950374,0,0,-1000,0,0,0,-0.0005535827367566526,-0.0009503945475444198,0.0008385404944419861,-0.000429093575803563,63,3135,0.019923686981201172,12.312,28.79,18,6,10,1.21,831,0.003739674109965563,0.0002431079192319885,0.007559466641396284,1500,1500,1000,1500,1800,1000,1000,1800
1784593136.7334,3.3601,0.02000,49.99,169,570189,0.000,GUIDED,GUIDED,128,-0.03743442893028259,0.04053312540054321,15.009000778198242,0.0,0.0,0.0,nan,nan,nan,nan,nan,nan,nan,nan,nan,nan,-0.004613779655042373,0.008461435800408732,0.00029341013246491406,0,0,-0.009270207025110722,0.019715992733836174,15.009415626525879,-0.013596854172647,0.0071335649117827415,-0.0004089132125955075,0,0,-1001,2,1,0,-0.0005131406360305846,-0.0009484798065386713,0.0008362390799447894,-0.0004235349770169705,63,3135,0.019942760467529297,12.312,28.79,18,6,10,1.21,831,0.003739674109965563,0.0002431079192319885,0.007559466641396284,1500,1500,1000,1500,1800,1000,1000,1800
1784593136.7534,3.3801,0.02004,49.91,170,570209,0.000,GUIDED,GUIDED,128,-0.03743442893028259,0.04053312540054321,15.009000778198242,0.0,0.0,0.0,nan,nan,nan,nan,nan,nan,nan,nan,nan,nan,-0.004775126896331586,0.008610400285228933,0.00028342520241028354,0,0,-0.00919906422495842,0.01947697624564171,15.00944995880127,-0.013544774614274502,0.007185556460171938,-0.0004229701589792967,0,0,-1000,-1,0,0,-0.0005536498501896858,-0.0009447860647924244,0.0008351214928552508,-0.0005032683257013559,63,3135,0.019954442977905273,12.312,28.79,18,6,10,1.21,831,0.0034102974459528923,0.0004569600860122591,0.007484092842787504,1500,1500,1000,1500,1800,1000,1000,1800
1784593136.7734,3.4001,0.01998,50.05,171,570229,0.000,GUIDED,GUIDED,128,-0.03743442893028259,0.04053312540054321,15.009000778198242,0.0,0.0,0.0,nan,nan,nan,nan,nan,nan,nan,nan,nan,nan,-0.004633115548448523,0.008398538610490554,0.0002727185175217542,0,0,-0.009251679293811321,0.019383884966373444,15.009462356567383,-0.013596387580037117,0.007361621130257845,-0.00042394650517962873,0,0,-1001,2,1,0,-0.0005013480549678206,-0.0009393894579261541,0.0008367199916392565,-0.00046735949581488967,63,3135,0.019916534423828125,12.312,28.79,18,6,10,1.21,831,0.0034102974459528923,0.0004569600860122591,0.007484092842787504,1500,1500,1000,1500,1800,1000,1000,1800
1784593136.7933,3.4201,0.01995,50.13,172,570229,0.000,GUIDED,GUIDED,128,-0.03743442893028259,0.04053312540054321,15.009000778198242,0.0,0.0,0.0,nan,nan,nan,nan,nan,nan,nan,nan,nan,nan,-0.004633115548448523,0.008398538610490554,0.0002727185175217542,0,0,-0.009251679293811321,0.019383884966373444,15.009462356567383,-0.013596387580037117,0.007361621130257845,-0.00042394650517962873,0,0,-1001,2,1,0,-0.0005013480549678206,-0.0009393894579261541,0.0008367199916392565,-0.00046735949581488967,63,3135,0.01987910270690918,12.312,28.79,18,6,10,1.21,831,0.0034102974459528923,0.0004569600860122591,0.007484092842787504,1500,1500,1000,1500,1800,1000,1000,1800
1784593136.8133,3.4401,0.02000,49.99,173,570229,0.000,GUIDED,GUIDED,128,-0.03743442893028259,0.04053312540054321,15.009000778198242,0.0,0.0,0.0,nan,nan,nan,nan,nan,nan,nan,nan,nan,nan,-0.004633115548448523,0.008398538610490554,0.0002727185175217542,0,0,-0.009251679293811321,0.019383884966373444,15.009462356567383,-0.013596387580037117,0.007361621130257845,-0.00042394650517962873,0,0,-1001,2,1,0,-0.0005013480549678206,-0.0009393894579261541,0.0008367199916392565,-0.00046735949581488967,63,3135,0.019932985305786133,12.312,28.79,18,6,10,1.21,831,0.0034102974459528923,0.0004569600860122591,0.007484092842787504,1500,1500,1000,1500,1800,1000,1000,1800
1784593136.8333,3.4601,0.02000,50.01,174,570229,0.000,GUIDED,GUIDED,128,-0.03743442893028259,0.04053312540054321,15.009000778198242,0.0,0.0,0.0,nan,nan,nan,nan,nan,nan,nan,nan,nan,nan,-0.004633115548448523,0.008398538610490554,0.0002727185175217542,0,0,-0.009251679293811321,0.019383884966373444,15.009462356567383,-0.013596387580037117,0.007361621130257845,-0.00042394650517962873,0,0,-1001,2,1,0,-0.0005013480549678206,-0.0009393894579261541,0.0008367199916392565,-0.00046735949581488967,63,3135,0.019928693771362305,12.312,28.79,18,6,10,1.21,831,0.0034102974459528923,0.0004569600860122591,0.007484092842787504,1500,1500,1000,1500,1800,1000,1000,1800
1784593136.8533,3.4801,0.02000,50.00,175,570229,0.000,GUIDED,GUIDED,128,-0.03743442893028259,0.04053312540054321,15.009000778198242,0.0,0.0,0.0,nan,nan,nan,nan,nan,nan,nan,nan,nan,nan,-0.004633115548448523,0.008398538610490554,0.0002727185175217542,0,0,-0.009251679293811321,0.019383884966373444,15.009462356567383,-0.013596387580037117,0.007361621130257845,-0.00042394650517962873,0,0,-1001,2,1,0,-0.0005013480549678206,-0.0009393894579261541,0.0008367199916392565,-0.00046735949581488967,63,3135,0.01993250846862793,12.312,28.79,18,6,10,1.21,831,0.0034102974459528923,0.0004569600860122591,0.007484092842787504,1500,1500,1000,1500,1800,1000,1000,1800
1784593136.8733,3.5001,0.02001,49.98,176,570229,0.000,GUIDED,GUIDED,128,-0.03743442893028259,0.04053312540054321,15.009000778198242,0.0,0.0,0.0,nan,nan,nan,nan,nan,nan,nan,nan,nan,nan,-0.004633115548448523,0.008398538610490554,0.0002727185175217542,0,0,-0.009251679293811321,0.019383884966373444,15.009462356567383,-0.013596387580037117,0.007361621130257845,-0.00042394650517962873,0,0,-1001,2,1,0,-0.0005013480549678206,-0.0009393894579261541,0.0008367199916392565,-0.00046735949581488967,63,3135,0.019936323165893555,12.312,28.79,18,6,10,1.21,831,0.0034102974459528923,0.0004569600860122591,0.007484092842787504,1500,1500,1000,1500,1800,1000,1000,1800
1784593136.8937,3.5201,0.02037,49.10,177,570359,0.000,GUIDED,GUIDED,128,-0.03743442893028259,0.04053312540054321,15.009000778198242,0.0,0.0,0.0,nan,nan,nan,nan,nan,nan,nan,nan,nan,nan,-0.004773869020756626,0.008272620956912691,0.00015139614064487968,0,0,-0.009175125509500504,0.018347369506955147,15.009636878967285,-0.013559321872889996,0.008032752200961113,-0.00045466155279427767,0,0,-1001,0,-1,0,-0.00046443319297395647,-0.000929919071495533,0.0008383045787923038,-0.0004043479566462338,63,3135,0.019929170608520508,12.312,28.76,18,6,10,1.21,831,0.0034102974459528923,0.0004390676040202379,0.007484092842787504,1500,1500,1000,1500,1800,1000,1000,1800
1784593136.9133,3.5401,0.01964,50.93,178,570359,0.000,GUIDED,GUIDED,128,-0.03743442893028259,0.04053312540054321,15.009000778198242,0.0,0.0,0.0,nan,nan,nan,nan,nan,nan,nan,nan,nan,nan,-0.004773869020756626,0.008272620956912691,0.00015139614064487968,0,0,-0.009175125509500504,0.018347369506955147,15.009636878967285,-0.013559321872889996,0.008032752200961113,-0.00045466155279427767,0,0,-1001,0,-1,0,-0.00046443319297395647,-0.000929919071495533,0.0008383045787923038,-0.0004043479566462338,63,3135,0.019565820693969727,12.312,28.76,18,6,10,1.21,831,0.0034102974459528923,0.0004390676040202379,0.007484092842787504,1500,1500,1000,1500,1800,1000,1000,1800
1784593136.9333,3.5601,0.01999,50.02,179,570359,0.000,GUIDED,GUIDED,128,-0.03743442893028259,0.04053312540054321,15.009000778198242,0.0,0.0,0.0,nan,nan,nan,nan,nan,nan,nan,nan,nan,nan,-0.004773869020756626,0.008272620956912691,0.00015139614064487968,0,0,-0.009175125509500504,0.018347369506955147,15.009636878967285,-0.013559321872889996,0.008032752200961113,-0.00045466155279427767,0,0,-1001,0,-1,0,-0.00046443319297395647,-0.000929919071495533,0.0008383045787923038,-0.0004043479566462338,63,3135,0.019926786422729492,12.312,28.76,18,6,10,1.21,831,0.0034102974459528923,0.0004390676040202379,0.007484092842787504,1500,1500,1000,1500,1800,1000,1000,1800
1784593136.9533,3.5801,0.02000,50.01,180,570359,0.000,GUIDED,GUIDED,128,-0.03743442893028259,0.04053312540054321,15.009000778198242,0.0,0.0,0.0,nan,nan,nan,nan,nan,nan,nan,nan,nan,nan,-0.004773869020756626,0.008272620956912691,0.00015139614064487968,0,0,-0.009175125509500504,0.018347369506955147,15.009636878967285,-0.013559321872889996,0.008032752200961113,-0.00045466155279427767,0,0,-1001,0,-1,0,-0.00046443319297395647,-0.000929919071495533,0.0008383045787923038,-0.0004043479566462338,63,3135,0.019931793212890625,12.312,28.76,18,6,10,1.21,831,0.0034102974459528923,0.0004390676040202379,0.007484092842787504,1500,1500,1000,1500,1800,1000,1000,1800
1784593136.9733,3.6001,0.01999,50.03,181,570359,0.000,GUIDED,GUIDED,128,-0.03743442893028259,0.04053312540054321,15.009000778198242,0.0,0.0,0.0,nan,nan,nan,nan,nan,nan,nan,nan,nan,nan,-0.004773869020756626,0.008272620956912691,0.00015139614064487968,0,0,-0.009175125509500504,0.018347369506955147,15.009636878967285,-0.013559321872889996,0.008032752200961113,-0.00045466155279427767,0,0,-1001,0,-1,0,-0.00046443319297395647,-0.000929919071495533,0.0008383045787923038,-0.0004043479566462338,63,3135,0.019928932189941406,12.312,28.76,18,6,10,1.21,831,0.0034102974459528923,0.0004390676040202379,0.007484092842787504,1500,1500,1000,1500,1800,1000,1000,1800
1784593136.9933,3.6200,0.01999,50.03,182,570359,0.000,GUIDED,GUIDED,128,-0.03743442893028259,0.04053312540054321,15.009000778198242,0.0,0.0,0.0,nan,nan,nan,nan,nan,nan,nan,nan,nan,nan,-0.004773869020756626,0.008272620956912691,0.00015139614064487968,0,0,-0.009175125509500504,0.018347369506955147,15.009636878967285,-0.013559321872889996,0.008032752200961113,-0.00045466155279427767,0,0,-1001,0,-1,0,-0.00046443319297395647,-0.000929919071495533,0.0008383045787923038,-0.0004043479566462338,63,3135,0.019932985305786133,12.312,28.76,18,6,10,1.21,831,0.0034102974459528923,0.0004390676040202379,0.007484092842787504,1500,1500,1000,1500,1800,1000,1000,1800
1784593137.0133,3.6401,0.02003,49.92,183,570359,0.000,GUIDED,GUIDED,128,-0.03743442893028259,0.04053312540054321,15.009000778198242,0.0,0.0,0.0,nan,nan,nan,nan,nan,nan,nan,nan,nan,nan,-0.004773869020756626,0.008272620956912691,0.00015139614064487968,0,0,-0.009175125509500504,0.018347369506955147,15.009636878967285,-0.013559321872889996,0.008032752200961113,-0.00045466155279427767,0,0,-1001,0,-1,0,-0.00046443319297395647,-0.000929919071495533,0.0008383045787923038,-0.0004043479566462338,63,3135,0.01996135711669922,12.312,28.76,18,6,10,1.21,831,0.0034102974459528923,0.0004390676040202379,0.007484092842787504,1500,1500,1000,1500,1800,1000,1000,1800
1784593137.0333,3.6600,0.01999,50.03,184,570359,0.000,GUIDED,GUIDED,128,-0.03743442893028259,0.04053312540054321,15.009000778198242,0.0,0.0,0.0,nan,nan,nan,nan,nan,nan,nan,nan,nan,nan,-0.004773869020756626,0.008272620956912691,0.00015139614064487968,0,0,-0.009175125509500504,0.018347369506955147,15.009636878967285,-0.013559321872889996,0.008032752200961113,-0.00045466155279427767,0,0,-1001,0,-1,0,-0.00046443319297395647,-0.000929919071495533,0.0008383045787923038,-0.0004043479566462338,63,3135,0.019925355911254883,12.312,28.76,18,6,10,1.21,831,0.0034102974459528923,0.0004390676040202379,0.007484092842787504,1500,1500,1000,1500,1800,1000,1000,1800
1784593137.0533,3.6801,0.01999,50.03,185,570359,0.000,GUIDED,GUIDED,128,-0.03743442893028259,0.04053312540054321,15.009000778198242,0.0,0.0,0.0,nan,nan,nan,nan,nan,nan,nan,nan,nan,nan,-0.004773869020756626,0.008272620956912691,0.00015139614064487968,0,0,-0.009175125509500504,0.018347369506955147,15.009636878967285,-0.013559321872889996,0.008032752200961113,-0.00045466155279427767,0,0,-1001,0,-1,0,-0.00046443319297395647,-0.000929919071495533,0.0008383045787923038,-0.0004043479566462338,63,3135,0.01993083953857422,12.312,28.76,18,6,10,1.21,831,0.0034102974459528923,0.0004390676040202379,0.007484092842787504,1500,1500,1000,1500,1800,1000,1000,1800
1784593137.0733,3.7000,0.02000,49.99,186,570359,0.000,GUIDED,GUIDED,128,-0.03743442893028259,0.04053312540054321,15.009000778198242,0.0,0.0,0.0,nan,nan,nan,nan,nan,nan,nan,nan,nan,nan,-0.004773869020756626,0.008272620956912691,0.00015139614064487968,0,0,-0.009175125509500504,0.018347369506955147,15.009636878967285,-0.013559321872889996,0.008032752200961113,-0.00045466155279427767,0,0,-1001,0,-1,0,-0.00046443319297395647,-0.000929919071495533,0.0008383045787923038,-0.0004043479566462338,63,3135,0.019952058792114258,12.312,28.76,18,6,10,1.21,831,0.0034102974459528923,0.0004390676040202379,0.007484092842787504,1500,1500,1000,1500,1800,1000,1000,1800
1784593137.0933,3.7201,0.02000,50.01,187,570359,0.000,GUIDED,GUIDED,128,-0.03743442893028259,0.04053312540054321,15.009000778198242,0.0,0.0,0.0,nan,nan,nan,nan,nan,nan,nan,nan,nan,nan,-0.004773869020756626,0.008272620956912691,0.00015139614064487968,0,0,-0.009175125509500504,0.018347369506955147,15.009636878967285,-0.013559321872889996,0.008032752200961113,-0.00045466155279427767,0,0,-1001,0,-1,0,-0.00046443319297395647,-0.000929919071495533,0.0008383045787923038,-0.0004043479566462338,63,3135,0.01993846893310547,12.312,28.76,18,6,10,1.21,831,0.0034102974459528923,0.0004390676040202379,0.007484092842787504,1500,1500,1000,1500,1800,1000,1000,1800
1784593137.1133,3.7401,0.02002,49.95,188,570359,0.000,GUIDED,GUIDED,128,-0.03743442893028259,0.04053312540054321,15.009000778198242,0.0,0.0,0.0,nan,nan,nan,nan,nan,nan,nan,nan,nan,nan,-0.004773869020756626,0.008272620956912691,0.00015139614064487968,0,0,-0.009175125509500504,0.018347369506955147,15.009636878967285,-0.013559321872889996,0.008032752200961113,-0.00045466155279427767,0,0,-1001,0,-1,0,-0.00046443319297395647,-0.000929919071495533,0.0008383045787923038,-0.0004043479566462338,63,3135,0.019951343536376953,12.312,28.76,18,6,10,1.21,831,0.0034102974459528923,0.0004390676040202379,0.007484092842787504,1500,1500,1000,1500,1800,1000,1000,1800
1784593137.1333,3.7601,0.02000,50.01,189,570359,0.000,GUIDED,GUIDED,128,-0.03743442893028259,0.04053312540054321,15.009000778198242,0.0,0.0,0.0,nan,nan,nan,nan,nan,nan,nan,nan,nan,nan,-0.004773869020756626,0.008272620956912691,0.00015139614064487968,0,0,-0.009175125509500504,0.018347369506955147,15.009636878967285,-0.013559321872889996,0.008032752200961113,-0.00045466155279427767,0,0,-1001,0,-1,0,-0.00046443319297395647,-0.000929919071495533,0.0008383045787923038,-0.0004043479566462338,63,3135,0.019931316375732422,12.312,28.76,18,6,10,1.21,831,0.0034102974459528923,0.0004390676040202379,0.007484092842787504,1500,1500,1000,1500,1800,1000,1000,1800
1784593137.1538,3.7801,0.02043,48.95,190,570609,0.000,GUIDED,GUIDED,128,-0.03743442893028259,0.04053312540054321,15.009000778198242,0.0,0.0,0.0,nan,nan,nan,nan,nan,nan,nan,nan,nan,nan,-0.004462082371560743,0.007055816695907682,5.83549981897451e-05,0,0,-0.00935187004506588,0.017078891396522522,15.009984016418457,-0.013637288473546505,0.00946763064712286,-0.0006013641250319779,0,0,-1001,2,0,0,-0.00046672599273733795,-0.0009526259382255375,0.000832814839668572,-0.0005166833288967609,63,3135,0.020353078842163086,12.312,28.76,18,6,10,1.21,831,0.005297218449413776,0.0003973359998781234,0.007655006367713213,1500,1500,1000,1500,1800,1000,1000,1800
1784593137.1733,3.8001,0.01958,51.06,191,570609,0.000,GUIDED,GUIDED,128,-0.03743442893028259,0.04053312540054321,15.009000778198242,0.0,0.0,0.0,nan,nan,nan,nan,nan,nan,nan,nan,nan,nan,-0.004462082371560743,0.007055816695907682,5.83549981897451e-05,0,0,-0.00935187004506588,0.017078891396522522,15.009984016418457,-0.013637288473546505,0.00946763064712286,-0.0006013641250319779,0,0,-1001,2,0,0,-0.00046672599273733795,-0.0009526259382255375,0.000832814839668572,-0.0005166833288967609,63,3135,0.019504547119140625,12.312,28.76,18,6,10,1.21,831,0.005297218449413776,0.0003973359998781234,0.007655006367713213,1500,1500,1000,1500,1800,1000,1000,1800
1784593137.1934,3.8201,0.02000,49.99,192,570609,0.000,GUIDED,GUIDED,128,-0.03743442893028259,0.04053312540054321,15.009000778198242,0.0,0.0,0.0,nan,nan,nan,nan,nan,nan,nan,nan,nan,nan,-0.004462082371560743,0.007055816695907682,5.83549981897451e-05,0,0,-0.00935187004506588,0.017078891396522522,15.009984016418457,-0.013637288473546505,0.00946763064712286,-0.0006013641250319779,0,0,-1001,2,0,0,-0.00046672599273733795,-0.0009526259382255375,0.000832814839668572,-0.0005166833288967609,63,3135,0.019932270050048828,12.312,28.76,18,6,10,1.21,831,0.005297218449413776,0.0003973359998781234,0.007655006367713213,1500,1500,1000,1500,1800,1000,1000,1800
1784593137.2134,3.8401,0.02003,49.93,193,570609,0.000,GUIDED,GUIDED,128,-0.03743442893028259,0.04053312540054321,15.009000778198242,0.0,0.0,0.0,nan,nan,nan,nan,nan,nan,nan,nan,nan,nan,-0.004462082371560743,0.007055816695907682,5.83549981897451e-05,0,0,-0.00935187004506588,0.017078891396522522,15.009984016418457,-0.013637288473546505,0.00946763064712286,-0.0006013641250319779,0,0,-1001,2,0,0,-0.00046672599273733795,-0.0009526259382255375,0.000832814839668572,-0.0005166833288967609,63,3135,0.019938230514526367,12.312,28.76,18,6,10,1.21,831,0.005297218449413776,0.0003973359998781234,0.007655006367713213,1500,1500,1000,1500,1800,1000,1000,1800
1784593137.2333,3.8601,0.01996,50.11,194,570609,0.000,GUIDED,GUIDED,128,-0.03743442893028259,0.04053312540054321,15.009000778198242,0.0,0.0,0.0,nan,nan,nan,nan,nan,nan,nan,nan,nan,nan,-0.004462082371560743,0.007055816695907682,5.83549981897451e-05,0,0,-0.00935187004506588,0.017078891396522522,15.009984016418457,-0.013637288473546505,0.00946763064712286,-0.0006013641250319779,0,0,-1001,2,0,0,-0.00046672599273733795,-0.0009526259382255375,0.000832814839668572,-0.0005166833288967609,63,3135,0.019887685775756836,12.312,28.76,18,6,10,1.21,831,0.005297218449413776,0.0003973359998781234,0.007655006367713213,1500,1500,1000,1500,1800,1000,1000,1800
1784593137.2533,3.8801,0.02001,49.98,195,570609,0.000,GUIDED,GUIDED,128,-0.03743442893028259,0.04053312540054321,15.009000778198242,0.0,0.0,0.0,nan,nan,nan,nan,nan,nan,nan,nan,nan,nan,-0.004462082371560743,0.007055816695907682,5.83549981897451e-05,0,0,-0.00935187004506588,0.017078891396522522,15.009984016418457,-0.013637288473546505,0.00946763064712286,-0.0006013641250319779,0,0,-1001,2,0,0,-0.00046672599273733795,-0.0009526259382255375,0.000832814839668572,-0.0005166833288967609,63,3135,0.019936561584472656,12.312,28.76,18,6,10,1.21,831,0.005297218449413776,0.0003973359998781234,0.007655006367713213,1500,1500,1000,1500,1800,1000,1000,1800
1784593137.2733,3.9000,0.01997,50.08,196,570609,0.000,GUIDED,GUIDED,128,-0.03743442893028259,0.04053312540054321,15.009000778198242,0.0,0.0,0.0,nan,nan,nan,nan,nan,nan,nan,nan,nan,nan,-0.004462082371560743,0.007055816695907682,5.83549981897451e-05,0,0,-0.00935187004506588,0.017078891396522522,15.009984016418457,-0.013637288473546505,0.00946763064712286,-0.0006013641250319779,0,0,-1001,2,0,0,-0.00046672599273733795,-0.0009526259382255375,0.000832814839668572,-0.0005166833288967609,63,3135,0.01989436149597168,12.312,28.76,18,6,10,1.21,831,0.005297218449413776,0.0003973359998781234,0.007655006367713213,1500,1500,1000,1500,1800,1000,1000,1800
1784593137.2933,3.9201,0.02003,49.93,197,570609,0.000,GUIDED,GUIDED,128,-0.03743442893028259,0.04053312540054321,15.009000778198242,0.0,0.0,0.0,nan,nan,nan,nan,nan,nan,nan,nan,nan,nan,-0.004462082371560743,0.007055816695907682,5.83549981897451e-05,0,0,-0.00935187004506588,0.017078891396522522,15.009984016418457,-0.013637288473546505,0.00946763064712286,-0.0006013641250319779,0,0,-1001,2,0,0,-0.00046672599273733795,-0.0009526259382255375,0.000832814839668572,-0.0005166833288967609,63,3135,0.0199587345123291,12.312,28.76,18,6,10,1.21,831,0.005297218449413776,0.0003973359998781234,0.007655006367713213,1500,1500,1000,1500,1800,1000,1000,1800
1784593137.3133,3.9400,0.01999,50.03,198,570609,0.000,GUIDED,GUIDED,128,-0.03743442893028259,0.04053312540054321,15.009000778198242,0.0,0.0,0.0,nan,nan,nan,nan,nan,nan,nan,nan,nan,nan,-0.004462082371560743,0.007055816695907682,5.83549981897451e-05,0,0,-0.00935187004506588,0.017078891396522522,15.009984016418457,-0.013637288473546505,0.00946763064712286,-0.0006013641250319779,0,0,-1001,2,0,0,-0.00046672599273733795,-0.0009526259382255375,0.000832814839668572,-0.0005166833288967609,63,3135,0.019901275634765625,12.312,28.76,18,6,10,1.21,831,0.005297218449413776,0.0003973359998781234,0.007655006367713213,1500,1500,1000,1500,1800,1000,1000,1800
1784593137.3333,3.9601,0.02001,49.97,199,570609,0.000,GUIDED,GUIDED,128,-0.03743442893028259,0.04053312540054321,15.009000778198242,0.0,0.0,0.0,nan,nan,nan,nan,nan,nan,nan,nan,nan,nan,-0.004462082371560743,0.007055816695907682,5.83549981897451e-05,0,0,-0.00935187004506588,0.017078891396522522,15.009984016418457,-0.013637288473546505,0.00946763064712286,-0.0006013641250319779,0,0,-1001,2,0,0,-0.00046672599273733795,-0.0009526259382255375,0.000832814839668572,-0.0005166833288967609,63,3135,0.019945144653320312,12.312,28.76,18,6,10,1.21,831,0.005297218449413776,0.0003973359998781234,0.007655006367713213,1500,1500,1000,1500,1800,1000,1000,1800
1784593137.3533,3.9800,0.01996,50.10,200,570609,0.000,GUIDED,GUIDED,128,-0.03743442893028259,0.04053312540054321,15.009000778198242,0.0,0.0,0.0,nan,nan,nan,nan,nan,nan,nan,nan,nan,nan,-0.004462082371560743,0.007055816695907682,5.83549981897451e-05,0,0,-0.00935187004506588,0.017078891396522522,15.009984016418457,-0.013637288473546505,0.00946763064712286,-0.0006013641250319779,0,0,-1001,2,0,0,-0.00046672599273733795,-0.0009526259382255375,0.000832814839668572,-0.0005166833288967609,63,3135,0.01989150047302246,12.312,28.76,18,6,10,1.21,831,0.005297218449413776,0.0003973359998781234,0.007655006367713213,1500,1500,1000,1500,1800,1000,1000,1800
1784593137.3734,4.0001,0.02008,49.81,201,570609,0.000,GUIDED,GUIDED,128,-0.03743442893028259,0.04053312540054321,15.009000778198242,0.0,0.0,0.0,nan,nan,nan,nan,nan,nan,nan,nan,nan,nan,-0.004462082371560743,0.007055816695907682,5.83549981897451e-05,0,0,-0.00935187004506588,0.017078891396522522,15.009984016418457,-0.013637288473546505,0.00946763064712286,-0.0006013641250319779,0,0,-1001,2,0,0,-0.00046672599273733795,-0.0009526259382255375,0.000832814839668572,-0.0005166833288967609,63,3135,0.0199887752532959,12.312,28.76,18,6,10,1.21,831,0.005297218449413776,0.0003973359998781234,0.007655006367713213,1500,1500,1000,1500,1800,1000,1000,1800
1784593137.3937,4.0201,0.02036,49.13,202,570859,0.000,GUIDED,GUIDED,128,-0.03743442893028259,0.04053312540054321,15.009000778198242,0.0,0.0,0.0,nan,nan,nan,nan,nan,nan,nan,nan,nan,nan,-0.004694818904064018,0.007167191775253334,0.0002176036149330123,0,0,-0.009114082902669907,0.015188954770565033,15.010290145874023,-0.013640204444527626,0.010494483634829521,-0.000870050280354917,0,0,-1001,1,1,0,-0.000525789160747081,-0.0009221440413966775,0.0008400173974223435,-0.0005674841231666505,63,3135,0.019903182983398438,12.312,28.76,18,6,10,1.21,831,0.006513476837426424,0.0003736740618478507,0.007612939458340406,1500,1500,1000,1500,1800,1000,1000,1800
1784593137.4134,4.0401,0.01967,50.84,203,570859,0.000,GUIDED,GUIDED,128,-0.03743442893028259,0.04053312540054321,15.009000778198242,0.0,0.0,0.0,nan,nan,nan,nan,nan,nan,nan,nan,nan,nan,-0.004694818904064018,0.007167191775253334,0.0002176036149330123,0,0,-0.009114082902669907,0.015188954770565033,15.010290145874023,-0.013640204444527626,0.010494483634829521,-0.000870050280354917,0,0,-1001,1,1,0,-0.000525789160747081,-0.0009221440413966775,0.0008400173974223435,-0.0005674841231666505,63,3135,0.01960277557373047,12.312,28.76,18,6,10,1.21,831,0.006513476837426424,0.0003736740618478507,0.007612939458340406,1500,1500,1000,1500,1800,1000,1000,1800
1784593137.4334,4.0600,0.01996,50.10,204,570889,0.000,GUIDED,GUIDED,128,-0.03743442893028259,0.04053312540054321,15.009000778198242,0.0,0.0,0.0,nan,nan,nan,nan,nan,nan,nan,nan,nan,nan,-0.004722613048166395,0.007106228932932116,0.0002191311821130601,0,0,-0.009093749336898327,0.015039563179016113,15.010313034057617,-0.01363589707762003,0.010615931823849678,-0.000884146720636636,0,0,-1001,0,1,0,-0.0005573512753471732,-0.0009029692737385631,0.0008387608104385436,-0.0005915302899666131,63,3135,0.019893407821655273,12.312,28.76,18,6,10,1.21,831,0.006513476837426424,0.0003736740618478507,0.007612939458340406,1500,1500,1000,1500,1800,1000,1000,1800
1784593137.4534,4.0801,0.02004,49.89,205,570909,0.000,GUIDED,GUIDED,128,-0.03743442893028259,0.04053312540054321,15.009000778198242,0.0,0.0,0.0,nan,nan,nan,nan,nan,nan,nan,nan,nan,nan,-0.004950789807186835,0.007266801149709758,0.00019733119697098794,0,0,-0.008970390073955059,0.014823014847934246,15.010346412658691,-0.01357538066804409,0.01064824964851141,-0.0008908316376619041,0,0,-1001,1,0,0,-0.0005446654395200312,-0.0009324565762653947,0.0008404364343732595,-0.0005206988425925374,63,3135,0.019970417022705078,12.312,28.76,18,6,10,1.21,831,0.006513476837426424,0.0003736740618478507,0.007612939458340406,1500,1500,1000,1500,1800,1000,1000,1800
1784593137.4734,4.1001,0.02000,50.00,206,570929,0.000,GUIDED,GUIDED,128,-0.03743442893028259,0.04053312540054321,15.009000778198242,0.0,0.0,0.0,nan,nan,nan,nan,nan,nan,nan,nan,nan,nan,-0.004696943672616066,0.0069531985584577564,0.00025385749456182543,0,0,-0.009058646857738495,0.014837211929261684,15.01035213470459,-0.013670983724296093,0.010821111500263214,-0.0009267707355320454,0,0,-1000,-1,1,0,-0.0005802140804007649,-0.0008925889851525426,0.0008407137938775122,-0.0005666008801199496,63,3135,0.01993274688720703,12.312,28.76,18,6,10,1.21,831,0.006513476837426424,0.0003736740618478507,0.007612939458340406,1500,1500,1000,1500,1800,1000,1000,1800
1784593137.4934,4.1201,0.02000,50.01,207,570949,0.000,GUIDED,GUIDED,128,-0.03743442893028259,0.04053312540054321,15.009000778198242,0.0,0.0,0.0,nan,nan,nan,nan,nan,nan,nan,nan,nan,nan,-0.004783601475985409,0.007014392353694256,0.0002706701507334741,0,0,-0.008988874964416027,0.01467966940253973,15.01037883758545,-0.013661234639585018,0.010876738466322422,-0.000951894442550838,0,0,-1000,2,0,0,-0.000544720096513629,-0.0009244823595508933,0.0008400201913900673,-0.0005643554613925517,63,3135,0.019929885864257812,12.312,28.76,18,6,10,1.21,831,0.006513476837426424,0.0003736740618478507,0.007612939458340406,1500,1500,1000,1500,1800,1000,1000,1800
1784593137.5134,4.1401,0.02000,49.99,208,570969,0.000,GUIDED,GUIDED,128,-0.03743442893028259,0.04053312540054321,15.009000778198242,0.0,0.0,0.0,nan,nan,nan,nan,nan,nan,nan,nan,nan,nan,-0.004767010136598464,0.006954004199669593,0.0003010693105504824,0,0,-0.008964985609054565,0.014568273909389973,15.01039981842041,-0.013684606179594994,0.010975917801260948,-0.0009815586963668466,0,0,-1000,-1,1,0,-0.0005965145537629724,-0.0008854590705595911,0.0008354981546290219,-0.0006377918180078268,63,3135,0.019939899444580078,12.312,28.76,18,6,10,1.21,831,0.006513476837426424,0.0003736740618478507,0.007612939458340406,1500,1500,1000,1500,1800,1000,1000,1800
1784593137.5334,4.1601,0.01998,50.06,209,570989,0.000,GUIDED,GUIDED,128,-0.03743442893028259,0.04053312540054321,15.009000778198242,0.0,0.0,0.0,nan,nan,nan,nan,nan,nan,nan,nan,nan,nan,-0.004459211375320259,0.006577873974241182,0.0003147754171744519,0,0,-0.009096787311136723,0.014632172882556915,15.010405540466309,-0.013786218129098415,0.01115618459880352,-0.0009927755454555154,0,0,-1001,2,-1,0,-0.000541669491212815,-0.0009370152256451547,0.0008312776917591691,-0.0006131338886916637,63,3135,0.019911527633666992,12.312,28.76,18,6,10,1.21,831,0.006513476837426424,0.0003736740618478507,0.007612939458340406,1500,1500,1000,1500,1800,1000,1000,1800
1784593137.5534,4.1801,0.01999,50.02,210,571009,0.000,GUIDED,GUIDED,128,-0.03743442893028259,0.04053312540054321,15.009000778198242,0.0,0.0,0.0,nan,nan,nan,nan,nan,nan,nan,nan,nan,nan,-0.0047240851647037015,0.006801168719984575,0.0002840825544128977,0,0,-0.008939662016928196,0.014409245923161507,15.010437965393066,-0.0137240095064044,0.011155972257256508,-0.0009937755530700088,0,0,-1001,0,0,0,-0.0005688088713213801,-0.0009225783869624138,0.0008304845541715622,-0.000603409600444138,63,3135,0.019931316375732422,12.312,28.76,18,6,10,1.21,831,0.006513476837426424,0.0003736740618478507,0.007612939458340406,1500,1500,1000,1500,1800,1000,1000,1800
1784593137.5734,4.2001,0.02003,49.91,211,571029,0.000,GUIDED,GUIDED,128,-0.03743442893028259,0.04053312540054321,15.009000778198242,0.0,0.0,0.0,nan,nan,nan,nan,nan,nan,nan,nan,nan,nan,-0.005254435809415137,0.007255376437584286,0.0002466137336561158,0,0,-0.008664213120937347,0.014081119559705257,15.010468482971191,-0.013576841913163662,0.011083179153501987,-0.000989762251265347,0,0,-1001,1,0,0,-0.0005368156125769019,-0.0009382745483890176,0.0008316704188473523,-0.0006210183491930366,63,3135,0.01996755599975586,12.312,28.76,18,6,10,1.21,831,0.006513476837426424,0.0003736740618478507,0.007612939458340406,1500,1500,1000,1500,1800,1000,1000,1800
1784593137.5934,4.2201,0.01998,50.05,212,571049,0.000,GUIDED,GUIDED,128,-0.03743442893028259,0.04053312540054321,15.009000778198242,0.0,0.0,0.0,nan,nan,nan,nan,nan,nan,nan,nan,nan,nan,-0.005186106986266339,0.0070515756770773395,0.000275963928355167,0,0,-0.00867960974574089,0.014046283438801765,15.010472297668457,-0.013607402332127094,0.011220956221222878,-0.0010089100105687976,0,0,-1001,0,0,0,-0.0005658696754835546,-0.0009182830108329654,0.0008310207049362361,-0.0006315663340501487,63,3135,0.019913673400878906,12.312,28.76,18,6,10,1.21,831,0.006513476837426424,0.0003736740618478507,0.007612939458340406,1500,1500,1000,1500,1800,1000,1000,1800
1784593137.6134,4.2400,0.01997,50.07,213,571069,0.000,GUIDED,GUIDED,128,-0.03743442893028259,0.04053312540054321,15.009000778198242,0.0,0.0,0.0,nan,nan,nan,nan,nan,nan,nan,nan,nan,nan,-0.005574910120462878,0.007336943166593543,0.0002900791432315082,0,0,-0.008471855893731117,0.01378798857331276,15.010497093200684,-0.013502873480319977,0.011205325834453106,-0.0010313751408830285,0,0,-1000,0,1,0,-0.000545093382243067,-0.000899634906090796,0.0008295711013488472,-0.0006458255811594427,63,3135,0.01991415023803711,12.312,28.76,18,6,10,1.21,831,0.006513476837426424,0.0003736740618478507,0.007612939458340406,1500,1500,1000,1500,1800,1000,1000,1800
1784593137.6334,4.2600,0.02002,49.95,214,571089,0.000,GUIDED,GUIDED,128,-0.03743442893028259,0.04053312540054321,15.009000778198242,0.0,0.0,0.0,nan,nan,nan,nan,nan,nan,nan,nan,nan,nan,-0.00542011506303983,0.007067969218830215,0.0003518017336297467,0,0,-0.008518979884684086,0.013787942938506603,15.010502815246582,-0.01356503739953041,0.011360644362866879,-0.0010703143198043108,0,0,-1000,1,0,0,-0.0005434936610981822,-0.000898213591426611,0.0008260288159362972,-0.0006942467298358679,63,3135,0.01995539665222168,12.312,28.76,18,6,10,1.21,831,0.006513476837426424,0.0003736740618478507,0.007612939458340406,1500,1500,1000,1500,1800,1000,1000,1800
1784593137.6537,4.2801,0.02030,49.27,215,571109,0.000,GUIDED,GUIDED,128,-0.03743442893028259,0.04053312540054321,15.009000778198242,0.0,0.0,0.0,nan,nan,nan,nan,nan,nan,nan,nan,nan,nan,-0.005698929085089472,0.00720269629273354,0.00033141850566390765,0,0,-0.008367689326405525,0.013590545393526554,15.010531425476074,-0.013491411693394184,0.011396827176213264,-0.0010750641813501716,0,0,-1001,0,2,0,-0.0005411612801253796,-0.0008640613523311913,0.0008261319599114358,-0.0006490857340395451,63,3135,0.020232439041137695,12.312,28.76,18,6,10,1.21,831,0.006076936610043049,0.0003429484204389155,0.007500103674829006,1500,1500,1000,1500,1800,1000,1000,1800
1784593137.6734,4.3001,0.01969,50.77,216,571129,0.000,GUIDED,GUIDED,128,-0.03743442893028259,0.04053312540054321,15.009000778198242,0.0,0.0,0.0,nan,nan,nan,nan,nan,nan,nan,nan,nan,nan,-0.0058889410872954955,0.007280866187230787,0.00030875279784573916,0,0,-0.008254441432654858,0.013432275503873825,15.010555267333984,-0.013447091914713383,0.01144307292997837,-0.001075743231922388,0,0,-1001,2,0,0,-0.0005056775989942253,-0.0008651161333546042,0.0008255448774434626,-0.000611233408562839,63,3135,0.019630908966064453,12.312,28.76,18,6,10,1.21,831,0.006076936610043049,0.0003429484204389155,0.007500103674829006,1500,1500,1000,1500,1800,1000,1000,1800
1784593137.6934,4.3201,0.02000,50.01,217,571149,0.000,GUIDED,GUIDED,128,-0.03743442893028259,0.04053312540054321,15.009000778198242,0.0,0.0,0.0,nan,nan,nan,nan,nan,nan,nan,nan,nan,nan,-0.005712775204494137,0.0069560699133327936,0.00032262261787444936,0,0,-0.008345763199031353,0.013482391834259033,15.010555267333984,-0.013496076688170433,0.011601659469306469,-0.0010837509762495756,0,0,-1001,-1,2,0,-0.0005340658244676888,-0.0008211972890421748,0.000824353308416903,-0.0005722827627323568,63,3135,0.019933462142944336,12.312,28.76,18,6,10,1.21,831,0.006076936610043049,0.0003429484204389155,0.007500103674829006,1500,1500,1000,1500,1800,1000,1000,1800
1784593137.7134,4.3401,0.02000,50.01,218,571169,0.000,GUIDED,GUIDED,128,-0.03743442893028259,0.04053312540054321,15.009000778198242,0.0,0.0,0.0,nan,nan,nan,nan,nan,nan,nan,nan,nan,nan,-0.005801969420045197,0.0069470819923599415,0.0003217347254343525,0,0,-0.008284625597298145,0.013378903269767761,15.010573387145996,-0.013479878194630146,0.011666597798466682,-0.0010936998296529055,0,0,-1000,2,0,0,-0.00048229226376861334,-0.0008362903026863933,0.0008225406636483967,-0.0005497725214809179,63,3135,0.01993274688720703,12.312,28.76,18,6,10,1.21,831,0.006076936610043049,0.0003429484204389155,0.007500103674829006,1500,1500,1000,1500,1800,1000,1000,1800
1784593137.7334,4.3601,0.02000,49.99,219,571189,0.000,GUIDED,GUIDED,128,-0.03743442893028259,0.04053312540054321,15.009000778198242,0.0,0.0,0.0,nan,nan,nan,nan,nan,nan,nan,nan,nan,nan,-0.005528105026132015,0.006589514012497771,0.00037166999732241805,0,0,-0.008401590399444103,0.013457621447741985,15.010576248168945,-0.013570464216172695,0.011827591806650162,-0.0011241817846894264,0,0,-1000,0,3,0,-0.0005118554108776152,-0.0007841596961952746,0.0008191756787709892,-0.0005454322672449052,63,3135,0.019942045211791992,12.312,28.76,18,6,10,1.21,831,0.006076936610043049,0.0003429484204389155,0.007500103674829006,1500,1500,1000,1500,1800,1000,1000,1800
1784593137.7534,4.3801,0.02006,49.85,220,571209,0.000,GUIDED,GUIDED,128,-0.03743442893028259,0.04053312540054321,15.009000778198242,0.0,0.0,0.0,nan,nan,nan,nan,nan,nan,nan,nan,nan,nan,-0.005846005012230586,0.006814389031735365,0.0004264606965547913,0,0,-0.008225257508456707,0.013257171958684921,15.010603904724121,-0.013488730415701866,0.011813489720225334,-0.00117178272921592,0,0,-1000,2,0,0,-0.00046782378922216594,-0.0008079138351604342,0.0008176683913916349,-0.0006184472003951669,63,3135,0.019977807998657227,12.312,28.76,18,6,10,1.21,831,0.006076936610043049,0.0003429484204389155,0.007500103674829006,1500,1500,1000,1500,1800,1000,1000,1800
1784593137.7734,4.4001,0.01999,50.03,221,571229,0.000,GUIDED,GUIDED,128,-0.03743442893028259,0.04053312540054321,15.009000778198242,0.0,0.0,0.0,nan,nan,nan,nan,nan,nan,nan,nan,nan,nan,-0.006430362540347262,0.00727560632223925,0.00043522285368217516,0,0,-0.007936742156744003,0.012957582250237465,15.010631561279297,-0.013317925855517387,0.011720173992216587,-0.0011928090825676918,0,0,-1000,0,2,0,-0.0004942549858242273,-0.0007579529192298651,0.0008193390094675124,-0.0006127730011940002,63,3135,0.019908428192138672,12.312,28.76,18,6,10,1.21,831,0.006076936610043049,0.0003429484204389155,0.007500103674829006,1500,1500,1000,1500,1800,1000,1000,1800
1784593137.7934,4.4201,0.01997,50.09,222,571249,0.000,GUIDED,GUIDED,128,-0.03743442893028259,0.04053312540054321,15.009000778198242,0.0,0.0,0.0,nan,nan,nan,nan,nan,nan,nan,nan,nan,nan,-0.006375778224611557,0.007145632713563603,0.0005221207772713584,0,0,-0.0079431077465415,0.012942536734044552,15.01063060760498,-0.013345764949917793,0.011803900822997093,-0.0012424290180206299,0,0,-1000,2,0,0,-0.0004494702734518796,-0.000779160822276026,0.0008187369094230235,-0.0006349006434902549,63,3135,0.01989579200744629,12.312,28.76,18,6,10,1.21,831,0.006076936610043049,0.0003429484204389155,0.007500103674829006,1500,1500,1000,1500,1800,1000,1000,1800
1784593137.8134,4.4401,0.02000,50.01,223,571269,0.000,GUIDED,GUIDED,128,-0.03743442893028259,0.04053312540054321,15.009000778198242,0.0,0.0,0.0,nan,nan,nan,nan,nan,nan,nan,nan,nan,nan,-0.0067583917008772545,0.0074048832412214535,0.0005194264865753702,0,0,-0.007723173592239618,0.012710032984614372,15.010649681091309,-0.013251841999590397,0.011788458563387394,-0.0012518855510279536,0,0,-1000,-1,2,0,-0.0005045745056122541,-0.000731108186300844,0.0008178324205800891,-0.0006234518950805068,63,3135,0.01993250846862793,12.312,28.76,18,6,10,1.21,831,0.006076936610043049,0.0003429484204389155,0.007500103674829006,1500,1500,1000,1500,1800,1000,1000,1800
1784593137.8334,4.4601,0.02003,49.91,224,571289,0.000,GUIDED,GUIDED,128,-0.03743442893028259,0.04053312540054321,15.009000778198242,0.0,0.0,0.0,nan,nan,nan,nan,nan,nan,nan,nan,nan,nan,-0.006639434707102446,0.007188987920563904,0.0005559407130716638,0,0,-0.007761885412037373,0.012728086672723293,15.010651588439941,-0.013298171572387218,0.011902682483196259,-0.0012740682577714324,0,0,-1001,1,-1,0,-0.000476838176837191,-0.0007749908836558461,0.0008160966681316495,-0.0006083969492465258,63,3135,0.01995706558227539,12.312,28.76,18,6,10,1.21,831,0.006076936610043049,0.0003429484204389155,0.007500103674829006,1500,1500,1000,1500,1800,1000,1000,1800
1784593137.8534,4.4801,0.01997,50.09,225,571309,0.000,GUIDED,GUIDED,128,-0.03743442893028259,0.04053312540054321,15.009000778198242,0.0,0.0,0.0,nan,nan,nan,nan,nan,nan,nan,nan,nan,nan,-0.006951091243125384,0.0074072910195914846,0.0005437998649057293,0,0,-0.007599242031574249,0.01255409698933363,15.010675430297852,-0.013212138786911964,0.011877098120748997,-0.0012808238388970494,0,0,-1000,0,2,0,-0.0005153300007805228,-0.0007279873825609684,0.0008176020346581936,-0.0005561994621530175,63,3135,0.019896507263183594,12.312,28.76,18,6,10,1.21,831,0.006076936610043049,0.0003429484204389155,0.007500103674829006,1500,1500,1000,1500,1800,1000,1000,1800
1784593137.8734,4.5001,0.02000,50.00,226,571329,0.000,GUIDED,GUIDED,128,-0.03743442893028259,0.04053312540054321,15.009000778198242,0.0,0.0,0.0,nan,nan,nan,nan,nan,nan,nan,nan,nan,nan,-0.007159736415725541,0.007519108268942098,0.0004893717759406357,0,0,-0.007475182879716158,0.012417555786669254,15.010695457458496,-0.013163303025066853,0.011891372501850128,-0.0012609624536707997,0,0,-1001,-2,0,0,-0.0005514032673090696,-0.0007598743541166186,0.0008176830015145242,-0.0005955117521807551,63,3135,0.01993584632873535,12.312,28.76,18,6,10,1.21,831,0.006076936610043049,0.0003429484204389155,0.007500103674829006,1500,1500,1000,1500,1800,1000,1000,1800
1784593137.8937,4.5201,0.02028,49.30,227,571349,0.000,GUIDED,GUIDED,128,-0.03743442893028259,0.04053312540054321,15.009000778198242,0.0,0.0,0.0,nan,nan,nan,nan,nan,nan,nan,nan,nan,nan,-0.006962656307284508,0.0072438699334183045,0.0005228831345469539,0,0,-0.0075588831678032875,0.01248222030699253,15.010690689086914,-0.01322876289486885,0.012012947350740433,-0.0012775572249665856,0,0,-1000,0,1,0,-0.0005528045003302395,-0.0007219460676424205,0.0008151616784743965,-0.0006418028497137129,63,3135,0.01992940902709961,12.312,28.76,18,6,10,1.21,831,0.00570866372436285,0.0003288050356786698,0.00740009406581521,1500,1500,1000,1500,1800,1000,1000,1800
1784593137.9134,4.5401,0.01971,50.74,228,571369,0.000,GUIDED,GUIDED,128,-0.03743442893028259,0.04053312540054321,15.009000778198242,0.0,0.0,0.0,nan,nan,nan,nan,nan,nan,nan,nan,nan,nan,-0.007037654590693002,0.007257396589294113,0.0005201300196157185,0,0,-0.0074881273321807384,0.012398088350892067,15.01070499420166,-0.013226313516497612,0.012053711339831352,-0.0012842267751693726,0,0,-1000,-2,0,0,-0.0006180411437526345,-0.0007413007551804185,0.0008116103708744049,-0.0006598762120120227,63,3135,0.019648313522338867,12.312,28.76,18,6,10,1.21,831,0.00570866372436285,0.0003288050356786698,0.00740009406581521,1500,1500,1000,1500,1800,1000,1000,1800
1784593137.9334,4.5600,0.02001,49.98,229,571389,0.000,GUIDED,GUIDED,128,-0.03743442893028259,0.04053312540054321,15.009000778198242,0.0,0.0,0.0,nan,nan,nan,nan,nan,nan,nan,nan,nan,nan,-0.006688110573265526,0.006895731826513523,0.0005694241388842299,0,0,-0.007598192431032658,0.012489565648138523,15.010703086853027,-0.013364576734602451,0.012209704145789146,-0.0013115855399519205,0,0,-1000,1,1,0,-0.0005986692267470062,-0.0007053338340483606,0.0008065811707638204,-0.0006383819272741675,63,3135,0.01992940902709961,12.312,28.76,18,6,10,1.21,831,0.00570866372436285,0.0003288050356786698,0.00740009406581521,1500,1500,1000,1500,1800,1000,1000,1800
1784593137.9534,4.5801,0.02002,49.95,230,571409,0.000,GUIDED,GUIDED,128,-0.03743442893028259,0.04053312540054321,15.009000778198242,0.0,0.0,0.0,nan,nan,nan,nan,nan,nan,nan,nan,nan,nan,-0.0069493804352729165,0.007134112721603553,0.00050087821607024,0,0,-0.007419793866574764,0.01230811420828104,15.010723114013672,-0.013316730968654156,0.012176835909485817,-0.0012835732195526361,0,0,-1001,-2,0,0,-0.0006588356336578727,-0.0007247484172694385,0.0008060383261181414,-0.0006215551402419806,63,3135,0.019954442977905273,12.312,28.76,18,6,10,1.21,831,0.00570866372436285,0.0003288050356786698,0.00740009406581521,1500,1500,1000,1500,1800,1000,1000,1800
1784593137.9734,4.6001,0.01997,50.07,231,571429,0.000,GUIDED,GUIDED,128,-0.03743442893028259,0.04053312540054321,15.009000778198242,0.0,0.0,0.0,nan,nan,nan,nan,nan,nan,nan,nan,nan,nan,-0.007474432884205323,0.0075697731457165796,0.0004971405144586077,0,0,-0.007134962361305952,0.012027720920741558,15.010740280151367,-0.013178039342164993,0.012087192386388779,-0.0012913261307403445,0,0,-1001,1,1,0,-0.0006325195427052677,-0.000684425001963973,0.0008082845597527921,-0.0005992628866806626,63,3135,0.01990795135498047,12.312,28.76,18,6,10,1.21,831,0.00570866372436285,0.0003288050356786698,0.00740009406581521,1500,1500,1000,1500,1800,1000,1000,1800
1784593137.9934,4.6200,0.02000,50.00,232,571449,0.000,GUIDED,GUIDED,128,-0.03743442893028259,0.04053312540054321,15.009000778198242,0.0,0.0,0.0,nan,nan,nan,nan,nan,nan,nan,nan,nan,nan,-0.0073474029678087215,0.007441874301086494,0.0004971344492970095,0,0,-0.007142674643546343,0.012025742791593075,15.010734558105469,-0.013246927410364151,0.01216217689216137,-0.001288019004277885,0,0,-1001,-1,0,0,-0.0006823529256507754,-0.0007014247821643949,0.0008094859076663852,-0.0005911750486120582,63,3135,0.019936800003051758,12.312,28.76,18,6,10,1.21,831,0.00570866372436285,0.0003288050356786698,0.00740009406581521,1500,1500,1000,1500,1800,1000,1000,1800
1784593138.0134,4.6401,0.02000,50.01,233,571469,0.000,GUIDED,GUIDED,128,-0.03743442893028259,0.04053312540054321,15.009000778198242,0.0,0.0,0.0,nan,nan,nan,nan,nan,nan,nan,nan,nan,nan,-0.007746200793809985,0.00775776203263125,0.0004999362310041675,0,0,-0.006927040871232748,0.011810723692178726,15.010746002197266,-0.013141177594661713,0.012103940360248089,-0.0012962438631802797,0,0,-1001,1,1,0,-0.0006492907414212823,-0.0006621658685617149,0.0008089483017101884,-0.0006155060837045312,63,3135,0.019933700561523438,12.312,28.76,18,6,10,1.21,831,0.00570866372436285,0.0003288050356786698,0.00740009406581521,1500,1500,1000,1500,1800,1000,1000,1800
1784593138.0334,4.6601,0.02000,50.00,234,571489,0.000,GUIDED,GUIDED,128,-0.03743442893028259,0.04053312540054321,15.009000778198242,0.0,0.0,0.0,nan,nan,nan,nan,nan,nan,nan,nan,nan,nan,-0.007599660688220721,0.007506314202932577,0.0005532045506267979,0,0,-0.006966387387365103,0.011839949525892735,15.010743141174316,-0.01320306584239006,0.012232240289449692,-0.0013253465294837952,0,0,-1000,-1,0,0,-0.0006968312663957477,-0.0006824007723480463,0.000808543583843857,-0.0005846710409969091,63,3135,0.01993703842163086,12.312,28.76,18,6,10,1.21,831,0.00570866372436285,0.0003288050356786698,0.00740009406581521,1500,1500,1000,1500,1800,1000,1000,1800
1784593138.0534,4.6800,0.01999,50.02,235,571509,0.000,GUIDED,GUIDED,128,-0.03743442893028259,0.04053312540054321,15.009000778198242,0.0,0.0,0.0,nan,nan,nan,nan,nan,nan,nan,nan,nan,nan,-0.007809918125291478,0.007678163561207242,0.00047195426307970354,0,0,-0.006807944271713495,0.011681796982884407,15.010760307312012,-0.013173150829970837,0.012224332429468632,-0.0012883475283160806,0,0,-1001,1,1,0,-0.000662559294141829,-0.0006422035512514412,0.0008104193257167935,-0.000555545964743942,63,3135,0.019931316375732422,12.312,28.76,18,6,10,1.21,831,0.00570866372436285,0.0003288050356786698,0.00740009406581521,1500,1500,1000,1500,1800,1000,1000,1800
1784593138.0734,4.7000,0.02000,50.00,236,571529,0.000,GUIDED,GUIDED,128,-0.03743442893028259,0.04053312540054321,15.009000778198242,0.0,0.0,0.0,nan,nan,nan,nan,nan,nan,nan,nan,nan,nan,-0.007965754744441535,0.007814012445703965,0.0003961390297567823,0,0,-0.006688545923680067,0.011560585349798203,15.010773658752441,-0.013152113184332848,0.012215881608426571,-0.0012522840406745672,0,0,-1001,0,0,0,-0.0006899178843013942,-0.0006535917054861784,0.000811944657471031,-0.0005630647647194564,63,3135,0.0199429988861084,12.312,28.76,18,6,10,1.21,831,0.00570866372436285,0.0003288050356786698,0.00740009406581521,1500,1500,1000,1500,1800,1000,1000,1800
1784593138.0934,4.7200,0.01999,50.02,237,571549,0.000,GUIDED,GUIDED,128,-0.03743442893028259,0.04053312540054321,15.009000778198242,0.0,0.0,0.0,nan,nan,nan,nan,nan,nan,nan,nan,nan,nan,-0.007629163112880231,0.007504172880110724,0.0003859221858954296,0,0,-0.006775321904569864,0.011636106297373772,15.010766983032227,-0.013296344317495823,0.012351165525615215,-0.001242531114257872,0,0,-1001,0,0,0,-0.0006675285985693336,-0.0006492601241916418,0.0008122694562189281,-0.0005405126139521599,63,3135,0.01993274688720703,12.312,28.76,18,6,10,1.21,831,0.00570866372436285,0.0003288050356786698,0.00740009406581521,1500,1500,1000,1500,1800,1000,1000,1800
1784593138.1134,4.7400,0.02000,50.01,238,571569,0.000,GUIDED,GUIDED,128,-0.03743442893028259,0.04053312540054321,15.009000778198242,0.0,0.0,0.0,nan,nan,nan,nan,nan,nan,nan,nan,nan,nan,-0.007709417677498814,0.0075329820477580516,0.000362199657128485,0,0,-0.0067106434144079685,0.011566284112632275,15.01077651977539,-0.013287351466715336,0.012374844402074814,-0.0012343409471213818,0,0,-1001,0,0,0,-0.0006829074118286371,-0.0006717539508827031,0.0008106449386104941,-0.0005445141578093171,63,3135,0.01993083953857422,12.312,28.76,18,6,10,1.21,831,0.00570866372436285,0.0003288050356786698,0.00740009406581521,1500,1500,1000,1500,1800,1000,1000,1800
1784593138.1334,4.7601,0.02003,49.92,239,571589,0.000,GUIDED,GUIDED,128,-0.03743442893028259,0.04053312540054321,15.009000778198242,0.0,0.0,0.0,nan,nan,nan,nan,nan,nan,nan,nan,nan,nan,-0.007383253332227894,0.007193970454708428,0.00039162672144099197,0,0,-0.006824246607720852,0.011667739599943161,15.010772705078125,-0.013410073705017567,0.012511997483670712,-0.0012491282541304827,0,0,-1001,0,1,0,-0.0006972329574637115,-0.0006377008394338191,0.000807353004347533,-0.0005916028749197721,63,3135,0.019966840744018555,12.312,28.76,18,6,10,1.21,831,0.00570866372436285,0.0003288050356786698,0.00740009406581521,1500,1500,1000,1500,1800,1000,1000,1800
1784593138.1538,4.7801,0.02038,49.08,240,571609,0.000,GUIDED,GUIDED,128,-0.03743442893028259,0.04053312540054321,15.009000778198242,0.0,0.0,0.0,nan,nan,nan,nan,nan,nan,nan,nan,nan,nan,-0.0076908967044803725,0.007383639465297787,0.0004173251658402314,0,0,-0.006654256954789162,0.011506307870149612,15.010788917541504,-0.013330599293112755,0.012495694682002068,-0.0012733255280181766,0,0,-1000,1,0,0,-0.0006765396101400256,-0.000661394209600985,0.0008069454925134778,-0.0006108405068516731,63,3135,0.020299673080444336,12.312,28.76,18,6,10,1.21,831,0.005147400312125683,0.0003280209784861654,0.007314392365515232,1500,1500,1000,1500,1800,1000,1000,1800
1784593138.1734,4.8001,0.01966,50.86,241,571629,0.000,GUIDED,GUIDED,128,-0.03743442893028259,0.04053312540054321,15.009000778198242,0.0,0.0,0.0,nan,nan,nan,nan,nan,nan,nan,nan,nan,nan,-0.008189926979107448,0.007813576857725664,0.0004115851284059754,0,0,-0.006380560342222452,0.011251751333475113,15.010802268981934,-0.013200502842664719,0.012394438497722149,-0.0012777199735864997,0,0,-1001,-1,1,0,-0.0007145912386476994,-0.0006245274562388659,0.0008092018542811275,-0.0006069866940379143,63,3135,0.019579410552978516,12.312,28.76,18,6,10,1.21,831,0.005147400312125683,0.0003280209784861654,0.007314392365515232,1500,1500,1000,1500,1800,1000,1000,1800
1784593138.1934,4.8201,0.02001,49.97,242,571649,0.000,GUIDED,GUIDED,128,-0.03743442893028259,0.04053312540054321,15.009000778198242,0.0,0.0,0.0,nan,nan,nan,nan,nan,nan,nan,nan,nan,nan,-0.008060460909475892,0.007700030753325305,0.0003915426329965388,0,0,-0.006393768824636936,0.011264930479228497,15.010794639587402,-0.01326762419193983,0.012452385388314724,-0.0012617436004802585,0,0,-1001,2,0,0,-0.0006719027296639979,-0.000648497836664319,0.0008100300910882652,-0.0006189037230797112,63,3135,0.01992654800415039,12.312,28.76,18,6,10,1.21,831,0.005147400312125683,0.0003280209784861654,0.007314392365515232,1500,1500,1000,1500,1800,1000,1000,1800
1784593138.2134,4.8401,0.01996,50.10,243,571669,0.000,GUIDED,GUIDED,128,-0.03743442893028259,0.04053312540054321,15.009000778198242,0.0,0.0,0.0,nan,nan,nan,nan,nan,nan,nan,nan,nan,nan,-0.008344430813434701,0.007997523874055681,0.0003503042095204744,0,0,-0.00618887459859252,0.011073164641857147,15.01080322265625,-0.013221969828009605,0.012391343712806702,-0.0012428900226950645,0,0,-1001,-1,0,0,-0.0007207737071439624,-0.0006228478159755468,0.0008107106550596654,-0.000573999248445034,63,3135,0.019884347915649414,12.312,28.76,18,6,10,1.21,831,0.005147400312125683,0.0003280209784861654,0.007314392365515232,1500,1500,1000,1500,1800,1000,1000,1800
1784593138.2334,4.8601,0.02005,49.88,244,571689,0.000,GUIDED,GUIDED,128,-0.03743442893028259,0.04053312540054321,15.009000778198242,0.0,0.0,0.0,nan,nan,nan,nan,nan,nan,nan,nan,nan,nan,-0.008181404759600872,0.007817829315020695,0.0003931262381327992,0,0,-0.006234542932361364,0.011115970090031624,15.010799407958984,-0.013289726339280605,0.012470376677811146,-0.0012654109159484506,0,0,-1001,2,1,0,-0.00067609001416713,-0.0006167347310110927,0.0008096706587821245,-0.0005728660034947097,63,3135,0.019966602325439453,12.312,28.76,18,6,10,1.21,831,0.005147400312125683,0.0003280209784861654,0.007314392365515232,1500,1500,1000,1500,1800,1000,1000,1800
1784593138.2534,4.8801,0.01999,50.02,245,571709,0.000,GUIDED,GUIDED,128,-0.03743442893028259,0.04053312540054321,15.009000778198242,0.0,0.0,0.0,nan,nan,nan,nan,nan,nan,nan,nan,nan,nan,-0.008391950349781671,0.007987092113415577,0.00035205156014954083,0,0,-0.006086290348321199,0.010978135280311108,15.01081371307373,-0.01325376145541668,0.012452231720089912,-0.0012499555014073849,0,0,-1001,0,-2,0,-0.0007150900200940669,-0.0006588659016415477,0.0008108575129881501,-0.0005995344836264849,63,3135,0.019910335540771484,12.312,28.76,18,6,10,1.21,831,0.005147400312125683,0.0003280209784861654,0.007314392365515232,1500,1500,1000,1500,1800,1000,1000,1800
1784593138.2734,4.9001,0.02000,50.00,246,571729,0.000,GUIDED,GUIDED,128,-0.03743442893028259,0.04053312540054321,15.009000778198242,0.0,0.0,0.0,nan,nan,nan,nan,nan,nan,nan,nan,nan,nan,-0.008476149277303675,0.008100834776296868,0.00032363727393437854,0,0,-0.005976756103336811,0.010875895619392395,15.010825157165527,-0.01326838880777359,0.01244559045881033,-0.0012401577550917864,0,0,-1001,0,1,0,-0.0006970000104047358,-0.0006301426910795271,0.0008102079737000167,-0.0006759447860531509,63,3135,0.019919157028198242,12.312,28.76,18,6,10,1.21,831,0.005147400312125683,0.0003280209784861654,0.007314392365515232,1500,1500,1000,1500,1800,1000,1000,1800
1784593138.2934,4.9201,0.02000,50.00,247,571749,0.000,GUIDED,GUIDED,128,-0.03743442893028259,0.04053312540054321,15.009000778198242,0.0,0.0,0.0,nan,nan,nan,nan,nan,nan,nan,nan,nan,nan,-0.008151995674643434,0.007784626536664802,0.0003127577801759272,0,0,-0.006069249473512173,0.010962621308863163,15.010817527770996,-0.013402137905359268,0.012578082270920277,-0.0012294716434553266,0,0,-1001,0,-1,0,-0.0007369663217104971,-0.0006661844672635198,0.0008072668570093811,-0.0006783664575777948,63,3135,0.019917964935302734,12.312,28.76,18,6,10,1.21,831,0.005147400312125683,0.0003280209784861654,0.007314392365515232,1500,1500,1000,1500,1800,1000,1000,1800
1784593138.3134,4.9401,0.02000,49.99,248,571769,0.000,GUIDED,GUIDED,128,-0.03743442893028259,0.04053312540054321,15.009000778198242,0.0,0.0,0.0,nan,nan,nan,nan,nan,nan,nan,nan,nan,nan,-0.0081162382855304,0.0077943691387824185,0.00024750200218216084,0,0,-0.006014705635607243,0.01091056875884533,15.010824203491211,-0.013454273343086243,0.012602509930729866,-0.0011956504313275218,0,0,-1001,0,2,0,-0.000715028028935194,-0.0006155302398838103,0.0008040872635319829,-0.0006643112283200026,63,3135,0.019922971725463867,12.312,28.76,18,6,10,1.21,831,0.005147400312125683,0.0003280209784861654,0.007314392365515232,1500,1500,1000,1500,1800,1000,1000,1800
1784593138.3334,4.9601,0.01995,50.13,249,571789,0.000,GUIDED,GUIDED,128,-0.03743442893028259,0.04053312540054321,15.009000778198242,0.0,0.0,0.0,nan,nan,nan,nan,nan,nan,nan,nan,nan,nan,-0.007758093025946142,0.007465972785611317,0.00025398617502944655,0,0,-0.0061354851350188255,0.0110228406265378,15.010820388793945,-0.013591316528618336,0.012727289460599422,-0.0011971916537731886,0,0,-1001,0,-1,0,-0.0007453871075995266,-0.0006577663007192314,0.0007995286723598838,-0.0006577109452337027,63,3135,0.0198819637298584,12.312,28.76,18,6,10,1.21,831,0.005147400312125683,0.0003280209784861654,0.007314392365515232,1500,1500,1000,1500,1800,1000,1000,1800
1784593138.3534,4.9801,0.02005,49.88,250,571809,0.000,GUIDED,GUIDED,128,-0.03743442893028259,0.04053312540054321,15.009000778198242,0.0,0.0,0.0,nan,nan,nan,nan,nan,nan,nan,nan,nan,nan,-0.007964234402319515,0.007709157600732066,0.00021043357685410213,0,0,-0.0059789191000163555,0.010878045111894608,15.010834693908691,-0.013562694191932678,0.012670484371483326,-0.0011803056113421917,0,0,-1001,0,2,0,-0.0007374694105237722,-0.0006114103016443551,0.000798538327217102,-0.0006620676722377539,63,3135,0.019967079162597656,12.312,28.76,18,6,10,1.21,831,0.005147400312125683,0.0003280209784861654,0.007314392365515232,1500,1500,1000,1500,1800,1000,1000,1800
1784593138.3734,5.0001,0.02001,49.98,251,571829,0.000,GUIDED,GUIDED,128,-0.0374046276201813,0.040532885607796235,15.00900072494991,0.4999830166524603,-0.004023054711288736,-0.000893358772062958,nan,nan,nan,nan,nan,nan,nan,nan,nan,nan,0.8576182804437915,0.0011465011742854726,-0.001342693355971752,0,0,-0.005720478482544422,0.010639332234859467,15.010846138000488,-0.013455980457365513,0.01257406361401081,-0.001183604123070836,0,0,-1001,1,0,0,-0.0007267181063070893,-0.0006322931149043143,0.0007996925269253552,-0.0006608685944229364,63,3135,0.019918203353881836,12.312,28.76,18,6,10,1.21,831,0.005147400312125683,0.0003280209784861654,0.007314392365515232,1500,1500,1000,1500,1800,1000,1000,1800
1784593138.3935,5.0201,0.02006,49.86,252,571849,0.000,GUIDED,GUIDED,128,-0.027406645696916993,0.04045243801869797,15.008982860773415,0.4999830166524603,-0.004023054711288736,-0.000893358772062958,nan,nan,nan,nan,nan,nan,nan,nan,nan,nan,0.8677806292406688,0.0009618700758615498,-0.0014300004798634318,0,0,-0.005743667017668486,0.01066175103187561,15.010839462280273,-0.01353748980909586,0.01262127049267292,-0.0011396569898352027,0,0,-1001,0,1,0,-0.0007346992497332394,-0.0005927997408434749,0.0007993610925041139,-0.0006751784821972251,63,3135,0.019888639450073242,12.312,28.76,18,6,10,1.21,831,0.005147400312125683,0.0003280209784861654,0.007314392365515232,1500,1500,1000,1500,1800,1000,1000,1800
1784593138.4137,5.0400,0.02019,49.54,253,571869,0.000,GUIDED,GUIDED,128,-0.0174111670837012,0.04037201057219045,15.008965001069779,0.4999830166524603,-0.004023054711288736,-0.000893358772062958,nan,nan,nan,nan,nan,nan,nan,nan,nan,nan,0.8774615735947652,0.001179769826409719,-0.0014701283726527897,0,0,-0.005553370341658592,0.010484601370990276,15.010848045349121,-0.013465761207044125,0.01255130860954523,-0.0011317558819428086,0,0,-1001,3,0,0,-0.0006732793990522623,-0.0006065961206331849,0.0007976028136909008,-0.0007049804553389549,63,3135,0.020076990127563477,12.312,28.76,18,6,10,1.21,831,0.004939381964504719,0.00032785750227048993,0.00744101544842124,1500,1500,1000,1500,1800,1000,1000,1800
1784593138.4334,5.0601,0.01975,50.64,254,571889,0.000,GUIDED,GUIDED,128,-0.007408893771782315,0.04029152845293662,15.008947129225524,0.4999830166524603,-0.004023054711288736,-0.000893358772062958,nan,nan,nan,nan,nan,nan,nan,nan,nan,nan,0.8876306709588798,0.0009293643896936023,-0.0014994201523446523,0,0,-0.005608751904219389,0.01053601037710905,15.010845184326172,-0.01353010255843401,0.01261973287910223,-0.001123510766774416,0,0,-1001,10,0,0,-0.0004346689092926681,-0.0006182335200719535,0.0007964166579768062,-0.0006142634665593505,63,3135,0.01967906951904297,12.312,28.76,18,6,10,1.21,831,0.004939381964504719,0.00032785750227048993,0.00744101544842124,1500,1500,1000,1500,1800,1000,1000,1800
1784593138.4534,5.0801,0.02001,49.98,255,571909,0.000,GUIDED,GUIDED,128,0.0025937371558577907,0.040211043456169826,15.00892925674229,0.4999830166524603,-0.004023054711288736,-0.000893358772062958,nan,nan,nan,nan,nan,nan,nan,nan,nan,nan,0.8972437220899215,0.001024601783206288,-0.0014448177146414837,0,0,-0.005473336670547724,0.010411336086690426,15.010859489440918,-0.013383360579609871,0.012590260244905949,-0.0011736132437363267,0,0,-1000,32,0,0,0.0002547841577325016,-0.000613151234574616,0.0007967572310008109,-0.0006609407719224691,63,3135,0.019924163818359375,12.312,28.76,18,6,10,1.21,831,0.004939381964504719,0.00032785750227048993,0.00744101544842124,1500,1500,1000,1500,1800,1000,1000,1800
1784593138.4734,5.1001,0.02000,50.00,256,571929,0.000,GUIDED,GUIDED,128,0.012593864773449384,0.04013057860199378,15.008911388731914,0.4999830166524603,-0.004023054711288736,-0.000893358772062958,nan,nan,nan,nan,nan,nan,nan,nan,nan,nan,0.9065093246615149,0.001016428922713572,-0.0014523359941851018,0,0,-0.0053713396191596985,0.010321682319045067,15.010869026184082,-0.01301817037165165,0.012600284069776535,-0.0011850947048515081,0,0,-1000,64,-1,0,0.0015905082691460848,-0.0006411128561012447,0.0007966432021930814,-0.0006525921053253114,63,3135,0.01991724967956543,12.312,28.76,18,6,10,1.21,831,0.004939381964504719,0.00032785750227048993,0.00744101544842124,1500,1500,1000,1500,1800,1000,1000,1800
1784593138.4934,5.1200,0.01999,50.04,257,571949,0.000,GUIDED,GUIDED,128,0.0225875553080591,0.04005016554305108,15.00889353222318,0.4999830166524603,-0.004023054711288736,-0.000893358772062958,nan,nan,nan,nan,nan,nan,nan,nan,nan,nan,0.9156282285252952,0.0006192112473803364,-0.0014017989857795692,0,0,-0.005456633400171995,0.010416158474981785,15.010860443115234,-0.012463867664337158,0.012728645466268063,-0.0012196262832731009,0,0,-1000,98,2,0,0.0035911675076931715,-0.000607835128903389,0.0007951229345053434,-0.000616432458627969,63,3135,0.019901514053344727,12.312,28.76,18,6,10,1.21,831,0.004939381964504719,0.00032785750227048993,0.00744101544842124,1500,1500,1000,1500,1800,1000,1000,1800
1784593138.5134,5.1401,0.02001,49.97,258,571969,0.000,GUIDED,GUIDED,128,0.03259292795622852,0.03996965848535156,15.008875654841097,0.4999830166524603,-0.004023054711288736,-0.000893358772062958,nan,nan,nan,nan,nan,nan,nan,nan,nan,nan,0.923648311889163,0.0005054105752387676,-0.0014010302184466633,0,0,-0.005380018148571253,0.010375848039984703,15.010865211486816,-0.011361894197762012,0.012771140784025192,-0.0012331446632742882,0,0,-1001,131,0,0,0.006250001490116119,-0.0006310155149549246,0.0007918454357422888,-0.000638239667750895,63,3135,0.01992940902709961,12.312,28.76,18,6,10,1.21,831,0.004939381964504719,0.00032785750227048993,0.00744101544842124,1500,1500,1000,1500,1800,1000,1000,1800
1784593138.5334,5.1601,0.01996,50.09,259,571989,0.000,GUIDED,GUIDED,128,0.04259257875285849,0.03988919746785947,15.008857787682695,0.4999830166524603,-0.004023054711288736,-0.000893358772062958,nan,nan,nan,nan,nan,nan,nan,nan,nan,nan,0.930883697809895,0.00011531244596511489,-0.0012284662008851819,0,0,-0.005445806309580803,0.010495460592210293,15.010858535766602,-0.00972796231508255,0.01288085151463747,-0.001339235925115645,0,0,-1000,168,3,0,0.00965733639895916,-0.0005749079864472151,0.0007868769462220371,-0.0006817911053076386,63,3135,0.019895553588867188,12.312,28.76,18,6,10,1.21,831,0.004939381964504719,0.00032785750227048993,0.00744101544842124,1500,1500,1000,1500,1800,1000,1000,1800
1784593138.5534,5.1801,0.02000,49.99,260,572009,0.000,GUIDED,GUIDED,128,0.052593660012373325,0.03980872494031552,15.008839917968373,0.4999830166524603,-0.004023054711288736,-0.000893358772062958,nan,nan,nan,nan,nan,nan,nan,nan,nan,nan,0.9362421861438476,0.00024463822533505805,-0.001253763532713008,0,0,-0.0051950751803815365,0.010368233546614647,15.010868072509766,-0.0071923197247087955,0.012833178974688053,-0.0013404536293819547,0,0,-1001,203,0,0,0.013749198988080025,-0.0005992233636789024,0.0007857732707634568,-0.0007438076427206397,63,3135,0.019934892654418945,12.312,28.76,18,6,10,1.21,831,0.004939381964504719,0.00032785750227048993,0.00744101544842124,1500,1500,1000,1500,1800,1000,1000,1800
1784593138.5734,5.2001,0.02004,49.89,261,572029,0.000,GUIDED,GUIDED,128,0.06258830418890629,0.03972830420800492,15.008822059755692,0.4999830166524603,-0.004023054711288736,-0.000893358772062958,nan,nan,nan,nan,nan,nan,nan,nan,nan,nan,0.9398096360316192,0.0005559813699303681,-0.0012457421929440266,0,0,-0.004785231314599514,0.010152479633688927,15.010873794555664,-0.0037182008381932974,0.012731559574604034,-0.001358698820695281,0,0,-1001,238,3,0,0.018555959686636925,-0.0005299770855344832,0.0007891969289630651,-0.0007590008317492902,63,3135,0.019959688186645508,12.312,28.76,18,6,10,1.21,831,0.004939381964504719,0.00032785750227048993,0.00744101544842124,1500,1500,1000,1500,1800,1000,1000,1800
1784593138.5934,5.2200,0.01998,50.05,262,572049,0.000,GUIDED,GUIDED,128,0.07258580929120897,0.0396478604555906,15.00880419643117,0.4999830166524603,-0.004023054711288736,-0.000893358772062958,nan,nan,nan,nan,nan,nan,nan,nan,nan,nan,0.9422106101156565,0.0002812326789606162,-0.0011922754332949512,0,0,-0.004575727507472038,0.010187812149524689,15.01086139678955,0.0005467013106681406,0.012823342345654964,-0.0013927234103903174,0,0,-1001,270,0,0,0.023987343534827232,-0.0005352188018150628,0.0007902060751803219,-0.0007255389355123043,63,3135,0.019893884658813477,12.312,28.76,18,6,10,1.21,831,0.004939381964504719,0.00032785750227048993,0.00744101544842124,1500,1500,1000,1500,1800,1000,1000,1800
1784593138.6134,5.2401,0.01997,50.07,263,572069,0.000,GUIDED,GUIDED,128,0.08258951306601271,0.039567366826284915,15.008786322030994,0.4999830166524603,-0.004023054711288736,-0.000893358772062958,nan,nan,nan,nan,nan,nan,nan,nan,nan,nan,0.942087216921131,0.0005049041846233622,-0.0011200351209103465,0,0,-0.004057831130921841,0.01003219559788704,15.01086139678955,0.006094575859606266,0.0127375777810812,-0.001444751163944602,0,0,-1001,295,3,0,0.029899675399065018,-0.00046342951827682555,0.0007917685434222221,-0.0007183175766840577,63,3135,0.01990485191345215,12.312,28.76,18,6,10,1.21,831,0.004939381964504719,0.00032785750227048993,0.00744101544842124,1500,1500,1000,1500,1800,1000,1000,1800
1784593138.6334,5.2601,0.02000,50.01,264,572089,0.000,GUIDED,GUIDED,128,0.09258701816831541,0.039486923073870604,15.008768458706474,0.4999830166524603,-0.004023054711288736,-0.000893358772062958,nan,nan,nan,nan,nan,nan,nan,nan,nan,nan,0.9403643623649407,0.0002434466542053544,-0.0009889746174858906,0,0,-0.0036612453404814005,0.010095732286572456,15.010836601257324,0.012632359750568867,0.012805403210222721,-0.0015164166688919067,0,0,-1001,306,1,0,0.03601820394396782,-0.0004578337538987398,0.0007889028638601303,-0.0008104700245894492,63,3135,0.019927501678466797,12.312,28.76,18,6,10,1.21,831,0.004939381964504719,0.00032785750227048993,0.00744101544842124,1500,1500,1000,1500,1800,1000,1000,1800
1784593138.6537,5.2801,0.02030,49.27,265,572109,0.000,GUIDED,GUIDED,128,0.1025894106854747,0.03940643999544578,15.008750586649224,0.4999830166524603,-0.004023054711288736,-0.000893358772062958,nan,nan,nan,nan,nan,nan,nan,nan,nan,nan,0.9360803478599926,0.0003914981545829026,-0.0008568613584078349,0,0,-0.0029310446698218584,0.009990622289478779,15.010812759399414,0.020459039136767387,0.012734143994748592,-0.0015892456285655499,0,0,-1001,304,3,0,0.042075276374816895,-0.00038504411350004375,0.0007974247564561665,-0.0007953268359415233,63,3135,0.020230770111083984,12.312,28.76,18,6,10,1.21,831,0.004759412724524736,0.0005376730114221573,0.007262200117111206,1500,1500,1000,1500,1800,1000,1000,1800
1784593138.6734,5.3001,0.01971,50.74,266,572129,0.000,GUIDED,GUIDED,128,0.11258846545590265,0.03932598377380863,15.00873272055579,0.4999830166524603,-0.004023054711288736,-0.000893358772062958,nan,nan,nan,nan,nan,nan,nan,nan,nan,nan,0.9297279230976144,0.00046700782104257266,-0.0007311186501140997,0,0,-0.0020710842218250036,0.00991838425397873,15.010787010192871,0.029403071850538254,0.012685803696513176,-0.001657291897572577,0,0,-1001,297,2,0,0.04800830036401749,-0.00035292739630676806,0.0008031043689697981,-0.0008538407273590565,63,3135,0.019637107849121094,12.312,28.76,18,6,10,1.21,831,0.004759412724524736,0.0005376730114221573,0.007262200117111206,1500,1500,1000,1500,1800,1000,1000,1800
1784593138.6934,5.3201,0.02004,49.90,267,572149,0.000,GUIDED,GUIDED,128,0.12258942751017707,0.039245512205435665,15.008714851054462,0.4999830166524603,-0.004023054711288736,-0.000893358772062958,nan,nan,nan,nan,nan,nan,nan,nan,nan,nan,0.9217268758369204,0.000147011098035197,-0.0005475342058758961,0,0,-0.001217229524627328,0.010021120309829712,15.010756492614746,0.03930356353521347,0.012764778919517994,-0.0017559820553287864,0,0,-1001,282,0,0,0.0536234974861145,-0.00034022590261884034,0.0008042361587285995,-0.0009370238985866308,63,3135,0.01995539665222168,12.312,28.76,18,6,10,1.21,831,0.004759412724524736,0.0005376730114221573,0.007262200117111206,1500,1500,1000,1500,1800,1000,1000,1800
1784593138.7134,5.3401,0.01996,50.11,268,572169,0.000,GUIDED,GUIDED,128,0.13258585976531612,0.039165077085560246,15.008696989646879,0.4999830166524603,-0.004023054711288736,-0.000893358772062958,nan,nan,nan,nan,nan,nan,nan,nan,nan,nan,0.9114565288681754,0.0001340915928105084,-0.0004333004466250071,0,0,-9.751830475579482e-06,0.009994599968194962,15.010725975036621,0.05030745640397072,0.012741110287606716,-0.0018146279035136104,0,-1,-1002,262,1,0,0.0588393472135067,-0.00032684707548469305,0.000801829039119184,-0.0010551209561526775,63,3135,0.019887208938598633,12.312,28.76,18,6,10,1.21,831,0.004759412724524736,0.0005376730114221573,0.007262200117111206,1500,1500,1000,1500,1800,1000,1000,1800
1784593138.7334,5.3601,0.02000,49.99,269,572189,0.000,GUIDED,GUIDED,128,0.14258491453574404,0.039084620863923086,15.008679123553444,0.4999830166524603,-0.004023054711288736,-0.000893358772062958,nan,nan,nan,nan,nan,nan,nan,nan,nan,nan,0.899721914416471,-0.00014633117430142006,-0.00032972168333698254,0,0,0.0012579105095937848,0.010119407437741756,15.0106840133667,0.062123510986566544,0.012784503400325775,-0.001860517542809248,0,-1,-1002,238,1,0,0.06356324255466461,-0.0003152986173518002,0.0007983907125890255,-0.0010369056835770607,63,3135,0.019937753677368164,12.312,28.76,18,6,10,1.21,831,0.004759412724524736,0.0005376730114221573,0.007262200117111206,1500,1500,1000,1500,1800,1000,1000,1800
1784593138.7534,5.3801,0.02001,49.97,270,572209,0.000,GUIDED,GUIDED,128,0.15258539976905686,0.03900415313223408,15.008661254904089,0.4999830166524603,-0.004023054711288736,-0.000893358772062958,nan,nan,nan,nan,nan,nan,nan,nan,nan,nan,0.8857376233446842,9.440361442904222e-05,-9.228994372508176e-05,0,0,0.003052207175642252,0.009996451437473297,15.010637283325195,0.0749351903796196,0.012670045718550682,-0.00198093568906188,0,-1,-1002,213,0,0,0.06780778616666794,-0.00030320670339278877,0.0008060249965637922,-0.0009915725095197558,63,3135,0.019932031631469727,12.312,28.76,18,6,10,1.21,831,0.004759412724524736,0.0005376730114221573,0.007262200117111206,1500,1500,1000,1500,1800,1000,1000,1800
1784593138.7734,5.4000,0.02000,49.99,271,572229,0.000,GUIDED,GUIDED,128,0.1625818320241959,0.03892371801235866,15.008643393496508,0.4999830166524603,-0.004023054711288736,-0.000893358772062958,nan,nan,nan,nan,nan,nan,nan,nan,nan,nan,0.8700382815014847,0.0005468473199239446,0.000212866155771021,0,0,0.0052140555344522,0.009777823463082314,15.010591506958008,0.08852250874042511,0.012488612905144691,-0.002141000935807824,0,-2,-1002,190,0,0,0.07159208506345749,-0.00028828580980189145,0.000819952052552253,-0.001018813461996615,63,3135,0.019919633865356445,12.312,28.76,18,6,10,1.21,831,0.004759412724524736,0.0005376730114221573,0.007262200117111206,1500,1500,1000,1500,1800,1000,1000,1800
1784593138.7934,5.4201,0.02003,49.93,272,572249,0.000,GUIDED,GUIDED,128,0.17258780069856736,0.038843206158804204,15.00862551504946,0.4999830166524603,-0.004023054711288736,-0.000893358772062958,nan,nan,nan,nan,nan,nan,nan,nan,nan,nan,0.8535614663343365,0.0004545986823388283,0.00043508989144350196,0,0,0.007370417937636375,0.009807851165533066,15.010544776916504,0.10256737470626831,0.012478052638471127,-0.002252644393593073,0,-2,-1003,165,0,0,0.07487145066261292,-0.00027443841099739075,0.000833605881780386,-0.0009258031495846808,63,3135,0.019944429397583008,12.312,28.76,18,6,10,1.21,831,0.004759412724524736,0.0005376730114221573,0.007262200117111206,1500,1500,1000,1500,1800,1000,1000,1800
1784593138.8134,5.4401,0.01995,50.13,273,572269,0.000,GUIDED,GUIDED,128,0.18258375613274475,0.03876277487561273,15.00860765449385,0.4999830166524603,-0.004023054711288736,-0.000893358772062958,nan,nan,nan,nan,nan,nan,nan,nan,nan,nan,0.8354847993869583,0.0007878415860962801,0.0006912683317638496,0,0,0.01002870686352253,0.009645631536841393,15.010493278503418,0.11724034696817398,0.012332875281572342,-0.0023811282590031624,0,-2,-1003,139,1,0,0.07763193547725677,-0.0002572846133261919,0.0008485230500809848,-0.0007722970331087708,63,3135,0.01987910270690918,12.312,28.76,18,6,10,1.21,831,0.004759412724524736,0.0005376730114221573,0.007262200117111206,1500,1500,1000,1500,1800,1000,1000,1800
1784593138.8334,5.4601,0.01999,50.02,274,572289,0.000,GUIDED,GUIDED,128,0.19258328772413433,0.038682314817291626,15.008589787548441,0.4999830166524603,-0.004023054711288736,-0.000893358772062958,nan,nan,nan,nan,nan,nan,nan,nan,nan,nan,0.816892068879687,0.0006469549277408337,0.0005987684232143559,0,0,0.012736694887280464,0.009700986556708813,15.010436058044434,0.13218463957309723,0.012335803359746933,-0.002305002650246024,0,-3,-1004,115,1,0,0.07992371171712875,-0.00022903394710738212,0.0008621559245511889,-0.0007808578666299582,63,3135,0.019925355911254883,12.312,28.76,18,6,10,1.21,831,0.004759412724524736,0.0005376730114221573,0.007262200117111206,1500,1500,1000,1500,1800,1000,1000,1800
1784593138.8534,5.4800,0.02004,49.90,275,572309,0.000,GUIDED,GUIDED,128,0.2025809120316774,0.03860187010570632,15.008571924010926,0.4999830166524603,-0.004023054711288736,-0.000893358772062958,nan,nan,nan,nan,nan,nan,nan,nan,nan,nan,0.7970044167915685,0.0008527370940888367,0.0003482817906017843,0,0,0.015940865501761436,0.009586522355675697,15.010372161865234,0.14758898317813873,0.012236636132001877,-0.0021338071674108505,0,-3,-1004,92,0,0,0.08175402879714966,-0.0002123064623447135,0.0008797942427918315,-0.0008014695486053824,63,3135,0.0199587345123291,12.312,28.76,18,6,10,1.21,831,0.004759412724524736,0.0005376730114221573,0.007262200117111206,1500,1500,1000,1500,1800,1000,1000,1800
1784593138.8734,5.5001,0.01997,50.06,276,572329,0.000,GUIDED,GUIDED,128,0.21258294693311547,0.038521389904794465,15.008554052592658,0.4999830166524603,-0.004023054711288736,-0.000893358772062958,nan,nan,nan,nan,nan,nan,nan,nan,nan,nan,0.776531733904954,0.0009972698901218081,0.000257032662952125,0,0,0.019416864961385727,0.009504055604338646,15.010313034057617,0.16317670047283173,0.012154337018728256,-0.002057305071502924,0,-4,-1004,72,1,0,0.08316828310489655,-0.00018347991863265634,0.0008960532722994685,-0.0008013421902433038,63,3135,0.019906282424926758,12.312,28.76,18,6,10,1.21,831,0.004759412724524736,0.0005376730114221573,0.007262200117111206,1500,1500,1000,1500,1800,1000,1000,1800
1784593138.8937,5.5201,0.02027,49.35,277,572349,0.000,GUIDED,GUIDED,128,0.22258212090878382,0.038440932723986326,15.00853618628623,0.4999830166524603,-0.004023054711288736,-0.000893358772062958,nan,nan,nan,nan,nan,nan,nan,nan,nan,nan,0.7558305666074605,0.000765822517651317,7.910361469484718e-05,0,0,0.023007351905107498,0.009595617651939392,15.010265350341797,0.17882858216762543,0.012188647873699665,-0.0019373625982552767,0,-4,-1004,52,0,0,0.0842028483748436,-0.00018988257215823978,0.0009038357529789209,-0.0008944555884227157,63,3135,0.019919872283935547,12.311,28.88,18,6,10,1.21,831,0.004219916649162769,0.00047911491128616035,0.008391100913286209,1500,1500,1000,1500,1800,1000,1000,1800
1784593138.9134,5.5401,0.01973,50.68,278,572369,0.000,GUIDED,GUIDED,128,0.23258212932113503,0.03836046882898127,15.008518318488848,0.4999830166524603,-0.004023054711288736,-0.000893358772062958,nan,nan,nan,nan,nan,nan,nan,nan,nan,nan,0.7344292005645344,0.0008189705736760464,-0.00010997707733263425,0,0,0.027059875428676605,0.009556999430060387,15.010211944580078,0.19461844861507416,0.012133803218603134,-0.0018076789565384388,0,-5,-1004,41,0,0,0.08500656485557556,-0.00018153697601519525,0.0009078433504328132,-0.000984445447102189,63,3135,0.019663572311401367,12.311,28.88,18,6,10,1.21,831,0.004219916649162769,0.00047911491128616035,0.008391100913286209,1500,1500,1000,1500,1800,1000,1000,1800
1784593138.9334,5.5601,0.02003,49.93,279,572389,0.000,GUIDED,GUIDED,128,0.24258213773348625,0.03828000493397621,15.008500450691466,0.4999830166524603,-0.004023054711288736,-0.000893358772062958,nan,nan,nan,nan,nan,nan,nan,nan,nan,nan,0.7130223701706881,0.0005799047374382763,-0.00028577302272880366,0,0,0.03125584125518799,0.009669321589171886,15.010162353515625,0.21032865345478058,0.012160522863268852,-0.0016878676833584905,0,-5,-1004,22,0,0,0.08543028682470322,-0.00017332211427856237,0.0009066011407412589,-0.0011047113221138716,63,3135,0.01994633674621582,12.311,28.88,18,6,10,1.21,831,0.004219916649162769,0.00047911491128616035,0.008391100913286209,1500,1500,1000,1500,1800,1000,1000,1800
1784593138.9534,5.5801,0.01996,50.11,280,572409,0.000,GUIDED,GUIDED,128,0.2525815501196354,0.038199545834826085,15.00848258395905,0.4999830166524603,-0.004023054711288736,-0.000893358772062958,nan,nan,nan,nan,nan,nan,nan,nan,nan,nan,0.6910466497364527,0.000884424721007894,-0.00048470176114526393,0,0,0.03589833155274391,0.009532191790640354,15.010107040405273,0.22610916197299957,0.012017427012324333,-0.0015513964463025331,0,-5,-1004,8,0,0,0.08558785170316696,-0.0001635904045542702,0.0009163256036117673,-0.0011147158220410347,63,3135,0.019893407821655273,12.311,28.88,18,6,10,1.21,831,0.004219916649162769,0.00047911491128616035,0.008391100913286209,1500,1500,1000,1500,1800,1000,1000,1800
1784593138.9734,5.6000,0.01999,50.04,281,572429,0.000,GUIDED,GUIDED,128,0.262564631387849,0.038119218142101306,15.008464746406721,0.4999830166524603,-0.004023054711288736,-0.000893358772062958,nan,nan,nan,nan,nan,nan,nan,nan,nan,nan,0.6689830671265568,0.00138079237365853,-0.0006074332266718713,0,0,0.04082569479942322,0.009298134595155716,15.01006031036377,0.24176649749279022,0.01181960478425026,-0.001463856315240264,0,-6,-1004,-10,0,0,0.08535049855709076,-0.00015182724746409804,0.0009472236270084977,-0.0012424211017787457,63,3135,0.01991581916809082,12.311,28.88,18,6,10,1.21,831,0.004219916649162769,0.00047911491128616035,0.008391100913286209,1500,1500,1000,1500,1800,1000,1000,1800
1784593138.9934,5.6201,0.02004,49.90,282,572449,0.000,GUIDED,GUIDED,128,0.27258573912775197,0.03803858447383139,15.00844684090952,0.4999830166524603,-0.004023054711288736,-0.000893358772062958,nan,nan,nan,nan,nan,nan,nan,nan,nan,nan,0.6471882873574029,0.0013282810150599643,-0.0009235371278322942,0,0,0.045928653329610825,0.009313320741057396,15.010025978088379,0.25718921422958374,0.011794600635766983,-0.001271869638003409,0,-6,-1005,-22,0,0,0.08488554507493973,-0.00013969841529615223,0.0009732008329592645,-0.0013120538787916303,63,3135,0.019972562789916992,12.311,28.88,18,6,10,1.21,831,0.004219916649162769,0.00047911491128616035,0.008391100913286209,1500,1500,1000,1500,1800,1000,1000,1800
1784593139.0134,5.6401,0.02004,49.90,283,572469,0.000,GUIDED,GUIDED,128,0.2825870587977476,0.03795811002794546,15.008428970769213,0.4999830166524603,-0.004023054711288736,-0.000893358772062958,nan,nan,nan,nan,nan,nan,nan,nan,nan,nan,0.6252484969610861,0.0016791284624257836,-0.0011571627998691954,0,0,0.05143441632390022,0.009134861640632153,15.009986877441406,0.2724516689777374,0.011648610234260559,-0.0011247283546254039,0,-7,-1004,-36,0,0,0.08411997556686401,-0.0001297644921578467,0.0009951979154720902,-0.0013645340222865343,63,3135,0.01995682716369629,12.311,28.88,18,6,10,1.21,831,0.004219916649162769,0.00047911491128616035,0.008391100913286209,1500,1500,1000,1500,1800,1000,1000,1800
1784593139.0334,5.6601,0.01999,50.04,284,572489,0.000,GUIDED,GUIDED,128,0.2925799148956745,0.037877703683199676,15.00841111575143,0.4999830166524603,-0.004023054711288736,-0.000893358772062958,nan,nan,nan,nan,nan,nan,nan,nan,nan,nan,0.6036965557206639,0.00160758942835465,-0.0012967769719215508,0,0,0.05712752416729927,0.009174708276987076,15.009952545166016,0.28737714886665344,0.011620485223829746,-0.001034608925692737,0,-7,-1004,-48,0,0,0.08314596861600876,-0.00011960051051573828,0.001014626119285822,-0.0014055999927222729,63,3135,0.019901275634765625,12.311,28.88,18,6,10,1.21,831,0.004219916649162769,0.00047911491128616035,0.008391100913286209,1500,1500,1000,1500,1800,1000,1000,1800
1784593139.0534,5.6801,0.01998,50.04,285,572509,0.000,GUIDED,GUIDED,128,0.30257992330802563,0.03779723978819462,15.008393247954048,0.4999830166524603,-0.004023054711288736,-0.000893358772062958,nan,nan,nan,nan,nan,nan,nan,nan,nan,nan,0.5821644358645035,0.0019374981793340018,-0.0015542304124514612,0,0,0.06320057809352875,0.009042122401297092,15.009907722473145,0.30207595229148865,0.011460104957222939,-0.0008704056963324547,0,-8,-1004,-56,0,0,0.08198327571153641,-0.0001110922748921439,0.0010319959837943316,-0.0015521523309871554,63,3135,0.019903898239135742,12.311,28.88,18,6,10,1.21,831,0.004219916649162769,0.00047911491128616035,0.008391100913286209,1500,1500,1000,1500,1800,1000,1000,1800
1784593139.0735,5.7001,0.02005,49.88,286,572529,0.000,GUIDED,GUIDED,128,0.3125856535719163,0.03771672985298214,15.008375369932986,0.4999830166524603,-0.004023054711288736,-0.000893358772062958,nan,nan,nan,nan,nan,nan,nan,nan,nan,nan,0.5623078124082058,0.0021635284356408824,-0.0017677350224498181,0,0,0.06927771121263504,0.008931676857173443,15.009868621826172,0.31580835580825806,0.011346889659762383,-0.000734885863494128,0,-8,-1004,-67,0,0,0.0806758850812912,-0.0001018604525597766,0.0010471760760992765,-0.001605137949809432,63,3135,0.01996612548828125,12.311,28.88,18,6,10,1.21,831,0.004219916649162769,0.00047911491128616035,0.008391100913286209,1500,1500,1000,1500,1800,1000,1000,1800
1784593139.0934,5.7201,0.01997,50.07,287,572549,0.000,GUIDED,GUIDED,128,0.3225792249012856,0.03763631775321043,15.008357513637245,0.4999830166524603,-0.004023054711288736,-0.000893358772062958,nan,nan,nan,nan,nan,nan,nan,nan,nan,nan,0.5416398712103736,0.0020193069771113348,-0.001985693709923233,0,0,0.07580263167619705,0.009005351923406124,15.009843826293945,0.3297436237335205,0.011341193690896034,-0.0006050409865565598,0,-8,-1004,-72,0,0,0.07921984046697617,-9.471629891777411e-05,0.0010517097543925047,-0.0017451923340559006,63,3135,0.019886255264282227,12.311,28.88,18,6,10,1.21,831,0.004219916649162769,0.00047911491128616035,0.008391100913286209,1500,1500,1000,1500,1800,1000,1000,1800
1784593139.1134,5.7401,0.02000,50.01,288,572569,0.000,GUIDED,GUIDED,128,0.33257887569791555,0.03755585673571833,15.008339646478843,0.4999830166524603,-0.004023054711288736,-0.000893358772062958,nan,nan,nan,nan,nan,nan,nan,nan,nan,nan,0.5212354648950043,0.002178722851941841,-0.0018475798614377894,0,0,0.08265958726406097,0.008946442045271397,15.009810447692871,0.3433385491371155,0.011236712336540222,-0.0006758255185559392,0,-9,-1003,-78,0,-1,0.07763144373893738,-9.91548367892392e-05,0.00104757200460881,-0.001883236225694418,63,3135,0.0199129581451416,12.311,28.88,18,6,10,1.21,831,0.004219916649162769,0.00047911491128616035,0.008391100913286209,1500,1500,1000,1500,1800,1000,1000,1800
1784593139.1334,5.7601,0.02000,50.00,289,572589,0.000,GUIDED,GUIDED,128,0.34257840728930516,0.03747539667739722,15.008321779533436,0.4999830166524603,-0.004023054711288736,-0.000893358772062958,nan,nan,nan,nan,nan,nan,nan,nan,nan,nan,0.5013770083085278,0.0019119528114447913,-0.0018915502637317071,0,0,0.08971306681632996,0.009039787575602531,15.009785652160645,0.35650473833084106,0.011290385387837887,-0.0006464389734901488,0,-9,-1003,-84,1,0,0.0759303867816925,-8.858510409481823e-05,0.0010402572806924582,-0.0018590549007058144,63,3135,0.01991558074951172,12.311,28.88,18,6,10,1.21,831,0.004219916649162769,0.00047911491128616035,0.008391100913286209,1500,1500,1000,1500,1800,1000,1000,1800
1784593139.1538,5.7801,0.02036,49.11,290,572609,0.000,GUIDED,GUIDED,128,0.3525784157016563,0.037394932782392164,15.008303911736053,0.4999830166524603,-0.004023054711288736,-0.000893358772062958,nan,nan,nan,nan,nan,nan,nan,nan,nan,nan,0.4819390209798375,0.002252439292528566,-0.0020131048717449396,0,0,0.09704723209142685,0.008883772417902946,15.009751319885254,0.3692663908004761,0.01113742496818304,-0.0005667536170221865,0,-9,-1003,-88,-1,0,0.07414893060922623,-0.00011866450222441927,0.0010443672072142363,-0.0017433611210435629,63,3135,0.020279645919799805,12.311,28.88,18,6,10,1.21,831,0.0026633162051439285,0.000197545625269413,0.006805611774325371,1500,1500,1000,1500,1800,1000,1000,1800
1784593139.1734,5.8001,0.01965,50.89,291,572629,0.000,GUIDED,GUIDED,128,0.36258402676030654,0.03731442380635067,15.008286033927986,0.4999830166524603,-0.004023054711288736,-0.000893358772062958,nan,nan,nan,nan,nan,nan,nan,nan,nan,nan,0.463099191068974,0.0027881650525204346,-0.002125159292354727,0,0,0.10459022969007492,0.008631938137114048,15.009720802307129,0.3815653622150421,0.01092703826725483,-0.0004947613924741745,0,-10,-1003,-92,1,0,0.07228910177946091,-9.017052070703357e-05,0.0010925892274826765,-0.0017095129005610943,63,3135,0.01956629753112793,12.311,28.88,18,6,10,1.21,831,0.0026633162051439285,0.000197545625269413,0.006805611774325371,1500,1500,1000,1500,1800,1000,1000,1800
1784593139.1934,5.8201,0.01996,50.10,292,572649,0.000,GUIDED,GUIDED,128,0.3725823662992921,0.03723397333973944,15.00826816911251,0.4999830166524603,-0.004023054711288736,-0.000893358772062958,nan,nan,nan,nan,nan,nan,nan,nan,nan,nan,0.4448329316775659,0.0027725495524069596,-0.0022859542066248715,0,0,0.11235165596008301,0.008628797717392445,15.0097017288208,0.3934028744697571,0.010891418904066086,-0.0004012285789940506,0,-10,-1003,-95,-1,0,0.07035461068153381,-0.00012697048077825457,0.0011333600850775838,-0.0015850344207137823,63,3135,0.019891977310180664,12.311,28.88,18,6,10,1.21,831,0.0026633162051439285,0.000197545625269413,0.006805611774325371,1500,1500,1000,1500,1800,1000,1000,1800
1784593139.2134,5.8401,0.02000,50.00,293,572669,0.000,GUIDED,GUIDED,128,0.3825824939168837,0.0371535084855634,15.008250301102136,0.4999830166524603,-0.004023054711288736,-0.000893358772062958,nan,nan,nan,nan,nan,nan,nan,nan,nan,nan,0.42706807947713876,0.0031652416657105206,-0.0023669963493114683,0,0,0.12035058438777924,0.008431391790509224,15.009675979614258,0.40481480956077576,0.010732213966548443,-0.0003498886653687805,0,-10,-1003,-99,1,0,0.06835080683231354,-8.896260987967253e-05,0.0011773190926760435,-0.0015088191721588373,63,3135,0.019932270050048828,12.311,28.88,18,6,10,1.21,831,0.0026633162051439285,0.000197545625269413,0.006805611774325371,1500,1500,1000,1500,1800,1000,1000,1800
1784593139.2334,5.8601,0.01999,50.03,294,572689,0.000,GUIDED,GUIDED,128,0.3925761844514934,0.0370730954266207,15.0082324445934,0.4999830166524603,-0.004023054711288736,-0.000893358772062958,nan,nan,nan,nan,nan,nan,nan,nan,nan,nan,0.4099369697127918,0.0031083500667606657,-0.002331869794427781,0,0,0.12855882942676544,0.008452425710856915,15.009658813476562,0.41573628783226013,0.010706489905714989,-0.00037056757719255984,0,-11,-1002,-99,-1,0,0.06635606288909912,-0.00012857987894676626,0.001213602488860488,-0.0014539767289534211,63,3135,0.019917726516723633,12.311,28.88,18,6,10,1.21,831,0.0026633162051439285,0.000197545625269413,0.006805611774325371,1500,1500,1000,1500,1800,1000,1000,1800
1784593139.2534,5.8801,0.02001,49.97,295,572709,0.000,GUIDED,GUIDED,128,0.4025814378944224,0.03699258932809217,15.00821456742431,0.4999830166524603,-0.004023054711288736,-0.000893358772062958,nan,nan,nan,nan,nan,nan,nan,nan,nan,nan,0.39337275560575735,0.003443160157274274,-0.002437795148599955,0,0,0.13698282837867737,0.008300194516777992,15.009634017944336,0.4262125790119171,0.010554597713053226,-0.00030541722662746906,0,-11,-1002,-100,0,0,0.06432688981294632,-0.00012424994201865047,0.0012545067584142089,-0.0013690149644389749,63,3135,0.019942760467529297,12.311,28.88,18,6,10,1.21,831,0.0026633162051439285,0.000197545625269413,0.006805611774325371,1500,1500,1000,1500,1800,1000,1000,1800
1784593139.2734,5.9001,0.02004,49.90,296,572729,0.000,GUIDED,GUIDED,128,0.4125816847172544,0.036912123514745133,15.008196699200942,0.4999830166524603,-0.004023054711288736,-0.000893358772062958,nan,nan,nan,nan,nan,nan,nan,nan,nan,nan,0.37742150403592784,0.003737957196937633,-0.0022491899030120982,0,0,0.14560170471668243,0.008178552612662315,15.00960922241211,0.43621957302093506,0.010408169589936733,-0.00041030903230421245,0,-11,-1001,-100,0,0,0.06231682002544403,-0.00011441658716648817,0.0012929608346894383,-0.0012814861256629229,63,3135,0.01995563507080078,12.311,28.88,18,6,10,1.21,831,0.0026633162051439285,0.000197545625269413,0.006805611774325371,1500,1500,1000,1500,1800,1000,1000,1800
1784593139.2934,5.9201,0.01999,50.03,297,572749,0.000,GUIDED,GUIDED,128,0.4225757328675853,0.03683170757828947,15.008178842053228,0.4999830166524603,-0.004023054711288736,-0.000893358772062958,nan,nan,nan,nan,nan,nan,nan,nan,nan,nan,0.36208057077623473,0.003606032786125892,-0.0021123223160840077,0,0,0.15441396832466125,0.008232245221734047,15.009592056274414,0.44575896859169006,0.010406908579170704,-0.0004897285252809525,0,-12,-1001,-100,0,0,0.06028585880994797,-0.00010765039769466966,0.0013225877191871405,-0.0012533501721918583,63,3135,0.019902467727661133,12.311,28.88,18,6,10,1.21,831,0.0026633162051439285,0.000197545625269413,0.006805611774325371,1500,1500,1000,1500,1800,1000,1000,1800
1784593139.3134,5.9401,0.02000,50.00,298,572769,0.000,GUIDED,GUIDED,128,0.43257550286945573,0.03675124560162639,15.008160974681832,0.4999830166524603,-0.004023054711288736,-0.000893358772062958,nan,nan,nan,nan,nan,nan,nan,nan,nan,nan,0.34731421741173774,0.003742765721421175,-0.0020762727649929844,0,0,0.16340161859989166,0.008152236230671406,15.009566307067871,0.4548686742782593,0.01032770425081253,-0.0005059911636635661,0,-12,-1001,-102,0,0,0.058232929557561874,-9.98126997728832e-05,0.0013452171115204692,-0.0012615503510460258,63,3135,0.019916296005249023,12.311,28.88,18,6,10,1.21,831,0.0026633162051439285,0.000197545625269413,0.006805611774325371,1500,1500,1000,1500,1800,1000,1000,1800
1784593139.3334,5.9600,0.01993,50.18,299,572789,0.000,GUIDED,GUIDED,128,0.44255810731670775,0.03667092174558556,15.008143137981476,0.4999830166524603,-0.004023054711288736,-0.000893358772062958,nan,nan,nan,nan,nan,nan,nan,nan,nan,nan,0.3331737083984073,0.0035376129607416207,-0.0019466322368938782,0,0,0.17257139086723328,0.008226020261645317,15.009546279907227,0.4635019898414612,0.010357175022363663,-0.0005795744946226478,0,-12,-1001,-98,0,0,0.05625332146883011,-9.425218013348058e-05,0.0013617346994578838,-0.0011977164540439844,63,3135,0.01985764503479004,12.311,28.88,18,6,10,1.21,831,0.0026633162051439285,0.000197545625269413,0.006805611774325371,1500,1500,1000,1500,1800,1000,1000,1800
1784593139.3534,5.9801,0.02004,49.91,300,572809,0.000,GUIDED,GUIDED,128,0.45257468525747524,0.036590324525813185,15.008125240578021,0.4999830166524603,-0.004023054711288736,-0.000893358772062958,nan,nan,nan,nan,nan,nan,nan,nan,nan,nan,0.31961879766078843,0.004024238475094807,-0.0018357757963980825,0,0,0.18190503120422363,0.007989787496626377,15.00951862335205,0.47172221541404724,0.010166077874600887,-0.00063794304151088,0,-12,-1001,-98,0,0,0.05426136404275894,-8.724822691874579e-05,0.0013914151350036263,-0.0012472068192437291,63,3135,0.01996922492980957,12.311,28.88,18,6,10,1.21,831,0.0026633162051439285,0.000197545625269413,0.006805611774325371,1500,1500,1000,1500,1800,1000,1000,1800
1784593139.3734,6.0000,0.01997,50.07,301,572829,0.000,GUIDED,GUIDED,128,0.4625593161938142,0.036509984363865565,15.00810740025678,0.4999830166524603,-0.004023054711288736,-0.000893358772062958,nan,nan,nan,nan,nan,nan,nan,nan,nan,nan,0.3066032100055883,0.004850995908006275,-0.0018860167757981379,0,0,0.19139817357063293,0.007604330312460661,15.009492874145508,0.4795205295085907,0.009864908643066883,-0.000604370201472193,0,-13,-1002,-95,0,0,0.05233541503548622,-7.634771463926882e-05,0.0014731879346072674,-0.0012386060552671552,63,3135,0.019900798797607422,12.311,28.88,18,6,10,1.21,831,0.0026633162051439285,0.000197545625269413,0.006805611774325371,1500,1500,1000,1500,1800,1000,1000,1800
1784593139.3938,6.0200,0.02040,49.01,302,572849,0.000,GUIDED,GUIDED,128,0.4725645696367432,0.03642947826533704,15.00808952308769,0.4999830166524603,-0.004023054711288736,-0.000893358772062958,nan,nan,nan,nan,nan,nan,nan,nan,nan,nan,0.2942145197876899,0.0049831104633202734,-0.0017288578751027623,0,0,0.20104797184467316,0.007526093628257513,15.00947380065918,0.486878365278244,0.009787322022020817,-0.0006944152410142124,0,-13,-1001,-95,0,0,0.05040235072374344,-6.66589112370275e-05,0.0015465839533135295,-0.0013119794894009829,63,3135,0.01996445655822754,12.312,28.79,18,6,10,1.21,831,0.005376448389142752,0.00018736874335445464,0.006409573834389448,1500,1500,1000,1500,1800,1000,1000,1800
1784593139.4135,6.0401,0.01973,50.68,303,572869,0.000,GUIDED,GUIDED,128,0.4825792402936643,0.03634889639230046,15.00807162909213,0.4999830166524603,-0.004023054711288736,-0.000893358772062958,nan,nan,nan,nan,nan,nan,nan,nan,nan,nan,0.2824204707053425,0.005648080320979378,-0.0018308183753362605,0,0,0.21082401275634766,0.007204812485724688,15.009449005126953,0.49382543563842773,0.009542369283735752,-0.0006315637147054076,0,-13,-1001,-94,0,0,0.04849933087825775,-5.636903006234206e-05,0.0016134988982230425,-0.0013892871793359518,63,3135,0.019593000411987305,12.312,28.79,18,6,10,1.21,831,0.005376448389142752,0.00018736874335445464,0.006409573834389448,1500,1500,1000,1500,1800,1000,1000,1800
1784593139.4334,6.0601,0.01993,50.17,304,572889,0.000,GUIDED,GUIDED,128,0.4925734076492355,0.03626847949667381,15.008053771731422,0.4999830166524603,-0.004023054711288736,-0.000893358772062958,nan,nan,nan,nan,nan,nan,nan,nan,nan,nan,0.2711203952881362,0.005685426439687814,-0.00182036474310083,0,0,0.22074635326862335,0.007154288236051798,15.009429931640625,0.5003910064697266,0.009503548964858055,-0.0006368969916366041,0,-13,-1001,-91,0,0,0.0466458685696125,-4.682284998125397e-05,0.0016768716741353273,-0.001328693819232285,63,3135,0.019862890243530273,12.312,28.79,18,6,10,1.21,831,0.005376448389142752,0.00018736874335445464,0.006409573834389448,1500,1500,1000,1500,1800,1000,1000,1800
1784593139.4534,6.0801,0.02001,49.98,305,572909,0.000,GUIDED,GUIDED,128,0.5025771114240393,0.03618798586736813,15.008035897331247,0.4999830166524603,-0.004023054711288736,-0.000893358772062958,nan,nan,nan,nan,nan,nan,nan,nan,nan,nan,0.2604407538782518,0.006243459649519133,-0.0017564122671400503,0,0,0.23077870905399323,0.006886748131364584,15.009403228759766,0.5065403580665588,0.009289359673857689,-0.0006687228451482952,0,-13,-1001,-90,0,0,0.04482017830014229,-3.7879886804148555e-05,0.001735462574288249,-0.0014538714895024896,63,3135,0.01992321014404297,12.312,28.79,18,6,10,1.21,831,0.005376448389142752,0.00018736874335445464,0.006409573834389448,1500,1500,1000,1500,1800,1000,1000,1800
1784593139.4734,6.1001,0.02000,49.99,306,572929,0.000,GUIDED,GUIDED,128,0.5125765238101885,0.03610752676821801,15.008018030598832,0.4999830166524603,-0.004023054711288736,-0.000893358772062958,nan,nan,nan,nan,nan,nan,nan,nan,nan,nan,0.25028450525647894,0.006708799137267813,-0.0016856976088594367,0,0,0.24092428386211395,0.006655718199908733,15.009377479553223,0.5123196840286255,0.009107627905905247,-0.0007049990235827863,0,-14,-1001,-85,0,0,0.04310162365436554,-3.0807179427938536e-05,0.0017847635317593813,-0.0015954608097672462,63,3135,0.01991724967956543,12.312,28.79,18,6,10,1.21,831,0.005376448389142752,0.00018736874335445464,0.006409573834389448,1500,1500,1000,1500,1800,1000,1000,1800
1784593139.4934,6.1201,0.01996,50.10,307,572949,0.000,GUIDED,GUIDED,128,0.5225771282487417,0.03602705807735801,15.008000161736483,0.4999830166524603,-0.004023054711288736,-0.000893358772062958,nan,nan,nan,nan,nan,nan,nan,nan,nan,nan,0.2398498549896683,0.006667481222213546,-0.0016055394372762291,0,0,0.25163015723228455,0.006652171723544598,15.009356498718262,0.5179369449615479,0.009087071754038334,-0.0007494816672988236,0,-14,-1001,-86,0,0,0.041302695870399475,-2.557750849518925e-05,0.0018175424775108695,-0.0017747480887919664,63,3135,0.019893407821655273,12.312,28.79,18,6,10,1.21,831,0.005376448389142752,0.00018736874335445464,0.006409573834389448,1500,1500,1000,1500,1800,1000,1000,1800
1784593139.5134,6.1401,0.02004,49.91,308,572969,0.000,GUIDED,GUIDED,128,0.532575110172006,0.03594661048825974,15.007982297559987,0.4999830166524603,-0.004023054711288736,-0.000893358772062958,nan,nan,nan,nan,nan,nan,nan,nan,nan,nan,0.23077962874641306,0.007001573527284213,-0.0015641916661103135,0,0,0.2619871199131012,0.006472006905823946,15.009329795837402,0.5229663848876953,0.008951755240559578,-0.0007682507857680321,0,-14,-1001,-79,0,-1,0.039705999195575714,-2.0736295482493006e-05,0.0018403519643470645,-0.00190216233022511,63,3135,0.019951581954956055,12.312,28.79,18,6,10,1.21,831,0.005376448389142752,0.00018736874335445464,0.006409573834389448,1500,1500,1000,1500,1800,1000,1000,1800
1784593139.5334,6.1601,0.02000,50.00,309,572989,0.000,GUIDED,GUIDED,128,0.5425751185843571,0.03586614659325468,15.007964429762605,0.4999830166524603,-0.004023054711288736,-0.000893358772062958,nan,nan,nan,nan,nan,nan,nan,nan,nan,nan,0.2222184888262809,0.007270128902558379,-0.0014756678656076127,0,0,0.27243921160697937,0.006321098655462265,15.00930118560791,0.5276481509208679,0.008837375789880753,-0.0008131578797474504,0,-14,-1001,-80,0,-1,0.03807878866791725,-1.618132409930695e-05,0.0018500706646591425,-0.0020691324025392532,63,3135,0.019918203353881836,12.312,28.79,18,6,10,1.21,831,0.005376448389142752,0.00018736874335445464,0.006409573834389448,1500,1500,1000,1500,1800,1000,1000,1800
1784593139.5534,6.1801,0.02000,50.00,310,573009,0.000,GUIDED,GUIDED,128,0.5525747693809872,0.03578568557576259,15.007946562604204,0.4999830166524603,-0.004023054711288736,-0.000893358772062958,nan,nan,nan,nan,nan,nan,nan,nan,nan,nan,0.2139894507350303,0.007574885036543813,-0.0013953745142382702,0,0,0.28304633498191833,0.006166217382997274,15.00927734375,0.5320484638214111,0.008704391308128834,-0.0008560657734051347,0,-14,-1000,-74,0,-1,0.0365900844335556,-1.0554003893048503e-05,0.0018797022057697177,-0.002214214764535427,63,3135,0.019916296005249023,12.312,28.79,18,6,10,1.21,831,0.005376448389142752,0.00018736874335445464,0.006409573834389448,1500,1500,1000,1500,1800,1000,1000,1800
1784593139.5735,6.2001,0.02002,49.95,311,573029,0.000,GUIDED,GUIDED,128,0.5625743009723767,0.03570522551744148,15.007928695658796,0.4999830166524603,-0.004023054711288736,-0.000893358772062958,nan,nan,nan,nan,nan,nan,nan,nan,nan,nan,0.2061734566504221,0.008498399150242891,-0.0012738471949878005,0,0,0.29374513030052185,0.005716669838875532,15.009245872497559,0.5361573100090027,0.00838429294526577,-0.0009183751535601914,0,-14,-1000,-74,0,-1,0.03508352115750313,-1.3627022781292908e-06,0.001949163619428873,-0.0023681847378611565,63,3135,0.01993584632873535,12.312,28.79,18,6,10,1.21,831,0.005376448389142752,0.00018736874335445464,0.006409573834389448,1500,1500,1000,1500,1800,1000,1000,1800
1784593139.5934,6.2201,0.01998,50.04,312,573049,0.000,GUIDED,GUIDED,128,0.5725741901794875,0.03562476258160741,15.007910828074408,0.4999830166524603,-0.004023054711288736,-0.000893358772062958,nan,nan,nan,nan,nan,nan,nan,nan,nan,nan,0.19813658913132287,0.00928682282822509,-0.0011607665641863976,0,0,0.304963618516922,0.005322419572621584,15.0092134475708,0.5400938391685486,0.008110261522233486,-0.0009752576006576419,0,-14,-1000,-70,0,-1,0.03362460061907768,6.582251899089897e-06,0.0020052704494446516,-0.0025261228438466787,63,3135,0.019901037216186523,12.312,28.79,18,6,10,1.21,831,0.005376448389142752,0.00018736874335445464,0.006409573834389448,1500,1500,1000,1500,1800,1000,1000,1800
1784593139.6134,6.2401,0.02000,50.00,313,573069,0.000,GUIDED,GUIDED,128,0.5825734833603963,0.035544304441628274,15.007892961554985,0.4999830166524603,-0.004023054711288736,-0.000893358772062958,nan,nan,nan,nan,nan,nan,nan,nan,nan,nan,0.1912781578924274,0.00943144798190091,-0.0010843532924159516,0,0,0.31579893827438354,0.005218944512307644,15.009186744689941,0.543570876121521,0.008040050975978374,-0.0010142731480300426,0,-14,-1000,-67,0,-1,0.03226128965616226,1.3467799362842925e-05,0.002051524817943573,-0.002722483826801181,63,3135,0.019915103912353516,12.312,28.79,18,6,10,1.21,831,0.005376448389142752,0.00018736874335445464,0.006409573834389448,1500,1500,1000,1500,1800,1000,1000,1800
1784593139.6334,6.2601,0.01999,50.03,314,573089,0.000,GUIDED,GUIDED,128,0.5925699156155353,0.035463869321752856,15.007875100147404,0.4999830166524603,-0.004023054711288736,-0.000893358772062958,nan,nan,nan,nan,nan,nan,nan,nan,nan,nan,0.18485668176774456,0.010091149491198263,-0.000903328946248288,0,0,0.32669979333877563,0.00487853679805994,15.009154319763184,0.5467561483383179,0.00780926737934351,-0.0011103793513029814,0,-15,-1000,-66,0,-2,0.03092438168823719,2.1110490706632845e-05,0.00208826526068151,-0.002922426676377654,63,3135,0.01990532875061035,12.312,28.79,18,6,10,1.21,831,0.005376448389142752,0.00018736874335445464,0.006409573834389448,1500,1500,1000,1500,1800,1000,1000,1800
1784593139.6538,6.2801,0.02037,49.09,315,573109,0.000,GUIDED,GUIDED,128,0.6025746922375027,0.03538336705990828,15.007857223830289,0.4999830166524603,-0.004023054711288736,-0.000893358772062958,nan,nan,nan,nan,nan,nan,nan,nan,nan,nan,0.1788700912604742,0.010188447648105177,-0.000682786975089556,0,0,0.3376591205596924,0.00479953782632947,15.009123802185059,0.54966139793396,0.007752224337309599,-0.0012304108822718263,0,-15,-1000,-63,0,-2,0.029640860855579376,2.7946980480919592e-05,0.0021151488181203604,-0.003237723372876644,63,3135,0.02029109001159668,12.312,28.76,18,6,10,1.21,831,0.004652580711990595,0.0001725967158563435,0.006341548170894384,1500,1500,1000,1500,1800,1000,1000,1800
1784593139.6734,6.3001,0.01964,50.92,316,573129,0.000,GUIDED,GUIDED,128,0.6125725549555266,0.035302920429981004,15.007839359866786,0.4999830166524603,-0.004023054711288736,-0.000893358772062958,nan,nan,nan,nan,nan,nan,nan,nan,nan,nan,0.173277525468984,0.010718936320633712,-0.0004560537723159102,0,0,0.34866824746131897,0.004512952174991369,15.00908374786377,0.5523064136505127,0.007564960978925228,-0.0013485037488862872,0,-15,-1000,-61,0,-2,0.02840663306415081,3.365533848409541e-05,0.0021280646324157715,-0.0034346370957791805,63,3135,0.019553422927856445,12.312,28.76,18,6,10,1.21,831,0.004652580711990595,0.0001725967158563435,0.006341548170894384,1500,1500,1000,1500,1800,1000,1000,1800
1784593139.6934,6.3201,0.02000,50.00,317,573149,0.000,GUIDED,GUIDED,128,0.6225724441626374,0.03522245749414693,15.007821492282398,0.4999830166524603,-0.004023054711288736,-0.000893358772062958,nan,nan,nan,nan,nan,nan,nan,nan,nan,nan,0.1680717581785912,0.011195451516546839,-0.0005436467543818836,0,0,0.35972166061401367,0.004262007772922516,15.009044647216797,0.5547037124633789,0.007388272322714329,-0.0012856730027124286,0,-15,-1001,-57,0,-2,0.02725168690085411,2.778191992547363e-05,0.0021250033751130104,-0.0036492664366960526,63,3135,0.019916057586669922,12.312,28.76,18,6,10,1.21,831,0.004652580711990595,0.0001725967158563435,0.006341548170894384,1500,1500,1000,1500,1800,1000,1000,1800
1784593139.7134,6.3401,0.02000,50.00,318,573169,0.000,GUIDED,GUIDED,128,0.6325719757540269,0.03514199743582582,15.00780362533699,0.4999830166524603,-0.004023054711288736,-0.000893358772062958,nan,nan,nan,nan,nan,nan,nan,nan,nan,nan,0.1632146430408225,0.011155294754553041,-0.00042002271016458126,0,0,0.3708248734474182,0.004222876392304897,15.009013175964355,0.5568707585334778,0.007387595716863871,-0.0013491929275915027,0,-15,-1000,-53,-1,-3,0.026165051385760307,-6.234809461602708e-06,0.002104158280417323,-0.003913648426532745,63,3135,0.019917011260986328,12.312,28.76,18,6,10,1.21,831,0.004652580711990595,0.0001725967158563435,0.006341548170894384,1500,1500,1000,1500,1800,1000,1000,1800
1784593139.7334,6.3601,0.02000,50.00,319,573189,0.000,GUIDED,GUIDED,128,0.6425716265506569,0.035061536418333726,15.007785758178589,0.4999830166524603,-0.004023054711288736,-0.000893358772062958,nan,nan,nan,nan,nan,nan,nan,nan,nan,nan,0.15872164232596075,0.011480502408746106,-0.0002791659053630889,0,0,0.38195908069610596,0.004019052255898714,15.008974075317383,0.558809757232666,0.007271060720086098,-0.00141825748141855,0,-15,-1000,-51,-1,-3,0.02512122131884098,-3.73572256648913e-05,0.0020708811935037374,-0.0040838997811079025,63,3135,0.019915342330932617,12.312,28.76,18,6,10,1.21,831,0.004652580711990595,0.0001725967158563435,0.006341548170894384,1500,1500,1000,1500,1800,1000,1000,1800
1784593139.7534,6.3801,0.02000,50.00,320,573209,0.000,GUIDED,GUIDED,128,0.6525711581420465,0.03498107636001262,15.00776789123318,0.4999830166524603,-0.004023054711288736,-0.000893358772062958,nan,nan,nan,nan,nan,nan,nan,nan,nan,nan,0.15431414288668682,0.011765222571052676,-0.0003230683490386423,0,0,0.3932378888130188,0.00383726111613214,15.008939743041992,0.5606158375740051,0.0071651809848845005,-0.0013834041310474277,0,-15,-1001,-49,-1,-3,0.02413601614534855,-6.619821942877024e-05,0.002062857151031494,-0.004270091652870178,63,3135,0.019916772842407227,12.312,28.76,18,6,10,1.21,831,0.004652580711990595,0.0001725967158563435,0.006341548170894384,1500,1500,1000,1500,1800,1000,1000,1800
1784593139.7734,6.4001,0.02000,50.00,321,573229,0.000,GUIDED,GUIDED,128,0.6625710473491573,0.03490061342417855,15.007750023648791,0.4999830166524603,-0.004023054711288736,-0.000893358772062958,nan,nan,nan,nan,nan,nan,nan,nan,nan,nan,0.1500610789213731,0.012642911856090594,-0.00019132194127716834,0,0,0.4046257734298706,0.0033656111918389797,15.00890064239502,0.5622699856758118,0.006884298752993345,-0.001447209040634334,0,-15,-1000,-45,-1,-3,0.02323031798005104,-9.164171933662146e-05,0.002079501748085022,-0.0043906536884605885,63,3135,0.019917726516723633,12.312,28.76,18,6,10,1.21,831,0.004652580711990595,0.0001725967158563435,0.006341548170894384,1500,1500,1000,1500,1800,1000,1000,1800
1784593139.7934,6.4201,0.02000,50.00,322,573249,0.000,GUIDED,GUIDED,128,0.6725704597353065,0.03482015432502843,15.007732156916376,0.4999830166524603,-0.004023054711288736,-0.000893358772062958,nan,nan,nan,nan,nan,nan,nan,nan,nan,nan,0.1460765157090341,0.013407914914614839,-4.734699529605367e-05,0,0,0.4160268306732178,0.0029413748998194933,15.008861541748047,0.5637612342834473,0.006641103886067867,-0.0015180736081674695,0,-15,-1000,-43,-1,-3,0.022358346730470657,-0.00011665063357213512,0.0020839632488787174,-0.0046495008282363415,63,3135,0.019917726516723633,12.312,28.76,18,6,10,1.21,831,0.004652580711990595,0.0001725967158563435,0.006341548170894384,1500,1500,1000,1500,1800,1000,1000,1800
1784593139.8134,6.4401,0.02000,50.00,323,573269,0.000,GUIDED,GUIDED,128,0.682569991326696,0.034739694266707324,15.007714289970968,0.4999830166524603,-0.004023054711288736,-0.000893358772062958,nan,nan,nan,nan,nan,nan,nan,nan,nan,nan,0.14258796510745586,0.013509081839839093,-6.0959762470465424e-05,0,0,0.42737653851509094,0.0028115815948694944,15.00882625579834,0.5649958252906799,0.006611177697777748,-0.001500157406553626,0,-15,-1001,-40,-1,-3,0.021551625803112984,-0.00014105580339673907,0.002078894292935729,-0.004762735217809677,63,3135,0.019916057586669922,12.312,28.76,18,6,10,1.21,831,0.004652580711990595,0.0001725967158563435,0.006341548170894384,1500,1500,1000,1500,1800,1000,1000,1800
1784593139.8334,6.4601,0.02000,50.00,324,573289,0.000,GUIDED,GUIDED,128,0.6925699997390472,0.03465923037170226,15.007696422173586,0.4999830166524603,-0.004023054711288736,-0.000893358772062958,nan,nan,nan,nan,nan,nan,nan,nan,nan,nan,0.1391966670606093,0.01412910605895807,-8.886631451159878e-05,0,0,0.43880704045295715,0.0024485664907842875,15.008787155151367,0.5661278963088989,0.006416337564587593,-0.0014717867597937584,0,-15,-1001,-38,0,-4,0.02076355181634426,-0.0001644944422878325,0.0020660816226154566,-0.004895547404885292,63,3135,0.019918203353881836,12.312,28.76,18,6,10,1.21,831,0.004652580711990595,0.0001725967158563435,0.006341548170894384,1500,1500,1000,1500,1800,1000,1000,1800
1784593139.8534,6.4801,0.01997,50.09,325,573309,0.000,GUIDED,GUIDED,128,0.7025708425880812,0.034578759762500286,15.00767855288525,0.4999830166524603,-0.004023054711288736,-0.000893358772062958,nan,nan,nan,nan,nan,nan,nan,nan,nan,nan,0.13622230933461354,0.014173485800273666,-0.00018449771032745521,0,0,0.450191855430603,0.0023450227454304695,15.008752822875977,0.5670461058616638,0.0064040361903607845,-0.001407069037668407,0,-15,-1001,-34,0,-4,0.020069051533937454,-0.00018564057245384902,0.0020492211915552616,-0.004923973232507706,63,3135,0.0198972225189209,12.312,28.76,18,6,10,1.21,831,0.004652580711990595,0.0001725967158563435,0.006341548170894384,1500,1500,1000,1500,1800,1000,1000,1800
1784593139.8734,6.5000,0.02002,49.95,326,573329,0.000,GUIDED,GUIDED,128,0.7125650099436526,0.03449834286687364,15.007660695524542,0.4999830166524603,-0.004023054711288736,-0.000893358772062958,nan,nan,nan,nan,nan,nan,nan,nan,nan,nan,0.13334879054411836,0.014595455104458345,-0.00028501563019216387,0,0,0.46164146065711975,0.002038164995610714,15.00871467590332,0.5678648352622986,0.0062911477871239185,-0.00133732077665627,0,-15,-1001,-34,0,-4,0.0193528663367033,-0.00020837414194829762,0.002021615859121084,-0.005000900011509657,63,3135,0.01993536949157715,12.312,28.76,18,6,10,1.21,831,0.004652580711990595,0.0001725967158563435,0.006341548170894384,1500,1500,1000,1500,1800,1000,1000,1800
1784593139.8938,6.5201,0.02036,49.11,327,573349,0.000,GUIDED,GUIDED,128,0.7225654951769653,0.03441787513518462,15.007642826875188,0.4999830166524603,-0.004023054711288736,-0.000893358772062958,nan,nan,nan,nan,nan,nan,nan,nan,nan,nan,0.13077111651556955,0.015030961327084171,-0.00039280384164635564,0,0,0.473092257976532,0.0017681150930002332,15.008678436279297,0.5685157179832458,0.006149163469672203,-0.0012644827365875244,0,-15,-1001,-31,0,-4,0.018729984760284424,-0.0002313303848495707,0.001983541063964367,-0.004999615252017975,63,3135,0.019920825958251953,12.312,28.76,18,6,10,1.21,831,0.0043885232880711555,0.00015878223348408937,0.007387815974652767,1500,1500,1000,1500,1800,1000,1000,1800
1784593139.9134,6.5401,0.01962,50.96,328,573369,0.000,GUIDED,GUIDED,128,0.7325649075631145,0.034337416036034504,15.007624960142772,0.4999830166524603,-0.004023054711288736,-0.000893358772062958,nan,nan,nan,nan,nan,nan,nan,nan,nan,nan,0.12851441659112406,0.014921186923985072,-0.0002950031275510878,0,0,0.48450398445129395,0.0017080268589779735,15.008648872375488,0.5690032243728638,0.006200780626386404,-0.0013141946401447058,0,-15,-1000,-31,-1,-4,0.01808752678334713,-0.0002809498691931367,0.001934473286382854,-0.005025286227464676,63,3135,0.019547462463378906,12.312,28.76,18,6,10,1.21,831,0.0043885232880711555,0.00015878223348408937,0.007387815974652767,1500,1500,1000,1500,1800,1000,1000,1800
1784593139.9334,6.5600,0.01996,50.10,329,573389,0.000,GUIDED,GUIDED,128,0.742563843128302,0.03425696077356834,15.00760709426233,0.4999830166524603,-0.004023054711288736,-0.000893358772062958,nan,nan,nan,nan,nan,nan,nan,nan,nan,nan,0.12630625333093562,0.015148051909873176,-0.000412768264479805,0,0,0.4959598183631897,0.0014872872270643711,15.008614540100098,0.5694369673728943,0.00615079328417778,-0.0012366960290819407,0,-15,-1001,-27,-4,-4,0.017538120970129967,-0.00037532759597525,0.0018766435096040368,-0.004992637783288956,63,3135,0.019897937774658203,12.312,28.76,18,6,10,1.21,831,0.0043885232880711555,0.00015878223348408937,0.007387815974652767,1500,1500,1000,1500,1800,1000,1000,1800
1784593139.9534,6.5801,0.02007,49.82,330,573409,0.000,GUIDED,GUIDED,128,0.7525676661083462,0.03417646618509167,15.007589219649162,0.4999830166524603,-0.004023054711288736,-0.000893358772062958,nan,nan,nan,nan,nan,nan,nan,nan,nan,nan,0.12415957189807489,0.01526713962995457,-0.0005408203054956459,0,0,0.5075230002403259,0.0013043424114584923,15.008586883544922,0.5697760581970215,0.006141187623143196,-0.0011571175418794155,0,-15,-1001,-26,-4,-4,0.016984496265649796,-0.000463638745713979,0.0018436078680679202,-0.004976857919245958,63,3135,0.019988059997558594,12.312,28.76,18,6,10,1.21,831,0.0043885232880711555,0.00015878223348408937,0.007387815974652767,1500,1500,1000,1500,1800,1000,1000,1800
1784593139.9734,6.6001,0.02000,50.00,331,573429,0.000,GUIDED,GUIDED,128,0.7625674361102166,0.03409600420842858,15.007571352277767,0.4999830166524603,-0.004023054711288736,-0.000893358772062958,nan,nan,nan,nan,nan,nan,nan,nan,nan,nan,0.12181201111580191,0.015948255499044887,-0.0007293184424779925,0,0,0.5192453265190125,0.0008523575961589813,15.00855827331543,0.5701369047164917,0.005962444003671408,-0.001042085699737072,0,-15,-1001,-25,-4,-4,0.016487423330545425,-0.0005480998661369085,0.0018318319926038384,-0.005054717883467674,63,3135,0.01991558074951172,12.312,28.76,18,6,10,1.21,831,0.0043885232880711555,0.00015878223348408937,0.007387815974652767,1500,1500,1000,1500,1800,1000,1000,1800
1784593139.9935,6.6201,0.02002,49.96,332,573449,0.000,GUIDED,GUIDED,128,0.7725667292911254,0.03401554606844945,15.007553485758345,0.4999830166524603,-0.004023054711288736,-0.000893358772062958,nan,nan,nan,nan,nan,nan,nan,nan,nan,nan,0.11970442523849564,0.016484977803453038,-0.0008688790331570189,0,0,0.5309436917304993,0.0004476455505937338,15.00853157043457,0.5703727602958679,0.005839775316417217,-0.000956408679485321,0,-15,-1001,-21,-3,-4,0.016040127724409103,-0.0006284726550802588,0.0018135474529117346,-0.005044334102421999,63,3135,0.019920825958251953,12.312,28.76,18,6,10,1.21,831,0.0043885232880711555,0.00015878223348408937,0.007387815974652767,1500,1500,1000,1500,1800,1000,1000,1800
1784593140.0134,6.6401,0.01998,50.04,333,573469,0.000,GUIDED,GUIDED,128,0.782566856908717,0.033935081214273397,15.007535617747969,0.4999830166524603,-0.004023054711288736,-0.000893358772062958,nan,nan,nan,nan,nan,nan,nan,nan,nan,nan,0.11811097109593202,0.01636818238728638,-0.0008990061485489658,0,0,0.5424856543540955,0.0003210346621926874,15.008508682250977,0.5704025626182556,0.005933849606662989,-0.000936116382945329,0,-15,-1001,-22,-4,-4,0.015583859756588936,-0.0007314515532925725,0.0017866811249405146,-0.005107957869768143,63,3135,0.01990199089050293,12.312,28.76,18,6,10,1.21,831,0.0043885232880711555,0.00015878223348408937,0.007387815974652767,1500,1500,1000,1500,1800,1000,1000,1800
1784593140.0334,6.6601,0.02000,50.00,334,573489,0.000,GUIDED,GUIDED,128,0.7925662692948662,0.03385462211512328,15.007517751015554,0.4999830166524603,-0.004023054711288736,-0.000893358772062958,nan,nan,nan,nan,nan,nan,nan,nan,nan,nan,0.11630949908279144,0.016687655363916358,-0.000977701630623496,0,0,0.5541512966156006,-2.019193743763026e-05,15.008484840393066,0.5704806447029114,0.0058999559842050076,-0.0008872317848727107,0,-15,-1001,-18,-5,-4,0.01521171722561121,-0.0008337118197232485,0.0017562152352184057,-0.005096646025776863,63,3135,0.019916296005249023,12.312,28.76,18,6,10,1.21,831,0.0043885232880711555,0.00015878223348408937,0.007387815974652767,1500,1500,1000,1500,1800,1000,1000,1800
1784593140.0534,6.6801,0.02000,49.99,335,573509,0.000,GUIDED,GUIDED,128,0.8025660392967365,0.0337741601384602,15.00749988364416,0.4999830166524603,-0.004023054711288736,-0.000893358772062958,nan,nan,nan,nan,nan,nan,nan,nan,nan,nan,0.11499378647750672,0.01643067125207688,-0.0009036895545163738,0,0,0.5656784176826477,-0.00011638257274171337,15.008462905883789,0.5703584551811218,0.006057406775653362,-0.000927614513784647,0,-15,-1000,-20,-5,-4,0.014787684194743633,-0.0009571020491421223,0.0017215294064953923,-0.005129516124725342,63,3135,0.01991748809814453,12.312,28.76,18,6,10,1.21,831,0.0043885232880711555,0.00015878223348408937,0.007387815974652767,1500,1500,1000,1500,1800,1000,1000,1800
1784593140.0735,6.7001,0.02002,49.96,336,573529,0.000,GUIDED,GUIDED,128,0.8125656900933664,0.033693699120968104,15.007482016485758,0.4999830166524603,-0.004023054711288736,-0.000893358772062958,nan,nan,nan,nan,nan,nan,nan,nan,nan,nan,0.11360232767478144,0.016533714528638426,-0.0007576542697162339,0,0,0.5773088335990906,-0.0003975204308517277,15.008435249328613,0.5702202916145325,0.006113775540143251,-0.0010062761139124632,0,-15,-1000,-16,-3,-4,0.014468292705714703,-0.001030895160511136,0.0016806002240628004,-0.0050950865261256695,63,3135,0.019933462142944336,12.312,28.76,18,6,10,1.21,831,0.0043885232880711555,0.00015878223348408937,0.007387815974652767,1500,1500,1000,1500,1800,1000,1000,1800
1784593140.0934,6.7201,0.01998,50.05,337,573549,0.000,GUIDED,GUIDED,128,0.8225651024795156,0.03361324002181798,15.007464149753343,0.4999830166524603,-0.004023054711288736,-0.000893358772062958,nan,nan,nan,nan,nan,nan,nan,nan,nan,nan,0.11232722506904139,0.016538304121065276,-0.0006187323910732015,0,0,0.5889139175415039,-0.0006396251847036183,15.008406639099121,0.5700294375419617,0.006204451899975538,-0.0010802799370139837,0,-15,-1000,-17,-5,-4,0.014095750637352467,-0.0011576638789847493,0.0016332986997440457,-0.004957104567438364,63,3135,0.019896745681762695,12.312,28.76,18,6,10,1.21,831,0.0043885232880711555,0.00015878223348408937,0.007387815974652767,1500,1500,1000,1500,1800,1000,1000,1800
1784593140.1134,6.7401,0.02000,50.00,338,573569,0.000,GUIDED,GUIDED,128,0.832564872481386,0.0335327780451549,15.007446282381947,0.4999830166524603,-0.004023054711288736,-0.000893358772062958,nan,nan,nan,nan,nan,nan,nan,nan,nan,nan,0.1114787102873171,0.016052794827929557,-0.0005246791932208264,0,0,0.6004021763801575,-0.0006829521735198796,15.008381843566895,0.569659948348999,0.006463320925831795,-0.0011305816005915403,0,-15,-1000,-13,-3,-3,0.01382142212241888,-0.0012227578554302454,0.0015824696747586131,-0.0047302208840847015,63,3135,0.019915342330932617,12.312,28.76,18,6,10,1.21,831,0.0043885232880711555,0.00015878223348408937,0.007387815974652767,1500,1500,1000,1500,1800,1000,1000,1800
1784593140.1334,6.7600,0.01992,50.20,339,573589,0.000,GUIDED,GUIDED,128,0.8425453312343107,0.033452471454191855,15.007428449515471,0.4999830166524603,-0.004023054711288736,-0.000893358772062958,nan,nan,nan,nan,nan,nan,nan,nan,nan,nan,0.11048378424269775,0.015885372821103798,-0.0005215068506943654,0,0,0.6119679808616638,-0.00086994405137375,15.008352279663086,0.5693190693855286,0.0066215768456459045,-0.0011256402358412743,0,-15,-1000,-15,-4,-3,0.013488397933542728,-0.0013292154762893915,0.0015258395578712225,-0.004604769870638847,63,3135,0.01985311508178711,12.312,28.76,18,6,10,1.21,831,0.0043885232880711555,0.00015878223348408937,0.007387815974652767,1500,1500,1000,1500,1800,1000,1000,1800
1784593140.1538,6.7801,0.02044,48.93,340,573609,0.000,GUIDED,GUIDED,128,0.8525657237427713,0.03337184354094786,15.00741054529623,0.4999830166524603,-0.004023054711288736,-0.000893358772062958,nan,nan,nan,nan,nan,nan,nan,nan,nan,nan,0.1095738756691041,0.015584373438764058,-0.0004872600246392243,0,0,0.6235440373420715,-0.0010177259100601077,15.00832462310791,0.5689462423324585,0.006834130268543959,-0.0011397821363061666,0,-15,-1000,-13,-3,-3,0.013234453275799751,-0.0013812793185934424,0.0014956245431676507,-0.004441550001502037,63,3135,0.020353317260742188,12.312,28.76,18,6,10,1.21,831,0.002958256285637617,0.00013721019786316901,0.00862421840429306,1500,1500,1000,1500,1800,1000,1000,1800
1784593140.1734,6.8001,0.01963,50.95,341,573629,0.000,GUIDED,GUIDED,128,0.862560606329785,0.033291420890295284,15.007392686657562,0.4999830166524603,-0.004023054711288736,-0.000893358772062958,nan,nan,nan,nan,nan,nan,nan,nan,nan,nan,0.10836196562351598,0.015872856274210582,-0.0004284174221653329,0,0,0.6352859139442444,-0.0014089978067204356,15.008292198181152,0.5686373114585876,0.00684704352170229,-0.0011653450783342123,0,-15,-1000,-12,-2,-3,0.012961135245859623,-0.0014473929768428206,0.0014866774436086416,-0.004347877576947212,63,3135,0.019544124603271484,12.312,28.76,18,6,10,1.21,831,0.002958256285637617,0.00013721019786316901,0.00862421840429306,1500,1500,1000,1500,1800,1000,1000,1800
1784593140.1934,6.8201,0.01996,50.10,342,573649,0.000,GUIDED,GUIDED,128,0.8725597803054533,0.03321096370948714,15.007374820351133,0.4999830166524603,-0.004023054711288736,-0.000893358772062958,nan,nan,nan,nan,nan,nan,nan,nan,nan,nan,0.10727661402805987,0.01596311109027601,-0.00036882002711604884,0,0,0.6469886302947998,-0.0017518886597827077,15.008260726928711,0.5682803988456726,0.0069464510306715965,-0.001191898831166327,0,-15,-1000,-11,-3,-3,0.012748387642204762,-0.0015103846089914441,0.0014755473239347339,-0.004189615603536367,63,3135,0.01989459991455078,12.312,28.76,18,6,10,1.21,831,0.002958256285637617,0.00013721019786316901,0.00862421840429306,1500,1500,1000,1500,1800,1000,1000,1800
1784593140.2134,6.8401,0.02006,49.85,343,573669,0.000,GUIDED,GUIDED,128,0.8825641993116995,0.033130464325155526,15.007356944672999,0.4999830166524603,-0.004023054711288736,-0.000893358772062958,nan,nan,nan,nan,nan,nan,nan,nan,nan,nan,0.106736067333645,0.015509571849396091,-0.00036552057790862204,0,0,0.6585022807121277,-0.001834861934185028,15.008233070373535,0.5677211284637451,0.007209730334579945,-0.001188156777061522,0,-15,-1000,-9,0,-3,0.012542408891022205,-0.0015229488490149379,0.0014640813460573554,-0.0039526247419416904,63,3135,0.019977569580078125,12.312,28.76,18,6,10,1.21,831,0.002958256285637617,0.00013721019786316901,0.00862421840429306,1500,1500,1000,1500,1800,1000,1000,1800
1784593140.2334,6.8601,0.01996,50.11,344,573689,0.000,GUIDED,GUIDED,128,0.8925614660035214,0.03305002249108319,15.007339081774463,0.4999830166524603,-0.004023054711288736,-0.000893358772062958,nan,nan,nan,nan,nan,nan,nan,nan,nan,nan,0.10594129839283485,0.01543644990282737,-0.00035578386088273167,0,0,0.6701459288597107,-0.002110673114657402,15.008201599121094,0.5672294497489929,0.007364743854850531,-0.001185921486467123,0,-15,-1000,-10,-3,-2,0.012328803539276123,-0.0015927223721519113,0.0014502512058243155,-0.0038243017625063658,63,3135,0.019887924194335938,12.312,28.76,18,6,10,1.21,831,0.002958256285637617,0.00013721019786316901,0.00862421840429306,1500,1500,1000,1500,1800,1000,1000,1800
1784593140.2534,6.8801,0.02001,49.99,345,573709,0.000,GUIDED,GUIDED,128,0.9025637393154403,0.032969540371829364,15.007321209930208,0.4999830166524603,-0.004023054711288736,-0.000893358772062958,nan,nan,nan,nan,nan,nan,nan,nan,nan,nan,0.1055658966442452,0.014889403325836513,-0.00031226490428369873,0,0,0.681620717048645,-0.002158186864107847,15.008172988891602,0.5665960311889648,0.0076615470461547375,-0.0012048473581671715,0,-15,-1000,-8,0,-2,0.012155354022979736,-0.0015935087576508522,0.0014358499320223927,-0.003793454961851239,63,3135,0.019938230514526367,12.312,28.76,18,6,10,1.21,831,0.002958256285637617,0.00013721019786316901,0.00862421840429306,1500,1500,1000,1500,1800,1000,1000,1800
1784593140.2734,6.9001,0.02003,49.92,346,573729,0.000,GUIDED,GUIDED,128,0.9125623172649067,0.032889087986876155,15.007303344688747,0.4999830166524603,-0.004023054711288736,-0.000893358772062958,nan,nan,nan,nan,nan,nan,nan,nan,nan,nan,0.10498894125113603,0.014721293373118439,-0.0002804351281096081,0,0,0.693205714225769,-0.0023715971037745476,15.008138656616211,0.5660132169723511,0.007835368625819683,-0.0012137170415371656,0,-15,-1000,-9,-2,-2,0.011957494542002678,-0.0016559752402827144,0.001415312523022294,-0.003706158371642232,63,3135,0.019951820373535156,12.312,28.76,18,6,10,1.21,831,0.002958256285637617,0.00013721019786316901,0.00862421840429306,1500,1500,1000,1500,1800,1000,1000,1800
1784593140.2934,6.9201,0.02000,49.99,347,573749,0.000,GUIDED,GUIDED,128,0.9225618488562962,0.032808627928555045,15.007285477743338,0.4999830166524603,-0.004023054711288736,-0.000893358772062958,nan,nan,nan,nan,nan,nan,nan,nan,nan,nan,0.10452987209934445,0.014431189486983208,-0.00029844519245940274,0,0,0.7047539949417114,-0.002545802854001522,15.008106231689453,0.5653840899467468,0.008056984283030033,-0.0011949138715863228,0,-15,-1001,-6,0,-2,0.011827307753264904,-0.0016444834182038903,0.0013910429552197456,-0.0035802097991108894,63,3135,0.019919633865356445,12.312,28.76,18,6,10,1.21,831,0.002958256285637617,0.00013721019786316901,0.00862421840429306,1500,1500,1000,1500,1800,1000,1000,1800
1784593140.3134,6.9401,0.01998,50.06,348,573769,0.000,GUIDED,GUIDED,128,0.932558519521916,0.03272819089033765,15.00726761590977,0.4999830166524603,-0.004023054711288736,-0.000893358772062958,nan,nan,nan,nan,nan,nan,nan,nan,nan,nan,0.10449097849869385,0.013739708033439681,-0.00031135401889827933,0,0,0.7161603569984436,-0.002535613253712654,15.008078575134277,0.5645926594734192,0.00840388797223568,-0.0011818059720098972,0,-15,-1001,-8,-2,-2,0.011647656559944153,-0.001712014083750546,0.001358111621811986,-0.0035502573009580374,63,3135,0.019896507263183594,12.312,28.76,18,6,10,1.21,831,0.002958256285637617,0.00013721019786316901,0.00862421840429306,1500,1500,1000,1500,1800,1000,1000,1800
1784593140.3334,6.9601,0.02001,49.98,349,573789,0.000,GUIDED,GUIDED,128,0.9425580511133056,0.03264773083201654,15.00724974896436,0.4999830166524603,-0.004023054711288736,-0.000893358772062958,nan,nan,nan,nan,nan,nan,nan,nan,nan,nan,0.10422417517263437,0.01332363240230518,-0.00028420351962731266,0,0,0.7276490330696106,-0.002651957096531987,15.008047103881836,0.5638869404792786,0.008664826862514019,-0.0011896268697455525,0,-15,-1001,-5,1,-2,0.01152756903320551,-0.0016876624431461096,0.001322300755418837,-0.0034611516166478395,63,3135,0.019923686981201172,12.312,28.76,18,6,10,1.21,831,0.002958256285637617,0.00013721019786316901,0.00862421840429306,1500,1500,1000,1500,1800,1000,1000,1800
1784593140.3534,6.9800,0.01995,50.12,350,573809,0.000,GUIDED,GUIDED,128,0.9525536489317618,0.032567302426338034,15.007231889047732,0.4999830166524603,-0.004023054711288736,-0.000893358772062958,nan,nan,nan,nan,nan,nan,nan,nan,nan,nan,0.10345555611999552,0.013395275514480224,-0.0002452200366210802,0,0,0.739357054233551,-0.0029791900888085365,15.008014678955078,0.5633420348167419,0.00876595638692379,-0.0012037248816341162,0,-15,-1000,-7,-1,-2,0.011375932022929192,-0.00173196813557297,0.0013128584250807762,-0.0032914290204644203,63,3135,0.01987934112548828,12.312,28.76,18,6,10,1.21,831,0.002958256285637617,0.00013721019786316901,0.00862421840429306,1500,1500,1000,1500,1800,1000,1000,1800
1784593140.3734,7.0000,0.02001,49.97,351,573829,0.000,GUIDED,GUIDED,128,0.9625553262174786,0.03248682510293915,15.007214018268444,0.4999830166524603,-0.004023054711288736,-0.000893358772062958,nan,nan,nan,nan,nan,nan,nan,nan,nan,nan,0.10327872270622959,0.012874203706347214,-0.00020987109317633658,0,0,0.7508186101913452,-0.0030353330075740814,15.007987022399902,0.5626012682914734,0.00905274786055088,-0.0012184837833046913,0,-15,-1000,-4,1,-2,0.011289656162261963,-0.001689400989562273,0.0013164770789444447,-0.0032349410466849804,63,3135,0.01994609832763672,12.312,28.76,18,6,10,1.21,831,0.002958256285637617,0.00013721019786316901,0.00862421840429306,1500,1500,1000,1500,1800,1000,1000,1800
1784593140.3937,7.0200,0.02028,49.32,352,573849,0.000,GUIDED,GUIDED,128,0.9725561690665128,0.032406354493737174,15.007196148980109,0.4999830166524603,-0.004023054711288736,-0.000893358772062958,nan,nan,nan,nan,nan,nan,nan,nan,nan,nan,0.1027270253736602,0.01279683191057613,-0.00019888476750550596,0,0,0.7624481320381165,-0.0032910413574427366,15.007955551147461,0.5619794726371765,0.00919859204441309,-0.0012169736437499523,0,-15,-1000,-6,0,-2,0.011151823215186596,-0.0017208795761689544,0.001315432135015726,-0.003166471840813756,63,3135,0.019927978515625,12.312,28.76,17,6,10,1.21,831,0.0027217513415962458,0.00012272188905626535,0.008934278041124344,1500,1500,1000,1500,1800,1000,1000,1800
1784593140.4135,7.0401,0.01983,50.42,353,573869,0.000,GUIDED,GUIDED,128,0.9825626145618458,0.03232583880349876,15.007178269681088,0.4999830166524603,-0.004023054711288736,-0.000893358772062958,nan,nan,nan,nan,nan,nan,nan,nan,nan,nan,0.10269390995876929,0.012192074139229018,-0.0001818296163702671,0,0,0.7738573551177979,-0.0033083888702094555,15.007927894592285,0.5611886978149414,0.009511278942227364,-0.0012211755383759737,0,-15,-1000,-2,0,-2,0.011098325252532959,-0.0017008756985887885,0.0013118705246597528,-0.003091351594775915,63,3135,0.019695758819580078,12.312,28.76,17,6,10,1.21,831,0.0027217513415962458,0.00012272188905626535,0.008934278041124344,1500,1500,1000,1500,1800,1000,1000,1800
1784593140.4334,7.0601,0.01993,50.17,354,573889,0.000,GUIDED,GUIDED,128,0.9925573779436192,0.03224541711201717,15.007160411255413,0.4999830166524603,-0.004023054711288736,-0.000893358772062958,nan,nan,nan,nan,nan,nan,nan,nan,nan,nan,0.10229296663496543,0.012011622757758994,-0.00012561648406064264,0,0,0.7854135632514954,-0.0034995556343346834,15.007896423339844,0.5605186820030212,0.00967940129339695,-0.0012457708362489939,0,-15,-1000,-5,0,-2,0.01096867024898529,-0.0017003107350319624,0.0013048851396888494,-0.0030436841771006584,63,3135,0.01986384391784668,12.312,28.76,17,6,10,1.21,831,0.0027217513415962458,0.00012272188905626535,0.008934278041124344,1500,1500,1000,1500,1800,1000,1000,1800
1784593140.4534,7.0801,0.01999,50.04,355,573909,0.000,GUIDED,GUIDED,128,1.0025557174826045,0.03216496664540594,15.007142546439937,0.4999830166524603,-0.004023054711288736,-0.000893358772062958,nan,nan,nan,nan,nan,nan,nan,nan,nan,nan,0.10202772750493481,0.011751339935825552,-9.157283989832759e-05,0,0,0.7969282865524292,-0.0036529377102851868,15.00786304473877,0.5597963333129883,0.00987178273499012,-0.0012564690550789237,0,-15,-1000,-2,0,-2,0.010925184935331345,-0.001681470894254744,0.001298320945352316,-0.0029006428085267544,63,3135,0.019903898239135742,12.312,28.76,17,6,10,1.21,831,0.0027217513415962458,0.00012272188905626535,0.008934278041124344,1500,1500,1000,1500,1800,1000,1000,1800
1784593140.4734,7.1001,0.02001,49.96,356,573929,0.000,GUIDED,GUIDED,128,1.0125552490739942,0.03208450658708484,15.007124679494527,0.4999830166524603,-0.004023054711288736,-0.000893358772062958,nan,nan,nan,nan,nan,nan,nan,nan,nan,nan,0.10218558458062256,0.01110179169571434,-5.2742967933529054e-05,0,0,0.8082590699195862,-0.003614642657339573,15.007833480834961,0.558936595916748,0.010178236290812492,-0.0012721342500299215,0,-15,-1000,-5,2,-2,0.010809273459017277,-0.0016480364138260484,0.0012855278328061104,-0.0028923526406288147,63,3135,0.019928932189941406,12.312,28.76,17,6,10,1.21,831,0.0027217513415962458,0.00012272188905626535,0.008934278041124344,1500,1500,1000,1500,1800,1000,1000,1800
1784593140.4934,7.1201,0.02000,49.99,357,573949,0.000,GUIDED,GUIDED,128,1.0225582376173554,0.03200401871280508,15.007106806372313,0.4999830166524603,-0.004023054711288736,-0.000893358772062958,nan,nan,nan,nan,nan,nan,nan,nan,nan,nan,0.10206323961574452,0.010733786188318935,3.8761450094603736e-06,0,0,0.8197024464607239,-0.0037102680653333664,15.007800102233887,0.5581756234169006,0.01039944402873516,-0.0012958712177351117,0,-15,-1000,-1,0,-1,0.010778545401990414,-0.001663900911808014,0.001267820131033659,-0.0027831995394080877,63,3135,0.01992177963256836,12.312,28.76,17,6,10,1.21,831,0.0027217513415962458,0.00012272188905626535,0.008934278041124344,1500,1500,1000,1500,1800,1000,1000,1800
1784593140.5134,7.1401,0.02000,50.00,358,573969,0.000,GUIDED,GUIDED,128,1.032558007619226,0.03192355673614199,15.007088939000917,0.4999830166524603,-0.004023054711288736,-0.000893358772062958,nan,nan,nan,nan,nan,nan,nan,nan,nan,nan,0.10232983701277673,0.01002013744809976,7.756884139578863e-06,0,0,0.8309816122055054,-0.0036387378349900246,15.007771492004395,0.5572830438613892,0.010723716579377651,-0.0012919093715026975,0,-15,-1001,-3,3,-1,0.010684446431696415,-0.0015982177574187517,0.0012454737443476915,-0.002755839843302965,63,3135,0.01991724967956543,12.312,28.76,17,6,10,1.21,831,0.0027217513415962458,0.00012272188905626535,0.008934278041124344,1500,1500,1000,1500,1800,1000,1000,1800
1784593140.5334,7.1600,0.01995,50.12,359,573989,0.000,GUIDED,GUIDED,128,1.04255300941148,0.03184313312631843,15.007071080149256,0.4999830166524603,-0.004023054711288736,-0.000893358772062958,nan,nan,nan,nan,nan,nan,nan,nan,nan,nan,0.10236082875711613,0.009577570160883911,4.276326087783715e-05,0,0,0.8423582315444946,-0.003682307666167617,15.00773811340332,0.5564674735069275,0.01095795538276434,-0.001303159981034696,0,-15,-1000,0,0,-1,0.01066794153302908,-0.0016132392920553684,0.0012177416356280446,-0.0026945644058287144,63,3135,0.01988363265991211,12.312,28.76,17,6,10,1.21,831,0.0027217513415962458,0.00012272188905626535,0.008934278041124344,1500,1500,1000,1500,1800,1000,1000,1800
1784593140.5534,7.1801,0.02005,49.87,360,574009,0.000,GUIDED,GUIDED,128,1.0525574284177261,0.03176263374198682,15.007053204471122,0.4999830166524603,-0.004023054711288736,-0.000893358772062958,nan,nan,nan,nan,nan,nan,nan,nan,nan,nan,0.10176965806128722,0.009596386771976457,2.18943911300827e-05,0,0,0.8539919853210449,-0.00393287418410182,15.007706642150879,0.5558680891990662,0.011045279912650585,-0.001283261924982071,0,-15,-1001,-3,3,-1,0.010581016540527344,-0.0015451976796612144,0.0012108813971281052,-0.0027254584711045027,63,3135,0.019967079162597656,12.312,28.76,17,6,10,1.21,831,0.0027217513415962458,0.00012272188905626535,0.008934278041124344,1500,1500,1000,1500,1800,1000,1000,1800
1784593140.5735,7.2001,0.02002,49.96,361,574029,0.000,GUIDED,GUIDED,128,1.0625569600091158,0.03168217368366571,15.007035337525712,0.4999830166524603,-0.004023054711288736,-0.000893358772062958,nan,nan,nan,nan,nan,nan,nan,nan,nan,nan,0.10188182871995453,0.009107328420122338,7.199397075668219e-05,0,0,0.8653382062911987,-0.0039294264279305935,15.00767707824707,0.5550258159637451,0.011279193684458733,-0.001305433688685298,0,-15,-1000,0,0,-1,0.010581424459815025,-0.0015596532030031085,0.0012141442857682705,-0.0026068103034049273,63,3135,0.01993417739868164,12.312,28.76,17,6,10,1.21,831,0.0027217513415962458,0.00012272188905626535,0.008934278041124344,1500,1500,1000,1500,1800,1000,1000,1800
1784593140.5934,7.2200,0.01997,50.08,362,574049,0.000,GUIDED,GUIDED,128,1.072550531338485,0.031601761583893995,15.00701748122997,0.4999830166524603,-0.004023054711288736,-0.000893358772062958,nan,nan,nan,nan,nan,nan,nan,nan,nan,nan,0.10150465851656834,0.008985366805562903,5.451968936581112e-05,0,0,0.8768818378448486,-0.0041127814911305904,15.007645606994629,0.5543486475944519,0.011409042403101921,-0.0012874843087047338,0,-15,-1001,-3,2,-1,0.010500958189368248,-0.001495320932008326,0.001213909243233502,-0.002609790535643697,63,3135,0.019883155822753906,12.312,28.76,17,6,10,1.21,831,0.0027217513415962458,0.00012272188905626535,0.008934278041124344,1500,1500,1000,1500,1800,1000,1000,1800
1784593140.6134,7.2400,0.01996,50.10,363,574069,0.000,GUIDED,GUIDED,128,1.0825498245193939,0.031521303443914864,15.00699961471055,0.4999830166524603,-0.004023054711288736,-0.000893358772062958,nan,nan,nan,nan,nan,nan,nan,nan,nan,nan,0.10169544877413296,0.008390331743503242,2.336418661921856e-05,0,0,0.8881692290306091,-0.004073010291904211,15.007616996765137,0.5534948110580444,0.01168317161500454,-0.001263293786905706,0,-15,-1001,0,0,-1,0.010505683720111847,-0.0014987899921834469,0.0012112921103835106,-0.002511519007384777,63,3135,0.019893407821655273,12.312,28.76,17,6,10,1.21,831,0.0027217513415962458,0.00012272188905626535,0.008934278041124344,1500,1500,1000,1500,1800,1000,1000,1800
1784593140.6334,7.2601,0.02005,49.87,364,574089,0.000,GUIDED,GUIDED,128,1.092555673988525,0.0314407925495314,15.006981736476494,0.4999830166524603,-0.004023054711288736,-0.000893358772062958,nan,nan,nan,nan,nan,nan,nan,nan,nan,nan,0.1015054914269467,0.008178883790823595,1.3308521292496435e-05,0,0,0.8996304273605347,-0.0041960603557527065,15.007587432861328,0.5527642369270325,0.01182981114834547,-0.0012507414212450385,0,-15,-1001,-1,2,-1,0.010449303314089775,-0.001436868216842413,0.0012055695988237858,-0.0025221621617674828,63,3135,0.019968509674072266,12.312,28.76,17,6,10,1.21,831,0.0027217513415962458,0.00012272188905626535,0.008934278041124344,1500,1500,1000,1500,1800,1000,1000,1800
1784593140.6538,7.2801,0.02036,49.12,365,574109,0.000,GUIDED,GUIDED,128,1.1025554439903953,0.031360330572868314,15.0069638691051,0.4999830166524603,-0.004023054711288736,-0.000893358772062958,nan,nan,nan,nan,nan,nan,nan,nan,nan,nan,0.10141062744539067,0.007938234753875232,2.2903582242839236e-05,0,0,0.9110442399978638,-0.00428384356200695,15.00755500793457,0.5520026087760925,0.011972976848483086,-0.0012478763237595558,0,-15,-1001,0,0,-1,0.010444610379636288,-0.0014444671105593443,0.0011997048277407885,-0.0024545639753341675,63,3135,0.02027606964111328,12.312,28.79,17,6,10,1.21,831,0.003137689083814621,0.00010231864871457219,0.00917032826691866,1500,1500,1000,1500,1800,1000,1000,1800
1784593140.6734,7.3000,0.01960,51.03,366,574129,0.000,GUIDED,GUIDED,128,1.1125513994245728,0.031279899289676845,15.006946008549491,0.4999830166524603,-0.004023054711288736,-0.000893358772062958,nan,nan,nan,nan,nan,nan,nan,nan,nan,nan,0.10175592419295515,0.007371047004611227,4.165785176351016e-05,0,0,0.9222446084022522,-0.0041934349574148655,15.007526397705078,0.5511078834533691,0.012201808393001556,-0.0012524977792054415,0,-15,-1000,0,3,-1,0.010421187616884708,-0.0013782074674963951,0.0011878988007083535,-0.002468027640134096,63,3135,0.01952838897705078,12.312,28.79,17,6,10,1.21,831,0.003137689083814621,0.00010231864871457219,0.00917032826691866,1500,1500,1000,1500,1800,1000,1000,1800
1784593140.6934,7.3201,0.02005,49.86,367,574149,0.000,GUIDED,GUIDED,128,1.1225574873041846,0.0311993864769514,15.006928129889449,0.4999830166524603,-0.004023054711288736,-0.000893358772062958,nan,nan,nan,nan,nan,nan,nan,nan,nan,nan,0.10181686598400756,0.007053230928273653,3.0146606265827355e-05,0,0,0.9335794448852539,-0.004228511359542608,15.007494926452637,0.5503055453300476,0.012359066866338253,-0.001238004071637988,0,-15,-1001,-1,0,-1,0.01039897557348013,-0.0013806091155856848,0.0011716211447492242,-0.0024153110571205616,63,3135,0.019970417022705078,12.312,28.79,17,6,10,1.21,831,0.003137689083814621,0.00010231864871457219,0.00917032826691866,1500,1500,1000,1500,1800,1000,1000,1800
1784593140.7134,7.3401,0.01996,50.10,368,574169,0.000,GUIDED,GUIDED,128,1.1325555884326892,0.031118937928682148,15.00691026549996,0.4999830166524603,-0.004023054711288736,-0.000893358772062958,nan,nan,nan,nan,nan,nan,nan,nan,nan,nan,0.10222357653266205,0.006385825278961903,9.298580022050278e-06,0,0,0.9447242617607117,-0.004108530003577471,15.007467269897461,0.5494086742401123,0.012628675438463688,-0.0012203139485791326,0,-15,-1001,0,2,-1,0.010375099256634712,-0.0013260353589430451,0.0011508219176903367,-0.0023785983212292194,63,3135,0.019890546798706055,12.312,28.79,17,6,10,1.21,831,0.003137689083814621,0.00010231864871457219,0.00917032826691866,1500,1500,1000,1500,1800,1000,1000,1800
1784593140.7334,7.3601,0.01999,50.04,369,574189,0.000,GUIDED,GUIDED,128,1.1425505902249435,0.03103851431885858,15.006892406648298,0.4999830166524603,-0.004023054711288736,-0.000893358772062958,nan,nan,nan,nan,nan,nan,nan,nan,nan,nan,0.10238191397911023,0.005977724364686264,2.9291054984724105e-05,0,0,0.9559864401817322,-0.004095885902643204,15.007436752319336,0.5485856533050537,0.012810559943318367,-0.0012245480902493,0,-15,-1001,-1,2,-1,0.010351731441915035,-0.001301331096328795,0.001127247349359095,-0.0023092192132025957,63,3135,0.019917964935302734,12.312,28.79,17,6,10,1.21,831,0.003137689083814621,0.00010231864871457219,0.00917032826691866,1500,1500,1000,1500,1800,1000,1000,1800
1784593140.7534,7.3800,0.02003,49.92,370,574209,0.000,GUIDED,GUIDED,128,1.1525500026110926,0.03095805521970846,15.006874539915882,0.4999830166524603,-0.004023054711288736,-0.000893358772062958,nan,nan,nan,nan,nan,nan,nan,nan,nan,nan,0.10185989997288258,0.006032538524548447,7.731532548224044e-05,0,0,0.9675416946411133,-0.004290343727916479,15.007406234741211,0.547988772392273,0.012844730168581009,-0.001244970946572721,0,-15,-1000,0,2,-1,0.010349581018090248,-0.00124805374071002,0.001119258115068078,-0.002325632842257619,63,3135,0.01994776725769043,12.312,28.79,17,6,10,1.21,831,0.003137689083814621,0.00010231864871457219,0.00917032826691866,1500,1500,1000,1500,1800,1000,1000,1800
1784593140.7734,7.4001,0.02002,49.94,371,574229,0.000,GUIDED,GUIDED,128,1.1625564481064257,0.030877539529470054,15.006856660616862,0.4999830166524603,-0.004023054711288736,-0.000893358772062958,nan,nan,nan,nan,nan,nan,nan,nan,nan,nan,0.10206310137102582,0.0055223232147237865,5.855244168856974e-05,0,0,0.9787678718566895,-0.004241675604134798,15.007378578186035,0.5471672415733337,0.013064718805253506,-0.001228493289090693,0,-15,-1001,-1,2,-1,0.010316077619791031,-0.0012232983717694879,0.0011181774316355586,-0.002350389724597335,63,3135,0.019939899444580078,12.312,28.79,17,6,10,1.21,831,0.003137689083814621,0.00010231864871457219,0.00917032826691866,1500,1500,1000,1500,1800,1000,1000,1800
1784593140.7934,7.4201,0.02000,49.99,372,574249,0.000,GUIDED,GUIDED,128,1.1725558604925748,0.030797080430319933,15.006838793884446,0.4999830166524603,-0.004023054711288736,-0.000893358772062958,nan,nan,nan,nan,nan,nan,nan,nan,nan,nan,0.10166019761316979,0.005503678414895411,3.0036289329824742e-05,0,0,0.990225076675415,-0.004372496623545885,15.007349014282227,0.5465582013130188,0.013104559853672981,-0.00120527611579746,0,-15,-1001,1,2,-1,0.01034584455192089,-0.001171553274616599,0.0011149076744914055,-0.0022855077404528856,63,3135,0.019917011260986328,12.312,28.79,17,6,10,1.21,831,0.003137689083814621,0.00010231864871457219,0.00917032826691866,1500,1500,1000,1500,1800,1000,1000,1800
1784593140.8134,7.4400,0.01993,50.17,373,574269,0.000,GUIDED,GUIDED,128,1.1825487165905018,0.03071667408557415,15.006820938866664,0.4999830166524603,-0.004023054711288736,-0.000893358772062958,nan,nan,nan,nan,nan,nan,nan,nan,nan,nan,0.10194552541775014,0.005056555681900526,2.3232060705928657e-05,0,0,1.001389503479004,-0.00429163733497262,15.007322311401367,0.5457170605659485,0.01326959952712059,-0.0011962393764406443,0,-15,-1001,-1,1,-1,0.010319397784769535,-0.0011504008434712887,0.0011086845770478249,-0.00227177981287241,63,3135,0.01986861228942871,12.312,28.79,17,6,10,1.21,831,0.003137689083814621,0.00010231864871457219,0.00917032826691866,1500,1500,1000,1500,1800,1000,1000,1800
1784593140.8334,7.4600,0.02000,49.99,374,574289,0.000,GUIDED,GUIDED,128,1.192548725002853,0.030636210190569092,15.006803071069283,0.4999830166524603,-0.004023054711288736,-0.000893358772062958,nan,nan,nan,nan,nan,nan,nan,nan,nan,nan,0.10177125768304049,0.004908860638114392,2.243889550677437e-05,0,0,1.012757420539856,-0.0043676686473190784,15.007294654846191,0.5450279116630554,0.01335231214761734,-0.0011901299003511667,0,-15,-1001,1,2,-1,0.010348480194807053,-0.0011026727734133601,0.0011007703142240644,-0.0022471442352980375,63,3135,0.019936800003051758,12.312,28.79,17,6,10,1.21,831,0.003137689083814621,0.00010231864871457219,0.00917032826691866,1500,1500,1000,1500,1800,1000,1000,1800
1784593140.8534,7.4801,0.02002,49.95,375,574309,0.000,GUIDED,GUIDED,128,1.2025486142099637,0.03055574725473502,15.006785203484894,0.4999830166524603,-0.004023054711288736,-0.000893358772062958,nan,nan,nan,nan,nan,nan,nan,nan,nan,nan,0.1016568740487793,0.004743079455543836,-1.9171292046182874e-05,0,0,1.0240743160247803,-0.004410930443555117,15.007264137268066,0.5443335771560669,0.01342654787003994,-0.0011588027700781822,0,-15,-1001,-1,1,-1,0.010321022942662239,-0.00108658941462636,0.0010913832811638713,-0.00223128916695714,63,3135,0.019942283630371094,12.312,28.79,17,6,10,1.21,831,0.003137689083814621,0.00010231864871457219,0.00917032826691866,1500,1500,1000,1500,1800,1000,1000,1800
1784593140.8734,7.5001,0.02000,50.00,376,574329,0.000,GUIDED,GUIDED,128,1.2125481458013532,0.03047528719641391,15.006767336539486,0.4999830166524603,-0.004023054711288736,-0.000893358772062958,nan,nan,nan,nan,nan,nan,nan,nan,nan,nan,0.10205634359960632,0.004218312906743769,9.402983908261982e-06,0,0,1.0351486206054688,-0.004284925293177366,15.007238388061523,0.5434824228286743,0.01361031923443079,-0.0011707493104040623,0,-15,-1000,1,2,-1,0.010348382405936718,-0.0010374877601861954,0.001078056520782411,-0.0022163274697959423,63,3135,0.019921541213989258,12.312,28.79,17,6,10,1.21,831,0.003137689083814621,0.00010231864871457219,0.00917032826691866,1500,1500,1000,1500,1800,1000,1000,1800
1784593140.8937,7.5201,0.02035,49.14,377,574349,0.000,GUIDED,GUIDED,128,1.222548035008464,0.03039482426057984,15.006749468955098,0.4999830166524603,-0.004023054711288736,-0.000893358772062958,nan,nan,nan,nan,nan,nan,nan,nan,nan,nan,0.10210407403214686,0.004009639663848617,-3.0142940225873866e-06,0,0,1.0463820695877075,-0.004279678221791983,15.007208824157715,0.5427426695823669,0.013681312091648579,-0.001156827318482101,0,-15,-1001,-1,2,-1,0.010320974513888359,-0.0010094244498759508,0.0010632413905113935,-0.0021022376604378223,63,3135,0.019924402236938477,12.312,28.76,17,6,10,1.21,831,0.0037814697716385126,8.833574247546494e-05,0.009401206858456135,1500,1500,1000,1500,1800,1000,1000,1800
1784593140.9134,7.5400,0.01962,50.97,378,574369,0.000,GUIDED,GUIDED,128,1.2325472089841325,0.030314367079771695,15.006731602648669,0.4999830166524603,-0.004023054711288736,-0.000893358772062958,nan,nan,nan,nan,nan,nan,nan,nan,nan,nan,0.10255208348032205,0.0034303901993935036,2.774603227482489e-06,0,0,1.0573996305465698,-0.004127727821469307,15.007183074951172,0.5418960452079773,0.0138815613463521,-0.0011556183453649282,0,-15,-1001,1,2,-1,0.010347126983106136,-0.0009664246463216841,0.0010423188796266913,-0.0021411743946373463,63,3135,0.01955556869506836,12.312,28.76,17,6,10,1.21,831,0.0037814697716385126,8.833574247546494e-05,0.009401206858456135,1500,1500,1000,1500,1800,1000,1000,1800
1784593140.9334,7.5600,0.02002,49.95,379,574389,0.000,GUIDED,GUIDED,128,1.2425469789860029,0.03023390510310861,15.006713735277273,0.4999830166524603,-0.004023054711288736,-0.000893358772062958,nan,nan,nan,nan,nan,nan,nan,nan,nan,nan,0.1026988043112936,0.003137289891460445,9.599921037662805e-06,0,0,1.068556785583496,-0.004079222213476896,15.007155418395996,0.5411431193351746,0.013976323418319225,-0.0011539071565493941,0,-15,-1000,-1,2,-1,0.010317523032426834,-0.0009414228261448443,0.0010191135806962848,-0.002085373504087329,63,3135,0.01995229721069336,12.312,28.76,17,6,10,1.21,831,0.0037814697716385126,8.833574247546494e-05,0.009401206858456135,1500,1500,1000,1500,1800,1000,1000,1800
1784593140.9534,7.5800,0.01997,50.07,380,574409,0.000,GUIDED,GUIDED,128,1.2525426960096995,0.03015347573825912,15.006695875147651,0.4999830166524603,-0.004023054711288736,-0.000893358772062958,nan,nan,nan,nan,nan,nan,nan,nan,nan,nan,0.10225664011896206,0.0032989705330031156,3.7678927997423454e-05,0,0,1.0799542665481567,-0.00423459755256772,15.007126808166504,0.5405890941619873,0.013926247134804726,-0.0011639120057225227,0,-14,-1000,1,1,-1,0.010346277616918087,-0.0008977135876193643,0.0010099796345457435,-0.0020315907895565033,63,3135,0.019911527633666992,12.312,28.76,17,6,10,1.21,831,0.0037814697716385126,8.833574247546494e-05,0.009401206858456135,1500,1500,1000,1500,1800,1000,1000,1800
1784593140.9734,7.6000,0.02001,49.97,381,574429,0.000,GUIDED,GUIDED,128,1.2625456845530607,0.03007298786397936,15.006678002025437,0.4999830166524603,-0.004023054711288736,-0.000893358772062958,nan,nan,nan,nan,nan,nan,nan,nan,nan,nan,0.1025394292138843,0.0029420845680301413,2.9085281567784534e-05,0,0,1.0910283327102661,-0.004157649353146553,15.007101058959961,0.5398074388504028,0.014041399583220482,-0.0011544032022356987,0,-15,-1001,-1,2,-1,0.010321540758013725,-0.0008534230291843414,0.0010073063895106316,-0.0019635208882391453,63,3135,0.01994609832763672,12.312,28.76,17,6,10,1.21,831,0.0037814697716385126,8.833574247546494e-05,0.009401206858456135,1500,1500,1000,1500,1800,1000,1000,1800
1784593140.9934,7.6200,0.02000,50.00,382,574449,0.000,GUIDED,GUIDED,128,1.2725448585287291,0.029992530683171217,15.006660135719008,0.4999830166524603,-0.004023054711288736,-0.000893358772062958,nan,nan,nan,nan,nan,nan,nan,nan,nan,nan,0.10225025014434477,0.002965696483709007,7.691036519401264e-05,0,0,1.102329969406128,-0.004254559520632029,15.007073402404785,0.5392224192619324,0.014037266373634338,-0.0011763626243919134,0,-14,-1000,2,2,-1,0.010365119203925133,-0.0007941686199046671,0.0010016636224463582,-0.001963858027011156,63,3135,0.019933462142944336,12.312,28.76,17,6,10,1.21,831,0.0037814697716385126,8.833574247546494e-05,0.009401206858456135,1500,1500,1000,1500,1800,1000,1000,1800
1784593141.0134,7.6400,0.02000,50.01,383,574469,0.000,GUIDED,GUIDED,128,1.2825449861463207,0.02991206582899517,15.006642267708633,0.4999830166524603,-0.004023054711288736,-0.000893358772062958,nan,nan,nan,nan,nan,nan,nan,nan,nan,nan,0.10260746864500885,0.0025750216901795075,0.00011448204183487948,0,0,1.1133441925048828,-0.004148500040173531,15.007047653198242,0.5384306907653809,0.014155132696032524,-0.001193504431284964,0,-14,-1000,-1,3,-1,0.010330240242183208,-0.0007384498021565378,0.0009953059488907456,-0.001890741172246635,63,3135,0.019933223724365234,12.312,28.76,17,6,10,1.21,831,0.0037814697716385126,8.833574247546494e-05,0.009401206858456135,1500,1500,1000,1500,1800,1000,1000,1800
1784593141.0334,7.6600,0.02000,49.99,384,574489,0.000,GUIDED,GUIDED,128,1.2925442793272295,0.029831607689016035,15.006624401189212,0.4999830166524603,-0.004023054711288736,-0.000893358772062958,nan,nan,nan,nan,nan,nan,nan,nan,nan,nan,0.10249378755285435,0.0025532839090595394,9.669798171602182e-05,0,0,1.124558925628662,-0.004194481763988733,15.007019996643066,0.5377945899963379,0.014147778041660786,-0.001177584519609809,0,-14,-1000,2,1,-1,0.010387049987912178,-0.0007019725162535906,0.000985916005447507,-0.0019123032689094543,63,3135,0.019937515258789062,12.312,28.76,17,6,10,1.21,831,0.0037814697716385126,8.833574247546494e-05,0.009401206858456135,1500,1500,1000,1500,1800,1000,1000,1800
1784593141.0534,7.6800,0.01999,50.01,385,574509,0.000,GUIDED,GUIDED,128,1.3025440493290998,0.029751145712352954,15.006606533817816,0.4999830166524603,-0.004023054711288736,-0.000893358772062958,nan,nan,nan,nan,nan,nan,nan,nan,nan,nan,0.10244514389571671,0.0024993747371740427,8.595914362738807e-05,0,0,1.1357240676879883,-0.004210080020129681,15.006990432739258,0.5371498465538025,0.014141453430056572,-0.0011646314524114132,0,-14,-1001,-1,1,0,0.010352220386266708,-0.0006827024626545608,0.0009776981314644217,-0.0018141975160688162,63,3135,0.019931316375732422,12.312,28.76,17,6,10,1.21,831,0.0037814697716385126,8.833574247546494e-05,0.009401206858456135,1500,1500,1000,1500,1800,1000,1000,1800
1784593141.0734,7.7000,0.02000,50.00,386,574529,0.000,GUIDED,GUIDED,128,1.31254083919996,0.029670707714964568,15.006588671771254,0.4999830166524603,-0.004023054711288736,-0.000893358772062958,nan,nan,nan,nan,nan,nan,nan,nan,nan,nan,0.10296847948601894,0.0020817958830283076,9.72949055326101e-05,0,0,1.1466509103775024,-0.004064655862748623,15.006964683532715,0.5363107323646545,0.014252141118049622,-0.0011666225036606193,0,-15,-1001,1,2,-1,0.01039714366197586,-0.0006373504875227809,0.0009639487252570689,-0.0018978272564709187,63,3135,0.019939422607421875,12.312,28.76,17,6,10,1.21,831,0.0037814697716385126,8.833574247546494e-05,0.009401206858456135,1500,1500,1000,1500,1800,1000,1000,1800
1784593141.0934,7.7200,0.01998,50.04,387,574549,0.000,GUIDED,GUIDED,128,1.3225406092018304,0.029590245738301484,15.006570804399859,0.4999830166524603,-0.004023054711288736,-0.000893358772062958,nan,nan,nan,nan,nan,nan,nan,nan,nan,nan,0.1030349274216974,0.001906116857267534,0.00014950970710918683,0,0,1.1577345132827759,-0.004035603255033493,15.006936073303223,0.5356466174125671,0.014290341176092625,-0.001190566341392696,0,-14,-1000,0,0,-1,0.010378124192357063,-0.0006355000659823418,0.0009479402797296643,-0.0018597973976284266,63,3135,0.019924163818359375,12.312,28.76,17,6,10,1.21,831,0.0037814697716385126,8.833574247546494e-05,0.009401206858456135,1500,1500,1000,1500,1800,1000,1000,1800
1784593141.1134,7.7400,0.02001,49.97,388,574569,0.000,GUIDED,GUIDED,128,1.3325428825137493,0.029509763619047655,15.006552932555604,0.4999830166524603,-0.004023054711288736,-0.000893358772062958,nan,nan,nan,nan,nan,nan,nan,nan,nan,nan,0.10357020333036676,0.0014547023967130465,0.00017269792098063174,0,0,1.1686069965362549,-0.003866872750222683,15.006909370422363,0.534835159778595,0.014407082460820675,-0.0011988554615527391,0,-14,-1001,0,2,0,0.010393654927611351,-0.000583057408221066,0.0009308059234172106,-0.001738326856866479,63,3135,0.019950389862060547,12.312,28.76,17,6,10,1.21,831,0.0037814697716385126,8.833574247546494e-05,0.009401206858456135,1500,1500,1000,1500,1800,1000,1000,1800
1784593141.1334,7.7601,0.02002,49.94,389,574589,0.000,GUIDED,GUIDED,128,1.3425440829785045,0.029429290132332715,15.00653506262829,0.4999830166524603,-0.004023054711288736,-0.000893358772062958,nan,nan,nan,nan,nan,nan,nan,nan,nan,nan,0.10378566426125044,0.0012476233411651272,0.00020791658229952402,0,0,1.1796162128448486,-0.003798508085310459,15.006880760192871,0.5341287851333618,0.014440707862377167,-0.0012129880487918854,0,-14,-1000,1,0,0,0.010407074354588985,-0.0005963937728665769,0.000910882547032088,-0.0016828636871650815,63,3135,0.019954204559326172,12.312,28.76,17,6,10,1.21,831,0.0037814697716385126,8.833574247546494e-05,0.009401206858456135,1500,1500,1000,1500,1800,1000,1000,1800
1784593141.1537,7.7800,0.02029,49.29,390,574609,0.000,GUIDED,GUIDED,128,1.35254242251749,0.029348839665721486,15.006517197812814,0.4999830166524603,-0.004023054711288736,-0.000893358772062958,nan,nan,nan,nan,nan,nan,nan,nan,nan,nan,0.10372788777752973,0.001504635241459433,0.0001298735917366444,0,0,1.1904797554016113,-0.003947463817894459,15.006854057312012,0.5336626172065735,0.014331873506307602,-0.0011628272477537394,0,-14,-1001,0,2,0,0.010404722765088081,-0.000544561306014657,0.0009026123443618417,-0.0016802321188151836,63,3135,0.02022075653076172,12.312,28.76,17,6,10,1.21,831,0.0042418185621500015,6.806832971051335e-05,0.00893491692841053,1500,1500,1000,1500,1800,1000,1000,1800
1784593141.1734,7.8000,0.01970,50.75,391,574629,0.000,GUIDED,GUIDED,128,1.3625424309298413,0.029268375770716427,15.006499330015432,0.4999830166524603,-0.004023054711288736,-0.000893358772062958,nan,nan,nan,nan,nan,nan,nan,nan,nan,nan,0.1039935740673459,0.0012520893663757193,9.881804095181602e-05,0,0,1.201439619064331,-0.003858411218971014,15.006828308105469,0.5329550504684448,0.01437981054186821,-0.001140346983447671,0,-14,-1001,2,0,0,0.0104440962895751,-0.0005431651370599866,0.0008957605459727347,-0.0017065752763301134,63,3135,0.01963520050048828,12.312,28.76,17,6,10,1.21,831,0.0042418185621500015,6.806832971051335e-05,0.00893491692841053,1500,1500,1000,1500,1800,1000,1000,1800
1784593141.1934,7.8200,0.01999,50.01,392,574649,0.000,GUIDED,GUIDED,128,1.3725419625212307,0.029187915712395318,15.006481463070024,0.4999830166524603,-0.004023054711288736,-0.000893358772062958,nan,nan,nan,nan,nan,nan,nan,nan,nan,nan,0.10371979096317285,0.0013996435925473852,0.00010661514128032187,0,0,1.2126482725143433,-0.0039404514245688915,15.00680160522461,0.5324150323867798,0.014295532368123531,-0.0011397472117096186,0,-14,-1001,0,1,0,0.010427020490169525,-0.0005025757127441466,0.0008881462854333222,-0.0016461273189634085,63,3135,0.01993083953857422,12.312,28.76,17,6,10,1.21,831,0.0042418185621500015,6.806832971051335e-05,0.00893491692841053,1500,1500,1000,1500,1800,1000,1000,1800
1784593141.2134,7.8400,0.02000,50.01,393,574669,0.000,GUIDED,GUIDED,128,1.3825414941126204,0.029107455654074212,15.006463596124615,0.4999830166524603,-0.004023054711288736,-0.000893358772062958,nan,nan,nan,nan,nan,nan,nan,nan,nan,nan,0.10403710918373998,0.001065890007890223,0.00011802337117842603,0,0,1.2235474586486816,-0.0038252342492341995,15.0067777633667,0.5317124128341675,0.014375250786542892,-0.0011428841389715672,0,-14,-1000,2,1,0,0.010473588481545448,-0.0004884544759988785,0.0008795605972409248,-0.0015757575165480375,63,3135,0.019934415817260742,12.312,28.76,17,6,10,1.21,831,0.0042418185621500015,6.806832971051335e-05,0.00893491692841053,1500,1500,1000,1500,1800,1000,1000,1800
1784593141.2334,7.8600,0.02000,50.00,394,574689,0.000,GUIDED,GUIDED,128,1.3925411449092504,0.029026994636582114,15.006445728966213,0.4999830166524603,-0.004023054711288736,-0.000893358772062958,nan,nan,nan,nan,nan,nan,nan,nan,nan,nan,0.10388330754254042,0.0011455701902486279,0.00013453132119528387,0,0,1.2346667051315308,-0.003859584452584386,15.006750106811523,0.5311548113822937,0.014302625320851803,-0.0011467630974948406,0,-14,-1000,-1,1,0,0.01043439656496048,-0.00044955979683436453,0.0008699453319422901,-0.0015522082103416324,63,3135,0.019936323165893555,12.312,28.76,17,6,10,1.21,831,0.0042418185621500015,6.806832971051335e-05,0.00893491692841053,1500,1500,1000,1500,1800,1000,1000,1800
1784593141.2534,7.8800,0.01999,50.04,395,574709,0.000,GUIDED,GUIDED,128,1.4025375771643893,0.028946559516706695,15.006427867558632,0.4999830166524603,-0.004023054711288736,-0.000893358772062958,nan,nan,nan,nan,nan,nan,nan,nan,nan,nan,0.10382747532433836,0.0011310009062922219,0.00018054435038963412,0,0,1.2457342147827148,-0.0038652285002171993,15.006722450256348,0.5305686593055725,0.014267856255173683,-0.0011676735011860728,0,-14,-1000,2,2,0,0.01048751175403595,-0.00042006224975921214,0.0008605842594988644,-0.0015279261860996485,63,3135,0.019925832748413086,12.312,28.76,17,6,10,1.21,831,0.0042418185621500015,6.806832971051335e-05,0.00893491692841053,1500,1500,1000,1500,1800,1000,1000,1800
1784593141.2734,7.9000,0.02000,50.01,396,574729,0.000,GUIDED,GUIDED,128,1.4125374663715002,0.02886609658087262,15.006409999974244,0.4999830166524603,-0.004023054711288736,-0.000893358772062958,nan,nan,nan,nan,nan,nan,nan,nan,nan,nan,0.10432253081416806,0.000814118713701309,0.00023759803941109412,0,0,1.256546974182129,-0.0037146583199501038,15.006696701049805,0.5298135280609131,0.014317421242594719,-0.0011960630072280765,0,-14,-1000,-1,0,0,0.01045029517263174,-0.0004028198018204421,0.0008491807384416461,-0.0014420464867725968,63,3135,0.01993846893310547,12.312,28.76,17,6,10,1.21,831,0.0042418185621500015,6.806832971051335e-05,0.00893491692841053,1500,1500,1000,1500,1800,1000,1000,1800
1784593141.2933,7.9200,0.02000,50.01,397,574749,0.000,GUIDED,GUIDED,128,1.4225368787576493,0.028785637481722505,15.006392133241828,0.4999830166524603,-0.004023054711288736,-0.000893358772062958,nan,nan,nan,nan,nan,nan,nan,nan,nan,nan,0.10443573181917264,0.0007868254193055257,0.00019416994383994674,0,0,1.267530918121338,-0.0036787940189242363,15.006669044494629,0.5291797518730164,0.014266019687056541,-0.0011653376277536154,0,-14,-1001,1,2,0,0.010492469184100628,-0.0003604002413339913,0.0008350682910531759,-0.001488730777055025,63,3135,0.01993846893310547,12.312,28.76,17,6,10,1.21,831,0.0042418185621500015,6.806832971051335e-05,0.00893491692841053,1500,1500,1000,1500,1800,1000,1000,1800
1784593141.3133,7.9400,0.02000,50.01,398,574769,0.000,GUIDED,GUIDED,128,1.4325365295542793,0.028705176464230407,15.006374266083427,0.4999830166524603,-0.004023054711288736,-0.000893358772062958,nan,nan,nan,nan,nan,nan,nan,nan,nan,nan,0.1049742673802509,0.00039877805249306786,0.0002142141461211963,0,0,1.2782886028289795,-0.0035078483633697033,15.006643295288086,0.5284311771392822,0.014344909228384495,-0.0011723594507202506,0,-14,-1000,1,0,0,0.010492163710296154,-0.00036077681579627097,0.0008189911022782326,-0.0014362195506691933,63,3135,0.01994013786315918,12.312,28.76,17,6,10,1.21,831,0.0042418185621500015,6.806832971051335e-05,0.00893491692841053,1500,1500,1000,1500,1800,1000,1000,1800
1784593141.3333,7.9600,0.02000,49.99,399,574789,0.000,GUIDED,GUIDED,128,1.44253641876139,0.028624713528396337,15.006356398499038,0.4999830166524603,-0.004023054711288736,-0.000893358772062958,nan,nan,nan,nan,nan,nan,nan,nan,nan,nan,0.10517036956385092,0.00026165808089251286,0.00023561822918372668,0,0,1.2891967296600342,-0.0034356636460870504,15.00661563873291,0.5277935862541199,0.014335944317281246,-0.0011790654389187694,0,-14,-1001,0,3,0,0.010497801005840302,-0.00030920992139726877,0.0008024198468774557,-0.0013811481185257435,63,3135,0.01994609832763672,12.312,28.76,17,6,10,1.21,831,0.0042418185621500015,6.806832971051335e-05,0.00893491692841053,1500,1500,1000,1500,1800,1000,1000,1800
1784593141.3533,7.9800,0.02000,50.00,400,574809,0.000,GUIDED,GUIDED,128,1.4525358311475394,0.028544254429246213,15.006338531766623,0.4999830166524603,-0.004023054711288736,-0.000893358772062958,nan,nan,nan,nan,nan,nan,nan,nan,nan,nan,0.10454824316556208,0.0006008635780981875,0.00025463154477082026,0,0,1.3004716634750366,-0.0035752637777477503,15.006587982177734,0.5274163484573364,0.014174249023199081,-0.0011843906249850988,0,-14,-1000,2,0,0,0.010533135384321213,-0.0003202611405868083,0.0007919738418422639,-0.0013441408518701792,63,3135,0.0199432373046875,12.312,28.76,17,6,10,1.21,831,0.0042418185621500015,6.806832971051335e-05,0.00893491692841053,1500,1500,1000,1500,1800,1000,1000,1800
1784593141.3734,8.0000,0.02003,49.92,401,574829,0.000,GUIDED,GUIDED,128,1.4625391773066219,0.028463763677453492,15.006320658005427,0.4999830166524603,-0.004023054711288736,-0.000893358772062958,nan,nan,nan,nan,nan,nan,nan,nan,nan,nan,0.10474669587898451,0.0004084754638261287,0.0002655928466247681,0,0,1.3113510608673096,-0.0034899115562438965,15.006562232971191,0.5267959833145142,0.014189574867486954,-0.0011861722450703382,0,-14,-1001,0,2,0,0.010527425445616245,-0.00027225163648836315,0.0007855836302042007,-0.001298028277233243,63,3135,0.019962549209594727,12.312,28.76,17,6,10,1.21,831,0.0042418185621500015,6.806832971051335e-05,0.00893491692841053,1500,1500,1000,1500,1800,1000,1000,1800
1784593141.3937,8.0200,0.02028,49.30,402,574849,0.000,GUIDED,GUIDED,128,1.4725364439984436,0.028383321843381156,15.006302795106892,0.4999830166524603,-0.004023054711288736,-0.000893358772062958,nan,nan,nan,nan,nan,nan,nan,nan,nan,nan,0.10432328537661617,0.0006440967370270195,0.00022156132341723456,0,0,1.3225191831588745,-0.0035762598272413015,15.006535530090332,0.5263644456863403,0.014056948944926262,-0.0011556468671187758,0,-14,-1001,2,0,0,0.010576698929071426,-0.000296224927296862,0.0007767029455862939,-0.0012868610210716724,63,3135,0.01992177963256836,12.312,28.76,17,6,10,1.21,831,0.006051794160157442,5.522438004845753e-05,0.008864960633218288,1500,1500,1000,1500,1800,1000,1000,1800
1784593141.4134,8.0400,0.01969,50.78,403,574869,0.000,GUIDED,GUIDED,128,1.4825351411531504,0.028302868499256964,15.006284929652438,0.4999830166524603,-0.004023054711288736,-0.000893358772062958,nan,nan,nan,nan,nan,nan,nan,nan,nan,nan,0.1046171334848025,0.0004582240761783693,0.00016532053633909824,0,0,1.3333361148834229,-0.003466694848611951,15.006511688232422,0.5257223844528198,0.0140545554459095,-0.0011197257554158568,0,-14,-1001,-1,2,0,0.010546820238232613,-0.0002545312454458326,0.0007669651531614363,-0.0013104869285598397,63,3135,0.01963067054748535,12.312,28.76,17,6,10,1.21,831,0.006051794160157442,5.522438004845753e-05,0.008864960633218288,1500,1500,1000,1500,1800,1000,1000,1800
1784593141.4334,8.0600,0.02004,49.91,404,574889,0.000,GUIDED,GUIDED,128,1.4925343151288188,0.02822241131844882,15.006267063346009,0.4999830166524603,-0.004023054711288736,-0.000893358772062958,nan,nan,nan,nan,nan,nan,nan,nan,nan,nan,0.10434095760993606,0.0005340609036073307,0.0001733616518096376,0,0,1.3444081544876099,-0.00350756524130702,15.006484985351562,0.5252624154090881,0.013987915590405464,-0.0011192664969712496,0,-14,-1001,2,0,0,0.010596235282719135,-0.000279905361821875,0.0007554450421594083,-0.001292123575694859,63,3135,0.019933462142944336,12.312,28.76,17,6,10,1.21,831,0.006051794160157442,5.522438004845753e-05,0.008864960633218288,1500,1500,1000,1500,1800,1000,1000,1800
1784593141.4534,8.0800,0.02004,49.89,405,574909,0.000,GUIDED,GUIDED,128,1.5025377804931417,0.028141919607485112,15.00624918937182,0.4999830166524603,-0.004023054711288736,-0.000893358772062958,nan,nan,nan,nan,nan,nan,nan,nan,nan,nan,0.10417575953988102,0.0005933253659186934,0.0001770631247945012,0,0,1.355424404144287,-0.0035198673140257597,15.006458282470703,0.5247730612754822,0.013914329931139946,-0.0011163061717525125,0,-14,-1001,-1,3,0,0.010562106966972351,-0.00021702481899410486,0.000745702360291034,-0.0012524772901088,63,3135,0.01996922492980957,12.312,28.76,17,6,10,1.21,831,0.006051794160157442,5.522438004845753e-05,0.008864960633218288,1500,1500,1000,1500,1800,1000,1000,1800
1784593141.4734,8.1001,0.02000,50.00,406,574929,0.000,GUIDED,GUIDED,128,1.5125411266522242,0.02806142885569239,15.006231315610625,0.4999830166524603,-0.004023054711288736,-0.000893358772062958,nan,nan,nan,nan,nan,nan,nan,nan,nan,nan,0.1046510425528714,0.00033018869105703313,0.00015797859947517287,0,0,1.3661524057388306,-0.0033767358399927616,15.006434440612793,0.5240802764892578,0.013937143608927727,-0.0011018420336768031,0,-14,-1001,2,0,0,0.010617372579872608,-0.00023839280765969306,0.0007331183878704906,-0.0012266504345461726,63,3135,0.019917964935302734,12.312,28.76,17,6,10,1.21,831,0.006051794160157442,5.522438004845753e-05,0.008864960633218288,1500,1500,1000,1500,1800,1000,1000,1800
1784593141.4934,8.1201,0.02000,50.00,407,574949,0.000,GUIDED,GUIDED,128,1.5225406582436138,0.027980968797371282,15.006213448665218,0.4999830166524603,-0.004023054711288736,-0.000893358772062958,nan,nan,nan,nan,nan,nan,nan,nan,nan,nan,0.1046451798087076,0.00032603845239035506,0.00014213843952835906,0,0,1.3770804405212402,-0.003348687896504998,15.00640869140625,0.5235475897789001,0.013876892626285553,-0.001088145887479186,0,-14,-1001,0,2,0,0.010589130222797394,-0.0001797193253878504,0.0007221451960504055,-0.0011263792403042316,63,3135,0.01991724967956543,12.312,28.76,17,6,10,1.21,831,0.006051794160157442,5.522438004845753e-05,0.008864960633218288,1500,1500,1000,1500,1800,1000,1000,1800
1784593141.5134,8.1401,0.02000,50.00,408,574969,0.000,GUIDED,GUIDED,128,1.5325407858612055,0.027900503943195237,15.006195580654841,0.4999830166524603,-0.004023054711288736,-0.000893358772062958,nan,nan,nan,nan,nan,nan,nan,nan,nan,nan,0.10518155509133637,3.3426767552663383e-06,0.00017906615667039754,0,0,1.3877530097961426,-0.0031861294992268085,15.006383895874023,0.5228496789932251,0.013922891579568386,-0.001105466508306563,0,-14,-1001,1,0,0,0.010625599883496761,-0.00020589958876371384,0.0007074840250425041,-0.0011446389835327864,63,3135,0.019916057586669922,12.312,28.76,17,6,10,1.21,831,0.006051794160157442,5.522438004845753e-05,0.008864960633218288,1500,1500,1000,1500,1800,1000,1000,1800
1784593141.5334,8.1600,0.01996,50.10,409,574989,0.000,GUIDED,GUIDED,128,1.5425363836796615,0.02782007553751673,15.006177720738213,0.4999830166524603,-0.004023054711288736,-0.000893358772062958,nan,nan,nan,nan,nan,nan,nan,nan,nan,nan,0.10528541965558044,-9.693050916856696e-05,0.00021353789045222216,0,0,1.3986009359359741,-0.0031226149294525385,15.00635814666748,0.5222976207733154,0.013897678814828396,-0.0011208138894289732,0,-14,-1000,0,1,0,0.010619226843118668,-0.00017060607206076384,0.0006937558646313846,-0.0010768782813102007,63,3135,0.01989150047302246,12.312,28.76,17,6,10,1.21,831,0.006051794160157442,5.522438004845753e-05,0.008864960633218288,1500,1500,1000,1500,1800,1000,1000,1800
1784593141.5534,8.1800,0.01998,50.04,410,575009,0.000,GUIDED,GUIDED,128,1.5525238755417703,0.0277397123554654,15.006159875305132,0.4999830166524603,-0.004023054711288736,-0.000893358772062958,nan,nan,nan,nan,nan,nan,nan,nan,nan,nan,0.10462249996695651,0.0002590886193143266,0.00022338961152063922,0,0,1.4097977876663208,-0.0032700139563530684,15.006331443786621,0.5219821333885193,0.013730834238231182,-0.0011213879333809018,0,-14,-1000,0,0,0,0.010624617338180542,-0.00018519374134484679,0.000683404563460499,-0.001063512172549963,63,3135,0.019904613494873047,12.312,28.76,17,6,10,1.21,831,0.006051794160157442,5.522438004845753e-05,0.008864960633218288,1500,1500,1000,1500,1800,1000,1000,1800
1784593141.5735,8.2001,0.02008,49.81,411,575029,0.000,GUIDED,GUIDED,128,1.5625422415611439,0.027659100748128204,15.006141974706777,0.4999830166524603,-0.004023054711288736,-0.000893358772062958,nan,nan,nan,nan,nan,nan,nan,nan,nan,nan,0.10449084911640623,0.00010361202468747374,0.0002481123030443123,0,0,1.4210177659988403,-0.003181878011673689,15.006306648254395,0.5213643908500671,0.01372317224740982,-0.0011316807940602303,0,-14,-1000,1,0,0,0.010637979954481125,-0.00015549831732641906,0.0006744404090568423,-0.0010362553875893354,63,3135,0.01999378204345703,12.312,28.76,17,6,10,1.21,831,0.006051794160157442,5.522438004845753e-05,0.008864960633218288,1500,1500,1000,1500,1800,1000,1000,1800
1784593141.5934,8.2201,0.01992,50.20,412,575049,0.000,GUIDED,GUIDED,128,1.572536408916715,0.027578683852501548,15.006124117346069,0.4999830166524603,-0.004023054711288736,-0.000893358772062958,nan,nan,nan,nan,nan,nan,nan,nan,nan,nan,0.10408588843631658,0.00037290826346843275,0.0002166804486835429,0,0,1.4321051836013794,-0.0032773814164102077,15.006280899047852,0.5209670066833496,0.013576404191553593,-0.0011089772451668978,0,-14,-1001,0,0,0,0.010632731951773167,-0.00015819001419004053,0.0006648879498243332,-0.001047181081958115,63,3135,0.019854307174682617,12.312,28.76,17,6,10,1.21,831,0.006051794160157442,5.522438004845753e-05,0.008864960633218288,1500,1500,1000,1500,1800,1000,1000,1800
1784593141.6134,8.2400,0.01998,50.05,413,575069,0.000,GUIDED,GUIDED,128,1.5825314107089694,0.027498260242677985,15.006106258494405,0.4999830166524603,-0.004023054711288736,-0.000893358772062958,nan,nan,nan,nan,nan,nan,nan,nan,nan,nan,0.10441513519599979,0.0001101608687190253,0.00012350732798281029,0,0,1.442827582359314,-0.0031768239568918943,15.006257057189941,0.5203569531440735,0.013623612001538277,-0.0010517294285818934,0,-14,-1001,1,0,0,0.010656869038939476,-0.00014507179730571806,0.0006562339258380234,-0.0009276500204578042,63,3135,0.01991724967956543,12.312,28.76,17,6,10,1.21,831,0.006051794160157442,5.522438004845753e-05,0.008864960633218288,1500,1500,1000,1500,1800,1000,1000,1800
1784593141.6334,8.2600,0.02000,49.99,414,575089,0.000,GUIDED,GUIDED,128,1.5925309423003589,0.027417800184356876,15.006088391548998,0.4999830166524603,-0.004023054711288736,-0.000893358772062958,nan,nan,nan,nan,nan,nan,nan,nan,nan,nan,0.10414229291173166,0.000271187251943205,0.00013284353347925077,0,0,1.453816533088684,-0.0032262210734188557,15.006233215332031,0.5199432373046875,0.013512709178030491,-0.0010536700719967484,0,-14,-1001,-1,0,0,0.010636410675942898,-0.00014941974950488657,0.0006475716363638639,-0.0008887849398888648,63,3135,0.019936323165893555,12.312,28.76,17,6,10,1.21,831,0.006051794160157442,5.522438004845753e-05,0.008864960633218288,1500,1500,1000,1500,1800,1000,1000,1800
1784593141.6537,8.2800,0.02029,49.28,415,575109,0.000,GUIDED,GUIDED,128,1.6025310699179505,0.027337335330180828,15.006070523538622,0.4999830166524603,-0.004023054711288736,-0.000893358772062958,nan,nan,nan,nan,nan,nan,nan,nan,nan,nan,0.10398850337962551,0.00036367643532420404,0.00014727982496370696,0,0,1.4647481441497803,-0.00324805686250329,15.006208419799805,0.5194942355155945,0.013425461016595364,-0.0010580052621662617,0,-14,-1000,2,1,0,0.010671621188521385,-0.00012053232057951391,0.0006390077760443091,-0.0008948472095653415,63,3135,0.020230531692504883,12.312,28.76,17,6,10,1.21,831,0.005763196852058172,3.650791404652409e-05,0.008711989037692547,1500,1500,1000,1500,1800,1000,1000,1800
1784593141.6734,8.3000,0.01970,50.76,416,575129,0.000,GUIDED,GUIDED,128,1.6125303630988592,0.027256877190201697,15.0060526570192,0.4999830166524603,-0.004023054711288736,-0.000893358772062958,nan,nan,nan,nan,nan,nan,nan,nan,nan,nan,0.10441568126432409,0.00011232224888661768,0.00012978808501812536,0,0,1.4753811359405518,-0.00311439111828804,15.006185531616211,0.5188817381858826,0.013446955941617489,-0.001045007142238319,0,-14,-1001,-1,0,0,0.010639935731887817,-0.000128261381178163,0.0006297928048297763,-0.0008211445529013872,63,3135,0.019641876220703125,12.312,28.76,17,6,10,1.21,831,0.005763196852058172,3.650791404652409e-05,0.008711989037692547,1500,1500,1000,1500,1800,1000,1000,1800
1784593141.6934,8.3200,0.02000,50.00,417,575149,0.000,GUIDED,GUIDED,128,1.6225309675374124,0.0271764084993417,15.006034788156851,0.4999830166524603,-0.004023054711288736,-0.000893358772062958,nan,nan,nan,nan,nan,nan,nan,nan,nan,nan,0.10401995865182634,0.00013820086317310395,0.0001758897785498907,0,0,1.4866541624069214,-0.0030836008954793215,15.006159782409668,0.51837557554245,0.013367779552936554,-0.0010670742485672235,0,-14,-1000,2,0,0,0.010676400735974312,-0.00011333481234032661,0.0006192321889102459,-0.0008106212480925024,63,3135,0.019939184188842773,12.312,28.76,17,6,10,1.21,831,0.005763196852058172,3.650791404652409e-05,0.008711989037692547,1500,1500,1000,1500,1800,1000,1000,1800
1784593141.7133,8.3400,0.02000,50.01,418,575169,0.000,GUIDED,GUIDED,128,1.6325299031026,0.02709595323687553,15.00601692227641,0.4999830166524603,-0.004023054711288736,-0.000893358772062958,nan,nan,nan,nan,nan,nan,nan,nan,nan,nan,0.10414053083223679,8.593278684679295e-05,0.00017951116793903752,0,0,1.497442364692688,-0.0030390615575015545,15.006134986877441,0.5178502798080444,0.013325790874660015,-0.001065164222382009,0,-14,-1000,-1,1,0,0.01064841914921999,-9.958673763321713e-05,0.00060841633239761,-0.0008054099744185805,63,3135,0.01993727684020996,12.312,28.76,17,6,10,1.21,831,0.005763196852058172,3.650791404652409e-05,0.008711989037692547,1500,1500,1000,1500,1800,1000,1000,1800
1784593141.7334,8.3600,0.02001,49.97,419,575189,0.000,GUIDED,GUIDED,128,1.6425188254275935,0.027015578544772344,15.005999074287407,0.4999830166524603,-0.004023054711288736,-0.000893358772062958,nan,nan,nan,nan,nan,nan,nan,nan,nan,nan,0.10470256249857253,-0.00023937600103145565,0.00018097512422488442,0,0,1.5079892873764038,-0.0028745403978973627,15.006112098693848,0.5172036290168762,0.013372217305004597,-0.0010630994802340865,0,-14,-1001,2,0,0,0.010683530010282993,-0.0001194763754028827,0.0005958891124464571,-0.000800864479970187,63,3135,0.019941091537475586,12.312,28.76,17,6,10,1.21,831,0.005763196852058172,3.650791404652409e-05,0.008711989037692547,1500,1500,1000,1500,1800,1000,1000,1800
1784593141.7534,8.3800,0.02004,49.89,420,575209,0.000,GUIDED,GUIDED,128,1.652533019263553,0.026935000508419724,15.00598118114382,0.4999830166524603,-0.004023054711288736,-0.000893358772062958,nan,nan,nan,nan,nan,nan,nan,nan,nan,nan,0.1045849848396544,-7.298969422440613e-05,0.00015228006908918202,0,0,1.5188711881637573,-0.0029233808163553476,15.006087303161621,0.5167705416679382,0.013257830403745174,-0.0010425472864881158,0,-14,-1001,0,1,0,0.010656902566552162,-9.220935316989198e-05,0.0005852484609931707,-0.0007606482831761241,63,3135,0.01996469497680664,12.312,28.76,17,6,10,1.21,831,0.005763196852058172,3.650791404652409e-05,0.008711989037692547,1500,1500,1000,1500,1800,1000,1000,1800
1784593141.7734,8.4000,0.01996,50.10,421,575229,0.000,GUIDED,GUIDED,128,1.6625315972130192,0.02685454812346652,15.005963315902358,0.4999830166524603,-0.004023054711288736,-0.000893358772062958,nan,nan,nan,nan,nan,nan,nan,nan,nan,nan,0.10485728981779738,-0.00020789840834155998,0.00019371406130832465,0,0,1.529535174369812,-0.0028654385823756456,15.006064414978027,0.5162291526794434,0.01325581781566143,-0.0010635692160576582,0,-14,-1000,2,-1,0,0.010696168057620525,-0.00012108427472412586,0.0005763792432844639,-0.0007452728459611535,63,3135,0.0198974609375,12.312,28.76,17,6,10,1.21,831,0.005763196852058172,3.650791404652409e-05,0.008711989037692547,1500,1500,1000,1500,1800,1000,1000,1800
1784593141.7934,8.4200,0.01999,50.01,422,575249,0.000,GUIDED,GUIDED,128,1.6725313672148896,0.026774086146803436,15.005945448530964,0.4999830166524603,-0.004023054711288736,-0.000893358772062958,nan,nan,nan,nan,nan,nan,nan,nan,nan,nan,0.10451713289600993,0.0001445509736184014,0.00014241805411209304,0,0,1.5404858589172363,-0.002988165710121393,15.0060396194458,0.5158765316009521,0.013076732866466045,-0.001029953476972878,0,-14,-1001,-1,2,0,0.010671441443264484,-8.130154310492799e-05,0.0005667145596817136,-0.0007684173760935664,63,3135,0.019934415817260742,12.312,28.76,17,6,10,1.21,831,0.005763196852058172,3.650791404652409e-05,0.008711989037692547,1500,1500,1000,1500,1800,1000,1000,1800
1784593141.8134,8.4400,0.02003,49.94,423,575269,0.000,GUIDED,GUIDED,128,1.6825316140377216,0.026693620333456403,15.005927580307596,0.4999830166524603,-0.004023054711288736,-0.000893358772062958,nan,nan,nan,nan,nan,nan,nan,nan,nan,nan,0.10430155171196018,0.0004037645451937452,0.00018590569451080942,0,0,1.551374077796936,-0.003077777801081538,15.00601577758789,0.51548832654953,0.01293235644698143,-0.0010516121983528137,0,-14,-1000,2,-1,0,0.010709647089242935,-0.00011838374484796077,0.0005577912088483572,-0.0006902635795995593,63,3135,0.019953489303588867,12.312,28.76,17,6,10,1.21,831,0.005763196852058172,3.650791404652409e-05,0.008711989037692547,1500,1500,1000,1500,1800,1000,1000,1800
1784593141.8334,8.4600,0.01997,50.09,424,575289,0.000,GUIDED,GUIDED,128,1.6925304303976687,0.02661316603016122,15.005909714640147,0.4999830166524603,-0.004023054711288736,-0.000893358772062958,nan,nan,nan,nan,nan,nan,nan,nan,nan,nan,0.10467490848417424,0.00020656443517598835,0.00021762457957063468,0,0,1.5619451999664307,-0.0029817151371389627,15.005992889404297,0.5149423480033875,0.01294429786503315,-0.0010670253541320562,0,-14,-1000,-1,1,0,0.010682763531804085,-8.541879651602358e-05,0.0005496980156749487,-0.0006348563474602997,63,3135,0.019909143447875977,12.312,28.76,17,6,10,1.21,831,0.005763196852058172,3.650791404652409e-05,0.008711989037692547,1500,1500,1000,1500,1800,1000,1000,1800
1784593141.8534,8.4800,0.02004,49.89,425,575309,0.000,GUIDED,GUIDED,128,1.7025311540414625,0.026532696380130234,15.005891845564804,0.4999830166524603,-0.004023054711288736,-0.000893358772062958,nan,nan,nan,nan,nan,nan,nan,nan,nan,nan,0.10458322095315238,0.0003456287629078035,0.00021932157431885427,0,0,1.5727483034133911,-0.003029939718544483,15.00596809387207,0.5145320296287537,0.01284539233893156,-0.0010640061227604747,0,-14,-1001,2,-1,0,0.010720517486333847,-0.0001223453728016466,0.0005406744894571602,-0.0006322109838947654,63,3135,0.019967079162597656,12.312,28.76,17,6,10,1.21,831,0.005763196852058172,3.650791404652409e-05,0.008711989037692547,1500,1500,1000,1500,1800,1000,1000,1800
1784593141.8734,8.5001,0.02004,49.90,426,575329,0.000,GUIDED,GUIDED,128,1.712534500200545,0.026452205628337513,15.00587397180361,0.4999830166524603,-0.004023054711288736,-0.000893358772062958,nan,nan,nan,nan,nan,nan,nan,nan,nan,nan,0.10507486602845242,0.0001244753692788425,0.0002114076210196754,0,0,1.583268642425537,-0.002915172139182687,15.005945205688477,0.5139496922492981,0.012860342860221863,-0.001056541921570897,0,-14,-1001,-1,1,0,0.010683029890060425,-8.966945460997522e-05,0.0005323796067386866,-0.0006309611489996314,63,3135,0.0199582576751709,12.312,28.76,17,6,10,1.21,831,0.005763196852058172,3.650791404652409e-05,0.008711989037692547,1500,1500,1000,1500,1800,1000,1000,1800
1784593141.8937,8.5201,0.02026,49.36,427,575349,0.000,GUIDED,GUIDED,128,1.7225361774862618,0.026371728304938623,15.005856101024321,0.4999830166524603,-0.004023054711288736,-0.000893358772062958,nan,nan,nan,nan,nan,nan,nan,nan,nan,nan,0.10512274838075893,0.00011422454094444853,0.00020393527251468018,0,0,1.593987226486206,-0.0029218716081231833,15.00592041015625,0.513508141040802,0.012823665514588356,-0.0010482297511771321,0,-14,-1001,2,-1,0,0.010724296793341637,-0.0001274237292818725,0.0005238151643425226,-0.0005971899954602122,63,3135,0.019907712936401367,12.312,28.76,17,6,10,1.21,831,0.004266648553311825,2.5359397113788873e-05,0.008778650313615799,1500,1500,1000,1500,1800,1000,1000,1800
1784593141.9134,8.5401,0.01974,50.65,428,575369,0.000,GUIDED,GUIDED,128,1.7325334441780837,0.026291286470866287,15.005838238125786,0.4999830166524603,-0.004023054711288736,-0.000893358772062958,nan,nan,nan,nan,nan,nan,nan,nan,nan,nan,0.10526870114149309,9.768881280266054e-05,0.00018283475219650576,0,0,1.6046559810638428,-0.002902190200984478,15.00589656829834,0.5130361914634705,0.012775406241416931,-0.0010325954062864184,0,-14,-1001,-1,1,0,0.010681946761906147,-9.566310473019257e-05,0.0005161328590475023,-0.0005220797611400485,63,3135,0.019657135009765625,12.312,28.76,17,6,10,1.21,831,0.004266648553311825,2.5359397113788873e-05,0.008778650313615799,1500,1500,1000,1500,1800,1000,1000,1800
1784593141.9334,8.5601,0.01998,50.04,429,575389,0.000,GUIDED,GUIDED,128,1.7425311876908671,0.026210840800109998,15.005820374375277,0.4999830166524603,-0.004023054711288736,-0.000893358772062958,nan,nan,nan,nan,nan,nan,nan,nan,nan,nan,0.10588678106445054,-0.00018451223246234577,0.00018706016673722376,0,0,1.6150962114334106,-0.002755418885499239,15.005874633789062,0.5124238729476929,0.012807151302695274,-0.0010326846968382597,0,-14,-1001,1,-1,0,0.010720298625528812,-0.00013493357982952148,0.0005075157387182117,-0.0005168234929442406,63,3135,0.019912242889404297,12.312,28.76,17,6,10,1.21,831,0.004266648553311825,2.5359397113788873e-05,0.008778650313615799,1500,1500,1000,1500,1800,1000,1000,1800
1784593141.9534,8.5800,0.01999,50.02,430,575409,0.000,GUIDED,GUIDED,128,1.7525213020682646,0.026130456516296932,15.005802524256342,0.4999830166524603,-0.004023054711288736,-0.000893358772062958,nan,nan,nan,nan,nan,nan,nan,nan,nan,nan,0.10583504735248014,-3.1404482330049666e-06,0.00022266287122093604,0,0,1.625823974609375,-0.0028236338403075933,15.005849838256836,0.5120278596878052,0.012695410288870335,-0.0010492299916222692,0,-14,-1000,0,1,0,0.010686184279620647,-0.00010348523937864229,0.0005010875756852329,-0.0004649608745239675,63,3135,0.019910812377929688,12.312,28.76,17,6,10,1.21,831,0.004266648553311825,2.5359397113788873e-05,0.008778650313615799,1500,1500,1000,1500,1800,1000,1000,1800
1784593141.9734,8.6001,0.02002,49.94,431,575429,0.000,GUIDED,GUIDED,128,1.7625323965679736,0.02604990341839,15.005784636650581,0.4999830166524603,-0.004023054711288736,-0.000893358772062958,nan,nan,nan,nan,nan,nan,nan,nan,nan,nan,0.10623895163127957,-6.653698339218611e-05,0.00019066590608587776,0,0,1.6363465785980225,-0.0027789119631052017,15.005827903747559,0.5114993453025818,0.012659684754908085,-0.0010284200543537736,0,-14,-1001,1,-1,0,0.010729217901825905,-0.00013876592856831849,0.0004920481005683541,-0.0005121543072164059,63,3135,0.019939184188842773,12.312,28.76,17,6,10,1.21,831,0.004266648553311825,2.5359397113788873e-05,0.008778650313615799,1500,1500,1000,1500,1800,1000,1000,1800
1784593141.9934,8.6201,0.02001,49.99,432,575449,0.000,GUIDED,GUIDED,128,1.7725346698798925,0.025969421299136167,15.005766764806326,0.4999830166524603,-0.004023054711288736,-0.000893358772062958,nan,nan,nan,nan,nan,nan,nan,nan,nan,nan,0.10606393778035499,0.0002430249587727154,0.00010244487755882285,0,0,1.6471151113510132,-0.002916678786277771,15.005805015563965,0.5111579895019531,0.012514032423496246,-0.0009745894349180162,0,-14,-1001,-1,2,0,0.010692163370549679,-9.30571259232238e-05,0.00048498070100322366,-0.00047051580622792244,63,3135,0.01992058753967285,12.312,28.76,17,6,10,1.21,831,0.004266648553311825,2.5359397113788873e-05,0.008778650313615799,1500,1500,1000,1500,1800,1000,1000,1800
1784593142.0134,8.6401,0.01999,50.02,433,575469,0.000,GUIDED,GUIDED,128,1.782531817366474,0.02588898042423482,15.005748902120784,0.4999830166524603,-0.004023054711288736,-0.000893358772062958,nan,nan,nan,nan,nan,nan,nan,nan,nan,nan,0.10605603341150531,0.00048823553528239486,8.874019043633057e-05,0,0,1.6578271389007568,-0.003020358271896839,15.005782127380371,0.5107498168945312,0.012385876849293709,-0.0009637755574658513,0,-14,-1001,1,-1,0,0.010728884488344193,-0.00013231969205662608,0.00047744595212861896,-0.00038872312870807946,63,3135,0.019910335540771484,12.312,28.76,17,6,10,1.21,831,0.004266648553311825,2.5359397113788873e-05,0.008778650313615799,1500,1500,1000,1500,1800,1000,1000,1800
1784593142.0334,8.6601,0.02000,50.00,434,575489,0.000,GUIDED,GUIDED,128,1.792531468163104,0.025808519406742725,15.005731034962382,0.4999830166524603,-0.004023054711288736,-0.000893358772062958,nan,nan,nan,nan,nan,nan,nan,nan,nan,nan,0.10661800300215182,0.0003129911919842118,5.4166755557555936e-05,0,0,1.6682642698287964,-0.0029365327209234238,15.00576114654541,0.5101727843284607,0.012392203323543072,-0.0009420168935321271,0,-14,-1001,0,2,0,0.010697321966290474,-8.941057603806257e-05,0.0004697106487583369,-0.00043046046630479395,63,3135,0.019917964935302734,12.312,28.76,17,6,10,1.21,831,0.004266648553311825,2.5359397113788873e-05,0.008778650313615799,1500,1500,1000,1500,1800,1000,1000,1800
1784593142.0534,8.6801,0.02000,50.00,435,575509,0.000,GUIDED,GUIDED,128,1.802530880549253,0.0257280603075926,15.005713168229967,0.4999830166524603,-0.004023054711288736,-0.000893358772062958,nan,nan,nan,nan,nan,nan,nan,nan,nan,nan,0.10671445963428731,0.00048760427864554326,2.913968839022417e-05,0,0,1.6788992881774902,-0.002998759038746357,15.005739212036133,0.5097501277923584,0.012280863709747791,-0.0009252189774997532,0,-14,-1001,0,-1,0,0.010725929401814938,-0.0001276157418033108,0.0004637639212887734,-0.000341201841365546,63,3135,0.019916534423828125,12.312,28.76,17,6,10,1.21,831,0.004266648553311825,2.5359397113788873e-05,0.008778650313615799,1500,1500,1000,1500,1800,1000,1000,1800
1784593142.0735,8.7001,0.02001,49.96,436,575529,0.000,GUIDED,GUIDED,128,1.8125310081668446,0.025647595453416556,15.00569530021959,0.4999830166524603,-0.004023054711288736,-0.000893358772062958,nan,nan,nan,nan,nan,nan,nan,nan,nan,nan,0.10729127459486408,0.0002821317806095888,-2.034321466078277e-05,0,0,1.6892900466918945,-0.0028967864345759153,15.005720138549805,0.5091915726661682,0.0122941629961133,-0.0008959540282376111,0,-14,-1001,0,1,0,0.010720889084041119,-8.378572965739295e-05,0.0004582458350341767,-0.00033412041375413537,63,3135,0.01993107795715332,12.312,28.76,17,6,10,1.21,831,0.004266648553311825,2.5359397113788873e-05,0.008778650313615799,1500,1500,1000,1500,1800,1000,1000,1800
1784593142.0934,8.7201,0.01995,50.13,437,575549,0.000,GUIDED,GUIDED,128,1.8225316126053979,0.025567126762556555,15.005677431357244,0.4999830166524603,-0.004023054711288736,-0.000893358772062958,nan,nan,nan,nan,nan,nan,nan,nan,nan,nan,0.10750085039995835,0.00037879142360779106,-2.8074236678747953e-06,0,0,1.6998486518859863,-0.0029179539997130632,15.005699157714844,0.5087484121322632,0.012204119004309177,-0.0009042816236615181,0,-14,-1000,0,0,0,0.01073202770203352,-0.00010421611659694463,0.0004531650629360229,-0.00027129886439070106,63,3135,0.019881725311279297,12.312,28.76,17,6,10,1.21,831,0.004266648553311825,2.5359397113788873e-05,0.008778650313615799,1500,1500,1000,1500,1800,1000,1000,1800
1784593142.1134,8.7401,0.02003,49.92,438,575569,0.000,GUIDED,GUIDED,128,1.8325297137339025,0.025486678214287302,15.005659566967754,0.4999830166524603,-0.004023054711288736,-0.000893358772062958,nan,nan,nan,nan,nan,nan,nan,nan,nan,nan,0.10782491769962659,0.0003704160193994527,3.5621148866768566e-05,0,0,1.7103615999221802,-0.0029130936600267887,15.005678176879883,0.5082640647888184,0.012159701436758041,-0.0009246690897271037,0,-14,-1000,0,0,0,0.010724418796598911,-8.915503713069484e-05,0.00044850571430288255,-0.0002482167328707874,63,3135,0.019950151443481445,12.312,28.76,17,6,10,1.21,831,0.004266648553311825,2.5359397113788873e-05,0.008778650313615799,1500,1500,1000,1500,1800,1000,1000,1800
1784593142.1334,8.7601,0.02000,50.00,439,575589,0.000,GUIDED,GUIDED,128,1.8425299605567347,0.02540621240094027,15.005641698744386,0.4999830166524603,-0.004023054711288736,-0.000893358772062958,nan,nan,nan,nan,nan,nan,nan,nan,nan,nan,0.1085390073321794,9.63428810299427e-05,8.378725469909102e-05,0,0,1.7206779718399048,-0.0027796290814876556,15.005658149719238,0.5076692700386047,0.012194424867630005,-0.0009512313408777118,0,-14,-1000,0,1,0,0.010717391967773438,-7.739544525975361e-05,0.0004422908532433212,-0.0003239014185965061,63,3135,0.019918203353881836,12.312,28.76,17,6,10,1.21,831,0.004266648553311825,2.5359397113788873e-05,0.008778650313615799,1500,1500,1000,1500,1800,1000,1000,1800
1784593142.1538,8.7800,0.02034,49.17,440,575609,0.000,GUIDED,GUIDED,128,1.852517690829324,0.025325847300546964,15.005623852885318,0.4999830166524603,-0.004023054711288736,-0.000893358772062958,nan,nan,nan,nan,nan,nan,nan,nan,nan,nan,0.1085696953979747,0.00034147485887437573,9.003775870788946e-05,0,0,1.7312774658203125,-0.002863943809643388,15.005636215209961,0.5072983503341675,0.012055178172886372,-0.0009524794877506793,0,-13,-1000,1,-1,0,0.010728852823376656,-9.966235666070133e-05,0.00043787690810859203,-0.00022912968415766954,63,3135,0.020269393920898438,12.312,28.76,17,6,10,1.21,831,0.0037292642518877983,8.80747120390879e-06,0.008439545519649982,1500,1500,1000,1500,1800,1000,1000,1800
1784593142.1734,8.8000,0.01963,50.95,441,575629,0.000,GUIDED,GUIDED,128,1.8625225866565318,0.0252453440795314,15.00560597635521,0.4999830166524603,-0.004023054711288736,-0.000893358772062958,nan,nan,nan,nan,nan,nan,nan,nan,nan,nan,0.10903656532556028,0.0002812885528261644,3.7847684805586944e-05,0,0,1.7416999340057373,-0.002834753133356571,15.005615234375,0.5067877173423767,0.012026594951748848,-0.0009205552632920444,0,-14,-1001,0,2,0,0.010729977861046791,-5.494013021234423e-05,0.0004296913102734834,-0.0002562754671089351,63,3135,0.01954936981201172,12.312,28.76,17,6,10,1.21,831,0.0037292642518877983,8.80747120390879e-06,0.008439545519649982,1500,1500,1000,1500,1800,1000,1000,1800
1784593142.1934,8.8201,0.02000,49.99,442,575649,0.000,GUIDED,GUIDED,128,1.8725299857937883,0.02516482071592509,15.005588095352241,0.4999830166524603,-0.004023054711288736,-0.000893358772062958,nan,nan,nan,nan,nan,nan,nan,nan,nan,nan,0.10888620342290925,0.0006008496539016521,1.254210146652889e-05,0,0,1.7523635625839233,-0.0029900241643190384,15.005593299865723,0.5064956545829773,0.011885251849889755,-0.0009036047849804163,0,-13,-1000,1,-1,0,0.01075721811503172,-8.184972102753818e-05,0.0004211383347865194,-0.00022787676425650716,63,3135,0.019934654235839844,12.312,28.76,17,6,10,1.21,831,0.0037292642518877983,8.80747120390879e-06,0.008439545519649982,1500,1500,1000,1500,1800,1000,1000,1800
1784593142.2133,8.8400,0.01995,50.13,443,575669,0.000,GUIDED,GUIDED,128,1.88250961011003,0.025084520839158964,15.005570263976718,0.4999830166524603,-0.004023054711288736,-0.000893358772062958,nan,nan,nan,nan,nan,nan,nan,nan,nan,nan,0.1088554991445819,0.0008911970312194956,6.416455141787607e-05,0,0,1.7629731893539429,-0.0031111654825508595,15.005572319030762,0.5061496496200562,0.011741199530661106,-0.000931590679101646,0,-13,-1000,0,2,0,0.01077225897461176,-4.5938177208881825e-05,0.0004145698039792478,-0.0001772321411408484,63,3135,0.01988053321838379,12.312,28.76,17,6,10,1.21,831,0.0037292642518877983,8.80747120390879e-06,0.008439545519649982,1500,1500,1000,1500,1800,1000,1000,1800
1784593142.2334,8.8601,0.02009,49.77,444,575689,0.000,GUIDED,GUIDED,128,1.8925303602342118,0.02500389004840201,15.005552359118496,0.4999830166524603,-0.004023054711288736,-0.000893358772062958,nan,nan,nan,nan,nan,nan,nan,nan,nan,nan,0.10943304831839351,0.0007529273853961495,4.970712996113381e-05,0,0,1.773314356803894,-0.0030425849836319685,15.005552291870117,0.5056312084197998,0.01173488236963749,-0.0009220183710567653,0,-13,-1001,2,-1,0,0.010815869085490704,-8.478994277538732e-05,0.00040914525743573904,-7.716292748227715e-05,63,3135,0.02000904083251953,12.312,28.76,17,6,10,1.21,831,0.0037292642518877983,8.80747120390879e-06,0.008439545519649982,1500,1500,1000,1500,1800,1000,1000,1800
1784593142.2534,8.8801,0.01999,50.01,445,575709,0.000,GUIDED,GUIDED,128,1.902529176594159,0.024923435745106828,15.005534493451048,0.4999830166524603,-0.004023054711288736,-0.000893358772062958,nan,nan,nan,nan,nan,nan,nan,nan,nan,nan,0.10954342825710196,0.0009150762040573274,3.556668552477121e-05,0,0,1.7838494777679443,-0.003122039372101426,15.005531311035156,0.5052578449249268,0.01164068840444088,-0.0009120558388531208,0,-13,-1000,0,2,0,0.010814080946147442,-3.2763655326562e-05,0.00040353735676035285,-0.00012235488975420594,63,3135,0.019912242889404297,12.312,28.76,17,6,10,1.21,831,0.0037292642518877983,8.80747120390879e-06,0.008439545519649982,1500,1500,1000,1500,1800,1000,1000,1800
1784593142.2734,8.9001,0.02000,49.99,446,575729,0.000,GUIDED,GUIDED,128,1.9125297810327122,0.02484296705424683,15.0055166245887,0.4999830166524603,-0.004023054711288736,-0.000893358772062958,nan,nan,nan,nan,nan,nan,nan,nan,nan,nan,0.1101349090989099,0.000738142311488426,8.532652906366595e-05,0,0,1.7941466569900513,-0.0030348333530128,15.005510330200195,0.5047451257705688,0.011646034196019173,-0.000938987999688834,0,-13,-1000,3,-1,0,0.010881499387323856,-7.333683606702834e-05,0.00039863717393018305,-8.601578883826733e-05,63,3135,0.019921064376831055,12.312,28.76,17,6,10,1.21,831,0.0037292642518877983,8.80747120390879e-06,0.008439545519649982,1500,1500,1000,1500,1800,1000,1000,1800
1784593142.2934,8.9201,0.01999,50.02,447,575749,0.000,GUIDED,GUIDED,128,1.9225269285192936,0.02476252617934548,15.005498761903159,0.4999830166524603,-0.004023054711288736,-0.000893358772062958,nan,nan,nan,nan,nan,nan,nan,nan,nan,nan,0.11033345200102526,0.0008427460207432111,4.96418073093488e-05,0,0,1.8046084642410278,-0.0030728376004844904,15.005489349365234,0.5043622255325317,0.011561140418052673,-0.0009165851515717804,0,-13,-1001,0,1,0,0.01087415311485529,-3.196225588908419e-05,0.0003936861176043749,-0.00010097486665472388,63,3135,0.019910812377929688,12.312,28.76,17,6,10,1.21,831,0.0037292642518877983,8.80747120390879e-06,0.008439545519649982,1500,1500,1000,1500,1800,1000,1000,1800
1784593142.3134,8.9400,0.01996,50.09,448,575769,0.000,GUIDED,GUIDED,128,1.932509056145584,0.024682206159988607,15.005480926054776,0.4999830166524603,-0.004023054711288736,-0.000893358772062958,nan,nan,nan,nan,nan,nan,nan,nan,nan,nan,0.1105987005656057,0.0008842179676114906,2.4267321757825763e-05,0,0,1.8150266408920288,-0.0030848421156406403,15.005468368530273,0.5039573311805725,0.011497754603624344,-0.0009001194266602397,0,-13,-1001,3,0,0,0.010943547822535038,-5.5970340326894075e-05,0.0003896817215718329,-7.619359530508518e-05,63,3135,0.019879579544067383,12.312,28.76,17,6,10,1.21,831,0.0037292642518877983,8.80747120390879e-06,0.008439545519649982,1500,1500,1000,1500,1800,1000,1000,1800
1784593142.3334,8.9601,0.02004,49.91,449,575789,0.000,GUIDED,GUIDED,128,1.9425262301125534,0.02460160414436129,15.005463027586355,0.4999830166524603,-0.004023054711288736,-0.000893358772062958,nan,nan,nan,nan,nan,nan,nan,nan,nan,nan,0.11131330507951283,0.0005966109349701161,2.282700368535026e-05,0,0,1.8252536058425903,-0.002966117113828659,15.005449295043945,0.5034236311912537,0.011548723094165325,-0.0008986094617284834,0,-13,-1001,0,0,0,0.010937981307506561,-4.3216055928496644e-05,0.00038576702354475856,-0.00010101823136210442,63,3135,0.01995396614074707,12.312,28.76,17,6,10,1.21,831,0.0037292642518877983,8.80747120390879e-06,0.008439545519649982,1500,1500,1000,1500,1800,1000,1000,1800
1784593142.3534,8.9801,0.02000,49.99,450,575809,0.000,GUIDED,GUIDED,128,1.9525236160096158,0.024521161351117964,15.005445164474827,0.4999830166524603,-0.004023054711288736,-0.000893358772062958,nan,nan,nan,nan,nan,nan,nan,nan,nan,nan,0.11137359816581623,0.0008256744752702591,-1.4036915431590296e-05,0,0,1.835734248161316,-0.003067249897867441,15.005428314208984,0.5031098127365112,0.011428418569266796,-0.0008755260496400297,0,-13,-1001,3,1,0,0.011012710630893707,-3.29181166307535e-05,0.0003818444674834609,-9.32556577026844e-05,63,3135,0.019917011260986328,12.312,28.76,17,6,10,1.21,831,0.0037292642518877983,8.80747120390879e-06,0.008439545519649982,1500,1500,1000,1500,1800,1000,1000,1800
1784593142.3734,9.0000,0.01992,50.19,451,575829,0.000,GUIDED,GUIDED,128,1.9625072933040315,0.024440828862538247,15.00542732585753,0.4999830166524603,-0.004023054711288736,-0.000893358772062958,nan,nan,nan,nan,nan,nan,nan,nan,nan,nan,0.11182628958583538,0.0007766573040870091,8.76046736930347e-06,0,0,1.8460440635681152,-0.003052782267332077,15.00540828704834,0.5026601552963257,0.01140198577195406,-0.0008874245686456561,0,-13,-1001,0,-1,0,0.011003995314240456,-6.801840936532244e-05,0.000372245762264356,-4.357722355052829e-05,63,3135,0.019855260848999023,12.312,28.76,17,6,10,1.21,831,0.0037292642518877983,8.80747120390879e-06,0.008439545519649982,1500,1500,1000,1500,1800,1000,1000,1800
1784593142.3936,9.0200,0.02028,49.30,452,575849,0.000,GUIDED,GUIDED,128,1.9725063480744596,0.02436037264090109,15.005409459764095,0.4999830166524603,-0.004023054711288736,-0.000893358772062958,nan,nan,nan,nan,nan,nan,nan,nan,nan,nan,0.1117293825028708,0.001153625115992648,6.143293793887558e-05,0,0,1.8565692901611328,-0.003225031541660428,15.005386352539062,0.5024123191833496,0.011237340047955513,-0.0009154861327260733,0,-13,-1000,3,2,0,0.011075087822973728,-3.110522447968833e-05,0.0003635601024143398,-5.969894118607044e-05,63,3135,0.01993083953857422,12.312,28.76,17,6,10,1.21,831,0.002778062829747796,1.5851662737986771e-06,0.00839399453252554,1500,1500,1000,1500,1800,1000,1000,1800
1784593142.4134,9.0400,0.01978,50.55,453,575869,0.000,GUIDED,GUIDED,128,1.982521495552342,0.024279786931180568,15.005391564916561,0.4999830166524603,-0.004023054711288736,-0.000893358772062958,nan,nan,nan,nan,nan,nan,nan,nan,nan,nan,0.11177358586858828,0.0014460028446184464,7.935562695049781e-05,0,0,1.8670459985733032,-0.0033635408617556095,15.005364418029785,0.502120316028595,0.011101977899670601,-0.0009235015022568405,0,-13,-1000,2,-1,0,0.011097562499344349,-8.078826067503542e-05,0.00035547479637898505,-4.022615030407906e-06,63,3135,0.019696712493896484,12.312,28.76,17,6,10,1.21,831,0.002778062829747796,1.5851662737986771e-06,0.00839399453252554,1500,1500,1000,1500,1800,1000,1000,1800
1784593142.4335,9.0600,0.02005,49.87,454,575889,0.000,GUIDED,GUIDED,128,1.992520788733251,0.024199328791201433,15.00537369839714,0.4999830166524603,-0.004023054711288736,-0.000893358772062958,nan,nan,nan,nan,nan,nan,nan,nan,nan,nan,0.11228660132767879,0.0013240397269502283,9.289354930960885e-05,0,0,1.8772833347320557,-0.0033100489526987076,15.00534439086914,0.501686692237854,0.011095057241618633,-0.0009300701785832644,0,-13,-1001,2,1,0,0.0111514488235116,-4.822532719117589e-05,0.0003489376977086067,1.9829662051051855e-05,63,3135,0.01991581916809082,12.312,28.76,17,6,10,1.21,831,0.002778062829747796,1.5851662737986771e-06,0.00839399453252554,1500,1500,1000,1500,1800,1000,1000,1800
1784593142.4534,9.0800,0.01995,50.12,455,575909,0.000,GUIDED,GUIDED,128,2.0025202011194,0.024118869692051317,15.005355831664724,0.4999830166524603,-0.004023054711288736,-0.000893358772062958,nan,nan,nan,nan,nan,nan,nan,nan,nan,nan,0.11238889377276506,0.0015516231159914962,0.00012527633812815133,0,0,1.8876944780349731,-0.003406478790566325,15.005322456359863,0.5013899207115173,0.010972882620990276,-0.0009464178583584726,0,-13,-1000,2,-1,0,0.011185710318386555,-9.751724428497255e-05,0.000344152475008741,0.00011237716535106301,63,3135,0.019872426986694336,12.312,28.76,17,6,10,1.21,831,0.002778062829747796,1.5851662737986771e-06,0.00839399453252554,1500,1500,1000,1500,1800,1000,1000,1800
1784593142.4734,9.1000,0.01998,50.06,456,575929,0.000,GUIDED,GUIDED,128,2.0125202095317514,0.024038405797046254,15.005337963867342,0.4999830166524603,-0.004023054711288736,-0.000893358772062958,nan,nan,nan,nan,nan,nan,nan,nan,nan,nan,0.11294434542130607,0.0014099022004350967,0.00017819297044735266,0,0,1.8978931903839111,-0.003334394656121731,15.005301475524902,0.5009545087814331,0.010966631583869457,-0.0009751719771884382,0,-13,-1000,1,1,0,0.011218375526368618,-6.140694313216954e-05,0.00033974656253121793,5.105725722387433e-05,63,3135,0.019897937774658203,12.312,28.76,17,6,10,1.21,831,0.002778062829747796,1.5851662737986771e-06,0.00839399453252554,1500,1500,1000,1500,1800,1000,1000,1800
1784593142.4934,9.1200,0.01998,50.05,457,575949,0.000,GUIDED,GUIDED,128,2.0225193835074196,0.023957948616238112,15.005320097560913,0.4999830166524603,-0.004023054711288736,-0.000893358772062958,nan,nan,nan,nan,nan,nan,nan,nan,nan,nan,0.11316920648152129,0.0014962040630376525,0.0001829380695513064,0,0,1.908238410949707,-0.0033894143998622894,15.005279541015625,0.5006248950958252,0.010902118869125843,-0.0009755627834238112,0,-13,-1000,2,0,0,0.011246672831475735,-9.501625027041882e-05,0.0003365848970133811,0.00012074655387550592,63,3135,0.01991128921508789,12.312,28.76,17,6,10,1.21,831,0.002778062829747796,1.5851662737986771e-06,0.00839399453252554,1500,1500,1000,1500,1800,1000,1000,1800
1784593142.5134,9.1400,0.02004,49.90,458,575969,0.000,GUIDED,GUIDED,128,2.0325198687407324,0.0238774808845491,15.005302228911559,0.4999830166524603,-0.004023054711288736,-0.000893358772062958,nan,nan,nan,nan,nan,nan,nan,nan,nan,nan,0.11344015755137535,0.0015578282713470948,0.00016508434706343674,0,0,1.9185445308685303,-0.003417690983042121,15.005257606506348,0.5002920031547546,0.010836407542228699,-0.0009629075066186488,0,-13,-1001,1,0,0,0.011274685151875019,-7.290532812476158e-05,0.0003349876496940851,0.00014950719196349382,63,3135,0.019955158233642578,12.312,28.76,17,6,10,1.21,831,0.002778062829747796,1.5851662737986771e-06,0.00839399453252554,1500,1500,1000,1500,1800,1000,1000,1800
1784593142.5334,9.1600,0.01996,50.10,459,575989,0.000,GUIDED,GUIDED,128,2.0425185658954392,0.023797027540424908,15.005284363457104,0.4999830166524603,-0.004023054711288736,-0.000893358772062958,nan,nan,nan,nan,nan,nan,nan,nan,nan,nan,0.11401638888636521,0.0013193872313019203,0.00014727761371385477,0,0,1.9286816120147705,-0.003314209869131446,15.005237579345703,0.4998794198036194,0.010867876932024956,-0.0009513787226751447,0,-13,-1001,2,0,1,0.011314665898680687,-0.00010707505862228572,0.00033382439869455993,0.00016719737323001027,63,3135,0.019893646240234375,12.312,28.76,17,6,10,1.21,831,0.002778062829747796,1.5851662737986771e-06,0.00839399453252554,1500,1500,1000,1500,1800,1000,1000,1800
1784593142.5534,9.1800,0.02003,49.92,460,576009,0.000,GUIDED,GUIDED,128,2.0525189319235113,0.023716560767906885,15.005266495020742,0.4999830166524603,-0.004023054711288736,-0.000893358772062958,nan,nan,nan,nan,nan,nan,nan,nan,nan,nan,0.11404423741312805,0.0015768996102316114,0.00013154912828683668,0,0,1.939084529876709,-0.0034317688550800085,15.005216598510742,0.4996309280395508,0.010740617290139198,-0.0009405009332112968,0,-13,-1000,0,0,1,0.011327237822115421,-8.473776688333601e-05,0.00033328341669403017,0.00016124913236126304,63,3135,0.01994919776916504,12.312,28.76,17,6,10,1.21,831,0.002778062829747796,1.5851662737986771e-06,0.00839399453252554,1500,1500,1000,1500,1800,1000,1000,1800
1784593142.5735,9.2001,0.02004,49.90,461,576029,0.000,GUIDED,GUIDED,128,2.0625245429821617,0.023636051791865394,15.005248617212674,0.4999830166524603,-0.004023054711288736,-0.000893358772062958,nan,nan,nan,nan,nan,nan,nan,nan,nan,nan,0.11438780582881186,0.0015557375897095951,8.010138367931259e-05,0,0,1.949334979057312,-0.003432053839787841,15.005196571350098,0.49929121136665344,0.010706517845392227,-0.0009095566347241402,0,-13,-1001,2,0,1,0.011368897743523121,-0.00011509440810186788,0.0003249125729780644,0.0001999915111809969,63,3135,0.019957780838012695,12.312,28.76,17,6,10,1.21,831,0.002778062829747796,1.5851662737986771e-06,0.00839399453252554,1500,1500,1000,1500,1800,1000,1000,1800
1784593142.5934,9.2200,0.01993,50.18,462,576049,0.000,GUIDED,GUIDED,128,2.07251775669581,0.023555642569606645,15.00523076155591,0.4999830166524603,-0.004023054711288736,-0.000893358772062958,nan,nan,nan,nan,nan,nan,nan,nan,nan,nan,0.1142004107625215,0.0019629656095255035,0.00012565729049159236,0,0,1.9598112106323242,-0.0036205581855028868,15.005175590515137,0.4991205334663391,0.010533813387155533,-0.0009340540273115039,0,-13,-1000,0,1,1,0.011365693062543869,-8.601416629971936e-05,0.0003186021058354527,0.0002656261785887182,63,3135,0.019861459732055664,12.312,28.76,17,6,10,1.21,831,0.002778062829747796,1.5851662737986771e-06,0.00839399453252554,1500,1500,1000,1500,1800,1000,1000,1800
1784593142.6134,9.2400,0.02004,49.91,463,576069,0.000,GUIDED,GUIDED,128,2.082518122723882,0.02347517579708862,15.00521289311955,0.4999830166524603,-0.004023054711288736,-0.000893358772062958,nan,nan,nan,nan,nan,nan,nan,nan,nan,nan,0.11410647139946337,0.0022619395046291693,0.0001628507508439487,0,0,1.9702389240264893,-0.0037748797331005335,15.00515365600586,0.498928040266037,0.01040384080260992,-0.0009531801333650947,0,-13,-1000,3,0,1,0.011432565748691559,-0.00010745602776296437,0.00031114014564082026,0.00022137223277240992,63,3135,0.01995229721069336,12.312,28.76,17,6,10,1.21,831,0.002778062829747796,1.5851662737986771e-06,0.00839399453252554,1500,1500,1000,1500,1800,1000,1000,1800
1784593142.6334,9.2600,0.01999,50.02,464,576089,0.000,GUIDED,GUIDED,128,2.092517773520512,0.023394714779596527,15.005195025961148,0.4999830166524603,-0.004023054711288736,-0.000893358772062958,nan,nan,nan,nan,nan,nan,nan,nan,nan,nan,0.1145376245277295,0.0020650666371332463,0.00021272780554157063,0,0,1.980420708656311,-0.0037356868851929903,15.005133628845215,0.4985739588737488,0.010448423214256763,-0.0009807295864447951,0,-13,-1000,0,0,1,0.011423892341554165,-9.601814235793427e-05,0.00030406416044570506,0.00019084673840552568,63,3135,0.019909381866455078,12.312,28.76,17,6,10,1.21,831,0.002778062829747796,1.5851662737986771e-06,0.00839399453252554,1500,1500,1000,1500,1800,1000,1000,1800
1784593142.6538,9.2800,0.02036,49.11,465,576109,0.000,GUIDED,GUIDED,128,2.102517424317142,0.02331425376210443,15.005177158802747,0.4999830166524603,-0.004023054711288736,-0.000893358772062958,nan,nan,nan,nan,nan,nan,nan,nan,nan,nan,0.11454810609645191,0.002295488015733968,0.00019463018147093214,0,0,1.9907841682434082,-0.0038469613064080477,15.005111694335938,0.4983578622341156,0.010333179496228695,-0.0009679326321929693,0,-13,-1001,3,0,1,0.011493406258523464,-0.0001334812695859,0.00029836228350177407,0.0002463735290803015,63,3135,0.020289182662963867,12.312,28.76,17,6,10,1.21,831,0.003680914407595992,1.716384394967463e-05,0.008491030894219875,1500,1500,1000,1500,1800,1000,1000,1800
1784593142.6734,9.3000,0.01960,51.02,466,576129,0.000,GUIDED,GUIDED,128,2.112516121471849,0.02323380041798024,15.00515929334829,0.4999830166524603,-0.004023054711288736,-0.000893358772062958,nan,nan,nan,nan,nan,nan,nan,nan,nan,nan,0.11504628726971483,0.0021031984804476232,0.00017563681289047253,0,0,2.000929355621338,-0.0037883331533521414,15.005091667175293,0.4979856610298157,0.010363899171352386,-0.0009557187440805137,0,-13,-1001,0,0,1,0.01148026529699564,-0.00013459053297992796,0.0002931262133643031,0.00020439852960407734,63,3135,0.019533395767211914,12.312,28.76,17,6,10,1.21,831,0.003680914407595992,1.716384394967463e-05,0.008491030894219875,1500,1500,1000,1500,1800,1000,1000,1800
1784593142.6934,9.3200,0.02003,49.93,467,576149,0.000,GUIDED,GUIDED,128,2.1225164874999214,0.023153333645462217,15.00514142491193,0.4999830166524603,-0.004023054711288736,-0.000893358772062958,nan,nan,nan,nan,nan,nan,nan,nan,nan,nan,0.11516287832878518,0.0021945477362344742,0.00015937187155579596,0,0,2.011228561401367,-0.0038572303019464016,15.005070686340332,0.4977458119392395,0.01030447892844677,-0.0009445312316529453,0,-13,-1001,3,0,1,0.011550801806151867,-0.00013757063425146043,0.00028993727755732834,0.00023890857119113207,63,3135,0.019949674606323242,12.312,28.76,17,6,10,1.21,831,0.003680914407595992,1.716384394967463e-05,0.008491030894219875,1500,1500,1000,1500,1800,1000,1000,1800
1784593142.7134,9.3400,0.02001,49.98,468,576169,0.000,GUIDED,GUIDED,128,2.132513634986503,0.023072892770560866,15.005123562226387,0.4999830166524603,-0.004023054711288736,-0.000893358772062958,nan,nan,nan,nan,nan,nan,nan,nan,nan,nan,0.1153347480237541,0.0022044864657538576,0.00019703774121461638,0,0,2.021489143371582,-0.0038988653104752302,15.005049705505371,0.49749448895454407,0.01027633622288704,-0.000964477367233485,0,-13,-1000,0,-1,1,0.01154546532779932,-0.00017461633251514286,0.0002872229088097811,0.000240445660892874,63,3135,0.019926786422729492,12.312,28.76,17,6,10,1.21,831,0.003680914407595992,1.716384394967463e-05,0.008491030894219875,1500,1500,1000,1500,1800,1000,1000,1800
1784593142.7334,9.3601,0.02002,49.95,469,576189,0.000,GUIDED,GUIDED,128,2.1425191268399124,0.02299238475369036,15.005105684631312,0.4999830166524603,-0.004023054711288736,-0.000893358772062958,nan,nan,nan,nan,nan,nan,nan,nan,nan,nan,0.11586581060318457,0.0019027513080181815,0.0002045790869071078,0,0,2.03157639503479,-0.003806976368650794,15.005029678344727,0.49714067578315735,0.010351009666919708,-0.0009675903129391372,0,-13,-1000,2,1,1,0.011606952175498009,-0.00014896938228048384,0.0002856478386092931,0.00019310263451188803,63,3135,0.019936323165893555,12.312,28.76,17,6,10,1.21,831,0.003680914407595992,1.716384394967463e-05,0.008491030894219875,1500,1500,1000,1500,1800,1000,1000,1800
1784593142.7534,9.3800,0.01995,50.13,470,576209,0.000,GUIDED,GUIDED,128,2.1525123405535607,0.022911975531431615,15.00508782897455,0.4999830166524603,-0.004023054711288736,-0.000893358772062958,nan,nan,nan,nan,nan,nan,nan,nan,nan,nan,0.11585907877055547,0.0020405309595955684,0.000216851469165781,0,0,2.041912794113159,-0.0039297472685575485,15.00500774383545,0.49694642424583435,0.010295920073986053,-0.0009723208495415747,0,-13,-1000,1,-1,1,0.011608471162617207,-0.0001919295609695837,0.0002851432072930038,0.00026576605159789324,63,3135,0.019881248474121094,12.312,28.76,17,6,10,1.21,831,0.003680914407595992,1.716384394967463e-05,0.008491030894219875,1500,1500,1000,1500,1800,1000,1000,1800
1784593142.7734,9.4001,0.02001,49.97,471,576229,0.000,GUIDED,GUIDED,128,2.162516997970288,0.022831474228758027,15.005069952870429,0.4999830166524603,-0.004023054711288736,-0.000893358772062958,nan,nan,nan,nan,nan,nan,nan,nan,nan,nan,0.11616006882404174,0.00196667725040231,0.00018695480491906605,0,0,2.052093267440796,-0.003933500964194536,15.004987716674805,0.4966711401939392,0.010294249281287193,-0.0009538180893287063,0,-13,-1001,2,1,1,0.011659731157124043,-0.00015638665354344994,0.00027611100813373923,0.0002728122053667903,63,3135,0.0199429988861084,12.312,28.76,17,6,10,1.21,831,0.003680914407595992,1.716384394967463e-05,0.008491030894219875,1500,1500,1000,1500,1800,1000,1000,1800
1784593142.7934,9.4201,0.02004,49.90,472,576249,0.000,GUIDED,GUIDED,128,2.172517960024562,0.022751002660385062,15.005052083369101,0.4999830166524603,-0.004023054711288736,-0.000893358772062958,nan,nan,nan,nan,nan,nan,nan,nan,nan,nan,0.11596931831390322,0.0022873238932950256,0.00018650807853263395,0,0,2.062485933303833,-0.004120382014662027,15.004965782165527,0.4965551197528839,0.010170559398829937,-0.0009512132382951677,0,-13,-1000,1,-1,1,0.011679617688059807,-0.00020232016686350107,0.00026625354075804353,0.0002347184345126152,63,3135,0.01995682716369629,12.312,28.76,17,6,10,1.21,831,0.003680914407595992,1.716384394967463e-05,0.008491030894219875,1500,1500,1000,1500,1800,1000,1000,1800
1784593142.8134,9.4400,0.01993,50.17,473,576269,0.000,GUIDED,GUIDED,128,2.182500326061333,0.022670680722686215,15.00503424709473,0.4999830166524603,-0.004023054711288736,-0.000893358772062958,nan,nan,nan,nan,nan,nan,nan,nan,nan,nan,0.11582937745306385,0.0025680896664021964,0.00010854002168726802,0,0,2.072833299636841,-0.0042732832953333855,15.004944801330566,0.49642518162727356,0.010050362907350063,-0.0009043828467838466,0,-13,-1001,1,1,1,0.011720728129148483,-0.00016502878861501813,0.000259499967796728,0.0003002823796123266,63,3135,0.019863605499267578,12.312,28.76,17,6,10,1.21,831,0.003680914407595992,1.716384394967463e-05,0.008491030894219875,1500,1500,1000,1500,1800,1000,1000,1800
1784593142.8334,9.4600,0.01999,50.02,474,576289,0.000,GUIDED,GUIDED,128,2.192510228508638,0.02259013721648916,15.005016361618903,0.4999830166524603,-0.004023054711288736,-0.000893358772062958,nan,nan,nan,nan,nan,nan,nan,nan,nan,nan,0.1162623637069723,0.002418025698564818,0.00011386542696546726,0,0,2.082951545715332,-0.004237394314259291,15.004925727844238,0.4961126446723938,0.010069780051708221,-0.0009067715727724135,0,-13,-1001,0,-1,1,0.011718508787453175,-0.00020303769269958138,0.00025256368098780513,0.00032169563928619027,63,3135,0.01993083953857422,12.312,28.76,17,6,10,1.21,831,0.003680914407595992,1.716384394967463e-05,0.008491030894219875,1500,1500,1000,1500,1800,1000,1000,1800
1784593142.8534,9.4800,0.01999,50.02,475,576309,0.000,GUIDED,GUIDED,128,2.2025096408947875,0.02250967811733904,15.004998494886488,0.4999830166524603,-0.004023054711288736,-0.000893358772062958,nan,nan,nan,nan,nan,nan,nan,nan,nan,nan,0.11622258763669915,0.002560493354881673,7.290801671137588e-05,0,0,2.093240261077881,-0.0043478962033987045,15.00490665435791,0.4959685802459717,0.010004871524870396,-0.000882428081240505,0,-13,-1001,1,1,1,0.011744947172701359,-0.0001651688653510064,0.0002482983109075576,0.0003336204099468887,63,3135,0.019931793212890625,12.312,28.76,17,6,10,1.21,831,0.003680914407595992,1.716384394967463e-05,0.008491030894219875,1500,1500,1000,1500,1800,1000,1000,1800
1784593142.8733,9.5000,0.02000,50.00,476,576329,0.000,GUIDED,GUIDED,128,2.212509410896658,0.022429216140675955,15.004980627515092,0.4999830166524603,-0.004023054711288736,-0.000893358772062958,nan,nan,nan,nan,nan,nan,nan,nan,nan,nan,0.11666741962924211,0.0023415116773880112,9.501017242985001e-05,0,0,2.103325843811035,-0.0042919316329061985,15.004888534545898,0.49566221237182617,0.010052534751594067,-0.0008950430201366544,0,-13,-1000,0,-1,1,0.011741713620722294,-0.00021164308418519795,0.00024519162252545357,0.00038419797783717513,63,3135,0.01994013786315918,12.312,28.76,17,6,10,1.21,831,0.003680914407595992,1.716384394967463e-05,0.008491030894219875,1500,1500,1000,1500,1800,1000,1000,1800
1784593142.8936,9.5200,0.02029,49.29,477,576349,0.000,GUIDED,GUIDED,128,2.2225087040775664,0.022348758000696824,15.00496276099567,0.4999830166524603,-0.004023054711288736,-0.000893358772062958,nan,nan,nan,nan,nan,nan,nan,nan,nan,nan,0.116758454380299,0.002453939730029428,0.0001081025463480578,0,0,2.113555431365967,-0.004360097926110029,15.00486946105957,0.49547669291496277,0.009980527684092522,-0.0009019050630740821,0,-13,-1000,1,1,1,0.011765636503696442,-0.00017091206973418593,0.00024501123698428273,0.000423317716922611,63,3135,0.019937515258789062,12.312,28.74,17,6,10,1.21,831,0.00291509204544127,2.6857989723794162e-05,0.00805352907627821,1500,1500,1000,1500,1800,1000,1000,1800
1784593142.9134,9.5400,0.01972,50.72,478,576369,0.000,GUIDED,GUIDED,128,2.2325087124899174,0.022268294105691765,15.004944893198289,0.4999830166524603,-0.004023054711288736,-0.000893358772062958,nan,nan,nan,nan,nan,nan,nan,nan,nan,nan,0.11691337691117648,0.0024730540086027077,6.728108364004385e-05,0,0,2.123749256134033,-0.0044020917266607285,15.004850387573242,0.4952753484249115,0.009947281330823898,-0.000877640675753355,0,-13,-1001,0,0,1,0.011760290712118149,-0.0002014146011788398,0.0002449534076731652,0.00040652701864019036,63,3135,0.019655942916870117,12.312,28.74,17,6,10,1.21,831,0.00291509204544127,2.6857989723794162e-05,0.00805352907627821,1500,1500,1000,1500,1800,1000,1000,1800
1784593142.9333,9.5600,0.01999,50.02,479,576389,0.000,GUIDED,GUIDED,128,2.2425081248760668,0.022187835006541645,15.004927026465873,0.4999830166524603,-0.004023054711288736,-0.000893358772062958,nan,nan,nan,nan,nan,nan,nan,nan,nan,nan,0.11738483546397344,0.002165371805422669,2.9018524329184792e-05,0,0,2.133782148361206,-0.004313745070248842,15.00483226776123,0.49498382210731506,0.010027461685240269,-0.000855403661262244,0,-13,-1001,1,1,1,0.011783112771809101,-0.00017257389845326543,0.0002471840416546911,0.00041651492938399315,63,3135,0.01993560791015625,12.312,28.74,17,6,10,1.21,831,0.00291509204544127,2.6857989723794162e-05,0.00805352907627821,1500,1500,1000,1500,1800,1000,1000,1800
1784593142.9533,9.5800,0.01999,50.01,480,576409,0.000,GUIDED,GUIDED,128,2.2525076564674564,0.022107374948220536,15.004909159520466,0.4999830166524603,-0.004023054711288736,-0.000893358772062958,nan,nan,nan,nan,nan,nan,nan,nan,nan,nan,0.11729426122419534,0.0023653861497550596,7.045146449089053e-05,0,0,2.1440937519073486,-0.004439134616404772,15.004814147949219,0.49485594034194946,0.009937923401594162,-0.0008791789878159761,0,-13,-1000,0,0,1,0.011775658465921879,-0.00019437697483226657,0.00024861819110810757,0.00041090836748480797,63,3135,0.01994013786315918,12.312,28.74,17,6,10,1.21,831,0.00291509204544127,2.6857989723794162e-05,0.00805352907627821,1500,1500,1000,1500,1800,1000,1000,1800
1784593142.9733,9.6000,0.02000,49.99,481,576429,0.000,GUIDED,GUIDED,128,2.262507426469327,0.02202691297155745,15.00489129214907,0.4999830166524603,-0.004023054711288736,-0.000893358772062958,nan,nan,nan,nan,nan,nan,nan,nan,nan,nan,0.11749615814034928,0.002307596082117027,0.00010645613640513197,0,0,2.154259204864502,-0.004448822699487209,15.00479507446289,0.4946437180042267,0.009930427186191082,-0.0008992699440568686,0,-13,-1000,1,0,1,0.011806719936430454,-0.00019274067017249763,0.0002399378572590649,0.00048308243276551366,63,3135,0.019947052001953125,12.312,28.74,17,6,10,1.21,831,0.00291509204544127,2.6857989723794162e-05,0.00805352907627821,1500,1500,1000,1500,1800,1000,1000,1800
1784593142.9933,9.6200,0.02000,50.01,482,576449,0.000,GUIDED,GUIDED,128,2.272507077265957,0.021946451954065357,15.004873424990668,0.4999830166524603,-0.004023054711288736,-0.000893358772062958,nan,nan,nan,nan,nan,nan,nan,nan,nan,nan,0.11722643463407369,0.00265725073674224,0.00018817769245370807,0,0,2.164660930633545,-0.004640619270503521,15.00477409362793,0.49456730484962463,0.009792833589017391,-0.0009446542244404554,0,-13,-1000,1,0,1,0.011817334219813347,-0.00020925582794006914,0.0002319449558854103,0.00048051902558654547,63,3135,0.019942522048950195,12.312,28.74,17,6,10,1.21,831,0.00291509204544127,2.6857989723794162e-05,0.00805352907627821,1500,1500,1000,1500,1800,1000,1000,1800
1784593143.0133,9.6400,0.02000,50.01,483,576469,0.000,GUIDED,GUIDED,128,2.2825064896521057,0.021865992854915237,15.004855558258253,0.4999830166524603,-0.004023054711288736,-0.000893358772062958,nan,nan,nan,nan,nan,nan,nan,nan,nan,nan,0.1170233906939701,0.002885303963620564,0.00020370660061626994,0,0,2.1750147342681885,-0.004798269830644131,15.004753112792969,0.4944799244403839,0.009705733507871628,-0.0009518219158053398,0,-13,-1000,1,0,1,0.011844577267765999,-0.0002072110801236704,0.00022436703147832304,0.0004453902365639806,63,3135,0.019942760467529297,12.312,28.74,17,6,10,1.21,831,0.00291509204544127,2.6857989723794162e-05,0.00805352907627821,1500,1500,1000,1500,1800,1000,1000,1800
1784593143.0333,9.6600,0.02000,50.00,484,576489,0.000,GUIDED,GUIDED,128,2.292506498064457,0.021785528959910178,15.004837690460873,0.4999830166524603,-0.004023054711288736,-0.000893358772062958,nan,nan,nan,nan,nan,nan,nan,nan,nan,nan,0.11734652522976785,0.0027387473069674373,0.00017186868240657422,0,0,2.1851158142089844,-0.004768321756273508,15.00473403930664,0.49423500895500183,0.009726601652801037,-0.0009327441803179681,0,-13,-1001,1,0,1,0.011868669651448727,-0.0002066148299491033,0.0002193428372265771,0.0005275850417092443,63,3135,0.019945383071899414,12.312,28.74,17,6,10,1.21,831,0.00291509204544127,2.6857989723794162e-05,0.00805352907627821,1500,1500,1000,1500,1800,1000,1000,1800
1784593143.0533,9.6800,0.02000,50.00,485,576509,0.000,GUIDED,GUIDED,128,2.302506029655847,0.021705068901589068,15.004819823515463,0.4999830166524603,-0.004023054711288736,-0.000893358772062958,nan,nan,nan,nan,nan,nan,nan,nan,nan,nan,0.11723547680553914,0.0028625778458624546,0.0002784212415726555,0,0,2.1954076290130615,-0.004883762914687395,15.004714012145996,0.49413037300109863,0.009675304405391216,-0.0009930151281878352,0,-13,-1000,0,0,1,0.01187855564057827,-0.0002230997197329998,0.00021425656450446695,0.0004827892407774925,63,3135,0.01994609832763672,12.312,28.74,17,6,10,1.21,831,0.00291509204544127,2.6857989723794162e-05,0.00805352907627821,1500,1500,1000,1500,1800,1000,1000,1800
1784593143.0734,9.7000,0.02003,49.92,486,576529,0.000,GUIDED,GUIDED,128,2.3125059188629575,0.021624605965755,15.004801955931075,0.4999830166524603,-0.004023054711288736,-0.000893358772062958,nan,nan,nan,nan,nan,nan,nan,nan,nan,nan,0.1175728823070911,0.002692933905660739,0.00030231428905576774,0,0,2.2054760456085205,-0.004834023769944906,15.004693984985352,0.4938960075378418,0.00969807617366314,-0.0010055629536509514,0,-13,-1000,2,1,1,0.011918586678802967,-0.00020576581300701946,0.00021039451530668885,0.0004443591460585594,63,3135,0.019971609115600586,12.312,28.74,17,6,10,1.21,831,0.00291509204544127,2.6857989723794162e-05,0.00805352907627821,1500,1500,1000,1500,1800,1000,1000,1800
1784593143.0933,9.7200,0.01997,50.08,487,576549,0.000,GUIDED,GUIDED,128,2.3225053312491064,0.02154414686660488,15.00478408919866,0.4999830166524603,-0.004023054711288736,-0.000893358772062958,nan,nan,nan,nan,nan,nan,nan,nan,nan,nan,0.11758193730640112,0.0026961783991322416,0.00036707837654479704,0,0,2.2157065868377686,-0.004907306749373674,15.00467300415039,0.49375733733177185,0.009692059829831123,-0.0010411565890535712,0,-13,-1000,0,-1,1,0.01191121619194746,-0.00023654197866562754,0.00020816826145164669,0.000489607104100287,63,3135,0.0199129581451416,12.312,28.74,17,6,10,1.21,831,0.00291509204544127,2.6857989723794162e-05,0.00805352907627821,1500,1500,1000,1500,1800,1000,1000,1800
1784593143.1133,9.7400,0.02000,49.99,488,576569,0.000,GUIDED,GUIDED,128,2.3325052204562176,0.02146368393077081,15.004766221614272,0.4999830166524603,-0.004023054711288736,-0.000893358772062958,nan,nan,nan,nan,nan,nan,nan,nan,nan,nan,0.11764798024701552,0.0026915368749200856,0.00038617137935325263,0,0,2.2258994579315186,-0.00495363911613822,15.00465202331543,0.4936077892780304,0.009675034321844578,-0.0010503825033083558,0,-13,-1000,2,1,1,0.011958627961575985,-0.00020939717069268227,0.00020857267372775823,0.00048160372534766793,63,3135,0.019945621490478516,12.312,28.74,17,6,10,1.21,831,0.00291509204544127,2.6857989723794162e-05,0.00805352907627821,1500,1500,1000,1500,1800,1000,1000,1800
1784593143.1333,9.7600,0.02000,50.01,489,576589,0.000,GUIDED,GUIDED,128,2.3425046328423664,0.02138322483162069,15.004748354881857,0.4999830166524603,-0.004023054711288736,-0.000893358772062958,nan,nan,nan,nan,nan,nan,nan,nan,nan,nan,0.11814181105812528,0.0023938220916653596,0.00030973320340673224,0,0,2.235914468765259,-0.004870064090937376,15.004631996154785,0.49331367015838623,0.009752214886248112,-0.001005003578029573,0,-13,-1001,0,-1,1,0.01194300502538681,-0.0002379580691922456,0.00021066074259579182,0.000528152275364846,63,3135,0.01994013786315918,12.312,28.74,17,6,10,1.21,831,0.00291509204544127,2.6857989723794162e-05,0.00805352907627821,1500,1500,1000,1500,1800,1000,1000,1800
1784593143.1536,9.7800,0.02028,49.30,490,576609,0.000,GUIDED,GUIDED,128,2.3525040452285157,0.021302765732470568,15.004730488149441,0.4999830166524603,-0.004023054711288736,-0.000893358772062958,nan,nan,nan,nan,nan,nan,nan,nan,nan,nan,0.11799700716263833,0.002550824251061772,0.00025795980024045657,0,0,2.246201515197754,-0.004995105322450399,15.00461196899414,0.4932312071323395,0.00968730915337801,-0.0009738648659549654,0,-13,-1001,2,1,1,0.011979864910244942,-0.00021002786525059491,0.0002125925966538489,0.00047260866267606616,63,3135,0.020226478576660156,12.312,28.76,17,6,10,1.21,831,0.003618035465478897,4.0658524085301906e-05,0.007933449931442738,1500,1500,1000,1500,1800,1000,1000,1800
1784593143.1734,9.8000,0.01973,50.67,491,576629,0.000,GUIDED,GUIDED,128,2.362504172846107,0.02122230087829452,15.004712620139067,0.4999830166524603,-0.004023054711288736,-0.000893358772062958,nan,nan,nan,nan,nan,nan,nan,nan,nan,nan,0.11815839944620136,0.002474536395700229,0.0002615088360898903,0,0,2.25632905960083,-0.005004923325031996,15.004591941833496,0.4930644631385803,0.00969056598842144,-0.0009746673167683184,0,-13,-1001,0,-1,1,0.011966880410909653,-0.0002494384243618697,0.0002040765102719888,0.0005850829184055328,63,3135,0.019672632217407227,12.312,28.76,17,6,10,1.21,831,0.003618035465478897,4.0658524085301906e-05,0.007933449931442738,1500,1500,1000,1500,1800,1000,1000,1800
1784593143.1933,9.8200,0.01998,50.04,492,576649,0.000,GUIDED,GUIDED,128,2.372503466027016,0.02114184273831539,15.004694753619644,0.4999830166524603,-0.004023054711288736,-0.000893358772062958,nan,nan,nan,nan,nan,nan,nan,nan,nan,nan,0.11783842987308439,0.0027694386146283473,0.00030258052687016587,0,0,2.266688585281372,-0.0051920609548687935,15.004571914672852,0.4930412173271179,0.009581895545125008,-0.000997132621705532,0,-13,-1000,2,2,1,0.012011862359941006,-0.00021186946833040565,0.00019672107009682804,0.0005458780797198415,63,3135,0.019926071166992188,12.312,28.76,17,6,10,1.21,831,0.003618035465478897,4.0658524085301906e-05,0.007933449931442738,1500,1500,1000,1500,1800,1000,1000,1800
1784593143.2134,9.8400,0.02007,49.83,493,576669,0.000,GUIDED,GUIDED,128,2.3825066929808583,0.021061352945693654,15.004676880071443,0.4999830166524603,-0.004023054711288736,-0.000893358772062958,nan,nan,nan,nan,nan,nan,nan,nan,nan,nan,0.11760925186061456,0.0029786542747605727,0.00034809535396077983,0,0,2.2770016193389893,-0.005345712881535292,15.00455093383789,0.49299466609954834,0.009503345005214214,-0.0010216166265308857,0,-13,-1000,0,-1,1,0.011992516927421093,-0.0002558206033427268,0.0001901774958241731,0.0005918230162933469,63,3135,0.019990921020507812,12.312,28.76,17,6,10,1.21,831,0.003618035465478897,4.0658524085301906e-05,0.007933449931442738,1500,1500,1000,1500,1800,1000,1000,1800
1784593143.2334,9.8601,0.02002,49.95,494,576689,0.000,GUIDED,GUIDED,128,2.3925108735766236,0.02098085547970402,15.004659004819294,0.4999830166524603,-0.004023054711288736,-0.000893358772062958,nan,nan,nan,nan,nan,nan,nan,nan,nan,nan,0.11827291228134973,0.0028201131780268424,0.0003020794189914954,0,0,2.2866580486297607,-0.005323751829564571,15.004531860351562,0.49281227588653564,0.00953572429716587,-0.0009943575132638216,0,-13,-1001,2,1,1,0.012044530361890793,-0.00021691431174986064,0.0001843541831476614,0.0005521435523405671,63,3135,0.019937515258789062,12.312,28.76,17,6,10,1.21,831,0.003618035465478897,4.0658524085301906e-05,0.007933449931442738,1500,1500,1000,1500,1800,1000,1000,1800
1784593143.2534,9.8801,0.02000,50.00,495,576709,0.000,GUIDED,GUIDED,128,2.402510166757532,0.020900397339724885,15.004641138299872,0.4999830166524603,-0.004023054711288736,-0.000893358772062958,nan,nan,nan,nan,nan,nan,nan,nan,nan,nan,0.11817351054371676,0.0030193282430919788,0.00025020817125031864,0,0,2.2969112396240234,-0.005435620900243521,15.00451374053955,0.4927230775356293,0.009438842535018921,-0.0009642633958719671,0,-13,-1001,0,-1,1,0.012023382820189,-0.00026670441729947925,0.0001810152898542583,0.0006033527315594256,63,3135,0.019916057586669922,12.312,28.76,17,6,10,1.21,831,0.003618035465478897,4.0658524085301906e-05,0.007933449931442738,1500,1500,1000,1500,1800,1000,1000,1800
1784593143.2734,9.9001,0.02000,50.00,496,576729,0.000,GUIDED,GUIDED,128,2.412509698348922,0.02081993728140378,15.004623271354465,0.4999830166524603,-0.004023054711288736,-0.000893358772062958,nan,nan,nan,nan,nan,nan,nan,nan,nan,nan,0.11848590485620039,0.00277128656082087,0.00024582240380013534,0,0,2.3069467544555664,-0.0053862277418375015,15.004494667053223,0.4925219416618347,0.009507078677415848,-0.000961034675128758,0,-13,-1001,2,0,1,0.012078389525413513,-0.0002398321812506765,0.00017849075084086508,0.0005473418859764934,63,3135,0.01991724967956543,12.312,28.76,17,6,10,1.21,831,0.003618035465478897,4.0658524085301906e-05,0.007933449931442738,1500,1500,1000,1500,1800,1000,1000,1800
1784593143.2934,9.9201,0.02000,50.00,497,576749,0.000,GUIDED,GUIDED,128,2.4225095875560325,0.020739474345569706,15.004605403770075,0.4999830166524603,-0.004023054711288736,-0.000893358772062958,nan,nan,nan,nan,nan,nan,nan,nan,nan,nan,0.11844844657525883,0.0028190719574303427,0.00025831908449309554,0,0,2.317140817642212,-0.0054567432962358,15.004475593566895,0.4924314618110657,0.00947374664247036,-0.0009675534092821181,0,-13,-1001,0,0,1,0.012059660628437996,-0.00027011948986910284,0.00017756786837708205,0.0005479624960571527,63,3135,0.019916772842407227,12.312,28.76,17,6,10,1.21,831,0.003618035465478897,4.0658524085301906e-05,0.007933449931442738,1500,1500,1000,1500,1800,1000,1000,1800
1784593143.3134,9.9401,0.02000,50.00,498,576769,0.000,GUIDED,GUIDED,128,2.432510430405067,0.020659003736367733,15.00458753448174,0.4999830166524603,-0.004023054711288736,-0.000893358772062958,nan,nan,nan,nan,nan,nan,nan,nan,nan,nan,0.11853431422207768,0.0028027929554534717,0.00020072394419529994,0,0,2.327298402786255,-0.00550120510160923,15.004456520080566,0.4922913908958435,0.009462355636060238,-0.0009336055954918265,0,-13,-1001,2,0,1,0.012109813280403614,-0.00027422650600783527,0.00017851596930995584,0.0005688497330993414,63,3135,0.019917726516723633,12.312,28.76,17,6,10,1.21,831,0.003618035465478897,4.0658524085301906e-05,0.007933449931442738,1500,1500,1000,1500,1800,1000,1000,1800
1784593143.3334,9.9601,0.01996,50.09,499,576789,0.000,GUIDED,GUIDED,128,2.4425103196121776,0.02057854080053366,15.004569666897352,0.4999830166524603,-0.004023054711288736,-0.000893358772062958,nan,nan,nan,nan,nan,nan,nan,nan,nan,nan,0.11891666576261667,0.002497146132355608,0.00023895908510595626,0,0,2.3372840881347656,-0.005419332068413496,15.004438400268555,0.49207884073257446,0.009545096196234226,-0.0009555350407026708,0,-13,-1001,0,1,1,0.0120735177770257,-0.00026799895567819476,0.00018084514886140823,0.0005159603897482157,63,3135,0.019893646240234375,12.312,28.76,17,6,10,1.21,831,0.003618035465478897,4.0658524085301906e-05,0.007933449931442738,1500,1500,1000,1500,1800,1000,1000,1800
1784593143.3534,9.9800,0.02003,49.93,500,576809,0.000,GUIDED,GUIDED,128,2.45250484458347,0.020498121027394046,15.004551808897663,0.4999830166524603,-0.004023054711288736,-0.000893358772062958,nan,nan,nan,nan,nan,nan,nan,nan,nan,nan,0.11878536841331086,0.0026647558193516226,0.00028029793435062843,0,0,2.347531318664551,-0.005544653162360191,15.004420280456543,0.4920087456703186,0.009474250487983227,-0.0009792508790269494,0,-13,-1000,1,-1,1,0.01211018767207861,-0.0003056729328818619,0.0001834042923292145,0.000559704378247261,63,3135,0.019942760467529297,12.312,28.76,17,6,10,1.21,831,0.003618035465478897,4.0658524085301906e-05,0.007933449931442738,1500,1500,1000,1500,1800,1000,1000,1800
1784593143.3734,10.0000,0.01995,50.13,501,576829,0.000,GUIDED,GUIDED,128,2.462503660943417,0.020417666724098865,15.004533943230214,0.4999830166524603,-0.004023054711288736,-0.000893358772062958,nan,nan,nan,nan,nan,nan,nan,nan,nan,nan,0.11894558275693998,0.00256211329772214,0.00022766712554996195,0,0,2.35762357711792,-0.005557072348892689,15.004400253295898,0.49186229705810547,0.009494231082499027,-0.0009476165287196636,0,-13,-1001,0,1,1,0.012105592526495457,-0.00027090238290838897,0.00017205107724294066,0.0004992795875295997,63,3135,0.019882678985595703,12.312,28.76,17,6,10,1.21,831,0.003618035465478897,4.0658524085301906e-05,0.007933449931442738,1500,1500,1000,1500,1800,1000,1000,1800
1784593143.3938,10.0201,0.02042,48.98,502,576849,0.000,GUIDED,GUIDED,128,2.4725077223339422,0.020337170217280216,15.00451606819106,0.4999830166524603,-0.004023054711288736,-0.000893358772062958,nan,nan,nan,nan,nan,nan,nan,nan,nan,nan,0.118644768472844,0.0028511393654051947,0.00020709550433645557,0,0,2.36793851852417,-0.005746413487941027,15.00438117980957,0.49185648560523987,0.009390203282237053,-0.0009350475738756359,0,-13,-1001,1,-2,1,0.01213318482041359,-0.00032121074036695063,0.0001611929474165663,0.0004954608739353716,63,3135,0.019980907440185547,12.312,28.76,17,6,10,1.21,831,0.003105155425146222,4.9965452490141615e-05,0.008266107179224491,1500,1500,1000,1500,1800,1000,1000,1800
1784593143.4134,10.0400,0.01960,51.01,503,576869,0.000,GUIDED,GUIDED,128,2.482503558562879,0.020256739893259733,15.004498207848444,0.4999830166524603,-0.004023054711288736,-0.000893358772062958,nan,nan,nan,nan,nan,nan,nan,nan,nan,nan,0.11838360466126234,0.00302326687952377,0.00022741848523579643,0,0,2.378209352493286,-0.005902016069740057,15.004363059997559,0.49184849858283997,0.00933422613888979,-0.0009466312476433814,0,-13,-1000,1,2,1,0.012153642252087593,-0.0002785684773698449,0.0001534998300485313,0.0005425236886367202,63,3135,0.01953268051147461,12.312,28.76,17,6,10,1.21,831,0.003105155425146222,4.9965452490141615e-05,0.008266107179224491,1500,1500,1000,1500,1800,1000,1000,1800
1784593143.4335,10.0601,0.02010,49.76,504,576889,0.000,GUIDED,GUIDED,128,2.4925065471062404,0.020176252018979976,15.00448033472623,0.4999830166524603,-0.004023054711288736,-0.000893358772062958,nan,nan,nan,nan,nan,nan,nan,nan,nan,nan,0.11863694515134478,0.00281320950958033,0.0002571367782683276,0,0,2.388244867324829,-0.005874634720385075,15.004344940185547,0.4916834533214569,0.009393224492669106,-0.0009636466857045889,0,-13,-1000,0,-1,1,0.012147425673902035,-0.00031930170371197164,0.00014670380915049464,0.0006074580014683306,63,3135,0.019958972930908203,12.312,28.76,17,6,10,1.21,831,0.003105155425146222,4.9965452490141615e-05,0.008266107179224491,1500,1500,1000,1500,1800,1000,1000,1800
1784593143.4534,10.0800,0.01993,50.17,505,576909,0.000,GUIDED,GUIDED,128,2.5025003568460904,0.020095838000866287,15.0044624780045,0.4999830166524603,-0.004023054711288736,-0.000893358772062958,nan,nan,nan,nan,nan,nan,nan,nan,nan,nan,0.11850635407338597,0.0029083755833735486,0.00024336648977789745,0,0,2.3984599113464355,-0.005988108925521374,15.004327774047852,0.4916311204433441,0.009357367642223835,-0.0009560951148159802,0,-13,-1000,2,1,1,0.01218106783926487,-0.0002810047008097172,0.00014255769201554358,0.000595474150031805,63,3135,0.019864320755004883,12.312,28.76,17,6,10,1.21,831,0.003105155425146222,4.9965452490141615e-05,0.008266107179224491,1500,1500,1000,1500,1800,1000,1000,1800
1784593143.4734,10.1000,0.01998,50.05,506,576929,0.000,GUIDED,GUIDED,128,2.5125022725422883,0.020015358759125423,15.004444606799225,0.4999830166524603,-0.004023054711288736,-0.000893358772062958,nan,nan,nan,nan,nan,nan,nan,nan,nan,nan,0.11884214729492133,0.0026590634471452892,0.0002339754243997242,0,0,2.408466100692749,-0.005940179340541363,15.00430965423584,0.491434782743454,0.00942717120051384,-0.0009505296475253999,0,-13,-1000,-1,0,1,0.01214743871241808,-0.00031521025812253356,0.0001389360404573381,0.0006047342903912067,63,3135,0.0198974609375,12.312,28.76,17,6,10,1.21,831,0.003105155425146222,4.9965452490141615e-05,0.008266107179224491,1500,1500,1000,1500,1800,1000,1000,1800
1784593143.4934,10.1201,0.02002,49.94,507,576949,0.000,GUIDED,GUIDED,128,2.522504426648967,0.01993487759904258,15.004426735167964,0.4999830166524603,-0.004023054711288736,-0.000893358772062958,nan,nan,nan,nan,nan,nan,nan,nan,nan,nan,0.11879556875163079,0.0026399662143721733,0.00025986893988795556,0,0,2.41862416267395,-0.006011403165757656,15.004291534423828,0.49137166142463684,0.009432852268218994,-0.0009653359884396195,0,-13,-1001,2,1,1,0.012195166200399399,-0.0002832030295394361,0.00013738853158429265,0.0005515483790077269,63,3135,0.019949913024902344,12.312,28.76,17,6,10,1.21,831,0.003105155425146222,4.9965452490141615e-05,0.008266107179224491,1500,1500,1000,1500,1800,1000,1000,1800
1784593143.5134,10.1400,0.01996,50.09,508,576969,0.000,GUIDED,GUIDED,128,2.532501812546029,0.019854434805799254,15.004408872056436,0.4999830166524603,-0.004023054711288736,-0.000893358772062958,nan,nan,nan,nan,nan,nan,nan,nan,nan,nan,0.11880844175418208,0.0025976415485124763,0.0001407038296418806,0,0,2.4287478923797607,-0.006056264042854309,15.004274368286133,0.4912912845611572,0.009436745196580887,-0.0008969383779913187,0,-13,-1001,0,0,1,0.012163706123828888,-0.0002941058774013072,0.0001392111589666456,0.0006567607051692903,63,3135,0.019895076751708984,12.312,28.76,17,6,10,1.21,831,0.003105155425146222,4.9965452490141615e-05,0.008266107179224491,1500,1500,1000,1500,1800,1000,1000,1800
1784593143.5334,10.1601,0.02005,49.87,509,576989,0.000,GUIDED,GUIDED,128,2.5425069467837176,0.019773929666441717,15.00439099510034,0.4999830166524603,-0.004023054711288736,-0.000893358772062958,nan,nan,nan,nan,nan,nan,nan,nan,nan,nan,0.11921369559233132,0.0022884917999046253,4.4738030098994156e-05,0,0,2.4387073516845703,-0.0059748017229139805,15.004258155822754,0.49108368158340454,0.009521720930933952,-0.0008424934931099415,0,-13,-1001,1,0,1,0.012198738753795624,-0.00028048662352375686,0.0001431737036909908,0.000647755921818316,63,3135,0.019968748092651367,12.312,28.76,17,6,10,1.21,831,0.003105155425146222,4.9965452490141615e-05,0.008266107179224491,1500,1500,1000,1500,1800,1000,1000,1800
1784593143.5534,10.1801,0.01999,50.01,510,577009,0.000,GUIDED,GUIDED,128,2.552504690296501,0.019693483995685428,15.004373131349832,0.4999830166524603,-0.004023054711288736,-0.000893358772062958,nan,nan,nan,nan,nan,nan,nan,nan,nan,nan,0.11902558389335248,0.002450843503245405,6.174753399586835e-05,0,0,2.448911428451538,-0.006097100675106049,15.004242897033691,0.4910731613636017,0.009452151134610176,-0.0008538179099559784,0,-13,-1000,0,1,1,0.012168323621153831,-0.0002727914834395051,0.00014886098506394774,0.0006984640494920313,63,3135,0.019912242889404297,12.312,28.76,17,6,10,1.21,831,0.003105155425146222,4.9965452490141615e-05,0.008266107179224491,1500,1500,1000,1500,1800,1000,1000,1800
1784593143.5735,10.2001,0.02002,49.95,511,577029,0.000,GUIDED,GUIDED,128,2.5625046987088522,0.01961302010068037,15.004355263552451,0.4999830166524603,-0.004023054711288736,-0.000893358772062958,nan,nan,nan,nan,nan,nan,nan,nan,nan,nan,0.11919800783273525,0.002340610359775456,0.00011896345289772055,0,0,2.458967685699463,-0.006106673274189234,15.004225730895996,0.4909411370754242,0.009474865160882473,-0.0008872566395439208,0,-13,-1000,0,0,1,0.012193088419735432,-0.00029045884730294347,0.00013973812747281045,0.0006656993646174669,63,3135,0.019936084747314453,12.312,28.76,17,6,10,1.21,831,0.003105155425146222,4.9965452490141615e-05,0.008266107179224491,1500,1500,1000,1500,1800,1000,1000,1800
1784593143.5934,10.2201,0.01998,50.05,512,577049,0.000,GUIDED,GUIDED,128,2.572503872684521,0.019532562919872223,15.004337397246022,0.4999830166524603,-0.004023054711288736,-0.000893358772062958,nan,nan,nan,nan,nan,nan,nan,nan,nan,nan,0.11885837002310898,0.0026660325478256065,7.765878414281517e-05,0,0,2.4692323207855225,-0.006290249992161989,15.0042085647583,0.4909839630126953,0.00934651866555214,-0.0008638136205263436,0,-13,-1001,0,2,1,0.012198224663734436,-0.0002523083530832082,0.00013269267219584435,0.0006666178815066814,63,3135,0.0198972225189209,12.312,28.76,17,6,10,1.21,831,0.003105155425146222,4.9965452490141615e-05,0.008266107179224491,1500,1500,1000,1500,1800,1000,1000,1800
1784593143.6134,10.2401,0.02001,49.99,513,577069,0.000,GUIDED,GUIDED,128,2.5825057883807183,0.01945208367813136,15.004319526040748,0.4999830166524603,-0.004023054711288736,-0.000893358772062958,nan,nan,nan,nan,nan,nan,nan,nan,nan,nan,0.11868777383897494,0.0028899163649246003,4.16693845088008e-05,0,0,2.4794554710388184,-0.006441392935812473,15.004192352294922,0.490954726934433,0.009258056990802288,-0.0008439928060397506,0,-13,-1001,0,-1,1,0.012194876559078693,-0.0002805450349114835,0.00012688161223195493,0.000741903146263212,63,3135,0.01992201805114746,12.312,28.76,17,6,10,1.21,831,0.003105155425146222,4.9965452490141615e-05,0.008266107179224491,1500,1500,1000,1500,1800,1000,1000,1800
1784593143.6334,10.2601,0.02000,50.00,514,577089,0.000,GUIDED,GUIDED,128,2.592506154408791,0.019371616905613336,15.004301657604385,0.4999830166524603,-0.004023054711288736,-0.000893358772062958,nan,nan,nan,nan,nan,nan,nan,nan,nan,nan,0.11895944502728098,0.0026957474956539815,5.7269093360349626e-05,0,0,2.4894590377807617,-0.00641280272975564,15.00417709350586,0.4907960295677185,0.009307196363806725,-0.0008545059827156365,0,-13,-1001,1,2,1,0.01220796350389719,-0.00023551691265311092,0.00012401232379488647,0.0007448919932357967,63,3135,0.019917726516723633,12.312,28.76,17,6,10,1.21,831,0.003105155425146222,4.9965452490141615e-05,0.008266107179224491,1500,1500,1000,1500,1800,1000,1000,1800
1784593143.6537,10.2801,0.02025,49.38,515,577109,0.000,GUIDED,GUIDED,128,2.602504374742536,0.019291167398173093,15.004283793001903,0.4999830166524603,-0.004023054711288736,-0.000893358772062958,nan,nan,nan,nan,nan,nan,nan,nan,nan,nan,0.11842345740576327,0.0028059432768945333,2.3808545974677347e-05,0,0,2.500037431716919,-0.006514550186693668,15.004161834716797,0.49077051877975464,0.009255871176719666,-0.0008366919937543571,0,-13,-1001,-1,-1,1,0.01218759547919035,-0.00026883400278165936,0.00012496333511080593,0.0008701311307959259,63,3135,0.020186901092529297,12.312,28.76,17,6,10,1.21,831,0.002679217606782913,6.34133248240687e-05,0.008015546947717667,1500,1500,1000,1500,1800,1000,1000,1800
1784593143.6734,10.3001,0.01975,50.63,516,577129,0.000,GUIDED,GUIDED,128,2.612505575207291,0.019210693911458156,15.004265923074588,0.4999830166524603,-0.004023054711288736,-0.000893358772062958,nan,nan,nan,nan,nan,nan,nan,nan,nan,nan,0.1184211299888206,0.0028582106369645435,6.594876872578534e-06,0,0,2.5101709365844727,-0.006595763843506575,15.004148483276367,0.4906954765319824,0.009226121939718723,-0.0008293624268844724,0,-13,-1001,2,2,1,0.012225037440657616,-0.00022221521066967398,0.00012475896801333874,0.0007717913249507546,63,3135,0.019666433334350586,12.312,28.76,17,6,10,1.21,831,0.002679217606782913,6.34133248240687e-05,0.008015546947717667,1500,1500,1000,1500,1800,1000,1000,1800
1784593143.6934,10.3200,0.01998,50.05,517,577149,0.000,GUIDED,GUIDED,128,2.622499384947141,0.019130279893344468,15.00424806635286,0.4999830166524603,-0.004023054711288736,-0.000893358772062958,nan,nan,nan,nan,nan,nan,nan,nan,nan,nan,0.11878412464198335,0.0025875265744416294,7.857372268301068e-05,0,0,2.5201289653778076,-0.00653390446677804,15.004132270812988,0.4905065596103668,0.009300259873270988,-0.0008718687458895147,0,-13,-1000,-1,0,1,0.012196765281260014,-0.0002501063281670213,0.00012697184865828604,0.0007865949883125722,63,3135,0.0198974609375,12.312,28.76,17,6,10,1.21,831,0.002679217606782913,6.34133248240687e-05,0.008015546947717667,1500,1500,1000,1500,1800,1000,1000,1800
1784593143.7134,10.3400,0.02000,50.00,518,577169,0.000,GUIDED,GUIDED,128,2.632498916538531,0.01904981983502336,15.00423019940745,0.4999830166524603,-0.004023054711288736,-0.000893358772062958,nan,nan,nan,nan,nan,nan,nan,nan,nan,nan,0.1188402423078116,0.002567338966992419,9.971201318349294e-05,0,0,2.530212163925171,-0.006576926447451115,15.00411605834961,0.49042585492134094,0.00929030030965805,-0.0008850281592458487,0,-13,-1000,2,2,1,0.012239436618983746,-0.0002045810833806172,0.00013165836571715772,0.0007716897525824606,63,3135,0.019916057586669922,12.312,28.76,17,6,10,1.21,831,0.002679217606782913,6.34133248240687e-05,0.008015546947717667,1500,1500,1000,1500,1800,1000,1000,1800
1784593143.7334,10.3600,0.01998,50.05,519,577189,0.000,GUIDED,GUIDED,128,2.642498686540401,0.018969357858360274,15.004212332036056,0.4999830166524603,-0.004023054711288736,-0.000893358772062958,nan,nan,nan,nan,nan,nan,nan,nan,nan,nan,0.11929393227827562,0.0022593689180619367,7.106308873737493e-05,0,0,2.5401430130004883,-0.006496115121990442,15.004100799560547,0.49020370841026306,0.009374995715916157,-0.0008699937607161701,0,-13,-1001,-1,-1,1,0.012195689603686333,-0.0002436924260109663,0.0001378868764732033,0.0008002950926311314,63,3135,0.019901037216186523,12.312,28.76,17,6,10,1.21,831,0.002679217606782913,6.34133248240687e-05,0.008015546947717667,1500,1500,1000,1500,1800,1000,1000,1800
1784593143.7534,10.3801,0.02003,49.93,520,577209,0.000,GUIDED,GUIDED,128,2.652500006210397,0.01888888341247435,15.004194461895748,0.4999830166524603,-0.004023054711288736,-0.000893358772062958,nan,nan,nan,nan,nan,nan,nan,nan,nan,nan,0.11913333857644812,0.002509800100342005,1.7718090925841247e-05,0,0,2.550354480743408,-0.00666990177705884,15.004085540771484,0.4901750981807709,0.00928428303450346,-0.0008407026762142777,0,-13,-1001,1,2,1,0.012230834923684597,-0.00019876455189660192,0.0001424933288944885,0.0007164972485043108,63,3135,0.019947290420532227,12.312,28.76,17,6,10,1.21,831,0.002679217606782913,6.34133248240687e-05,0.008015546947717667,1500,1500,1000,1500,1800,1000,1000,1800
1784593143.7734,10.4000,0.01999,50.02,521,577229,0.000,GUIDED,GUIDED,128,2.66249774972318,0.01880843774171806,15.00417659814524,0.4999830166524603,-0.004023054711288736,-0.000893358772062958,nan,nan,nan,nan,nan,nan,nan,nan,nan,nan,0.11830889233973928,0.0029910148163142074,-2.741664198002629e-05,0,0,2.5610973834991455,-0.006959277670830488,15.004068374633789,0.4902208745479584,0.009127079509198666,-0.0008150468929670751,0,-13,-1001,-1,-1,1,0.012188454158604145,-0.00023793666332494467,0.00013685562589671463,0.0007973644533194602,63,3135,0.019908428192138672,12.312,28.76,17,6,10,1.21,831,0.002679217606782913,6.34133248240687e-05,0.008015546947717667,1500,1500,1000,1500,1800,1000,1000,1800
1784593143.7934,10.4200,0.01996,50.10,522,577249,0.000,GUIDED,GUIDED,128,2.672496446877887,0.018727984397593867,15.004158732690783,0.4999830166524603,-0.004023054711288736,-0.000893358772062958,nan,nan,nan,nan,nan,nan,nan,nan,nan,nan,0.11845401809317996,0.002907926624900692,-1.6227558103046476e-05,0,0,2.5711464881896973,-0.007001654710620642,15.00405216217041,0.4901079833507538,0.009153067134320736,-0.0008224612683989108,0,-13,-1001,0,1,1,0.01221038680523634,-0.00020118731481488794,0.00013119500363245606,0.0007665114826522768,63,3135,0.019893646240234375,12.312,28.76,17,6,10,1.21,831,0.002679217606782913,6.34133248240687e-05,0.008015546947717667,1500,1500,1000,1500,1800,1000,1000,1800
1784593143.8134,10.4400,0.02000,50.00,523,577269,0.000,GUIDED,GUIDED,128,2.6824964552902384,0.018647520502588808,15.004140864893403,0.4999830166524603,-0.004023054711288736,-0.000893358772062958,nan,nan,nan,nan,nan,nan,nan,nan,nan,nan,0.11819232144532657,0.0033243622634145757,-3.719631303038791e-05,0,0,2.581411600112915,-0.007241148967295885,15.004035949707031,0.4901060163974762,0.009004454128444195,-0.0008113106596283615,0,-13,-1001,-1,0,1,0.012167073786258698,-0.00022955822350922972,0.00012701125524472445,0.0007705110474489629,63,3135,0.019932031631469727,12.312,28.76,17,6,10,1.21,831,0.002679217606782913,6.34133248240687e-05,0.008015546947717667,1500,1500,1000,1500,1800,1000,1000,1800
1784593143.8334,10.4600,0.02000,50.00,524,577289,0.000,GUIDED,GUIDED,128,2.6924959868816276,0.0185670604442677,15.004122997947993,0.4999830166524603,-0.004023054711288736,-0.000893358772062958,nan,nan,nan,nan,nan,nan,nan,nan,nan,nan,0.1179783581213763,0.0035483456148419357,2.4323203188767465e-05,0,0,2.5916366577148438,-0.007446341682225466,15.004021644592285,0.49009934067726135,0.008947151713073254,-0.0008488853927701712,0,-13,-1000,1,1,1,0.012198627926409245,-0.00019429602252785116,0.0001249835768248886,0.0008108238107524812,63,3135,0.019933223724365234,12.312,28.76,17,6,10,1.21,831,0.002679217606782913,6.34133248240687e-05,0.008015546947717667,1500,1500,1000,1500,1800,1000,1000,1800
1784593143.8534,10.4800,0.02004,49.91,525,577309,0.000,GUIDED,GUIDED,128,2.70249623370446,0.018486594630920665,15.004105129724625,0.4999830166524603,-0.004023054711288736,-0.000893358772062958,nan,nan,nan,nan,nan,nan,nan,nan,nan,nan,0.11830382959953752,0.0033955361251948694,-3.9220171245911515e-05,0,0,2.601633071899414,-0.007447495590895414,15.004005432128906,0.4899136424064636,0.008989585563540459,-0.0008131545619107783,0,-13,-1001,0,0,1,0.012163517065346241,-0.0002279179752804339,0.0001236294483533129,0.000753235537558794,63,3135,0.01995253562927246,12.312,28.76,17,6,10,1.21,831,0.002679217606782913,6.34133248240687e-05,0.008015546947717667,1500,1500,1000,1500,1800,1000,1000,1800
1784593143.8734,10.5001,0.02002,49.96,526,577329,0.000,GUIDED,GUIDED,128,2.7125023215840716,0.01840608181819522,15.004087251064584,0.4999830166524603,-0.004023054711288736,-0.000893358772062958,nan,nan,nan,nan,nan,nan,nan,nan,nan,nan,0.11824350452736894,0.0035921480345383755,-7.118141872619474e-05,0,0,2.611800193786621,-0.007604971993714571,15.00399112701416,0.48985549807548523,0.008920506574213505,-0.0007967649144120514,0,-13,-1001,0,0,1,0.012179946526885033,-0.00020501909602899104,0.00012487659114412963,0.0007631490007042885,63,3135,0.019934654235839844,12.312,28.76,17,6,10,1.21,831,0.002679217606782913,6.34133248240687e-05,0.008015546947717667,1500,1500,1000,1500,1800,1000,1000,1800
1784593143.8938,10.5200,0.02034,49.16,527,577349,0.000,GUIDED,GUIDED,128,2.72249553529772,0.018325672595936475,15.004069395407821,0.4999830166524603,-0.004023054711288736,-0.000893358772062958,nan,nan,nan,nan,nan,nan,nan,nan,nan,nan,0.11857221836076556,0.0033803040000107143,-5.009256332436104e-05,0,0,2.621765375137329,-0.0075827245600521564,15.003975868225098,0.4896818995475769,0.008983545936644077,-0.000810439873021096,0,-13,-1000,0,0,1,0.012144902721047401,-0.00024383897834923118,0.0001271237852051854,0.0007606163853779435,63,3135,0.019899368286132812,12.312,28.79,17,6,10,1.21,831,0.006392261479049921,7.147883297875524e-05,0.007967166602611542,1500,1500,1000,1500,1800,1000,1000,1800
1784593143.9134,10.5400,0.01964,50.92,528,577369,0.000,GUIDED,GUIDED,128,2.73249530529959,0.01824521061927339,15.004051528036426,0.4999830166524603,-0.004023054711288736,-0.000893358772062958,nan,nan,nan,nan,nan,nan,nan,nan,nan,nan,0.11863640731799299,0.003459731211997521,-3.733339341463331e-05,0,0,2.6318771839141846,-0.0076949563808739185,15.003961563110352,0.4895801544189453,0.008956030942499638,-0.0008198630530387163,0,-13,-1001,0,0,1,0.012166016735136509,-0.00023274784325622022,0.000133655994432047,0.0008435904746875167,63,3135,0.01955699920654297,12.312,28.79,17,6,10,1.21,831,0.006392261479049921,7.147883297875524e-05,0.007967166602611542,1500,1500,1000,1500,1800,1000,1000,1800
1784593143.9334,10.5600,0.02000,50.01,529,577389,0.000,GUIDED,GUIDED,128,2.7424945984804987,0.01816475247929426,15.004033661517004,0.4999830166524603,-0.004023054711288736,-0.000893358772062958,nan,nan,nan,nan,nan,nan,nan,nan,nan,nan,0.11871373048545059,0.0034726509970877256,-9.225338838681186e-05,0,0,2.6419575214385986,-0.007780473679304123,15.003946304321289,0.48948872089385986,0.008951492607593536,-0.0007896605529822409,0,-13,-1001,0,0,1,0.012140951119363308,-0.00024079123977571726,0.00013967492850497365,0.0007761428132653236,63,3135,0.019914865493774414,12.312,28.79,17,6,10,1.21,831,0.006392261479049921,7.147883297875524e-05,0.007967166602611542,1500,1500,1000,1500,1800,1000,1000,1800
1784593143.9534,10.5800,0.01997,50.07,530,577409,0.000,GUIDED,GUIDED,128,2.7524947260980905,0.01808428762511821,15.00401579350663,0.4999830166524603,-0.004023054711288736,-0.000893358772062958,nan,nan,nan,nan,nan,nan,nan,nan,nan,nan,0.11879947380933088,0.0034878755456409886,1.8523290704961363e-05,0,0,2.652040958404541,-0.007875216193497181,15.00393009185791,0.48939111828804016,0.008950945921242237,-0.0008545733289793134,0,-13,-1000,0,-1,1,0.012150471098721027,-0.00026405375683680177,0.00014404606190510094,0.0008104903972707689,63,3135,0.01990532875061035,12.312,28.79,17,6,10,1.21,831,0.006392261479049921,7.147883297875524e-05,0.007967166602611542,1500,1500,1000,1500,1800,1000,1000,1800
1784593143.9734,10.6000,0.02001,49.98,531,577429,0.000,GUIDED,GUIDED,128,2.762494019278999,0.01800382948513908,15.003997926987207,0.4999830166524603,-0.004023054711288736,-0.000893358772062958,nan,nan,nan,nan,nan,nan,nan,nan,nan,nan,0.11835858433085872,0.0040433557747347505,7.216021651433474e-05,0,0,2.662384510040283,-0.00821041502058506,15.003912925720215,0.4894469082355499,0.008777313865721226,-0.0008859449881128967,0,-13,-1000,0,1,1,0.012146331369876862,-0.0002363672392675653,0.00013898825272917747,0.00079682981595397,63,3135,0.019938945770263672,12.312,28.79,17,6,10,1.21,831,0.006392261479049921,7.147883297875524e-05,0.007967166602611542,1500,1500,1000,1500,1800,1000,1000,1800
1784593143.9934,10.6200,0.02002,49.94,532,577449,0.000,GUIDED,GUIDED,128,2.7724935508703887,0.01792336942681797,15.0039800600418,0.4999830166524603,-0.004023054711288736,-0.000893358772062958,nan,nan,nan,nan,nan,nan,nan,nan,nan,nan,0.1185341491094237,0.00401477553688653,0.00010365563540721408,0,0,2.6724295616149902,-0.00827445276081562,15.00389575958252,0.4893192648887634,0.008784333243966103,-0.0009045334882102907,0,-13,-1000,0,-1,1,0.01214132085442543,-0.0002683618222363293,0.00013326264161150903,0.0007506043184548616,63,3135,0.019939184188842773,12.312,28.79,17,6,10,1.21,831,0.006392261479049921,7.147883297875524e-05,0.007967166602611542,1500,1500,1000,1500,1800,1000,1000,1800
1784593144.0134,10.6401,0.02002,49.96,533,577469,0.000,GUIDED,GUIDED,128,2.7824992811342795,0.01784285949160549,15.003962182020738,0.4999830166524603,-0.004023054711288736,-0.000893358772062958,nan,nan,nan,nan,nan,nan,nan,nan,nan,nan,0.11827232935183431,0.0044570303224414735,8.62087674771214e-05,0,0,2.6827001571655273,-0.008548532612621784,15.003878593444824,0.48931750655174255,0.008640754967927933,-0.0008948715403676033,0,-13,-1000,1,2,1,0.012151595205068588,-0.00021956443379167467,0.00012921428424306214,0.0007309113279916346,63,3135,0.019933700561523438,12.312,28.79,17,6,10,1.21,831,0.006392261479049921,7.147883297875524e-05,0.007967166602611542,1500,1500,1000,1500,1800,1000,1000,1800
1784593144.0334,10.6600,0.01998,50.04,534,577489,0.000,GUIDED,GUIDED,128,2.79249321007937,0.017762444514320817,15.003944325086016,0.4999830166524603,-0.004023054711288736,-0.000893358772062958,nan,nan,nan,nan,nan,nan,nan,nan,nan,nan,0.1180727967254098,0.004821657893953904,0.00011069470021396832,0,0,2.6929290294647217,-0.008786630816757679,15.003861427307129,0.4892970621585846,0.008521275594830513,-0.0009094073320738971,0,-13,-1000,-1,-1,1,0.012130405753850937,-0.00025120945065282285,0.00012617789616342634,0.0007482339860871434,63,3135,0.01989889144897461,12.312,28.79,17,6,10,1.21,831,0.006392261479049921,7.147883297875524e-05,0.007967166602611542,1500,1500,1000,1500,1800,1000,1000,1800
1784593144.0534,10.6801,0.02002,49.96,535,577509,0.000,GUIDED,GUIDED,128,2.80249870193278,0.017681936497450312,15.00392644749094,0.4999830166524603,-0.004023054711288736,-0.000893358772062958,nan,nan,nan,nan,nan,nan,nan,nan,nan,nan,0.11835967349677612,0.004729975324950519,0.00010276117044017991,0,0,2.7029190063476562,-0.008808094076812267,15.00384521484375,0.4891403913497925,0.008540119044482708,-0.0009057882707566023,0,-13,-1001,2,2,1,0.01216746773570776,-0.0002100154961226508,0.00012542982585728168,0.0007243254221975803,63,3135,0.019932985305786133,12.312,28.79,17,6,10,1.21,831,0.006392261479049921,7.147883297875524e-05,0.007967166602611542,1500,1500,1000,1500,1800,1000,1000,1800
1784593144.0734,10.7001,0.01997,50.07,536,577529,0.000,GUIDED,GUIDED,128,2.8124971606770055,0.017601485071668095,15.003908582462472,0.4999830166524603,-0.004023054711288736,-0.000893358772062958,nan,nan,nan,nan,nan,nan,nan,nan,nan,nan,0.11822373944579305,0.004927118621395124,5.351902659378717e-05,0,0,2.713088035583496,-0.00899604894220829,15.003830909729004,0.48912039399147034,0.008488365449011326,-0.0008794136228971183,0,-13,-1001,0,-1,1,0.01214219443500042,-0.0002422787219984457,0.00012751363101415336,0.000804970390163362,63,3135,0.01990532875061035,12.312,28.79,17,6,10,1.21,831,0.006392261479049921,7.147883297875524e-05,0.007967166602611542,1500,1500,1000,1500,1800,1000,1000,1800
1784593144.0934,10.7201,0.02002,49.95,537,577549,0.000,GUIDED,GUIDED,128,2.8224978843207995,0.017521015421637108,15.00389071338713,0.4999830166524603,-0.004023054711288736,-0.000893358772062958,nan,nan,nan,nan,nan,nan,nan,nan,nan,nan,0.11862180010942819,0.0047500248063664895,1.22175062934073e-05,0,0,2.72304630279541,-0.008992740884423256,15.003814697265625,0.4889150857925415,0.008542241528630257,-0.0008565246243961155,0,-13,-1001,2,1,1,0.012183906510472298,-0.00021484743047039956,0.00013209856115281582,0.0008080043480731547,63,3135,0.01993846893310547,12.312,28.79,17,6,10,1.21,831,0.006392261479049921,7.147883297875524e-05,0.007967166602611542,1500,1500,1000,1500,1800,1000,1000,1800
1784593144.1134,10.7401,0.02000,50.00,538,577569,0.000,GUIDED,GUIDED,128,2.832496343065025,0.017440563995854894,15.003872848358663,0.4999830166524603,-0.004023054711288736,-0.000893358772062958,nan,nan,nan,nan,nan,nan,nan,nan,nan,nan,0.118656609263652,0.004834586813656873,2.7176925101272807e-06,0,0,2.7331576347351074,-0.009132462553679943,15.003799438476562,0.4888298213481903,0.00852763932198286,-0.0008525446173734963,0,-13,-1001,0,-2,1,0.012158521451056004,-0.00026600935962051153,0.00013739621499553323,0.0007997488719411194,63,3135,0.019914865493774414,12.312,28.79,17,6,10,1.21,831,0.006392261479049921,7.147883297875524e-05,0.007967166602611542,1500,1500,1000,1500,1800,1000,1000,1800
1784593144.1334,10.7601,0.02000,50.00,539,577589,0.000,GUIDED,GUIDED,128,2.84249456339877,0.017360114488414652,15.003854983756181,0.4999830166524603,-0.004023054711288736,-0.000893358772062958,nan,nan,nan,nan,nan,nan,nan,nan,nan,nan,0.11870719004872715,0.00485786021381834,-1.9078674862049784e-05,0,0,2.743236541748047,-0.0092436783015728,15.003785133361816,0.4887540340423584,0.00853196531534195,-0.000842015550006181,0,-13,-1001,2,1,1,0.012198109179735184,-0.0002354786265641451,0.00014431006275117397,0.0007393441046588123,63,3135,0.019916296005249023,12.312,28.79,17,6,10,1.21,831,0.006392261479049921,7.147883297875524e-05,0.007967166602611542,1500,1500,1000,1500,1800,1000,1000,1800
1784593144.1538,10.7800,0.02032,49.21,540,577609,0.000,GUIDED,GUIDED,128,2.8524907572434284,0.017279681286881204,15.003837122774584,0.4999830166524603,-0.004023054711288736,-0.000893358772062958,nan,nan,nan,nan,nan,nan,nan,nan,nan,nan,0.11878080106421496,0.004921839857538413,9.991852483773561e-05,0,0,2.753302574157715,-0.009349996224045753,15.003768920898438,0.488671213388443,0.00850997120141983,-0.0009116703877225518,0,-13,-1000,-1,-2,1,0.012161001563072205,-0.00029222352895885706,0.00014701130567118526,0.0007369429804384708,63,3135,0.02025461196899414,12.312,28.76,17,6,10,1.21,831,0.00529423076659441,8.322665235027671e-05,0.0077996826730668545,1500,1500,1000,1500,1800,1000,1000,1800
1784593144.1734,10.8001,0.01964,50.91,541,577629,0.000,GUIDED,GUIDED,128,2.862495295454915,0.017199180943378606,15.003819246883456,0.4999830166524603,-0.004023054711288736,-0.000893358772062958,nan,nan,nan,nan,nan,nan,nan,nan,nan,nan,0.11837320442023597,0.005492732181759562,0.00011372117842403736,0,0,2.7636263370513916,-0.009700305759906769,15.003752708435059,0.4887222349643707,0.008336140774190426,-0.0009205997339449823,0,-13,-1000,2,0,1,0.012207463383674622,-0.0002657832810655236,0.00014180039579514414,0.0008172377129085362,63,3135,0.01957559585571289,12.312,28.76,17,6,10,1.21,831,0.00529423076659441,8.322665235027671e-05,0.0077996826730668545,1500,1500,1000,1500,1800,1000,1000,1800
1784593144.1934,10.8201,0.02000,50.00,542,577649,0.000,GUIDED,GUIDED,128,2.872494827046305,0.017118720885057497,15.003801379938048,0.4999830166524603,-0.004023054711288736,-0.000893358772062958,nan,nan,nan,nan,nan,nan,nan,nan,nan,nan,0.11859470687266334,0.0054771480164541655,5.8411659433193476e-05,0,0,2.7736544609069824,-0.009776366874575615,15.003735542297363,0.48857784271240234,0.00834259856492281,-0.0008890713797882199,0,-13,-1001,-1,0,1,0.012164110317826271,-0.0003032066742889583,0.000137071474455297,0.0008026852156035602,63,3135,0.019931793212890625,12.312,28.76,17,6,10,1.21,831,0.00529423076659441,8.322665235027671e-05,0.0077996826730668545,1500,1500,1000,1500,1800,1000,1000,1800
1784593144.2134,10.8401,0.02004,49.91,543,577669,0.000,GUIDED,GUIDED,128,2.882495431484858,0.0170382521941975,15.0037835110757,0.4999830166524603,-0.004023054711288736,-0.000893358772062958,nan,nan,nan,nan,nan,nan,nan,nan,nan,nan,0.11832712853082818,0.005877815369344595,2.363994033036662e-05,0,0,2.783905506134033,-0.010064429603517056,15.0037202835083,0.48858773708343506,0.008231127634644508,-0.0008705028449185193,0,-13,-1001,1,0,1,0.012200752273201942,-0.00030469417106360197,0.0001315071276621893,0.0007010236149653792,63,3135,0.019953250885009766,12.312,28.76,17,6,10,1.21,831,0.00529423076659441,8.322665235027671e-05,0.0077996826730668545,1500,1500,1000,1500,1800,1000,1000,1800
1784593144.2334,10.8601,0.02000,50.01,544,577689,0.000,GUIDED,GUIDED,128,2.89249281738192,0.016957809400954173,15.00376564796417,0.4999830166524603,-0.004023054711288736,-0.000893358772062958,nan,nan,nan,nan,nan,nan,nan,nan,nan,nan,0.11815111937122738,0.006192813643076219,5.388538173595627e-05,0,0,2.794114828109741,-0.010315077379345894,15.003704071044922,0.4885669946670532,0.008147531189024448,-0.0008889180608093739,0,-13,-1000,0,0,1,0.012177257798612118,-0.0003086343058384955,0.00012699500075541437,0.0006966987857595086,63,3135,0.01991415023803711,12.312,28.76,17,6,10,1.21,831,0.00529423076659441,8.322665235027671e-05,0.0077996826730668545,1500,1500,1000,1500,1800,1000,1000,1800
1784593144.2534,10.8800,0.01996,50.11,545,577709,0.000,GUIDED,GUIDED,128,2.902490322484223,0.01687736564853986,15.00374778463965,0.4999830166524603,-0.004023054711288736,-0.000893358772062958,nan,nan,nan,nan,nan,nan,nan,nan,nan,nan,0.1184102359045093,0.006044861382827088,9.64376406549157e-05,0,0,2.8040878772735596,-0.010345621034502983,15.003687858581543,0.48843151330947876,0.00820414163172245,-0.0009144387440755963,0,-13,-1000,0,-1,1,0.012201111763715744,-0.0003274983901064843,0.0001258182164747268,0.0007424321374855936,63,3135,0.019888877868652344,12.312,28.76,17,6,10,1.21,831,0.00529423076659441,8.322665235027671e-05,0.0077996826730668545,1500,1500,1000,1500,1800,1000,1000,1800
1784593144.2734,10.9001,0.02005,49.88,546,577729,0.000,GUIDED,GUIDED,128,2.912494741490469,0.01679686626420825,15.003729908961514,0.4999830166524603,-0.004023054711288736,-0.000893358772062958,nan,nan,nan,nan,nan,nan,nan,nan,nan,nan,0.1183067245505772,0.006224373905198356,5.143720608421472e-05,0,0,2.8142385482788086,-0.010544580407440662,15.00367259979248,0.48840683698654175,0.008168892934918404,-0.0008899685926735401,0,-13,-1001,0,0,1,0.012177573516964912,-0.0003312676271889359,0.00012584033538587391,0.0007035761955194175,63,3135,0.019965648651123047,12.312,28.76,17,6,10,1.21,831,0.00529423076659441,8.322665235027671e-05,0.0077996826730668545,1500,1500,1000,1500,1800,1000,1000,1800
1784593144.2934,10.9200,0.01995,50.12,547,577749,0.000,GUIDED,GUIDED,128,2.922489862487964,0.016716441695213694,15.003712049896858,0.4999830166524603,-0.004023054711288736,-0.000893358772062958,nan,nan,nan,nan,nan,nan,nan,nan,nan,nan,0.11866080166191614,0.006043430979352355,7.18676659118981e-05,0,0,2.824180841445923,-0.010549590922892094,15.003656387329102,0.48823291063308716,0.008229820057749748,-0.0009027147898450494,0,-13,-1001,0,-1,1,0.012182870879769325,-0.00035065063275396824,0.00012693388271145523,0.0006766444421373308,63,3135,0.019884824752807617,12.312,28.76,17,6,10,1.21,831,0.00529423076659441,8.322665235027671e-05,0.0077996826730668545,1500,1500,1000,1500,1800,1000,1000,1800
1784593144.3134,10.9400,0.01999,50.02,548,577769,0.000,GUIDED,GUIDED,128,2.9324874867955066,0.01663599698362839,15.003694186359343,0.4999830166524603,-0.004023054711288736,-0.000893358772062958,nan,nan,nan,nan,nan,nan,nan,nan,nan,nan,0.1186433726266983,0.0061804948371622336,7.920746509986382e-05,0,0,2.8342747688293457,-0.010699409060180187,15.003641128540039,0.48818737268447876,0.008190738968551159,-0.000908456277102232,0,-13,-1000,0,0,1,0.012157891876995564,-0.0003555130388122052,0.0001319219300057739,0.0007779813604429364,63,3135,0.019925594329833984,12.312,28.76,17,6,10,1.21,831,0.00529423076659441,8.322665235027671e-05,0.0077996826730668545,1500,1500,1000,1500,1800,1000,1000,1800
1784593144.3334,10.9601,0.02005,49.87,549,577789,0.000,GUIDED,GUIDED,128,2.942492144212234,0.016555495680954803,15.003676310255223,0.4999830166524603,-0.004023054711288736,-0.000893358772062958,nan,nan,nan,nan,nan,nan,nan,nan,nan,nan,0.1187495482321884,0.006227305441016014,7.211279485710626e-05,0,0,2.844336986541748,-0.010820665396749973,15.003625869750977,0.488092839717865,0.008187242783606052,-0.0009058712748810649,0,-13,-1001,0,-1,1,0.012161255814135075,-0.00037539508775807917,0.00013842165935784578,0.0007649789331480861,63,3135,0.019967317581176758,12.312,28.76,17,6,10,1.21,831,0.00529423076659441,8.322665235027671e-05,0.0077996826730668545,1500,1500,1000,1500,1800,1000,1000,1800
1784593144.3534,10.9801,0.01996,50.09,550,577809,0.000,GUIDED,GUIDED,128,2.952491914214104,0.01647503370429172,15.003658442883827,0.4999830166524603,-0.004023054711288736,-0.000893358772062958,nan,nan,nan,nan,nan,nan,nan,nan,nan,nan,0.1188718936728626,0.0062256957456138795,7.0144393572921904e-06,0,0,2.854382276535034,-0.010925669223070145,15.003609657287598,0.4879959225654602,0.008202341385185719,-0.0008692421833984554,0,-13,-1001,0,1,1,0.012151725590229034,-0.00036047177854925394,0.0001423016656190157,0.0007298741838894784,63,3135,0.019896507263183594,12.312,28.76,17,6,10,1.21,831,0.00529423076659441,8.322665235027671e-05,0.0077996826730668545,1500,1500,1000,1500,1800,1000,1000,1800
1784593144.3734,11.0001,0.02004,49.91,551,577829,0.000,GUIDED,GUIDED,128,2.9624907305740513,0.01639457940099654,15.003640577216379,0.4999830166524603,-0.004023054711288736,-0.000893358772062958,nan,nan,nan,nan,nan,nan,nan,nan,nan,nan,0.1184945817677131,0.006709114087137185,3.2147270915088874e-05,0,0,2.8646788597106934,-0.011266721412539482,15.003595352172852,0.48804184794425964,0.008073695935308933,-0.0008858083165250719,0,-13,-1000,0,-2,1,0.012147967703640461,-0.0004057353944517672,0.0001365863427054137,0.0007983403047546744,63,3135,0.01995372772216797,12.312,28.76,17,6,10,1.21,831,0.00529423076659441,8.322665235027671e-05,0.0077996826730668545,1500,1500,1000,1500,1800,1000,1000,1800
1784593144.3937,11.0200,0.02024,49.41,552,577849,0.000,GUIDED,GUIDED,128,2.972486566802988,0.016314149076976057,15.003622716873764,0.4999830166524603,-0.004023054711288736,-0.000893358772062958,nan,nan,nan,nan,nan,nan,nan,nan,nan,nan,0.11869341162819715,0.006650368837982031,6.799926311737222e-06,0,0,2.8746871948242188,-0.011340861208736897,15.003580093383789,0.4879198372364044,0.00810398068279028,-0.0008726760279387236,0,-13,-1001,1,1,1,0.012173032388091087,-0.0003818213881459087,0.00013269988994579762,0.0008113111252896488,63,3135,0.0198824405670166,12.312,28.76,17,6,10,1.21,831,0.004862218163907528,9.05185443116352e-05,0.007645835168659687,1500,1500,1000,1500,1800,1000,1000,1800
1784593144.4134,11.0400,0.01970,50.75,553,577869,0.000,GUIDED,GUIDED,128,2.9824779924380302,0.016233754242282128,15.003604864411901,0.4999830166524603,-0.004023054711288736,-0.000893358772062958,nan,nan,nan,nan,nan,nan,nan,nan,nan,nan,0.11842889915271915,0.006974561073913196,7.587025012889533e-05,0,0,2.8849127292633057,-0.01161974761635065,15.003564834594727,0.48793739080429077,0.008031407371163368,-0.0009140512556768954,0,-13,-1000,0,-1,1,0.01215300615876913,-0.00042056330130435526,0.00013007021334487945,0.0008168014464899898,63,3135,0.019635438919067383,12.312,28.76,17,6,10,1.21,831,0.004862218163907528,9.05185443116352e-05,0.007645835168659687,1500,1500,1000,1500,1800,1000,1000,1800
1784593144.4334,11.0600,0.02001,49.97,554,577889,0.000,GUIDED,GUIDED,128,2.9924857491910077,0.016153228001162853,15.003586982769953,0.4999830166524603,-0.004023054711288736,-0.000893358772062958,nan,nan,nan,nan,nan,nan,nan,nan,nan,nan,0.11825271694982104,0.007248427307322933,7.95258639680728e-06,0,0,2.895097494125366,-0.011861557140946388,15.00355052947998,0.48793691396713257,0.00796640757471323,-0.0008769038831815124,0,-13,-1001,2,1,1,0.012189281173050404,-0.000384702900191769,0.00012738624354824424,0.0007663496653549373,63,3135,0.019945621490478516,12.312,28.76,17,6,10,1.21,831,0.004862218163907528,9.05185443116352e-05,0.007645835168659687,1500,1500,1000,1500,1800,1000,1000,1800
1784593144.4535,11.0801,0.02010,49.74,555,577909,0.000,GUIDED,GUIDED,128,3.002491598660139,0.016072717106779388,15.003569104535899,0.4999830166524603,-0.004023054711288736,-0.000893358772062958,nan,nan,nan,nan,nan,nan,nan,nan,nan,nan,0.11857048832605199,0.0070711874003869,4.556884689222969e-05,0,0,2.9050521850585938,-0.011889614164829254,15.003535270690918,0.4877829849720001,0.008038452826440334,-0.0009001339785754681,0,-13,-1000,-1,-1,1,0.012150531634688377,-0.00042942221625708044,0.0001262143050553277,0.0007377284928224981,63,3135,0.01996636390686035,12.312,28.76,17,6,10,1.21,831,0.004862218163907528,9.05185443116352e-05,0.007645835168659687,1500,1500,1000,1500,1800,1000,1000,1800
1784593144.4735,11.1001,0.01999,50.02,556,577929,0.000,GUIDED,GUIDED,128,3.012491368662009,0.015992255130116304,15.003551237164503,0.4999830166524603,-0.004023054711288736,-0.000893358772062958,nan,nan,nan,nan,nan,nan,nan,nan,nan,nan,0.11852328398484031,0.0072518573900853985,8.459547234898123e-05,0,0,2.9151790142059326,-0.012080203741788864,15.003521919250488,0.48773688077926636,0.007997725158929825,-0.0009252732852473855,0,-13,-1000,1,1,1,0.012187588959932327,-0.00039056065725162625,0.0001279130083275959,0.0007330598309636116,63,3135,0.019909381866455078,12.312,28.76,17,6,10,1.21,831,0.004862218163907528,9.05185443116352e-05,0.007645835168659687,1500,1500,1000,1500,1800,1000,1000,1800
1784593144.4934,11.1201,0.01994,50.16,557,577949,0.000,GUIDED,GUIDED,128,3.0224901850219563,0.015911800826821122,15.003533371497054,0.4999830166524603,-0.004023054711288736,-0.000893358772062958,nan,nan,nan,nan,nan,nan,nan,nan,nan,nan,0.11856264539877046,0.007352470410143266,9.204519005119168e-05,0,0,2.925266742706299,-0.012236314825713634,15.003508567810059,0.48766282200813293,0.007983316667377949,-0.0009321806719526649,0,-13,-1000,-1,-2,1,0.012142890132963657,-0.0004508700512815267,0.00012980309838894755,0.0007046606624498963,63,3135,0.019854068756103516,12.312,28.76,17,6,10,1.21,831,0.004862218163907528,9.05185443116352e-05,0.007645835168659687,1500,1500,1000,1500,1800,1000,1000,1800
1784593144.5134,11.1401,0.02002,49.95,558,577969,0.000,GUIDED,GUIDED,128,3.0324911470762306,0.01583132925844816,15.003515501995727,0.4999830166524603,-0.004023054711288736,-0.000893358772062958,nan,nan,nan,nan,nan,nan,nan,nan,nan,nan,0.11896896960139468,0.007045630550777501,3.780670175747664e-05,0,0,2.935170888900757,-0.012222210876643658,15.00349235534668,0.4874841272830963,0.00810586754232645,-0.0009018227574415505,0,-13,-1001,1,0,1,0.012174470350146294,-0.000440710544353351,0.00013446915545500815,0.0007351678796112537,63,3135,0.019936084747314453,12.312,28.76,17,6,10,1.21,831,0.004862218163907528,9.05185443116352e-05,0.007645835168659687,1500,1500,1000,1500,1800,1000,1000,1800
1784593144.5334,11.1601,0.01996,50.10,559,577989,0.000,GUIDED,GUIDED,128,3.042488771383774,0.01575088454686286,15.003497638458212,0.4999830166524603,-0.004023054711288736,-0.000893358772062958,nan,nan,nan,nan,nan,nan,nan,nan,nan,nan,0.11908742373652298,0.00703957765438307,4.069411784777006e-05,0,0,2.945208787918091,-0.012334087863564491,15.003478050231934,0.48739248514175415,0.008127509616315365,-0.000905544264242053,0,-13,-1001,-1,-1,1,0.012131290510296822,-0.000489939353428781,0.0001405840739607811,0.0007191325421445072,63,3135,0.019891023635864258,12.312,28.76,17,6,10,1.21,831,0.004862218163907528,9.05185443116352e-05,0.007645835168659687,1500,1500,1000,1500,1800,1000,1000,1800
1784593144.5534,11.1801,0.02000,49.99,560,578009,0.000,GUIDED,GUIDED,128,3.0524892566170867,0.015670416815173848,15.003479769808855,0.4999830166524603,-0.004023054711288736,-0.000893358772062958,nan,nan,nan,nan,nan,nan,nan,nan,nan,nan,0.11925585629924962,0.007008081003612023,9.817712974930386e-05,0,0,2.9552290439605713,-0.012427706271409988,15.003461837768555,0.4872838258743286,0.008153286762535572,-0.0009396882960572839,0,-13,-1000,1,0,1,0.012165406718850136,-0.0004866286471951753,0.00014157945406623185,0.0007157770451158285,63,3135,0.019934892654418945,12.312,28.76,17,6,10,1.21,831,0.004862218163907528,9.05185443116352e-05,0.007645835168659687,1500,1500,1000,1500,1800,1000,1000,1800
1784593144.5735,11.2001,0.02005,49.87,561,578029,0.000,GUIDED,GUIDED,128,3.062489503439919,0.015589951001826814,15.003461901585487,0.4999830166524603,-0.004023054711288736,-0.000893358772062958,nan,nan,nan,nan,nan,nan,nan,nan,nan,nan,0.11890583418180557,0.00741952913333082,9.681925786764146e-05,0,0,2.9654905796051025,-0.012745683081448078,15.003446578979492,0.48733505606651306,0.008052864111959934,-0.0009404108859598637,0,-13,-1000,0,0,1,0.012133698910474777,-0.0005012631299905479,0.00013434982975013554,0.0006922953762114048,63,3135,0.019969463348388672,12.312,28.76,17,6,10,1.21,831,0.004862218163907528,9.05185443116352e-05,0.007645835168659687,1500,1500,1000,1500,1800,1000,1000,1800
1784593144.5934,11.2201,0.01999,50.04,562,578049,0.000,GUIDED,GUIDED,128,3.072489869467991,0.015509484229308791,15.003444033149126,0.4999830166524603,-0.004023054711288736,-0.000893358772062958,nan,nan,nan,nan,nan,nan,nan,nan,nan,nan,0.11865493181933594,0.0077619497602929195,6.895968648330227e-05,0,0,2.975705146789551,-0.013022026978433132,15.00343132019043,0.4873562455177307,0.007968257181346416,-0.0009258328354917467,0,-13,-1001,0,0,1,0.012161212973296642,-0.000513315899297595,0.00012939171574544162,0.0007282992592081428,63,3135,0.019901752471923828,12.312,28.76,17,6,10,1.21,831,0.004862218163907528,9.05185443116352e-05,0.007645835168659687,1500,1500,1000,1500,1800,1000,1000,1800
1784593144.6134,11.2401,0.01996,50.10,563,578069,0.000,GUIDED,GUIDED,128,3.082487136159813,0.015429042395236452,15.00342617025059,0.4999830166524603,-0.004023054711288736,-0.000893358772062958,nan,nan,nan,nan,nan,nan,nan,nan,nan,nan,0.11893113861550178,0.007542403243682459,0.00013908196135424948,0,0,2.9856667518615723,-0.013065402396023273,15.003414154052734,0.48721736669540405,0.008073612116277218,-0.0009667202248238027,0,-13,-1000,0,0,1,0.012155730277299881,-0.0005091946804895997,0.000125070582726039,0.0007021109340712428,63,3135,0.019891023635864258,12.312,28.76,17,6,10,1.21,831,0.004862218163907528,9.05185443116352e-05,0.007645835168659687,1500,1500,1000,1500,1800,1000,1000,1800
1784593144.6334,11.2601,0.02000,50.00,564,578089,0.000,GUIDED,GUIDED,128,3.0924875021878853,0.015348575622718429,15.003408301814229,0.4999830166524603,-0.004023054711288736,-0.000893358772062958,nan,nan,nan,nan,nan,nan,nan,nan,nan,nan,0.11879925196456712,0.007738079193394615,0.00018918032270902332,0,0,2.9958198070526123,-0.013286611065268517,15.003397941589355,0.4872053563594818,0.008041895925998688,-0.000996600603684783,0,-13,-1000,0,0,1,0.012167565524578094,-0.0005205539637245238,0.00012189468543510884,0.0006984437932260334,63,3135,0.019932985305786133,12.312,28.76,17,6,10,1.21,831,0.004862218163907528,9.05185443116352e-05,0.007645835168659687,1500,1500,1000,1500,1800,1000,1000,1800
1784593144.6538,11.2801,0.02037,49.10,565,578109,0.000,GUIDED,GUIDED,128,3.10248846424216,0.015268104054345467,15.0033904323129,0.4999830166524603,-0.004023054711288736,-0.000893358772062958,nan,nan,nan,nan,nan,nan,nan,nan,nan,nan,0.11917721662120787,0.007498013494444879,0.00017110893435817487,0,0,3.005751848220825,-0.01330382376909256,15.00338077545166,0.4870269298553467,0.008143975399434566,-0.00098657316993922,0,-13,-1001,1,1,1,0.012177880853414536,-0.0004997417563572526,0.0001218697361764498,0.0007153439219109714,63,3135,0.020299196243286133,12.312,28.76,16,6,10,1.21,831,0.004430371802300215,0.00010161021782550961,0.007548966445028782,1500,1500,1000,1500,1800,1000,1000,1800
1784593144.6734,11.3000,0.01962,50.97,566,578129,0.000,GUIDED,GUIDED,128,3.1124815587505674,0.015187695791257706,15.00337257686913,0.4999830166524603,-0.004023054711288736,-0.000893358772062958,nan,nan,nan,nan,nan,nan,nan,nan,nan,nan,0.11911930889737113,0.007611115542007326,0.00013393354622903995,0,0,3.0158486366271973,-0.013474921695888042,15.00336742401123,0.4870004951953888,0.008131035603582859,-0.0009677103371359408,0,-13,-1001,0,-1,1,0.012174402363598347,-0.0005256719305180013,0.0001229823537869379,0.0007122022798284888,63,3135,0.019552230834960938,12.312,28.76,16,6,10,1.21,831,0.004430371802300215,0.00010161021782550961,0.007548966445028782,1500,1500,1000,1500,1800,1000,1000,1800
1784593144.6934,11.3201,0.02005,49.86,567,578149,0.000,GUIDED,GUIDED,128,3.1224882426563814,0.015107178182677324,15.003354697144124,0.4999830166524603,-0.004023054711288736,-0.000893358772062958,nan,nan,nan,nan,nan,nan,nan,nan,nan,nan,0.11921753367424305,0.007672434394329252,0.00010473759606331002,0,0,3.025909423828125,-0.013614083640277386,15.003353118896484,0.4869125485420227,0.008129491470754147,-0.0009529178496450186,0,-13,-1001,1,1,1,0.012198064476251602,-0.0004945870023220778,0.0001271014625672251,0.0007431909907609224,63,3135,0.019971132278442383,12.312,28.76,16,6,10,1.21,831,0.004430371802300215,0.00010161021782550961,0.007548966445028782,1500,1500,1000,1500,1800,1000,1000,1800
1784593144.7134,11.3401,0.02000,50.00,568,578169,0.000,GUIDED,GUIDED,128,3.1324875358372903,0.015026720042698193,15.003336830624702,0.4999830166524603,-0.004023054711288736,-0.000893358772062958,nan,nan,nan,nan,nan,nan,nan,nan,nan,nan,0.11963069768451934,0.007309899121472303,8.357432932317008e-05,0,0,3.035792827606201,-0.013589910231530666,15.003336906433105,0.48674091696739197,0.008278392255306244,-0.0009416542015969753,0,-13,-1001,0,-1,1,0.012191654182970524,-0.0005308771505951881,0.00013326921907719225,0.0007941684452816844,63,3135,0.019915103912353516,12.312,28.76,16,6,10,1.21,831,0.004430371802300215,0.00010161021782550961,0.007548966445028782,1500,1500,1000,1500,1800,1000,1000,1800
1784593144.7334,11.3601,0.02000,50.00,569,578189,0.000,GUIDED,GUIDED,128,3.14248718663392,0.014946259025206094,15.0033189634663,0.4999830166524603,-0.004023054711288736,-0.000893358772062958,nan,nan,nan,nan,nan,nan,nan,nan,nan,nan,0.11974951775376408,0.007249671974279129,9.394814189637886e-05,0,0,3.045804977416992,-0.013685046695172787,15.00332260131836,0.48666509985923767,0.008321637287735939,-0.0009497000719420612,0,-13,-1000,1,1,1,0.012212851084768772,-0.0005051527405157685,0.00014227363863028586,0.0007960776565596461,63,3135,0.019916057586669922,12.312,28.76,16,6,10,1.21,831,0.004430371802300215,0.00010161021782550961,0.007548966445028782,1500,1500,1000,1500,1800,1000,1000,1800
1784593144.7534,11.3801,0.02000,50.00,570,578209,0.000,GUIDED,GUIDED,128,3.1524863606095885,0.014865801844397952,15.003301097159872,0.4999830166524603,-0.004023054711288736,-0.000893358772062958,nan,nan,nan,nan,nan,nan,nan,nan,nan,nan,0.11989941687999908,0.007113143433369683,0.00010036026209459082,0,0,3.0558054447174072,-0.01376284472644329,15.003307342529297,0.4865778088569641,0.008398926816880703,-0.0009549075621180236,0,-13,-1000,0,-1,1,0.012208594009280205,-0.0005409833393059671,0.00014561177522409707,0.0008223525364883244,63,3135,0.019915342330932617,12.312,28.76,16,6,10,1.21,831,0.004430371802300215,0.00010161021782550961,0.007548966445028782,1500,1500,1000,1500,1800,1000,1000,1800
1784593144.7734,11.4001,0.02000,50.00,571,578229,0.000,GUIDED,GUIDED,128,3.1624866074324203,0.014785336031050915,15.003283228936503,0.4999830166524603,-0.004023054711288736,-0.000893358772062958,nan,nan,nan,nan,nan,nan,nan,nan,nan,nan,0.11952853930095926,0.007481561212194197,9.386296713265958e-05,0,0,3.066041946411133,-0.014054283499717712,15.003294944763184,0.4866555333137512,0.008308026008307934,-0.00095431471709162,0,-13,-1000,1,2,1,0.012232491746544838,-0.0004980529774911702,0.00014178523269947618,0.0007876826566644013,63,3135,0.01991891860961914,12.312,28.76,16,6,10,1.21,831,0.004430371802300215,0.00010161021782550961,0.007548966445028782,1500,1500,1000,1500,1800,1000,1000,1800
1784593144.7934,11.4201,0.02000,50.00,572,578249,0.000,GUIDED,GUIDED,128,3.1724860198185696,0.014704876931900795,15.003265362204088,0.4999830166524603,-0.004023054711288736,-0.000893358772062958,nan,nan,nan,nan,nan,nan,nan,nan,nan,nan,0.1192884856307296,0.007787752333324155,9.416327682229698e-05,0,0,3.076233148574829,-0.01430565770715475,15.003281593322754,0.4866833984851837,0.008229924365878105,-0.0009570950060151517,0,-13,-1000,0,-1,1,0.012228034436702728,-0.0005371372099034488,0.00013839898747392,0.0007786893984302878,63,3135,0.019916057586669922,12.312,28.76,16,6,10,1.21,831,0.004430371802300215,0.00010161021782550961,0.007548966445028782,1500,1500,1000,1500,1800,1000,1000,1800
1784593144.8134,11.4401,0.01996,50.10,573,578269,0.000,GUIDED,GUIDED,128,3.1824848361785167,0.014624422628605617,15.00324749653664,0.4999830166524603,-0.004023054711288736,-0.000893358772062958,nan,nan,nan,nan,nan,nan,nan,nan,nan,nan,0.11957496722417835,0.007589972049725099,4.944922772530723e-05,0,0,3.086176633834839,-0.014334634877741337,15.003265380859375,0.4865499436855316,0.008314392529428005,-0.0009322338155470788,0,-13,-1001,1,2,1,0.012250121682882309,-0.0004939611535519361,0.00013669133477378637,0.0007856783922761679,63,3135,0.019893646240234375,12.312,28.76,16,6,10,1.21,831,0.004430371802300215,0.00010161021782550961,0.007548966445028782,1500,1500,1000,1500,1800,1000,1000,1800
1784593144.8334,11.4601,0.02004,49.90,574,578289,0.000,GUIDED,GUIDED,128,3.1924855598223103,0.01454395297857463,15.003229627461298,0.4999830166524603,-0.004023054711288736,-0.000893358772062958,nan,nan,nan,nan,nan,nan,nan,nan,nan,nan,0.11940492668933186,0.007778703465458153,6.391342127851168e-05,0,0,3.0963077545166016,-0.014533372595906258,15.003252029418945,0.48657283186912537,0.008273710496723652,-0.0009431929793208838,0,-13,-1000,-1,-1,1,0.012227660045027733,-0.000527293304912746,0.0001338378933724016,0.0006990624824538827,63,3135,0.019955873489379883,12.312,28.76,16,6,10,1.21,831,0.004430371802300215,0.00010161021782550961,0.007548966445028782,1500,1500,1000,1500,1800,1000,1000,1800
1784593144.8534,11.4800,0.01996,50.10,575,578309,0.000,GUIDED,GUIDED,128,3.202478892741199,0.014463542797144891,15.003211771591543,0.4999830166524603,-0.004023054711288736,-0.000893358772062958,nan,nan,nan,nan,nan,nan,nan,nan,nan,nan,0.11969110739539097,0.007524659001436722,8.217064246068766e-05,0,0,3.1062233448028564,-0.014537511393427849,15.0032377243042,0.48645249009132385,0.008376347832381725,-0.000955783820245415,0,-13,-1000,2,2,1,0.012261254712939262,-0.00047767115756869316,0.00013467579265125096,0.0006969012902118266,63,3135,0.0198822021484375,12.312,28.76,16,6,10,1.21,831,0.004430371802300215,0.00010161021782550961,0.007548966445028782,1500,1500,1000,1500,1800,1000,1000,1800
1784593144.8734,11.5001,0.02004,49.91,576,578329,0.000,GUIDED,GUIDED,128,3.2124849806208107,0.01438302998441945,15.0031938929315,0.4999830166524603,-0.004023054711288736,-0.000893358772062958,nan,nan,nan,nan,nan,nan,nan,nan,nan,nan,0.11967054394594485,0.0075803597750194775,0.0001108037470424595,0,0,3.116300582885742,-0.014687675051391125,15.003225326538086,0.4864232838153839,0.008384401910007,-0.0009754795464687049,0,-13,-1000,-1,0,1,0.012228010222315788,-0.0005090542254038155,0.00013680204574484378,0.0007417432498186827,63,3135,0.019954204559326172,12.312,28.76,16,6,10,1.21,831,0.004430371802300215,0.00010161021782550961,0.007548966445028782,1500,1500,1000,1500,1800,1000,1000,1800
1784593144.8938,11.5201,0.02036,49.13,577,578349,0.000,GUIDED,GUIDED,128,3.222483916185998,0.01430257472195328,15.003176027051058,0.4999830166524603,-0.004023054711288736,-0.000893358772062958,nan,nan,nan,nan,nan,nan,nan,nan,nan,nan,0.11972000919356374,0.007596975274749212,8.815281181241217e-05,0,0,3.126342296600342,-0.014806803315877914,15.003212928771973,0.4863700270652771,0.008397136814892292,-0.00096555904019624,0,-13,-1000,2,1,1,0.01226713415235281,-0.00046493069385178387,0.0001406463998137042,0.0007334437104873359,63,3135,0.019916296005249023,12.312,28.74,16,6,10,1.21,831,0.00426502525806427,0.00010837943409569561,0.007533194497227669,1500,1500,1000,1500,1800,1000,1000,1800
1784593144.9134,11.5401,0.01964,50.91,578,578369,0.000,GUIDED,GUIDED,128,3.2324810636725796,0.014222133847051933,15.003158164365518,0.4999830166524603,-0.004023054711288736,-0.000893358772062958,nan,nan,nan,nan,nan,nan,nan,nan,nan,nan,0.12015584325101292,0.00722165710041054,9.139188974177672e-05,0,0,3.1362111568450928,-0.014770407229661942,15.003196716308594,0.4861924648284912,0.008546371012926102,-0.0009683818789198995,0,-13,-1001,-1,0,1,0.012227518483996391,-0.0004917914047837257,0.0001468033151468262,0.0007283705635927618,63,3135,0.019559860229492188,12.312,28.74,16,6,10,1.21,831,0.00426502525806427,0.00010837943409569561,0.007533194497227669,1500,1500,1000,1500,1800,1000,1000,1800
1784593144.9334,11.5601,0.02000,50.00,579,578389,0.000,GUIDED,GUIDED,128,3.2424809528796903,0.01414167091121786,15.003140296781128,0.4999830166524603,-0.004023054711288736,-0.000893358772062958,nan,nan,nan,nan,nan,nan,nan,nan,nan,nan,0.12027576848621062,0.007192795481470539,9.319062124553531e-05,0,0,3.1462056636810303,-0.014847530983388424,15.003183364868164,0.4861263334751129,0.008561106398701668,-0.0009720277739688754,0,-13,-1001,2,1,1,0.012267583049833775,-0.00046225168625824153,0.00015536622959189117,0.0007555637857876718,63,3135,0.019915103912353516,12.312,28.74,16,6,10,1.21,831,0.00426502525806427,0.00010837943409569561,0.007533194497227669,1500,1500,1000,1500,1800,1000,1000,1800
1784593144.9534,11.5801,0.01996,50.09,580,578409,0.000,GUIDED,GUIDED,128,3.252481914933965,0.014061199342844898,15.0031224272798,0.4999830166524603,-0.004023054711288736,-0.000893358772062958,nan,nan,nan,nan,nan,nan,nan,nan,nan,nan,0.12045637616753342,0.007061278317534479,2.0898913919850804e-05,0,0,3.1561875343322754,-0.014905921183526516,15.003168106079102,0.4860330820083618,0.008624289184808731,-0.0009317974327132106,0,-13,-1001,0,0,1,0.012239952571690083,-0.000487798941321671,0.00015832413919270039,0.000737724534701556,63,3135,0.0198972225189209,12.312,28.74,16,6,10,1.21,831,0.00426502525806427,0.00010837943409569561,0.007533194497227669,1500,1500,1000,1500,1800,1000,1000,1800
1784593144.9734,11.6001,0.02004,49.89,581,578429,0.000,GUIDED,GUIDED,128,3.2624831153987204,0.013980725856129958,15.003104557352485,0.4999830166524603,-0.004023054711288736,-0.000893358772062958,nan,nan,nan,nan,nan,nan,nan,nan,nan,nan,0.12015860704072681,0.007387989236799428,-1.9115305046890765e-06,0,0,3.166398286819458,-0.015164431184530258,15.003155708312988,0.4860840141773224,0.008538451977074146,-0.000921787170227617,0,-13,-1001,2,1,1,0.012284332886338234,-0.0004555074265226722,0.0001544550759717822,0.0007166544091887772,63,3135,0.019959211349487305,12.312,28.74,16,6,10,1.21,831,0.00426502525806427,0.00010837943409569561,0.007533194497227669,1500,1500,1000,1500,1800,1000,1000,1800
1784593144.9934,11.6201,0.02000,50.01,582,578449,0.000,GUIDED,GUIDED,128,3.272482408579629,0.013900267716150827,15.003086690833063,0.4999830166524603,-0.004023054711288736,-0.000893358772062958,nan,nan,nan,nan,nan,nan,nan,nan,nan,nan,0.1199216848404341,0.0076916490731832945,3.105197809080263e-05,0,0,3.1765644550323486,-0.015385213308036327,15.003143310546875,0.4861244559288025,0.008444149978458881,-0.0009439760469831526,0,-13,-1000,-1,0,1,0.01224623154848814,-0.00048101283027790487,0.00015071110101416707,0.0006975890137255192,63,3135,0.019913196563720703,12.312,28.74,16,6,10,1.21,831,0.00426502525806427,0.00010837943409569561,0.007533194497227669,1500,1500,1000,1500,1800,1000,1000,1800
1784593145.0134,11.6400,0.01995,50.14,583,578469,0.000,GUIDED,GUIDED,128,3.2824757414985175,0.013819857534721092,15.003068834963308,0.4999830166524603,-0.004023054711288736,-0.000893358772062958,nan,nan,nan,nan,nan,nan,nan,nan,nan,nan,0.12018431548746329,0.007477978973013059,-6.851351252584757e-06,0,0,3.186490535736084,-0.01539749838411808,15.003127098083496,0.48601165413856506,0.008528180420398712,-0.0009230413706973195,0,-13,-1001,1,1,1,0.012288250960409641,-0.0004502171359490603,0.00014717545127496123,0.0006331545300781727,63,3135,0.019878149032592773,12.312,28.74,16,6,10,1.21,831,0.00426502525806427,0.00010837943409569561,0.007533194497227669,1500,1500,1000,1500,1800,1000,1000,1800
1784593145.0334,11.6600,0.02001,49.98,584,578489,0.000,GUIDED,GUIDED,128,3.292475034679426,0.01373939939474196,15.003050968443887,0.4999830166524603,-0.004023054711288736,-0.000893358772062958,nan,nan,nan,nan,nan,nan,nan,nan,nan,nan,0.12009208109334432,0.007607878471824137,2.4822617228769167e-05,0,0,3.196598529815674,-0.015568272210657597,15.003113746643066,0.4860021471977234,0.008505326695740223,-0.0009439351269975305,0,-13,-1001,0,0,1,0.012253724969923496,-0.0004796328139491379,0.00014472346811089665,0.0006484509794972837,63,3135,0.019932985305786133,12.312,28.74,16,6,10,1.21,831,0.00426502525806427,0.00010837943409569561,0.007533194497227669,1500,1500,1000,1500,1800,1000,1000,1800
1784593145.0534,11.6800,0.01998,50.04,585,578509,0.000,GUIDED,GUIDED,128,3.3024748046812964,0.013658937418078877,15.003033101072491,0.4999830166524603,-0.004023054711288736,-0.000893358772062958,nan,nan,nan,nan,nan,nan,nan,nan,nan,nan,0.12043606883051544,0.007374084288631608,3.281128232128523e-05,0,0,3.2064967155456543,-0.01555689424276352,15.003098487854004,0.48586219549179077,0.00858728401362896,-0.0009500534506514668,0,-13,-1001,1,0,1,0.012288304977118969,-0.0004584140842780471,0.00014586331963073462,0.0006628119735978544,63,3135,0.019917011260986328,12.312,28.74,16,6,10,1.21,831,0.00426502525806427,0.00010837943409569561,0.007533194497227669,1500,1500,1000,1500,1800,1000,1000,1800
1784593145.0734,11.7000,0.02006,49.85,586,578529,0.000,GUIDED,GUIDED,128,3.3124750515041286,0.01357847160473184,15.003015232849123,0.4999830166524603,-0.004023054711288736,-0.000893358772062958,nan,nan,nan,nan,nan,nan,nan,nan,nan,nan,0.12040702071239046,0.007462258333818191,1.303422781695612e-05,0,0,3.2165513038635254,-0.01568218693137169,15.003087043762207,0.4858475923538208,0.008562257513403893,-0.0009423441370017827,0,-13,-1000,0,0,1,0.01226302795112133,-0.0004579793312586844,0.00014769322297070175,0.0006526806391775608,63,3135,0.01997685432434082,12.312,28.74,16,6,10,1.21,831,0.00426502525806427,0.00010837943409569561,0.007533194497227669,1500,1500,1000,1500,1800,1000,1000,1800
1784593145.0934,11.7200,0.01995,50.12,587,578549,0.000,GUIDED,GUIDED,128,3.3224745830955182,0.013498011546410733,15.002997365903713,0.4999830166524603,-0.004023054711288736,-0.000893358772062958,nan,nan,nan,nan,nan,nan,nan,nan,nan,nan,0.1204837531911231,0.007433277064177211,1.2657366392539339e-05,0,0,3.226571559906006,-0.01577810011804104,15.00307559967041,0.48579132556915283,0.00858791172504425,-0.0009458347922191024,0,-13,-1000,0,0,1,0.01228330284357071,-0.00047336373245343566,0.00015048285422381014,0.0006136505980975926,63,3135,0.01988387107849121,12.312,28.74,16,6,10,1.21,831,0.00426502525806427,0.00010837943409569561,0.007533194497227669,1500,1500,1000,1500,1800,1000,1000,1800
1784593145.1134,11.7401,0.02005,49.88,588,578569,0.000,GUIDED,GUIDED,128,3.33248067097513,0.01341749873368529,15.002979487243673,0.4999830166524603,-0.004023054711288736,-0.000893358772062958,nan,nan,nan,nan,nan,nan,nan,nan,nan,nan,0.12089998631358485,0.007128088653074096,-5.2022790404809065e-05,0,0,3.236424207687378,-0.0157290231436491,15.003059387207031,0.4856396019458771,0.008689293637871742,-0.0009094536653719842,0,-13,-1001,0,1,1,0.01227357517927885,-0.00045583274913951755,0.0001564414269523695,0.0006400578422471881,63,3135,0.019965171813964844,12.312,28.74,16,6,10,1.21,831,0.00426502525806427,0.00010837943409569561,0.007533194497227669,1500,1500,1000,1500,1800,1000,1000,1800
1784593145.1334,11.7601,0.02000,50.00,589,578589,0.000,GUIDED,GUIDED,128,3.342479725745558,0.013337042512048133,15.002961621150238,0.4999830166524603,-0.004023054711288736,-0.000893358772062958,nan,nan,nan,nan,nan,nan,nan,nan,nan,nan,0.12102898692197865,0.007054015453085184,-7.762120045589371e-05,0,0,3.246398687362671,-0.01578552834689617,15.003047943115234,0.48557931184768677,0.008718231692910194,-0.0008983821608126163,0,-13,-1001,0,-1,1,0.012277907691895962,-0.0004882066568825394,0.00016482220962643623,0.0007158647640608251,63,3135,0.01991558074951172,12.312,28.74,16,6,10,1.21,831,0.00426502525806427,0.00010837943409569561,0.007533194497227669,1500,1500,1000,1500,1800,1000,1000,1800
1784593145.1538,11.7801,0.02033,49.20,590,578609,0.000,GUIDED,GUIDED,128,3.35247997256839,0.0132565766987011,15.00294375292687,0.4999830166524603,-0.004023054711288736,-0.000893358772062958,nan,nan,nan,nan,nan,nan,nan,nan,nan,nan,0.12119162039822404,0.006936404200384272,-6.138806775199832e-05,0,0,3.256362199783325,-0.01583028957247734,15.003033638000488,0.4855066239833832,0.00876552052795887,-0.0009098115260712802,0,-13,-1000,0,1,1,0.012281987816095352,-0.00045888335444033146,0.00016930251149460673,0.000725945457816124,63,3135,0.020257949829101562,12.312,28.76,16,6,10,1.21,831,0.0038141922559589148,0.0001182060586870648,0.007250969763845205,1500,1500,1000,1500,1800,1000,1000,1800
1784593145.1734,11.8001,0.01968,50.82,591,578629,0.000,GUIDED,GUIDED,128,3.362479027338818,0.013176120477063943,15.002925886833435,0.4999830166524603,-0.004023054711288736,-0.000893358772062958,nan,nan,nan,nan,nan,nan,nan,nan,nan,nan,0.12089024664591157,0.007215893493171775,-5.2436167210855734e-05,0,0,3.2665483951568604,-0.016065994277596474,15.003023147583008,0.48557257652282715,0.008693790063261986,-0.0009192382567562163,0,-13,-1000,0,-1,1,0.012273366563022137,-0.000495845393743366,0.00016610376769676805,0.0007110260194167495,63,3135,0.019593477249145508,12.312,28.76,16,6,10,1.21,831,0.0038141922559589148,0.0001182060586870648,0.007250969763845205,1500,1500,1000,1500,1800,1000,1000,1800
1784593145.1934,11.8200,0.01995,50.14,592,578649,0.000,GUIDED,GUIDED,128,3.372472479462947,0.013095709336463219,15.002908030750685,0.4999830166524603,-0.004023054711288736,-0.000893358772062958,nan,nan,nan,nan,nan,nan,nan,nan,nan,nan,0.12070229672868485,0.007454064000045391,-4.506829928123788e-05,0,0,3.276690721511841,-0.016265222802758217,15.003012657165527,0.48559513688087463,0.008624881505966187,-0.0009277446661144495,0,-13,-1000,1,2,1,0.01229389850050211,-0.0004462222568690777,0.00016443149070255458,0.000669771630782634,63,3135,0.019875764846801758,12.312,28.76,16,6,10,1.21,831,0.0038141922559589148,0.0001182060586870648,0.007250969763845205,1500,1500,1000,1500,1800,1000,1000,1800
1784593145.2134,11.8400,0.02000,50.00,593,578669,0.000,GUIDED,GUIDED,128,3.382472130259577,0.01301524831897112,15.002890163592284,0.4999830166524603,-0.004023054711288736,-0.000893358772062958,nan,nan,nan,nan,nan,nan,nan,nan,nan,nan,0.12100990462906303,0.007244797436673684,-1.6378604222887027e-05,0,0,3.28659987449646,-0.0162655021995306,15.002996444702148,0.485469788312912,0.008699408732354641,-0.0009452640078961849,0,-13,-1000,-1,-1,1,0.012255447916686535,-0.00048192794201895595,0.00016229455650318414,0.0006985245854593813,63,3135,0.01993083953857422,12.312,28.76,16,6,10,1.21,831,0.0038141922559589148,0.0001182060586870648,0.007250969763845205,1500,1500,1000,1500,1800,1000,1000,1800
1784593145.2334,11.8600,0.02000,50.00,594,578689,0.000,GUIDED,GUIDED,128,3.392471900261447,0.01293478634230804,15.002872296220888,0.4999830166524603,-0.004023054711288736,-0.000893358772062958,nan,nan,nan,nan,nan,nan,nan,nan,nan,nan,0.12089563007643137,0.007414666855202798,-4.025123823766296e-05,0,0,3.296685218811035,-0.01641700230538845,15.002984046936035,0.48548635840415955,0.0086423484608531,-0.0009346390143036842,0,-13,-1001,2,2,1,0.012296205386519432,-0.0004341196909081191,0.00016028998652473092,0.0005896944203414023,63,3135,0.019934415817260742,12.312,28.76,16,6,10,1.21,831,0.0038141922559589148,0.0001182060586870648,0.007250969763845205,1500,1500,1000,1500,1800,1000,1000,1800
1784593145.2534,11.8801,0.02005,49.86,595,578709,0.000,GUIDED,GUIDED,128,3.4024778689358186,0.012854274488753585,15.00285441777384,0.4999830166524603,-0.004023054711288736,-0.000893358772062958,nan,nan,nan,nan,nan,nan,nan,nan,nan,nan,0.1212315097748469,0.007164652432689225,-2.4622478383402955e-06,0,0,3.306567668914795,-0.016395246610045433,15.002970695495605,0.48536375164985657,0.00872765015810728,-0.0009590701665729284,0,-13,-1000,-1,-1,1,0.012257513590157032,-0.00047310322406701744,0.000160825889906846,0.000636010430753231,63,3135,0.01997089385986328,12.312,28.76,16,6,10,1.21,831,0.0038141922559589148,0.0001182060586870648,0.007250969763845205,1500,1500,1000,1500,1800,1000,1000,1800
1784593145.2734,11.9001,0.01997,50.08,596,578729,0.000,GUIDED,GUIDED,128,3.4124775197324486,0.012773813471261487,15.002836550615438,0.4999830166524603,-0.004023054711288736,-0.000893358772062958,nan,nan,nan,nan,nan,nan,nan,nan,nan,nan,0.1212219369981263,0.007236532323710826,-7.674482743787376e-06,0,0,3.316601514816284,-0.016503488644957542,15.002959251403809,0.48534953594207764,0.008702189661562443,-0.0009597692405804992,0,-13,-1000,1,1,1,0.012291531078517437,-0.0004435376322362572,0.0001635128865018487,0.0006481641321443021,63,3135,0.019901275634765625,12.312,28.76,16,6,10,1.21,831,0.0038141922559589148,0.0001182060586870648,0.007250969763845205,1500,1500,1000,1500,1800,1000,1000,1800
1784593145.2934,11.9201,0.02003,49.93,597,578749,0.000,GUIDED,GUIDED,128,3.422477289734319,0.012693351494598402,15.002818683244042,0.4999830166524603,-0.004023054711288736,-0.000893358772062958,nan,nan,nan,nan,nan,nan,nan,nan,nan,nan,0.12131697352079494,0.007236738860054676,4.576128052685935e-05,0,0,3.32660174369812,-0.016583766788244247,15.002947807312012,0.4852944016456604,0.008701964281499386,-0.0009943288750946522,0,-13,-1000,-1,0,1,0.01225169189274311,-0.00047412209096364677,0.00016598527145106345,0.0005985641037113965,63,3135,0.01994609832763672,12.312,28.76,16,6,10,1.21,831,0.0038141922559589148,0.0001182060586870648,0.007250969763845205,1500,1500,1000,1500,1800,1000,1000,1800
1784593145.3134,11.9401,0.02000,50.00,598,578769,0.000,GUIDED,GUIDED,128,3.4324767021204683,0.012612892395448286,15.002800816511629,0.4999830166524603,-0.004023054711288736,-0.000893358772062958,nan,nan,nan,nan,nan,nan,nan,nan,nan,nan,0.12209091052014018,0.006877676240530345,5.3239030892785735e-05,0,0,3.336035966873169,-0.016533253714442253,15.00293254852295,0.48517388105392456,0.00883365236222744,-0.0010001518530771136,0,-13,-1001,2,0,1,0.01229279674589634,-0.0004588740412145853,0.0001698475971352309,0.0005702393245883286,63,3135,0.019915342330932617,12.312,28.76,16,6,10,1.21,831,0.0038141922559589148,0.0001182060586870648,0.007250969763845205,1500,1500,1000,1500,1800,1000,1000,1800
1784593145.3334,11.9601,0.01999,50.02,599,578789,0.000,GUIDED,GUIDED,128,3.44247396881229,0.012532450561375946,15.002782953613092,0.4999830166524603,-0.004023054711288736,-0.000893358772062958,nan,nan,nan,nan,nan,nan,nan,nan,nan,nan,0.12226524540451128,0.00682471512462543,4.695867905915211e-05,0,0,3.345991611480713,-0.016574816778302193,15.002920150756836,0.4850972592830658,0.008841782808303833,-0.0009996811859309673,0,-13,-1000,-1,1,1,0.01225095521658659,-0.00045362149830907583,0.00017656845739111304,0.0006111135589890182,63,3135,0.019910573959350586,12.312,28.76,16,6,10,1.21,831,0.0038141922559589148,0.0001182060586870648,0.007250969763845205,1500,1500,1000,1500,1800,1000,1000,1800
1784593145.3534,11.9801,0.02000,50.00,600,578809,0.000,GUIDED,GUIDED,128,3.4524737388141604,0.012451988584712862,15.002765086241698,0.4999830166524603,-0.004023054711288736,-0.000893358772062958,nan,nan,nan,nan,nan,nan,nan,nan,nan,nan,0.12247133885226058,0.006786400953449883,7.373361541572796e-05,0,0,3.3559377193450928,-0.01666492037475109,15.002903938293457,0.48500925302505493,0.008869470097124577,-0.001016095164231956,0,-13,-1000,1,0,1,0.01228378526866436,-0.0004580695240292698,0.00017894998018164188,0.00061229889979586,63,3135,0.01991558074951172,12.312,28.76,16,6,10,1.21,831,0.0038141922559589148,0.0001182060586870648,0.007250969763845205,1500,1500,1000,1500,1800,1000,1000,1800
1784593145.3734,12.0001,0.01997,50.08,601,578829,0.000,GUIDED,GUIDED,128,3.462474820073675,0.012371516057168911,15.002747216527375,0.4999830166524603,-0.004023054711288736,-0.000893358772062958,nan,nan,nan,nan,nan,nan,nan,nan,nan,nan,0.12224588433230361,0.007263415731627122,2.9444883062241194e-05,0,0,3.3660998344421387,-0.016989098861813545,15.002891540527344,0.4850464463233948,0.008734769187867641,-0.0009936842834576964,0,-13,-1001,0,1,1,0.012256801128387451,-0.00043247960275039077,0.00017449806910008192,0.000609581999015063,63,3135,0.01989912986755371,12.312,28.76,16,6,10,1.21,831,0.0038141922559589148,0.0001182060586870648,0.007250969763845205,1500,1500,1000,1500,1800,1000,1000,1800
1784593145.3938,12.0200,0.02038,49.06,602,578849,0.000,GUIDED,GUIDED,128,3.4724695834554486,0.01229109436568732,15.0027293581017,0.4999830166524603,-0.004023054711288736,-0.000893358772062958,nan,nan,nan,nan,nan,nan,nan,nan,nan,nan,0.12199920158096865,0.007632169217021777,3.4791173668418296e-05,0,0,3.3762195110321045,-0.01727045699954033,15.00287914276123,0.48511675000190735,0.008637879975140095,-0.0009999236790463328,0,-13,-1001,2,-2,1,0.012309601530432701,-0.00047850434202700853,0.00017026237037498504,0.0006214528111740947,63,3135,0.019937753677368164,12.312,28.76,16,6,10,1.21,831,0.005713313352316618,0.00012429036723915488,0.0071928310208022594,1500,1500,1000,1500,1800,1000,1000,1800
1784593145.4134,12.0400,0.01961,50.99,603,578869,0.000,GUIDED,GUIDED,128,3.482469353457319,0.012210632389024239,15.002711490730306,0.4999830166524603,-0.004023054711288736,-0.000893358772062958,nan,nan,nan,nan,nan,nan,nan,nan,nan,nan,0.12226250348885825,0.007508437132631215,5.16249902178317e-05,0,0,3.3861138820648193,-0.017309874296188354,15.002862930297852,0.4850255846977234,0.008685619570314884,-0.00101059814915061,0,-13,-1000,0,1,1,0.012289387173950672,-0.0004503392265178263,0.00016685895388945937,0.0005711753037758172,63,3135,0.01953911781311035,12.312,28.76,16,6,10,1.21,831,0.005713313352316618,0.00012429036723915488,0.0071928310208022594,1500,1500,1000,1500,1800,1000,1000,1800
1784593145.4334,12.0600,0.02002,49.95,604,578889,0.000,GUIDED,GUIDED,128,3.492468527432987,0.012130175208216094,15.002693624423877,0.4999830166524603,-0.004023054711288736,-0.000893358772062958,nan,nan,nan,nan,nan,nan,nan,nan,nan,nan,0.12218682303526153,0.007785452493359768,4.5738587629194654e-05,0,0,3.396178722381592,-0.017535055056214333,15.002849578857422,0.4850313663482666,0.008609240874648094,-0.0010098062921315432,0,-13,-1001,2,-2,1,0.012344932183623314,-0.0005121364374645054,0.00016348229837603867,0.0005962846917100251,63,3135,0.019937753677368164,12.312,28.76,16,6,10,1.21,831,0.005713313352316618,0.00012429036723915488,0.0071928310208022594,1500,1500,1000,1500,1800,1000,1000,1800
1784593145.4534,12.0800,0.01999,50.02,605,578909,0.000,GUIDED,GUIDED,128,3.502467820613896,0.012049717068236963,15.002675757904456,0.4999830166524603,-0.004023054711288736,-0.000893358772062958,nan,nan,nan,nan,nan,nan,nan,nan,nan,nan,0.12254203022185592,0.007535085817411871,2.8610353828926213e-05,0,0,3.4060466289520264,-0.01754806376993656,15.00283432006836,0.48490214347839355,0.008714848197996616,-0.00100142287556082,0,-13,-1001,0,1,1,0.01233050785958767,-0.0004890941199846566,0.00016410983516834676,0.0005755857564508915,63,3135,0.019912004470825195,12.312,28.76,16,6,10,1.21,831,0.005713313352316618,0.00012429036723915488,0.0071928310208022594,1500,1500,1000,1500,1800,1000,1000,1800
1784593145.4735,12.1000,0.02005,49.87,606,578929,0.000,GUIDED,GUIDED,128,3.5124671137948047,0.011969258928257828,15.002657891385033,0.4999830166524603,-0.004023054711288736,-0.000893358772062958,nan,nan,nan,nan,nan,nan,nan,nan,nan,nan,0.1225273449517554,0.007625009989905035,2.1623341896649114e-05,0,0,3.4160616397857666,-0.017721399664878845,15.002822875976562,0.4849015474319458,0.008716553449630737,-0.0010010969126597047,0,-13,-1000,2,-1,1,0.012380631640553474,-0.0005410508601926267,0.00016582150419708341,0.000600560917519033,63,3135,0.0199124813079834,12.312,28.76,16,6,10,1.21,831,0.005713313352316618,0.00012429036723915488,0.0071928310208022594,1500,1500,1000,1500,1800,1000,1000,1800
1784593145.4934,12.1200,0.01999,50.02,607,578949,0.000,GUIDED,GUIDED,128,3.5224675990281176,0.01188879119656882,15.002640022735678,0.4999830166524603,-0.004023054711288736,-0.000893358772062958,nan,nan,nan,nan,nan,nan,nan,nan,nan,nan,0.12260520603766374,0.007686557821005868,9.721345695449756e-05,0,0,3.42604398727417,-0.017861464992165565,15.00281047821045,0.48486706614494324,0.008715427480638027,-0.001047897501848638,0,-13,-1000,1,1,1,0.012388945557177067,-0.0005196852143853903,0.00016940958448685706,0.000572245626244694,63,3135,0.019912242889404297,12.312,28.76,16,6,10,1.21,831,0.005713313352316618,0.00012429036723915488,0.0071928310208022594,1500,1500,1000,1500,1800,1000,1000,1800
1784593145.5134,12.1400,0.01994,50.15,608,578969,0.000,GUIDED,GUIDED,128,3.532468203466671,0.011808322505708818,15.00262215387333,0.4999830166524603,-0.004023054711288736,-0.000893358772062958,nan,nan,nan,nan,nan,nan,nan,nan,nan,nan,0.12302855916347118,0.007358085152413662,0.00015331940682118388,0,0,3.4358692169189453,-0.01783200353384018,15.002793312072754,0.48472389578819275,0.008841603063046932,-0.0010806960053741932,0,-13,-1000,0,-2,1,0.012403414584696293,-0.0005800716462545097,0.00017323470092378557,0.0005804928950965405,63,3135,0.019873619079589844,12.312,28.76,16,6,10,1.21,831,0.005713313352316618,0.00012429036723915488,0.0071928310208022594,1500,1500,1000,1500,1800,1000,1000,1800
1784593145.5334,12.1601,0.02005,49.88,609,578989,0.000,GUIDED,GUIDED,128,3.5424729800886383,0.011727820243864245,15.002604277556214,0.4999830166524603,-0.004023054711288736,-0.000893358772062958,nan,nan,nan,nan,nan,nan,nan,nan,nan,nan,0.12320649724303809,0.007306572309461159,0.00010392681369034268,0,0,3.445808172225952,-0.017927173525094986,15.002779960632324,0.4846591651439667,0.008879812434315681,-0.0010547916172072291,0,-13,-1001,1,0,1,0.012424704618752003,-0.0005609440850093961,0.0001797546719899401,0.0005929540493525565,63,3135,0.01996469497680664,12.312,28.76,16,6,10,1.21,831,0.005713313352316618,0.00012429036723915488,0.0071928310208022594,1500,1500,1000,1500,1800,1000,1000,1800
1784593145.5534,12.1801,0.01999,50.03,610,579009,0.000,GUIDED,GUIDED,128,3.552472511680028,0.011647360185543135,15.002586410610807,0.4999830166524603,-0.004023054711288736,-0.000893358772062958,nan,nan,nan,nan,nan,nan,nan,nan,nan,nan,0.12339305589657275,0.007328713408717734,9.642505298555426e-05,0,0,3.4557418823242188,-0.018087238073349,15.002763748168945,0.48458945751190186,0.008912988938391209,-0.0010514156892895699,0,-13,-1001,0,-1,1,0.012440202757716179,-0.0006071084644645452,0.0001811835973057896,0.0005656702560372651,63,3135,0.019917011260986328,12.312,28.76,16,6,10,1.21,831,0.005713313352316618,0.00012429036723915488,0.0071928310208022594,1500,1500,1000,1500,1800,1000,1000,1800
1784593145.5734,12.2001,0.01999,50.03,611,579029,0.000,GUIDED,GUIDED,128,3.5624709704242536,0.011566908759760918,15.002568545582339,0.4999830166524603,-0.004023054711288736,-0.000893358772062958,nan,nan,nan,nan,nan,nan,nan,nan,nan,nan,0.12308812943366432,0.00799186544357815,8.51027878746474e-05,0,0,3.465888500213623,-0.01854407787322998,15.002753257751465,0.4846799671649933,0.008747425861656666,-0.0010491365101188421,0,-13,-1000,2,0,1,0.012481686659157276,-0.0005814308533445001,0.00017704663332551718,0.0005669702659361064,63,3135,0.019919633865356445,12.312,28.76,16,6,10,1.21,831,0.005713313352316618,0.00012429036723915488,0.0071928310208022594,1500,1500,1000,1500,1800,1000,1000,1800
1784593145.5934,12.2201,0.02003,49.93,612,579049,0.000,GUIDED,GUIDED,128,3.5724719324785283,0.011486437191387956,15.00255067608101,0.4999830166524603,-0.004023054711288736,-0.000893358772062958,nan,nan,nan,nan,nan,nan,nan,nan,nan,nan,0.12286174399303029,0.00851651908564829,9.320493908754091e-05,0,0,3.4759938716888428,-0.018947938457131386,15.002741813659668,0.4847503900527954,0.008631225675344467,-0.0010575240012258291,0,-13,-1000,0,-1,1,0.012464982457458973,-0.0006289671291597188,0.0001720012805890292,0.0005273631541058421,63,3135,0.019945621490478516,12.312,28.76,16,6,10,1.21,831,0.005713313352316618,0.00012429036723915488,0.0071928310208022594,1500,1500,1000,1500,1800,1000,1000,1800
1784593145.6134,12.2401,0.01999,50.03,613,579069,0.000,GUIDED,GUIDED,128,3.5824680071179458,0.011406004949025498,15.002532815312408,0.4999830166524603,-0.004023054711288736,-0.000893358772062958,nan,nan,nan,nan,nan,nan,nan,nan,nan,nan,0.12309581079862923,0.00841183664680415,0.00013006685949909437,0,0,3.485877752304077,-0.019045040011405945,15.002724647521973,0.48468002676963806,0.008701288141310215,-0.0010792072862386703,0,-13,-1000,3,0,1,0.012525804340839386,-0.0006101145409047604,0.00016736223187763244,0.0004909539129585028,63,3135,0.019904136657714844,12.312,28.76,16,6,10,1.21,831,0.005713313352316618,0.00012429036723915488,0.0071928310208022594,1500,1500,1000,1500,1800,1000,1000,1800
1784593145.6334,12.2601,0.02001,49.97,614,579089,0.000,GUIDED,GUIDED,128,3.592471234071788,0.011325515156403766,15.002514941764206,0.4999830166524603,-0.004023054711288736,-0.000893358772062958,nan,nan,nan,nan,nan,nan,nan,nan,nan,nan,0.1229771477860366,0.008772000331516656,6.989549140797594e-05,0,0,3.4959299564361572,-0.019378619268536568,15.002711296081543,0.48472025990486145,0.008639468811452389,-0.00104707817081362,0,-13,-1001,0,0,1,0.012506678700447083,-0.0006324401474557817,0.00016367116768378764,0.000514581217430532,63,3135,0.019927263259887695,12.312,28.76,16,6,10,1.21,831,0.005713313352316618,0.00012429036723915488,0.0071928310208022594,1500,1500,1000,1500,1800,1000,1000,1800
1784593145.6537,12.2801,0.02025,49.38,615,579109,0.000,GUIDED,GUIDED,128,3.602470050431735,0.011245060853108585,15.002497076096757,0.4999830166524603,-0.004023054711288736,-0.000893358772062958,nan,nan,nan,nan,nan,nan,nan,nan,nan,nan,0.12321425243162998,0.008601495020768152,2.243400299915341e-05,0,0,3.505789279937744,-0.01944226585328579,15.00269603729248,0.4846639037132263,0.008728206157684326,-0.0010211813496425748,0,-13,-1001,3,0,1,0.01257565151900053,-0.0006285872077569366,0.00016365747433155775,0.0005117861437611282,63,3135,0.02018570899963379,12.312,28.74,16,6,10,1.21,831,0.00793174747377634,0.00013418767775874585,0.006993921007961035,1500,1500,1000,1500,1800,1000,1000,1800
1784593145.6734,12.3001,0.01971,50.74,616,579129,0.000,GUIDED,GUIDED,128,3.6124689859969226,0.011164605590642418,15.002479210216315,0.4999830166524603,-0.004023054711288736,-0.000893358772062958,nan,nan,nan,nan,nan,nan,nan,nan,nan,nan,0.12317833520536468,0.008816395281579903,9.769059886895594e-06,0,0,3.515794038772583,-0.019711768254637718,15.002686500549316,0.48468127846717834,0.008713279850780964,-0.0010186780709773302,0,-13,-1000,0,0,1,0.012563048861920834,-0.0006487201317213476,0.0001646847085794434,0.0005227879737503827,63,3135,0.019638538360595703,12.312,28.74,16,6,10,1.21,831,0.00793174747377634,0.00013418767775874585,0.006993921007961035,1500,1500,1000,1500,1800,1000,1000,1800
1784593145.6934,12.3201,0.02004,49.90,617,579149,0.000,GUIDED,GUIDED,128,3.6224700672564376,0.011084133063098467,15.002461340501993,0.4999830166524603,-0.004023054711288736,-0.000893358772062958,nan,nan,nan,nan,nan,nan,nan,nan,nan,nan,0.12318592612298399,0.008986876698443523,-2.000628819154063e-05,0,0,3.5257670879364014,-0.019940434023737907,15.002676010131836,0.48469308018684387,0.008700411766767502,-0.0010057477047666907,0,-13,-1001,2,0,1,0.012619604356586933,-0.0006457722629420459,0.00016667348972987384,0.0004954047617502511,63,3135,0.019956588745117188,12.312,28.74,16,6,10,1.21,831,0.00793174747377634,0.00013418767775874585,0.006993921007961035,1500,1500,1000,1500,1800,1000,1000,1800
1784593145.7134,12.3401,0.02000,50.00,618,579169,0.000,GUIDED,GUIDED,128,3.632470194874029,0.011003668208922419,15.002443472491619,0.4999830166524603,-0.004023054711288736,-0.000893358772062958,nan,nan,nan,nan,nan,nan,nan,nan,nan,nan,0.12352161744009629,0.008689677192072639,-1.7640311943059193e-05,0,0,3.5355873107910156,-0.01995295286178589,15.002660751342773,0.4846031367778778,0.008832771331071854,-0.0010086201364174485,0,-13,-1000,0,0,1,0.012591703794896603,-0.000650982721708715,0.00016958988271653652,0.00046421808656305075,63,3135,0.019917011260986328,12.312,28.74,16,6,10,1.21,831,0.00793174747377634,0.00013418767775874585,0.006993921007961035,1500,1500,1000,1500,1800,1000,1000,1800
1784593145.7334,12.3601,0.02000,50.00,619,579189,0.000,GUIDED,GUIDED,128,3.642470322491621,0.01092320335474637,15.002425604481244,0.4999830166524603,-0.004023054711288736,-0.000893358772062958,nan,nan,nan,nan,nan,nan,nan,nan,nan,nan,0.1232279120898765,0.008721538129619517,-4.992737244477634e-05,0,0,3.5459234714508057,-0.020119236782193184,15.002647399902344,0.4845786988735199,0.008863924071192741,-0.000992586836218834,0,-13,-1001,1,-1,1,0.012627012096345425,-0.0006816649110987782,0.0001745267363730818,0.00047791789984330535,63,3135,0.01991558074951172,12.312,28.74,16,6,10,1.21,831,0.00793174747377634,0.00013418767775874585,0.006993921007961035,1500,1500,1000,1500,1800,1000,1000,1800
1784593145.7534,12.3801,0.02000,49.99,620,579209,0.000,GUIDED,GUIDED,128,3.6524696156725294,0.01084274521476724,15.002407737961821,0.4999830166524603,-0.004023054711288736,-0.000893358772062958,nan,nan,nan,nan,nan,nan,nan,nan,nan,nan,0.12332532450267167,0.008761471705587085,-4.6996390989485575e-05,0,0,3.555856943130493,-0.020301200449466705,15.002634048461914,0.48456045985221863,0.008899472653865814,-0.000996885821223259,0,-13,-1001,0,0,1,0.012606398202478886,-0.0006740855751559138,0.00017580916755832732,0.0004943370004184544,63,3135,0.019917964935302734,12.312,28.74,16,6,10,1.21,831,0.00793174747377634,0.00013418767775874585,0.006993921007961035,1500,1500,1000,1500,1800,1000,1000,1800
1784593145.7734,12.4001,0.01997,50.08,621,579229,0.000,GUIDED,GUIDED,128,3.662468789648198,0.010762288033959094,15.002389871655394,0.4999830166524603,-0.004023054711288736,-0.000893358772062958,nan,nan,nan,nan,nan,nan,nan,nan,nan,nan,0.1229233933929453,0.009417662746513882,-2.3809043550039106e-05,0,0,3.566004753112793,-0.020798547193408012,15.00262451171875,0.48470669984817505,0.008761311881244183,-0.001015082118101418,0,-13,-1000,0,-2,1,0.012636075727641582,-0.0007247779867611825,0.00016976427286863327,0.00047384900972247124,63,3135,0.01989889144897461,12.312,28.74,16,6,10,1.21,831,0.00793174747377634,0.00013418767775874585,0.006993921007961035,1500,1500,1000,1500,1800,1000,1000,1800
1784593145.7934,12.4201,0.01999,50.03,622,579249,0.000,GUIDED,GUIDED,128,3.6724673675976645,0.010681835649005891,15.002372006413932,0.4999830166524603,-0.004023054711288736,-0.000893358772062958,nan,nan,nan,nan,nan,nan,nan,nan,nan,nan,0.12260928770926165,0.009960352572253,4.33574426391797e-06,0,0,3.5761125087738037,-0.02123888023197651,15.00261402130127,0.4848250150680542,0.00865576695650816,-0.0010355893755331635,0,-13,-1000,0,1,1,0.012630084529519081,-0.0007072283769957721,0.0001646248420001939,0.00044256343971937895,63,3135,0.019921541213989258,12.312,28.74,16,6,10,1.21,831,0.00793174747377634,0.00013418767775874585,0.006993921007961035,1500,1500,1000,1500,1800,1000,1000,1800
1784593145.8134,12.4401,0.02004,49.90,623,579269,0.000,GUIDED,GUIDED,128,3.682468091241458,0.010601365998974904,15.002354137338589,0.4999830166524603,-0.004023054711288736,-0.000893358772062958,nan,nan,nan,nan,nan,nan,nan,nan,nan,nan,0.12281309186523898,0.009814471623236107,-1.7972283545116528e-05,0,0,3.585998058319092,-0.0213520098477602,15.002598762512207,0.4847738444805145,0.00875884760171175,-0.0010242168791592121,0,-13,-1001,0,-2,1,0.012640959583222866,-0.0007643160060979426,0.00015874794917181134,0.0004053866141475737,63,3135,0.019956350326538086,12.312,28.74,16,6,10,1.21,831,0.00793174747377634,0.00013418767775874585,0.006993921007961035,1500,1500,1000,1500,1800,1000,1000,1800
1784593145.8334,12.4600,0.01995,50.13,624,579289,0.000,GUIDED,GUIDED,128,3.692460947339385,0.010520959654229119,15.002336282320808,0.4999830166524603,-0.004023054711288736,-0.000893358772062958,nan,nan,nan,nan,nan,nan,nan,nan,nan,nan,0.12265253608806233,0.01021582543303215,-3.723929831155775e-06,0,0,3.5960536003112793,-0.021716581657528877,15.002586364746094,0.4848303496837616,0.008691188879311085,-0.0010355939157307148,0,-13,-1000,0,1,1,0.01263489667326212,-0.0007419040193781257,0.00015444058226421475,0.00036760279908776283,63,3135,0.01987767219543457,12.312,28.74,16,6,10,1.21,831,0.00793174747377634,0.00013418767775874585,0.006993921007961035,1500,1500,1000,1500,1800,1000,1000,1800
1784593145.8534,12.4800,0.02003,49.94,625,579309,0.000,GUIDED,GUIDED,128,3.7024611941622165,0.010440493840882085,15.00231841409744,0.4999830166524603,-0.004023054711288736,-0.000893358772062958,nan,nan,nan,nan,nan,nan,nan,nan,nan,nan,0.1221164160870269,0.010495373354707557,-5.997710729203291e-07,0,0,3.606480121612549,-0.02202654257416725,15.00256061553955,0.4848937690258026,0.008662290871143341,-0.0010328475618734956,0,-13,-1000,0,-3,1,0.012630482204258442,-0.0008169483044184744,0.0001527467684354633,0.0004116065101698041,63,3135,0.019945383071899414,12.312,28.74,16,6,10,1.21,831,0.00793174747377634,0.00013418767775874585,0.006993921007961035,1500,1500,1000,1500,1800,1000,1000,1800
1784593145.8734,12.5001,0.01999,50.03,626,579329,0.000,GUIDED,GUIDED,128,3.7124653747579823,0.010359996374892447,15.00230053884529,0.4999830166524603,-0.004023054711288736,-0.000893358772062958,nan,nan,nan,nan,nan,nan,nan,nan,nan,nan,0.12237576618725832,0.010297804715700392,1.527126380744385e-06,0,0,3.616326332092285,-0.02208126150071621,15.002537727355957,0.4848352372646332,0.008761473931372166,-0.0010311813093721867,0,-13,-1000,0,0,1,0.012628987431526184,-0.0008025516290217638,0.0001535363553557545,0.0004482520162127912,63,3135,0.019918441772460938,12.312,28.74,16,6,10,1.21,831,0.00793174747377634,0.00013418767775874585,0.006993921007961035,1500,1500,1000,1500,1800,1000,1000,1800
1784593145.8938,12.5200,0.02036,49.12,627,579349,0.000,GUIDED,GUIDED,128,3.722460853371198,0.01027956892838493,15.002282679141656,0.4999830166524603,-0.004023054711288736,-0.000893358772062958,nan,nan,nan,nan,nan,nan,nan,nan,nan,nan,0.12235787879766828,0.010494316138449582,1.57065716205399e-05,0,0,3.626302480697632,-0.022333607077598572,15.00251293182373,0.4848567247390747,0.008747274987399578,-0.0010353634133934975,0,-13,-1000,0,-1,1,0.012627960182726383,-0.0008629083167761564,0.00015634592273272574,0.0005343263037502766,63,3135,0.019925832748413086,12.312,28.76,16,6,10,1.21,831,0.007275567390024662,0.0004413286515045911,0.006983212195336819,1500,1500,1000,1500,1800,1000,1000,1800
1784593145.9134,12.5401,0.01969,50.79,628,579369,0.000,GUIDED,GUIDED,128,3.7324637227093187,0.01019908201327616,15.002264806232434,0.4999830166524603,-0.004023054711288736,-0.000893358772062958,nan,nan,nan,nan,nan,nan,nan,nan,nan,nan,0.12270687178786599,0.010167932916276875,-8.099779560298385e-06,0,0,3.6361255645751953,-0.022356094792485237,15.002490043640137,0.48475903272628784,0.008902226574718952,-0.001018723240122199,0,-13,-1001,0,0,1,0.012624683789908886,-0.0008707873639650643,0.00016134970064740628,0.0005213221302255988,63,3135,0.019594430923461914,12.312,28.76,16,6,10,1.21,831,0.007275567390024662,0.0004413286515045911,0.006983212195336819,1500,1500,1000,1500,1800,1000,1000,1800
1784593145.9334,12.5601,0.01999,50.03,629,579389,0.000,GUIDED,GUIDED,128,3.7424633735059487,0.010118620995784065,15.002246939074032,0.4999830166524603,-0.004023054711288736,-0.000893358772062958,nan,nan,nan,nan,nan,nan,nan,nan,nan,nan,0.12279146923105078,0.010160443290631396,2.7033279711957735e-05,0,0,3.646061420440674,-0.022549351677298546,15.002466201782227,0.4847470223903656,0.00897167343646288,-0.0010355578269809484,0,-13,-1000,0,0,1,0.012620962224900723,-0.0008955799858085811,0.00016956066247075796,0.0005867320578545332,63,3135,0.019906282424926758,12.312,28.76,16,6,10,1.21,831,0.007275567390024662,0.0004413286515045911,0.006983212195336819,1500,1500,1000,1500,1800,1000,1000,1800
1784593145.9534,12.5801,0.02000,50.00,630,579409,0.000,GUIDED,GUIDED,128,3.7524629050973384,0.010038160937462955,15.002229072128623,0.4999830166524603,-0.004023054711288736,-0.000893358772062958,nan,nan,nan,nan,nan,nan,nan,nan,nan,nan,0.12237096766870278,0.010785719798968238,6.196340128906757e-05,0,0,3.656235694885254,-0.023055946454405785,15.002429962158203,0.4848889112472534,0.008856698870658875,-0.0010451172711327672,0,-13,-1001,0,0,1,0.01261951308697462,-0.0009006732725538313,0.0001732430828269571,0.0006129381363280118,63,3135,0.019916057586669922,12.312,28.76,16,6,10,1.21,831,0.007275567390024662,0.0004413286515045911,0.006983212195336819,1500,1500,1000,1500,1800,1000,1000,1800
1784593145.9734,12.6001,0.01997,50.08,631,579429,0.000,GUIDED,GUIDED,128,3.7624638671516126,0.009957689369089993,15.002211202627295,0.4999830166524603,-0.004023054711288736,-0.000893358772062958,nan,nan,nan,nan,nan,nan,nan,nan,nan,nan,0.12252601556556757,0.010706252299572672,0.00013841387883260347,0,0,3.6661536693573,-0.023198461160063744,15.002401351928711,0.4848473072052002,0.008938400074839592,-0.0010830548126250505,0,-13,-1000,-2,0,1,0.012571367435157299,-0.0009208507253788412,0.0001715691469144076,0.0005526869790628552,63,3135,0.019898176193237305,12.312,28.76,16,6,10,1.21,831,0.007275567390024662,0.0004413286515045911,0.006983212195336819,1500,1500,1000,1500,1800,1000,1000,1800
1784593145.9934,12.6201,0.02004,49.90,632,579449,0.000,GUIDED,GUIDED,128,3.772463875563964,0.009877225474084934,15.002193334829913,0.4999830166524603,-0.004023054711288736,-0.000893358772062958,nan,nan,nan,nan,nan,nan,nan,nan,nan,nan,0.12224644815449207,0.011165319769807613,0.00018758001815110615,0,0,3.676266670227051,-0.023620005697011948,15.002366065979004,0.4849434792995453,0.008870280347764492,-0.0011013845214620233,0,-13,-1001,1,0,1,0.012595752254128456,-0.0009251568699255586,0.0001708071504253894,0.0005693845450878143,63,3135,0.019954919815063477,12.312,28.76,16,6,10,1.21,831,0.007275567390024662,0.0004413286515045911,0.006983212195336819,1500,1500,1000,1500,1800,1000,1000,1800
1784593146.0134,12.6401,0.01996,50.10,633,579469,0.000,GUIDED,GUIDED,128,3.7824630495396323,0.009796768293276789,15.002175468523484,0.4999830166524603,-0.004023054711288736,-0.000893358772062958,nan,nan,nan,nan,nan,nan,nan,nan,nan,nan,0.12246106441192509,0.010959014514759093,0.00023468821145939824,0,0,3.6861562728881836,-0.023721633478999138,15.002337455749512,0.48488283157348633,0.009001613594591618,-0.0011223794426769018,0,-13,-1000,-1,0,1,0.01255608070641756,-0.0009448893251828849,0.00017089683387894183,0.000576959690079093,63,3135,0.01989436149597168,12.312,28.76,16,6,10,1.21,831,0.007275567390024662,0.0004413286515045911,0.006983212195336819,1500,1500,1000,1500,1800,1000,1000,1800
1784593146.0334,12.6601,0.02003,49.92,634,579489,0.000,GUIDED,GUIDED,128,3.7924612698733773,0.00971631878583655,15.002157603921003,0.4999830166524603,-0.004023054711288736,-0.000893358772062958,nan,nan,nan,nan,nan,nan,nan,nan,nan,nan,0.12228910918219921,0.011234177589060847,0.00024721959181754996,0,0,3.696216344833374,-0.024067144840955734,15.002304077148438,0.4849463999271393,0.008995781652629375,-0.0011206574272364378,0,-13,-1001,1,0,1,0.012590178288519382,-0.0009477082639932632,0.0001716669648885727,0.0005403493996709585,63,3135,0.019950151443481445,12.312,28.76,16,6,10,1.21,831,0.007275567390024662,0.0004413286515045911,0.006983212195336819,1500,1500,1000,1500,1800,1000,1000,1800
1784593146.0534,12.6801,0.02000,49.99,635,579509,0.000,GUIDED,GUIDED,128,3.8024612782857288,0.009635854890831491,15.002139736123622,0.4999830166524603,-0.004023054711288736,-0.000893358772062958,nan,nan,nan,nan,nan,nan,nan,nan,nan,nan,0.12221180811399364,0.011444779623013674,0.00027338016828553594,0,0,3.706245183944702,-0.024366673082113266,15.00225830078125,0.48497438430786133,0.009000667370855808,-0.00111964822281152,0,-13,-1001,-1,0,1,0.012546312063932419,-0.0009670268627814949,0.00017620860307943076,0.0006036803242750466,63,3135,0.01991891860961914,12.312,28.76,16,6,10,1.21,831,0.007275567390024662,0.0004413286515045911,0.006983212195336819,1500,1500,1000,1500,1800,1000,1000,1800
1784593146.0734,12.7000,0.01999,50.02,636,579529,0.000,GUIDED,GUIDED,128,3.812459260208993,0.009555407301733224,15.002121871947127,0.4999830166524603,-0.004023054711288736,-0.000893358772062958,nan,nan,nan,nan,nan,nan,nan,nan,nan,nan,0.12251538914480695,0.011135108756337057,0.0003400031839008533,0,0,3.716094493865967,-0.024408847093582153,15.002224922180176,0.48488494753837585,0.009157358668744564,-0.0011491557816043496,0,-13,-1000,1,0,1,0.012574435211718082,-0.00096843671053648,0.0001814853894757107,0.0005767266266047955,63,3135,0.01990509033203125,12.312,28.76,16,6,10,1.21,831,0.007275567390024662,0.0004413286515045911,0.006983212195336819,1500,1500,1000,1500,1800,1000,1000,1800
1784593146.0934,12.7201,0.02001,49.99,637,579549,0.000,GUIDED,GUIDED,128,3.822460460673748,0.009474933815018287,15.002104002019811,0.4999830166524603,-0.004023054711288736,-0.000893358772062958,nan,nan,nan,nan,nan,nan,nan,nan,nan,nan,0.12252347083930154,0.011225013149652793,0.0003807824873621882,0,0,3.7260751724243164,-0.02464209869503975,15.002181053161621,0.4848921298980713,0.009193658828735352,-0.0011576891411095858,0,-13,-1000,-1,0,1,0.01252986304461956,-0.0009898581774905324,0.0001869231928139925,0.0005500136176124215,63,3135,0.019922971725463867,12.312,28.76,16,6,10,1.21,831,0.007275567390024662,0.0004413286515045911,0.006983212195336819,1500,1500,1000,1500,1800,1000,1000,1800
1784593146.1134,12.7401,0.02000,50.00,638,579569,0.000,GUIDED,GUIDED,128,3.832459396238936,0.00939447855255212,15.00208613613937,0.4999830166524603,-0.004023054711288736,-0.000893358772062958,nan,nan,nan,nan,nan,nan,nan,nan,nan,nan,0.12288565790439483,0.010830222802703973,0.00040127148362863494,0,0,3.735900640487671,-0.024650175124406815,15.002148628234863,0.4847831726074219,0.009379803203046322,-0.001161112799309194,0,-13,-1001,1,-1,1,0.012565827928483486,-0.0010108749847859144,0.0001940994698088616,0.0005595736438408494,63,3135,0.01991581916809082,12.312,28.76,16,6,10,1.21,831,0.007275567390024662,0.0004413286515045911,0.006983212195336819,1500,1500,1000,1500,1800,1000,1000,1800
1784593146.1334,12.7601,0.02000,50.00,639,579589,0.000,GUIDED,GUIDED,128,3.8424596430617677,0.009314012739205083,15.002068267916002,0.4999830166524603,-0.004023054711288736,-0.000893358772062958,nan,nan,nan,nan,nan,nan,nan,nan,nan,nan,0.1230053503407717,0.010728716204208795,0.0003575475364925022,0,0,3.745839834213257,-0.024823535233736038,15.002107620239258,0.48474931716918945,0.009492040611803532,-0.0011225090129300952,0,-13,-1001,-1,0,1,0.012530239298939705,-0.0010159715311601758,0.00020211176888551563,0.000526821764651686,63,3135,0.019917964935302734,12.312,28.76,16,6,10,1.21,831,0.007275567390024662,0.0004413286515045911,0.006983212195336819,1500,1500,1000,1500,1800,1000,1000,1800
1784593146.1537,12.7801,0.02030,49.25,640,579609,0.000,GUIDED,GUIDED,128,3.8524595322688784,0.00923354980337101,15.002050400331612,0.4999830166524603,-0.004023054711288736,-0.000893358772062958,nan,nan,nan,nan,nan,nan,nan,nan,nan,nan,0.12258233795902101,0.011197708113918965,0.0003742458849585079,0,0,3.756016254425049,-0.025283582508563995,15.002058982849121,0.4848916232585907,0.009440421126782894,-0.0011143848532810807,0,-13,-1001,1,-1,1,0.012569845654070377,-0.0010502473451197147,0.00020559655968099833,0.0005262147169560194,63,3135,0.02023625373840332,12.312,28.76,16,6,10,1.21,831,0.006291921250522137,0.00040655143675394356,0.006492251995950937,1500,1500,1000,1500,1800,1000,1000,1800
1784593146.1734,12.8001,0.01970,50.77,641,579629,0.000,GUIDED,GUIDED,128,3.8624593022707487,0.009153087826707929,15.002032532960218,0.4999830166524603,-0.004023054711288736,-0.000893358772062958,nan,nan,nan,nan,nan,nan,nan,nan,nan,nan,0.12271386980663003,0.011036871072400402,0.00038244480155271424,0,0,3.765935182571411,-0.025396646931767464,15.002023696899414,0.484862357378006,0.009552103467285633,-0.001109061879105866,0,-13,-1001,-1,1,1,0.012521017342805862,-0.0010202061384916306,0.00020602908625733107,0.0005204907502047718,63,3135,0.019614696502685547,12.312,28.76,16,6,10,1.21,831,0.006291921250522137,0.00040655143675394356,0.006492251995950937,1500,1500,1000,1500,1800,1000,1000,1800
1784593146.1934,12.8201,0.02000,50.00,642,579649,0.000,GUIDED,GUIDED,128,3.872460979556466,0.009072610503309035,15.00201466218093,0.4999830166524603,-0.004023054711288736,-0.000893358772062958,nan,nan,nan,nan,nan,nan,nan,nan,nan,nan,0.1225016653120761,0.011383976019438784,0.0003611377934976044,0,0,3.776049852371216,-0.025772955268621445,15.001977920532227,0.48491963744163513,0.009522500447928905,-0.0010806489735841751,0,-13,-1001,0,-1,1,0.012550783343613148,-0.0010602648835629225,0.00020517529628705233,0.0004801920149475336,63,3135,0.019919633865356445,12.312,28.76,16,6,10,1.21,831,0.006291921250522137,0.00040655143675394356,0.006492251995950937,1500,1500,1000,1500,1800,1000,1000,1800
1784593146.2135,12.8400,0.02002,49.96,643,579669,0.000,GUIDED,GUIDED,128,3.882455385322518,0.008992191689340408,15.001996804394233,0.4999830166524603,-0.004023054711288736,-0.000893358772062958,nan,nan,nan,nan,nan,nan,nan,nan,nan,nan,0.1227377039392322,0.011093530839166602,0.0003198879110466724,0,0,3.7859396934509277,-0.025846056640148163,15.001945495605469,0.48484373092651367,0.009685964323580265,-0.0010484230006113648,0,-13,-1001,0,2,1,0.012519922107458115,-0.0010146495187655091,0.00020464111003093421,0.0004254239029251039,63,3135,0.01993083953857422,12.312,28.76,16,6,10,1.21,831,0.006291921250522137,0.00040655143675394356,0.006492251995950937,1500,1500,1000,1500,1800,1000,1000,1800
1784593146.2334,12.8600,0.01991,50.24,644,579689,0.000,GUIDED,GUIDED,128,3.892441565926982,0.008911839058169946,15.001978961304077,0.4999830166524603,-0.004023054711288736,-0.000893358772062958,nan,nan,nan,nan,nan,nan,nan,nan,nan,nan,0.12261574291744001,0.011260605451922517,0.00030218840605720663,0,0,3.7960002422332764,-0.02614821307361126,15.001904487609863,0.4848712086677551,0.009717562235891819,-0.0010248299222439528,0,-13,-1001,0,-1,1,0.012523019686341286,-0.0010520884534344077,0.0002043415734078735,0.00043673155596479774,63,3135,0.019839048385620117,12.312,28.76,16,6,10,1.21,831,0.006291921250522137,0.00040655143675394356,0.006492251995950937,1500,1500,1000,1500,1800,1000,1000,1800
1784593146.2534,12.8800,0.02001,49.98,645,579709,0.000,GUIDED,GUIDED,128,3.902453614068614,0.00883127828689511,15.00196107199437,0.4999830166524603,-0.004023054711288736,-0.000893358772062958,nan,nan,nan,nan,nan,nan,nan,nan,nan,nan,0.12258136208710657,0.011360183687280378,0.0003466905587096137,0,0,3.8060286045074463,-0.026405643671751022,15.001852989196777,0.4848816394805908,0.00976218655705452,-0.0010311190271750093,0,-13,-1001,0,0,1,0.012524142861366272,-0.0010350358206778765,0.0002080692065646872,0.0004738398129120469,63,3135,0.019944429397583008,12.312,28.76,16,6,10,1.21,831,0.006291921250522137,0.00040655143675394356,0.006492251995950937,1500,1500,1000,1500,1800,1000,1000,1800
1784593146.2734,12.9000,0.02003,49.92,646,579729,0.000,GUIDED,GUIDED,128,3.912454099301927,0.008750810555206101,15.001943203345014,0.4999830166524603,-0.004023054711288736,-0.000893358772062958,nan,nan,nan,nan,nan,nan,nan,nan,nan,nan,0.12289906558644889,0.010935914936328409,0.00038844345902787564,0,0,3.8158767223358154,-0.026418624445796013,15.00181770324707,0.48478618264198303,0.009968174621462822,-0.001045169192366302,0,-13,-1000,0,-1,1,0.012510517612099648,-0.0010620105313137174,0.00021125248167663813,0.00043455505510792136,63,3135,0.01995682716369629,12.312,28.76,16,6,10,1.21,831,0.006291921250522137,0.00040655143675394356,0.006492251995950937,1500,1500,1000,1500,1800,1000,1000,1800
1784593146.2934,12.9201,0.01999,50.01,647,579749,0.000,GUIDED,GUIDED,128,3.9224561342033653,0.008670330354294244,15.001925331926747,0.4999830166524603,-0.004023054711288736,-0.000893358772062958,nan,nan,nan,nan,nan,nan,nan,nan,nan,nan,0.1229394423016496,0.010884224088542428,0.0003995563909745611,0,0,3.8258564472198486,-0.02661033347249031,15.001770973205566,0.48477575182914734,0.010062236338853836,-0.0010349237127229571,0,-13,-1001,1,1,1,0.012526912614703178,-0.0010334169492125511,0.00021623409702442586,0.00041705224430188537,63,3135,0.019926786422729492,12.312,28.76,16,6,10,1.21,831,0.006291921250522137,0.00040655143675394356,0.006492251995950937,1500,1500,1000,1500,1800,1000,1000,1800
1784593146.3134,12.9401,0.02004,49.89,648,579769,0.000,GUIDED,GUIDED,128,3.9324594803624477,0.008589839602501523,15.001907458165551,0.4999830166524603,-0.004023054711288736,-0.000893358772062958,nan,nan,nan,nan,nan,nan,nan,nan,nan,nan,0.12328057690196478,0.01043996469082957,0.0003602770642321981,0,0,3.8356804847717285,-0.026589499786496162,15.001738548278809,0.4846823215484619,0.010260229930281639,-0.0010038446635007858,0,-13,-1001,0,-1,1,0.012515364214777946,-0.0010749442735686898,0.0002212042745668441,0.00044395087752491236,63,3135,0.019960880279541016,12.312,28.76,16,6,10,1.21,831,0.006291921250522137,0.00040655143675394356,0.006492251995950937,1500,1500,1000,1500,1800,1000,1000,1800
1784593146.3334,12.9601,0.01999,50.01,649,579789,0.000,GUIDED,GUIDED,128,3.942456508643789,0.008509399686771162,15.001889595693003,0.4999830166524603,-0.004023054711288736,-0.000893358772062958,nan,nan,nan,nan,nan,nan,nan,nan,nan,nan,0.12338338399059202,0.010288760295884384,0.0003566678054361158,0,0,3.8456192016601562,-0.026722850278019905,15.00169563293457,0.4846566319465637,0.010378075763583183,-0.0009872965747490525,0,-13,-1001,1,1,1,0.012531249783933163,-0.0010420860489830375,0.00022943475050851703,0.0004603037959896028,63,3135,0.019912004470825195,12.312,28.76,16,6,10,1.21,831,0.006291921250522137,0.00040655143675394356,0.006492251995950937,1500,1500,1000,1500,1800,1000,1000,1800
1784593146.3534,12.9800,0.01996,50.10,650,579809,0.000,GUIDED,GUIDED,128,3.9524543713618128,0.008428953056843887,15.001871731729501,0.4999830166524603,-0.004023054711288736,-0.000893358772062958,nan,nan,nan,nan,nan,nan,nan,nan,nan,nan,0.12299380032048121,0.01070765384144004,0.00039028786888938434,0,0,3.855799913406372,-0.02712647244334221,15.001643180847168,0.48477599024772644,0.01032281294465065,-0.0009867376647889614,0,-13,-1001,0,-2,1,0.012522216886281967,-0.0010964585235342383,0.0002309676056029275,0.00038847228279337287,63,3135,0.019892215728759766,12.312,28.76,16,6,10,1.21,831,0.006291921250522137,0.00040655143675394356,0.006492251995950937,1500,1500,1000,1500,1800,1000,1000,1800
1784593146.3734,13.0001,0.02004,49.90,651,579829,0.000,GUIDED,GUIDED,128,3.962455333416087,0.008348481488470921,15.001853862228172,0.4999830166524603,-0.004023054711288736,-0.000893358772062958,nan,nan,nan,nan,nan,nan,nan,nan,nan,nan,0.1231329004635691,0.010447777565977718,0.00040765075164444245,0,0,3.865719795227051,-0.02720339223742485,15.001608848571777,0.48474249243736267,0.010470801964402199,-0.0009872573427855968,0,-13,-1000,1,0,1,0.0125401820987463,-0.00107526034116745,0.00023215553665068,0.00046806299360468984,63,3135,0.019956588745117188,12.312,28.76,16,6,10,1.21,831,0.006291921250522137,0.00040655143675394356,0.006492251995950937,1500,1500,1000,1500,1800,1000,1000,1800
1784593146.3937,13.0200,0.02024,49.40,652,579849,0.000,GUIDED,GUIDED,128,3.972451527260745,0.008268048286937474,15.001836001246577,0.4999830166524603,-0.004023054711288736,-0.000893358772062958,nan,nan,nan,nan,nan,nan,nan,nan,nan,nan,0.12287436723267359,0.0106735481060405,0.00035395107070068985,0,0,3.875838041305542,-0.027526739984750748,15.001562118530273,0.48482128977775574,0.010480700060725212,-0.0009395862580277026,0,-13,-1001,0,-1,1,0.012530002743005753,-0.0011178692802786827,0.000230339341214858,0.00038972904440015554,63,3135,0.019884109497070312,12.312,28.76,16,6,10,1.21,831,0.005997359286993742,0.0003840764984488487,0.0064771720208227634,1500,1500,1000,1500,1800,1000,1000,1800
1784593146.4134,13.0400,0.01975,50.63,653,579869,0.000,GUIDED,GUIDED,128,3.982448913157808,0.008187605493694149,15.001818138135048,0.4999830166524603,-0.004023054711288736,-0.000893358772062958,nan,nan,nan,nan,nan,nan,nan,nan,nan,nan,0.12311091568446023,0.010317599214291165,0.0003134771768376357,0,0,3.885728597640991,-0.02756430394947529,15.001530647277832,0.48474639654159546,0.010661451146006584,-0.0009083619806915522,0,-13,-1001,1,2,1,0.012560509145259857,-0.0010701385326683521,0.00023105807485990226,0.00041663250885903835,63,3135,0.019665002822875977,12.312,28.76,16,6,10,1.21,831,0.005997359286993742,0.0003840764984488487,0.0064771720208227634,1500,1500,1000,1500,1800,1000,1000,1800
1784593146.4334,13.0601,0.01997,50.07,654,579889,0.000,GUIDED,GUIDED,128,3.9924557162688616,0.00810708692594278,15.001800258197047,0.4999830166524603,-0.004023054711288736,-0.000893358772062958,nan,nan,nan,nan,nan,nan,nan,nan,nan,nan,0.12300980102957315,0.010412736680265246,0.0002479444582211992,0,0,3.8957924842834473,-0.027815965935587883,15.00148868560791,0.48477181792259216,0.010705333203077316,-0.0008566230535507202,0,-13,-1001,0,-1,1,0.012538615614175797,-0.0011091489577665925,0.00023322903143707663,0.0005004156264476478,63,3135,0.019906044006347656,12.312,28.76,16,6,10,1.21,831,0.005997359286993742,0.0003840764984488487,0.0064771720208227634,1500,1500,1000,1500,1800,1000,1000,1800
1784593146.4534,13.0800,0.02002,49.94,655,579909,0.000,GUIDED,GUIDED,128,4.002450956471597,0.00802666139777724,15.0017823989194,0.4999830166524603,-0.004023054711288736,-0.000893358772062958,nan,nan,nan,nan,nan,nan,nan,nan,nan,nan,0.12293858174202289,0.010436255065326132,0.000168646134504462,0,0,3.9058239459991455,-0.028024714440107346,15.00143814086914,0.484792023897171,0.010765842162072659,-0.0007919691852293909,0,-13,-1001,2,1,1,0.012576557695865631,-0.0010736305266618729,0.0002380675869062543,0.00044003367656841874,63,3135,0.01993870735168457,12.312,28.76,16,6,10,1.21,831,0.005997359286993742,0.0003840764984488487,0.0064771720208227634,1500,1500,1000,1500,1800,1000,1000,1800
1784593146.4735,13.1000,0.02004,49.90,656,579929,0.000,GUIDED,GUIDED,128,4.012450607268227,0.007946200380285144,15.001764531760998,0.4999830166524603,-0.004023054711288736,-0.000893358772062958,nan,nan,nan,nan,nan,nan,nan,nan,nan,nan,0.12324483693965534,0.01001349152302974,9.565082890685767e-05,0,0,3.9156723022460938,-0.028004391118884087,15.001407623291016,0.48470255732536316,0.010951736941933632,-0.0007425216026604176,0,-13,-1001,-1,0,1,0.012545783072710037,-0.0010868030367419124,0.00024103722535073757,0.00035023881355300546,63,3135,0.01990199089050293,12.312,28.76,16,6,10,1.21,831,0.005997359286993742,0.0003840764984488487,0.0064771720208227634,1500,1500,1000,1500,1800,1000,1000,1800
1784593146.4934,13.1201,0.01997,50.07,657,579949,0.000,GUIDED,GUIDED,128,4.0224551454797135,0.007865700036782539,15.00174665586987,0.4999830166524603,-0.004023054711288736,-0.000893358772062958,nan,nan,nan,nan,nan,nan,nan,nan,nan,nan,0.1232313981935835,0.009948460778320123,9.403208440735895e-05,0,0,3.9256551265716553,-0.028150945901870728,15.001362800598145,0.4847228527069092,0.01102741900831461,-0.0007260292768478394,0,-13,-1001,1,0,1,0.012578949332237244,-0.0010681593557819724,0.0002450095198582858,0.0003617341280914843,63,3135,0.019904375076293945,12.312,28.76,16,6,10,1.21,831,0.005997359286993742,0.0003840764984488487,0.0064771720208227634,1500,1500,1000,1500,1800,1000,1000,1800
1784593146.5134,13.1401,0.01996,50.09,658,579969,0.000,GUIDED,GUIDED,128,4.032454557865862,0.007785240937632422,15.001728789137454,0.4999830166524603,-0.004023054711288736,-0.000893358772062958,nan,nan,nan,nan,nan,nan,nan,nan,nan,nan,0.12356934877815512,0.009497751378284163,9.625506600511316e-05,0,0,3.9354801177978516,-0.028098613023757935,15.001335144042969,0.48462843894958496,0.011210968717932701,-0.00072166055906564,0,-13,-1001,-1,1,1,0.01254772674292326,-0.0010682758875191212,0.0002499367401469499,0.0003605822566896677,63,3135,0.01989603042602539,12.312,28.76,16,6,10,1.21,831,0.005997359286993742,0.0003840764984488487,0.0064771720208227634,1500,1500,1000,1500,1800,1000,1000,1800
1784593146.5334,13.1600,0.01999,50.02,659,579989,0.000,GUIDED,GUIDED,128,4.042450394094799,0.0077048106136119385,15.001710928794838,0.4999830166524603,-0.004023054711288736,-0.000893358772062958,nan,nan,nan,nan,nan,nan,nan,nan,nan,nan,0.12365759216467444,0.009345957411646646,9.1065798463574e-05,0,0,3.9454219341278076,-0.028189925476908684,15.00129508972168,0.4846086800098419,0.011304889805614948,-0.000705850834492594,0,-13,-1001,1,0,1,0.012579322792589664,-0.0010690748458728194,0.00025698839453980327,0.00041769177187234163,63,3135,0.019924163818359375,12.312,28.76,16,6,10,1.21,831,0.005997359286993742,0.0003840764984488487,0.0064771720208227634,1500,1500,1000,1500,1800,1000,1000,1800
1784593146.5534,13.1801,0.02001,49.98,660,580009,0.000,GUIDED,GUIDED,128,4.052453859459122,0.007624318902648232,15.00169305482065,0.4999830166524603,-0.004023054711288736,-0.000893358772062958,nan,nan,nan,nan,nan,nan,nan,nan,nan,nan,0.12323841200856944,0.009697092273565681,-2.955418704589575e-05,0,0,3.955606460571289,-0.028542444109916687,15.001246452331543,0.48474615812301636,0.01125921681523323,-0.0006184495869092643,0,-13,-1001,-1,2,1,0.012541566975414753,-0.0010358630679547787,0.00026031563174910843,0.0003557176678441465,63,3135,0.019939422607421875,12.312,28.76,16,6,10,1.21,831,0.005997359286993742,0.0003840764984488487,0.0064771720208227634,1500,1500,1000,1500,1800,1000,1000,1800
1784593146.5734,13.2000,0.02001,49.99,661,580029,0.000,GUIDED,GUIDED,128,4.0624498148932995,0.007543887619456763,15.001675194265042,0.4999830166524603,-0.004023054711288736,-0.000893358772062958,nan,nan,nan,nan,nan,nan,nan,nan,nan,nan,0.12340093055812038,0.009423632704952938,-0.00012308283122724974,0,0,3.9655280113220215,-0.02858586050570011,15.00121784210205,0.48469528555870056,0.011395728215575218,-0.0005582444719038904,0,-13,-1001,1,0,1,0.01258233655244112,-0.001047410536557436,0.00025810260558500886,0.00029976567020639777,63,3135,0.019937515258789062,12.312,28.76,16,6,10,1.21,831,0.005997359286993742,0.0003840764984488487,0.0064771720208227634,1500,1500,1000,1500,1800,1000,1000,1800
1784593146.5934,13.2201,0.01999,50.01,662,580049,0.000,GUIDED,GUIDED,128,4.072453161052382,0.007463396867664042,15.001657320503847,0.4999830166524603,-0.004023054711288736,-0.000893358772062958,nan,nan,nan,nan,nan,nan,nan,nan,nan,nan,0.12310880758464099,0.009691652113526256,-8.132178968843604e-05,0,0,3.975649833679199,-0.028862513601779938,15.001174926757812,0.48479554057121277,0.011354241520166397,-0.0005678974557667971,0,-13,-1001,-1,2,1,0.012549989856779575,-0.0010008527897298336,0.0002579153806436807,0.0003210741560906172,63,3135,0.019926071166992188,12.312,28.76,16,6,10,1.21,831,0.005997359286993742,0.0003840764984488487,0.0064771720208227634,1500,1500,1000,1500,1800,1000,1000,1800
1784593146.6134,13.2401,0.02000,50.00,663,580069,0.000,GUIDED,GUIDED,128,4.082452811849012,0.007382935850171947,15.001639453345444,0.4999830166524603,-0.004023054711288736,-0.000893358772062958,nan,nan,nan,nan,nan,nan,nan,nan,nan,nan,0.12332791725017768,0.00938328602981256,-0.0001833720689836221,0,0,3.985541820526123,-0.02886921912431717,15.00114917755127,0.48473119735717773,0.011489694006741047,-0.0005044279969297349,0,-13,-1001,2,-1,1,0.01259374339133501,-0.001033137901686132,0.000256694620475173,0.00034373393282294273,63,3135,0.019932270050048828,12.312,28.76,16,6,10,1.21,831,0.005997359286993742,0.0003840764984488487,0.0064771720208227634,1500,1500,1000,1500,1800,1000,1000,1800
1784593146.6334,13.2600,0.01999,50.03,664,580089,0.000,GUIDED,GUIDED,128,4.092447098409824,0.007302517995374305,15.001621595771743,0.4999830166524603,-0.004023054711288736,-0.000893358772062958,nan,nan,nan,nan,nan,nan,nan,nan,nan,nan,0.12317988087690758,0.009527214076856416,-0.00015001156608741742,0,0,3.995609760284424,-0.02907928265631199,15.00111198425293,0.4847741425037384,0.011481448076665401,-0.0005125252064317465,0,-13,-1001,0,2,1,0.012561097741127014,-0.0009778167586773634,0.00025673964410088956,0.000279090425465256,63,3135,0.019918441772460938,12.312,28.76,16,6,10,1.21,831,0.005997359286993742,0.0003840764984488487,0.0064771720208227634,1500,1500,1000,1500,1800,1000,1000,1800
1784593146.6537,13.2800,0.02035,49.15,665,580109,0.000,GUIDED,GUIDED,128,4.1024469876169345,0.007222055059540232,15.001603728187355,0.4999830166524603,-0.004023054711288736,-0.000893358772062958,nan,nan,nan,nan,nan,nan,nan,nan,nan,nan,0.12306709690824828,0.009563844150631114,-0.00016641979746421078,0,0,4.005644798278809,-0.0292492788285017,15.001065254211426,0.4848189651966095,0.01151199173182249,-0.0004863881622441113,0,-13,-1001,1,0,1,0.012596942484378815,-0.0010080368956550956,0.0002591193770058453,0.0003217061166651547,63,3135,0.020267009735107422,12.312,28.76,16,6,10,1.21,831,0.005729543045163155,0.0003527649969328195,0.006530026905238628,1500,1500,1000,1500,1800,1000,1000,1800
1784593146.6734,13.3000,0.01963,50.95,666,580129,0.000,GUIDED,GUIDED,128,4.112446042387363,0.007141598837903079,15.001585862093918,0.4999830166524603,-0.004023054711288736,-0.000893358772062958,nan,nan,nan,nan,nan,nan,nan,nan,nan,nan,0.1233184504546841,0.00920848572962232,-0.00026017113477212435,0,0,4.015496253967285,-0.029203636571764946,15.001039505004883,0.48475906252861023,0.011644355021417141,-0.0004277094849385321,0,-13,-1001,0,2,1,0.012564681470394135,-0.00095867965137586,0.00026264009648002684,0.0002991450601257384,63,3135,0.01956629753112793,12.312,28.76,16,6,10,1.21,831,0.005729543045163155,0.0003527649969328195,0.006530026905238628,1500,1500,1000,1500,1800,1000,1000,1800
1784593146.6934,13.3200,0.02006,49.85,667,580149,0.000,GUIDED,GUIDED,128,4.122446766031157,0.007061129187872092,15.001567993018577,0.4999830166524603,-0.004023054711288736,-0.000893358772062958,nan,nan,nan,nan,nan,nan,nan,nan,nan,nan,0.12330240917700375,0.009150545505150771,-0.0003067470147404269,0,0,4.025483131408691,-0.029315365478396416,15.000999450683594,0.4847763180732727,0.011695854365825653,-0.00038801023038104177,0,-13,-1001,1,0,1,0.012598127126693726,-0.000985366408713162,0.0002653914561960846,0.00026802357751876116,63,3135,0.019975662231445312,12.312,28.76,16,6,10,1.21,831,0.005729543045163155,0.0003527649969328195,0.006530026905238628,1500,1500,1000,1500,1800,1000,1000,1800
1784593146.7134,13.3401,0.02002,49.96,668,580169,0.000,GUIDED,GUIDED,128,4.132452377089806,0.0069806202118306016,15.00155011521051,0.4999830166524603,-0.004023054711288736,-0.000893358772062958,nan,nan,nan,nan,nan,nan,nan,nan,nan,nan,0.12363273447707254,0.008711517123175288,-0.00038943768397903115,0,0,4.035310745239258,-0.029239822179079056,15.000977516174316,0.4846883714199066,0.011859230697154999,-0.000337926612701267,0,-13,-1001,0,1,1,0.012564669363200665,-0.000942691694945097,0.00026877751224674284,0.0002463865093886852,63,3135,0.019933462142944336,12.312,28.76,16,6,10,1.21,831,0.005729543045163155,0.0003527649969328195,0.006530026905238628,1500,1500,1000,1500,1800,1000,1000,1800
1784593146.7334,13.3601,0.01996,50.10,669,580189,0.000,GUIDED,GUIDED,128,4.142450597423552,0.006900170704390356,15.001532250608028,0.4999830166524603,-0.004023054711288736,-0.000893358772062958,nan,nan,nan,nan,nan,nan,nan,nan,nan,nan,0.12373454876276992,0.008549612632216756,-0.0003577885212388963,0,0,4.0452561378479,-0.0292995423078537,15.000944137573242,0.4846600890159607,0.011940738186240196,-0.0003472422540653497,0,-13,-1001,1,0,1,0.012606712058186531,-0.0009661309886723757,0.0002747665857896209,0.0003305741702206433,63,3135,0.019892215728759766,12.312,28.76,16,6,10,1.21,831,0.005729543045163155,0.0003527649969328195,0.006530026905238628,1500,1500,1000,1500,1800,1000,1000,1800
1784593146.7534,13.3800,0.01999,50.03,670,580209,0.000,GUIDED,GUIDED,128,4.152444883984364,0.006819752849592721,15.001514393034325,0.4999830166524603,-0.004023054711288736,-0.000893358772062958,nan,nan,nan,nan,nan,nan,nan,nan,nan,nan,0.12331764183929547,0.008898201960501052,-0.0003101920880860602,0,0,4.0554399490356445,-0.02961135469377041,15.000896453857422,0.4847913682460785,0.011873075738549232,-0.00035750193637795746,0,-13,-1001,0,0,1,0.012584674172103405,-0.0009686605189926922,0.0002761353680398315,0.0002655544667504728,63,3135,0.01991748809814453,12.312,28.76,16,6,10,1.21,831,0.005729543045163155,0.0003527649969328195,0.006530026905238628,1500,1500,1000,1500,1800,1000,1000,1800
1784593146.7734,13.4000,0.02000,50.00,671,580229,0.000,GUIDED,GUIDED,128,4.162444653986234,0.006739290872929633,15.00149652566293,0.4999830166524603,-0.004023054711288736,-0.000893358772062958,nan,nan,nan,nan,nan,nan,nan,nan,nan,nan,0.12342341344442631,0.008637636518128922,-0.00028901439334847443,0,0,4.065361976623535,-0.029629359021782875,15.000870704650879,0.484775185585022,0.011987453326582909,-0.00036517830449156463,0,-13,-1000,1,1,1,0.012628685683012009,-0.0009529419476166368,0.00027445724117569625,0.00021988112712278962,63,3135,0.019929885864257812,12.312,28.76,16,6,10,1.21,831,0.005729543045163155,0.0003527649969328195,0.006530026905238628,1500,1500,1000,1500,1800,1000,1000,1800
1784593146.7934,13.4200,0.02004,49.90,672,580249,0.000,GUIDED,GUIDED,128,4.172445020014306,0.00665882410041161,15.001478657226569,0.4999830166524603,-0.004023054711288736,-0.000893358772062958,nan,nan,nan,nan,nan,nan,nan,nan,nan,nan,0.12311936796438262,0.008808276982522435,-0.0003091733475870304,0,0,4.075484275817871,-0.029868319630622864,15.00082778930664,0.48488032817840576,0.011980440467596054,-0.0003390786878298968,0,-13,-1001,0,0,0,0.012596366927027702,-0.0009550547692924738,0.00027139735175296664,0.00018421682761982083,63,3135,0.01995396614074707,12.312,28.76,16,6,10,1.21,831,0.005729543045163155,0.0003527649969328195,0.006530026905238628,1500,1500,1000,1500,1800,1000,1000,1800
1784593146.8134,13.4401,0.01998,50.06,673,580269,0.000,GUIDED,GUIDED,128,4.182449081404831,0.006578327593592961,15.001460782187413,0.4999830166524603,-0.004023054711288736,-0.000893358772062958,nan,nan,nan,nan,nan,nan,nan,nan,nan,nan,0.12332304194551776,0.008503423258444585,-0.0003220730013117264,0,0,4.085377216339111,-0.02985057607293129,15.000804901123047,0.4848268926143646,0.012099728919565678,-0.00032873672898858786,0,-13,-1001,0,1,0,0.012597568333148956,-0.0009420287096872926,0.00026882372912950814,0.00016304041491821408,63,3135,0.019907712936401367,12.312,28.76,16,6,10,1.21,831,0.005729543045163155,0.0003527649969328195,0.006530026905238628,1500,1500,1000,1500,1800,1000,1000,1800
1784593146.8334,13.4600,0.02003,49.94,674,580289,0.000,GUIDED,GUIDED,128,4.192444440812807,0.006497901106256435,15.001442922696771,0.4999830166524603,-0.004023054711288736,-0.000893358772062958,nan,nan,nan,nan,nan,nan,nan,nan,nan,nan,0.1231367323724236,0.008588310174881805,-0.00036589838298050953,0,0,4.09544563293457,-0.030025677755475044,15.000767707824707,0.4848922789096832,0.012105380184948444,-0.00029227175400592387,0,-13,-1001,0,0,0,0.012598766013979912,-0.0009444550960324705,0.00026755640283226967,0.00017517514061182737,63,3135,0.019940614700317383,12.312,28.76,16,6,10,1.21,831,0.005729543045163155,0.0003527649969328195,0.006530026905238628,1500,1500,1000,1500,1800,1000,1000,1800
1784593146.8534,13.4800,0.02001,49.99,675,580309,0.000,GUIDED,GUIDED,128,4.202444568430399,0.006417436252080383,15.001425054686397,0.4999830166524603,-0.004023054711288736,-0.000893358772062958,nan,nan,nan,nan,nan,nan,nan,nan,nan,nan,0.12302430487686805,0.008613467756658343,-0.0003757142308378219,0,0,4.10548210144043,-0.03016219101846218,15.000724792480469,0.4849362075328827,0.01212321501225233,-0.0002721434866543859,0,-13,-1001,0,2,0,0.012602731585502625,-0.0008994672098197043,0.00026899814838543534,0.00016086571849882603,63,3135,0.01992058753967285,12.312,28.76,16,6,10,1.21,831,0.005729543045163155,0.0003527649969328195,0.006530026905238628,1500,1500,1000,1500,1800,1000,1000,1800
1784593146.8734,13.5000,0.02000,50.01,676,580329,0.000,GUIDED,GUIDED,128,4.212443503995586,0.006336980989614216,15.001407188805954,0.4999830166524603,-0.004023054711288736,-0.000893358772062958,nan,nan,nan,nan,nan,nan,nan,nan,nan,nan,0.12327435453734165,0.00818838787961967,-0.00035159014453404753,0,0,4.115335464477539,-0.03009410947561264,15.000700950622559,0.48487588763237,0.01228287722915411,-0.0002826213021762669,0,-13,-1000,1,0,0,0.012619602493941784,-0.0009150010300800204,0.0002698803727980703,0.0001645800657570362,63,3135,0.01991105079650879,12.312,28.76,16,6,10,1.21,831,0.005729543045163155,0.0003527649969328195,0.006530026905238628,1500,1500,1000,1500,1800,1000,1000,1800
1784593146.8938,13.5201,0.02038,49.08,677,580349,0.000,GUIDED,GUIDED,128,4.222449234259477,0.00625647105440174,15.001389310784893,0.4999830166524603,-0.004023054711288736,-0.000893358772062958,nan,nan,nan,nan,nan,nan,nan,nan,nan,nan,0.1232644703251118,0.008074267267406354,-0.00037409707412028824,0,0,4.12532377243042,-0.030174212530255318,15.000662803649902,0.4848916530609131,0.012348529882729053,-0.00025792463566176593,0,-13,-1001,0,2,0,0.012605531141161919,-0.0008622767054475844,0.00027208367828279734,0.0001641149865463376,63,3135,0.019932270050048828,12.312,28.76,16,6,10,1.21,831,0.005463550332933664,0.0003342980344314128,0.006490334868431091,1500,1500,1000,1500,1800,1000,1000,1800
1784593146.9134,13.5401,0.01960,51.02,678,580369,0.000,GUIDED,GUIDED,128,4.232447573798462,0.006176020587790508,15.001371445969419,0.4999830166524603,-0.004023054711288736,-0.000893358772062958,nan,nan,nan,nan,nan,nan,nan,nan,nan,nan,0.12360296078676701,0.007600177903566572,-0.00039728461470366473,0,0,4.135153293609619,-0.030076714232563972,15.000642776489258,0.48479369282722473,0.012519506737589836,-0.00024328887229785323,0,-13,-1001,1,-1,0,0.012618104927241802,-0.0008976786048151553,0.00027394015341997147,0.00016585609409958124,63,3135,0.01953268051147461,12.312,28.76,16,6,10,1.21,831,0.005463550332933664,0.0003342980344314128,0.006490334868431091,1500,1500,1000,1500,1800,1000,1000,1800
1784593146.9334,13.5601,0.02004,49.90,679,580389,0.000,GUIDED,GUIDED,128,4.242448655057977,0.006095548060246557,15.001353576255095,0.4999830166524603,-0.004023054711288736,-0.000893358772062958,nan,nan,nan,nan,nan,nan,nan,nan,nan,nan,0.12366640713247282,0.007444888303063325,-0.00041179378761840835,0,0,4.145100116729736,-0.030106935650110245,15.000608444213867,0.4847883880138397,0.012580150738358498,-0.00022540733334608376,0,-13,-1001,0,2,0,0.012603187933564186,-0.0008513713255524635,0.00027733430033549666,0.0001228888868354261,63,3135,0.01995563507080078,12.312,28.76,16,6,10,1.21,831,0.005463550332933664,0.0003342980344314128,0.006490334868431091,1500,1500,1000,1500,1800,1000,1000,1800
1784593146.9534,13.5800,0.01995,50.13,680,580409,0.000,GUIDED,GUIDED,128,4.252441630361144,0.006015140756329786,15.00133572102432,0.4999830166524603,-0.004023054711288736,-0.000893358772062958,nan,nan,nan,nan,nan,nan,nan,nan,nan,nan,0.12322407054965055,0.007816862277817367,-0.0004724567422502285,0,0,4.155284404754639,-0.030391322448849678,15.000572204589844,0.4849333167076111,0.012483159080147743,-0.00017976932576857507,0,-13,-1001,1,-1,0,0.01261832658201456,-0.0008864067494869232,0.00027752542519010603,0.00013346702326089144,63,3135,0.019881010055541992,12.312,28.76,16,6,10,1.21,831,0.005463550332933664,0.0003342980344314128,0.006490334868431091,1500,1500,1000,1500,1800,1000,1000,1800
1784593146.9734,13.6001,0.02005,49.87,681,580429,0.000,GUIDED,GUIDED,128,4.262447956651236,0.005934626025262367,15.001317841938292,0.4999830166524603,-0.004023054711288736,-0.000893358772062958,nan,nan,nan,nan,nan,nan,nan,nan,nan,nan,0.12334269853708402,0.007579282862281565,-0.00047305664197143534,0,0,4.165208339691162,-0.030390234664082527,15.000554084777832,0.4849123954772949,0.012573212385177612,-0.00017928399029187858,0,-13,-1000,0,2,0,0.01260746642947197,-0.0008383774547837675,0.00027431570924818516,6.962072802707553e-05,63,3135,0.019968748092651367,12.312,28.76,16,6,10,1.21,831,0.005463550332933664,0.0003342980344314128,0.006490334868431091,1500,1500,1000,1500,1800,1000,1000,1800
1784593146.9934,13.6201,0.01996,50.10,682,580449,0.000,GUIDED,GUIDED,128,4.272446057779741,0.005854177476993114,15.001299977548804,0.4999830166524603,-0.004023054711288736,-0.000893358772062958,nan,nan,nan,nan,nan,nan,nan,nan,nan,nan,0.12303694370304585,0.007814953524479397,-0.0005297203614037585,0,0,4.175331115722656,-0.03060508519411087,15.00052261352539,0.48501694202423096,0.012514744885265827,-0.0001387132506351918,0,-13,-1001,1,0,1,0.01262369193136692,-0.0008695434080436826,0.0002728824911173433,0.0002040975377894938,63,3135,0.01989150047302246,12.312,28.76,16,6,10,1.21,831,0.005463550332933664,0.0003342980344314128,0.006490334868431091,1500,1500,1000,1500,1800,1000,1000,1800
1784593147.0134,13.6401,0.02004,49.90,683,580469,0.000,GUIDED,GUIDED,128,4.282447615860218,0.005773701112765213,15.00128210698251,0.4999830166524603,-0.004023054711288736,-0.000893358772062958,nan,nan,nan,nan,nan,nan,nan,nan,nan,nan,0.12319391868772901,0.007555064114821968,-0.0005505760950530205,0,0,4.1852264404296875,-0.03057078644633293,15.000506401062012,0.48498764634132385,0.012598526664078236,-0.00012762949336320162,0,-13,-1001,0,1,0,0.01261072140187025,-0.0008297099848277867,0.0002716157177928835,0.00017047184519469738,63,3135,0.019955873489379883,12.312,28.76,16,6,10,1.21,831,0.005463550332933664,0.0003342980344314128,0.006490334868431091,1500,1500,1000,1500,1800,1000,1000,1800
1784593147.0334,13.6601,0.02000,50.00,684,580489,0.000,GUIDED,GUIDED,128,4.292446670630646,0.005693244891128053,15.001264240889073,0.4999830166524603,-0.004023054711288736,-0.000893358772062958,nan,nan,nan,nan,nan,nan,nan,nan,nan,nan,0.1229974731079094,0.0077189059371186655,-0.000575091785251174,0,0,4.195296764373779,-0.030724812299013138,15.000479698181152,0.485059916973114,0.012546407990157604,-0.00010837343143066391,0,-13,-1001,1,0,1,0.012625595554709435,-0.0008512361673638225,0.00027158670127391815,0.00023024476831778884,63,3135,0.019915103912353516,12.312,28.76,16,6,10,1.21,831,0.005463550332933664,0.0003342980344314128,0.006490334868431091,1500,1500,1000,1500,1800,1000,1000,1800
1784593147.0534,13.6801,0.02000,50.01,685,580509,0.000,GUIDED,GUIDED,128,4.302445606195834,0.005612789628661886,15.001246375008632,0.4999830166524603,-0.004023054711288736,-0.000893358772062958,nan,nan,nan,nan,nan,nan,nan,nan,nan,nan,0.1228712094309124,0.007744414514968028,-0.000555948025662234,0,0,4.2053351402282715,-0.03084210492670536,15.000445365905762,0.4851100444793701,0.012552948668599129,-0.00010991920862579718,0,-13,-1001,0,0,0,0.01261233352124691,-0.0008236020803451538,0.00027379809762351215,0.00018816336523741484,63,3135,0.0199127197265625,12.312,28.76,16,6,10,1.21,831,0.005463550332933664,0.0003342980344314128,0.006490334868431091,1500,1500,1000,1500,1800,1000,1000,1800
1784593147.0735,13.7001,0.02002,49.94,686,580529,0.000,GUIDED,GUIDED,128,4.3124464490448675,0.005532319019459914,15.001228505720297,0.4999830166524603,-0.004023054711288736,-0.000893358772062958,nan,nan,nan,nan,nan,nan,nan,nan,nan,nan,0.12315061805037253,0.00739296153324101,-0.0006139576931962999,0,0,4.215190887451172,-0.030761076137423515,15.000428199768066,0.48503249883651733,0.012662618421018124,-7.683327567065135e-05,0,-13,-1001,1,0,0,0.012625770643353462,-0.0008327719988301396,0.0002758294576779008,0.0001789519446901977,63,3135,0.019939661026000977,12.312,28.76,16,6,10,1.21,831,0.005463550332933664,0.0003342980344314128,0.006490334868431091,1500,1500,1000,1500,1800,1000,1000,1800
1784593147.0934,13.7201,0.01994,50.15,687,580549,0.000,GUIDED,GUIDED,128,4.322444550173372,0.00545187047119066,15.001210641330808,0.4999830166524603,-0.004023054711288736,-0.000893358772062958,nan,nan,nan,nan,nan,nan,nan,nan,nan,nan,0.12311946754519525,0.0073185513393536,-0.000624896313965602,0,0,4.225181579589844,-0.030824845656752586,15.000399589538574,0.48505476117134094,0.012695949524641037,-6.431374640669674e-05,0,-13,-1001,0,0,0,0.012611412443220615,-0.000824054004624486,0.00027830651379190385,0.00017615448450669646,63,3135,0.019873380661010742,12.312,28.76,16,6,10,1.21,831,0.005463550332933664,0.0003342980344314128,0.006490334868431091,1500,1500,1000,1500,1800,1000,1000,1800
1784593147.1134,13.7401,0.02004,49.90,688,580569,0.000,GUIDED,GUIDED,128,4.332445512227647,0.005371398902817695,15.00119277182948,0.4999830166524603,-0.004023054711288736,-0.000893358772062958,nan,nan,nan,nan,nan,nan,nan,nan,nan,nan,0.1234302187643347,0.006876660663621224,-0.0006200823576606063,0,0,4.235013484954834,-0.03071613609790802,15.000385284423828,0.4849729537963867,0.012841851450502872,-6.915098492754623e-05,0,-13,-1000,1,1,0,0.01262398436665535,-0.0008173218229785562,0.00028073732391931117,0.00013313518138602376,63,3135,0.019955158233642578,12.312,28.76,16,6,10,1.21,831,0.005463550332933664,0.0003342980344314128,0.006490334868431091,1500,1500,1000,1500,1800,1000,1000,1800
1784593147.1334,13.7601,0.01999,50.01,689,580589,0.000,GUIDED,GUIDED,128,4.342445043819036,0.005290938844496586,15.00117490488407,0.4999830166524603,-0.004023054711288736,-0.000893358772062958,nan,nan,nan,nan,nan,nan,nan,nan,nan,nan,0.1235033980623822,0.006681400525073468,-0.0006371818619712024,0,0,4.2449631690979,-0.030731746926903725,15.000359535217285,0.4849594831466675,0.01291714422404766,-5.4727755923522636e-05,0,-13,-1000,0,0,1,0.012607338838279247,-0.0008102232241071761,0.00028652563923969865,0.00023336982121691108,63,3135,0.019916772842407227,12.312,28.76,16,6,10,1.21,831,0.005463550332933664,0.0003342980344314128,0.006490334868431091,1500,1500,1000,1500,1800,1000,1000,1800
1784593147.1538,13.7801,0.02038,49.08,690,580609,0.000,GUIDED,GUIDED,128,4.352444933026147,0.005210475908662519,15.001157037299683,0.4999830166524603,-0.004023054711288736,-0.000893358772062958,nan,nan,nan,nan,nan,nan,nan,nan,nan,nan,0.12305664626273964,0.007041707013642453,-0.000592641828370118,0,0,4.255148410797119,-0.03099060244858265,15.000328063964844,0.48511040210723877,0.01281211618334055,-7.25888749002479e-05,0,-13,-1000,1,1,0,0.012638404034078121,-0.0008020898094400764,0.0002891293552238494,0.000188435020390898,63,3135,0.020294666290283203,12.312,28.76,16,6,10,1.21,831,0.005213535390794277,0.00031698987004347146,0.0064415400847792625,1500,1500,1000,1500,1800,1000,1000,1800
1784593147.1734,13.8001,0.01963,50.95,691,580629,0.000,GUIDED,GUIDED,128,4.362444464617536,0.00513001585034141,15.001139170354275,0.4999830166524603,-0.004023054711288736,-0.000893358772062958,nan,nan,nan,nan,nan,nan,nan,nan,nan,nan,0.12314942238457029,0.006815411130313451,-0.0005651650891753388,0,0,4.265074729919434,-0.03097419999539852,15.000312805175781,0.48509910702705383,0.01288684457540512,-8.995839743874967e-05,0,-13,-1000,0,0,0,0.012625673785805702,-0.0007912931032478809,0.0002886285656131804,0.00018909730715677142,63,3135,0.019545555114746094,12.312,28.76,16,6,10,1.21,831,0.005213535390794277,0.00031698987004347146,0.0064415400847792625,1500,1500,1000,1500,1800,1000,1000,1800
1784593147.1934,13.8201,0.01996,50.10,692,580649,0.000,GUIDED,GUIDED,128,4.372442804156522,0.0050495653837301785,15.001121305538799,0.4999830166524603,-0.004023054711288736,-0.000893358772062958,nan,nan,nan,nan,nan,nan,nan,nan,nan,nan,0.12279136023941559,0.007071623917666862,-0.0005428399754266063,0,0,4.2751994132995605,-0.0311660747975111,15.000284194946289,0.4852328896522522,0.012803250923752785,-9.664394019637257e-05,0,-13,-1000,1,1,0,0.012656343169510365,-0.0007826906512491405,0.00028788993950001895,0.00015864253509789705,63,3135,0.01989269256591797,12.312,28.76,16,6,10,1.21,831,0.005213535390794277,0.00031698987004347146,0.0064415400847792625,1500,1500,1000,1500,1800,1000,1000,1800
1784593147.2134,13.8401,0.02004,49.90,693,580669,0.000,GUIDED,GUIDED,128,4.3824437662107965,0.00496909381535722,15.001103436037472,0.4999830166524603,-0.004023054711288736,-0.000893358772062958,nan,nan,nan,nan,nan,nan,nan,nan,nan,nan,0.12297631422911136,0.006727674688468757,-0.0005924163125742672,0,0,4.285097599029541,-0.031117860227823257,15.00027084350586,0.485185444355011,0.012927533127367496,-7.062953227432445e-05,0,-13,-1001,0,0,0,0.012643718160688877,-0.0007913216250017285,0.0002866293943952769,0.00013540859799832106,63,3135,0.019954919815063477,12.312,28.76,16,6,10,1.21,831,0.005213535390794277,0.00031698987004347146,0.0064415400847792625,1500,1500,1000,1500,1800,1000,1000,1800
1784593147.2334,13.8600,0.01994,50.16,694,580689,0.000,GUIDED,GUIDED,128,4.392436860719204,0.004888685552269456,15.001085580593703,0.4999830166524603,-0.004023054711288736,-0.000893358772062958,nan,nan,nan,nan,nan,nan,nan,nan,nan,nan,0.12277478847201317,0.006772969009946214,-0.0005769136477932755,0,0,4.295169830322266,-0.03125008940696716,15.000246047973633,0.4852561056613922,0.01293130125850439,-7.557313801953569e-05,0,-13,-1000,1,1,0,0.012674734927713871,-0.0007686504977755249,0.0002859440864995122,0.00011326483217999339,63,3135,0.019869565963745117,12.312,28.76,16,6,10,1.21,831,0.005213535390794277,0.00031698987004347146,0.0064415400847792625,1500,1500,1000,1500,1800,1000,1000,1800
1784593147.2534,13.8800,0.02002,49.94,695,580709,0.000,GUIDED,GUIDED,128,4.402437226747277,0.004808218779751433,15.00106771215734,0.4999830166524603,-0.004023054711288736,-0.000893358772062958,nan,nan,nan,nan,nan,nan,nan,nan,nan,nan,0.12261377280259321,0.006761018353655057,-0.0004799902176278526,0,0,4.305210113525391,-0.031346049159765244,15.000213623046875,0.48532602190971375,0.012947145849466324,-0.00012312771286815405,0,-13,-1000,-1,-1,0,0.012645994313061237,-0.0008069030591286719,0.0002864928974304348,8.829869329929352e-05,63,3135,0.01994633674621582,12.312,28.76,16,6,10,1.21,831,0.005213535390794277,0.00031698987004347146,0.0064415400847792625,1500,1500,1000,1500,1800,1000,1000,1800
1784593147.2734,13.9000,0.01999,50.03,696,580729,0.000,GUIDED,GUIDED,128,4.412436281517705,0.00472776255811428,15.001049846063905,0.4999830166524603,-0.004023054711288736,-0.000893358772062958,nan,nan,nan,nan,nan,nan,nan,nan,nan,nan,0.12282801016259252,0.00637844162780395,-0.00048215146946622295,0,0,4.315069675445557,-0.031250592321157455,15.000197410583496,0.48528286814689636,0.01306646317243576,-0.00012283463729545474,0,-13,-1001,2,1,0,0.01268497109413147,-0.00077768974006176,0.0002881000400520861,7.193937199190259e-05,63,3135,0.01992058753967285,12.312,28.76,16,6,10,1.21,831,0.005213535390794277,0.00031698987004347146,0.0064415400847792625,1500,1500,1000,1500,1800,1000,1000,1800
1784593147.2934,13.9201,0.02005,49.87,697,580749,0.000,GUIDED,GUIDED,128,4.4224427270130375,0.004647246867875869,15.001031966764884,0.4999830166524603,-0.004023054711288736,-0.000893358772062958,nan,nan,nan,nan,nan,nan,nan,nan,nan,nan,0.12278168308174184,0.00630369347344752,-0.0004992091390976139,0,0,4.325063705444336,-0.0312943160533905,15.000168800354004,0.48531678318977356,0.013088377192616463,-0.00010679088154574856,0,-13,-1001,-1,-1,0,0.012649894692003727,-0.0008112234645523131,0.0002886385773308575,5.6795135606080294e-05,63,3135,0.01996755599975586,12.312,28.76,16,6,10,1.21,831,0.005213535390794277,0.00031698987004347146,0.0064415400847792625,1500,1500,1000,1500,1800,1000,1000,1800
1784593147.3134,13.9401,0.02000,50.00,698,580769,0.000,GUIDED,GUIDED,128,4.432441543372985,0.004566792564580688,15.001014101097436,0.4999830166524603,-0.004023054711288736,-0.000893358772062958,nan,nan,nan,nan,nan,nan,nan,nan,nan,nan,0.12306875628051876,0.005863603127075533,-0.0005020415166707901,0,0,4.33489990234375,-0.031172318384051323,15.000154495239258,0.4852449297904968,0.013225577771663666,-0.0001072112936526537,0,-13,-1001,2,1,0,0.012691926211118698,-0.0007827951340004802,0.00028950441628694534,1.255708048120141e-05,63,3135,0.019916057586669922,12.312,28.76,16,6,10,1.21,831,0.005213535390794277,0.00031698987004347146,0.0064415400847792625,1500,1500,1000,1500,1800,1000,1000,1800
1784593147.3334,13.9601,0.02000,50.00,699,580789,0.000,GUIDED,GUIDED,128,4.4424420286062976,0.004486324832891679,15.000996232448081,0.4999830166524603,-0.004023054711288736,-0.000893358772062958,nan,nan,nan,nan,nan,nan,nan,nan,nan,nan,0.12311987220442433,0.005653036748229159,-0.0005316926395314418,0,0,4.344853401184082,-0.031169556081295013,15.000129699707031,0.4852425456047058,0.013299095444381237,-8.609297219663858e-05,0,-13,-1001,0,-1,0,0.012660779058933258,-0.00081731186946854,0.0002917798119597137,5.843921098858118e-05,63,3135,0.019916772842407227,12.312,28.76,16,6,10,1.21,831,0.005213535390794277,0.00031698987004347146,0.0064415400847792625,1500,1500,1000,1500,1800,1000,1000,1800
1784593147.3534,13.9801,0.02000,50.00,700,580809,0.000,GUIDED,GUIDED,128,4.452441202581966,0.004405867652083534,15.000978366141652,0.4999830166524603,-0.004023054711288736,-0.000893358772062958,nan,nan,nan,nan,nan,nan,nan,nan,nan,nan,0.12267806130792183,0.005991148339382878,-0.0005012072460078157,0,0,4.35504150390625,-0.031411197036504745,15.000099182128906,0.48538854718208313,0.013196946121752262,-9.638950723456219e-05,0,-13,-1001,2,2,0,0.012703336775302887,-0.0007736679981462657,0.00029362793429754674,6.538158049806952e-05,63,3135,0.01991438865661621,12.312,28.76,16,6,10,1.21,831,0.005213535390794277,0.00031698987004347146,0.0064415400847792625,1500,1500,1000,1500,1800,1000,1000,1800
1784593147.3734,14.0000,0.01995,50.12,701,580829,0.000,GUIDED,GUIDED,128,4.462435131527056,0.004325452674798863,15.00096050920693,0.4999830166524603,-0.004023054711288736,-0.000893358772062958,nan,nan,nan,nan,nan,nan,nan,nan,nan,nan,0.1227793441915031,0.0057389502300942315,-0.0004811179436684124,0,0,4.364971160888672,-0.031382713466882706,15.000082969665527,0.48536717891693115,0.013279680162668228,-0.0001089375073206611,0,-13,-1001,-1,-1,0,0.012657747603952885,-0.0008104959269985557,0.00029058431391604245,3.3925753086805344e-06,63,3135,0.019883155822753906,12.312,28.76,16,6,10,1.21,831,0.005213535390794277,0.00031698987004347146,0.0064415400847792625,1500,1500,1000,1500,1800,1000,1000,1800
1784593147.3938,14.0201,0.02039,49.04,702,580849,0.000,GUIDED,GUIDED,128,4.4724407425857065,0.0042449436987573655,15.000942631398862,0.4999830166524603,-0.004023054711288736,-0.000893358772062958,nan,nan,nan,nan,nan,nan,nan,nan,nan,nan,0.12249261547390267,0.005938867330016542,-0.0005004302026071288,0,0,4.375097751617432,-0.031558167189359665,15.000056266784668,0.48546287417411804,0.013219074346125126,-9.269241127185524e-05,0,-13,-1001,1,2,0,0.012698468752205372,-0.0007564678671769798,0.00028768967604264617,-3.985990770161152e-05,63,3135,0.019963979721069336,12.312,28.79,16,6,10,1.21,831,0.005137140862643719,0.000307117763441056,0.006507613230496645,1500,1500,1000,1500,1800,1000,1000,1800
1784593147.4134,14.0401,0.01961,50.98,703,580869,0.000,GUIDED,GUIDED,128,4.4824388437142115,0.004164495150488119,15.000924767009373,0.4999830166524603,-0.004023054711288736,-0.000893358772062958,nan,nan,nan,nan,nan,nan,nan,nan,nan,nan,0.12303723297693422,0.005659090851485488,-0.0005649146955208303,0,0,4.384594440460205,-0.0315086767077446,15.000042915344238,0.48543792963027954,0.013305583037436008,-5.8067824284080416e-05,0,-13,-1001,0,0,0,0.012668004259467125,-0.0007762308232486248,0.00028350052889436483,-4.900078056380153e-05,63,3135,0.019545555114746094,12.312,28.79,16,6,10,1.21,831,0.005137140862643719,0.000307117763441056,0.006507613230496645,1500,1500,1000,1500,1800,1000,1000,1800
1784593147.4334,14.0600,0.02002,49.94,704,580889,0.000,GUIDED,GUIDED,128,4.492434441532668,0.004084066744809607,15.000906907092745,0.4999830166524603,-0.004023054711288736,-0.000893358772062958,nan,nan,nan,nan,nan,nan,nan,nan,nan,nan,0.12287135257497496,0.005719498345277883,-0.0005949758472735063,0,0,4.3946685791015625,-0.03162577748298645,15.000020027160645,0.4854883551597595,0.013291879557073116,-3.780893894145265e-05,0,-13,-1001,0,2,0,0.012675375677645206,-0.0007165301940403879,0.0002811680024024099,-6.22929073870182e-05,63,3135,0.01994013786315918,12.312,28.79,16,6,10,1.21,831,0.005137140862643719,0.000307117763441056,0.006507613230496645,1500,1500,1000,1500,1800,1000,1000,1800
1784593147.4534,14.0801,0.02002,49.96,705,580909,0.000,GUIDED,GUIDED,128,4.502439575770356,0.004003561605452073,15.00088903013665,0.4999830166524603,-0.004023054711288736,-0.000893358772062958,nan,nan,nan,nan,nan,nan,nan,nan,nan,nan,0.1227776700681,0.005762449329439246,-0.0005754308248922635,0,0,4.40471076965332,-0.03170798346400261,14.999990463256836,0.4855210483074188,0.01326806377619505,-4.234580046613701e-05,0,-13,-1000,0,0,0,0.012646002694964409,-0.0007261202554218471,0.0002803055685944855,-6.406771717593074e-05,63,3135,0.019932031631469727,12.312,28.79,16,6,10,1.21,831,0.005137140862643719,0.000307117763441056,0.006507613230496645,1500,1500,1000,1500,1800,1000,1000,1800
1784593147.4734,14.1001,0.02000,50.00,706,580929,0.000,GUIDED,GUIDED,128,4.512437796104101,0.003923112098011827,15.000871165534168,0.4999830166524603,-0.004023054711288736,-0.000893358772062958,nan,nan,nan,nan,nan,nan,nan,nan,nan,nan,0.12301439513563228,0.0053946075532426765,-0.0005521772776594324,0,0,4.414572715759277,-0.03160317614674568,14.99997615814209,0.48546305298805237,0.0133734792470932,-5.7826313422992826e-05,0,-13,-1000,0,2,0,0.012654127553105354,-0.0006639091297984123,0.000281402695691213,-1.5855184756219387e-05,63,3135,0.01989006996154785,12.312,28.79,16,6,10,1.21,831,0.005137140862643719,0.000307117763441056,0.006507613230496645,1500,1500,1000,1500,1800,1000,1000,1800
1784593147.4934,14.1201,0.01999,50.01,707,580949,0.000,GUIDED,GUIDED,128,4.522437327695491,0.003842652039690718,15.000853298588758,0.4999830166524603,-0.004023054711288736,-0.000893358772062958,nan,nan,nan,nan,nan,nan,nan,nan,nan,nan,0.12293970767930856,0.00533096719307043,-0.0005111204276432026,0,0,4.424567699432373,-0.03163493797183037,14.99994945526123,0.4855087995529175,0.013382106088101864,-7.6429067121353e-05,0,-13,-1000,0,0,0,0.012624227441847324,-0.000673874921631068,0.0002809532161336392,-3.9506470784544945e-05,63,3135,0.019927978515625,12.312,28.79,16,6,10,1.21,831,0.005137140862643719,0.000307117763441056,0.006507613230496645,1500,1500,1000,1500,1800,1000,1000,1800
1784593147.5134,14.1401,0.01996,50.09,708,580969,0.000,GUIDED,GUIDED,128,4.53243674008164,0.0037621929405406013,15.000835431856345,0.4999830166524603,-0.004023054711288736,-0.000893358772062958,nan,nan,nan,nan,nan,nan,nan,nan,nan,nan,0.12325863613060352,0.004905581528690462,-0.0005336489079369312,0,0,4.434406757354736,-0.03150423243641853,14.9999361038208,0.4854172468185425,0.013505786657333374,-6.602914800168946e-05,0,-13,-1000,0,0,0,0.012631785124540329,-0.0006591284181922674,0.00028260520775802433,-1.0047806426882744e-06,63,3135,0.01989579200744629,12.312,28.79,16,6,10,1.21,831,0.005137140862643719,0.000307117763441056,0.006507613230496645,1500,1500,1000,1500,1800,1000,1000,1800
1784593147.5334,14.1600,0.02003,49.93,709,580989,0.000,GUIDED,GUIDED,128,4.5424320994896155,0.0036817664532040675,15.000817572365703,0.4999830166524603,-0.004023054711288736,-0.000893358772062958,nan,nan,nan,nan,nan,nan,nan,nan,nan,nan,0.12331265428461644,0.004804984119970459,-0.0004978942836883129,0,0,4.444361209869385,-0.031491488218307495,14.99991226196289,0.485409677028656,0.013510074466466904,-8.321816858369857e-05,0,-13,-1000,0,2,0,0.012617750093340874,-0.0006350091425701976,0.0002856064820662141,3.7665944546461105e-05,63,3135,0.019942760467529297,12.312,28.79,16,6,10,1.21,831,0.005137140862643719,0.000307117763441056,0.006507613230496645,1500,1500,1000,1500,1800,1000,1000,1800
1784593147.5534,14.1800,0.02000,50.00,710,581009,0.000,GUIDED,GUIDED,128,4.552431988696726,0.003601303517370001,15.000799704781313,0.4999830166524603,-0.004023054711288736,-0.000893358772062958,nan,nan,nan,nan,nan,nan,nan,nan,nan,nan,0.12288475829416606,0.005226939099304228,-0.00048507354673506383,0,0,4.454547882080078,-0.03172516077756882,14.999882698059082,0.48554888367652893,0.013354914262890816,-8.386735134990886e-05,0,-13,-1001,0,0,0,0.012612366117537022,-0.0006207097903825343,0.00028717020177282393,2.4912646040320396e-05,63,3135,0.019916772842407227,12.312,28.79,16,6,10,1.21,831,0.005137140862643719,0.000307117763441056,0.006507613230496645,1500,1500,1000,1500,1800,1000,1000,1800
1784593147.5734,14.2000,0.01999,50.02,711,581029,0.000,GUIDED,GUIDED,128,4.562431520288116,0.003520843459048892,15.000781837835905,0.4999830166524603,-0.004023054711288736,-0.000893358772062958,nan,nan,nan,nan,nan,nan,nan,nan,nan,nan,0.12303677377374878,0.005057490893021561,-0.0005365796876369042,0,0,4.464478969573975,-0.03169231489300728,14.999868392944336,0.48550063371658325,0.013387328013777733,-5.618669092655182e-05,0,-13,-1001,0,1,0,0.012618418782949448,-0.0005952480714768171,0.0002857803483493626,9.00961458683014e-06,63,3135,0.01992321014404297,12.312,28.79,16,6,10,1.21,831,0.005137140862643719,0.000307117763441056,0.006507613230496645,1500,1500,1000,1500,1800,1000,1000,1800
1784593147.5934,14.2201,0.02002,49.95,712,581049,0.000,GUIDED,GUIDED,128,4.572437488962487,0.003440331605494437,15.000763959388857,0.4999830166524603,-0.004023054711288736,-0.000893358772062958,nan,nan,nan,nan,nan,nan,nan,nan,nan,nan,0.1227347988682795,0.0052794050330208404,-0.0005353064417494401,0,0,4.47460412979126,-0.03186222165822983,14.99984359741211,0.4856061637401581,0.013310818001627922,-5.29282187926583e-05,0,-13,-1001,0,0,0,0.012614503502845764,-0.000581237196456641,0.00028417506837286055,1.187820453196764e-05,63,3135,0.019937515258789062,12.312,28.79,16,6,10,1.21,831,0.005137140862643719,0.000307117763441056,0.006507613230496645,1500,1500,1000,1500,1800,1000,1000,1800
1784593147.6134,14.2401,0.01996,50.10,713,581069,0.000,GUIDED,GUIDED,128,4.582435470885751,0.0033598840163961696,15.000746095212362,0.4999830166524603,-0.004023054711288736,-0.000893358772062958,nan,nan,nan,nan,nan,nan,nan,nan,nan,nan,0.12294506513263895,0.005045596871500458,-0.000444215596795148,0,0,4.484506130218506,-0.031798671931028366,14.99983024597168,0.4855401813983917,0.013362670317292213,-0.00010812497203005478,0,-13,-1000,0,1,0,0.012603925541043282,-0.0005589883658103645,0.0002831325400620699,2.5599554646760225e-05,63,3135,0.019893169403076172,12.312,28.79,16,6,10,1.21,831,0.005137140862643719,0.000307117763441056,0.006507613230496645,1500,1500,1000,1500,1800,1000,1000,1800
1784593147.6334,14.2601,0.02004,49.90,714,581089,0.000,GUIDED,GUIDED,128,4.592436194529545,0.0032794143663651826,15.00072822613702,0.4999830166524603,-0.004023054711288736,-0.000893358772062958,nan,nan,nan,nan,nan,nan,nan,nan,nan,nan,0.12278051526977019,0.0052160579051969205,-0.0003675752711022335,0,0,4.494579315185547,-0.03191288933157921,14.99980640411377,0.48559334874153137,0.013283738866448402,-0.00014892489707563072,0,-13,-1000,0,0,0,0.012616882100701332,-0.0005473092314787209,0.0002823763934429735,1.730513758957386e-05,63,3135,0.01995539665222168,12.312,28.79,16,6,10,1.21,831,0.005137140862643719,0.000307117763441056,0.006507613230496645,1500,1500,1000,1500,1800,1000,1000,1800
1784593147.6537,14.2801,0.02025,49.39,715,581109,0.000,GUIDED,GUIDED,128,4.6024348916842515,0.003198961022240994,15.000710360682564,0.4999830166524603,-0.004023054711288736,-0.000893358772062958,nan,nan,nan,nan,nan,nan,nan,nan,nan,nan,0.12264427454925175,0.005275711948667935,-0.00043702921900862115,0,0,4.5046210289001465,-0.03199324756860733,14.999775886535645,0.48564717173576355,0.013249242678284645,-0.00010152093454962596,0,-13,-1001,0,1,0,0.012608598917722702,-0.0005254684947431087,0.00028381095035001636,-5.7380530051887035e-06,63,3135,0.020180225372314453,12.312,28.76,16,6,10,1.21,831,0.005070498213171959,0.00029282254399731755,0.006551648955792189,1500,1500,1000,1500,1800,1000,1000,1800
1784593147.6734,14.3001,0.01971,50.73,716,581129,0.000,GUIDED,GUIDED,128,4.612434184865161,0.003118502882261863,15.000692494163143,0.4999830166524603,-0.004023054711288736,-0.000893358772062958,nan,nan,nan,nan,nan,nan,nan,nan,nan,nan,0.12288948108975419,0.004979550930321906,-0.00045760292935557913,0,0,4.51448392868042,-0.03188822418451309,14.999760627746582,0.4855843484401703,0.013313143514096737,-9.114827116718516e-05,0,-13,-1001,0,-1,0,0.01260461751371622,-0.0005488520837388933,0.0002846142160706222,1.8372666090726852e-06,63,3135,0.01964282989501953,12.312,28.76,16,6,10,1.21,831,0.005070498213171959,0.00029282254399731755,0.006551648955792189,1500,1500,1000,1500,1800,1000,1000,1800
1784593147.6934,14.3201,0.02004,49.90,717,581149,0.000,GUIDED,GUIDED,128,4.6224352661246755,0.003038030354717912,15.000674624448822,0.4999830166524603,-0.004023054711288736,-0.000893358772062958,nan,nan,nan,nan,nan,nan,nan,nan,nan,nan,0.1228713299469195,0.004974447693960198,-0.0004589725378918838,0,0,4.524478435516357,-0.031919773668050766,14.999734878540039,0.485598623752594,0.013287844136357307,-8.580830035498366e-05,0,-13,-1000,0,2,0,0.012609252706170082,-0.000503509771078825,0.0002865441783796996,1.3371463865041733e-05,63,3135,0.01995682716369629,12.312,28.76,16,6,10,1.21,831,0.005070498213171959,0.00029282254399731755,0.006551648955792189,1500,1500,1000,1500,1800,1000,1000,1800
1784593147.7134,14.3401,0.01996,50.10,718,581169,0.000,GUIDED,GUIDED,128,4.632433844074142,0.002957577969764702,15.00065675920736,0.4999830166524603,-0.004023054711288736,-0.000893358772062958,nan,nan,nan,nan,nan,nan,nan,nan,nan,nan,0.12316162833620493,0.004658890085937822,-0.00039554307203293424,0,0,4.534318447113037,-0.03179093450307846,14.999722480773926,0.4855225682258606,0.013349196873605251,-0.00012558596790768206,0,-13,-1000,-1,0,0,0.012588251382112503,-0.0005317871691659093,0.00028841642779298127,3.447651397436857e-05,63,3135,0.01989293098449707,12.312,28.76,16,6,10,1.21,831,0.005070498213171959,0.00029282254399731755,0.006551648955792189,1500,1500,1000,1500,1800,1000,1000,1800
1784593147.7334,14.3601,0.02004,49.90,719,581189,0.000,GUIDED,GUIDED,128,4.6424342101022145,0.002877111197246679,15.000638890770997,0.4999830166524603,-0.004023054711288736,-0.000893358772062958,nan,nan,nan,nan,nan,nan,nan,nan,nan,nan,0.12325451526389775,0.004566655463070196,-0.0003930192858003275,0,0,4.5442728996276855,-0.03177996352314949,14.999698638916016,0.4854954481124878,0.013349656946957111,-0.00012359432002995163,0,-13,-1000,0,2,0,0.012591984122991562,-0.00048353400779888034,0.000293038843665272,8.119584526866674e-05,63,3135,0.01995253562927246,12.312,28.76,16,6,10,1.21,831,0.005070498213171959,0.00029282254399731755,0.006551648955792189,1500,1500,1000,1500,1800,1000,1000,1800
1784593147.7534,14.3801,0.02000,50.00,720,581209,0.000,GUIDED,GUIDED,128,4.652434695335527,0.0027966434655576702,15.000621022121642,0.4999830166524603,-0.004023054711288736,-0.000893358772062958,nan,nan,nan,nan,nan,nan,nan,nan,nan,nan,0.12288085728804414,0.004973671794957987,-0.00035201848784377206,0,0,4.554457187652588,-0.03201257809996605,14.99967098236084,0.48560506105422974,0.013202507980167866,-0.00014161509170662612,0,-13,-1000,-1,0,0,0.01257239282131195,-0.0005058913957327604,0.00029521193937398493,4.3199106585234404e-05,63,3135,0.019915103912353516,12.312,28.76,16,6,10,1.21,831,0.005070498213171959,0.00029282254399731755,0.006551648955792189,1500,1500,1000,1500,1800,1000,1000,1800
1784593147.7734,14.4001,0.02000,50.00,721,581229,0.000,GUIDED,GUIDED,128,4.662433988516436,0.0027161853255785393,15.00060315560222,0.4999830166524603,-0.004023054711288736,-0.000893358772062958,nan,nan,nan,nan,nan,nan,nan,nan,nan,nan,0.12301260613216036,0.00487197923837154,-0.00037846967204532064,0,0,4.564388275146484,-0.03198109567165375,14.999655723571777,0.4855683743953705,0.013196591287851334,-0.00012784906721208245,0,-13,-1000,2,2,0,0.01261090487241745,-0.0004547031712718308,0.0002967958862427622,7.880816701799631e-05,63,3135,0.01991438865661621,12.312,28.76,16,6,10,1.21,831,0.005070498213171959,0.00029282254399731755,0.006551648955792189,1500,1500,1000,1500,1800,1000,1000,1800
1784593147.7934,14.4201,0.01996,50.10,722,581249,0.000,GUIDED,GUIDED,128,4.672432566465902,0.0026357329406253363,15.000585290360759,0.4999830166524603,-0.004023054711288736,-0.000893358772062958,nan,nan,nan,nan,nan,nan,nan,nan,nan,nan,0.12276863938838654,0.005146016718692702,-0.00039170764333749486,0,0,4.574511528015137,-0.03215136006474495,14.99963092803955,0.48563724756240845,0.013090228661894798,-0.00011620491568464786,0,-13,-1001,-1,0,0,0.012570603750646114,-0.00047761586029082537,0.00029681780142709613,6.376049714162946e-05,63,3135,0.019891738891601562,12.312,28.76,16,6,10,1.21,831,0.005070498213171959,0.00029282254399731755,0.006551648955792189,1500,1500,1000,1500,1800,1000,1000,1800
1784593147.8134,14.4401,0.02004,49.90,723,581269,0.000,GUIDED,GUIDED,128,4.6824331709044555,0.002555264249765335,15.00056742149841,0.4999830166524603,-0.004023054711288736,-0.000893358772062958,nan,nan,nan,nan,nan,nan,nan,nan,nan,nan,0.12220413089645021,0.005357546015492532,-0.0002791035563664919,0,0,4.585000038146973,-0.03227102756500244,14.999608039855957,0.4856814742088318,0.012990733608603477,-0.0001783190091373399,0,-13,-1000,2,2,0,0.012618949636816978,-0.00041781141771934927,0.00029819385963492095,9.218644117936492e-05,63,3135,0.019956588745117188,12.312,28.76,16,6,10,1.21,831,0.005070498213171959,0.00029282254399731755,0.006551648955792189,1500,1500,1000,1500,1800,1000,1000,1800
1784593147.8334,14.4601,0.02000,50.00,724,581289,0.000,GUIDED,GUIDED,128,4.692432702495845,0.0024748041914442256,15.000549554553002,0.4999830166524603,-0.004023054711288736,-0.000893358772062958,nan,nan,nan,nan,nan,nan,nan,nan,nan,nan,0.12242766842743333,0.005165478825730669,-0.00036011159535329074,0,0,4.59488582611084,-0.03219424560666084,14.999595642089844,0.48561808466911316,0.013010839931666851,-0.00013470662815961987,0,-13,-1001,-1,0,0,0.01258512120693922,-0.0004448561812750995,0.00030013060313649476,0.00010599993402138352,63,3135,0.01991558074951172,12.312,28.76,16,6,10,1.21,831,0.005070498213171959,0.00029282254399731755,0.006551648955792189,1500,1500,1000,1500,1800,1000,1000,1800
1784593147.8534,14.4801,0.02000,50.00,725,581309,0.000,GUIDED,GUIDED,128,4.702432949318677,0.0023943383780971952,15.000531686329634,0.4999830166524603,-0.004023054711288736,-0.000893358772062958,nan,nan,nan,nan,nan,nan,nan,nan,nan,nan,0.12234866930454773,0.005303118489414487,-0.00031018904575569784,0,0,4.604923725128174,-0.03227606043219566,14.999566078186035,0.4856419563293457,0.01293215248733759,-0.0001567769213579595,0,-13,-1000,2,2,0,0.01263255625963211,-0.00039550091605633497,0.00030471108038909733,9.833654621616006e-05,63,3135,0.01991581916809082,12.312,28.76,16,6,10,1.21,831,0.005070498213171959,0.00029282254399731755,0.006551648955792189,1500,1500,1000,1500,1800,1000,1000,1800
1784593147.8734,14.5000,0.02000,50.01,726,581329,0.000,GUIDED,GUIDED,128,4.712427474289969,0.0023139186049575752,15.000513828329945,0.4999830166524603,-0.004023054711288736,-0.000893358772062958,nan,nan,nan,nan,nan,nan,nan,nan,nan,nan,0.1226157282855482,0.005042372912650393,-0.00026936900113887804,0,0,4.614785194396973,-0.03217552974820137,14.999550819396973,0.48556458950042725,0.012978222221136093,-0.00018184504006057978,0,-13,-1000,0,0,0,0.012598764151334763,-0.0004232284554746002,0.0003065640339627862,2.0341132767498493e-05,63,3135,0.019912004470825195,12.312,28.76,16,6,10,1.21,831,0.005070498213171959,0.00029282254399731755,0.006551648955792189,1500,1500,1000,1500,1800,1000,1000,1800
1784593147.8937,14.5200,0.02024,49.41,727,581349,0.000,GUIDED,GUIDED,128,4.722426171444676,0.0022334652608333866,15.00049596287549,0.4999830166524603,-0.004023054711288736,-0.000893358772062958,nan,nan,nan,nan,nan,nan,nan,nan,nan,nan,0.12261670083408194,0.00505554181567959,-0.00019184767588538562,0,0,4.624776363372803,-0.032210275530815125,14.999524116516113,0.4855683743953705,0.012944229878485203,-0.0002214997075498104,0,-13,-1000,1,2,0,0.01263374648988247,-0.0003764223656617105,0.00031069942633621395,7.581646787002683e-05,63,3135,0.01987934112548828,12.312,28.76,16,6,10,1.21,831,0.005009605083614588,0.0002837953215930611,0.006516811903566122,1500,1500,1000,1500,1800,1000,1000,1800
1784593147.9134,14.5400,0.01970,50.77,728,581369,0.000,GUIDED,GUIDED,128,4.732421530852651,0.002153038773496853,15.000478103384848,0.4999830166524603,-0.004023054711288736,-0.000893358772062958,nan,nan,nan,nan,nan,nan,nan,nan,nan,nan,0.12268137503283467,0.005030205373323177,-0.0002165659859953463,0,0,4.634737968444824,-0.032215666025877,14.999499320983887,0.48555052280426025,0.0129155358299613,-0.00020322405907791108,0,-13,-1001,-1,-1,0,0.012591247446835041,-0.0004145453276578337,0.00031333527294918895,5.071749910712242e-05,63,3135,0.01963353157043457,12.312,28.76,16,6,10,1.21,831,0.005009605083614588,0.0002837953215930611,0.006516811903566122,1500,1500,1000,1500,1800,1000,1000,1800
1784593147.9334,14.5600,0.01999,50.03,729,581389,0.000,GUIDED,GUIDED,128,4.74242070482832,0.0020725815926887076,15.00046023707842,0.4999830166524603,-0.004023054711288736,-0.000893358772062958,nan,nan,nan,nan,nan,nan,nan,nan,nan,nan,0.12263214206347445,0.004721184283076819,-0.00025515320897968137,0,0,4.644965648651123,-0.03206714242696762,14.999481201171875,0.4854470193386078,0.012961747124791145,-0.00018079935398418456,0,-13,-1001,1,1,0,0.012617788277566433,-0.0003819103876594454,0.00031525411759503186,3.80881829187274e-06,63,3135,0.01992511749267578,12.312,28.76,16,6,10,1.21,831,0.005009605083614588,0.0002837953215930611,0.006516811903566122,1500,1500,1000,1500,1800,1000,1000,1800
1784593147.9534,14.5800,0.02000,50.01,730,581409,0.000,GUIDED,GUIDED,128,4.75242047483019,0.001992119616025627,15.000442369707024,0.4999830166524603,-0.004023054711288736,-0.000893358772062958,nan,nan,nan,nan,nan,nan,nan,nan,nan,nan,0.12261883663242447,0.004916980708359397,-0.0002767007982220611,0,0,4.654951572418213,-0.03217041864991188,14.9994535446167,0.4854626953601837,0.01286187581717968,-0.00016270705964416265,0,-13,-1001,0,-1,0,0.012581806629896164,-0.0004230510094203055,0.00032022831146605313,4.528230056166649e-05,63,3135,0.019930124282836914,12.312,28.76,16,6,10,1.21,831,0.005009605083614588,0.0002837953215930611,0.006516811903566122,1500,1500,1000,1500,1800,1000,1000,1800
1784593147.9733,14.6000,0.01999,50.02,731,581429,0.000,GUIDED,GUIDED,128,4.762420125626821,0.0019116585985335319,15.000424502548622,0.4999830166524603,-0.004023054711288736,-0.000893358772062958,nan,nan,nan,nan,nan,nan,nan,nan,nan,nan,0.12253425533318901,0.005281555734069809,-0.00026043694728161183,0,0,4.664966583251953,-0.032371215522289276,14.999428749084473,0.4855026602745056,0.01272086426615715,-0.00016809689986985177,0,-13,-1000,1,1,0,0.012612359598279,-0.00038539039087481797,0.0003230090660508722,6.444175960496068e-05,63,3135,0.019932270050048828,12.312,28.76,16,6,10,1.21,831,0.005009605083614588,0.0002837953215930611,0.006516811903566122,1500,1500,1000,1500,1800,1000,1000,1800
1784593147.9933,14.6200,0.02000,50.01,732,581449,0.000,GUIDED,GUIDED,128,4.77241977642345,0.0018311975810414369,15.00040663539022,0.4999830166524603,-0.004023054711288736,-0.000893358772062958,nan,nan,nan,nan,nan,nan,nan,nan,nan,nan,0.12279344129045325,0.005129293292155515,-0.00022858675097831363,0,0,4.674815654754639,-0.03232952579855919,14.999414443969727,0.4854399561882019,0.012738249264657497,-0.00018854216614272445,0,-13,-1000,0,-1,0,0.012578174471855164,-0.00042444796417839825,0.000324657594319433,5.589280044659972e-05,63,3135,0.01993870735168457,12.312,28.76,16,6,10,1.21,831,0.005009605083614588,0.0002837953215930611,0.006516811903566122,1500,1500,1000,1500,1800,1000,1000,1800
1784593148.0133,14.6400,0.02000,50.00,733,581469,0.000,GUIDED,GUIDED,128,4.782419308014839,0.0017507375227203276,15.000388768444813,0.4999830166524603,-0.004023054711288736,-0.000893358772062958,nan,nan,nan,nan,nan,nan,nan,nan,nan,nan,0.12277065197246857,0.005420037865393353,-0.000122935120802776,0,0,4.684787750244141,-0.03247308358550072,14.99939250946045,0.48546895384788513,0.012606817297637463,-0.00024719175416976213,0,-13,-1000,1,1,0,0.012613625265657902,-0.00038026226684451103,0.00032529287273064256,-4.617101512849331e-05,63,3135,0.01994156837463379,12.312,28.76,16,6,10,1.21,831,0.005009605083614588,0.0002837953215930611,0.006516811903566122,1500,1500,1000,1500,1800,1000,1000,1800
1784593148.0334,14.6600,0.02006,49.86,734,581489,0.000,GUIDED,GUIDED,128,4.792423130994884,0.001670242934243657,15.000370893831644,0.4999830166524603,-0.004023054711288736,-0.000893358772062958,nan,nan,nan,nan,nan,nan,nan,nan,nan,nan,0.12309835102281809,0.005231655111464138,-9.024931100538045e-05,0,0,4.694615840911865,-0.03240556642413139,14.999374389648438,0.48538121581077576,0.012630125507712364,-0.00026592134963721037,0,-13,-1000,0,-1,0,0.012587842531502247,-0.00041908660205081105,0.00032503277179785073,-2.8165290132164955e-05,63,3135,0.019981861114501953,12.312,28.76,16,6,10,1.21,831,0.005009605083614588,0.0002837953215930611,0.006516811903566122,1500,1500,1000,1500,1800,1000,1000,1800
1784593148.0534,14.6801,0.02004,49.90,735,581509,0.000,GUIDED,GUIDED,128,4.802428026822092,0.0015897397132280874,15.000353017301535,0.4999830166524603,-0.004023054711288736,-0.000893358772062958,nan,nan,nan,nan,nan,nan,nan,nan,nan,nan,0.12319475168634404,0.005380615545371975,-6.152001043468634e-05,0,0,4.704553604125977,-0.032500941306352615,14.999344825744629,0.48536431789398193,0.012552709318697453,-0.0002757605107035488,0,-13,-1001,0,1,0,0.012611559592187405,-0.00039435725193470716,0.00032845186069607735,-3.0004943255335093e-05,63,3135,0.019955158233642578,12.312,28.76,16,6,10,1.21,831,0.005009605083614588,0.0002837953215930611,0.006516811903566122,1500,1500,1000,1500,1800,1000,1000,1800
1784593148.0734,14.7001,0.02001,49.97,736,581529,0.000,GUIDED,GUIDED,128,4.8124258895401155,0.0015092930833008125,15.000335153338034,0.4999830166524603,-0.004023054711288736,-0.000893358772062958,nan,nan,nan,nan,nan,nan,nan,nan,nan,nan,0.12329683589495694,0.0054685314760233444,-4.2071313209045584e-05,0,0,4.714466571807861,-0.032564058899879456,14.999317169189453,0.48535439372062683,0.01249194610863924,-0.00028133546584285796,0,-13,-1000,0,-2,0,0.012599162757396698,-0.0004513682215474546,0.0003299265226814896,-7.301644654944539e-05,63,3135,0.01992940902709961,12.312,28.76,16,6,10,1.21,831,0.005009605083614588,0.0002837953215930611,0.006516811903566122,1500,1500,1000,1500,1800,1000,1000,1800
1784593148.0934,14.7201,0.01995,50.13,737,581549,0.000,GUIDED,GUIDED,128,4.82242697079963,0.0014288205557568615,15.000317283623712,0.4999830166524603,-0.004023054711288736,-0.000893358772062958,nan,nan,nan,nan,nan,nan,nan,nan,nan,nan,0.1237257403043669,0.005236804346056088,3.680243063028149e-05,0,0,4.724265098571777,-0.03245943412184715,14.999300956726074,0.4852237105369568,0.01251886785030365,-0.00032783005735836923,0,-13,-1000,0,0,0,0.012604827992618084,-0.00042552934610284865,0.0003331105981487781,-5.128502380102873e-05,63,3135,0.019881010055541992,12.312,28.76,16,6,10,1.21,831,0.005009605083614588,0.0002837953215930611,0.006516811903566122,1500,1500,1000,1500,1800,1000,1000,1800
1784593148.1134,14.7400,0.02003,49.91,738,581569,0.000,GUIDED,GUIDED,128,4.832425071928135,0.0013483720074876082,15.000299419234224,0.4999830166524603,-0.004023054711288736,-0.000893358772062958,nan,nan,nan,nan,nan,nan,nan,nan,nan,nan,0.12391368979624262,0.005215931974844316,2.1135784061036183e-05,0,0,4.734142303466797,-0.03247871994972229,14.999276161193848,0.48518499732017517,0.012495606206357479,-0.0003147832176182419,0,-13,-1001,1,0,0,0.012625988572835922,-0.0004596994840539992,0.00033384753623977304,-0.00010769040090963244,63,3135,0.01995086669921875,12.312,28.76,16,6,10,1.21,831,0.005009605083614588,0.0002837953215930611,0.006516811903566122,1500,1500,1000,1500,1800,1000,1000,1800
1784593148.1334,14.7601,0.02000,50.00,739,581589,0.000,GUIDED,GUIDED,128,4.842424961135246,0.0012679090716535349,15.000281551649834,0.4999830166524603,-0.004023054711288736,-0.000893358772062958,nan,nan,nan,nan,nan,nan,nan,nan,nan,nan,0.12435277212330079,0.004811223903083462,2.0002391418132582e-05,0,0,4.743922233581543,-0.03235207125544548,14.99925708770752,0.4850584864616394,0.012609688565135002,-0.0003134326252620667,0,-13,-1001,-1,0,0,0.012599121779203415,-0.0004454651498235762,0.00033413528581149876,-0.0001558017684146762,63,3135,0.019916534423828125,12.312,28.76,16,6,10,1.21,831,0.005009605083614588,0.0002837953215930611,0.006516811903566122,1500,1500,1000,1500,1800,1000,1000,1800
1784593148.1538,14.7801,0.02037,49.10,740,581609,0.000,GUIDED,GUIDED,128,4.852424492726636,0.0011874490133324325,15.000263684704427,0.4999830166524603,-0.004023054711288736,-0.000893358772062958,nan,nan,nan,nan,nan,nan,nan,nan,nan,nan,0.12442044652041469,0.004976088933494233,5.476962561839658e-05,0,0,4.753847122192383,-0.0324641689658165,14.999227523803711,0.48506250977516174,0.012532769702374935,-0.000326752255205065,0,-13,-1000,2,0,0,0.012643149122595787,-0.00046374311204999685,0.00033773379982449114,-9.615719318389893e-05,63,3135,0.020285367965698242,12.312,28.76,16,6,10,1.21,831,0.0033933327067643404,0.00026926235295832157,0.0064696017652750015,1500,1500,1000,1500,1800,1000,1000,1800
1784593148.1734,14.8001,0.01963,50.93,741,581629,0.000,GUIDED,GUIDED,128,4.862424501138987,0.0011069851183273735,15.000245816907045,0.4999830166524603,-0.004023054711288736,-0.000893358772062958,nan,nan,nan,nan,nan,nan,nan,nan,nan,nan,0.12437851875149986,0.005351637266781707,0.00010263793937417387,0,0,4.763819217681885,-0.032669052481651306,14.999202728271484,0.4851028323173523,0.012387780472636223,-0.0003503893094602972,0,-13,-1000,-1,0,0,0.012615404091775417,-0.0004457930335775018,0.0003389529883861542,-8.0915167927742e-05,63,3135,0.019550323486328125,12.312,28.76,16,6,10,1.21,831,0.0033933327067643404,0.00026926235295832157,0.0064696017652750015,1500,1500,1000,1500,1800,1000,1000,1800
1784593148.1934,14.8201,0.02000,49.99,742,581649,0.000,GUIDED,GUIDED,128,4.872426536040424,0.001026504917415516,15.000227945488776,0.4999830166524603,-0.004023054711288736,-0.000893358772062958,nan,nan,nan,nan,nan,nan,nan,nan,nan,nan,0.12469579194366813,0.005190556292325978,0.0001427657845336955,0,0,4.773643970489502,-0.032632697373628616,14.999186515808105,0.48502200841903687,0.01241332571953535,-0.00037451492971740663,0,-13,-1000,2,0,0,0.012655721977353096,-0.00046255282359197736,0.0003395559324417263,-6.958871381357312e-05,63,3135,0.019921064376831055,12.312,28.76,16,6,10,1.21,831,0.0033933327067643404,0.00026926235295832157,0.0064696017652750015,1500,1500,1000,1500,1800,1000,1000,1800
1784593148.2134,14.8400,0.01995,50.13,743,581669,0.000,GUIDED,GUIDED,128,4.882419749754073,0.0009460956951567664,15.000210089832015,0.4999830166524603,-0.004023054711288736,-0.000893358772062958,nan,nan,nan,nan,nan,nan,nan,nan,nan,nan,0.12474529856424116,0.0054089403785980775,0.00015951835635373253,0,0,4.783576011657715,-0.03277998045086861,14.999162673950195,0.4850287437438965,0.012325851246714592,-0.00038073089672252536,0,-13,-1000,-1,0,0,0.01262580044567585,-0.0004448499530553818,0.00033987886854447424,-0.00010101724183186889,63,3135,0.019880294799804688,12.312,28.76,16,6,10,1.21,831,0.0033933327067643404,0.00026926235295832157,0.0064696017652750015,1500,1500,1000,1500,1800,1000,1000,1800
1784593148.2334,14.8600,0.02004,49.91,744,581689,0.000,GUIDED,GUIDED,128,4.892419638961184,0.0008656327593227001,15.000192222247627,0.4999830166524603,-0.004023054711288736,-0.000893358772062958,nan,nan,nan,nan,nan,nan,nan,nan,nan,nan,0.12509547439146643,0.005227162678056851,0.00016833954280635096,0,0,4.7933807373046875,-0.0327170267701149,14.999143600463867,0.48493924736976624,0.012347999028861523,-0.00038512758328579366,0,-13,-1000,2,0,0,0.012674939818680286,-0.00046333589125424623,0.00033829177846200764,-0.00013995973858982325,63,3135,0.01995372772216797,12.312,28.76,16,6,10,1.21,831,0.0033933327067643404,0.00026926235295832157,0.0064696017652750015,1500,1500,1000,1500,1800,1000,1000,1800
1784593148.2534,14.8800,0.01995,50.12,745,581709,0.000,GUIDED,GUIDED,128,4.902418455321131,0.0007851784560275188,15.000174356580178,0.4999830166524603,-0.004023054711288736,-0.000893358772062958,nan,nan,nan,nan,nan,nan,nan,nan,nan,nan,0.12522703000307173,0.005313243768198441,0.00023013218523373338,0,0,4.803282737731934,-0.03281532973051071,14.999114036560059,0.4849191904067993,0.012308605015277863,-0.00041404960211366415,0,-13,-1000,-1,0,0,0.012640731409192085,-0.0004627837333828211,0.0003402449074201286,-0.00015818537212908268,63,3135,0.019887208938598633,12.312,28.76,16,6,10,1.21,831,0.0033933327067643404,0.00026926235295832157,0.0064696017652750015,1500,1500,1000,1500,1800,1000,1000,1800
1784593148.2734,14.9000,0.01999,50.03,746,581729,0.000,GUIDED,GUIDED,128,4.91241798691252,0.0007047183977064095,15.000156489634769,0.4999830166524603,-0.004023054711288736,-0.000893358772062958,nan,nan,nan,nan,nan,nan,nan,nan,nan,nan,0.1253990807522968,0.005404788148660876,0.00021707064848464162,0,0,4.813161373138428,-0.032881297171115875,14.999086380004883,0.4848896563053131,0.012247384525835514,-0.0004008564865216613,0,-13,-1001,2,0,0,0.012695607729256153,-0.0004644384316634387,0.00034167233388870955,-0.00015054899267852306,63,3135,0.019925832748413086,12.312,28.76,16,6,10,1.21,831,0.0033933327067643404,0.00026926235295832157,0.0064696017652750015,1500,1500,1000,1500,1800,1000,1000,1800
1784593148.2934,14.9200,0.02001,49.99,747,581749,0.000,GUIDED,GUIDED,128,4.922417995324872,0.0006242545027013505,15.000138621837387,0.4999830166524603,-0.004023054711288736,-0.000893358772062958,nan,nan,nan,nan,nan,nan,nan,nan,nan,nan,0.12573442202241866,0.005127892518609289,0.00020375173937969967,0,0,4.822939395904541,-0.03277990594506264,14.999069213867188,0.48482421040534973,0.012302256189286709,-0.00039357191417366266,0,-13,-1001,0,-1,0,0.01267497893422842,-0.0004826850781682879,0.00034299216349609196,-0.0001437561004422605,63,3135,0.019940853118896484,12.312,28.76,16,6,10,1.21,831,0.0033933327067643404,0.00026926235295832157,0.0064696017652750015,1500,1500,1000,1500,1800,1000,1000,1800
1784593148.3134,14.9400,0.02000,50.00,748,581769,0.000,GUIDED,GUIDED,128,4.932417526916261,0.0005437944443802412,15.000120754891979,0.4999830166524603,-0.004023054711288736,-0.000893358772062958,nan,nan,nan,nan,nan,nan,nan,nan,nan,nan,0.1259502564678644,0.005057473024549026,0.0002131736212312085,0,0,4.83278751373291,-0.0328010655939579,14.999044418334961,0.4847870171070099,0.012308675795793533,-0.00039501141873188317,0,-13,-1001,1,1,0,0.012720775790512562,-0.00046847693738527596,0.00034382945159450173,-0.00016322406008839607,63,3135,0.01993560791015625,12.312,28.76,16,6,10,1.21,831,0.0033933327067643404,0.00026926235295832157,0.0064696017652750015,1500,1500,1000,1500,1800,1000,1000,1800
1784593148.3334,14.9600,0.02002,49.96,749,581789,0.000,GUIDED,GUIDED,128,4.942417177712891,0.00046333342688814616,15.000102887733577,0.4999830166524603,-0.004023054711288736,-0.000893358772062958,nan,nan,nan,nan,nan,nan,nan,nan,nan,nan,0.12635223355108904,0.004680074653682774,0.0001868611523006818,0,0,4.842549800872803,-0.032677460461854935,14.999025344848633,0.4846919775009155,0.01240874920040369,-0.00037912343395873904,0,-13,-1001,0,-1,0,0.012707067653536797,-0.0005014979396946728,0.0003435650432948023,-0.00015623646322637796,63,3135,0.01994466781616211,12.312,28.76,16,6,10,1.21,831,0.0033933327067643404,0.00026926235295832157,0.0064696017652750015,1500,1500,1000,1500,1800,1000,1000,1800
1784593148.3534,14.9801,0.02001,49.97,750,581809,0.000,GUIDED,GUIDED,128,4.952422073540099,0.00038283020587258354,15.000085011203469,0.4999830166524603,-0.004023054711288736,-0.000893358772062958,nan,nan,nan,nan,nan,nan,nan,nan,nan,nan,0.12637268860329604,0.004850038995324185,0.0001823831895846152,0,0,4.8524580001831055,-0.032788943499326706,14.998991966247559,0.48473599553108215,0.01232850644737482,-0.0003675879561342299,0,-13,-1000,1,1,0,0.01274104043841362,-0.00047405401710420847,0.00034784426679834723,-0.0001145576243288815,63,3135,0.01994490623474121,12.312,28.76,16,6,10,1.21,831,0.0033933327067643404,0.00026926235295832157,0.0064696017652750015,1500,1500,1000,1500,1800,1000,1000,1800
1784593148.3734,15.0000,0.02003,49.93,751,581829,0.000,GUIDED,GUIDED,128,4.962417432948074,0.0003024037185360498,15.000067151712827,0.4999830166524603,-0.004023054711288736,-0.000893358772062958,nan,nan,nan,nan,nan,nan,nan,nan,nan,nan,0.126209985624346,0.005184380418396431,0.0002015283736551323,0,0,4.862423419952393,-0.032990463078022,14.998957633972168,0.48484721779823303,0.012205387465655804,-0.0003691308666020632,0,-13,-1001,1,-1,0,0.0127434516325593,-0.0005125766037963331,0.00034808600321412086,-0.00011008512228727341,63,3135,0.0199434757232666,12.312,28.76,16,6,10,1.21,831,0.0033933327067643404,0.00026926235295832157,0.0064696017652750015,1500,1500,1000,1500,1800,1000,1000,1800
1784593148.3937,15.0200,0.02025,49.39,752,581849,0.000,GUIDED,GUIDED,128,4.972416487718502,0.00022194749689889715,15.000049285619392,0.4999830166524603,-0.004023054711288736,-0.000893358772062958,nan,nan,nan,nan,nan,nan,nan,nan,nan,nan,0.12645957996420748,0.004998217976378096,0.000235760501145652,0,0,4.8722429275512695,-0.032954029738903046,14.998937606811523,0.48480677604675293,0.01224538218230009,-0.0003876471018884331,0,-13,-1001,0,1,0,0.012763870880007744,-0.0004768348590005189,0.00034819880966097116,-0.00016295613022521138,63,3135,0.019893884658813477,12.312,28.76,16,6,10,1.21,831,0.0033751344308257103,0.0002594594843685627,0.006521581672132015,1500,1500,1000,1500,1800,1000,1000,1800
1784593148.4134,15.0400,0.01975,50.62,753,581869,0.000,GUIDED,GUIDED,128,4.982416734541334,0.0001414816835518598,15.000031417396023,0.4999830166524603,-0.004023054711288736,-0.000893358772062958,nan,nan,nan,nan,nan,nan,nan,nan,nan,nan,0.12650341626753114,0.005192956227385231,0.0002865808772683431,0,0,4.882171154022217,-0.033098235726356506,14.998906135559082,0.4848230481147766,0.012169750407338142,-0.00040913454722613096,0,-13,-1000,1,-1,0,0.012781580910086632,-0.0005107259494252503,0.0003476628044154495,-0.00012530479580163956,63,3135,0.019669532775878906,12.312,28.76,16,6,10,1.21,831,0.0033751344308257103,0.0002594594843685627,0.006521581672132015,1500,1500,1000,1500,1800,1000,1000,1800
1784593148.4334,15.0600,0.01996,50.09,754,581889,0.000,GUIDED,GUIDED,128,4.99241507408032,6.103121694062824e-05,15.000013552580548,0.4999830166524603,-0.004023054711288736,-0.000893358772062958,nan,nan,nan,nan,nan,nan,nan,nan,nan,nan,0.12681269126080416,0.004999620191523852,0.0002864545502612243,0,0,4.891972541809082,-0.03303554654121399,14.998884201049805,0.484758198261261,0.012198731303215027,-0.0004067119734827429,0,-13,-1000,0,2,0,0.012782614678144455,-0.0004653254000004381,0.0003466784255579114,-0.00015110231470316648,63,3135,0.01989150047302246,12.312,28.76,16,6,10,1.21,831,0.0033751344308257103,0.0002594594843685627,0.006521581672132015,1500,1500,1000,1500,1800,1000,1000,1800
1784593148.4534,15.0800,0.01997,50.07,755,581909,0.000,GUIDED,GUIDED,128,5.0,0.0,15.0,0.0,0.0,0.0,nan,nan,nan,nan,nan,nan,nan,nan,nan,nan,-0.7415743831466954,0.012063851140169113,0.0018945693684833647,0,0,4.901872158050537,-0.033131591975688934,14.998847961425781,0.4848023056983948,0.012163465842604637,-0.00042870035395026207,0,-13,-1000,2,-1,0,0.012831629253923893,-0.0005035867216065526,0.0003475815465208143,-0.0001934647443704307,63,3135,0.01990795135498047,12.312,28.76,16,6,10,1.21,831,0.0033751344308257103,0.0002594594843685627,0.006521581672132015,1500,1500,1000,1500,1800,1000,1000,1800
1784593148.4734,15.1000,0.01999,50.02,756,581929,0.000,GUIDED,GUIDED,128,5.0,0.0,15.0,0.0,0.0,0.0,nan,nan,nan,nan,nan,nan,nan,nan,nan,nan,-0.751468853363184,0.012180933868903045,0.001920266819550006,0,0,4.911750316619873,-0.033195123076438904,14.998815536499023,0.4848117232322693,0.012132547795772552,-0.00042481624404899776,0,-13,-1001,0,2,0,0.012806518003344536,-0.00045740892528556287,0.0003492470714263618,-0.00019736809190362692,63,3135,0.019924640655517578,12.312,28.76,16,6,10,1.21,831,0.0033751344308257103,0.0002594594843685627,0.006521581672132015,1500,1500,1000,1500,1800,1000,1000,1800
1784593148.4934,15.1200,0.02004,49.89,757,581949,0.000,GUIDED,GUIDED,128,5.0,0.0,15.0,0.0,0.0,0.0,nan,nan,nan,nan,nan,nan,nan,nan,nan,nan,-0.7611641700076006,0.011964146485807424,0.0018636286235834383,0,0,4.921527862548828,-0.033093780279159546,14.998795509338379,0.4847642481327057,0.012199199758470058,-0.0003805534797720611,0,-13,-1001,2,-1,0,0.012841813266277313,-0.0004991633468307555,0.0003502447798382491,-0.0001410357654094696,63,3135,0.01994013786315918,12.312,28.76,16,6,10,1.21,831,0.0033751344308257103,0.0002594594843685627,0.006521581672132015,1500,1500,1000,1500,1800,1000,1000,1800
1784593148.5134,15.1400,0.01998,50.05,758,581969,0.000,GUIDED,GUIDED,128,5.0,0.0,15.0,0.0,0.0,0.0,nan,nan,nan,nan,nan,nan,nan,nan,nan,nan,-0.7710031118945914,0.012047355921973243,0.0019330139691444237,0,0,4.9313764572143555,-0.03311324492096901,14.99876594543457,0.4847586750984192,0.012162396684288979,-0.0004035443998873234,0,-13,-1001,-10,1,0,0.012577380985021591,-0.0004692508955486119,0.0003509382368065417,-0.00016835040878504515,63,3135,0.019921302795410156,12.312,28.76,16,6,10,1.21,831,0.0033751344308257103,0.0002594594843685627,0.006521581672132015,1500,1500,1000,1500,1800,1000,1000,1800
1784593148.5333,15.1600,0.01997,50.09,759,581989,0.000,GUIDED,GUIDED,128,5.0,0.0,15.0,0.0,0.0,0.0,nan,nan,nan,nan,nan,nan,nan,nan,nan,nan,-0.78037482411742,0.011796174294807157,0.0019116045346923522,0,0,4.941137790679932,-0.032990917563438416,14.998744010925293,0.48453372716903687,0.012236790731549263,-0.00037851976230740547,0,-13,-1000,-33,0,0,0.011879434809088707,-0.0004901112988591194,0.00034966133534908295,-0.00023972021881490946,63,3135,0.019908428192138672,12.312,28.76,16,6,10,1.21,831,0.0033751344308257103,0.0002594594843685627,0.006521581672132015,1500,1500,1000,1500,1800,1000,1000,1800
1784593148.5533,15.1800,0.01999,50.02,760,582009,0.000,GUIDED,GUIDED,128,5.0,0.0,15.0,0.0,0.0,0.0,nan,nan,nan,nan,nan,nan,nan,nan,nan,nan,-0.7898120872205455,0.012042888667180864,0.0019298729166819263,0,0,4.951047420501709,-0.0330997072160244,14.998706817626953,0.48426100611686707,0.012157159857451916,-0.0003675934567581862,0,-13,-1001,-60,0,0,0.01062036119401455,-0.0004921425716020167,0.0003511140530463308,-0.00026195793179795146,63,3135,0.019937515258789062,12.312,28.76,16,6,10,1.21,831,0.0033751344308257103,0.0002594594843685627,0.006521581672132015,1500,1500,1000,1500,1800,1000,1000,1800
1784593148.5734,15.2000,0.02003,49.93,761,582029,0.000,GUIDED,GUIDED,128,5.0,0.0,15.0,0.0,0.0,0.0,nan,nan,nan,nan,nan,nan,nan,nan,nan,nan,-0.7988294208680727,0.012435469752872397,0.0020058680780084947,0,0,4.961010932922363,-0.03329699859023094,14.998669624328613,0.4837147295475006,0.012044409289956093,-0.0003899957227986306,0,-13,-1000,-94,0,0,0.00867767445743084,-0.0005094539374113083,0.00034957905882038176,-0.0002393444301560521,63,3135,0.019968509674072266,12.312,28.76,16,6,10,1.21,831,0.0033751344308257103,0.0002594594843685627,0.006521581672132015,1500,1500,1000,1500,1800,1000,1000,1800
1784593148.5933,15.2200,0.01998,50.05,762,582049,0.000,GUIDED,GUIDED,128,5.0,0.0,15.0,0.0,0.0,0.0,nan,nan,nan,nan,nan,nan,nan,nan,nan,nan,-0.8066645820970181,0.012339188916670966,0.0019439304827122373,0,0,4.970804214477539,-0.03326030075550079,14.998648643493652,0.4825842082500458,0.012078809551894665,-0.00034212274476885796,0,-13,-1001,-129,-1,0,0.006044892128556967,-0.0005421477253548801,0.0003471075906418264,-0.00026878475910052657,63,3135,0.019922733306884766,12.312,28.76,16,6,10,1.21,831,0.0033751344308257103,0.0002594594843685627,0.006521581672132015,1500,1500,1000,1500,1800,1000,1000,1800
1784593148.6133,15.2400,0.01999,50.01,763,582069,0.000,GUIDED,GUIDED,128,5.0,0.0,15.0,0.0,0.0,0.0,nan,nan,nan,nan,nan,nan,nan,nan,nan,nan,-0.8136424530352989,0.012587841471406173,0.0016894459535199745,0,0,4.98068380355835,-0.0334007628262043,14.998618125915527,0.48090890049934387,0.012016345746815205,-0.00017757670138962567,0,-13,-1001,-167,0,0,0.0026364808436483145,-0.0005438075168058276,0.0003466115740593523,-0.00020536809461191297,63,3135,0.019938945770263672,12.312,28.76,16,6,10,1.21,831,0.0033751344308257103,0.0002594594843685627,0.006521581672132015,1500,1500,1000,1500,1800,1000,1000,1800
1784593148.6334,15.2600,0.02003,49.92,764,582089,0.000,GUIDED,GUIDED,128,5.0,0.0,15.0,0.0,0.0,0.0,nan,nan,nan,nan,nan,nan,nan,nan,nan,nan,-0.8190150862305999,0.012407347575511374,0.001601362964247922,0,0,4.990389347076416,-0.03333751857280731,14.9985990524292,0.4784072935581207,0.012084039859473705,-0.00011570988135645166,0,-13,-1001,-202,-2,0,-0.0014571037609130144,-0.0006052548997104168,0.00034715814399532974,-8.332764264196157e-05,63,3135,0.01995229721069336,12.312,28.76,16,6,10,1.21,831,0.0033751344308257103,0.0002594594843685627,0.006521581672132015,1500,1500,1000,1500,1800,1000,1000,1800
1784593148.6537,15.2800,0.02030,49.26,765,582109,0.000,GUIDED,GUIDED,128,5.0,0.0,15.0,0.0,0.0,0.0,nan,nan,nan,nan,nan,nan,nan,nan,nan,nan,-0.8230895941321937,0.01253309332515674,0.0015828018014747113,0,0,5.000138759613037,-0.03342863917350769,14.998567581176758,0.4751308858394623,0.012064049020409584,-8.682365296408534e-05,0,-13,-1001,-239,0,0,-0.006285491865128279,-0.0006093044066801667,0.0003509037778712809,-3.5385601222515106e-06,63,3135,0.020234346389770508,12.312,28.79,16,6,10,1.21,831,0.0033887955360114574,0.00023453071480616927,0.006501927971839905,1500,1500,1000,1500,1800,1000,1000,1800
1784593148.6734,15.3000,0.01971,50.72,766,582129,0.000,GUIDED,GUIDED,128,5.0,0.0,15.0,0.0,0.0,0.0,nan,nan,nan,nan,nan,nan,nan,nan,nan,nan,-0.8253118036997852,0.012574309761391293,0.0016553298469183571,0,0,5.009789943695068,-0.03348689153790474,14.998538970947266,0.47084176540374756,0.012073884718120098,-0.00011217961582588032,0,-13,-1001,-269,-3,0,-0.01169880572706461,-0.000694494170602411,0.0003539453027769923,-5.012436304241419e-05,63,3135,0.01964712142944336,12.312,28.79,16,6,10,1.21,831,0.0033887955360114574,0.00023453071480616927,0.006501927971839905,1500,1500,1000,1500,1800,1000,1000,1800
1784593148.6934,15.3200,0.02004,49.90,767,582149,0.000,GUIDED,GUIDED,128,5.0,0.0,15.0,0.0,0.0,0.0,nan,nan,nan,nan,nan,nan,nan,nan,nan,nan,-0.8252516347281058,0.012212732498851811,0.0016827914773112327,0,0,5.0192389488220215,-0.033382780849933624,14.99852466583252,0.4653516411781311,0.012222533114254475,-0.00011977553367614746,0,-13,-1001,-294,0,0,-0.017618801444768906,-0.0006959065794944763,0.0003563739883247763,-1.2954464182257652e-05,63,3135,0.019959449768066406,12.312,28.79,16,6,10,1.21,831,0.0033887955360114574,0.00023453071480616927,0.006501927971839905,1500,1500,1000,1500,1800,1000,1000,1800
1784593148.7134,15.3400,0.02001,49.98,768,582169,0.000,GUIDED,GUIDED,128,5.0,0.0,15.0,0.0,0.0,0.0,nan,nan,nan,nan,nan,nan,nan,nan,nan,nan,-0.8231967572693161,0.012154800553667931,0.0017116913358059952,0,0,5.028642177581787,-0.033394839614629745,14.998499870300293,0.4587363004684448,0.012262942269444466,-0.00012214516755193472,0,-13,-1001,-307,-3,0,-0.023753834888339043,-0.000788401230238378,0.0003597998002078384,-3.536738222464919e-05,63,3135,0.019925594329833984,12.312,28.79,16,6,10,1.21,831,0.0033887955360114574,0.00023453071480616927,0.006501927971839905,1500,1500,1000,1500,1800,1000,1000,1800
1784593148.7334,15.3600,0.01999,50.02,769,582189,0.000,GUIDED,GUIDED,128,5.0,0.0,15.0,0.0,0.0,0.0,nan,nan,nan,nan,nan,nan,nan,nan,nan,nan,-0.8190159690104144,0.012048045300453517,0.0018407063229079258,0,0,5.037883758544922,-0.033381182700395584,14.998468399047852,0.4509868919849396,0.012316692620515823,-0.00017846206901594996,0,-12,-1001,-303,0,0,-0.029815617948770523,-0.000801518966909498,0.00036128395004197955,-2.219452289864421e-05,63,3135,0.019912004470825195,12.312,28.79,16,6,10,1.21,831,0.0033887955360114574,0.00023453071480616927,0.006501927971839905,1500,1500,1000,1500,1800,1000,1000,1800
1784593148.7534,15.3800,0.02000,50.00,770,582209,0.000,GUIDED,GUIDED,128,5.0,0.0,15.0,0.0,0.0,0.0,nan,nan,nan,nan,nan,nan,nan,nan,nan,nan,-0.8126098816752566,0.011884633266947338,0.0018360744345237126,0,0,5.046950817108154,-0.033364925533533096,14.998452186584473,0.4420534670352936,0.01240165252238512,-0.00016642757691442966,0,-12,-1002,-297,-3,0,-0.03576331585645676,-0.0008820848888717592,0.0003609785926528275,-8.847226854413748e-05,63,3135,0.019919157028198242,12.312,28.79,16,6,10,1.21,831,0.0033887955360114574,0.00023453071480616927,0.006501927971839905,1500,1500,1000,1500,1800,1000,1000,1800
1784593148.7734,15.4001,0.01997,50.09,771,582229,0.000,GUIDED,GUIDED,128,5.0,0.0,15.0,0.0,0.0,0.0,nan,nan,nan,nan,nan,nan,nan,nan,nan,nan,-0.8044602978439428,0.012097762455038366,0.0020529323147641084,0,0,5.055947303771973,-0.03354785591363907,14.998424530029297,0.43215417861938477,0.012384217232465744,-0.00027566301287151873,0,-12,-1001,-283,-2,0,-0.041399963200092316,-0.0009206721442751586,0.0003572175919543952,-0.00011903507402166724,63,3135,0.019899606704711914,12.312,28.79,16,6,10,1.21,831,0.0033887955360114574,0.00023453071480616927,0.006501927971839905,1500,1500,1000,1500,1800,1000,1000,1800
1784593148.7934,15.4200,0.01999,50.03,772,582249,0.000,GUIDED,GUIDED,128,5.0,0.0,15.0,0.0,0.0,0.0,nan,nan,nan,nan,nan,nan,nan,nan,nan,nan,-0.7940091850779882,0.011865921372912463,0.0019861054858302456,0,0,5.064597129821777,-0.033499982208013535,14.998409271240234,0.42112624645233154,0.012490430846810341,-0.0002282708592247218,0,-11,-1002,-262,0,0,-0.04663105309009552,-0.0009395674569532275,0.00034932323615066707,-0.00028070469852536917,63,3135,0.01992321014404297,12.312,28.79,16,6,10,1.21,831,0.0033887955360114574,0.00023453071480616927,0.006501927971839905,1500,1500,1000,1500,1800,1000,1000,1800
1784593148.8134,15.4401,0.02001,49.98,773,582269,0.000,GUIDED,GUIDED,128,5.0,0.0,15.0,0.0,0.0,0.0,nan,nan,nan,nan,nan,nan,nan,nan,nan,nan,-0.7819991271276067,0.01194256596227021,0.0019321443749571385,0,0,5.073118686676025,-0.03362421318888664,14.998385429382324,0.40927231311798096,0.012517904862761497,-0.0001833512942539528,0,-11,-1003,-238,0,0,-0.05137854069471359,-0.000958865974098444,0.0003410175850149244,-0.0003029356594197452,63,3135,0.019942760467529297,12.312,28.79,16,6,10,1.21,831,0.0033887955360114574,0.00023453071480616927,0.006501927971839905,1500,1500,1000,1500,1800,1000,1000,1800
1784593148.8334,15.4600,0.02003,49.93,774,582289,0.000,GUIDED,GUIDED,128,5.0,0.0,15.0,0.0,0.0,0.0,nan,nan,nan,nan,nan,nan,nan,nan,nan,nan,-0.7682960101020515,0.011930928469618983,0.0019513382559074575,0,0,5.08137321472168,-0.03371362015604973,14.998363494873047,0.3965950608253479,0.012576242908835411,-0.00018176899175159633,0,-11,-1003,-214,0,0,-0.055644046515226364,-0.000978033640421927,0.0003322131815366447,-0.0003177705511916429,63,3135,0.01994609832763672,12.312,28.79,16,6,10,1.21,831,0.0033887955360114574,0.00023453071480616927,0.006501927971839905,1500,1500,1000,1500,1800,1000,1000,1800
1784593148.8534,15.4801,0.01997,50.07,775,582309,0.000,GUIDED,GUIDED,128,5.0,0.0,15.0,0.0,0.0,0.0,nan,nan,nan,nan,nan,nan,nan,nan,nan,nan,-0.7528254438823138,0.01149347516846145,0.0020692687678187057,0,0,5.089260101318359,-0.0336192324757576,14.998348236083984,0.3831096291542053,0.012774311937391758,-0.00024104653857648373,0,-10,-1003,-191,0,0,-0.05944773182272911,-0.0009966760408133268,0.00032094286871142685,-0.00032433203887194395,63,3135,0.019907236099243164,12.312,28.79,16,6,10,1.21,831,0.0033887955360114574,0.00023453071480616927,0.006501927971839905,1500,1500,1000,1500,1800,1000,1000,1800
1784593148.8734,15.5000,0.02003,49.93,776,582329,0.000,GUIDED,GUIDED,128,5.0,0.0,15.0,0.0,0.0,0.0,nan,nan,nan,nan,nan,nan,nan,nan,nan,nan,-0.736212696846989,0.01142179190810574,0.0020459348352509002,0,0,5.096948146820068,-0.03365875780582428,14.998321533203125,0.3690795600414276,0.012838518247008324,-0.00021215777087491006,0,-10,-1003,-167,0,0,-0.06276331096887589,-0.001014070468954742,0.0003114002465736121,-0.0002898883540183306,63,3135,0.01994490623474121,12.312,28.79,16,6,10,1.21,831,0.0033887955360114574,0.00023453071480616927,0.006501927971839905,1500,1500,1000,1500,1800,1000,1000,1800
1784593148.8938,15.5200,0.02036,49.11,777,582349,0.000,GUIDED,GUIDED,128,5.0,0.0,15.0,0.0,0.0,0.0,nan,nan,nan,nan,nan,nan,nan,nan,nan,nan,-0.7182297620246101,0.011006340358606297,0.0022609601422082324,0,0,5.1042585372924805,-0.03353732079267502,14.998305320739746,0.3544764518737793,0.013008267618715763,-0.0003269424196332693,0,-10,-1003,-141,0,0,-0.06557416170835495,-0.0010311577934771776,0.00030281211365945637,-0.0002401763922534883,63,3135,0.01991724967956543,12.311,28.81,15,6,10,1.21,831,0.0036040390841662884,0.00022538291523233056,0.005178083665668964,1500,1500,1000,1500,1800,1000,1000,1800
1784593148.9134,15.5401,0.01961,51.00,778,582369,0.000,GUIDED,GUIDED,128,5.0,0.0,15.0,0.0,0.0,0.0,nan,nan,nan,nan,nan,nan,nan,nan,nan,nan,-0.6993655091288857,0.010836307286075118,0.0023266701218448518,0,0,5.111337184906006,-0.03352976217865944,14.998279571533203,0.3394983112812042,0.013102072291076183,-0.000350013782735914,0,-9,-1003,-118,0,0,-0.06792245805263519,-0.0010482200887054205,0.0002971684734802693,-0.00011907785665243864,63,3135,0.01954340934753418,12.311,28.81,15,6,10,1.21,831,0.0036040390841662884,0.00022538291523233056,0.005178083665668964,1500,1500,1000,1500,1800,1000,1000,1800
1784593148.9334,15.5601,0.02004,49.90,779,582389,0.000,GUIDED,GUIDED,128,5.0,0.0,15.0,0.0,0.0,0.0,nan,nan,nan,nan,nan,nan,nan,nan,nan,nan,-0.6796051231383151,0.01058380804813374,0.002443122841201,0,0,5.11809778213501,-0.03349519893527031,14.998254776000977,0.32418641448020935,0.013227897696197033,-0.00040293208439834416,0,-9,-1003,-92,0,0,-0.06976649910211563,-0.001065686927177012,0.00029328555683605373,-3.329687751829624e-05,63,3135,0.019957304000854492,12.311,28.81,15,6,10,1.21,831,0.0036040390841662884,0.00022538291523233056,0.005178083665668964,1500,1500,1000,1500,1800,1000,1000,1800
1784593148.9534,15.5800,0.01995,50.13,780,582409,0.000,GUIDED,GUIDED,128,5.0,0.0,15.0,0.0,0.0,0.0,nan,nan,nan,nan,nan,nan,nan,nan,nan,nan,-0.6593068953684826,0.010315363730456589,0.002511621216577694,0,0,5.124624729156494,-0.03346116840839386,14.998236656188965,0.3086988925933838,0.01336323656141758,-0.00043201816151849926,0,-8,-1004,-73,0,0,-0.07121682167053223,-0.0010798383736982942,0.0002896804653573781,9.937048889696598e-05,63,3135,0.019881486892700195,12.311,28.81,15,6,10,1.21,831,0.0036040390841662884,0.00022538291523233056,0.005178083665668964,1500,1500,1000,1500,1800,1000,1000,1800
1784593148.9734,15.6001,0.02001,49.97,781,582429,0.000,GUIDED,GUIDED,128,5.0,0.0,15.0,0.0,0.0,0.0,nan,nan,nan,nan,nan,nan,nan,nan,nan,nan,-0.6387900874167238,0.010502618850326446,0.002395809710515137,0,0,5.131016254425049,-0.03362702578306198,14.998209953308105,0.29316335916519165,0.013350882567465305,-0.0003497374418657273,0,-8,-1004,-53,0,0,-0.07226463407278061,-0.0010754879331216216,0.00027839367976412177,0.00020793697331100702,63,3135,0.019943714141845703,12.311,28.81,15,6,10,1.21,831,0.0036040390841662884,0.00022538291523233056,0.005178083665668964,1500,1500,1000,1500,1800,1000,1000,1800
1784593148.9934,15.6201,0.02004,49.90,782,582449,0.000,GUIDED,GUIDED,128,5.0,0.0,15.0,0.0,0.0,0.0,nan,nan,nan,nan,nan,nan,nan,nan,nan,nan,-0.6173359327344305,0.010170120994783777,0.0020395131366215957,0,0,5.136894226074219,-0.033560264855623245,14.998196601867676,0.27738314867019653,0.013504305854439735,-0.00013632106129080057,0,-7,-1005,-41,0,0,-0.07308615744113922,-0.0010834515560418367,0.0002667532826308161,0.00011987116886302829,63,3135,0.01995992660522461,12.311,28.81,15,6,10,1.21,831,0.0036040390841662884,0.00022538291523233056,0.005178083665668964,1500,1500,1000,1500,1800,1000,1000,1800
1784593149.0134,15.6400,0.01999,50.03,783,582469,0.000,GUIDED,GUIDED,128,5.0,0.0,15.0,0.0,0.0,0.0,nan,nan,nan,nan,nan,nan,nan,nan,nan,nan,-0.5958901907806101,0.010231300289038875,0.0017722475609790885,0,0,5.142609596252441,-0.033666178584098816,14.99817943572998,0.26170167326927185,0.013530133292078972,2.789566497085616e-05,0,-7,-1005,-22,1,0,-0.07351836562156677,-0.0010644618887454271,0.00025441573234274983,0.0001389927347190678,63,3135,0.019905567169189453,12.311,28.81,15,6,10,1.21,831,0.0036040390841662884,0.00022538291523233056,0.005178083665668964,1500,1500,1000,1500,1800,1000,1000,1800
1784593149.0334,15.6601,0.02001,49.97,784,582489,0.000,GUIDED,GUIDED,128,5.0,0.0,15.0,0.0,0.0,0.0,nan,nan,nan,nan,nan,nan,nan,nan,nan,nan,-0.5741009686560539,0.010227049298543324,0.0014928996005014329,0,0,5.147983551025391,-0.03373730927705765,14.998167037963867,0.24601900577545166,0.013573654927313328,0.00019633513875305653,0,-6,-1005,-7,-1,0,-0.07366687804460526,-0.0010912849102169275,0.00024541697348468006,0.0001254765666089952,63,3135,0.019930362701416016,12.311,28.81,15,6,10,1.21,831,0.0036040390841662884,0.00022538291523233056,0.005178083665668964,1500,1500,1000,1500,1800,1000,1000,1800
1784593149.0534,15.6800,0.01995,50.12,785,582509,0.000,GUIDED,GUIDED,128,5.0,0.0,15.0,0.0,0.0,0.0,nan,nan,nan,nan,nan,nan,nan,nan,nan,nan,-0.5518578857554428,0.009810717464141683,0.0013362229026724656,0,0,5.152885913848877,-0.03362371399998665,14.998161315917969,0.23034657537937164,0.013748439960181713,0.00029009609716013074,0,-6,-1004,10,1,0,-0.07343791425228119,-0.0010583343682810664,0.00023874806356616318,0.00020675186533480883,63,3135,0.01988697052001953,12.311,28.81,15,6,10,1.21,831,0.0036040390841662884,0.00022538291523233056,0.005178083665668964,1500,1500,1000,1500,1800,1000,1000,1800
1784593149.0734,15.7001,0.02006,49.85,786,582529,0.000,GUIDED,GUIDED,128,5.0,0.0,15.0,0.0,0.0,0.0,nan,nan,nan,nan,nan,nan,nan,nan,nan,nan,-0.5298260630027232,0.009683185115631193,0.0011366868607285644,0,0,5.157598972320557,-0.0336449109017849,14.998148918151855,0.21490541100502014,0.013834308832883835,0.0004124561382923275,0,-6,-1004,24,0,0,-0.07294830679893494,-0.0010823364136740565,0.00023689518275205046,0.00019730516942217946,63,3135,0.019980907440185547,12.311,28.81,15,6,10,1.21,831,0.0036040390841662884,0.00022538291523233056,0.005178083665668964,1500,1500,1000,1500,1800,1000,1000,1800
1784593149.0934,15.7201,0.01995,50.13,787,582549,0.000,GUIDED,GUIDED,128,5.0,0.0,15.0,0.0,0.0,0.0,nan,nan,nan,nan,nan,nan,nan,nan,nan,nan,-0.5075303710675133,0.009230837048105633,0.0009054201428184284,0,0,5.161863803863525,-0.0335041843354702,14.998149871826172,0.1995706856250763,0.014014223590493202,0.0005454274360090494,0,-5,-1004,37,1,1,-0.07218113541603088,-0.0010520382784307003,0.00023344511282630265,0.0002373047173023224,63,3135,0.01988077163696289,12.311,28.81,15,6,10,1.21,831,0.0036040390841662884,0.00022538291523233056,0.005178083665668964,1500,1500,1000,1500,1800,1000,1000,1800
1784593149.1134,15.7400,0.02004,49.91,788,582569,0.000,GUIDED,GUIDED,128,5.0,0.0,15.0,0.0,0.0,0.0,nan,nan,nan,nan,nan,nan,nan,nan,nan,nan,-0.48561198503003633,0.008993119237247094,0.0006947248640836587,0,0,5.165929794311523,-0.03347765654325485,14.998146057128906,0.1845685988664627,0.01413615420460701,0.0006692748283967376,0,-5,-1004,47,-1,1,-0.07122892886400223,-0.0010783221805468202,0.00023589747434016317,0.00027819344541057944,63,3135,0.01995396614074707,12.311,28.81,15,6,10,1.21,831,0.0036040390841662884,0.00022538291523233056,0.005178083665668964,1500,1500,1000,1500,1800,1000,1000,1800
1784593149.1334,15.7600,0.02000,50.00,789,582589,0.000,GUIDED,GUIDED,128,5.0,0.0,15.0,0.0,0.0,0.0,nan,nan,nan,nan,nan,nan,nan,nan,nan,nan,-0.4638051475923405,0.008759796853040933,0.0004725966294212578,0,0,5.169678688049316,-0.03342360258102417,14.998146057128906,0.16981399059295654,0.014239654876291752,0.000797520624473691,0,-5,-1004,59,2,1,-0.07003585994243622,-0.0010366544593125582,0.00023545279691461474,0.0003227042034268379,63,3135,0.01991748809814453,12.311,28.81,15,6,10,1.21,831,0.0036040390841662884,0.00022538291523233056,0.005178083665668964,1500,1500,1000,1500,1800,1000,1000,1800
1784593149.1538,15.7800,0.02036,49.11,790,582609,0.000,GUIDED,GUIDED,128,5.0,0.0,15.0,0.0,0.0,0.0,nan,nan,nan,nan,nan,nan,nan,nan,nan,nan,-0.44254916086919904,0.008498659348143475,0.00032324880986520934,0,0,5.173227787017822,-0.033369749784469604,14.998141288757324,0.15549276769161224,0.014359330758452415,0.0008864996489137411,0,-4,-1004,66,-1,1,-0.06871672719717026,-0.0010661366395652294,0.00023716643045190722,0.000346943736076355,63,3135,0.020285367965698242,12.311,28.88,15,6,10,1.21,831,0.0034033230040222406,0.00041636789683252573,0.012831435538828373,1500,1500,1000,1500,1800,1000,1000,1800
1784593149.1734,15.8001,0.01964,50.92,791,582629,0.000,GUIDED,GUIDED,128,5.0,0.0,15.0,0.0,0.0,0.0,nan,nan,nan,nan,nan,nan,nan,nan,nan,nan,-0.422250501157602,0.008662690665395475,0.0002928337516374818,0,0,5.176758766174316,-0.033515945076942444,14.998119354248047,0.14173471927642822,0.014349033124744892,0.0009167236858047545,0,-4,-1003,73,2,1,-0.06722532212734222,-0.0010085623944178224,0.00021236877364572138,0.00024422211572527885,63,3135,0.019556283950805664,12.311,28.88,15,6,10,1.21,831,0.0034033230040222406,0.00041636789683252573,0.012831435538828373,1500,1500,1000,1500,1800,1000,1000,1800
1784593149.1934,15.8200,0.02000,50.00,792,582649,0.000,GUIDED,GUIDED,128,5.0,0.0,15.0,0.0,0.0,0.0,nan,nan,nan,nan,nan,nan,nan,nan,nan,nan,-0.4016175481768518,0.008361697066137597,0.00016565747628245883,0,0,5.179718494415283,-0.033429838716983795,14.998120307922363,0.12811347842216492,0.014473098330199718,0.0009895983384922147,0,-3,-1003,79,0,1,-0.06562915444374084,-0.0010277482215315104,0.0001952890306711197,0.00028311804635450244,63,3135,0.019919872283935547,12.311,28.88,15,6,10,1.21,831,0.0034033230040222406,0.00041636789683252573,0.012831435538828373,1500,1500,1000,1500,1800,1000,1000,1800
1784593149.2134,15.8400,0.02000,50.00,793,582669,0.000,GUIDED,GUIDED,128,5.0,0.0,15.0,0.0,0.0,0.0,nan,nan,nan,nan,nan,nan,nan,nan,nan,nan,-0.38193924686282976,0.008407575242954265,6.0418991399066374e-05,0,0,5.182643890380859,-0.03351695090532303,14.998106956481934,0.11506322771310806,0.01449690479785204,0.001058066263794899,0,-3,-1003,84,2,1,-0.0639253780245781,-0.0009699003421701491,0.00017236286657862365,0.00025804992765188217,63,3135,0.019918203353881836,12.311,28.88,15,6,10,1.21,831,0.0034033230040222406,0.00041636789683252573,0.012831435538828373,1500,1500,1000,1500,1800,1000,1000,1800
1784593149.2334,15.8601,0.02000,49.99,794,582689,0.000,GUIDED,GUIDED,128,5.0,0.0,15.0,0.0,0.0,0.0,nan,nan,nan,nan,nan,nan,nan,nan,nan,nan,-0.36263888398382566,0.008405981104505932,-0.0001158019092129558,0,0,5.185274124145508,-0.03356923907995224,14.998098373413086,0.10240159183740616,0.01452801376581192,0.0011647628853097558,0,-3,-1003,90,0,1,-0.062111858278512955,-0.0009700738009996712,0.00015451117360498756,0.000296159356366843,63,3135,0.019921064376831055,12.311,28.88,15,6,10,1.21,831,0.0034033230040222406,0.00041636789683252573,0.012831435538828373,1500,1500,1000,1500,1800,1000,1000,1800
1784593149.2534,15.8801,0.01996,50.10,795,582709,0.000,GUIDED,GUIDED,128,5.0,0.0,15.0,0.0,0.0,0.0,nan,nan,nan,nan,nan,nan,nan,nan,nan,nan,-0.3432504597644777,0.008039426419209572,-0.00033151096008768094,0,0,5.187413215637207,-0.03343725949525833,14.998096466064453,0.08997267484664917,0.014663445763289928,0.0012904037721455097,0,-2,-1003,94,0,1,-0.06022306904196739,-0.0009575267904438078,0.00014325209485832602,0.0003022985765710473,63,3135,0.019895553588867188,12.311,28.88,15,6,10,1.21,831,0.0034033230040222406,0.00041636789683252573,0.012831435538828373,1500,1500,1000,1500,1800,1000,1000,1800
1784593149.2734,15.9000,0.02003,49.94,796,582729,0.000,GUIDED,GUIDED,128,5.0,0.0,15.0,0.0,0.0,0.0,nan,nan,nan,nan,nan,nan,nan,nan,nan,nan,-0.32485585173664244,0.007969603467756669,-0.00047251931266275964,0,0,5.189499855041504,-0.03344094380736351,14.998074531555176,0.07814782112836838,0.014705885201692581,0.001384478877298534,0,-2,-1003,97,2,1,-0.05826069787144661,-0.0009217849583365023,0.00013591816241387278,0.0004758598515763879,63,3135,0.019944429397583008,12.311,28.88,15,6,10,1.21,831,0.0034033230040222406,0.00041636789683252573,0.012831435538828373,1500,1500,1000,1500,1800,1000,1000,1800
1784593149.2934,15.9201,0.01998,50.06,797,582749,0.000,GUIDED,GUIDED,128,5.0,0.0,15.0,0.0,0.0,0.0,nan,nan,nan,nan,nan,nan,nan,nan,nan,nan,-0.3064685704845789,0.007543991294030741,-0.0006984267484123848,0,0,5.191136837005615,-0.033283159136772156,14.99808120727539,0.06658680737018585,0.014860515482723713,0.0015110523672774434,0,-2,-1003,101,2,1,-0.0562303364276886,-0.0008872277103364468,0.0001331904495600611,0.0005839999648742378,63,3135,0.019908905029296875,12.311,28.88,15,6,10,1.21,831,0.0034033230040222406,0.00041636789683252573,0.012831435538828373,1500,1500,1000,1500,1800,1000,1000,1800
1784593149.3134,15.9400,0.02000,50.01,798,582769,0.000,GUIDED,GUIDED,128,5.0,0.0,15.0,0.0,0.0,0.0,nan,nan,nan,nan,nan,nan,nan,nan,nan,nan,-0.2890533878981883,0.007400140540788365,-0.0007281935497404964,0,0,5.192715644836426,-0.03324072062969208,14.998068809509277,0.055620621889829636,0.014919065870344639,0.0015353960916399956,0,-1,-1002,101,1,1,-0.054204992949962616,-0.0008539925329387188,0.00013178984227124602,0.0005450618336908519,63,3135,0.01993083953857422,12.311,28.88,15,6,10,1.21,831,0.0034033230040222406,0.00041636789683252573,0.012831435538828373,1500,1500,1000,1500,1800,1000,1000,1800
1784593149.3334,15.9600,0.01998,50.05,799,582789,0.000,GUIDED,GUIDED,128,5.0,0.0,15.0,0.0,0.0,0.0,nan,nan,nan,nan,nan,nan,nan,nan,nan,nan,-0.2721875650392025,0.007218330121329417,-0.0009880455789326504,0,0,5.194051742553711,-0.03317179158329964,14.998062133789062,0.04511173814535141,0.01498423796147108,0.001689275959506631,0,-1,-1003,102,1,1,-0.05215386673808098,-0.0008245135541073978,0.0001361585600534454,0.0006996921147219837,63,3135,0.019914865493774414,12.311,28.88,15,6,10,1.21,831,0.0034033230040222406,0.00041636789683252573,0.012831435538828373,1500,1500,1000,1500,1800,1000,1000,1800
1784593149.3534,15.9801,0.02006,49.85,800,582809,0.000,GUIDED,GUIDED,128,5.0,0.0,15.0,0.0,0.0,0.0,nan,nan,nan,nan,nan,nan,nan,nan,nan,nan,-0.25597895797103454,0.0070520269684370696,-0.001039484924949161,0,0,5.195242881774902,-0.033098917454481125,14.998061180114746,0.035065989941358566,0.015038179233670235,0.001719525083899498,0,-1,-1002,102,1,1,-0.05010876804590225,-0.0007932474836707115,0.0001367182267131284,0.0007799132145009935,63,3135,0.01997995376586914,12.311,28.88,15,6,10,1.21,831,0.0034033230040222406,0.00041636789683252573,0.012831435538828373,1500,1500,1000,1500,1800,1000,1000,1800
1784593149.3734,16.0000,0.01995,50.13,801,582829,0.000,GUIDED,GUIDED,128,5.0,0.0,15.0,0.0,0.0,0.0,nan,nan,nan,nan,nan,nan,nan,nan,nan,nan,-0.24111848185631216,0.007307992883762229,-0.0010530340982382483,0,0,5.196585178375244,-0.03322354331612587,14.998028755187988,0.025711314752697945,0.014962350018322468,0.0017460682429373264,0,-1,-1002,102,1,1,-0.04803979769349098,-0.0007634853827767074,0.00011187800555489957,0.0006522940821014345,63,3135,0.019883155822753906,12.311,28.88,15,6,10,1.21,831,0.0034033230040222406,0.00041636789683252573,0.012831435538828373,1500,1500,1000,1500,1800,1000,1000,1800
1784593149.3937,16.0200,0.02029,49.29,802,582849,0.000,GUIDED,GUIDED,128,5.0,0.0,15.0,0.0,0.0,0.0,nan,nan,nan,nan,nan,nan,nan,nan,nan,nan,-0.22597386880863957,0.007106181260142463,-0.0011779758524747583,0,0,5.197352409362793,-0.033121705055236816,14.99803352355957,0.016524607315659523,0.015020069666206837,0.0018154503777623177,0,0,-1002,102,1,1,-0.04598606377840042,-0.0007349300431087613,8.845400589052588e-05,0.0006438300479203463,63,3135,0.019937992095947266,12.311,28.81,15,6,10,1.21,831,0.004827984608709812,0.0003814761294052005,0.012146436609327793,1500,1500,1000,1500,1800,1000,1000,1800
1784593149.4134,16.0401,0.01977,50.59,803,582869,0.000,GUIDED,GUIDED,128,5.0,0.0,15.0,0.0,0.0,0.0,nan,nan,nan,nan,nan,nan,nan,nan,nan,nan,-0.21208876898604606,0.007238108415675952,-0.0010628821097669995,0,0,5.198248386383057,-0.03319087624549866,14.998011589050293,0.00799074862152338,0.014983837492763996,0.0017616648692637682,0,0,-1001,100,1,1,-0.043972283601760864,-0.0007093054591678083,6.353920616675168e-05,0.0005111020291224122,63,3135,0.019682645797729492,12.311,28.81,15,6,10,1.21,831,0.004827984608709812,0.0003814761294052005,0.012146436609327793,1500,1500,1000,1500,1800,1000,1000,1800
1784593149.4334,16.0600,0.01995,50.12,804,582889,0.000,GUIDED,GUIDED,128,5.0,0.0,15.0,0.0,0.0,0.0,nan,nan,nan,nan,nan,nan,nan,nan,nan,nan,-0.19867969328989202,0.007341317149528858,-0.0012874158550936266,0,0,5.198927879333496,-0.033227089792490005,14.997995376586914,-0.00014329027908388525,0.014945157803595066,0.0019006597576662898,0,0,-1002,100,1,1,-0.041969869285821915,-0.000683444319292903,3.8694834074703977e-05,0.00044688547495752573,63,3135,0.019884347915649414,12.311,28.81,15,6,10,1.21,831,0.004827984608709812,0.0003814761294052005,0.012146436609327793,1500,1500,1000,1500,1800,1000,1000,1800
1784593149.4534,16.0801,0.02001,49.98,805,582909,0.000,GUIDED,GUIDED,128,5.0,0.0,15.0,0.0,0.0,0.0,nan,nan,nan,nan,nan,nan,nan,nan,nan,nan,-0.18515768330045027,0.007049521770616116,-0.0013628612238316359,0,0,5.199130535125732,-0.03308408334851265,14.998006820678711,-0.008067229762673378,0.015031061135232449,0.0019376109121367335,0,0,-1002,97,1,1,-0.04002801701426506,-0.0006585486698895693,1.9641271137516014e-05,0.00036610261304304004,63,3135,0.019941329956054688,12.311,28.81,15,6,10,1.21,831,0.004827984608709812,0.0003814761294052005,0.012146436609327793,1500,1500,1000,1500,1800,1000,1000,1800
1784593149.4734,16.1001,0.02004,49.89,806,582929,0.000,GUIDED,GUIDED,128,5.0,0.0,15.0,0.0,0.0,0.0,nan,nan,nan,nan,nan,nan,nan,nan,nan,nan,-0.17274797298615457,0.007033417374698217,-0.0014965699424015172,0,0,5.199431419372559,-0.03307456523180008,14.997995376586914,-0.015405694954097271,0.015034863725304604,0.002021414926275611,0,0,-1002,97,1,0,-0.03807536140084267,-0.0006370157352648675,-9.922746357915457e-07,0.00019682868150994182,63,3135,0.019962549209594727,12.311,28.81,15,6,10,1.21,831,0.004827984608709812,0.0003814761294052005,0.012146436609327793,1500,1500,1000,1500,1800,1000,1000,1800
1784593149.4935,16.1201,0.02005,49.88,807,582949,0.000,GUIDED,GUIDED,128,5.0,0.0,15.0,0.0,0.0,0.0,nan,nan,nan,nan,nan,nan,nan,nan,nan,nan,-0.1608213589541283,0.00672970845663216,-0.0014961219261814904,0,0,5.199321746826172,-0.03292006626725197,14.998011589050293,-0.022228209301829338,0.01512101013213396,0.0020117959938943386,0,0,-1001,94,0,0,-0.03626374900341034,-0.0006304834969341755,-1.748217619024217e-05,0.00017318484606221318,63,3135,0.019913673400878906,12.311,28.81,15,6,10,1.21,831,0.004827984608709812,0.0003814761294052005,0.012146436609327793,1500,1500,1000,1500,1800,1000,1000,1800
1784593149.5134,16.1401,0.01994,50.14,808,582969,0.000,GUIDED,GUIDED,128,5.0,0.0,15.0,0.0,0.0,0.0,nan,nan,nan,nan,nan,nan,nan,nan,nan,nan,-0.1494245016365571,0.006637381162741377,-0.00152072961270918,0,0,5.199283599853516,-0.032866884022951126,14.998007774353027,-0.02878616377711296,0.015143610537052155,0.0020282056648284197,0,0,-1001,94,0,0,-0.03437221795320511,-0.0006136893061921,-3.160898995702155e-05,0.00011249695671722293,63,3135,0.01987767219543457,12.311,28.81,15,6,10,1.21,831,0.004827984608709812,0.0003814761294052005,0.012146436609327793,1500,1500,1000,1500,1800,1000,1000,1800
1784593149.5334,16.1601,0.02001,49.99,809,582989,0.000,GUIDED,GUIDED,128,5.0,0.0,15.0,0.0,0.0,0.0,nan,nan,nan,nan,nan,nan,nan,nan,nan,nan,-0.13850661578969978,0.006502928965383056,-0.0015106924436835553,0,0,5.1990814208984375,-0.03278842568397522,14.998008728027344,-0.03497288003563881,0.015175938606262207,0.002021860098466277,0,0,-1001,91,0,1,-0.032548822462558746,-0.0006243702955543995,-3.9615199057152495e-05,0.00024199194740504026,63,3135,0.019923686981201172,12.311,28.81,15,6,10,1.21,831,0.004827984608709812,0.0003814761294052005,0.012146436609327793,1500,1500,1000,1500,1800,1000,1000,1800
1784593149.5534,16.1801,0.02000,50.00,810,583009,0.000,GUIDED,GUIDED,128,5.0,0.0,15.0,0.0,0.0,0.0,nan,nan,nan,nan,nan,nan,nan,nan,nan,nan,-0.12805164954561432,0.0063668225625381596,-0.0015296356185043793,0,0,5.198750019073486,-0.03270874544978142,14.99802303314209,-0.04081772267818451,0.015208516269922256,0.0020245378836989403,0,0,-1001,88,0,1,-0.03079000487923622,-0.000627571833319962,-4.970212103216909e-05,0.0004176154616288841,63,3135,0.01991748809814453,12.311,28.81,15,6,10,1.21,831,0.004827984608709812,0.0003814761294052005,0.012146436609327793,1500,1500,1000,1500,1800,1000,1000,1800
1784593149.5734,16.2000,0.02001,49.97,811,583029,0.000,GUIDED,GUIDED,128,5.0,0.0,15.0,0.0,0.0,0.0,nan,nan,nan,nan,nan,nan,nan,nan,nan,nan,-0.11893695266759974,0.006674462895312944,-0.001472138245084903,0,0,5.1986846923828125,-0.03282373026013374,14.998013496398926,-0.04604237899184227,0.01509728655219078,0.001996847800910473,0,0,-1001,86,1,1,-0.029064906761050224,-0.0006181505741551518,-7.978332723723724e-05,0.0006160035845823586,63,3135,0.01993107795715332,12.311,28.81,15,6,10,1.21,831,0.004827984608709812,0.0003814761294052005,0.012146436609327793,1500,1500,1000,1500,1800,1000,1000,1800
1784593149.5934,16.2200,0.01998,50.04,812,583049,0.000,GUIDED,GUIDED,128,5.0,0.0,15.0,0.0,0.0,0.0,nan,nan,nan,nan,nan,nan,nan,nan,nan,nan,-0.10941258808041815,0.006525627813809741,-0.0015304085399123735,0,0,5.198089599609375,-0.03271641954779625,14.998030662536621,-0.05119769647717476,0.015121260657906532,0.002020579297095537,0,0,-1001,82,0,1,-0.02740752510726452,-0.00063263502670452,-0.00010484703670954332,0.0007020165212452412,63,3135,0.019901275634765625,12.311,28.81,15,6,10,1.21,831,0.004827984608709812,0.0003814761294052005,0.012146436609327793,1500,1500,1000,1500,1800,1000,1000,1800
1784593149.6134,16.2400,0.02000,50.00,813,583069,0.000,GUIDED,GUIDED,128,5.0,0.0,15.0,0.0,0.0,0.0,nan,nan,nan,nan,nan,nan,nan,nan,nan,nan,-0.10112273265754564,0.006724917985919572,-0.0014224123104629618,0,0,5.197731018066406,-0.03277827054262161,14.998026847839355,-0.055776819586753845,0.015041910111904144,0.00196043006144464,0,1,-1001,80,2,1,-0.025794008746743202,-0.0005995324463583529,-0.00012493143731262535,0.000928825989831239,63,3135,0.019919633865356445,12.311,28.81,15,6,10,1.21,831,0.004827984608709812,0.0003814761294052005,0.012146436609327793,1500,1500,1000,1500,1800,1000,1000,1800
1784593149.6334,16.2601,0.01997,50.09,814,583089,0.000,GUIDED,GUIDED,128,5.0,0.0,15.0,0.0,0.0,0.0,nan,nan,nan,nan,nan,nan,nan,nan,nan,nan,-0.09317688100963484,0.006850385237881902,-0.0013171602861073313,0,0,5.197227478027344,-0.03280811011791229,14.998026847839355,-0.06007364019751549,0.01498669944703579,0.001899662776850164,0,1,-1001,78,-1,1,-0.024236377328634262,-0.0006336519727483392,-0.00013927408144809306,0.0010749868815764785,63,3135,0.019899845123291016,12.311,28.81,15,6,10,1.21,831,0.004827984608709812,0.0003814761294052005,0.012146436609327793,1500,1500,1000,1500,1800,1000,1000,1800
1784593149.6537,16.2800,0.02028,49.30,815,583109,0.000,GUIDED,GUIDED,128,5.0,0.0,15.0,0.0,0.0,0.0,nan,nan,nan,nan,nan,nan,nan,nan,nan,nan,-0.08497452966620202,0.006608290636730671,-0.0011456131811840497,0,0,5.19629430770874,-0.03266223520040512,14.998043060302734,-0.0642705038189888,0.015042251907289028,0.001791259739547968,0,1,-1000,74,1,1,-0.02273799292743206,-0.0006032407400198281,-0.00014636723790317774,0.0011314800940454006,63,3135,0.020218849182128906,12.312,28.79,15,6,10,1.21,831,0.005856603384017944,0.00019264902221038938,0.00977427139878273,1500,1500,1000,1500,1800,1000,1000,1800
1784593149.6734,16.3001,0.01976,50.61,816,583129,0.000,GUIDED,GUIDED,128,5.0,0.0,15.0,0.0,0.0,0.0,nan,nan,nan,nan,nan,nan,nan,nan,nan,nan,-0.07781993669852819,0.006637186159139087,-0.0008649122255922443,0,0,5.195553779602051,-0.03264811262488365,14.998039245605469,-0.06797366589307785,0.015017415396869183,0.0016313993837684393,0,1,-1000,72,0,1,-0.021289194002747536,-0.0006325365393422544,-0.00014969025505706668,0.0011426376877352595,63,3135,0.019675254821777344,12.312,28.79,15,6,10,1.21,831,0.005856603384017944,0.00019264902221038938,0.00977427139878273,1500,1500,1000,1500,1800,1000,1000,1800
1784593149.6934,16.3201,0.01999,50.03,817,583149,0.000,GUIDED,GUIDED,128,5.0,0.0,15.0,0.0,0.0,0.0,nan,nan,nan,nan,nan,nan,nan,nan,nan,nan,-0.07039015908617685,0.006295068680822281,-0.0006869576318419136,0,0,5.194430828094482,-0.03247925639152527,14.998053550720215,-0.07161491364240646,0.015117447823286057,0.0015203981893137097,0,1,-1000,67,1,2,-0.019938336685299873,-0.0006018903222866356,-0.00014685787027701735,0.001287082559429109,63,3135,0.019916772842407227,12.312,28.79,15,6,10,1.21,831,0.005856603384017944,0.00019264902221038938,0.00977427139878273,1500,1500,1000,1500,1800,1000,1000,1800
1784593149.7134,16.3401,0.02001,49.97,818,583169,0.000,GUIDED,GUIDED,128,5.0,0.0,15.0,0.0,0.0,0.0,nan,nan,nan,nan,nan,nan,nan,nan,nan,nan,-0.06390966061318215,0.006283291754385623,-0.0005899679035537802,0,0,5.193478584289551,-0.0324229821562767,14.998050689697266,-0.07480665296316147,0.015091757290065289,0.0014660529559478164,0,1,-1000,67,-1,2,-0.0185947697609663,-0.0006362939020618796,-0.00014000160444993526,0.0012712683528661728,63,3135,0.019931793212890625,12.312,28.79,15,6,10,1.21,831,0.005856603384017944,0.00019264902221038938,0.00977427139878273,1500,1500,1000,1500,1800,1000,1000,1800
1784593149.7334,16.3601,0.02000,50.00,819,583189,0.000,GUIDED,GUIDED,128,5.0,0.0,15.0,0.0,0.0,0.0,nan,nan,nan,nan,nan,nan,nan,nan,nan,nan,-0.05770822371340234,0.006156132809503997,-0.0005101694259767343,0,0,5.1924238204956055,-0.0323420949280262,14.99804973602295,-0.07777808606624603,0.015118472278118134,0.0014205318875610828,0,1,-1000,61,1,2,-0.017363084480166435,-0.0006011351360939443,-0.0001308791688643396,0.0012528725201264024,63,3135,0.01991748809814453,12.312,28.79,15,6,10,1.21,831,0.005856603384017944,0.00019264902221038938,0.00977427139878273,1500,1500,1000,1500,1800,1000,1000,1800
1784593149.7534,16.3801,0.01996,50.10,820,583209,0.000,GUIDED,GUIDED,128,5.0,0.0,15.0,0.0,0.0,0.0,nan,nan,nan,nan,nan,nan,nan,nan,nan,nan,-0.051835444671561315,0.006034238556460205,-0.00042876656660443624,0,0,5.1912641525268555,-0.0322597473859787,14.998056411743164,-0.08049920201301575,0.015141304582357407,0.0013696796959266067,0,1,-1000,62,-1,2,-0.016120292246341705,-0.000634611293207854,-0.00012458469427656382,0.00125808734446764,63,3135,0.019895315170288086,12.312,28.79,15,6,10,1.21,831,0.005856603384017944,0.00019264902221038938,0.00977427139878273,1500,1500,1000,1500,1800,1000,1000,1800
1784593149.7734,16.4001,0.02004,49.91,821,583229,0.000,GUIDED,GUIDED,128,5.0,0.0,15.0,0.0,0.0,0.0,nan,nan,nan,nan,nan,nan,nan,nan,nan,nan,-0.0470990426119115,0.006295158457367046,-0.00028879976670108127,0,0,5.190425872802734,-0.03236832469701767,14.99804401397705,-0.08274978399276733,0.015053349547088146,0.0012960276799276471,0,1,-1000,55,1,2,-0.015015640296041965,-0.0005916752270422876,-0.00013988849241286516,0.001258617965504527,63,3135,0.019956588745117188,12.312,28.79,15,6,10,1.21,831,0.005856603384017944,0.00019264902221038938,0.00977427139878273,1500,1500,1000,1500,1800,1000,1000,1800
1784593149.7934,16.4201,0.01996,50.09,822,583249,0.000,GUIDED,GUIDED,128,5.0,0.0,15.0,0.0,0.0,0.0,nan,nan,nan,nan,nan,nan,nan,nan,nan,nan,-0.041790953338316145,0.006106238208081486,-7.73154733765e-05,0,0,5.189120292663574,-0.03225792199373245,14.998050689697266,-0.08506063371896744,0.015098681673407555,0.0011700729373842478,0,1,-1000,56,0,2,-0.013882354833185673,-0.0006153415888547897,-0.0001495807955507189,0.0013724411837756634,63,3135,0.019898414611816406,12.312,28.79,15,6,10,1.21,831,0.005856603384017944,0.00019264902221038938,0.00977427139878273,1500,1500,1000,1500,1800,1000,1000,1800
1784593149.8134,16.4401,0.02004,49.91,823,583269,0.000,GUIDED,GUIDED,128,5.0,0.0,15.0,0.0,0.0,0.0,nan,nan,nan,nan,nan,nan,nan,nan,nan,nan,-0.037539382612641226,0.006207469256616201,0.00010974619630781481,0,0,5.188100337982178,-0.03231271356344223,14.998039245605469,-0.0869264081120491,0.01507186982780695,0.0010686800815165043,0,1,-1000,50,0,2,-0.012873617000877857,-0.0006069586961530149,-0.00015792679914738983,0.0013646429870277643,63,3135,0.01995563507080078,12.312,28.79,15,6,10,1.21,831,0.005856603384017944,0.00019264902221038938,0.00977427139878273,1500,1500,1000,1500,1800,1000,1000,1800
1784593149.8334,16.4601,0.02000,49.99,824,583289,0.000,GUIDED,GUIDED,128,5.0,0.0,15.0,0.0,0.0,0.0,nan,nan,nan,nan,nan,nan,nan,nan,nan,nan,-0.033454342570457346,0.006310049713161212,0.0002612772340340047,0,0,5.186988353729248,-0.03233546018600464,14.998028755187988,-0.0886429026722908,0.015025777742266655,0.0009872502414509654,0,1,-1000,50,0,2,-0.0118560204282403,-0.0006167187239043415,-0.0001637514214962721,0.0013913705479353666,63,3135,0.01992177963256836,12.312,28.79,15,6,10,1.21,831,0.005856603384017944,0.00019264902221038938,0.00977427139878273,1500,1500,1000,1500,1800,1000,1000,1800
1784593149.8534,16.4800,0.01999,50.01,825,583309,0.000,GUIDED,GUIDED,128,5.0,0.0,15.0,0.0,0.0,0.0,nan,nan,nan,nan,nan,nan,nan,nan,nan,nan,-0.02898116369541534,0.006032195752240455,0.0001996270554753489,0,0,5.185502529144287,-0.03218545392155647,14.998031616210938,-0.09036765247583389,0.01509959064424038,0.0010211921762675047,0,1,-1001,45,0,2,-0.010955946519970894,-0.0006024552276358008,-0.00016173699987120926,0.0014487666776403785,63,3135,0.0199129581451416,12.312,28.79,15,6,10,1.21,831,0.005856603384017944,0.00019264902221038938,0.00977427139878273,1500,1500,1000,1500,1800,1000,1000,1800
1784593149.8734,16.5001,0.02000,49.99,826,583329,0.000,GUIDED,GUIDED,128,5.0,0.0,15.0,0.0,0.0,0.0,nan,nan,nan,nan,nan,nan,nan,nan,nan,nan,-0.025349747170910736,0.006018937813104953,0.00023024510510604996,0,0,5.184250354766846,-0.03216380625963211,14.998021125793457,-0.09174130856990814,0.015094746835529804,0.0010095714824274182,0,1,-1001,45,1,2,-0.010037947446107864,-0.0005962926079519093,-0.0001579613599460572,0.0014268511440604925,63,3135,0.01992177963256836,12.312,28.79,15,6,10,1.21,831,0.005856603384017944,0.00019264902221038938,0.00977427139878273,1500,1500,1000,1500,1800,1000,1000,1800
1784593149.8938,16.5200,0.02036,49.11,827,583349,0.000,GUIDED,GUIDED,128,5.0,0.0,15.0,0.0,0.0,0.0,nan,nan,nan,nan,nan,nan,nan,nan,nan,nan,-0.021349619170941997,0.005668169630444982,0.0003758800072325905,0,0,5.182668209075928,-0.031990714371204376,14.998024940490723,-0.09313733130693436,0.0151973282918334,0.0009232867159880698,0,1,-1000,39,0,2,-0.009253987111151218,-0.0006006010808050632,-0.00015109835658222437,0.0013604380656033754,63,3135,0.019911766052246094,12.312,28.76,15,6,10,1.21,831,0.006424573715776205,0.00020031534950248897,0.007658895570784807,1500,1500,1000,1500,1800,1000,1000,1800
1784593149.9134,16.5401,0.01964,50.92,828,583369,0.000,GUIDED,GUIDED,128,5.0,0.0,15.0,0.0,0.0,0.0,nan,nan,nan,nan,nan,nan,nan,nan,nan,nan,-0.01795997279562528,0.005558195839143926,0.00046356234555314257,0,0,5.181214809417725,-0.03191462531685829,14.998016357421875,-0.0942552238702774,0.015216891653835773,0.0008776187314651906,0,2,-1000,40,1,2,-0.008394833654165268,-0.0005823330138809979,-0.00013926590327173471,0.0013718008995056152,63,3135,0.01955723762512207,12.312,28.76,15,6,10,1.21,831,0.006424573715776205,0.00020031534950248897,0.007658895570784807,1500,1500,1000,1500,1800,1000,1000,1800
1784593149.9334,16.5601,0.01996,50.10,829,583389,0.000,GUIDED,GUIDED,128,5.0,0.0,15.0,0.0,0.0,0.0,nan,nan,nan,nan,nan,nan,nan,nan,nan,nan,-0.014886096998068754,0.0054223607974875285,0.0005425551963772594,0,0,5.179778099060059,-0.03182671219110489,14.998008728027344,-0.09520044177770615,0.01524455938488245,0.0008364170207642019,0,2,-1000,37,0,2,-0.007675386033952236,-0.0005965286982245743,-0.00012615142622962594,0.0013624720741063356,63,3135,0.019893884658813477,12.312,28.76,15,6,10,1.21,831,0.006424573715776205,0.00020031534950248897,0.007658895570784807,1500,1500,1000,1500,1800,1000,1000,1800
1784593149.9534,16.5801,0.02004,49.90,830,583409,0.000,GUIDED,GUIDED,128,5.0,0.0,15.0,0.0,0.0,0.0,nan,nan,nan,nan,nan,nan,nan,nan,nan,nan,-0.011925463658990165,0.005292008575613599,0.0005527751186397854,0,0,5.178262233734131,-0.03174285590648651,14.998010635375977,-0.09603457897901535,0.015271403826773167,0.0008294153376482427,0,2,-1001,36,2,2,-0.006942737381905317,-0.0005668152589350939,-0.00011639075091807172,0.0013590430608019233,63,3135,0.019958972930908203,12.312,28.76,15,6,10,1.21,831,0.006424573715776205,0.00020031534950248897,0.007658895570784807,1500,1500,1000,1500,1800,1000,1000,1800
1784593149.9734,16.6001,0.01996,50.11,831,583429,0.000,GUIDED,GUIDED,128,5.0,0.0,15.0,0.0,0.0,0.0,nan,nan,nan,nan,nan,nan,nan,nan,nan,nan,-0.009869202641103164,0.005545324999839254,0.0006375734313203371,0,0,5.177079200744629,-0.031851161271333694,14.99799919128418,-0.0965387374162674,0.015187681652605534,0.0007870642584748566,0,2,-1000,33,-1,2,-0.006298139225691557,-0.0005920538096688688,-0.00012522526958491653,0.0013713284861296415,63,3135,0.01989150047302246,12.312,28.76,15,6,10,1.21,831,0.006424573715776205,0.00020031534950248897,0.007658895570784807,1500,1500,1000,1500,1800,1000,1000,1800
1784593149.9934,16.6201,0.02004,49.90,832,583449,0.000,GUIDED,GUIDED,128,5.0,0.0,15.0,0.0,0.0,0.0,nan,nan,nan,nan,nan,nan,nan,nan,nan,nan,-0.007223363265866839,0.0053479869216920516,0.0006937405740108161,0,0,5.175490379333496,-0.031739164143800735,14.998003005981445,-0.09714900702238083,0.015236953273415565,0.000752433727029711,0,2,-1000,30,2,2,-0.0056780315935611725,-0.0005511166527867317,-0.0001325112534686923,0.001334166619926691,63,3135,0.0199582576751709,12.312,28.76,15,6,10,1.21,831,0.006424573715776205,0.00020031534950248897,0.007658895570784807,1500,1500,1000,1500,1800,1000,1000,1800
1784593150.0134,16.6401,0.02000,49.99,833,583469,0.000,GUIDED,GUIDED,128,5.0,0.0,15.0,0.0,0.0,0.0,nan,nan,nan,nan,nan,nan,nan,nan,nan,nan,-0.005269567279628712,0.005485203896646751,0.0006830167132788471,0,0,5.174114227294922,-0.03177995979785919,14.99799633026123,-0.09748250991106033,0.0151812843978405,0.00076247937977314,0,2,-1001,30,-1,2,-0.00504641979932785,-0.0005873223417438567,-0.00013829748786520213,0.0012585713993757963,63,3135,0.01991891860961914,12.312,28.76,15,6,10,1.21,831,0.006424573715776205,0.00020031534950248897,0.007658895570784807,1500,1500,1000,1500,1800,1000,1000,1800
1784593150.0334,16.6600,0.01998,50.04,834,583489,0.000,GUIDED,GUIDED,128,5.0,0.0,15.0,0.0,0.0,0.0,nan,nan,nan,nan,nan,nan,nan,nan,nan,nan,-0.0034952370620818796,0.005571784624517493,0.0006571394487249859,0,0,5.172758102416992,-0.03180098906159401,14.997991561889648,-0.09772396087646484,0.01514343824237585,0.0007801726460456848,0,2,-1001,25,2,2,-0.0045271399430930614,-0.0005372484447434545,-0.00014328832912724465,0.0012879956047981977,63,3135,0.019902944564819336,12.312,28.76,15,6,10,1.21,831,0.006424573715776205,0.00020031534950248897,0.007658895570784807,1500,1500,1000,1500,1800,1000,1000,1800
1784593150.0534,16.6800,0.01994,50.14,835,583509,0.000,GUIDED,GUIDED,128,5.0,0.0,15.0,0.0,0.0,0.0,nan,nan,nan,nan,nan,nan,nan,nan,nan,nan,-0.0012597204334651169,0.005304658684216566,0.0007606430844889474,0,0,5.171081066131592,-0.031648870557546616,14.997994422912598,-0.09804639965295792,0.015209837816655636,0.0007187629817053676,0,2,-1000,27,0,1,-0.003988997545093298,-0.0005670823738910258,-0.000144101184559986,0.0012103712651878595,63,3135,0.019875526428222656,12.312,28.76,15,6,10,1.21,831,0.006424573715776205,0.00020031534950248897,0.007658895570784807,1500,1500,1000,1500,1800,1000,1000,1800
1784593150.0734,16.7000,0.02008,49.79,836,583529,0.000,GUIDED,GUIDED,128,5.0,0.0,15.0,0.0,0.0,0.0,nan,nan,nan,nan,nan,nan,nan,nan,nan,nan,0.0002804598435784955,0.005295427184235816,0.0007947058430715489,0,0,5.169643878936768,-0.031625911593437195,14.99798583984375,-0.09810586273670197,0.015201912261545658,0.0007040522759780288,0,2,-1000,21,1,1,-0.0035559572279453278,-0.0005282024503685534,-0.00014284854114521295,0.0011660638265311718,63,3135,0.020001649856567383,12.312,28.76,15,6,10,1.21,831,0.006424573715776205,0.00020031534950248897,0.007658895570784807,1500,1500,1000,1500,1800,1000,1000,1800
1784593150.0934,16.7201,0.01995,50.13,837,583549,0.000,GUIDED,GUIDED,128,5.0,0.0,15.0,0.0,0.0,0.0,nan,nan,nan,nan,nan,nan,nan,nan,nan,nan,0.0018039922077958126,0.005260319746772237,0.0008217341217914361,0,0,5.168158054351807,-0.0315748006105423,14.997979164123535,-0.09812763333320618,0.015192672610282898,0.0006923017208464444,0,2,-1000,24,0,2,-0.0030758539214730263,-0.0005606936174444854,-0.00013580564700532705,0.0012704618275165558,63,3135,0.019881248474121094,12.312,28.76,15,6,10,1.21,831,0.006424573715776205,0.00020031534950248897,0.007658895570784807,1500,1500,1000,1500,1800,1000,1000,1800
1784593150.1134,16.7400,0.01999,50.03,838,583569,0.000,GUIDED,GUIDED,128,5.0,0.0,15.0,0.0,0.0,0.0,nan,nan,nan,nan,nan,nan,nan,nan,nan,nan,0.0036719212929697542,0.004874864302599875,0.0008596279893213902,0,0,5.166417598724365,-0.031386688351631165,14.9979829788208,-0.09820123016834259,0.015306608751416206,0.0006682212697342038,0,2,-1001,19,1,2,-0.0026998647954314947,-0.0005233975243754685,-0.0001249753258889541,0.0013098036870360374,63,3135,0.019919633865356445,12.312,28.76,15,6,10,1.21,831,0.006424573715776205,0.00020031534950248897,0.007658895570784807,1500,1500,1000,1500,1800,1000,1000,1800
1784593150.1334,16.7600,0.02004,49.91,839,583589,0.000,GUIDED,GUIDED,128,5.0,0.0,15.0,0.0,0.0,0.0,nan,nan,nan,nan,nan,nan,nan,nan,nan,nan,0.005000188815202228,0.004760367636300614,0.0008286721571832,0,0,5.164872169494629,-0.03129718825221062,14.997979164123535,-0.09807585179805756,0.015321040526032448,0.0006882960442453623,0,2,-1001,20,-1,2,-0.0022827202919870615,-0.0005675800493918359,-0.0001113158868975006,0.0012504669139161706,63,3135,0.019955158233642578,12.312,28.76,15,6,10,1.21,831,0.006424573715776205,0.00020031534950248897,0.007658895570784807,1500,1500,1000,1500,1800,1000,1000,1800
1784593150.1538,16.7800,0.02036,49.12,840,583609,0.000,GUIDED,GUIDED,128,5.0,0.0,15.0,0.0,0.0,0.0,nan,nan,nan,nan,nan,nan,nan,nan,nan,nan,0.00628965389414568,0.00462695564147551,0.0007343694388956506,0,0,5.163299560546875,-0.031219739466905594,14.997979164123535,-0.09791237860918045,0.015353350900113583,0.0007427417440339923,0,2,-1001,16,1,2,-0.001959793735295534,-0.0005283557111397386,-0.0001069915306288749,0.001261079334653914,63,3135,0.020275592803955078,12.312,28.76,15,6,10,1.21,831,0.008332786150276661,0.00020611370564438403,0.005411560647189617,1500,1500,1000,1500,1800,1000,1000,1800
1784593150.1734,16.8000,0.01963,50.95,841,583629,0.000,GUIDED,GUIDED,128,5.0,0.0,15.0,0.0,0.0,0.0,nan,nan,nan,nan,nan,nan,nan,nan,nan,nan,0.0067785029282613485,0.004920751868751818,0.000710429480994722,0,0,5.1620707511901855,-0.03134193271398544,14.997965812683105,-0.09748516231775284,0.015254275873303413,0.0007642719428986311,0,2,-1001,17,-1,2,-0.0016041307244449854,-0.0005662748590111732,-0.00011672153050312772,0.0012279406655579805,63,3135,0.019547224044799805,12.312,28.76,15,6,10,1.21,831,0.008332786150276661,0.00020611370564438403,0.005411560647189617,1500,1500,1000,1500,1800,1000,1000,1800
1784593150.1934,16.8200,0.01999,50.02,842,583649,0.000,GUIDED,GUIDED,128,5.0,0.0,15.0,0.0,0.0,0.0,nan,nan,nan,nan,nan,nan,nan,nan,nan,nan,0.0073420732282198364,0.005157549605084626,0.0007915062138659382,0,0,5.160786151885986,-0.031426165252923965,14.997956275939941,-0.09706887602806091,0.015166192315518856,0.0007229683105833828,0,2,-1000,13,1,2,-0.0013378200819715858,-0.0005360398208722472,-0.00012355533544905484,0.0012751694303005934,63,3135,0.019912004470825195,12.312,28.76,15,6,10,1.21,831,0.008332786150276661,0.00020611370564438403,0.005411560647189617,1500,1500,1000,1500,1800,1000,1000,1800
1784593150.2134,16.8400,0.01997,50.09,843,583669,0.000,GUIDED,GUIDED,128,5.0,0.0,15.0,0.0,0.0,0.0,nan,nan,nan,nan,nan,nan,nan,nan,nan,nan,0.008489289517699394,0.00493505568545238,0.0009127989238615084,0,0,5.159156322479248,-0.03130333498120308,14.997958183288574,-0.09679023921489716,0.015223733149468899,0.0006518387235701084,0,2,-1000,15,0,2,-0.0010219891555607319,-0.000558726373128593,-0.00012801153934560716,0.0013179148081690073,63,3135,0.01990485191345215,12.312,28.76,15,6,10,1.21,831,0.008332786150276661,0.00020611370564438403,0.005411560647189617,1500,1500,1000,1500,1800,1000,1000,1800
1784593150.2334,16.8600,0.02002,49.95,844,583689,0.000,GUIDED,GUIDED,128,5.0,0.0,15.0,0.0,0.0,0.0,nan,nan,nan,nan,nan,nan,nan,nan,nan,nan,0.009008404229944839,0.005057196248217457,0.0008975372786335512,0,0,5.157805442810059,-0.03133789077401161,14.997949600219727,-0.09631001949310303,0.015173166058957577,0.0006656054756604135,0,2,-1001,11,1,2,-0.0008029235759750009,-0.0005232235416769981,-0.00013130462320987135,0.001284153200685978,63,3135,0.019954681396484375,12.312,28.76,15,6,10,1.21,831,0.008332786150276661,0.00020611370564438403,0.005411560647189617,1500,1500,1000,1500,1800,1000,1000,1800
1784593150.2534,16.8800,0.01998,50.06,845,583709,0.000,GUIDED,GUIDED,128,5.0,0.0,15.0,0.0,0.0,0.0,nan,nan,nan,nan,nan,nan,nan,nan,nan,nan,0.010019086838885388,0.004823694344426317,0.0008057223298312416,0,0,5.156155586242676,-0.031192146241664886,14.997950553894043,-0.09594099223613739,0.015223832800984383,0.0007180642569437623,0,2,-1001,13,0,2,-0.0005302892532199621,-0.0005366145633161068,-0.00012942634930368513,0.0012399968691170216,63,3135,0.019910097122192383,12.312,28.76,15,6,10,1.21,831,0.008332786150276661,0.00020611370564438403,0.005411560647189617,1500,1500,1000,1500,1800,1000,1000,1800
1784593150.2734,16.9000,0.02007,49.82,846,583729,0.000,GUIDED,GUIDED,128,5.0,0.0,15.0,0.0,0.0,0.0,nan,nan,nan,nan,nan,nan,nan,nan,nan,nan,0.010530088287290434,0.004850680873221984,0.000784913744614336,0,0,5.154749870300293,-0.03118177503347397,14.997941970825195,-0.09542442858219147,0.015202264301478863,0.0007350335363298655,0,2,-1001,10,0,2,-0.00034485600190237164,-0.000516143103595823,-0.00012486623018048704,0.0012757236836478114,63,3135,0.01999068260192871,12.312,28.76,15,6,10,1.21,831,0.008332786150276661,0.00020611370564438403,0.005411560647189617,1500,1500,1000,1500,1800,1000,1000,1800
1784593150.2934,16.9201,0.01996,50.09,847,583749,0.000,GUIDED,GUIDED,128,5.0,0.0,15.0,0.0,0.0,0.0,nan,nan,nan,nan,nan,nan,nan,nan,nan,nan,0.010987099109013715,0.004810283294156923,0.0007911743246591368,0,0,5.153307914733887,-0.0311423372477293,14.997934341430664,-0.09485577046871185,0.015202818438410759,0.0007358238217420876,0,2,-1001,11,1,2,-0.00011468849697848782,-0.0005144623573869467,-0.00011603135499171913,0.0013205894501879811,63,3135,0.019898176193237305,12.312,28.76,15,6,10,1.21,831,0.008332786150276661,0.00020611370564438403,0.005411560647189617,1500,1500,1000,1500,1800,1000,1000,1800
1784593150.3134,16.9400,0.02003,49.91,848,583769,0.000,GUIDED,GUIDED,128,5.0,0.0,15.0,0.0,0.0,0.0,nan,nan,nan,nan,nan,nan,nan,nan,nan,nan,0.011894441169472414,0.004525398553712277,0.000786444869066777,0,0,5.15162992477417,-0.030960092321038246,14.997939109802246,-0.09441083669662476,0.015262077562510967,0.000735801353584975,0,2,-1001,8,0,2,4.429590262589045e-05,-0.0004964795662090182,-0.00010413281415821984,0.0013017731253057718,63,3135,0.019954919815063477,12.312,28.76,15,6,10,1.21,831,0.008332786150276661,0.00020611370564438403,0.005411560647189617,1500,1500,1000,1500,1800,1000,1000,1800
1784593150.3334,16.9600,0.02000,50.01,849,583789,0.000,GUIDED,GUIDED,128,5.0,0.0,15.0,0.0,0.0,0.0,nan,nan,nan,nan,nan,nan,nan,nan,nan,nan,0.012389106662489713,0.004475327845749527,0.0007686171343251392,0,0,5.150148391723633,-0.030882250517606735,14.99793529510498,-0.0938410684466362,0.015246043913066387,0.0007482966175302863,0,2,-1001,9,1,2,0.00023694458650425076,-0.0004966240958310664,-8.913026977097616e-05,0.0012909813085570931,63,3135,0.01991724967956543,12.312,28.76,15,6,10,1.21,831,0.008332786150276661,0.00020611370564438403,0.005411560647189617,1500,1500,1000,1500,1800,1000,1000,1800
1784593150.3534,16.9800,0.02000,49.99,850,583809,0.000,GUIDED,GUIDED,128,5.0,0.0,15.0,0.0,0.0,0.0,nan,nan,nan,nan,nan,nan,nan,nan,nan,nan,0.012963864054171215,0.0043766955669378785,0.0008207417754753994,0,0,5.148583889007568,-0.030812794342637062,14.99793529510498,-0.09326963871717453,0.015262888744473457,0.0007182024419307709,0,2,-1000,8,0,2,0.00039108272176235914,-0.0004945956170558929,-8.061483094934374e-05,0.0013051650021225214,63,3135,0.019922971725463867,12.312,28.76,15,6,10,1.21,831,0.008332786150276661,0.00020611370564438403,0.005411560647189617,1500,1500,1000,1500,1800,1000,1000,1800
1784593150.3734,17.0000,0.02000,50.00,851,583829,0.000,GUIDED,GUIDED,128,5.0,0.0,15.0,0.0,0.0,0.0,nan,nan,nan,nan,nan,nan,nan,nan,nan,nan,0.012978875230496956,0.004701329804544543,0.0008044064966541576,0,0,5.147297382354736,-0.030948126688599586,14.997920989990234,-0.09253554046154022,0.015153595246374607,0.0007358926814049482,0,2,-1001,7,1,2,0.0005401134258136153,-0.00047616634401492774,-8.322080975631252e-05,0.0012820360716432333,63,3135,0.019919633865356445,12.312,28.76,15,6,10,1.21,831,0.008332786150276661,0.00020611370564438403,0.005411560647189617,1500,1500,1000,1500,1800,1000,1000,1800
1784593150.3937,17.0201,0.02024,49.40,852,583849,0.000,GUIDED,GUIDED,128,5.0,0.0,15.0,0.0,0.0,0.0,nan,nan,nan,nan,nan,nan,nan,nan,nan,nan,0.013015335228657055,0.004969270459993642,0.0008326295998220465,0,0,5.145973205566406,-0.031044872477650642,14.997910499572754,-0.09179207682609558,0.015054755844175816,0.0007256547105498612,0,2,-1001,7,0,1,0.0006805266602896154,-0.0004892348079010844,-8.601191802881658e-05,0.001183751504868269,63,3135,0.019900083541870117,12.312,28.76,15,6,10,1.21,831,0.005667388439178467,0.00020339427283033729,0.004887243267148733,1500,1500,1000,1500,1800,1000,1000,1800
1784593150.4134,17.0400,0.01976,50.61,853,583869,0.000,GUIDED,GUIDED,128,5.0,0.0,15.0,0.0,0.0,0.0,nan,nan,nan,nan,nan,nan,nan,nan,nan,nan,0.013552301229197206,0.00480264804402181,0.0007396408277781654,0,0,5.144384860992432,-0.030929075554013252,14.99791431427002,-0.091185063123703,0.0150840999558568,0.0007771393866278231,0,2,-1001,5,2,1,0.0007849256508052349,-0.00044258340494707227,-8.73222597874701e-05,0.001157519407570362,63,3135,0.019676923751831055,12.312,28.76,15,6,10,1.21,831,0.005667388439178467,0.00020339427283033729,0.004887243267148733,1500,1500,1000,1500,1800,1000,1000,1800
1784593150.4334,17.0601,0.02001,49.97,854,583889,0.000,GUIDED,GUIDED,128,5.0,0.0,15.0,0.0,0.0,0.0,nan,nan,nan,nan,nan,nan,nan,nan,nan,nan,0.013645605312667175,0.004988129014795551,0.0007912270814210626,0,0,5.143021106719971,-0.030975880101323128,14.997908592224121,-0.09045156836509705,0.015004035085439682,0.0007506596739403903,0,1,-1000,7,0,1,0.0009295663912780583,-0.0004644945147447288,-8.770733984420076e-05,0.0011109428014606237,63,3135,0.01992344856262207,12.312,28.76,15,6,10,1.21,831,0.005667388439178467,0.00020339427283033729,0.004887243267148733,1500,1500,1000,1500,1800,1000,1000,1800
1784593150.4534,17.0800,0.01999,50.02,855,583909,0.000,GUIDED,GUIDED,128,5.0,0.0,15.0,0.0,0.0,0.0,nan,nan,nan,nan,nan,nan,nan,nan,nan,nan,0.014116870497731943,0.0047558217071817545,0.0007423327080050054,0,0,5.141430854797363,-0.03083806484937668,14.997910499572754,-0.08980552107095718,0.015058590099215508,0.0007777876453474164,0,2,-1001,3,2,1,0.0009881131118163466,-0.00041140790563076735,-8.192371751647443e-05,0.0011520232073962688,63,3135,0.019908666610717773,12.312,28.76,15,6,10,1.21,831,0.005667388439178467,0.00020339427283033729,0.004887243267148733,1500,1500,1000,1500,1800,1000,1000,1800
1784593150.4734,17.1000,0.02000,50.00,856,583929,0.000,GUIDED,GUIDED,128,5.0,0.0,15.0,0.0,0.0,0.0,nan,nan,nan,nan,nan,nan,nan,nan,nan,nan,0.014233567438771827,0.004829601196569673,0.0006827676980695394,0,0,5.140035629272461,-0.030839217826724052,14.997902870178223,-0.08906736224889755,0.015016659162938595,0.0008165823528543115,0,1,-1001,6,-1,1,0.0011157445842400193,-0.00045087747275829315,-7.492813892895356e-05,0.0011085578007623553,63,3135,0.01991724967956543,12.312,28.76,15,6,10,1.21,831,0.005667388439178467,0.00020339427283033729,0.004887243267148733,1500,1500,1000,1500,1800,1000,1000,1800
1784593150.4934,17.1201,0.02001,49.99,857,583949,0.000,GUIDED,GUIDED,128,5.0,0.0,15.0,0.0,0.0,0.0,nan,nan,nan,nan,nan,nan,nan,nan,nan,nan,0.014351987437706298,0.004888288991438675,0.0005752190792539266,0,0,5.138616561889648,-0.03081129677593708,14.99789810180664,-0.0883164331316948,0.014966655522584915,0.0008814285974949598,0,2,-1001,2,2,1,0.0011568933259695768,-0.00040770432678982615,-6.468098581535742e-05,0.0011459433007985353,63,3135,0.019924402236938477,12.312,28.76,15,6,10,1.21,831,0.005667388439178467,0.00020339427283033729,0.004887243267148733,1500,1500,1000,1500,1800,1000,1000,1800
1784593150.5135,17.1400,0.02005,49.88,858,583969,0.000,GUIDED,GUIDED,128,5.0,0.0,15.0,0.0,0.0,0.0,nan,nan,nan,nan,nan,nan,nan,nan,nan,nan,0.014821309226890511,0.004605351923999915,0.0005840085020748676,0,0,5.137020587921143,-0.030637159943580627,14.997905731201172,-0.08766596019268036,0.01502947136759758,0.0008719491888768971,0,1,-1001,5,-1,1,0.0012688875431194901,-0.0004530315345618874,-5.228992085903883e-05,0.0011257394216954708,63,3135,0.019913196563720703,12.312,28.76,15,6,10,1.21,831,0.005667388439178467,0.00020339427283033729,0.004887243267148733,1500,1500,1000,1500,1800,1000,1000,1800
1784593150.5335,17.1600,0.01999,50.02,859,583989,0.000,GUIDED,GUIDED,128,5.0,0.0,15.0,0.0,0.0,0.0,nan,nan,nan,nan,nan,nan,nan,nan,nan,nan,0.014999308910002895,0.0045199604285538,0.0005373535039595464,0,0,5.135581016540527,-0.03057069331407547,14.997904777526855,-0.08693759143352509,0.015040397644042969,0.0008994360687211156,0,1,-1001,2,0,1,0.0012995076831430197,-0.00042660118197090924,-3.841038414975628e-05,0.0010666477028280497,63,3135,0.01990962028503418,12.312,28.76,15,6,10,1.21,831,0.005667388439178467,0.00020339427283033729,0.004887243267148733,1500,1500,1000,1500,1800,1000,1000,1800
1784593150.5534,17.1800,0.01996,50.11,860,584009,0.000,GUIDED,GUIDED,128,5.0,0.0,15.0,0.0,0.0,0.0,nan,nan,nan,nan,nan,nan,nan,nan,nan,nan,0.015192037430803551,0.004427539963310124,0.0004730010837657502,0,0,5.1341447830200195,-0.030514178797602654,14.997907638549805,-0.0862196534872055,0.015061127953231335,0.0009349381434731185,0,1,-1001,3,0,1,0.0013827160000801086,-0.00045995760592631996,-2.874554047593847e-05,0.0011247883085161448,63,3135,0.01987433433532715,12.312,28.76,15,6,10,1.21,831,0.005667388439178467,0.00020339427283033729,0.004887243267148733,1500,1500,1000,1500,1800,1000,1000,1800
1784593150.5735,17.2000,0.02003,49.93,861,584029,0.000,GUIDED,GUIDED,128,5.0,0.0,15.0,0.0,0.0,0.0,nan,nan,nan,nan,nan,nan,nan,nan,nan,nan,0.014896591696337197,0.004824292746817997,0.000493928144600623,0,0,5.132978439331055,-0.030670354142785072,14.997897148132324,-0.08537568897008896,0.014922230504453182,0.0009289125446230173,0,1,-1001,2,0,1,0.0014241174794733524,-0.00044240604620426893,-3.060512608499266e-05,0.0010792333632707596,63,3135,0.019936800003051758,12.312,28.76,15,6,10,1.21,831,0.005667388439178467,0.00020339427283033729,0.004887243267148733,1500,1500,1000,1500,1800,1000,1000,1800
1784593150.5934,17.2200,0.01997,50.08,862,584049,0.000,GUIDED,GUIDED,128,5.0,0.0,15.0,0.0,0.0,0.0,nan,nan,nan,nan,nan,nan,nan,nan,nan,nan,0.014633116021908948,0.005141813400964975,0.0005447678981817165,0,0,5.131777286529541,-0.030787145718932152,14.997889518737793,-0.08453008532524109,0.014806339517235756,0.0009039650321938097,0,1,-1001,2,0,1,0.001478363061323762,-0.0004437534953467548,-3.0727460398338735e-05,0.0011075746733695269,63,3135,0.019887685775756836,12.312,28.76,15,6,10,1.21,831,0.005667388439178467,0.00020339427283033729,0.004887243267148733,1500,1500,1000,1500,1800,1000,1000,1800
1784593150.6134,17.2400,0.02000,50.00,863,584069,0.000,GUIDED,GUIDED,128,5.0,0.0,15.0,0.0,0.0,0.0,nan,nan,nan,nan,nan,nan,nan,nan,nan,nan,0.014862601422438976,0.004958075169361916,0.0005840924209701338,0,0,5.130324840545654,-0.030683286488056183,14.997895240783691,-0.08382400870323181,0.01485245767980814,0.0008779573836363852,0,1,-1000,4,0,1,0.0015453026862815022,-0.0004454622103367001,-3.032479071407579e-05,0.001066823722794652,63,3135,0.019919395446777344,12.312,28.76,15,6,10,1.21,831,0.005667388439178467,0.00020339427283033729,0.004887243267148733,1500,1500,1000,1500,1800,1000,1000,1800
1784593150.6334,17.2601,0.02001,49.99,864,584089,0.000,GUIDED,GUIDED,128,5.0,0.0,15.0,0.0,0.0,0.0,nan,nan,nan,nan,nan,nan,nan,nan,nan,nan,0.014701286208694875,0.0051981850312978715,0.0005867687052421328,0,0,5.129089832305908,-0.030748486518859863,14.99789047241211,-0.08301784098148346,0.014751473441720009,0.0008791652508080006,0,1,-1001,0,1,1,0.0015496561536565423,-0.0004301331646274775,-2.8351745640975423e-05,0.0010512081207707524,63,3135,0.019924402236938477,12.312,28.76,15,6,10,1.21,831,0.005667388439178467,0.00020339427283033729,0.004887243267148733,1500,1500,1000,1500,1800,1000,1000,1800
1784593150.6538,17.2800,0.02035,49.13,865,584109,0.000,GUIDED,GUIDED,128,5.0,0.0,15.0,0.0,0.0,0.0,nan,nan,nan,nan,nan,nan,nan,nan,nan,nan,0.01495151279661236,0.0050059414542569305,0.0006429125038317325,0,0,5.1276397705078125,-0.03062218800187111,14.997886657714844,-0.08232511579990387,0.014789546839892864,0.0008489530300721526,0,1,-1000,4,0,1,0.0016306815668940544,-0.00044601797708310187,-2.230602149211336e-05,0.0010153820039704442,63,3135,0.02027273178100586,12.312,28.76,15,6,10,1.21,831,0.007232829928398132,0.0003886379417963326,0.0050744907930493355,1500,1500,1000,1500,1800,1000,1000,1800
1784593150.6734,17.3000,0.01964,50.91,866,584129,0.000,GUIDED,GUIDED,128,5.0,0.0,15.0,0.0,0.0,0.0,nan,nan,nan,nan,nan,nan,nan,nan,nan,nan,0.014852258292560622,0.00510043578244973,0.0005558602945007019,0,0,5.126377105712891,-0.0306408554315567,14.99786376953125,-0.08153881132602692,0.014745768159627914,0.0009124271455220878,0,1,-1001,0,1,1,0.0016142599051818252,-0.0004156093636993319,-1.4927871234249324e-05,0.0010092006996273994,63,3135,0.019560575485229492,12.312,28.76,15,6,10,1.21,831,0.007232829928398132,0.0003886379417963326,0.0050744907930493355,1500,1500,1000,1500,1800,1000,1000,1800
1784593150.6934,17.3201,0.01997,50.08,867,584149,0.000,GUIDED,GUIDED,128,5.0,0.0,15.0,0.0,0.0,0.0,nan,nan,nan,nan,nan,nan,nan,nan,nan,nan,0.014741489097296001,0.005153219907005031,0.0005152434774071775,0,0,5.125092506408691,-0.030629564076662064,14.997845649719238,-0.08073319494724274,0.014708774164319038,0.0009463387541472912,0,1,-1001,2,-1,1,0.0016767022898420691,-0.00044559029629454017,-5.378405148803722e-06,0.001000407850369811,63,3135,0.01990056037902832,12.312,28.76,15,6,10,1.21,831,0.007232829928398132,0.0003886379417963326,0.0050744907930493355,1500,1500,1000,1500,1800,1000,1000,1800
1784593150.7134,17.3400,0.02003,49.92,868,584169,0.000,GUIDED,GUIDED,128,5.0,0.0,15.0,0.0,0.0,0.0,nan,nan,nan,nan,nan,nan,nan,nan,nan,nan,0.014976770025614733,0.004864258118311909,0.00045221309185732397,0,0,5.123641014099121,-0.030465759336948395,14.997848510742188,-0.08003101497888565,0.014781033620238304,0.0009810775518417358,0,1,-1001,0,1,1,0.001666545053012669,-0.0004203751450404525,6.247567398531828e-06,0.0009875837713479996,63,3135,0.019951343536376953,12.312,28.76,15,6,10,1.21,831,0.007232829928398132,0.0003886379417963326,0.0050744907930493355,1500,1500,1000,1500,1800,1000,1000,1800
1784593150.7334,17.3600,0.02000,50.00,869,584189,0.000,GUIDED,GUIDED,128,5.0,0.0,15.0,0.0,0.0,0.0,nan,nan,nan,nan,nan,nan,nan,nan,nan,nan,0.014958286356377914,0.0048236346259548195,0.0004780862755340441,0,0,5.122339725494385,-0.03041481040418148,14.997836112976074,-0.07926904410123825,0.01477507222443819,0.0009732975158840418,0,1,-1001,0,-1,1,0.0016856469446793199,-0.00045112252701073885,2.0615358153008856e-05,0.0010074438760057092,63,3135,0.019917726516723633,12.312,28.76,15,6,10,1.21,831,0.007232829928398132,0.0003886379417963326,0.0050744907930493355,1500,1500,1000,1500,1800,1000,1000,1800
1784593150.7534,17.3800,0.01996,50.11,870,584209,0.000,GUIDED,GUIDED,128,5.0,0.0,15.0,0.0,0.0,0.0,nan,nan,nan,nan,nan,nan,nan,nan,nan,nan,0.01507068365399522,0.004784130180253341,0.0004396789226973716,0,0,5.120981216430664,-0.03036678396165371,14.99782657623291,-0.07854960113763809,0.014770152047276497,0.0010009780526161194,0,1,-1001,0,1,1,0.0016767265042290092,-0.0004247583856340498,3.061356255784631e-05,0.0009226886322721839,63,3135,0.01988840103149414,12.312,28.76,15,6,10,1.21,831,0.007232829928398132,0.0003886379417963326,0.0050744907930493355,1500,1500,1000,1500,1800,1000,1000,1800
1784593150.7734,17.4000,0.01997,50.08,871,584229,0.000,GUIDED,GUIDED,128,5.0,0.0,15.0,0.0,0.0,0.0,nan,nan,nan,nan,nan,nan,nan,nan,nan,nan,0.014775950134391647,0.005190125295152191,0.00044716400450874137,0,0,5.119826316833496,-0.03053506650030613,14.99779224395752,-0.07771265506744385,0.014632908627390862,0.0010164782870560884,0,1,-1001,0,-1,1,0.0016968422569334507,-0.00045294789015315473,3.248578286729753e-05,0.0009049070649780333,63,3135,0.019910097122192383,12.312,28.76,15,6,10,1.21,831,0.007232829928398132,0.0003886379417963326,0.0050744907930493355,1500,1500,1000,1500,1800,1000,1000,1800
1784593150.7934,17.4200,0.02001,49.97,872,584249,0.000,GUIDED,GUIDED,128,5.0,0.0,15.0,0.0,0.0,0.0,nan,nan,nan,nan,nan,nan,nan,nan,nan,nan,0.014550650435209034,0.005485198183089478,0.0005243286160776012,0,0,5.11864709854126,-0.03066323697566986,14.997762680053711,-0.07690175622701645,0.014536547474563122,0.0009889960056170821,0,1,-1001,0,1,1,0.001683627488091588,-0.00042488420149311423,3.4718683309620246e-05,0.0008875392959453166,63,3135,0.019948482513427734,12.312,28.76,15,6,10,1.21,831,0.007232829928398132,0.0003886379417963326,0.0050744907930493355,1500,1500,1000,1500,1800,1000,1000,1800
1784593150.8133,17.4400,0.01998,50.05,873,584269,0.000,GUIDED,GUIDED,128,5.0,0.0,15.0,0.0,0.0,0.0,nan,nan,nan,nan,nan,nan,nan,nan,nan,nan,0.014745079606472977,0.0052891232582685695,0.0005830862383672585,0,0,5.11728572845459,-0.0305674709379673,14.997758865356445,-0.07622802257537842,0.01459446083754301,0.0009572746930643916,0,1,-1000,0,-1,1,0.0016901141498237848,-0.0004541318630799651,3.788738467846997e-05,0.0008803089731372893,63,3135,0.01992344856262207,12.312,28.76,15,6,10,1.21,831,0.007232829928398132,0.0003886379417963326,0.0050744907930493355,1500,1500,1000,1500,1800,1000,1000,1800
1784593150.8333,17.4600,0.01999,50.02,874,584289,0.000,GUIDED,GUIDED,128,5.0,0.0,15.0,0.0,0.0,0.0,nan,nan,nan,nan,nan,nan,nan,nan,nan,nan,0.014612937839799944,0.005473909331796603,0.000539604713855724,0,0,5.116086006164551,-0.030642416328191757,14.997735977172852,-0.0754590705037117,0.014531044289469719,0.0009955932619050145,0,1,-1001,2,2,1,0.0017281980253756046,-0.0004149863088969141,4.206814264762215e-05,0.0008464293787255883,63,3135,0.019936323165893555,12.312,28.76,15,6,10,1.21,831,0.007232829928398132,0.0003886379417963326,0.0050744907930493355,1500,1500,1000,1500,1800,1000,1000,1800
1784593150.8533,17.4800,0.02000,49.99,875,584309,0.000,GUIDED,GUIDED,128,5.0,0.0,15.0,0.0,0.0,0.0,nan,nan,nan,nan,nan,nan,nan,nan,nan,nan,0.01481309278840734,0.005283166549030396,0.0005151677980366014,0,0,5.114731311798096,-0.030522648245096207,14.997726440429688,-0.07479249686002731,0.014572021551430225,0.001015207963064313,0,1,-1001,-2,-1,1,0.0016802070895209908,-0.00046225261758081615,5.049805622547865e-05,0.0008209850057028234,63,3135,0.019946813583374023,12.312,28.76,15,6,10,1.21,831,0.007232829928398132,0.0003886379417963326,0.0050744907930493355,1500,1500,1000,1500,1800,1000,1000,1800
1784593150.8733,17.5000,0.01999,50.01,876,584329,0.000,GUIDED,GUIDED,128,5.0,0.0,15.0,0.0,0.0,0.0,nan,nan,nan,nan,nan,nan,nan,nan,nan,nan,0.0147905683127168,0.00536112841113456,0.0005094676182904247,0,0,5.113515377044678,-0.03054993785917759,14.997692108154297,-0.07407747209072113,0.01454276591539383,0.001038320711813867,0,1,-1001,1,1,1,0.0017182130832225084,-0.00042564363684505224,5.8084173360839486e-05,0.00073300173971802,63,3135,0.01994156837463379,12.312,28.76,15,6,10,1.21,831,0.007232829928398132,0.0003886379417963326,0.0050744907930493355,1500,1500,1000,1500,1800,1000,1000,1800
1784593150.8936,17.5200,0.02032,49.22,877,584349,0.000,GUIDED,GUIDED,128,5.0,0.0,15.0,0.0,0.0,0.0,nan,nan,nan,nan,nan,nan,nan,nan,nan,nan,0.014766125718543743,0.005399651389018972,0.00048430401554674105,0,0,5.112283706665039,-0.030546534806489944,14.997663497924805,-0.07335225492715836,0.014518559910356998,0.001069367048330605,0,1,-1001,0,-1,1,0.001698456471785903,-0.0004651692579500377,6.777526141377166e-05,0.0007669738261029124,63,3135,0.019964218139648438,12.312,28.76,15,6,10,1.21,831,0.00460807653144002,0.0003566916275303811,0.00491356523707509,1500,1500,1000,1500,1800,1000,1000,1800
1784593150.9134,17.5400,0.01971,50.73,878,584369,0.000,GUIDED,GUIDED,128,5.0,0.0,15.0,0.0,0.0,0.0,nan,nan,nan,nan,nan,nan,nan,nan,nan,nan,0.014983206517417996,0.005086332643235242,0.00037239930344339,0,0,5.110934734344482,-0.030388202518224716,14.997662544250488,-0.07269875705242157,0.014608041383326054,0.0011345258681103587,0,1,-1001,2,2,1,0.001741071231663227,-0.0004216046363580972,7.933771121315658e-05,0.0007572317845188081,63,3135,0.019649267196655273,12.312,28.76,15,6,10,1.21,831,0.00460807653144002,0.0003566916275303811,0.00491356523707509,1500,1500,1000,1500,1800,1000,1000,1800
1784593150.9333,17.5600,0.01998,50.05,879,584389,0.000,GUIDED,GUIDED,128,5.0,0.0,15.0,0.0,0.0,0.0,nan,nan,nan,nan,nan,nan,nan,nan,nan,nan,0.015025727595685906,0.00503248159240895,0.000338708485370905,0,0,5.109694004058838,-0.030343417078256607,14.997642517089844,-0.07200697064399719,0.014613275416195393,0.0011655399575829506,0,1,-1001,0,-1,1,0.0017140209674835205,-0.0004613626515492797,9.35619609663263e-05,0.0008045232971198857,63,3135,0.019924163818359375,12.312,28.76,15,6,10,1.21,831,0.00460807653144002,0.0003566916275303811,0.00491356523707509,1500,1500,1000,1500,1800,1000,1000,1800
1784593150.9533,17.5800,0.02000,50.01,880,584409,0.000,GUIDED,GUIDED,128,5.0,0.0,15.0,0.0,0.0,0.0,nan,nan,nan,nan,nan,nan,nan,nan,nan,nan,0.015070432034208534,0.005008639053387963,0.00031978582139569013,0,0,5.10846471786499,-0.030304567888379097,14.997636795043945,-0.07132305204868317,0.014604611322283745,0.001179768587462604,0,1,-1001,1,1,1,0.0017514273058623075,-0.0004222486459184438,0.00010594377090455964,0.0008277544984593987,63,3135,0.019939422607421875,12.312,28.76,15,6,10,1.21,831,0.00460807653144002,0.0003566916275303811,0.00491356523707509,1500,1500,1000,1500,1800,1000,1000,1800
1784593150.9733,17.6000,0.02000,50.01,881,584429,0.000,GUIDED,GUIDED,128,5.0,0.0,15.0,0.0,0.0,0.0,nan,nan,nan,nan,nan,nan,nan,nan,nan,nan,0.014738698566403932,0.0054420660585032254,0.00027755456355449187,0,0,5.107423782348633,-0.030486825853586197,14.997607231140137,-0.07053054124116898,0.014459598809480667,0.0012212195433676243,0,1,-1001,-1,0,1,0.001703539746813476,-0.00045470905024558306,0.00011091418127762154,0.0008020877721719444,63,3135,0.019944190979003906,12.312,28.76,15,6,10,1.21,831,0.00460807653144002,0.0003566916275303811,0.00491356523707509,1500,1500,1000,1500,1800,1000,1000,1800
1784593150.9933,17.6200,0.02000,49.99,882,584449,0.000,GUIDED,GUIDED,128,5.0,0.0,15.0,0.0,0.0,0.0,nan,nan,nan,nan,nan,nan,nan,nan,nan,nan,0.01450057149927897,0.005752310433009972,0.0001252656767704004,0,0,5.106359958648682,-0.0306281466037035,14.997583389282227,-0.06977885961532593,0.014362070709466934,0.0013229086762294173,0,1,-1001,0,0,1,0.0017263763584196568,-0.000436117552453652,0.0001156525468104519,0.0007565005798824131,63,3135,0.01994776725769043,12.312,28.76,15,6,10,1.21,831,0.00460807653144002,0.0003566916275303811,0.00491356523707509,1500,1500,1000,1500,1800,1000,1000,1800
1784593151.0133,17.6400,0.02000,50.01,883,584469,0.000,GUIDED,GUIDED,128,5.0,0.0,15.0,0.0,0.0,0.0,nan,nan,nan,nan,nan,nan,nan,nan,nan,nan,0.01457512150424202,0.005616938290992114,0.00010365326580352632,0,0,5.105128288269043,-0.030540991574525833,14.997587203979492,-0.06911079585552216,0.014389908872544765,0.0013331841910257936,0,1,-1001,0,0,1,0.0016970040742307901,-0.000438658578786999,0.00011985626770183444,0.0007068014238029718,63,3135,0.019942045211791992,12.312,28.76,15,6,10,1.21,831,0.00460807653144002,0.0003566916275303811,0.00491356523707509,1500,1500,1000,1500,1800,1000,1000,1800
1784593151.0333,17.6600,0.02001,49.96,884,584489,0.000,GUIDED,GUIDED,128,5.0,0.0,15.0,0.0,0.0,0.0,nan,nan,nan,nan,nan,nan,nan,nan,nan,nan,0.014408500701259985,0.0058344804462918225,0.00015308009216031615,0,0,5.104045867919922,-0.03062904067337513,14.99757194519043,-0.0683896616101265,0.014315146021544933,0.001313457265496254,0,1,-1001,0,0,1,0.0017012704629451036,-0.00044030361459590495,0.0001247215986950323,0.0007027852116152644,63,3135,0.019958972930908203,12.312,28.76,15,6,10,1.21,831,0.00460807653144002,0.0003566916275303811,0.00491356523707509,1500,1500,1000,1500,1800,1000,1000,1800
1784593151.0533,17.6800,0.02000,50.00,885,584509,0.000,GUIDED,GUIDED,128,5.0,0.0,15.0,0.0,0.0,0.0,nan,nan,nan,nan,nan,nan,nan,nan,nan,nan,0.0145233232305636,0.005670772657297943,0.00018743208449300457,0,0,5.102821350097656,-0.030517781153321266,14.997570037841797,-0.06774897873401642,0.014345427043735981,0.0012947253417223692,0,1,-1001,0,0,1,0.001686577103100717,-0.0004406194493640214,0.00013312551891431212,0.0006323769339360297,63,3135,0.01994013786315918,12.312,28.76,15,6,10,1.21,831,0.00460807653144002,0.0003566916275303811,0.00491356523707509,1500,1500,1000,1500,1800,1000,1000,1800
1784593151.0733,17.7000,0.02000,50.00,886,584529,0.000,GUIDED,GUIDED,128,5.0,0.0,15.0,0.0,0.0,0.0,nan,nan,nan,nan,nan,nan,nan,nan,nan,nan,0.014409953541006493,0.005807423681822924,0.00022693187356222005,0,0,5.101724147796631,-0.03055790439248085,14.997543334960938,-0.06705005466938019,0.01428969670087099,0.0012873370433226228,0,1,-1001,-1,-1,1,0.001655271858908236,-0.00045886897714808583,0.00014343873772304505,0.0006838536937721074,63,3135,0.019945859909057617,12.312,28.76,15,6,10,1.21,831,0.00460807653144002,0.0003566916275303811,0.00491356523707509,1500,1500,1000,1500,1800,1000,1000,1800
1784593151.0933,17.7200,0.01999,50.03,887,584549,0.000,GUIDED,GUIDED,128,5.0,0.0,15.0,0.0,0.0,0.0,nan,nan,nan,nan,nan,nan,nan,nan,nan,nan,0.014333834952105898,0.005870398394497132,0.0001964567663875613,0,0,5.100613594055176,-0.03056694194674492,14.997523307800293,-0.06636492908000946,0.014258556067943573,0.0013164945412427187,0,1,-1001,0,1,1,0.001654361025430262,-0.00044757442083209753,0.0001526762789580971,0.0005998986307531595,63,3135,0.01993274688720703,12.312,28.76,15,6,10,1.21,831,0.00460807653144002,0.0003566916275303811,0.00491356523707509,1500,1500,1000,1500,1800,1000,1000,1800
1784593151.1134,17.7400,0.02004,49.90,888,584569,0.000,GUIDED,GUIDED,128,5.0,0.0,15.0,0.0,0.0,0.0,nan,nan,nan,nan,nan,nan,nan,nan,nan,nan,0.0145096009105221,0.005528641796846277,0.0001167517247667154,0,0,5.09939432144165,-0.030417094007134438,14.997528076171875,-0.065762460231781,0.014369354583323002,0.0013597592478618026,0,1,-1001,-1,-1,1,0.0016248909523710608,-0.00048122036969289184,0.00016414141282439232,0.0006344690918922424,63,3135,0.019974946975708008,12.312,28.76,15,6,10,1.21,831,0.00460807653144002,0.0003566916275303811,0.00491356523707509,1500,1500,1000,1500,1800,1000,1000,1800
1784593151.1334,17.7600,0.02005,49.87,889,584589,0.000,GUIDED,GUIDED,128,5.0,0.0,15.0,0.0,0.0,0.0,nan,nan,nan,nan,nan,nan,nan,nan,nan,nan,0.014521339479439704,0.005494725027628555,0.00010878325197400795,0,0,5.098275184631348,-0.030383864417672157,14.997514724731445,-0.06512310355901718,0.014369751326739788,0.0013720683054998517,0,1,-1001,1,2,1,0.0016542825615033507,-0.0004444846126716584,0.00017357784963678569,0.0004999827942810953,63,3135,0.01997065544128418,12.312,28.76,15,6,10,1.21,831,0.00460807653144002,0.0003566916275303811,0.00491356523707509,1500,1500,1000,1500,1800,1000,1000,1800
1784593151.1538,17.7800,0.02036,49.11,890,584609,0.000,GUIDED,GUIDED,128,5.0,0.0,15.0,0.0,0.0,0.0,nan,nan,nan,nan,nan,nan,nan,nan,nan,nan,0.01457475740953866,0.005443027802752538,5.64690718066951e-05,0,0,5.09714412689209,-0.030355805531144142,14.997514724731445,-0.06450092792510986,0.014383398927748203,0.0014022719115018845,0,1,-1001,-1,-1,1,0.0016196914948523045,-0.0004792518157046288,0.00018200959311798215,0.000435827299952507,63,3135,0.02028489112854004,12.312,28.76,15,6,10,1.21,831,0.004441708326339722,0.00033714616438373923,0.005374373868107796,1500,1500,1000,1500,1800,1000,1000,1800
1784593151.1734,17.8000,0.01964,50.92,891,584629,0.000,GUIDED,GUIDED,128,5.0,0.0,15.0,0.0,0.0,0.0,nan,nan,nan,nan,nan,nan,nan,nan,nan,nan,0.014341803551835744,0.005865647675341829,3.3428585599693146e-05,0,0,5.096165657043457,-0.030554503202438354,14.997489929199219,-0.06380151212215424,0.014254117384552956,0.0014298900496214628,0,1,-1001,2,2,1,0.0016584631521254778,-0.00043385516619309783,0.00018605291552376002,0.0004563390975818038,63,3135,0.01955580711364746,12.312,28.76,15,6,10,1.21,831,0.004441708326339722,0.00033714616438373923,0.005374373868107796,1500,1500,1000,1500,1800,1000,1000,1800
1784593151.1934,17.8200,0.02000,50.01,892,584649,0.000,GUIDED,GUIDED,128,5.0,0.0,15.0,0.0,0.0,0.0,nan,nan,nan,nan,nan,nan,nan,nan,nan,nan,0.014151773141116139,0.006213823262361976,4.439786748804955e-05,0,0,5.095169544219971,-0.03071136213839054,14.99747085571289,-0.06311669200658798,0.01414366066455841,0.001434569014236331,0,1,-1001,-1,-1,1,0.0016172975301742554,-0.00047230333439074457,0.00018958246801048517,0.0004268269403837621,63,3135,0.01991724967956543,12.312,28.76,15,6,10,1.21,831,0.004441708326339722,0.00033714616438373923,0.005374373868107796,1500,1500,1000,1500,1800,1000,1000,1800
1784593151.2134,17.8401,0.02000,50.00,893,584669,0.000,GUIDED,GUIDED,128,5.0,0.0,15.0,0.0,0.0,0.0,nan,nan,nan,nan,nan,nan,nan,nan,nan,nan,0.014230381849710871,0.006066874852180784,1.2772965148755925e-05,0,0,5.094038963317871,-0.03063368983566761,14.997477531433105,-0.06250933557748795,0.014183657243847847,0.0014489734312519431,0,1,-1001,1,2,1,0.0016566772246733308,-0.00042770514846779406,0.00019310484640300274,0.00042342121014371514,63,3135,0.019922256469726562,12.312,28.76,15,6,10,1.21,831,0.004441708326339722,0.00033714616438373923,0.005374373868107796,1500,1500,1000,1500,1800,1000,1000,1800
1784593151.2334,17.8600,0.01995,50.13,894,584689,0.000,GUIDED,GUIDED,128,5.0,0.0,15.0,0.0,0.0,0.0,nan,nan,nan,nan,nan,nan,nan,nan,nan,nan,0.014118987542529007,0.006326222243460248,-3.862359597193391e-05,0,0,5.093029022216797,-0.030735911801457405,14.997466087341309,-0.06186193227767944,0.014092940837144852,0.001485254499129951,0,1,-1001,-1,-1,1,0.0016157374484464526,-0.0004616870719473809,0.00019706414605025202,0.00040259171510115266,63,3135,0.019881010055541992,12.312,28.76,15,6,10,1.21,831,0.004441708326339722,0.00033714616438373923,0.005374373868107796,1500,1500,1000,1500,1800,1000,1000,1800
1784593151.2534,17.8800,0.02002,49.96,895,584709,0.000,GUIDED,GUIDED,128,5.0,0.0,15.0,0.0,0.0,0.0,nan,nan,nan,nan,nan,nan,nan,nan,nan,nan,0.014224372290819035,0.006181960315418327,-0.00016517488864179744,0,0,5.091907024383545,-0.030633995309472084,14.997469902038574,-0.06127499043941498,0.014117388986051083,0.0015561165055260062,0,1,-1001,1,1,1,0.0016420469619333744,-0.0004296553961466998,0.00020342748030088842,0.00029763259226456285,63,3135,0.019938945770263672,12.312,28.76,15,6,10,1.21,831,0.004441708326339722,0.00033714616438373923,0.005374373868107796,1500,1500,1000,1500,1800,1000,1000,1800
1784593151.2734,17.9000,0.02004,49.91,896,584729,0.000,GUIDED,GUIDED,128,5.0,0.0,15.0,0.0,0.0,0.0,nan,nan,nan,nan,nan,nan,nan,nan,nan,nan,0.014172094267611235,0.006303990716311575,-0.00028680347361297693,0,0,5.090887069702148,-0.03068753518164158,14.997450828552246,-0.06065593659877777,0.014077845960855484,0.0016373508842661977,0,1,-1001,-1,-1,1,0.0016066893003880978,-0.0004641979467123747,0.00020954568753950298,0.0002577992854639888,63,3135,0.01995563507080078,12.312,28.76,15,6,10,1.21,831,0.004441708326339722,0.00033714616438373923,0.005374373868107796,1500,1500,1000,1500,1800,1000,1000,1800
1784593151.2934,17.9200,0.01999,50.02,897,584749,0.000,GUIDED,GUIDED,128,5.0,0.0,15.0,0.0,0.0,0.0,nan,nan,nan,nan,nan,nan,nan,nan,nan,nan,0.01415520516317162,0.006361764634858991,-0.00023334510401400903,0,0,5.089855670928955,-0.030709093436598778,14.997438430786133,-0.060050707310438156,0.014056936837732792,0.001613644533790648,0,1,-1001,1,1,1,0.0016376228304579854,-0.00043082371121272445,0.00021622717031277716,0.000295997248031199,63,3135,0.01991128921508789,12.312,28.76,15,6,10,1.21,831,0.004441708326339722,0.00033714616438373923,0.005374373868107796,1500,1500,1000,1500,1800,1000,1000,1800
1784593151.3134,17.9401,0.02001,49.97,898,584769,0.000,GUIDED,GUIDED,128,5.0,0.0,15.0,0.0,0.0,0.0,nan,nan,nan,nan,nan,nan,nan,nan,nan,nan,0.014292041375987719,0.0060472123250040685,-0.0003589608456541142,0,0,5.088740348815918,-0.030567476525902748,14.99744987487793,-0.0594857782125473,0.014156781136989594,0.0016795615665614605,0,1,-1001,-1,-1,1,0.001600505318492651,-0.0004753281536977738,0.00022348458878695965,0.00030188768869265914,63,3135,0.019930124282836914,12.312,28.76,15,6,10,1.21,831,0.004441708326339722,0.00033714616438373923,0.005374373868107796,1500,1500,1000,1500,1800,1000,1000,1800
1784593151.3334,17.9600,0.01996,50.09,899,584789,0.000,GUIDED,GUIDED,128,5.0,0.0,15.0,0.0,0.0,0.0,nan,nan,nan,nan,nan,nan,nan,nan,nan,nan,0.014246220439204135,0.006040926989576343,-0.00030993041406906846,0,0,5.087704658508301,-0.03054606355726719,14.997443199157715,-0.05886136740446091,0.01414804719388485,0.0016551080625504255,0,1,-1001,1,0,1,0.0016312554944306612,-0.00045040444820187986,0.00023240206064656377,0.0003231302252970636,63,3135,0.019896507263183594,12.312,28.76,15,6,10,1.21,831,0.004441708326339722,0.00033714616438373923,0.005374373868107796,1500,1500,1000,1500,1800,1000,1000,1800
1784593151.3534,17.9800,0.02000,50.00,900,584809,0.000,GUIDED,GUIDED,128,5.0,0.0,15.0,0.0,0.0,0.0,nan,nan,nan,nan,nan,nan,nan,nan,nan,nan,0.014265608387176734,0.00601185595421657,-0.0003941023876019474,0,0,5.08669376373291,-0.030523549765348434,14.99744987487793,-0.05828892067074776,0.014151833020150661,0.0016998505452647805,0,1,-1001,-1,0,1,0.0015846001915633678,-0.00048320693895220757,0.00024192566343117505,0.0002820385852828622,63,3135,0.019932270050048828,12.312,28.76,15,6,10,1.21,831,0.004441708326339722,0.00033714616438373923,0.005374373868107796,1500,1500,1000,1500,1800,1000,1000,1800
1784593151.3734,18.0000,0.02000,50.00,901,584829,0.000,GUIDED,GUIDED,128,5.0,0.0,15.0,0.0,0.0,0.0,nan,nan,nan,nan,nan,nan,nan,nan,nan,nan,0.01396444046785858,0.006455454253029083,-0.0003052645601416019,0,0,5.085831165313721,-0.030728569254279137,14.997431755065918,-0.05761701986193657,0.014014089480042458,0.0016590214800089598,0,1,-1001,1,0,1,0.001620180904865265,-0.0004650926566682756,0.00024722173111513257,0.00023824174422770739,63,3135,0.019933462142944336,12.312,28.76,15,6,10,1.21,831,0.004441708326339722,0.00033714616438373923,0.005374373868107796,1500,1500,1000,1500,1800,1000,1000,1800
1784593151.3936,18.0200,0.02025,49.39,902,584849,0.000,GUIDED,GUIDED,128,5.0,0.0,15.0,0.0,0.0,0.0,nan,nan,nan,nan,nan,nan,nan,nan,nan,nan,0.013751220147532384,0.006801805931809891,-0.00035279587491077527,0,0,5.0849504470825195,-0.030891813337802887,14.997418403625488,-0.056985434144735336,0.01390837226063013,0.0016941721551120281,0,1,-1001,0,0,0,0.0015933307586237788,-0.00048259078175760806,0.00025113584706559777,0.0001916576293297112,63,3135,0.01990485191345215,12.312,28.76,15,6,10,1.21,831,0.004761587828397751,0.0003312084299977869,0.005374639295041561,1500,1500,1000,1500,1800,1000,1000,1800
1784593151.4134,18.0400,0.01976,50.61,903,584869,0.000,GUIDED,GUIDED,128,5.0,0.0,15.0,0.0,0.0,0.0,nan,nan,nan,nan,nan,nan,nan,nan,nan,nan,0.013829052583164025,0.006696187218581513,-0.00033181951947803623,0,0,5.0839385986328125,-0.030820032581686974,14.997429847717285,-0.05644617974758148,0.01392790861427784,0.0016754542011767626,0,1,-1001,0,0,0,0.0016003481578081846,-0.0004804322961717844,0.00025584042305126786,0.00023343547945842147,63,3135,0.019681930541992188,12.312,28.76,15,6,10,1.21,831,0.004761587828397751,0.0003312084299977869,0.005374639295041561,1500,1500,1000,1500,1800,1000,1000,1800
1784593151.4334,18.0600,0.01999,50.02,904,584889,0.000,GUIDED,GUIDED,128,5.0,0.0,15.0,0.0,0.0,0.0,nan,nan,nan,nan,nan,nan,nan,nan,nan,nan,0.013611697080903179,0.006928547522386218,-0.0002462296327878015,0,0,5.083044052124023,-0.030928684398531914,14.99742317199707,-0.05580422282218933,0.013856485486030579,0.0016298930859193206,0,1,-1000,0,0,0,0.0016038985922932625,-0.00048036634689196944,0.0002601987507659942,0.00023489713203161955,63,3135,0.019924163818359375,12.312,28.76,15,6,10,1.21,831,0.004761587828397751,0.0003312084299977869,0.005374639295041561,1500,1500,1000,1500,1800,1000,1000,1800
1784593151.4534,18.0800,0.02004,49.91,905,584909,0.000,GUIDED,GUIDED,128,5.0,0.0,15.0,0.0,0.0,0.0,nan,nan,nan,nan,nan,nan,nan,nan,nan,nan,0.013683319648258932,0.00672231929983853,-0.0003133026974490769,0,0,5.082039833068848,-0.030831795185804367,14.997430801391602,-0.05526578798890114,0.013919612392783165,0.00166421290487051,0,1,-1001,-2,-1,0,0.0015615042066201568,-0.0005120226414874196,0.0002669073292054236,9.709218284115195e-05,63,3135,0.01995563507080078,12.312,28.76,15,6,10,1.21,831,0.004761587828397751,0.0003312084299977869,0.005374639295041561,1500,1500,1000,1500,1800,1000,1000,1800
1784593151.4734,18.1000,0.02000,50.00,906,584929,0.000,GUIDED,GUIDED,128,5.0,0.0,15.0,0.0,0.0,0.0,nan,nan,nan,nan,nan,nan,nan,nan,nan,nan,0.013542404462824786,0.006870927124249363,-0.00033535587371691595,0,0,5.081134796142578,-0.030890729278326035,14.997415542602539,-0.05466190725564957,0.013867839239537716,0.0016857549780979753,0,1,-1001,0,1,0,0.0015625156229361892,-0.0004989022272638977,0.000272829900495708,8.798547787591815e-05,63,3135,0.019919633865356445,12.312,28.76,15,6,10,1.21,831,0.004761587828397751,0.0003312084299977869,0.005374639295041561,1500,1500,1000,1500,1800,1000,1000,1800
1784593151.4934,18.1201,0.02000,49.99,907,584949,0.000,GUIDED,GUIDED,128,5.0,0.0,15.0,0.0,0.0,0.0,nan,nan,nan,nan,nan,nan,nan,nan,nan,nan,0.01352210848286485,0.006886093457616798,-0.00029290272556929025,0,0,5.08021879196167,-0.030917374417185783,14.997405052185059,-0.05412133410573006,0.01387446653097868,0.0016673012869432569,0,0,-1001,-1,-2,0,0.001520063728094101,-0.0005459109670482576,0.00027983702602796257,0.00011755898594856262,63,3135,0.019922494888305664,12.312,28.76,15,6,10,1.21,831,0.004761587828397751,0.0003312084299977869,0.005374639295041561,1500,1500,1000,1500,1800,1000,1000,1800
1784593151.5134,18.1400,0.02000,49.99,908,584969,0.000,GUIDED,GUIDED,128,5.0,0.0,15.0,0.0,0.0,0.0,nan,nan,nan,nan,nan,nan,nan,nan,nan,nan,0.013673321892415144,0.006589439243944933,-0.0003531819403622843,0,0,5.079219818115234,-0.030779989436268806,14.997419357299805,-0.05363187938928604,0.013966420665383339,0.0016938444459810853,0,0,-1001,1,1,0,0.0015489079523831606,-0.0005240549799054861,0.0002851933822967112,7.297639967873693e-05,63,3135,0.01989436149597168,12.312,28.76,15,6,10,1.21,831,0.004761587828397751,0.0003312084299977869,0.005374639295041561,1500,1500,1000,1500,1800,1000,1000,1800
1784593151.5335,18.1601,0.02004,49.91,909,584989,0.000,GUIDED,GUIDED,128,5.0,0.0,15.0,0.0,0.0,0.0,nan,nan,nan,nan,nan,nan,nan,nan,nan,nan,0.01368931165987873,0.006555058562522611,-0.0003750532077405884,0,0,5.078297138214111,-0.03076324798166752,14.997415542602539,-0.05310840159654617,0.01397660467773676,0.001708674244582653,0,1,-1001,-1,-1,0,0.0015160352922976017,-0.0005655993008986115,0.0002914220676757395,8.236803114414215e-05,63,3135,0.01995539665222168,12.312,28.76,15,6,10,1.21,831,0.004761587828397751,0.0003312084299977869,0.005374639295041561,1500,1500,1000,1500,1800,1000,1000,1800
1784593151.5534,18.1800,0.01996,50.11,910,585009,0.000,GUIDED,GUIDED,128,5.0,0.0,15.0,0.0,0.0,0.0,nan,nan,nan,nan,nan,nan,nan,nan,nan,nan,0.013615929607740648,0.006502230522263421,-0.000456322946416364,0,0,5.077408313751221,-0.030747385695576668,14.99742317199707,-0.05255287140607834,0.013997946865856647,0.0017511905170977116,0,1,-1001,2,1,0,0.0015567209338769317,-0.0005410058074630797,0.00030026884633116424,5.2485731430351734e-05,63,3135,0.01987433433532715,12.312,28.76,15,6,10,1.21,831,0.004761587828397751,0.0003312084299977869,0.005374639295041561,1500,1500,1000,1500,1800,1000,1000,1800
1784593151.5734,18.2000,0.02000,49.99,911,585029,0.000,GUIDED,GUIDED,128,5.0,0.0,15.0,0.0,0.0,0.0,nan,nan,nan,nan,nan,nan,nan,nan,nan,nan,0.013223148047633332,0.0069358079334636315,-0.0005267714209909184,0,0,5.076716899871826,-0.030972931534051895,14.997406005859375,-0.05192691087722778,0.013877839781343937,0.001801774837076664,0,1,-1001,-2,-2,0,0.0015029988717287779,-0.000588162976782769,0.0003062995383515954,4.016607999801636e-05,63,3135,0.019921541213989258,12.312,28.76,15,6,10,1.21,831,0.004761587828397751,0.0003312084299977869,0.005374639295041561,1500,1500,1000,1500,1800,1000,1000,1800
1784593151.5934,18.2201,0.02000,50.01,912,585049,0.000,GUIDED,GUIDED,128,5.0,0.0,15.0,0.0,0.0,0.0,nan,nan,nan,nan,nan,nan,nan,nan,nan,nan,0.012921951160807035,0.007287681437594611,-0.0004494149962411182,0,0,5.075962543487549,-0.031144147738814354,14.997396469116211,-0.0513174869120121,0.013773537240922451,0.0017626191256567836,0,0,-1000,1,1,0,0.001538038020953536,-0.0005472056218422949,0.0003106911026407033,-1.5330500900745392e-05,63,3135,0.019915342330932617,12.312,28.76,15,6,10,1.21,831,0.004761587828397751,0.0003312084299977869,0.005374639295041561,1500,1500,1000,1500,1800,1000,1000,1800
1784593151.6134,18.2400,0.01995,50.12,913,585069,0.000,GUIDED,GUIDED,128,5.0,0.0,15.0,0.0,0.0,0.0,nan,nan,nan,nan,nan,nan,nan,nan,nan,nan,0.012919598374126512,0.007122384016563014,-0.0004285479900634696,0,0,5.075069904327393,-0.031077347695827484,14.99740982055664,-0.050800763070583344,0.013830404728651047,0.0017428630962967873,0,0,-1000,0,-1,0,0.001514972303994,-0.0005955392844043672,0.00031575842876918614,9.968120139092207e-06,63,3135,0.019884586334228516,12.312,28.76,15,6,10,1.21,831,0.004761587828397751,0.0003312084299977869,0.005374639295041561,1500,1500,1000,1500,1800,1000,1000,1800
1784593151.6334,18.2600,0.02005,49.87,914,585089,0.000,GUIDED,GUIDED,128,5.0,0.0,15.0,0.0,0.0,0.0,nan,nan,nan,nan,nan,nan,nan,nan,nan,nan,0.012672025559755232,0.007322576025412399,-0.0004201449053735742,0,0,5.0742998123168945,-0.031192682683467865,14.997405052185059,-0.05021321401000023,0.0137814125046134,0.001740764593705535,0,1,-1001,-1,0,0,0.001499488833360374,-0.0005717214662581682,0.00031935505103319883,-2.6723777409642935e-05,63,3135,0.01996469497680664,12.312,28.76,15,6,10,1.21,831,0.004761587828397751,0.0003312084299977869,0.005374639295041561,1500,1500,1000,1500,1800,1000,1000,1800
1784593151.6536,18.2800,0.02021,49.49,915,585109,0.000,GUIDED,GUIDED,128,5.0,0.0,15.0,0.0,0.0,0.0,nan,nan,nan,nan,nan,nan,nan,nan,nan,nan,0.012697257975040996,0.007116951980129821,-0.00048307599946489834,0,0,5.073412895202637,-0.03109949640929699,14.997414588928223,-0.04971572011709213,0.013846328482031822,0.0017715918365865946,0,0,-1001,1,-1,0,0.0015130980173125863,-0.0006092518451623619,0.0003265361883677542,-7.294618990272284e-05,63,3135,0.02014446258544922,12.312,28.76,15,6,10,1.21,831,0.004853630904108286,0.0003282566030975431,0.005780932027846575,1500,1500,1000,1500,1800,1000,1000,1800
1784593151.6734,18.3000,0.01978,50.55,916,585129,0.000,GUIDED,GUIDED,128,5.0,0.0,15.0,0.0,0.0,0.0,nan,nan,nan,nan,nan,nan,nan,nan,nan,nan,0.01254571883279279,0.007173561181960997,-0.000434366187154857,0,0,5.072630405426025,-0.031163737177848816,14.99740219116211,-0.04917645826935768,0.013850734569132328,0.0017506270669400692,0,0,-1001,-1,0,0,0.001482379506342113,-0.0005951975472271442,0.0003312306071165949,-0.00014370714779943228,63,3135,0.0196988582611084,12.312,28.76,15,6,10,1.21,831,0.004853630904108286,0.0003282566030975431,0.005780932027846575,1500,1500,1000,1500,1800,1000,1000,1800
1784593151.6934,18.3200,0.02000,50.00,917,585149,0.000,GUIDED,GUIDED,128,5.0,0.0,15.0,0.0,0.0,0.0,nan,nan,nan,nan,nan,nan,nan,nan,nan,nan,0.012415261096673971,0.007212826594493814,-0.0003920518273011408,0,0,5.071834564208984,-0.03119526617228985,14.997393608093262,-0.04864165931940079,0.013846267946064472,0.0017311522969976068,0,0,-1001,1,0,0,0.0015077486168593168,-0.0006224259850569069,0.00033381368848495185,-0.00024397263769060373,63,3135,0.019916772842407227,12.312,28.76,15,6,10,1.21,831,0.004853630904108286,0.0003282566030975431,0.005780932027846575,1500,1500,1000,1500,1800,1000,1000,1800
1784593151.7134,18.3400,0.02000,50.00,918,585169,0.000,GUIDED,GUIDED,128,5.0,0.0,15.0,0.0,0.0,0.0,nan,nan,nan,nan,nan,nan,nan,nan,nan,nan,0.012528030501909523,0.006883693828998498,-0.00039739611267376653,0,0,5.070950508117676,-0.03106031008064747,14.997408866882324,-0.04819635674357414,0.01395837590098381,0.0017254281556233764,0,0,-1000,-1,0,0,0.0014678039588034153,-0.0006241628434509039,0.0003363350697327405,-0.00022176792845129967,63,3135,0.01991748809814453,12.312,28.76,15,6,10,1.21,831,0.004853630904108286,0.0003282566030975431,0.005780932027846575,1500,1500,1000,1500,1800,1000,1000,1800
1784593151.7334,18.3600,0.02000,50.00,919,585189,0.000,GUIDED,GUIDED,128,5.0,0.0,15.0,0.0,0.0,0.0,nan,nan,nan,nan,nan,nan,nan,nan,nan,nan,0.012410255023167643,0.006810232449861311,-0.00038559227595294683,0,0,5.070147514343262,-0.031047528609633446,14.997406005859375,-0.04766475036740303,0.013993409462273121,0.00172026501968503,0,0,-1001,1,0,0,0.0015010968782007694,-0.0006329005700536072,0.00034048414090648293,-0.00013605807907879353,63,3135,0.019916296005249023,12.312,28.76,15,6,10,1.21,831,0.004853630904108286,0.0003282566030975431,0.005780932027846575,1500,1500,1000,1500,1800,1000,1000,1800
1784593151.7534,18.3800,0.01997,50.06,920,585209,0.000,GUIDED,GUIDED,128,5.0,0.0,15.0,0.0,0.0,0.0,nan,nan,nan,nan,nan,nan,nan,nan,nan,nan,0.012339944350989784,0.00675725314820692,-0.00036342633864076346,0,0,5.069369316101074,-0.03103048913180828,14.997413635253906,-0.04717486351728439,0.014014159329235554,0.0017030626768246293,0,0,-1001,-1,0,0,0.0014553574146702886,-0.0006326059810817242,0.0003477793652564287,-0.0001772321411408484,63,3135,0.01989579200744629,12.312,28.76,15,6,10,1.21,831,0.004853630904108286,0.0003282566030975431,0.005780932027846575,1500,1500,1000,1500,1800,1000,1000,1800
1784593151.7734,18.4000,0.01999,50.02,921,585229,0.000,GUIDED,GUIDED,128,5.0,0.0,15.0,0.0,0.0,0.0,nan,nan,nan,nan,nan,nan,nan,nan,nan,nan,0.011966439171331555,0.007131226797928603,-0.00032247842862472183,0,0,5.068747520446777,-0.031243406236171722,14.997397422790527,-0.04660022631287575,0.01392117328941822,0.0016887816600501537,0,0,-1001,1,0,0,0.0014950974145904183,-0.0006388329202309251,0.00035330423270352185,-0.00021198001923039556,63,3135,0.019927024841308594,12.312,28.76,15,6,10,1.21,831,0.004853630904108286,0.0003282566030975431,0.005780932027846575,1500,1500,1000,1500,1800,1000,1000,1800
1784593151.7933,18.4200,0.01995,50.12,922,585229,0.000,GUIDED,GUIDED,128,5.0,0.0,15.0,0.0,0.0,0.0,nan,nan,nan,nan,nan,nan,nan,nan,nan,nan,0.011966439171331555,0.007131226797928603,-0.00032247842862472183,0,0,5.068747520446777,-0.031243406236171722,14.997397422790527,-0.04660022631287575,0.01392117328941822,0.0016887816600501537,0,0,-1001,1,0,0,0.0014950974145904183,-0.0006388329202309251,0.00035330423270352185,-0.00021198001923039556,63,3135,0.019880294799804688,12.312,28.76,15,6,10,1.21,831,0.004853630904108286,0.0003282566030975431,0.005780932027846575,1500,1500,1000,1500,1800,1000,1000,1800
1784593151.8133,18.4400,0.01999,50.02,923,585229,0.000,GUIDED,GUIDED,128,5.0,0.0,15.0,0.0,0.0,0.0,nan,nan,nan,nan,nan,nan,nan,nan,nan,nan,0.011966439171331555,0.007131226797928603,-0.00032247842862472183,0,0,5.068747520446777,-0.031243406236171722,14.997397422790527,-0.04660022631287575,0.01392117328941822,0.0016887816600501537,0,0,-1001,1,0,0,0.0014950974145904183,-0.0006388329202309251,0.00035330423270352185,-0.00021198001923039556,63,3135,0.019919395446777344,12.312,28.76,15,6,10,1.21,831,0.004853630904108286,0.0003282566030975431,0.005780932027846575,1500,1500,1000,1500,1800,1000,1000,1800
1784593151.8334,18.4601,0.02003,49.92,924,585229,0.000,GUIDED,GUIDED,128,5.0,0.0,15.0,0.0,0.0,0.0,nan,nan,nan,nan,nan,nan,nan,nan,nan,nan,0.011966439171331555,0.007131226797928603,-0.00032247842862472183,0,0,5.068747520446777,-0.031243406236171722,14.997397422790527,-0.04660022631287575,0.01392117328941822,0.0016887816600501537,0,0,-1001,1,0,0,0.0014950974145904183,-0.0006388329202309251,0.00035330423270352185,-0.00021198001923039556,63,3135,0.019944429397583008,12.312,28.76,15,6,10,1.21,831,0.004853630904108286,0.0003282566030975431,0.005780932027846575,1500,1500,1000,1500,1800,1000,1000,1800
1784593151.8534,18.4800,0.02000,50.01,925,585229,0.000,GUIDED,GUIDED,128,5.0,0.0,15.0,0.0,0.0,0.0,nan,nan,nan,nan,nan,nan,nan,nan,nan,nan,0.011966439171331555,0.007131226797928603,-0.00032247842862472183,0,0,5.068747520446777,-0.031243406236171722,14.997397422790527,-0.04660022631287575,0.01392117328941822,0.0016887816600501537,0,0,-1001,1,0,0,0.0014950974145904183,-0.0006388329202309251,0.00035330423270352185,-0.00021198001923039556,63,3135,0.019907712936401367,12.312,28.76,15,6,10,1.21,831,0.004853630904108286,0.0003282566030975431,0.005780932027846575,1500,1500,1000,1500,1800,1000,1000,1800
1784593151.8734,18.5000,0.02000,50.00,926,585229,0.000,GUIDED,GUIDED,128,5.0,0.0,15.0,0.0,0.0,0.0,nan,nan,nan,nan,nan,nan,nan,nan,nan,nan,0.011966439171331555,0.007131226797928603,-0.00032247842862472183,0,0,5.068747520446777,-0.031243406236171722,14.997397422790527,-0.04660022631287575,0.01392117328941822,0.0016887816600501537,0,0,-1001,1,0,0,0.0014950974145904183,-0.0006388329202309251,0.00035330423270352185,-0.00021198001923039556,63,3135,0.019908905029296875,12.312,28.76,15,6,10,1.21,831,0.004853630904108286,0.0003282566030975431,0.005780932027846575,1500,1500,1000,1500,1800,1000,1000,1800
1784593151.8937,18.5200,0.02033,49.20,927,585229,0.000,GUIDED,GUIDED,128,5.0,0.0,15.0,0.0,0.0,0.0,nan,nan,nan,nan,nan,nan,nan,nan,nan,nan,0.011966439171331555,0.007131226797928603,-0.00032247842862472183,0,0,5.068747520446777,-0.031243406236171722,14.997397422790527,-0.04660022631287575,0.01392117328941822,0.0016887816600501537,0,0,-1001,0,0,0,0.0014406581176444888,-0.0006780989351682365,0.00037747336318716407,-0.00038472493179142475,63,3135,0.019910812377929688,12.312,28.76,15,6,10,1.21,831,0.004678292199969292,0.00032962331897579134,0.005789376329630613,1500,1500,1000,1500,1800,1000,1000,1800
1784593151.9135,18.5400,0.01977,50.58,928,585359,0.000,GUIDED,GUIDED,128,5.0,0.0,15.0,0.0,0.0,0.0,nan,nan,nan,nan,nan,nan,nan,nan,nan,nan,0.011036560819149097,0.006960102127326645,-0.00040221836151221185,0,0,5.064084529876709,-0.031314462423324585,14.99739933013916,-0.043371181935071945,0.01406099647283554,0.001733718323521316,0,0,-1001,0,0,0,0.0014406581176444888,-0.0006780989351682365,0.00037747336318716407,-0.00038472493179142475,63,3135,0.01968693733215332,12.312,28.76,15,6,10,1.21,831,0.004678292199969292,0.00032962331897579134,0.005789376329630613,1500,1500,1000,1500,1800,1000,1000,1800
1784593151.9334,18.5600,0.01991,50.23,929,585359,0.000,GUIDED,GUIDED,128,5.0,0.0,15.0,0.0,0.0,0.0,nan,nan,nan,nan,nan,nan,nan,nan,nan,nan,0.011036560819149097,0.006960102127326645,-0.00040221836151221185,0,0,5.064084529876709,-0.031314462423324585,14.99739933013916,-0.043371181935071945,0.01406099647283554,0.001733718323521316,0,0,-1001,0,0,0,0.0014406581176444888,-0.0006780989351682365,0.00037747336318716407,-0.00038472493179142475,63,3135,0.019817829132080078,12.312,28.76,15,6,10,1.21,831,0.004678292199969292,0.00032962331897579134,0.005789376329630613,1500,1500,1000,1500,1800,1000,1000,1800
1784593151.9534,18.5800,0.02000,50.01,930,585359,0.000,GUIDED,GUIDED,128,5.0,0.0,15.0,0.0,0.0,0.0,nan,nan,nan,nan,nan,nan,nan,nan,nan,nan,0.011036560819149097,0.006960102127326645,-0.00040221836151221185,0,0,5.064084529876709,-0.031314462423324585,14.99739933013916,-0.043371181935071945,0.01406099647283554,0.001733718323521316,0,0,-1001,0,0,0,0.0014406581176444888,-0.0006780989351682365,0.00037747336318716407,-0.00038472493179142475,63,3135,0.019908905029296875,12.312,28.76,15,6,10,1.21,831,0.004678292199969292,0.00032962331897579134,0.005789376329630613,1500,1500,1000,1500,1800,1000,1000,1800
1784593151.9734,18.6000,0.02000,50.00,931,585359,0.000,GUIDED,GUIDED,128,5.0,0.0,15.0,0.0,0.0,0.0,nan,nan,nan,nan,nan,nan,nan,nan,nan,nan,0.011036560819149097,0.006960102127326645,-0.00040221836151221185,0,0,5.064084529876709,-0.031314462423324585,14.99739933013916,-0.043371181935071945,0.01406099647283554,0.001733718323521316,0,0,-1001,0,0,0,0.0014406581176444888,-0.0006780989351682365,0.00037747336318716407,-0.00038472493179142475,63,3135,0.01991105079650879,12.312,28.76,15,6,10,1.21,831,0.004678292199969292,0.00032962331897579134,0.005789376329630613,1500,1500,1000,1500,1800,1000,1000,1800
1784593151.9933,18.6200,0.01998,50.05,932,585359,0.000,GUIDED,GUIDED,128,5.0,0.0,15.0,0.0,0.0,0.0,nan,nan,nan,nan,nan,nan,nan,nan,nan,nan,0.011036560819149097,0.006960102127326645,-0.00040221836151221185,0,0,5.064084529876709,-0.031314462423324585,14.99739933013916,-0.043371181935071945,0.01406099647283554,0.001733718323521316,0,0,-1001,0,0,0,0.0014406581176444888,-0.0006780989351682365,0.00037747336318716407,-0.00038472493179142475,63,3135,0.019905567169189453,12.312,28.76,15,6,10,1.21,831,0.004678292199969292,0.00032962331897579134,0.005789376329630613,1500,1500,1000,1500,1800,1000,1000,1800
1784593152.0133,18.6400,0.02000,50.00,933,585359,0.000,GUIDED,GUIDED,128,5.0,0.0,15.0,0.0,0.0,0.0,nan,nan,nan,nan,nan,nan,nan,nan,nan,nan,0.011036560819149097,0.006960102127326645,-0.00040221836151221185,0,0,5.064084529876709,-0.031314462423324585,14.99739933013916,-0.043371181935071945,0.01406099647283554,0.001733718323521316,0,0,-1001,0,0,0,0.0014406581176444888,-0.0006780989351682365,0.00037747336318716407,-0.00038472493179142475,63,3135,0.01992630958557129,12.312,28.76,15,6,10,1.21,831,0.004678292199969292,0.00032962331897579134,0.005789376329630613,1500,1500,1000,1500,1800,1000,1000,1800
1784593152.0334,18.6600,0.02002,49.94,934,585359,0.000,GUIDED,GUIDED,128,5.0,0.0,15.0,0.0,0.0,0.0,nan,nan,nan,nan,nan,nan,nan,nan,nan,nan,0.011036560819149097,0.006960102127326645,-0.00040221836151221185,0,0,5.064084529876709,-0.031314462423324585,14.99739933013916,-0.043371181935071945,0.01406099647283554,0.001733718323521316,0,0,-1001,0,0,0,0.0014406581176444888,-0.0006780989351682365,0.00037747336318716407,-0.00038472493179142475,63,3135,0.019929170608520508,12.312,28.76,15,6,10,1.21,831,0.004678292199969292,0.00032962331897579134,0.005789376329630613,1500,1500,1000,1500,1800,1000,1000,1800
1784593152.0534,18.6800,0.01999,50.02,935,585359,0.000,GUIDED,GUIDED,128,5.0,0.0,15.0,0.0,0.0,0.0,nan,nan,nan,nan,nan,nan,nan,nan,nan,nan,0.011036560819149097,0.006960102127326645,-0.00040221836151221185,0,0,5.064084529876709,-0.031314462423324585,14.99739933013916,-0.043371181935071945,0.01406099647283554,0.001733718323521316,0,0,-1001,0,0,0,0.0014406581176444888,-0.0006780989351682365,0.00037747336318716407,-0.00038472493179142475,63,3135,0.019901514053344727,12.312,28.76,15,6,10,1.21,831,0.004678292199969292,0.00032962331897579134,0.005789376329630613,1500,1500,1000,1500,1800,1000,1000,1800
1784593152.0733,18.7000,0.01999,50.03,936,585359,0.000,GUIDED,GUIDED,128,5.0,0.0,15.0,0.0,0.0,0.0,nan,nan,nan,nan,nan,nan,nan,nan,nan,nan,0.011036560819149097,0.006960102127326645,-0.00040221836151221185,0,0,5.064084529876709,-0.031314462423324585,14.99739933013916,-0.043371181935071945,0.01406099647283554,0.001733718323521316,0,0,-1001,0,0,0,0.0014406581176444888,-0.0006780989351682365,0.00037747336318716407,-0.00038472493179142475,63,3135,0.01992034912109375,12.312,28.76,15,6,10,1.21,831,0.004678292199969292,0.00032962331897579134,0.005789376329630613,1500,1500,1000,1500,1800,1000,1000,1800
1784593152.0933,18.7200,0.02000,50.01,937,585359,0.000,GUIDED,GUIDED,128,5.0,0.0,15.0,0.0,0.0,0.0,nan,nan,nan,nan,nan,nan,nan,nan,nan,nan,0.011036560819149097,0.006960102127326645,-0.00040221836151221185,0,0,5.064084529876709,-0.031314462423324585,14.99739933013916,-0.043371181935071945,0.01406099647283554,0.001733718323521316,0,0,-1001,0,0,0,0.0014406581176444888,-0.0006780989351682365,0.00037747336318716407,-0.00038472493179142475,63,3135,0.019922733306884766,12.312,28.76,15,6,10,1.21,831,0.004678292199969292,0.00032962331897579134,0.005789376329630613,1500,1500,1000,1500,1800,1000,1000,1800
1784593152.1134,18.7401,0.02003,49.94,938,585359,0.000,GUIDED,GUIDED,128,5.0,0.0,15.0,0.0,0.0,0.0,nan,nan,nan,nan,nan,nan,nan,nan,nan,nan,0.011036560819149097,0.006960102127326645,-0.00040221836151221185,0,0,5.064084529876709,-0.031314462423324585,14.99739933013916,-0.043371181935071945,0.01406099647283554,0.001733718323521316,0,0,-1001,0,0,0,0.0014406581176444888,-0.0006780989351682365,0.00037747336318716407,-0.00038472493179142475,63,3135,0.019936323165893555,12.312,28.76,15,6,10,1.21,831,0.004678292199969292,0.00032962331897579134,0.005789376329630613,1500,1500,1000,1500,1800,1000,1000,1800
1784593152.1333,18.7600,0.01997,50.06,939,585359,0.000,GUIDED,GUIDED,128,5.0,0.0,15.0,0.0,0.0,0.0,nan,nan,nan,nan,nan,nan,nan,nan,nan,nan,0.011036560819149097,0.006960102127326645,-0.00040221836151221185,0,0,5.064084529876709,-0.031314462423324585,14.99739933013916,-0.043371181935071945,0.01406099647283554,0.001733718323521316,0,0,-1001,0,0,0,0.0014406581176444888,-0.0006780989351682365,0.00037747336318716407,-0.00038472493179142475,63,3135,0.019901514053344727,12.312,28.76,15,6,10,1.21,831,0.004678292199969292,0.00032962331897579134,0.005789376329630613,1500,1500,1000,1500,1800,1000,1000,1800
1784593152.1538,18.7800,0.02045,48.91,940,585607,0.000,GUIDED,GUIDED,128,5.0,0.0,15.0,0.0,0.0,0.0,nan,nan,nan,nan,nan,nan,nan,nan,nan,nan,0.008723376917572107,0.006905159905286652,-0.0002844003642400207,0,0,5.0563178062438965,-0.03161199018359184,14.99749755859375,-0.03755154460668564,0.014264495112001896,0.0016089838463813066,0,0,-1001,1,0,0,0.0013554655015468597,-0.0006698637153021991,0.00043873031972907484,-0.0004408869135659188,63,3135,0.020359277725219727,12.312,28.76,15,6,10,1.21,831,0.00403360603377223,0.000404685502871871,0.006020538974553347,1500,1500,1000,1500,1800,1000,1000,1800
1784593152.1733,18.8000,0.01954,51.17,941,585607,0.000,GUIDED,GUIDED,128,5.0,0.0,15.0,0.0,0.0,0.0,nan,nan,nan,nan,nan,nan,nan,nan,nan,nan,0.008723376917572107,0.006905159905286652,-0.0002844003642400207,0,0,5.0563178062438965,-0.03161199018359184,14.99749755859375,-0.03755154460668564,0.014264495112001896,0.0016089838463813066,0,0,-1001,1,0,0,0.0013554655015468597,-0.0006698637153021991,0.00043873031972907484,-0.0004408869135659188,63,3135,0.019468307495117188,12.312,28.76,15,6,10,1.21,831,0.00403360603377223,0.000404685502871871,0.006020538974553347,1500,1500,1000,1500,1800,1000,1000,1800
1784593152.1934,18.8201,0.02004,49.91,942,585607,0.000,GUIDED,GUIDED,128,5.0,0.0,15.0,0.0,0.0,0.0,nan,nan,nan,nan,nan,nan,nan,nan,nan,nan,0.008723376917572107,0.006905159905286652,-0.0002844003642400207,0,0,5.0563178062438965,-0.03161199018359184,14.99749755859375,-0.03755154460668564,0.014264495112001896,0.0016089838463813066,0,0,-1001,1,0,0,0.0013554655015468597,-0.0006698637153021991,0.00043873031972907484,-0.0004408869135659188,63,3135,0.01994776725769043,12.312,28.76,15,6,10,1.21,831,0.00403360603377223,0.000404685502871871,0.006020538974553347,1500,1500,1000,1500,1800,1000,1000,1800
1784593152.2133,18.8400,0.01997,50.07,943,585607,0.000,GUIDED,GUIDED,128,5.0,0.0,15.0,0.0,0.0,0.0,nan,nan,nan,nan,nan,nan,nan,nan,nan,nan,0.008723376917572107,0.006905159905286652,-0.0002844003642400207,0,0,5.0563178062438965,-0.03161199018359184,14.99749755859375,-0.03755154460668564,0.014264495112001896,0.0016089838463813066,0,0,-1001,1,0,0,0.0013554655015468597,-0.0006698637153021991,0.00043873031972907484,-0.0004408869135659188,63,3135,0.01990032196044922,12.312,28.76,15,6,10,1.21,831,0.00403360603377223,0.000404685502871871,0.006020538974553347,1500,1500,1000,1500,1800,1000,1000,1800
1784593152.2334,18.8601,0.02003,49.93,944,585607,0.000,GUIDED,GUIDED,128,5.0,0.0,15.0,0.0,0.0,0.0,nan,nan,nan,nan,nan,nan,nan,nan,nan,nan,0.008723376917572107,0.006905159905286652,-0.0002844003642400207,0,0,5.0563178062438965,-0.03161199018359184,14.99749755859375,-0.03755154460668564,0.014264495112001896,0.0016089838463813066,0,0,-1001,1,0,0,0.0013554655015468597,-0.0006698637153021991,0.00043873031972907484,-0.0004408869135659188,63,3135,0.01993703842163086,12.312,28.76,15,6,10,1.21,831,0.00403360603377223,0.000404685502871871,0.006020538974553347,1500,1500,1000,1500,1800,1000,1000,1800
1784593152.2533,18.8800,0.01998,50.06,945,585607,0.000,GUIDED,GUIDED,128,5.0,0.0,15.0,0.0,0.0,0.0,nan,nan,nan,nan,nan,nan,nan,nan,nan,nan,0.008723376917572107,0.006905159905286652,-0.0002844003642400207,0,0,5.0563178062438965,-0.03161199018359184,14.99749755859375,-0.03755154460668564,0.014264495112001896,0.0016089838463813066,0,0,-1001,1,0,0,0.0013554655015468597,-0.0006698637153021991,0.00043873031972907484,-0.0004408869135659188,63,3135,0.019896268844604492,12.312,28.76,15,6,10,1.21,831,0.00403360603377223,0.000404685502871871,0.006020538974553347,1500,1500,1000,1500,1800,1000,1000,1800
1784593152.2734,18.9000,0.02002,49.95,946,585607,0.000,GUIDED,GUIDED,128,5.0,0.0,15.0,0.0,0.0,0.0,nan,nan,nan,nan,nan,nan,nan,nan,nan,nan,0.008723376917572107,0.006905159905286652,-0.0002844003642400207,0,0,5.0563178062438965,-0.03161199018359184,14.99749755859375,-0.03755154460668564,0.014264495112001896,0.0016089838463813066,0,0,-1001,1,0,0,0.0013554655015468597,-0.0006698637153021991,0.00043873031972907484,-0.0004408869135659188,63,3135,0.019930124282836914,12.312,28.76,15,6,10,1.21,831,0.00403360603377223,0.000404685502871871,0.006020538974553347,1500,1500,1000,1500,1800,1000,1000,1800
1784593152.2934,18.9200,0.02000,50.00,947,585607,0.000,GUIDED,GUIDED,128,5.0,0.0,15.0,0.0,0.0,0.0,nan,nan,nan,nan,nan,nan,nan,nan,nan,nan,0.008723376917572107,0.006905159905286652,-0.0002844003642400207,0,0,5.0563178062438965,-0.03161199018359184,14.99749755859375,-0.03755154460668564,0.014264495112001896,0.0016089838463813066,0,0,-1001,1,0,0,0.0013554655015468597,-0.0006698637153021991,0.00043873031972907484,-0.0004408869135659188,63,3135,0.019910097122192383,12.312,28.76,15,6,10,1.21,831,0.00403360603377223,0.000404685502871871,0.006020538974553347,1500,1500,1000,1500,1800,1000,1000,1800
1784593152.3134,18.9401,0.02000,49.99,948,585607,0.000,GUIDED,GUIDED,128,5.0,0.0,15.0,0.0,0.0,0.0,nan,nan,nan,nan,nan,nan,nan,nan,nan,nan,0.008723376917572107,0.006905159905286652,-0.0002844003642400207,0,0,5.0563178062438965,-0.03161199018359184,14.99749755859375,-0.03755154460668564,0.014264495112001896,0.0016089838463813066,0,0,-1001,1,0,0,0.0013554655015468597,-0.0006698637153021991,0.00043873031972907484,-0.0004408869135659188,63,3135,0.01991558074951172,12.312,28.76,15,6,10,1.21,831,0.00403360603377223,0.000404685502871871,0.006020538974553347,1500,1500,1000,1500,1800,1000,1000,1800
1784593152.3333,18.9600,0.01997,50.07,949,585607,0.000,GUIDED,GUIDED,128,5.0,0.0,15.0,0.0,0.0,0.0,nan,nan,nan,nan,nan,nan,nan,nan,nan,nan,0.008723376917572107,0.006905159905286652,-0.0002844003642400207,0,0,5.0563178062438965,-0.03161199018359184,14.99749755859375,-0.03755154460668564,0.014264495112001896,0.0016089838463813066,0,0,-1001,1,0,0,0.0013554655015468597,-0.0006698637153021991,0.00043873031972907484,-0.0004408869135659188,63,3135,0.019900798797607422,12.312,28.76,15,6,10,1.21,831,0.00403360603377223,0.000404685502871871,0.006020538974553347,1500,1500,1000,1500,1800,1000,1000,1800
1784593152.3533,18.9800,0.02000,50.00,950,585607,0.000,GUIDED,GUIDED,128,5.0,0.0,15.0,0.0,0.0,0.0,nan,nan,nan,nan,nan,nan,nan,nan,nan,nan,0.008723376917572107,0.006905159905286652,-0.0002844003642400207,0,0,5.0563178062438965,-0.03161199018359184,14.99749755859375,-0.03755154460668564,0.014264495112001896,0.0016089838463813066,0,0,-1001,1,0,0,0.0013554655015468597,-0.0006698637153021991,0.00043873031972907484,-0.0004408869135659188,63,3135,0.019927263259887695,12.312,28.76,15,6,10,1.21,831,0.00403360603377223,0.000404685502871871,0.006020538974553347,1500,1500,1000,1500,1800,1000,1000,1800
1784593152.3734,19.0001,0.02003,49.94,951,585607,0.000,GUIDED,GUIDED,128,5.0,0.0,15.0,0.0,0.0,0.0,nan,nan,nan,nan,nan,nan,nan,nan,nan,nan,0.008723376917572107,0.006905159905286652,-0.0002844003642400207,0,0,5.0563178062438965,-0.03161199018359184,14.99749755859375,-0.03755154460668564,0.014264495112001896,0.0016089838463813066,0,0,-1001,1,0,0,0.0013554655015468597,-0.0006698637153021991,0.00043873031972907484,-0.0004408869135659188,63,3135,0.019936800003051758,12.312,28.76,15,6,10,1.21,831,0.00403360603377223,0.000404685502871871,0.006020538974553347,1500,1500,1000,1500,1800,1000,1000,1800
1784593152.3937,19.0200,0.02037,49.09,952,585857,0.000,GUIDED,GUIDED,128,5.0,0.0,15.0,0.0,0.0,0.0,nan,nan,nan,nan,nan,nan,nan,nan,nan,nan,0.006338466067168619,0.007206084397150519,-0.0002543440115417117,0,0,5.049770832061768,-0.03195200487971306,14.997845649719238,-0.03239471837878227,0.014287063851952553,0.0013906602980569005,0,0,-1000,1,0,0,0.0011894253548234701,-0.000655786192510277,0.0005070774350315332,-0.0007988844299688935,63,3135,0.0198974609375,12.312,28.76,15,6,10,1.21,831,0.0035994872450828552,0.00038283580215647817,0.006160065997391939,1500,1500,1000,1500,1800,1000,1000,1800
1784593152.4133,19.0400,0.01960,51.02,953,585857,0.000,GUIDED,GUIDED,128,5.0,0.0,15.0,0.0,0.0,0.0,nan,nan,nan,nan,nan,nan,nan,nan,nan,nan,0.006338466067168619,0.007206084397150519,-0.0002543440115417117,0,0,5.049770832061768,-0.03195200487971306,14.997845649719238,-0.03239471837878227,0.014287063851952553,0.0013906602980569005,0,0,-1000,1,0,0,0.0011894253548234701,-0.000655786192510277,0.0005070774350315332,-0.0007988844299688935,63,3135,0.01951885223388672,12.312,28.76,15,6,10,1.21,831,0.0035994872450828552,0.00038283580215647817,0.006160065997391939,1500,1500,1000,1500,1800,1000,1000,1800
1784593152.4334,19.0600,0.02002,49.94,954,585857,0.000,GUIDED,GUIDED,128,5.0,0.0,15.0,0.0,0.0,0.0,nan,nan,nan,nan,nan,nan,nan,nan,nan,nan,0.006338466067168619,0.007206084397150519,-0.0002543440115417117,0,0,5.049770832061768,-0.03195200487971306,14.997845649719238,-0.03239471837878227,0.014287063851952553,0.0013906602980569005,0,0,-1000,1,0,0,0.0011894253548234701,-0.000655786192510277,0.0005070774350315332,-0.0007988844299688935,63,3135,0.01993560791015625,12.312,28.76,15,6,10,1.21,831,0.0035994872450828552,0.00038283580215647817,0.006160065997391939,1500,1500,1000,1500,1800,1000,1000,1800
1784593152.4533,19.0800,0.01997,50.07,955,585857,0.000,GUIDED,GUIDED,128,5.0,0.0,15.0,0.0,0.0,0.0,nan,nan,nan,nan,nan,nan,nan,nan,nan,nan,0.006338466067168619,0.007206084397150519,-0.0002543440115417117,0,0,5.049770832061768,-0.03195200487971306,14.997845649719238,-0.03239471837878227,0.014287063851952553,0.0013906602980569005,0,0,-1000,1,0,0,0.0011894253548234701,-0.000655786192510277,0.0005070774350315332,-0.0007988844299688935,63,3135,0.019881010055541992,12.312,28.76,15,6,10,1.21,831,0.0035994872450828552,0.00038283580215647817,0.006160065997391939,1500,1500,1000,1500,1800,1000,1000,1800
1784593152.4733,19.1000,0.02001,49.98,956,585857,0.000,GUIDED,GUIDED,128,5.0,0.0,15.0,0.0,0.0,0.0,nan,nan,nan,nan,nan,nan,nan,nan,nan,nan,0.006338466067168619,0.007206084397150519,-0.0002543440115417117,0,0,5.049770832061768,-0.03195200487971306,14.997845649719238,-0.03239471837878227,0.014287063851952553,0.0013906602980569005,0,0,-1000,1,0,0,0.0011894253548234701,-0.000655786192510277,0.0005070774350315332,-0.0007988844299688935,63,3135,0.01993417739868164,12.312,28.76,15,6,10,1.21,831,0.0035994872450828552,0.00038283580215647817,0.006160065997391939,1500,1500,1000,1500,1800,1000,1000,1800
1784593152.4933,19.1200,0.02000,50.00,957,585857,0.000,GUIDED,GUIDED,128,5.0,0.0,15.0,0.0,0.0,0.0,nan,nan,nan,nan,nan,nan,nan,nan,nan,nan,0.006338466067168619,0.007206084397150519,-0.0002543440115417117,0,0,5.049770832061768,-0.03195200487971306,14.997845649719238,-0.03239471837878227,0.014287063851952553,0.0013906602980569005,0,0,-1000,1,0,0,0.0011894253548234701,-0.000655786192510277,0.0005070774350315332,-0.0007988844299688935,63,3135,0.0199277400970459,12.312,28.76,15,6,10,1.21,831,0.0035994872450828552,0.00038283580215647817,0.006160065997391939,1500,1500,1000,1500,1800,1000,1000,1800
1784593152.5134,19.1400,0.02001,49.97,958,585857,0.000,GUIDED,GUIDED,128,5.0,0.0,15.0,0.0,0.0,0.0,nan,nan,nan,nan,nan,nan,nan,nan,nan,nan,0.006338466067168619,0.007206084397150519,-0.0002543440115417117,0,0,5.049770832061768,-0.03195200487971306,14.997845649719238,-0.03239471837878227,0.014287063851952553,0.0013906602980569005,0,0,-1000,1,0,0,0.0011894253548234701,-0.000655786192510277,0.0005070774350315332,-0.0007988844299688935,63,3135,0.01992201805114746,12.312,28.76,15,6,10,1.21,831,0.0035994872450828552,0.00038283580215647817,0.006160065997391939,1500,1500,1000,1500,1800,1000,1000,1800
1784593152.5334,19.1601,0.02007,49.84,959,585857,0.000,GUIDED,GUIDED,128,5.0,0.0,15.0,0.0,0.0,0.0,nan,nan,nan,nan,nan,nan,nan,nan,nan,nan,0.006338466067168619,0.007206084397150519,-0.0002543440115417117,0,0,5.049770832061768,-0.03195200487971306,14.997845649719238,-0.03239471837878227,0.014287063851952553,0.0013906602980569005,0,0,-1000,1,0,0,0.0011894253548234701,-0.000655786192510277,0.0005070774350315332,-0.0007988844299688935,63,3135,0.019922256469726562,12.312,28.76,15,6,10,1.21,831,0.0035994872450828552,0.00038283580215647817,0.006160065997391939,1500,1500,1000,1500,1800,1000,1000,1800
1784593152.5534,19.1800,0.01996,50.10,960,585857,0.000,GUIDED,GUIDED,128,5.0,0.0,15.0,0.0,0.0,0.0,nan,nan,nan,nan,nan,nan,nan,nan,nan,nan,0.006338466067168619,0.007206084397150519,-0.0002543440115417117,0,0,5.049770832061768,-0.03195200487971306,14.997845649719238,-0.03239471837878227,0.014287063851952553,0.0013906602980569005,0,0,-1000,1,0,0,0.0011894253548234701,-0.000655786192510277,0.0005070774350315332,-0.0007988844299688935,63,3135,0.019893169403076172,12.312,28.76,15,6,10,1.21,831,0.0035994872450828552,0.00038283580215647817,0.006160065997391939,1500,1500,1000,1500,1800,1000,1000,1800
1784593152.5734,19.2001,0.02007,49.82,961,586029,0.000,GUIDED,GUIDED,128,5.0,0.0,15.0,0.0,0.0,0.0,nan,nan,nan,nan,nan,nan,nan,nan,nan,nan,0.005590456835755209,0.006562619520602241,-0.0001452589910982665,0,0,5.045616626739502,-0.031791578978300095,14.998135566711426,-0.029564423486590385,0.014565946534276009,0.0011602963786572218,0,0,-1000,1,1,0,0.0009968512458726764,-0.0006525332573801279,0.0005468910094350576,-0.0008654832490719855,63,3135,0.019990921020507812,12.312,28.76,15,6,10,1.21,831,0.0035994872450828552,0.00038283580215647817,0.006160065997391939,1500,1500,1000,1500,1800,1000,1000,1800
1784593152.5934,19.2200,0.01994,50.14,962,586049,0.000,GUIDED,GUIDED,128,5.0,0.0,15.0,0.0,0.0,0.0,nan,nan,nan,nan,nan,nan,nan,nan,nan,nan,0.00526443066972887,0.0069054669493172766,-0.00012244666430826488,0,0,5.045304298400879,-0.03197010979056358,14.998169898986816,-0.029195869341492653,0.014471078291535378,0.001127303927205503,0,0,-1000,-1,-1,0,0.0009497229475528002,-0.0006831748178228736,0.0005536708631552756,-0.0008984412997961044,63,3135,0.019875764846801758,12.312,28.76,15,6,10,1.21,831,0.0035994872450828552,0.00038283580215647817,0.006160065997391939,1500,1500,1000,1500,1800,1000,1000,1800
1784593152.6134,19.2401,0.02004,49.90,963,586069,0.000,GUIDED,GUIDED,128,5.0,0.0,15.0,0.0,0.0,0.0,nan,nan,nan,nan,nan,nan,nan,nan,nan,nan,0.004939637125957443,0.007152571534574333,-0.0001568395007609676,0,0,5.044972896575928,-0.032107867300510406,14.99820327758789,-0.028817014768719673,0.014407946728169918,0.0011278894962742925,0,0,-1001,1,2,0,0.0009758234373293817,-0.0006415467360056937,0.0005569783970713615,-0.0009626572718843818,63,3135,0.01995706558227539,12.312,28.76,15,6,10,1.21,831,0.0035994872450828552,0.00038283580215647817,0.006160065997391939,1500,1500,1000,1500,1800,1000,1000,1800
1784593152.6334,19.2600,0.01995,50.14,964,586089,0.000,GUIDED,GUIDED,128,5.0,0.0,15.0,0.0,0.0,0.0,nan,nan,nan,nan,nan,nan,nan,nan,nan,nan,0.004949213138752642,0.0069659512045005464,-0.00013645812070530957,0,0,5.044514179229736,-0.032017942517995834,14.998234748840332,-0.028557702898979187,0.014463773928582668,0.0010979523649439216,0,0,-1000,-1,-1,0,0.0009228215203620493,-0.0006757904193364084,0.0005604219040833414,-0.0009159604669548571,63,3135,0.019878864288330078,12.312,28.76,15,6,10,1.21,831,0.0035994872450828552,0.00038283580215647817,0.006160065997391939,1500,1500,1000,1500,1800,1000,1000,1800
1784593152.6538,19.2800,0.02039,49.03,965,586109,0.000,GUIDED,GUIDED,128,5.0,0.0,15.0,0.0,0.0,0.0,nan,nan,nan,nan,nan,nan,nan,nan,nan,nan,0.004712946602628325,0.007161636294344131,-9.708235567706556e-05,0,0,5.044166088104248,-0.03210436925292015,14.998273849487305,-0.028220323845744133,0.014400693587958813,0.0010526439873501658,0,0,-1000,0,2,0,0.000943996012210846,-0.000620013743173331,0.0005645191413350403,-0.0009629233973100781,63,3135,0.020316123962402344,12.312,28.76,15,6,10,1.21,831,0.0041997479274868965,0.0003526686632540077,0.006213943939656019,1500,1500,1000,1500,1800,1000,1000,1800
1784593152.6734,19.3000,0.01961,51.00,966,586129,0.000,GUIDED,GUIDED,128,5.0,0.0,15.0,0.0,0.0,0.0,nan,nan,nan,nan,nan,nan,nan,nan,nan,nan,0.004726756691252498,0.006913224282419323,-5.779446669241595e-05,0,0,5.043705940246582,-0.0319906622171402,14.998302459716797,-0.02796263061463833,0.014478465542197227,0.0010134429903700948,0,0,-1000,-1,-1,0,0.0008921069093048573,-0.0006565775838680565,0.000568278890568763,-0.0009768742602318525,63,3135,0.019544363021850586,12.312,28.76,15,6,10,1.21,831,0.0041997479274868965,0.0003526686632540077,0.006213943939656019,1500,1500,1000,1500,1800,1000,1000,1800
1784593152.6934,19.3201,0.02005,49.87,967,586149,0.000,GUIDED,GUIDED,128,5.0,0.0,15.0,0.0,0.0,0.0,nan,nan,nan,nan,nan,nan,nan,nan,nan,nan,0.004560687250457093,0.006947536913369887,-6.6360386039897e-05,0,0,5.043337345123291,-0.03202678635716438,14.99833869934082,-0.02765394188463688,0.01447951141744852,0.000997465569525957,0,0,-1001,0,1,0,0.0008852991741150618,-0.0006163762882351875,0.0005700481124222279,-0.0009424014715477824,63,3135,0.019969701766967773,12.312,28.76,15,6,10,1.21,831,0.0041997479274868965,0.0003526686632540077,0.006213943939656019,1500,1500,1000,1500,1800,1000,1000,1800
1784593152.7134,19.3401,0.02000,50.00,968,586169,0.000,GUIDED,GUIDED,128,5.0,0.0,15.0,0.0,0.0,0.0,nan,nan,nan,nan,nan,nan,nan,nan,nan,nan,0.004446023538954624,0.006928778462794539,-2.1140282119766138e-05,0,0,5.042953968048096,-0.03203117102384567,14.998372077941895,-0.0273663979023695,0.014492873102426529,0.0009520865860395133,0,0,-1000,-1,0,0,0.000834289297927171,-0.0006487166974693537,0.0005686015356332064,-0.0009690916631370783,63,3135,0.019919157028198242,12.312,28.76,15,6,10,1.21,831,0.0041997479274868965,0.0003526686632540077,0.006213943939656019,1500,1500,1000,1500,1800,1000,1000,1800
1784593152.7334,19.3600,0.01999,50.02,969,586189,0.000,GUIDED,GUIDED,128,5.0,0.0,15.0,0.0,0.0,0.0,nan,nan,nan,nan,nan,nan,nan,nan,nan,nan,0.004491991150708724,0.006542279398601403,2.7018707661129746e-05,0,0,5.04248571395874,-0.03187600150704384,14.998401641845703,-0.02712259069085121,0.01462643127888441,0.0009072132525034249,0,0,-1000,0,1,0,0.0008347887778654695,-0.0006162134814076126,0.0005635307752527297,-0.0010081235086545348,63,3135,0.019910573959350586,12.312,28.76,15,6,10,1.21,831,0.0041997479274868965,0.0003526686632540077,0.006213943939656019,1500,1500,1000,1500,1800,1000,1000,1800
1784593152.7534,19.3800,0.02000,49.99,970,586209,0.000,GUIDED,GUIDED,128,5.0,0.0,15.0,0.0,0.0,0.0,nan,nan,nan,nan,nan,nan,nan,nan,nan,nan,0.004261440471049011,0.006753848840989497,1.0614380726477841e-05,0,0,5.042165756225586,-0.03198295831680298,14.99843978881836,-0.02680475451052189,0.014566033147275448,0.0008946601301431656,0,0,-1000,0,0,0,0.0008168554631993175,-0.0006199959898367524,0.0005625912453979254,-0.0010031303390860558,63,3135,0.01992201805114746,12.312,28.76,15,6,10,1.21,831,0.0041997479274868965,0.0003526686632540077,0.006213943939656019,1500,1500,1000,1500,1800,1000,1000,1800
1784593152.7734,19.4000,0.01995,50.13,971,586229,0.000,GUIDED,GUIDED,128,5.0,0.0,15.0,0.0,0.0,0.0,nan,nan,nan,nan,nan,nan,nan,nan,nan,nan,0.004194107776326145,0.006651698624508973,6.525233974032183e-05,0,0,5.041769981384277,-0.03194785490632057,14.998467445373535,-0.026537379249930382,0.014604742638766766,0.0008471473702229559,0,0,-1000,-1,0,0,0.000802042952273041,-0.0006193049484863877,0.0005738766049034894,-0.0009857036639004946,63,3135,0.019882678985595703,12.312,28.76,15,6,10,1.21,831,0.0041997479274868965,0.0003526686632540077,0.006213943939656019,1500,1500,1000,1500,1800,1000,1000,1800
1784593152.7934,19.4200,0.02004,49.91,972,586249,0.000,GUIDED,GUIDED,128,5.0,0.0,15.0,0.0,0.0,0.0,nan,nan,nan,nan,nan,nan,nan,nan,nan,nan,0.0038142933724900074,0.007032112381706548,8.55482336230705e-05,0,0,5.041497707366943,-0.0321364551782608,14.998501777648926,-0.026160895824432373,0.014493999071419239,0.0008156077819876373,0,0,-1000,0,0,0,0.0007689108606427908,-0.0006212375592440367,0.0005826703854836524,-0.0009906275663524866,63,3135,0.019954681396484375,12.312,28.76,15,6,10,1.21,831,0.0041997479274868965,0.0003526686632540077,0.006213943939656019,1500,1500,1000,1500,1800,1000,1000,1800
1784593152.8134,19.4400,0.02000,50.01,973,586269,0.000,GUIDED,GUIDED,128,5.0,0.0,15.0,0.0,0.0,0.0,nan,nan,nan,nan,nan,nan,nan,nan,nan,nan,0.003558916151432119,0.007318141044682619,0.00017050330784660933,0,0,5.041205883026123,-0.03228246048092842,14.998534202575684,-0.025844968855381012,0.014413156546652317,0.0007478384068235755,0,0,-1000,-1,0,0,0.0007514680619351566,-0.0006216414039954543,0.0005887628649361432,-0.0010060708737000823,63,3135,0.019918203353881836,12.312,28.76,15,6,10,1.21,831,0.0041997479274868965,0.0003526686632540077,0.006213943939656019,1500,1500,1000,1500,1800,1000,1000,1800
1784593152.8334,19.4600,0.01998,50.05,974,586289,0.000,GUIDED,GUIDED,128,5.0,0.0,15.0,0.0,0.0,0.0,nan,nan,nan,nan,nan,nan,nan,nan,nan,nan,0.0036186905693309165,0.007089110135955319,0.0002938330604940892,0,0,5.040796756744385,-0.032196227461099625,14.998560905456543,-0.02564327046275139,0.014495600946247578,0.0006612170254811645,0,0,-1000,-1,0,0,0.0007065137615427375,-0.0006227872218005359,0.0005924933939240873,-0.0010523672681301832,63,3135,0.0199129581451416,12.312,28.76,15,6,10,1.21,831,0.0041997479274868965,0.0003526686632540077,0.006213943939656019,1500,1500,1000,1500,1800,1000,1000,1800
1784593152.8534,19.4800,0.02002,49.94,975,586309,0.000,GUIDED,GUIDED,128,5.0,0.0,15.0,0.0,0.0,0.0,nan,nan,nan,nan,nan,nan,nan,nan,nan,nan,0.0033836882443919816,0.007275601519348335,0.0003791643279657964,0,0,5.040489196777344,-0.032289307564496994,14.998595237731934,-0.02533002197742462,0.014441669918596745,0.0005921292467974126,0,0,-1000,0,0,0,0.0006949887028895319,-0.0006229515420272946,0.0005993300583213568,-0.0010718645062297583,63,3135,0.019943952560424805,12.312,28.76,15,6,10,1.21,831,0.0041997479274868965,0.0003526686632540077,0.006213943939656019,1500,1500,1000,1500,1800,1000,1000,1800
1784593152.8734,19.5000,0.01997,50.09,976,586329,0.000,GUIDED,GUIDED,128,5.0,0.0,15.0,0.0,0.0,0.0,nan,nan,nan,nan,nan,nan,nan,nan,nan,nan,0.0032403894235634376,0.0074106536870421,0.00034461101919255866,0,0,5.04016637802124,-0.03234800696372986,14.998627662658691,-0.025060908868908882,0.01439758762717247,0.0005933580687269568,0,0,-1000,0,1,0,0.0006660570506937802,-0.0006069692317396402,0.0006044416222721338,-0.0010725921019911766,63,3135,0.019898414611816406,12.312,28.76,15,6,10,1.21,831,0.0041997479274868965,0.0003526686632540077,0.006213943939656019,1500,1500,1000,1500,1800,1000,1000,1800
1784593152.8937,19.5200,0.02035,49.15,977,586349,0.000,GUIDED,GUIDED,128,5.0,0.0,15.0,0.0,0.0,0.0,nan,nan,nan,nan,nan,nan,nan,nan,nan,nan,0.003352106318243321,0.007137001015722649,0.00032323403691750284,0,0,5.039750576019287,-0.032220859080553055,14.998649597167969,-0.02488534525036812,0.014482172206044197,0.0005930361803621054,0,0,-1001,-2,-1,0,0.00061829574406147,-0.0006409099441953003,0.0006055169505998492,-0.0011401461670175195,63,3135,0.019952774047851562,12.312,28.76,14,6,10,1.21,831,0.0035128716845065355,0.0003337784146424383,0.006642199121415615,1500,1500,1000,1500,1800,1000,1000,1800
1784593152.9134,19.5400,0.01966,50.87,978,586369,0.000,GUIDED,GUIDED,128,5.0,0.0,15.0,0.0,0.0,0.0,nan,nan,nan,nan,nan,nan,nan,nan,nan,nan,0.0032929727149438454,0.00713367918897392,0.0003847096858579462,0,0,5.0394086837768555,-0.0322316437959671,14.998678207397461,-0.024653812870383263,0.01449031662195921,0.000541025074198842,0,0,-1000,0,1,0,0.0005908767343498766,-0.0006147953681647778,0.00060388253768906,-0.0011148399207741022,63,3135,0.019591808319091797,12.312,28.76,14,6,10,1.21,831,0.0035128716845065355,0.0003337784146424383,0.006642199121415615,1500,1500,1000,1500,1800,1000,1000,1800
1784593152.9334,19.5600,0.02004,49.90,979,586389,0.000,GUIDED,GUIDED,128,5.0,0.0,15.0,0.0,0.0,0.0,nan,nan,nan,nan,nan,nan,nan,nan,nan,nan,0.003462853472070107,0.006796194906666317,0.0004535701318876471,0,0,5.038987159729004,-0.032080236822366714,14.998701095581055,-0.024508526548743248,0.014597748406231403,0.00048805397818796337,0,0,-1000,-2,-1,0,0.000545999500900507,-0.0006460341392084956,0.0005986217875033617,-0.00112611660733819,63,3135,0.01996135711669922,12.312,28.76,14,6,10,1.21,831,0.0035128716845065355,0.0003337784146424383,0.006642199121415615,1500,1500,1000,1500,1800,1000,1000,1800
1784593152.9534,19.5800,0.02000,49.99,980,586409,0.000,GUIDED,GUIDED,128,5.0,0.0,15.0,0.0,0.0,0.0,nan,nan,nan,nan,nan,nan,nan,nan,nan,nan,0.003279643266154833,0.00699500926190879,0.0004712747384663468,0,0,5.038731575012207,-0.032191790640354156,14.998730659484863,-0.024255188181996346,0.014547368511557579,0.0004607634909916669,0,0,-1000,0,2,0,0.0005522065330296755,-0.0006086737848818302,0.0005995985702611506,-0.001136232167482376,63,3135,0.019922971725463867,12.312,28.76,14,6,10,1.21,831,0.0035128716845065355,0.0003337784146424383,0.006642199121415615,1500,1500,1000,1500,1800,1000,1000,1800
1784593152.9734,19.6000,0.02000,50.01,981,586429,0.000,GUIDED,GUIDED,128,5.0,0.0,15.0,0.0,0.0,0.0,nan,nan,nan,nan,nan,nan,nan,nan,nan,nan,0.0029210097358475587,0.007418384346168736,0.0004546693780354059,0,0,5.038551330566406,-0.032403614372015,14.998756408691406,-0.02394406683743,0.014425229281187057,0.0004554842889774591,0,0,-1001,-1,-1,0,0.0005180370062589645,-0.0006398387486115098,0.0006105978391133249,-0.0010986111592501402,63,3135,0.019913673400878906,12.312,28.76,14,6,10,1.21,831,0.0035128716845065355,0.0003337784146424383,0.006642199121415615,1500,1500,1000,1500,1800,1000,1000,1800
1784593152.9934,19.6200,0.02001,49.98,982,586449,0.000,GUIDED,GUIDED,128,5.0,0.0,15.0,0.0,0.0,0.0,nan,nan,nan,nan,nan,nan,nan,nan,nan,nan,0.002945419064885428,0.007280074869122789,0.00046108247949609726,0,0,5.038214683532715,-0.03234931826591492,14.998772621154785,-0.02376379631459713,0.01447373442351818,0.0004424214130267501,0,0,-1001,1,2,0,0.0005422198446467519,-0.0005938768736086786,0.0006168921827338636,-0.001177879748865962,63,3135,0.019919157028198242,12.312,28.76,14,6,10,1.21,831,0.0035128716845065355,0.0003337784146424383,0.006642199121415615,1500,1500,1000,1500,1800,1000,1000,1800
1784593153.0134,19.6400,0.01999,50.04,983,586469,0.000,GUIDED,GUIDED,128,5.0,0.0,15.0,0.0,0.0,0.0,nan,nan,nan,nan,nan,nan,nan,nan,nan,nan,0.0027226958449175984,0.007582230071694857,0.0005424584993595295,0,0,5.038003444671631,-0.03249938413500786,14.998795509338379,-0.023513248190283775,0.014385925605893135,0.000382224447093904,0,0,-1000,-2,-1,0,0.0004973907489329576,-0.0006320803076960146,0.0006229341379366815,-0.0011260127648711205,63,3135,0.019902706146240234,12.312,28.76,14,6,10,1.21,831,0.0035128716845065355,0.0003337784146424383,0.006642199121415615,1500,1500,1000,1500,1800,1000,1000,1800
1784593153.0334,19.6600,0.01997,50.07,984,586489,0.000,GUIDED,GUIDED,128,5.0,0.0,15.0,0.0,0.0,0.0,nan,nan,nan,nan,nan,nan,nan,nan,nan,nan,0.002765181018169048,0.007351345161190546,0.000544860066642245,0,0,5.037656784057617,-0.032415591180324554,14.99881362915039,-0.023337632417678833,0.014470849186182022,0.00037037642323412,0,0,-1000,1,1,0,0.0005268866079859436,-0.0005869116866961122,0.000625045329798013,-0.0011779731139540672,63,3135,0.019905567169189453,12.312,28.76,14,6,10,1.21,831,0.0035128716845065355,0.0003337784146424383,0.006642199121415615,1500,1500,1000,1500,1800,1000,1000,1800
1784593153.0534,19.6800,0.02004,49.90,985,586509,0.000,GUIDED,GUIDED,128,5.0,0.0,15.0,0.0,0.0,0.0,nan,nan,nan,nan,nan,nan,nan,nan,nan,nan,0.0025901354053512876,0.0075104229490863435,0.000576735630463775,0,0,5.037424564361572,-0.032512880861759186,14.99884033203125,-0.023102497681975365,0.01443517580628395,0.00033655614242888987,0,0,-1000,-2,-1,0,0.0004776782006956637,-0.0006247053388506174,0.000630141410510987,-0.0012146211229264736,63,3135,0.019956588745117188,12.312,28.76,14,6,10,1.21,831,0.0035128716845065355,0.0003337784146424383,0.006642199121415615,1500,1500,1000,1500,1800,1000,1000,1800
1784593153.0734,19.7000,0.01997,50.07,986,586529,0.000,GUIDED,GUIDED,128,5.0,0.0,15.0,0.0,0.0,0.0,nan,nan,nan,nan,nan,nan,nan,nan,nan,nan,0.00240446742406996,0.007599889219615619,0.0005733537727818729,0,0,5.037174224853516,-0.03257477283477783,14.998865127563477,-0.022850768640637398,0.014419255778193474,0.0003241929516661912,0,0,-1001,1,1,0,0.0005021177930757403,-0.0005841988604515791,0.0006336342776194215,-0.0011897535296157002,63,3135,0.019905567169189453,12.312,28.76,14,6,10,1.21,831,0.0035128716845065355,0.0003337784146424383,0.006642199121415615,1500,1500,1000,1500,1800,1000,1000,1800
1784593153.0934,19.7200,0.02002,49.95,987,586549,0.000,GUIDED,GUIDED,128,5.0,0.0,15.0,0.0,0.0,0.0,nan,nan,nan,nan,nan,nan,nan,nan,nan,nan,0.0025682280272218347,0.007373937243285753,0.0006129852115341624,0,0,5.036815166473389,-0.03244899585843086,14.998879432678223,-0.022738013416528702,0.01447709184139967,0.00029305266798473895,0,0,-1000,-2,0,0,0.0004344761255197227,-0.0006236453191377223,0.0006331028416752815,-0.0011944564757868648,63,3135,0.01993703842163086,12.312,28.76,14,6,10,1.21,831,0.0035128716845065355,0.0003337784146424383,0.006642199121415615,1500,1500,1000,1500,1800,1000,1000,1800
1784593153.1134,19.7401,0.02001,49.97,988,586569,0.000,GUIDED,GUIDED,128,5.0,0.0,15.0,0.0,0.0,0.0,nan,nan,nan,nan,nan,nan,nan,nan,nan,nan,0.0025075754115063825,0.007343513634590848,0.0006351548688362796,0,0,5.036540985107422,-0.03246280178427696,14.9989013671875,-0.022544696927070618,0.014502627775073051,0.00026758911553770304,0,0,-1000,0,-1,0,0.0004559856897685677,-0.000643785169813782,0.0006306741270236671,-0.0011416514171287417,63,3135,0.019929885864257812,12.312,28.76,14,6,10,1.21,831,0.0035128716845065355,0.0003337784146424383,0.006642199121415615,1500,1500,1000,1500,1800,1000,1000,1800
1784593153.1334,19.7600,0.02001,49.98,989,586589,0.000,GUIDED,GUIDED,128,5.0,0.0,15.0,0.0,0.0,0.0,nan,nan,nan,nan,nan,nan,nan,nan,nan,nan,0.0026637532550297938,0.006967966142477803,0.0007216855583027076,0,0,5.0361738204956055,-0.03231232985854149,14.998917579650879,-0.02242288365960121,0.01463257521390915,0.00020827032858505845,0,0,-1000,-1,1,0,0.0004033255099784583,-0.0006295908242464066,0.0006238313508220017,-0.0012191892601549625,63,3135,0.019915342330932617,12.312,28.76,14,6,10,1.21,831,0.0035128716845065355,0.0003337784146424383,0.006642199121415615,1500,1500,1000,1500,1800,1000,1000,1800
1784593153.1538,19.7801,0.02035,49.13,990,586609,0.000,GUIDED,GUIDED,128,5.0,0.0,15.0,0.0,0.0,0.0,nan,nan,nan,nan,nan,nan,nan,nan,nan,nan,0.002424121831522283,0.0071944821359348175,0.0007263674515868546,0,0,5.035994052886963,-0.0324249304831028,14.998942375183105,-0.022180743515491486,0.014566806145012379,0.00019125152903143317,0,0,-1000,0,-2,0,0.00040213606553152204,-0.0006898439023643732,0.0006236335029825568,-0.001220684265717864,63,3135,0.020273447036743164,12.312,28.76,14,6,10,1.21,831,0.004276405554264784,0.00031554349698126316,0.006753883790224791,1500,1500,1000,1500,1800,1000,1000,1800
1784593153.1734,19.8000,0.01964,50.92,991,586629,0.000,GUIDED,GUIDED,128,5.0,0.0,15.0,0.0,0.0,0.0,nan,nan,nan,nan,nan,nan,nan,nan,nan,nan,0.0020329840737761257,0.007620490375235409,0.0007988033717595744,0,0,5.035897731781006,-0.032636698335409164,14.99896240234375,-0.021899309009313583,0.014443114399909973,0.0001378679444314912,0,0,-1000,0,1,0,0.0003856474068015814,-0.0006490294472314417,0.0006333529599942267,-0.001209734007716179,63,3135,0.01955699920654297,12.312,28.76,14,6,10,1.21,831,0.004276405554264784,0.00031554349698126316,0.006753883790224791,1500,1500,1000,1500,1800,1000,1000,1800
1784593153.1934,19.8200,0.02000,50.01,992,586649,0.000,GUIDED,GUIDED,128,5.0,0.0,15.0,0.0,0.0,0.0,nan,nan,nan,nan,nan,nan,nan,nan,nan,nan,0.0020793192377475053,0.007436306927619731,0.00077338405406041,0,0,5.035621643066406,-0.0325816385447979,14.998973846435547,-0.0217666607350111,0.014517663978040218,0.00014593654486816376,0,0,-1001,0,-2,0,0.00038942048558965325,-0.0007056515314616263,0.000638977566268295,-0.0012739599915221334,63,3135,0.019915342330932617,12.312,28.76,14,6,10,1.21,831,0.004276405554264784,0.00031554349698126316,0.006753883790224791,1500,1500,1000,1500,1800,1000,1000,1800
1784593153.2134,19.8400,0.01999,50.03,993,586669,0.000,GUIDED,GUIDED,128,5.0,0.0,15.0,0.0,0.0,0.0,nan,nan,nan,nan,nan,nan,nan,nan,nan,nan,0.0017671249812293496,0.007719812387344715,0.000780451135016356,0,0,5.035488128662109,-0.03273073583841324,14.998991012573242,-0.021509330719709396,0.014440063387155533,0.00013194548955652863,0,0,-1001,0,0,0,0.00039105155155994,-0.0006890524527989328,0.0006429481436498463,-0.0012466938933357596,63,3135,0.019907236099243164,12.312,28.76,14,6,10,1.21,831,0.004276405554264784,0.00031554349698126316,0.006753883790224791,1500,1500,1000,1500,1800,1000,1000,1800
1784593153.2334,19.8600,0.02001,49.97,994,586689,0.000,GUIDED,GUIDED,128,5.0,0.0,15.0,0.0,0.0,0.0,nan,nan,nan,nan,nan,nan,nan,nan,nan,nan,0.001865283973347072,0.007509276865721809,0.0007556977128874349,0,0,5.03519868850708,-0.03264614939689636,14.999004364013672,-0.021398894488811493,0.014512780122458935,0.0001385284267598763,0,0,-1001,-1,0,0,0.00035890922299586236,-0.0007174643105827272,0.0006456853006966412,-0.001194386975839734,63,3135,0.019930362701416016,12.312,28.76,14,6,10,1.21,831,0.004276405554264784,0.00031554349698126316,0.006753883790224791,1500,1500,1000,1500,1800,1000,1000,1800
1784593153.2534,19.8800,0.01996,50.09,995,586709,0.000,GUIDED,GUIDED,128,5.0,0.0,15.0,0.0,0.0,0.0,nan,nan,nan,nan,nan,nan,nan,nan,nan,nan,0.0016443945869468943,0.007618084321004387,0.0007659937280252577,0,0,5.035038948059082,-0.032742273062467575,14.999027252197266,-0.021179137751460075,0.014505457133054733,0.0001193695206893608,0,0,-1000,1,0,0,0.00037309006438590586,-0.0006999244797043502,0.0006502413307316601,-0.0012493990361690521,63,3135,0.019898414611816406,12.312,28.76,14,6,10,1.21,831,0.004276405554264784,0.00031554349698126316,0.006753883790224791,1500,1500,1000,1500,1800,1000,1000,1800
1784593153.2734,19.9000,0.02002,49.94,996,586729,0.000,GUIDED,GUIDED,128,5.0,0.0,15.0,0.0,0.0,0.0,nan,nan,nan,nan,nan,nan,nan,nan,nan,nan,0.001440443611875876,0.007714586848273718,0.0007388763657499865,0,0,5.034858226776123,-0.03280271962285042,14.999048233032227,-0.02095704711973667,0.014484640210866928,0.00012291244638618082,0,0,-1001,-2,0,0,0.0003286555001977831,-0.0007148098084144294,0.000651705777272582,-0.001329007325693965,63,3135,0.0199432373046875,12.312,28.76,14,6,10,1.21,831,0.004276405554264784,0.00031554349698126316,0.006753883790224791,1500,1500,1000,1500,1800,1000,1000,1800
1784593153.2934,19.9200,0.01999,50.02,997,586749,0.000,GUIDED,GUIDED,128,5.0,0.0,15.0,0.0,0.0,0.0,nan,nan,nan,nan,nan,nan,nan,nan,nan,nan,0.0015626663488116088,0.0073980879030662965,0.0007472574628273965,0,0,5.034551620483398,-0.03267502412199974,14.999059677124023,-0.020850593224167824,0.014593645930290222,0.00011146636825287715,0,0,-1001,1,0,0,0.00035380656481720507,-0.0007114734617061913,0.0006505292258225381,-0.0012837452813982964,63,3135,0.019909381866455078,12.312,28.76,14,6,10,1.21,831,0.004276405554264784,0.00031554349698126316,0.006753883790224791,1500,1500,1000,1500,1800,1000,1000,1800
1784593153.3134,19.9401,0.02003,49.94,998,586769,0.000,GUIDED,GUIDED,128,5.0,0.0,15.0,0.0,0.0,0.0,nan,nan,nan,nan,nan,nan,nan,nan,nan,nan,0.0014426200169305736,0.0073414083950595795,0.0007793470657307274,0,0,5.0343427658081055,-0.03268598020076752,14.999077796936035,-0.020660702139139175,0.014632695354521275,8.247794903581962e-05,0,0,-1000,-1,0,0,0.00031487568048760295,-0.0007104717078618705,0.0006464988109655678,-0.0012614722363650799,63,3135,0.0199434757232666,12.312,28.76,14,6,10,1.21,831,0.004276405554264784,0.00031554349698126316,0.006753883790224791,1500,1500,1000,1500,1800,1000,1000,1800
1784593153.3334,19.9600,0.02000,50.01,999,586789,0.000,GUIDED,GUIDED,128,5.0,0.0,15.0,0.0,0.0,0.0,nan,nan,nan,nan,nan,nan,nan,nan,nan,nan,0.0016479806536615488,0.0069885242249097465,0.0007755773645217966,0,0,5.0340256690979,-0.03253287822008133,14.999101638793945,-0.02059619128704071,0.014748039655387402,7.08892839611508e-05,0,0,-1000,1,0,0,0.0003367453464306891,-0.0007110268343240023,0.0006398194818757474,-0.001244628569111228,63,3135,0.019913673400878906,12.312,28.76,14,6,10,1.21,831,0.004276405554264784,0.00031554349698126316,0.006753883790224791,1500,1500,1000,1500,1800,1000,1000,1800
1784593153.3534,19.9800,0.02000,50.01,1000,586809,0.000,GUIDED,GUIDED,128,5.0,0.0,15.0,0.0,0.0,0.0,nan,nan,nan,nan,nan,nan,nan,nan,nan,nan,0.001316222394411988,0.007211894879369237,0.0007566608029760548,0,0,5.033923149108887,-0.03264239802956581,14.99914264678955,-0.02034546062350273,0.014682307839393616,5.813478855998255e-05,0,0,-1001,-1,1,0,0.00029830128187313676,-0.0006921839667484164,0.0006390922935679555,-0.0012760175159201026,63,3135,0.019916534423828125,12.312,28.76,14,6,10,1.21,831,0.004276405554264784,0.00031554349698126316,0.006753883790224791,1500,1500,1000,1500,1800,1000,1000,1800
1784593153.3734,20.0000,0.02000,49.99,1001,586829,0.000,GUIDED,GUIDED,128,5.0,0.0,15.0,0.0,0.0,0.0,nan,nan,nan,nan,nan,nan,nan,nan,nan,nan,0.0008410734958317831,0.007634464132481568,0.0006738731327905568,0,0,5.033915042877197,-0.032850831747055054,14.999181747436523,-0.020066453143954277,0.01455867663025856,8.335750317201018e-05,0,0,-1001,1,0,0,0.00032601720886304975,-0.0007008903194218874,0.0006484806654043496,-0.0012927849311381578,63,3135,0.019921302795410156,12.312,28.76,14,6,10,1.21,831,0.004276405554264784,0.00031554349698126316,0.006753883790224791,1500,1500,1000,1500,1800,1000,1000,1800
1784593153.3937,20.0200,0.02030,49.27,1002,586849,0.000,GUIDED,GUIDED,128,5.0,0.0,15.0,0.0,0.0,0.0,nan,nan,nan,nan,nan,nan,nan,nan,nan,nan,0.00087588270790534,0.007489947557216027,0.0006491685607276815,0,0,5.033699989318848,-0.03279315307736397,14.999200820922852,-0.019962389022111893,0.014608812518417835,8.660861203679815e-05,0,0,-1001,-1,1,0,0.00029015616746619344,-0.0006664686952717602,0.0006543203489854932,-0.0013204622082412243,63,3135,0.019916534423828125,12.312,28.76,14,6,10,1.21,831,0.004619162529706955,0.0006036784034222364,0.0069796121679246426,1500,1500,1000,1500,1800,1000,1000,1800
1784593153.4134,20.0401,0.01971,50.74,1003,586869,0.000,GUIDED,GUIDED,128,5.0,0.0,15.0,0.0,0.0,0.0,nan,nan,nan,nan,nan,nan,nan,nan,nan,nan,0.0004988719510934866,0.007723055357681481,0.0007154052146242968,0,0,5.03364896774292,-0.03293905034661293,14.999234199523926,-0.019715264439582825,0.014558461494743824,2.909571776399389e-05,0,0,-1000,1,-1,0,0.00032857750193215907,-0.0006916126003488898,0.0006566012161783874,-0.0013899074401706457,63,3135,0.019625186920166016,12.312,28.76,14,6,10,1.21,831,0.004619162529706955,0.0006036784034222364,0.0069796121679246426,1500,1500,1000,1500,1800,1000,1000,1800
1784593153.4334,20.0600,0.01999,50.02,1004,586889,0.000,GUIDED,GUIDED,128,5.0,0.0,15.0,0.0,0.0,0.0,nan,nan,nan,nan,nan,nan,nan,nan,nan,nan,0.0005851320861256643,0.007482365710378348,0.0007183689954087495,0,0,5.033416748046875,-0.03285129368305206,14.999262809753418,-0.019630994647741318,0.014646757394075394,1.086645443137968e-05,0,0,-1000,-1,2,0,0.0002865522401407361,-0.0006499771261587739,0.0006563382339663804,-0.0013994204346090555,63,3135,0.01990985870361328,12.312,28.76,14,6,10,1.21,831,0.004619162529706955,0.0006036784034222364,0.0069796121679246426,1500,1500,1000,1500,1800,1000,1000,1800
