wall_time,cur_time,cur_loop_dt,cur_ctrl_freq,loop_count,fc_time_boot_ms,hb_age_s,sent_mode,echoed_mode,armed,drone_px_ref,drone_py_ref,drone_pz_ref,drone_vx_ref,drone_vy_ref,drone_vz_ref,payload_px_ref,payload_py_ref,payload_pz_ref,payload_vx_ref,payload_vy_ref,payload_vz_ref,payload_alpha_x,payload_alpha_y,payload_alphadot_x,payload_alphadot_y,ux,uy,uz,yaw_ref,yaw_rate_ref,drone_px_meas,drone_py_meas,drone_pz_meas,drone_vx_meas,drone_vy_meas,drone_vz_meas,drone_ax_meas,drone_ay_meas,drone_az_meas,drone_gyrox_meas,drone_gyroy_meas,drone_gyroz_meas,drone_roll,drone_pitch,drone_yaw,drone_yaw_rate,sent_setpoint_bitmask,echoed_setpoint_bitmask,setpoint_bitmask_callback_dt,batt_voltage,batt_current,batt_rem_percent,GPS_fix_type,sat_count,HDOP,ekf_flags,ekf_pos_horiz_var,ekf_pos_vert_var,ekf_vel_var,ch1,ch2,ch3,ch4,ch5,ch6,ch7,ch8
1783904315.3162,0.0000,nan,nan,1,59619,nan,GUIDED,?,0,0.0,3.5762786865234375e-07,10.0,0.0,0.5,0.0,nan,nan,nan,nan,nan,nan,nan,nan,nan,nan,-0.02255445028658685,0.8899909784056507,0.001801445348114254,0,0,-0.017988158389925957,0.018097572028636932,9.99589729309082,0.023407286033034325,-0.024284962564706802,0.001328633981756866,0,0,-1001,0,-1,0,0.0032826901879161596,0.0032450645230710506,-0.12638550996780396,0.00124448724091053,3135,3576,nan,nan,nan,nan,nan,nan,nan,nan,nan,nan,nan,nan,nan,nan,nan,nan,nan,nan,nan
1783904315.3363,0.0201,0.02009,49.77,2,59639,nan,GUIDED,?,0,0.0,0.010034322738647461,10.0,0.0,0.5,0.0,nan,nan,nan,nan,nan,nan,nan,nan,nan,nan,-0.022016324459934424,0.8998103993309787,0.0018162811549772167,0,0,-0.01822636090219021,0.0180885698646307,9.995948791503906,0.02323412522673607,-0.02415589801967144,0.0012903359020128846,0,0,-1001,0,-1,0,0.0032420745119452477,0.0031973461154848337,-0.1263810694217682,0.001271439716219902,3135,3135,0.0200350284576416,nan,nan,nan,nan,nan,nan,nan,nan,nan,nan,nan,nan,nan,nan,nan,nan,nan,nan
1783904315.3563,0.0401,0.02001,49.97,3,59659,nan,GUIDED,?,0,0.0,0.020029544830322266,10.0,0.0,0.5,0.0,nan,nan,nan,nan,nan,nan,nan,nan,nan,nan,-0.021585172600090834,0.9096849748584682,0.0017808776209758208,0,0,-0.01840401440858841,0.01803606003522873,9.995997428894043,0.023087767884135246,-0.024055926129221916,0.0012826953316107392,0,0,-1001,0,-1,0,0.0032002597581595182,0.0030957963317632675,-0.12637603282928467,0.0011728344252333045,3135,3135,0.019933462142944336,nan,nan,nan,nan,nan,nan,nan,nan,nan,nan,1500,1500,1000,1500,1800,1000,1000,1800
1783904315.3763,0.0601,0.01997,50.08,4,59679,nan,GUIDED,?,0,0.0,0.03002786636352539,10.0,0.0,0.5,0.0,nan,nan,nan,nan,nan,nan,nan,nan,nan,nan,-0.021824297108052015,0.9199882438253492,0.0016339044020317315,0,0,-0.018240876495838165,0.017754405736923218,9.9960355758667,0.023131638765335083,-0.024069374427199364,0.0013455261941999197,0,0,-1001,0,-1,0,0.0030566907953470945,0.0027218491304665804,-0.12636739015579224,0.001245078630745411,3135,3135,0.019913673400878906,nan,nan,nan,nan,nan,nan,nan,nan,nan,nan,1500,1500,1000,1500,1800,1000,1000,1800
1783904315.3963,0.0801,0.02001,49.97,5,59699,nan,GUIDED,?,0,0.0,0.04002797603607178,10.0,0.0,0.5,0.0,nan,nan,nan,nan,nan,nan,nan,nan,nan,nan,-0.02142008527965605,0.9296861879415782,0.0015036281911172855,0,0,-0.018347855657339096,0.01764930598437786,9.996085166931152,0.022960031405091286,-0.023834239691495895,0.0013921097852289677,0,0,-1001,0,-1,0,0.0029829523991793394,0.0018252736190333962,-0.1263727843761444,0.001215364784002304,3135,3135,0.01994490623474121,nan,nan,nan,nan,nan,nan,831,0.004820425063371658,1.9403218175284564e-05,0.009031987749040127,1500,1500,1000,1500,1800,1000,1000,1800
1783904315.4163,0.1001,0.01999,50.03,6,59719,nan,GUIDED,?,0,0.0,0.05002748966217041,10.0,0.0,0.5,0.0,nan,nan,nan,nan,nan,nan,nan,nan,nan,nan,-0.0215832195950626,0.9393934660335173,0.0013798251787080522,0,0,-0.01815352402627468,0.0173491183668375,9.996124267578125,0.022942019626498222,-0.023492204025387764,0.0014410127187147737,0,0,-1001,0,-1,0,0.0028625773265957832,0.00030321438680402935,-0.12638062238693237,0.001241021673195064,3135,3135,0.01993250846862793,nan,nan,nan,nan,nan,nan,831,0.004820425063371658,1.9403218175284564e-05,0.009031987749040127,1500,1500,1000,1500,1800,1000,1000,1800
1783904315.4363,0.1201,0.01999,50.04,7,59739,nan,GUIDED,?,0,0.0,0.060025930404663086,10.0,0.0,0.5,0.0,nan,nan,nan,nan,nan,nan,nan,nan,nan,nan,-0.0211668727253622,0.9480967607015698,0.0012232320801875943,0,0,-0.01819017343223095,0.017208049073815346,9.996173858642578,0.022722801193594933,-0.02266300469636917,0.0015027903718873858,0,0,-1001,0,-1,0,0.0028503781650215387,-0.0018933655228465796,-0.12638698518276215,0.0012502955505624413,3135,3135,0.019936561584472656,nan,nan,nan,nan,nan,nan,831,0.004820425063371658,1.9403218175284564e-05,0.009031987749040127,1500,1500,1000,1500,1800,1000,1000,1800
1783904315.4563,0.1401,0.02001,49.97,8,59759,nan,GUIDED,?,0,0.0,0.07002532482147217,10.0,0.0,0.5,0.0,nan,nan,nan,nan,nan,nan,nan,nan,nan,nan,-0.020732296434167404,0.9559997488079738,0.001263307760206233,0,0,-0.018183957785367966,0.017054341733455658,9.996224403381348,0.022468309849500656,-0.02136390097439289,0.0014504706487059593,0,0,-1001,0,-1,0,0.0028857956640422344,-0.004765428602695465,-0.12639319896697998,0.001288917614147067,3135,3135,0.0199434757232666,nan,nan,nan,nan,nan,nan,831,0.004820425063371658,1.9403218175284564e-05,0.009031987749040127,1500,1500,1000,1500,1800,1000,1000,1800
1783904315.4763,0.1601,0.01998,50.04,9,59779,nan,GUIDED,?,0,0.0,0.08002650737762451,10.0,0.0,0.5,0.0,nan,nan,nan,nan,nan,nan,nan,nan,nan,nan,-0.020743120538405223,0.9630764055292492,0.0012200966679613884,0,0,-0.017942680045962334,0.016776764765381813,9.996262550354004,0.02233525738120079,-0.01951516605913639,0.0014533944195136428,0,0,-1001,0,-1,0,0.003002296667546034,-0.008399732410907745,-0.12639781832695007,0.0014006331330165267,3135,3135,0.019937753677368164,nan,nan,nan,nan,nan,nan,831,0.004820425063371658,1.9403218175284564e-05,0.009031987749040127,1500,1500,1000,1500,1800,1000,1000,1800
1783904315.4963,0.1800,0.01999,50.03,10,59799,nan,GUIDED,?,0,0.0,0.09002435207366943,10.0,0.0,0.5,0.0,nan,nan,nan,nan,nan,nan,nan,nan,nan,nan,-0.020169363246112144,0.9685313330580554,0.0012074528689138084,0,0,-0.01789410412311554,0.016660509631037712,9.996310234069824,0.02197595313191414,-0.01682519167661667,0.0014331641141325235,0,0,-1001,0,-1,0,0.003253393340855837,-0.01269212644547224,-0.12641534209251404,0.001513514667749405,3135,3135,0.019941329956054688,nan,nan,nan,nan,nan,nan,831,0.004820425063371658,1.9403218175284564e-05,0.009031987749040127,1500,1500,1000,1500,1800,1000,1000,1800
1783904315.5163,0.2001,0.02007,49.83,11,59819,nan,GUIDED,?,0,0.0,0.10002970695495605,10.0,0.0,0.5,0.0,nan,nan,nan,nan,nan,nan,nan,nan,nan,nan,-0.019587085043066037,0.9723386890834004,0.0010972644599261342,0,0,-0.017834166064858437,0.016597168520092964,9.996369361877441,0.021605169400572777,-0.013210205361247063,0.0014626439660787582,0,0,-1001,0,-1,0,0.003530058776959777,-0.0177069790661335,-0.1264304369688034,0.0016771000809967518,3135,3135,0.02000284194946289,nan,nan,nan,nan,nan,nan,831,0.004820425063371658,1.9403218175284564e-05,0.009031987749040127,1500,1500,1000,1500,1800,1000,1000,1800
1783904315.5363,0.2201,0.01997,50.07,12,59839,nan,GUIDED,?,0,0.0,0.11002790927886963,10.0,0.0,0.5,0.0,nan,nan,nan,nan,nan,nan,nan,nan,nan,nan,-0.018113502216174016,0.9738102196105616,0.001042557962671319,0,0,-0.0181119367480278,0.01682334765791893,9.996456146240234,0.020914766937494278,-0.008417913690209389,0.0014441238017752767,0,0,-1001,0,-1,0,0.0039287591353058815,-0.023283695802092552,-0.12644091248512268,0.0016762115992605686,3135,3135,0.019916296005249023,nan,nan,nan,nan,nan,nan,831,0.004820425063371658,1.9403218175284564e-05,0.009031987749040127,1500,1500,1000,1500,1800,1000,1000,1800
1783904315.5566,0.2400,0.02029,49.29,13,59859,nan,GUIDED,?,0,0.0,0.12002444267272949,10.0,0.0,0.5,0.0,nan,nan,nan,nan,nan,nan,nan,nan,nan,nan,-0.016708576178787262,0.9732844394518179,0.0007589802014953879,0,0,-0.01833941414952278,0.01711345463991165,9.996539115905762,0.0202349666506052,-0.002510346472263336,0.0015599449397996068,0,0,-1001,24,-303,0,0.004393537528812885,-0.029395263642072678,-0.12645012140274048,0.0018386734882369637,3135,3135,0.020220518112182617,nan,nan,nan,nan,nan,nan,831,0.004820425063371658,1.9403218175284564e-05,0.009031987749040127,1500,1500,1000,1500,1800,1000,1000,1800
1783904315.5763,0.2601,0.01969,50.79,14,59879,nan,GUIDED,?,0,0.0,0.13002586364746094,10.0,0.0,0.5,0.0,nan,nan,nan,nan,nan,nan,nan,nan,nan,nan,-0.015921492204429042,0.9710585988372687,0.0008410845614914798,0,0,-0.018238084390759468,0.017317071557044983,9.99659538269043,0.019722040742635727,0.004431508015841246,0.0014800563221797347,0,0,-1001,24,-303,0,0.004907011054456234,-0.03574831411242485,-0.12645789980888367,0.0020115901716053486,3135,3135,0.01963949203491211,nan,nan,nan,nan,nan,nan,831,0.004820425063371658,1.9403218175284564e-05,0.009031987749040127,1500,1500,1000,1500,1800,1000,1000,1800
1783904315.5963,0.2800,0.02002,49.95,15,59899,nan,GUIDED,?,0,0.0,0.14002478122711182,10.0,0.0,0.5,0.0,nan,nan,nan,nan,nan,nan,nan,nan,nan,nan,-0.014444739133176402,0.9661770481381687,0.0008216607900593843,0,0,-0.01841742917895317,0.01783924549818039,9.996671676635742,0.018972981721162796,0.012721273116767406,0.0014472223119810224,0,0,-1001,24,-303,0,0.005420818459242582,-0.04203404486179352,-0.1264801323413849,0.002017783699557185,3135,3135,0.019955873489379883,nan,nan,nan,nan,nan,nan,831,0.005082270130515099,9.061417949851602e-05,0.009469103068113327,1500,1500,1000,1500,1800,1000,1000,1800
1783904315.6163,0.3001,0.01999,50.02,16,59919,nan,GUIDED,?,0,0.0,0.15002691745758057,10.0,0.0,0.5,0.0,nan,nan,nan,nan,nan,nan,nan,nan,nan,nan,-0.013574518730443321,0.959514308097559,0.0009223000953710835,0,0,-0.01830766350030899,0.018348366022109985,9.996720314025879,0.01840718649327755,0.02204880304634571,0.0013610373716801405,0,0,-1001,24,-303,0,0.005964985582977533,-0.04820462688803673,-0.12650412321090698,0.002148223342373967,3135,3135,0.01993727684020996,nan,nan,nan,nan,nan,nan,831,0.005082270130515099,9.061417949851602e-05,0.009469103068113327,1500,1500,1000,1500,1800,1000,1000,1800
1783904315.6363,0.3200,0.01997,50.07,17,59939,nan,GUIDED,?,0,0.0,0.16002416610717773,10.0,0.0,0.5,0.0,nan,nan,nan,nan,nan,nan,nan,nan,nan,nan,-0.012076342553261173,0.9504232328780803,0.0010738188481820765,0,0,-0.01843944564461708,0.01919538713991642,9.996787071228027,0.017618298530578613,0.0325804241001606,0.0012350156903266907,0,0,-1001,24,-303,0,0.0064719668589532375,-0.05405385419726372,-0.1265290230512619,0.002044546650722623,3135,3135,0.01992630958557129,nan,nan,nan,nan,nan,nan,831,0.005082270130515099,9.061417949851602e-05,0.009469103068113327,1500,1500,1000,1500,1800,1000,1000,1800
1783904315.6563,0.3400,0.02001,49.97,18,59959,nan,GUIDED,?,0,0.0,0.17002415657043457,10.0,0.0,0.5,0.0,nan,nan,nan,nan,nan,nan,nan,nan,nan,nan,-0.01058322112716183,0.9393125784497188,0.0010967506943319561,0,0,-0.018539302051067352,0.020231930539011955,9.996850967407227,0.016813896596431732,0.044170212000608444,0.0011848855065181851,0,0,-1001,24,-303,0,0.006976465694606304,-0.05949655920267105,-0.12655484676361084,0.001873746863566339,3135,3135,0.019949913024902344,nan,nan,nan,nan,nan,nan,831,0.005082270130515099,9.061417949851602e-05,0.009469103068113327,1500,1500,1000,1500,1800,1000,1000,1800
1783904315.6763,0.3600,0.01999,50.03,19,59979,nan,GUIDED,?,0,0.0,0.1800241470336914,10.0,0.0,0.5,0.0,nan,nan,nan,nan,nan,nan,nan,nan,nan,nan,-0.009572424499204927,0.9266255342479173,0.0013389318660322563,0,0,-0.018415542319417,0.021362600848078728,9.996891021728516,0.01615886017680168,0.056615784764289856,0.0010219367686659098,0,0,-1001,24,-303,0,0.007444847375154495,-0.06449389457702637,-0.1265803575515747,0.0017485350836068392,3135,3135,0.019942522048950195,nan,nan,nan,nan,nan,nan,831,0.005082270130515099,9.061417949851602e-05,0.009469103068113327,1500,1500,1000,1500,1800,1000,1000,1800
1783904315.6962,0.3800,0.01999,50.02,20,59999,nan,GUIDED,?,0,0.0,0.19002413749694824,10.0,0.0,0.5,0.0,nan,nan,nan,nan,nan,nan,nan,nan,nan,nan,-0.008059246134628988,0.9119499017815292,0.0013904430075560074,0,0,-0.018494000658392906,0.02286270260810852,9.996944427490234,0.015330524183809757,0.069996178150177,0.0009613629663363099,0,0,-1001,24,-303,0,0.007862700149416924,-0.06895429641008377,-0.1266208440065384,0.001505957916378975,3135,3135,0.019950151443481445,nan,nan,nan,nan,nan,nan,831,0.005082270130515099,9.061417949851602e-05,0.009469103068113327,1500,1500,1000,1500,1800,1000,1000,1800
1783904315.7163,0.4001,0.02010,49.74,21,60019,0.000,GUIDED,GUIDED,128,0.0,0.2000267505645752,10.0,0.0,0.5,0.0,nan,nan,nan,nan,nan,nan,nan,nan,nan,nan,-0.006581957862521061,0.8956353838029335,0.0014869580634657598,0,0,-0.018563535064458847,0.024683572351932526,9.996994972229004,0.01451775711029768,0.08413910120725632,0.0008764579542912543,0,0,-1001,24,-303,0,0.008273966610431671,-0.07293203473091125,-0.12667396664619446,0.0012155328877270222,3135,3135,0.0199892520904541,12.312,28.82,96,6,10,1.21,831,0.005082270130515099,9.061417949851602e-05,0.009469103068113327,1500,1500,1000,1500,1800,1000,1000,1800
1783904315.7363,0.4201,0.01997,50.07,22,60039,0.020,GUIDED,GUIDED,128,0.0,0.21003103256225586,10.0,0.0,0.5,0.0,nan,nan,nan,nan,nan,nan,nan,nan,nan,nan,-0.004351629218840646,0.8773380527686351,0.0014904310085681364,0,0,-0.01897139847278595,0.027039794251322746,9.997071266174316,0.01346555631607771,0.0991186797618866,0.0008304045186378062,0,0,-1001,24,-303,0,0.008591143414378166,-0.07638340443372726,-0.1267348974943161,0.0008598692947998643,3135,3135,0.01990532875061035,12.312,28.82,96,6,10,1.21,831,0.005082270130515099,9.061417949851602e-05,0.009469103068113327,1500,1500,1000,1500,1800,1000,1000,1800
1783904315.7563,0.4401,0.02002,49.96,23,60059,0.040,GUIDED,GUIDED,128,0.0,0.22002923488616943,10.0,0.0,0.5,0.0,nan,nan,nan,nan,nan,nan,nan,nan,nan,nan,-0.002242578106322196,0.857854157222373,0.0013227747121760402,0,0,-0.01933702453970909,0.029651731252670288,9.99714469909668,0.012458989396691322,0.11463217437267303,0.0008848044089972973,0,0,-1001,24,-303,0,0.008930865675210953,-0.07935546338558197,-0.12679879367351532,0.00043146766256541014,3135,3135,0.019928455352783203,12.312,28.82,96,6,10,1.21,831,0.005082270130515099,9.061417949851602e-05,0.009469103068113327,1500,1500,1000,1500,1800,1000,1000,1800
1783904315.7763,0.4601,0.01996,50.09,24,60079,0.060,GUIDED,GUIDED,128,0.0,0.2300320863723755,10.0,0.0,0.5,0.0,nan,nan,nan,nan,nan,nan,nan,nan,nan,nan,-0.0008076207636460164,0.8378997200574743,0.001196172083382894,0,0,-0.0193872582167387,0.03232206031680107,9.99718952178955,0.01165951881557703,0.13038630783557892,0.0009320200770162046,0,0,-1001,24,-303,0,0.009156877174973488,-0.08177337050437927,-0.1268678605556488,-0.0001692487858235836,3135,3135,0.019909381866455078,12.312,28.82,96,6,10,1.21,831,0.005082270130515099,9.061417949851602e-05,0.009469103068113327,1500,1500,1000,1500,1800,1000,1000,1800
1783904315.7967,0.4801,0.02037,49.09,25,60099,0.080,GUIDED,GUIDED,128,0.0,0.24002838134765625,10.0,0.0,0.5,0.0,nan,nan,nan,nan,nan,nan,nan,nan,nan,nan,0.001240011053130121,0.8166151585271768,0.0012581502467555676,0,0,-0.019717710092663765,0.0355076789855957,9.997254371643066,0.010668104514479637,0.14660710096359253,0.000858795887324959,-4,0,-1004,12,-83,-2,0.009434539824724197,-0.08369409292936325,-0.12695476412773132,-0.0007453674916177988,3135,3135,0.01994919776916504,12.312,28.82,96,6,10,1.21,831,0.005082270130515099,9.061417949851602e-05,0.009469103068113327,1500,1500,1000,1500,1800,1000,1000,1800
1783904315.8163,0.5001,0.01961,50.99,26,60099,0.100,GUIDED,GUIDED,128,0.0,0.2500343322753906,10.0,0.0,0.5,0.0,nan,nan,nan,nan,nan,nan,nan,nan,nan,nan,0.001240011053130121,0.8266211094549112,0.0012581502467555676,0,0,-0.019717710092663765,0.0355076789855957,9.997254371643066,0.010668104514479637,0.14660710096359253,0.000858795887324959,-4,0,-1004,12,-83,-2,0.009434539824724197,-0.08369409292936325,-0.12695476412773132,-0.0007453674916177988,3135,3135,0.019552230834960938,12.312,28.82,96,6,10,1.21,831,0.005082270130515099,9.061417949851602e-05,0.009469103068113327,1500,1500,1000,1500,1800,1000,1000,1800
1783904315.8363,0.5201,0.01998,50.06,27,60099,0.120,GUIDED,GUIDED,128,0.0,0.2600299119949341,10.0,0.0,0.5,0.0,nan,nan,nan,nan,nan,nan,nan,nan,nan,nan,0.001240011053130121,0.8366166891744546,0.0012581502467555676,0,0,-0.019717710092663765,0.0355076789855957,9.997254371643066,0.010668104514479637,0.14660710096359253,0.000858795887324959,-4,0,-1004,12,-83,-2,0.009434539824724197,-0.08369409292936325,-0.12695476412773132,-0.0007453674916177988,3135,3135,0.01992201805114746,12.312,28.82,96,6,10,1.21,831,0.005082270130515099,9.061417949851602e-05,0.009469103068113327,1500,1500,1000,1500,1800,1000,1000,1800
1783904315.8563,0.5401,0.02002,49.94,28,60099,0.140,GUIDED,GUIDED,128,0.0,0.27003252506256104,10.0,0.0,0.5,0.0,nan,nan,nan,nan,nan,nan,nan,nan,nan,nan,0.001240011053130121,0.8466193022420816,0.0012581502467555676,0,0,-0.019717710092663765,0.0355076789855957,9.997254371643066,0.010668104514479637,0.14660710096359253,0.000858795887324959,-4,0,-1004,12,-83,-2,0.009434539824724197,-0.08369409292936325,-0.12695476412773132,-0.0007453674916177988,3135,3135,0.01995682716369629,12.312,28.82,96,6,10,1.21,831,0.005082270130515099,9.061417949851602e-05,0.009469103068113327,1500,1500,1000,1500,1800,1000,1000,1800
1783904315.8763,0.5601,0.02000,50.00,29,60099,0.160,GUIDED,GUIDED,128,0.0,0.2800323963165283,10.0,0.0,0.5,0.0,nan,nan,nan,nan,nan,nan,nan,nan,nan,nan,0.001240011053130121,0.8566191734960489,0.0012581502467555676,0,0,-0.019717710092663765,0.0355076789855957,9.997254371643066,0.010668104514479637,0.14660710096359253,0.000858795887324959,-4,0,-1004,12,-83,-2,0.009434539824724197,-0.08369409292936325,-0.12695476412773132,-0.0007453674916177988,3135,3135,0.01993393898010254,12.312,28.82,96,6,10,1.21,831,0.005082270130515099,9.061417949851602e-05,0.009469103068113327,1500,1500,1000,1500,1800,1000,1000,1800
1783904315.8963,0.5801,0.02000,50.00,30,60099,0.180,GUIDED,GUIDED,128,0.0,0.2900327444076538,10.0,0.0,0.5,0.0,nan,nan,nan,nan,nan,nan,nan,nan,nan,nan,0.001240011053130121,0.8666195215871744,0.0012581502467555676,0,0,-0.019717710092663765,0.0355076789855957,9.997254371643066,0.010668104514479637,0.14660710096359253,0.000858795887324959,-4,0,-1004,12,-83,-2,0.009434539824724197,-0.08369409292936325,-0.12695476412773132,-0.0007453674916177988,3135,3135,0.01993393898010254,12.312,28.82,96,6,10,1.21,831,0.005082270130515099,9.061417949851602e-05,0.009469103068113327,1500,1500,1000,1500,1800,1000,1000,1800
1783904315.9163,0.6001,0.01998,50.05,31,60099,0.200,GUIDED,GUIDED,128,0.0,0.3000326156616211,10.0,0.0,0.5,0.0,nan,nan,nan,nan,nan,nan,nan,nan,nan,nan,0.001240011053130121,0.8766193928411417,0.0012581502467555676,0,0,-0.019717710092663765,0.0355076789855957,9.997254371643066,0.010668104514479637,0.14660710096359253,0.000858795887324959,-4,0,-1004,12,-83,-2,0.009434539824724197,-0.08369409292936325,-0.12695476412773132,-0.0007453674916177988,3135,3135,0.019925832748413086,12.312,28.82,96,6,10,1.21,831,0.005082270130515099,9.061417949851602e-05,0.009469103068113327,1500,1500,1000,1500,1800,1000,1000,1800
1783904315.9363,0.6201,0.02001,49.97,32,60099,0.220,GUIDED,GUIDED,128,0.0,0.31002867221832275,10.0,0.0,0.5,0.0,nan,nan,nan,nan,nan,nan,nan,nan,nan,nan,0.001240011053130121,0.8866154493978433,0.0012581502467555676,0,0,-0.019717710092663765,0.0355076789855957,9.997254371643066,0.010668104514479637,0.14660710096359253,0.000858795887324959,-4,0,-1004,12,-83,-2,0.009434539824724197,-0.08369409292936325,-0.12695476412773132,-0.0007453674916177988,3135,3135,0.01994490623474121,12.312,28.82,96,6,10,1.21,831,0.005082270130515099,9.061417949851602e-05,0.009469103068113327,1500,1500,1000,1500,1800,1000,1000,1800
1783904315.9563,0.6401,0.02000,50.01,33,60099,0.240,GUIDED,GUIDED,128,0.0,0.32002902030944824,10.0,0.0,0.5,0.0,nan,nan,nan,nan,nan,nan,nan,nan,nan,nan,0.001240011053130121,0.8966157974889688,0.0012581502467555676,0,0,-0.019717710092663765,0.0355076789855957,9.997254371643066,0.010668104514479637,0.14660710096359253,0.000858795887324959,-4,0,-1004,12,-83,-2,0.009434539824724197,-0.08369409292936325,-0.12695476412773132,-0.0007453674916177988,3135,3135,0.019933223724365234,12.312,28.82,96,6,10,1.21,831,0.005082270130515099,9.061417949851602e-05,0.009469103068113327,1500,1500,1000,1500,1800,1000,1000,1800
1783904315.9763,0.6601,0.02001,49.98,34,60099,0.260,GUIDED,GUIDED,128,0.0,0.33002984523773193,10.0,0.0,0.5,0.0,nan,nan,nan,nan,nan,nan,nan,nan,nan,nan,0.001240011053130121,0.9066166224172525,0.0012581502467555676,0,0,-0.019717710092663765,0.0355076789855957,9.997254371643066,0.010668104514479637,0.14660710096359253,0.000858795887324959,-4,0,-1004,12,-83,-2,0.009434539824724197,-0.08369409292936325,-0.12695476412773132,-0.0007453674916177988,3135,3135,0.019941329956054688,12.312,28.82,96,6,10,1.21,831,0.005082270130515099,9.061417949851602e-05,0.009469103068113327,1500,1500,1000,1500,1800,1000,1000,1800
1783904315.9963,0.6801,0.02000,49.99,35,60099,0.280,GUIDED,GUIDED,128,0.0,0.34003162384033203,10.0,0.0,0.5,0.0,nan,nan,nan,nan,nan,nan,nan,nan,nan,nan,0.001240011053130121,0.9166184010198526,0.0012581502467555676,0,0,-0.019717710092663765,0.0355076789855957,9.997254371643066,0.010668104514479637,0.14660710096359253,0.000858795887324959,-4,0,-1004,12,-83,-2,0.009434539824724197,-0.08369409292936325,-0.12695476412773132,-0.0007453674916177988,3135,3135,0.01993703842163086,12.312,28.82,96,6,10,1.21,831,0.005082270130515099,9.061417949851602e-05,0.009469103068113327,1500,1500,1000,1500,1800,1000,1000,1800
1783904316.0163,0.7001,0.02000,49.99,36,60099,0.300,GUIDED,GUIDED,128,0.0,0.35003459453582764,10.0,0.0,0.5,0.0,nan,nan,nan,nan,nan,nan,nan,nan,nan,nan,0.001240011053130121,0.9266213717153482,0.0012581502467555676,0,0,-0.019717710092663765,0.0355076789855957,9.997254371643066,0.010668104514479637,0.14660710096359253,0.000858795887324959,-4,0,-1004,12,-83,-2,0.009434539824724197,-0.08369409292936325,-0.12695476412773132,-0.0007453674916177988,3135,3135,0.019939184188842773,12.312,28.82,96,6,10,1.21,831,0.005082270130515099,9.061417949851602e-05,0.009469103068113327,1500,1500,1000,1500,1800,1000,1000,1800
1783904316.0363,0.7201,0.01998,50.05,37,60099,0.320,GUIDED,GUIDED,128,0.0,0.3600332736968994,10.0,0.0,0.5,0.0,nan,nan,nan,nan,nan,nan,nan,nan,nan,nan,0.001240011053130121,0.93662005087642,0.0012581502467555676,0,0,-0.019717710092663765,0.0355076789855957,9.997254371643066,0.010668104514479637,0.14660710096359253,0.000858795887324959,-4,0,-1004,12,-83,-2,0.009434539824724197,-0.08369409292936325,-0.12695476412773132,-0.0007453674916177988,3135,3135,0.01992487907409668,12.312,28.82,96,6,10,1.21,831,0.005082270130515099,9.061417949851602e-05,0.009469103068113327,1500,1500,1000,1500,1800,1000,1000,1800
1783904316.0567,0.7401,0.02048,48.83,38,60359,0.340,GUIDED,GUIDED,128,0.0,0.37002837657928467,10.0,0.0,0.5,0.0,nan,nan,nan,nan,nan,nan,nan,nan,nan,nan,0.023005133709730275,0.5095455957479995,-0.000850977324863176,0,0,-0.023639582097530365,0.10374482721090317,9.998022079467773,0.00036629894748330116,0.3595525920391083,0.001633264939300716,-9,0,-1005,6,-12,-8,0.011086659505963326,-0.0894288420677185,-0.1293392777442932,-0.0069717783480882645,3135,3135,0.020420551300048828,12.31,28.92,96,6,10,1.21,831,0.004966504406183958,0.00019429709936957806,0.0068443394266068935,1500,1500,1000,1500,1800,1000,1000,1800
1783904316.0763,0.7601,0.01951,51.26,39,60359,0.360,GUIDED,GUIDED,128,0.0,0.3800278902053833,10.0,0.0,0.5,0.0,nan,nan,nan,nan,nan,nan,nan,nan,nan,nan,0.023005133709730275,0.5195451093740981,-0.000850977324863176,0,0,-0.023639582097530365,0.10374482721090317,9.998022079467773,0.00036629894748330116,0.3595525920391083,0.001633264939300716,-9,0,-1005,6,-12,-8,0.011086659505963326,-0.0894288420677185,-0.1293392777442932,-0.0069717783480882645,3135,3135,0.0194547176361084,12.31,28.92,96,6,10,1.21,831,0.004966504406183958,0.00019429709936957806,0.0068443394266068935,1500,1500,1000,1500,1800,1000,1000,1800
1783904316.0963,0.7801,0.02001,49.97,40,60359,0.380,GUIDED,GUIDED,128,0.0,0.3900330066680908,10.0,0.0,0.5,0.0,nan,nan,nan,nan,nan,nan,nan,nan,nan,nan,0.023005133709730275,0.5295502258368057,-0.000850977324863176,0,0,-0.023639582097530365,0.10374482721090317,9.998022079467773,0.00036629894748330116,0.3595525920391083,0.001633264939300716,-9,0,-1005,6,-12,-8,0.011086659505963326,-0.0894288420677185,-0.1293392777442932,-0.0069717783480882645,3135,3135,0.019958019256591797,12.31,28.92,96,6,10,1.21,831,0.004966504406183958,0.00019429709936957806,0.0068443394266068935,1500,1500,1000,1500,1800,1000,1000,1800
1783904316.1163,0.8001,0.02000,50.00,41,60359,0.400,GUIDED,GUIDED,128,0.0,0.4000282287597656,10.0,0.0,0.5,0.0,nan,nan,nan,nan,nan,nan,nan,nan,nan,nan,0.023005133709730275,0.5395454479284805,-0.000850977324863176,0,0,-0.023639582097530365,0.10374482721090317,9.998022079467773,0.00036629894748330116,0.3595525920391083,0.001633264939300716,-9,0,-1005,6,-12,-8,0.011086659505963326,-0.0894288420677185,-0.1293392777442932,-0.0069717783480882645,3135,3135,0.019936561584472656,12.31,28.92,96,6,10,1.21,831,0.004966504406183958,0.00019429709936957806,0.0068443394266068935,1500,1500,1000,1500,1800,1000,1000,1800
1783904316.1363,0.8201,0.01999,50.02,42,60359,0.420,GUIDED,GUIDED,128,0.0,0.4100273847579956,10.0,0.0,0.5,0.0,nan,nan,nan,nan,nan,nan,nan,nan,nan,nan,0.023005133709730275,0.5495446039267105,-0.000850977324863176,0,0,-0.023639582097530365,0.10374482721090317,9.998022079467773,0.00036629894748330116,0.3595525920391083,0.001633264939300716,-9,0,-1005,6,-12,-8,0.011086659505963326,-0.0894288420677185,-0.1293392777442932,-0.0069717783480882645,3135,3135,0.019934892654418945,12.31,28.92,96,6,10,1.21,831,0.004966504406183958,0.00019429709936957806,0.0068443394266068935,1500,1500,1000,1500,1800,1000,1000,1800
1783904316.1563,0.8401,0.02003,49.93,43,60359,0.440,GUIDED,GUIDED,128,0.0,0.42003417015075684,10.0,0.0,0.5,0.0,nan,nan,nan,nan,nan,nan,nan,nan,nan,nan,0.023005133709730275,0.5595513893194717,-0.000850977324863176,0,0,-0.023639582097530365,0.10374482721090317,9.998022079467773,0.00036629894748330116,0.3595525920391083,0.001633264939300716,-9,0,-1005,6,-12,-8,0.011086659505963326,-0.0894288420677185,-0.1293392777442932,-0.0069717783480882645,3135,3135,0.01996159553527832,12.31,28.92,96,6,10,1.21,831,0.004966504406183958,0.00019429709936957806,0.0068443394266068935,1500,1500,1000,1500,1800,1000,1000,1800
1783904316.1763,0.8601,0.02000,50.00,44,60359,0.460,GUIDED,GUIDED,128,0.0,0.4300342798233032,10.0,0.0,0.5,0.0,nan,nan,nan,nan,nan,nan,nan,nan,nan,nan,0.023005133709730275,0.5695514989920181,-0.000850977324863176,0,0,-0.023639582097530365,0.10374482721090317,9.998022079467773,0.00036629894748330116,0.3595525920391083,0.001633264939300716,-9,0,-1005,6,-12,-8,0.011086659505963326,-0.0894288420677185,-0.1293392777442932,-0.0069717783480882645,3135,3135,0.019935131072998047,12.31,28.92,96,6,10,1.21,831,0.004966504406183958,0.00019429709936957806,0.0068443394266068935,1500,1500,1000,1500,1800,1000,1000,1800
1783904316.1963,0.8801,0.02000,50.00,45,60359,0.480,GUIDED,GUIDED,128,0.0,0.44003450870513916,10.0,0.0,0.5,0.0,nan,nan,nan,nan,nan,nan,nan,nan,nan,nan,0.023005133709730275,0.579551727873854,-0.000850977324863176,0,0,-0.023639582097530365,0.10374482721090317,9.998022079467773,0.00036629894748330116,0.3595525920391083,0.001633264939300716,-9,0,-1005,6,-12,-8,0.011086659505963326,-0.0894288420677185,-0.1293392777442932,-0.0069717783480882645,3135,3135,0.019934654235839844,12.31,28.92,96,6,10,1.21,831,0.004966504406183958,0.00019429709936957806,0.0068443394266068935,1500,1500,1000,1500,1800,1000,1000,1800
1783904316.2163,0.9001,0.02002,49.94,46,60359,0.500,GUIDED,GUIDED,128,0.0,0.45003461837768555,10.0,0.0,0.5,0.0,nan,nan,nan,nan,nan,nan,nan,nan,nan,nan,0.023005133709730275,0.5895518375464004,-0.000850977324863176,0,0,-0.023639582097530365,0.10374482721090317,9.998022079467773,0.00036629894748330116,0.3595525920391083,0.001633264939300716,-9,0,-1005,6,-12,-8,0.011086659505963326,-0.0894288420677185,-0.1293392777442932,-0.0069717783480882645,3135,3135,0.01993393898010254,12.31,28.92,96,6,10,1.21,831,0.004966504406183958,0.00019429709936957806,0.0068443394266068935,1500,1500,1000,1500,1800,1000,1000,1800
1783904316.2363,0.9201,0.01995,50.12,47,60359,0.520,GUIDED,GUIDED,128,0.0,0.46003270149230957,10.0,0.0,0.5,0.0,nan,nan,nan,nan,nan,nan,nan,nan,nan,nan,0.023005133709730275,0.5995499206610244,-0.000850977324863176,0,0,-0.023639582097530365,0.10374482721090317,9.998022079467773,0.00036629894748330116,0.3595525920391083,0.001633264939300716,-9,0,-1005,6,-12,-8,0.011086659505963326,-0.0894288420677185,-0.1293392777442932,-0.0069717783480882645,3135,3135,0.019899845123291016,12.31,28.92,96,6,10,1.21,831,0.004966504406183958,0.00019429709936957806,0.0068443394266068935,1500,1500,1000,1500,1800,1000,1000,1800
1783904316.2563,0.9401,0.02002,49.95,48,60359,0.540,GUIDED,GUIDED,128,0.0,0.47003304958343506,10.0,0.0,0.5,0.0,nan,nan,nan,nan,nan,nan,nan,nan,nan,nan,0.023005133709730275,0.6095502687521499,-0.000850977324863176,0,0,-0.023639582097530365,0.10374482721090317,9.998022079467773,0.00036629894748330116,0.3595525920391083,0.001633264939300716,-9,0,-1005,6,-12,-8,0.011086659505963326,-0.0894288420677185,-0.1293392777442932,-0.0069717783480882645,3135,3135,0.01995372772216797,12.31,28.92,96,6,10,1.21,831,0.004966504406183958,0.00019429709936957806,0.0068443394266068935,1500,1500,1000,1500,1800,1000,1000,1800
1783904316.2763,0.9601,0.01998,50.05,49,60359,0.560,GUIDED,GUIDED,128,0.0,0.4800330400466919,10.0,0.0,0.5,0.0,nan,nan,nan,nan,nan,nan,nan,nan,nan,nan,0.023005133709730275,0.6195502592154067,-0.000850977324863176,0,0,-0.023639582097530365,0.10374482721090317,9.998022079467773,0.00036629894748330116,0.3595525920391083,0.001633264939300716,-9,0,-1005,6,-12,-8,0.011086659505963326,-0.0894288420677185,-0.1293392777442932,-0.0069717783480882645,3135,3135,0.019926786422729492,12.31,28.92,96,6,10,1.21,831,0.004966504406183958,0.00019429709936957806,0.0068443394266068935,1500,1500,1000,1500,1800,1000,1000,1800
1783904316.2967,0.9801,0.02048,48.83,50,60609,0.580,GUIDED,GUIDED,128,0.0,0.4900338649749756,10.0,0.0,0.5,0.0,nan,nan,nan,nan,nan,nan,nan,nan,nan,nan,0.04094413225839938,0.19886967587543455,-0.002133410707376506,0,0,-0.029446259140968323,0.21717290580272675,9.998851776123047,-0.006638300139456987,0.5427188873291016,0.0018946526106446981,-14,-1,-1003,-4,98,-6,0.011030059307813644,-0.07371728867292404,-0.1333068311214447,-0.00434372341260314,3135,3135,0.019955158233642578,12.311,28.87,96,6,10,1.21,831,0.0029353396967053413,0.000251502962782979,0.007634444627910852,1500,1500,1000,1500,1800,1000,1000,1800
1783904316.3163,1.0001,0.01955,51.14,51,60609,0.600,GUIDED,GUIDED,128,0.0,0.500032901763916,10.0,0.0,0.5,0.0,nan,nan,nan,nan,nan,nan,nan,nan,nan,nan,0.04094413225839938,0.20886871266437498,-0.002133410707376506,0,0,-0.029446259140968323,0.21717290580272675,9.998851776123047,-0.006638300139456987,0.5427188873291016,0.0018946526106446981,-14,-1,-1003,-4,98,-6,0.011030059307813644,-0.07371728867292404,-0.1333068311214447,-0.00434372341260314,3135,3135,0.019468307495117188,12.311,28.87,96,6,10,1.21,831,0.0029353396967053413,0.000251502962782979,0.007634444627910852,1500,1500,1000,1500,1800,1000,1000,1800
1783904316.3363,1.0201,0.01999,50.01,52,60609,0.620,GUIDED,GUIDED,128,0.0,0.5100326538085938,10.0,0.0,0.5,0.0,nan,nan,nan,nan,nan,nan,nan,nan,nan,nan,0.04094413225839938,0.21886846470905272,-0.002133410707376506,0,0,-0.029446259140968323,0.21717290580272675,9.998851776123047,-0.006638300139456987,0.5427188873291016,0.0018946526106446981,-14,-1,-1003,-4,98,-6,0.011030059307813644,-0.07371728867292404,-0.1333068311214447,-0.00434372341260314,3135,3135,0.01993393898010254,12.311,28.87,96,6,10,1.21,831,0.0029353396967053413,0.000251502962782979,0.007634444627910852,1500,1500,1000,1500,1800,1000,1000,1800
1783904316.3563,1.0401,0.01999,50.02,53,60659,0.640,GUIDED,GUIDED,128,0.0,0.5200327634811401,10.0,0.0,0.5,0.0,nan,nan,nan,nan,nan,nan,nan,nan,nan,nan,0.044307073645659834,0.1509600702410721,-0.002385572367229057,0,0,-0.030980538576841354,0.24507072567939758,9.99903392791748,-0.0076940786093473434,0.5715925693511963,0.0019350728252902627,-14,-1,-1003,-4,98,-6,0.011030059307813644,-0.07371728867292404,-0.1333068311214447,-0.00434372341260314,3135,3135,0.019937515258789062,12.311,28.87,96,6,10,1.21,831,0.0029353396967053413,0.000251502962782979,0.007634444627910852,1500,1500,1000,1500,1800,1000,1000,1800
1783904316.3763,1.0601,0.02000,50.00,54,60679,0.660,GUIDED,GUIDED,128,0.0,0.5300329923629761,10.0,0.0,0.5,0.0,nan,nan,nan,nan,nan,nan,nan,nan,nan,nan,0.04506369718364797,0.13103314277720807,-0.002414873659115146,0,0,-0.03139916807413101,0.25650253891944885,9.999092102050781,-0.0078892195597291,0.5822708606719971,0.0019184030825272202,-14,-1,-1003,-4,98,-6,0.011030059307813644,-0.07371728867292404,-0.1333068311214447,-0.00434372341260314,3135,3135,0.019947052001953125,12.311,28.87,96,6,10,1.21,831,0.0029353396967053413,0.000251502962782979,0.007634444627910852,1500,1500,1000,1500,1800,1000,1000,1800
1783904316.3963,1.0801,0.02000,50.00,55,60699,0.680,GUIDED,GUIDED,128,0.0,0.5400327444076538,10.0,0.0,0.5,0.0,nan,nan,nan,nan,nan,nan,nan,nan,nan,nan,0.046474647616480874,0.11191050676582631,-0.002496528015070153,0,0,-0.03206581249833107,0.26804685592651367,9.999161720275879,-0.008318944834172726,0.5924195647239685,0.0019253521459177136,-14,-1,-1003,-4,98,-6,0.011030059307813644,-0.07371728867292404,-0.1333068311214447,-0.00434372341260314,3135,3135,0.019946813583374023,12.311,28.87,96,6,10,1.21,831,0.0029353396967053413,0.000251502962782979,0.007634444627910852,1500,1500,1000,1500,1800,1000,1000,1800
1783904316.4163,1.1001,0.02003,49.93,56,60719,0.700,GUIDED,GUIDED,128,0.0,0.5500335693359375,10.0,0.0,0.5,0.0,nan,nan,nan,nan,nan,nan,nan,nan,nan,nan,0.04772376866356012,0.09357491565991977,-0.0025659448205969104,0,0,-0.032695841044187546,0.27979350090026855,9.999225616455078,-0.008676378056406975,0.6019976735115051,0.0019285394810140133,-14,-1,-1003,-4,98,-6,0.011030059307813644,-0.07371728867292404,-0.1333068311214447,-0.00434372341260314,3135,3135,0.019961118698120117,12.311,28.87,96,6,10,1.21,831,0.0029353396967053413,0.000251502962782979,0.007634444627910852,1500,1500,1000,1500,1800,1000,1000,1800
1783904316.4363,1.1201,0.01997,50.07,57,60739,0.720,GUIDED,GUIDED,128,0.0,0.5600322484970093,10.0,0.0,0.5,0.0,nan,nan,nan,nan,nan,nan,nan,nan,nan,nan,0.048231259235656965,0.07603350754899882,-0.00259317532196912,0,0,-0.03308558836579323,0.2918241024017334,9.999275207519531,-0.008744357153773308,0.6109520792961121,0.0019156296039000154,-14,-1,-1003,-4,98,-6,0.011030059307813644,-0.07371728867292404,-0.1333068311214447,-0.00434372341260314,3135,3135,0.01992034912109375,12.311,28.87,96,6,10,1.21,831,0.0029353396967053413,0.000251502962782979,0.007634444627910852,1500,1500,1000,1500,1800,1000,1000,1800
1783904316.4563,1.1401,0.02003,49.93,58,60759,0.740,GUIDED,GUIDED,128,0.0,0.5700339078903198,10.0,0.0,0.5,0.0,nan,nan,nan,nan,nan,nan,nan,nan,nan,nan,0.049193008424295304,0.05869680327199539,-0.0026447021338195506,0,0,-0.03367193415760994,0.3044503927230835,9.999338150024414,-0.008961096405982971,0.6194460988044739,0.0019090387504547834,-14,-1,-1003,-4,98,-6,0.011030059307813644,-0.07371728867292404,-0.1333068311214447,-0.00434372341260314,3135,3135,0.019962310791015625,12.311,28.87,96,6,10,1.21,831,0.0029353396967053413,0.000251502962782979,0.007634444627910852,1500,1500,1000,1500,1800,1000,1000,1800
1783904316.4763,1.1601,0.01996,50.10,59,60779,0.760,GUIDED,GUIDED,128,0.0,0.5800275802612305,10.0,0.0,0.5,0.0,nan,nan,nan,nan,nan,nan,nan,nan,nan,nan,0.050056891837251184,0.04375185630671269,-0.0027661222727791922,0,0,-0.034222912043333054,0.31672725081443787,9.999398231506348,-0.009141752496361732,0.6267563700675964,0.0019444526406005025,-14,-1,-1003,-4,98,-6,0.011030059307813644,-0.07371728867292404,-0.1333068311214447,-0.00434372341260314,3135,3135,0.019908905029296875,12.311,28.87,96,6,10,1.21,831,0.0029353396967053413,0.000251502962782979,0.007634444627910852,1500,1500,1000,1500,1800,1000,1000,1800
1783904316.4963,1.1801,0.02001,49.97,60,60799,0.780,GUIDED,GUIDED,128,0.0,0.5900269746780396,10.0,0.0,0.5,0.0,nan,nan,nan,nan,nan,nan,nan,nan,nan,nan,0.05076905854457327,0.029819386715928264,-0.002759262413019577,0,0,-0.034755781292915344,0.32932138442993164,9.999455451965332,-0.009245269931852818,0.6333022117614746,0.0019074558513239026,-14,-1,-1003,-4,98,-6,0.011030059307813644,-0.07371728867292404,-0.1333068311214447,-0.00434372341260314,3135,3135,0.019953012466430664,12.311,28.87,96,6,10,1.21,831,0.0029353396967053413,0.000251502962782979,0.007634444627910852,1500,1500,1000,1500,1800,1000,1000,1800
1783904316.5163,1.2001,0.02002,49.95,61,60819,0.800,GUIDED,GUIDED,128,0.0,0.6000312566757202,10.0,0.0,0.5,0.0,nan,nan,nan,nan,nan,nan,nan,nan,nan,nan,0.05235377559653266,0.017259274769662797,-0.0027004200262624096,0,0,-0.03560284152626991,0.34202858805656433,9.999526977539062,-0.009671156294643879,0.6389932632446289,0.0018321878742426634,-14,-1,-1003,-4,98,-6,0.011030059307813644,-0.07371728867292404,-0.1333068311214447,-0.00434372341260314,3135,3135,0.019956111907958984,12.311,28.87,96,6,10,1.21,831,0.0029353396967053413,0.000251502962782979,0.007634444627910852,1500,1500,1000,1500,1800,1000,1000,1800
1783904316.5363,1.2201,0.01996,50.11,62,60839,0.820,GUIDED,GUIDED,128,0.0,0.6100276708602905,10.0,0.0,0.5,0.0,nan,nan,nan,nan,nan,nan,nan,nan,nan,nan,0.05293534457285996,0.0060635770791446775,-0.0027135338257007974,0,0,-0.03610626235604286,0.3548441529273987,9.999580383300781,-0.0097162751480937,0.6438294649124146,0.001808925298973918,-14,-1,-1003,-4,98,-6,0.011030059307813644,-0.07371728867292404,-0.1333068311214447,-0.00434372341260314,3135,3135,0.019903898239135742,12.311,28.87,96,6,10,1.21,831,0.0029353396967053413,0.000251502962782979,0.007634444627910852,1500,1500,1000,1500,1800,1000,1000,1800
1783904316.5566,1.2401,0.02034,49.17,63,60859,0.840,GUIDED,GUIDED,128,0.0,0.6200274229049683,10.0,0.0,0.5,0.0,nan,nan,nan,nan,nan,nan,nan,nan,nan,nan,0.05419120663280652,-0.003802049307509603,-0.002650924397955943,0,0,-0.03688604757189751,0.3677341341972351,9.99964714050293,-0.009991138242185116,0.6478567123413086,0.0017342354403808713,-18,-1,-1001,-12,202,416,0.005911723710596561,-0.03523903712630272,-0.09162181615829468,0.4184907376766205,3135,3135,0.020286083221435547,12.312,28.79,96,6,10,1.21,831,0.004221090115606785,0.00029982897103764117,0.007670050952583551,1500,1500,1000,1500,1800,1000,1000,1800
1783904316.5762,1.2601,0.01965,50.88,64,60879,0.860,GUIDED,GUIDED,128,0.0,0.6300262212753296,10.0,0.0,0.5,0.0,nan,nan,nan,nan,nan,nan,nan,nan,nan,nan,0.05529186402022978,-0.012333791832744967,-0.0024982818668961397,0,0,-0.03762581944465637,0.38069063425064087,9.999709129333496,-0.01019949559122324,0.6510748863220215,0.0016103179659694433,-18,-1,-1001,-12,202,416,0.005911723710596561,-0.03523903712630272,-0.09162181615829468,0.4184907376766205,3135,3135,0.01960897445678711,12.312,28.79,96,6,10,1.21,831,0.004221090115606785,0.00029982897103764117,0.007670050952583551,1500,1500,1000,1500,1800,1000,1000,1800
1783904316.5963,1.2801,0.02001,49.97,65,60899,0.880,GUIDED,GUIDED,128,0.0,0.6400272846221924,10.0,0.0,0.5,0.0,nan,nan,nan,nan,nan,nan,nan,nan,nan,nan,0.055595355732080666,-0.019614734916273524,-0.002294968563450451,0,0,-0.038084112107753754,0.39371612668037415,9.999748229980469,-0.010110121220350266,0.6535323858261108,0.0014703602064400911,-18,-1,-1001,-12,202,416,0.005911723710596561,-0.03523903712630272,-0.09162181615829468,0.4184907376766205,3135,3135,0.019962072372436523,12.312,28.79,96,6,10,1.21,831,0.004221090115606785,0.00029982897103764117,0.007670050952583551,1500,1500,1000,1500,1800,1000,1000,1800
1783904316.6163,1.3001,0.02004,49.91,66,60919,0.900,GUIDED,GUIDED,128,0.0,0.6500283479690552,10.0,0.0,0.5,0.0,nan,nan,nan,nan,nan,nan,nan,nan,nan,nan,0.05646204811371676,-0.02572615129061928,-0.0021997238073412848,0,0,-0.038766827434301376,0.4067632555961609,9.999792098999023,-0.01021634042263031,0.6553021669387817,0.0013900428311899304,-18,-1,-1001,-12,202,416,0.005911723710596561,-0.03523903712630272,-0.09162181615829468,0.4184907376766205,3135,3135,0.019972801208496094,12.312,28.79,96,6,10,1.21,831,0.004221090115606785,0.00029982897103764117,0.007670050952583551,1500,1500,1000,1500,1800,1000,1000,1800
1783904316.6363,1.3201,0.01999,50.04,67,60939,0.920,GUIDED,GUIDED,128,0.0,0.6600326299667358,10.0,0.0,0.5,0.0,nan,nan,nan,nan,nan,nan,nan,nan,nan,nan,0.05654222104453163,-0.030742274628945077,-0.0019604131596071047,0,0,-0.03919392451643944,0.41985589265823364,9.999826431274414,-0.010016043670475483,0.6564151644706726,0.001232055015861988,-18,-1,-1001,-12,202,416,0.005911723710596561,-0.03523903712630272,-0.09162181615829468,0.4184907376766205,3135,3135,0.01993274688720703,12.312,28.79,96,6,10,1.21,831,0.004221090115606785,0.00029982897103764117,0.007670050952583551,1500,1500,1000,1500,1800,1000,1000,1800
1783904316.6563,1.3401,0.02003,49.94,68,60959,0.940,GUIDED,GUIDED,128,0.0,0.6700338125228882,10.0,0.0,0.5,0.0,nan,nan,nan,nan,nan,nan,nan,nan,nan,nan,0.057136802056251504,-0.03467154348179957,-0.001788800396536327,0,0,-0.039814792573451996,0.4329405128955841,9.999863624572754,-0.010000866837799549,0.6569035053253174,0.0011115007800981402,-18,-1,-1001,-12,202,416,0.005911723710596561,-0.03523903712630272,-0.09162181615829468,0.4184907376766205,3135,3135,0.019961118698120117,12.312,28.79,96,6,10,1.21,831,0.004221090115606785,0.00029982897103764117,0.007670050952583551,1500,1500,1000,1500,1800,1000,1000,1800
1783904316.6763,1.3601,0.01999,50.03,69,60979,0.960,GUIDED,GUIDED,128,0.0,0.6800285577774048,10.0,0.0,0.5,0.0,nan,nan,nan,nan,nan,nan,nan,nan,nan,nan,0.05749740614961858,-0.037663690181154896,-0.0016144237297854604,0,0,-0.04040040448307991,0.4460259974002838,9.999898910522461,-0.009870958514511585,0.6568465828895569,0.0009904520120471716,-18,-1,-1001,-12,202,416,0.005911723710596561,-0.03523903712630272,-0.09162181615829468,0.4184907376766205,3135,3135,0.01992511749267578,12.312,28.79,96,6,10,1.21,831,0.004221090115606785,0.00029982897103764117,0.007670050952583551,1500,1500,1000,1500,1800,1000,1000,1800
1783904316.6963,1.3801,0.02001,49.99,70,60999,0.980,GUIDED,GUIDED,128,0.0,0.6900312900543213,10.0,0.0,0.5,0.0,nan,nan,nan,nan,nan,nan,nan,nan,nan,nan,0.05726477574366476,-0.03976142243700609,-0.0013607984594221304,0,0,-0.040777117013931274,0.45912787318229675,9.999917984008789,-0.009519154205918312,0.6562684178352356,0.0008330093114636838,-18,-1,-1001,-12,202,416,0.005911723710596561,-0.03523903712630272,-0.09162181615829468,0.4184907376766205,3135,3135,0.019941329956054688,12.312,28.79,96,6,10,1.21,831,0.004221090115606785,0.00029982897103764117,0.007670050952583551,1500,1500,1000,1500,1800,1000,1000,1800
1783904316.7163,1.4001,0.02004,49.89,71,61019,0.000,GUIDED,GUIDED,128,0.0,0.7000303268432617,10.0,0.0,0.5,0.0,nan,nan,nan,nan,nan,nan,nan,nan,nan,nan,0.058205627195689474,-0.041333674801547926,-0.0011842290562843268,0,0,-0.041592806577682495,0.47228097915649414,9.999964714050293,-0.009591416455805302,0.6553551554679871,0.0007040873169898987,-18,-1,-1001,-12,202,416,0.005911723710596561,-0.03523903712630272,-0.09162181615829468,0.4184907376766205,3135,3135,0.019938230514526367,12.312,28.79,96,6,10,1.21,831,0.004221090115606785,0.00029982897103764117,0.007670050952583551,1500,1500,1000,1500,1800,1000,1000,1800
1783904316.7363,1.4201,0.01996,50.11,72,61039,0.020,GUIDED,GUIDED,128,0.0,0.7100309133529663,10.0,0.0,0.5,0.0,nan,nan,nan,nan,nan,nan,nan,nan,nan,nan,0.0581635371146645,-0.042068239654511674,-0.0009976053312221538,0,0,-0.04207509756088257,0.48538699746131897,9.999993324279785,-0.009288664907217026,0.6539863348007202,0.0005798219353891909,-18,-1,-1001,-12,202,416,0.005911723710596561,-0.03523903712630272,-0.09162181615829468,0.4184907376766205,3135,3135,0.019891977310180664,12.312,28.79,96,6,10,1.21,831,0.004221090115606785,0.00029982897103764117,0.007670050952583551,1500,1500,1000,1500,1800,1000,1000,1800
1783904316.7563,1.4401,0.01998,50.05,73,61059,0.040,GUIDED,GUIDED,128,0.0,0.7200329303741455,10.0,0.0,0.5,0.0,nan,nan,nan,nan,nan,nan,nan,nan,nan,nan,0.05874660715399373,-0.04223849019297904,-0.0007745939837920098,0,0,-0.04281197488307953,0.4984729588031769,10.000032424926758,-0.009199864231050014,0.6523041129112244,0.00042849150486290455,-18,-1,-1001,-12,202,416,0.005911723710596561,-0.03523903712630272,-0.09162181615829468,0.4184907376766205,3135,3135,0.019927024841308594,12.312,28.79,96,6,10,1.21,831,0.004221090115606785,0.00029982897103764117,0.007670050952583551,1500,1500,1000,1500,1800,1000,1000,1800
1783904316.7763,1.4601,0.01999,50.02,74,61079,0.060,GUIDED,GUIDED,128,0.0,0.7300280332565308,10.0,0.0,0.5,0.0,nan,nan,nan,nan,nan,nan,nan,nan,nan,nan,0.05916061408591025,-0.04175388667634711,-0.0007178246835014415,0,0,-0.043502382934093475,0.5115147233009338,10.000066757202148,-0.009040283970534801,0.6502653360366821,0.0003758939856197685,-18,-1,-1001,-12,202,416,0.005911723710596561,-0.03523903712630272,-0.09162181615829468,0.4184907376766205,3135,3135,0.019939184188842773,12.312,28.79,96,6,10,1.21,831,0.004221090115606785,0.00029982897103764117,0.007670050952583551,1500,1500,1000,1500,1800,1000,1000,1800
1783904316.7966,1.4801,0.02037,49.10,75,61099,0.080,GUIDED,GUIDED,128,0.0,0.7400281429290771,10.0,0.0,0.5,0.0,nan,nan,nan,nan,nan,nan,nan,nan,nan,nan,0.058801426988652115,-0.040646391239413326,-0.0005129289022801347,0,0,-0.043919049203395844,0.5245000123977661,10.000080108642578,-0.00859234482049942,0.6479024291038513,0.000249888893449679,-18,0,-1000,7,69,218,0.0047790780663490295,-0.003287820378318429,-0.0006340522086247802,0.2205938845872879,3135,3135,0.0199429988861084,12.312,28.75,96,6,10,1.21,831,0.002138744108378887,0.0003743698471225798,0.008128880523145199,1500,1500,1000,1500,1800,1000,1000,1800
1783904316.8163,1.5001,0.01964,50.93,76,61119,0.100,GUIDED,GUIDED,128,0.0,0.7500290870666504,10.0,0.0,0.5,0.0,nan,nan,nan,nan,nan,nan,nan,nan,nan,nan,0.05894188214738057,-0.039118971095249255,-0.00032331411657958626,0,0,-0.044539351016283035,0.5374391078948975,10.000096321105957,-0.008315305225551128,0.6453242301940918,0.00013105447578709573,-18,0,-1000,7,69,218,0.0047790780663490295,-0.003287820378318429,-0.0006340522086247802,0.2205938845872879,3135,3135,0.01958489418029785,12.312,28.75,96,6,10,1.21,831,0.002138744108378887,0.0003743698471225798,0.008128880523145199,1500,1500,1000,1500,1800,1000,1000,1800
1783904316.8363,1.5201,0.02002,49.95,77,61139,0.120,GUIDED,GUIDED,128,0.0,0.7600283622741699,10.0,0.0,0.5,0.0,nan,nan,nan,nan,nan,nan,nan,nan,nan,nan,0.058374459179032064,-0.03709262695331761,-0.0002523089708224577,0,0,-0.04491141811013222,0.5503158569335938,10.000104904174805,-0.007772890385240316,0.6424930095672607,8.510419866070151e-05,-18,0,-1000,7,69,218,0.0047790780663490295,-0.003287820378318429,-0.0006340522086247802,0.2205938845872879,3135,3135,0.019955873489379883,12.312,28.75,96,6,10,1.21,831,0.002138744108378887,0.0003743698471225798,0.008128880523145199,1500,1500,1000,1500,1800,1000,1000,1800
1783904316.8563,1.5401,0.02000,49.99,78,61159,0.140,GUIDED,GUIDED,128,0.0,0.7700308561325073,10.0,0.0,0.5,0.0,nan,nan,nan,nan,nan,nan,nan,nan,nan,nan,0.05831449472325663,-0.03475323760436641,-0.00013196200254264357,0,0,-0.04545767605304718,0.5631328225135803,10.000117301940918,-0.007422887720167637,0.6395174264907837,8.463990525342524e-06,-18,0,-1000,7,69,218,0.0047790780663490295,-0.003287820378318429,-0.0006340522086247802,0.2205938845872879,3135,3135,0.019940853118896484,12.312,28.75,96,6,10,1.21,831,0.002138744108378887,0.0003743698471225798,0.008128880523145199,1500,1500,1000,1500,1800,1000,1000,1800
1783904316.8763,1.5601,0.02000,49.99,79,61179,0.160,GUIDED,GUIDED,128,0.0,0.7800332307815552,10.0,0.0,0.5,0.0,nan,nan,nan,nan,nan,nan,nan,nan,nan,nan,0.058069587332199274,-0.03206799979348862,4.366679715312274e-05,0,0,-0.045963089913129807,0.5758849382400513,10.000126838684082,-0.006989689543843269,0.6363795399665833,-9.844138548942283e-05,-18,0,-1000,7,69,218,0.0047790780663490295,-0.003287820378318429,-0.0006340522086247802,0.2205938845872879,3135,3135,0.019940614700317383,12.312,28.75,96,6,10,1.21,831,0.002138744108378887,0.0003743698471225798,0.008128880523145199,1500,1500,1000,1500,1800,1000,1000,1800
1783904316.8963,1.5801,0.01999,50.02,80,61199,0.180,GUIDED,GUIDED,128,0.0,0.7900289297103882,10.0,0.0,0.5,0.0,nan,nan,nan,nan,nan,nan,nan,nan,nan,nan,0.05724708059093415,-0.029054862463106373,0.00013216975785000046,0,0,-0.046266745775938034,0.5885728597640991,10.000123023986816,-0.00633949926123023,0.6330855488777161,-0.00014733617717865855,-18,0,-1000,7,69,218,0.0047790780663490295,-0.003287820378318429,-0.0006340522086247802,0.2205938845872879,3135,3135,0.019927263259887695,12.312,28.75,96,6,10,1.21,831,0.002138744108378887,0.0003743698471225798,0.008128880523145199,1500,1500,1000,1500,1800,1000,1000,1800
1783904316.9163,1.6001,0.01997,50.07,81,61219,0.200,GUIDED,GUIDED,128,0.0,0.8000277280807495,10.0,0.0,0.5,0.0,nan,nan,nan,nan,nan,nan,nan,nan,nan,nan,0.057613195128650777,-0.026655745271769254,0.0002483960626725027,0,0,-0.04702027887105942,0.6015517711639404,10.00014877319336,-0.0061158230528235435,0.6299798488616943,-0.000229305776883848,-18,0,-1000,7,69,218,0.0047790780663490295,-0.003287820378318429,-0.0006340522086247802,0.2205938845872879,3135,3135,0.019917964935302734,12.312,28.75,96,6,10,1.21,831,0.002138744108378887,0.0003743698471225798,0.008128880523145199,1500,1500,1000,1500,1800,1000,1000,1800
1783904316.9363,1.6201,0.02002,49.94,82,61239,0.220,GUIDED,GUIDED,128,0.0,0.8100281953811646,10.0,0.0,0.5,0.0,nan,nan,nan,nan,nan,nan,nan,nan,nan,nan,0.0570727852431781,-0.023582973137802776,0.0004034241571449755,0,0,-0.04743228480219841,0.614278256893158,10.000157356262207,-0.005565945524722338,0.6266319155693054,-0.00032376672606915236,-18,0,-1000,7,69,218,0.0047790780663490295,-0.003287820378318429,-0.0006340522086247802,0.2205938845872879,3135,3135,0.019960641860961914,12.312,28.75,96,6,10,1.21,831,0.002138744108378887,0.0003743698471225798,0.008128880523145199,1500,1500,1000,1500,1800,1000,1000,1800
1783904316.9563,1.6401,0.02001,49.98,83,61259,0.240,GUIDED,GUIDED,128,0.0,0.8200311660766602,10.0,0.0,0.5,0.0,nan,nan,nan,nan,nan,nan,nan,nan,nan,nan,0.05715765515913139,-0.02070416946281961,0.00044838708304917796,0,0,-0.04809300974011421,0.6270818710327148,10.000176429748535,-0.005233475472778082,0.6233528852462769,-0.0003607381659094244,-18,0,-1000,7,69,218,0.0047790780663490295,-0.003287820378318429,-0.0006340522086247802,0.2205938845872879,3135,3135,0.019945621490478516,12.312,28.75,96,6,10,1.21,831,0.002138744108378887,0.0003743698471225798,0.008128880523145199,1500,1500,1000,1500,1800,1000,1000,1800
1783904316.9763,1.6601,0.01997,50.08,84,61279,0.260,GUIDED,GUIDED,128,0.0,0.8300282955169678,10.0,0.0,0.5,0.0,nan,nan,nan,nan,nan,nan,nan,nan,nan,nan,0.05704327459233988,-0.017659263635923295,0.0005193331983621219,0,0,-0.04870099946856499,0.6397941708564758,10.00019359588623,-0.004816414788365364,0.6200273036956787,-0.0004116097989026457,-18,0,-1000,7,69,218,0.0047790780663490295,-0.003287820378318429,-0.0006340522086247802,0.2205938845872879,3135,3135,0.019917726516723633,12.312,28.75,96,6,10,1.21,831,0.002138744108378887,0.0003743698471225798,0.008128880523145199,1500,1500,1000,1500,1800,1000,1000,1800
1783904316.9963,1.6801,0.02002,49.95,85,61299,0.280,GUIDED,GUIDED,128,0.0,0.8400274515151978,10.0,0.0,0.5,0.0,nan,nan,nan,nan,nan,nan,nan,nan,nan,nan,0.05624317500677724,-0.014108430682252315,0.0006577942148093274,0,0,-0.049030039459466934,0.6522884368896484,10.000190734863281,-0.004164505749940872,0.6165366768836975,-0.0004898984916508198,-18,0,-1000,7,69,218,0.0047790780663490295,-0.003287820378318429,-0.0006340522086247802,0.2205938845872879,3135,3135,0.019954919815063477,12.312,28.75,96,6,10,1.21,831,0.002138744108378887,0.0003743698471225798,0.008128880523145199,1500,1500,1000,1500,1800,1000,1000,1800
1783904317.0163,1.7001,0.01997,50.06,86,61319,0.300,GUIDED,GUIDED,128,0.0,0.8500275611877441,10.0,0.0,0.5,0.0,nan,nan,nan,nan,nan,nan,nan,nan,nan,nan,0.056019839834428584,-0.010752816348861854,0.000733652498841451,0,0,-0.04955659806728363,0.6648306250572205,10.000189781188965,-0.0037315543740987778,0.6131316423416138,-0.0005331446882337332,-18,0,-1000,7,69,218,0.0047790780663490295,-0.003287820378318429,-0.0006340522086247802,0.2205938845872879,3135,3135,0.01992321014404297,12.312,28.75,96,6,10,1.21,831,0.002138744108378887,0.0003743698471225798,0.008128880523145199,1500,1500,1000,1500,1800,1000,1000,1800
1783904317.0363,1.7201,0.02003,49.91,87,61339,0.320,GUIDED,GUIDED,128,0.0,0.860031008720398,10.0,0.0,0.5,0.0,nan,nan,nan,nan,nan,nan,nan,nan,nan,nan,0.05510105334620501,-0.006952783277448749,0.0008345506857174749,0,0,-0.04983341321349144,0.6771697998046875,10.00018310546875,-0.0030412734486162663,0.609589159488678,-0.0005875440547242761,-18,0,-1000,7,69,218,0.0047790780663490295,-0.003287820378318429,-0.0006340522086247802,0.2205938845872879,3135,3135,0.019970417022705078,12.312,28.75,96,6,10,1.21,831,0.002138744108378887,0.0003743698471225798,0.008128880523145199,1500,1500,1000,1500,1800,1000,1000,1800
1783904317.0567,1.7401,0.02042,48.98,88,61359,0.340,GUIDED,GUIDED,128,0.0,0.8700309991836548,10.0,0.0,0.5,0.0,nan,nan,nan,nan,nan,nan,nan,nan,nan,nan,0.05467485361097056,-0.0033895966190765348,0.0008776018132024999,0,0,-0.05027781054377556,0.6895403265953064,10.000181198120117,-0.0025386339984834194,0.6061633229255676,-0.0006112984265200794,-17,0,-1001,1,3,-10,0.005688665434718132,0.0031193294562399387,0.014388801530003548,-0.008404208347201347,3135,3135,0.02036309242248535,12.312,28.79,95,6,10,1.21,831,0.0038769624661654234,0.00038952651084400713,0.011245926842093468,1500,1500,1000,1500,1800,1000,1000,1800
1783904317.0763,1.7601,0.01958,51.07,89,61379,0.360,GUIDED,GUIDED,128,0.0,0.8800287246704102,10.0,0.0,0.5,0.0,nan,nan,nan,nan,nan,nan,nan,nan,nan,nan,0.05411456266939359,0.0002638907688817804,0.0008366567398402983,0,0,-0.05067766457796097,0.7018240690231323,10.000178337097168,-0.0019842940382659435,0.6027341485023499,-0.0005860069650225341,-17,0,-1001,1,3,-10,0.005688665434718132,0.0031193294562399387,0.014388801530003548,-0.008404208347201347,3135,3135,0.019516468048095703,12.312,28.79,95,6,10,1.21,831,0.0038769624661654234,0.00038952651084400713,0.011245926842093468,1500,1500,1000,1500,1800,1000,1000,1800
1783904317.0963,1.7801,0.02000,50.01,90,61399,0.380,GUIDED,GUIDED,128,0.0,0.8900289535522461,10.0,0.0,0.5,0.0,nan,nan,nan,nan,nan,nan,nan,nan,nan,nan,0.053108765410713195,0.004164562343914963,0.0008690338648370342,0,0,-0.050876688212156296,0.7139332294464111,10.000164985656738,-0.001288690371438861,0.5992645025253296,-0.0005969914491288364,-17,0,-1001,1,3,-10,0.005688665434718132,0.0031193294562399387,0.014388801530003548,-0.008404208347201347,3135,3135,0.019934654235839844,12.312,28.79,95,6,10,1.21,831,0.0038769624661654234,0.00038952651084400713,0.011245926842093468,1500,1500,1000,1500,1800,1000,1000,1800
1783904317.1163,1.8001,0.01998,50.05,91,61419,0.400,GUIDED,GUIDED,128,0.0,0.9000287055969238,10.0,0.0,0.5,0.0,nan,nan,nan,nan,nan,nan,nan,nan,nan,nan,0.05302350453792631,0.006938694167730269,0.0008873485466765409,0,0,-0.05145639181137085,0.7264923453330994,10.000178337097168,-0.0009047729545272887,0.5961852073669434,-0.0006152738933451474,-17,0,-1001,1,3,-10,0.005688665434718132,0.0031193294562399387,0.014388801530003548,-0.008404208347201347,3135,3135,0.019926786422729492,12.312,28.79,95,6,10,1.21,831,0.0038769624661654234,0.00038952651084400713,0.011245926842093468,1500,1500,1000,1500,1800,1000,1000,1800
1783904317.1363,1.8200,0.02003,49.93,92,61439,0.420,GUIDED,GUIDED,128,0.0,0.9100247621536255,10.0,0.0,0.5,0.0,nan,nan,nan,nan,nan,nan,nan,nan,nan,nan,0.052196858922487085,0.01041438655724436,0.0009263387697890084,0,0,-0.05172903090715408,0.7386655211448669,10.000177383422852,-0.00027010063058696687,0.5929215550422668,-0.0006372343050315976,-17,0,-1001,1,3,-10,0.005688665434718132,0.0031193294562399387,0.014388801530003548,-0.008404208347201347,3135,3135,0.01993274688720703,12.312,28.79,95,6,10,1.21,831,0.0038769624661654234,0.00038952651084400713,0.011245926842093468,1500,1500,1000,1500,1800,1000,1000,1800
1783904317.1563,1.8401,0.01997,50.07,93,61459,0.440,GUIDED,GUIDED,128,0.0,0.920027494430542,10.0,0.0,0.5,0.0,nan,nan,nan,nan,nan,nan,nan,nan,nan,nan,0.0519994523312353,0.013277545895465592,0.0008850157984398729,0,0,-0.05221688002347946,0.7510285377502441,10.000187873840332,0.00012553193664643914,0.5899057984352112,-0.0006194331217557192,-17,0,-1001,1,3,-10,0.005688665434718132,0.0031193294562399387,0.014388801530003548,-0.008404208347201347,3135,3135,0.019912004470825195,12.312,28.79,95,6,10,1.21,831,0.0038769624661654234,0.00038952651084400713,0.011245926842093468,1500,1500,1000,1500,1800,1000,1000,1800
1783904317.1763,1.8601,0.01999,50.03,94,61479,0.460,GUIDED,GUIDED,128,0.0,0.9300253391265869,10.0,0.0,0.5,0.0,nan,nan,nan,nan,nan,nan,nan,nan,nan,nan,0.051653169806318115,0.016157283905835762,0.0008216153237576686,0,0,-0.05265318229794502,0.7632887363433838,10.00019645690918,0.0005773574812337756,0.5869370102882385,-0.000587784277740866,-17,0,-1001,1,3,-10,0.005688665434718132,0.0031193294562399387,0.014388801530003548,-0.008404208347201347,3135,3135,0.01993250846862793,12.312,28.79,95,6,10,1.21,831,0.0038769624661654234,0.00038952651084400713,0.011245926842093468,1500,1500,1000,1500,1800,1000,1000,1800
1783904317.1963,1.8801,0.02004,49.90,95,61499,0.480,GUIDED,GUIDED,128,0.0,0.9400322437286377,10.0,0.0,0.5,0.0,nan,nan,nan,nan,nan,nan,nan,nan,nan,nan,0.050727747034260265,0.01965746752269676,0.0007882957210223155,0,0,-0.05284306779503822,0.7752259969711304,10.000188827514648,0.001221281010657549,0.5838016867637634,-0.0005641423631459475,-17,0,-1001,1,3,-10,0.005688665434718132,0.0031193294562399387,0.014388801530003548,-0.008404208347201347,3135,3135,0.019976139068603516,12.312,28.79,95,6,10,1.21,831,0.0038769624661654234,0.00038952651084400713,0.011245926842093468,1500,1500,1000,1500,1800,1000,1000,1800
1783904317.2163,1.9001,0.02002,49.95,96,61519,0.500,GUIDED,GUIDED,128,0.0,0.9500308036804199,10.0,0.0,0.5,0.0,nan,nan,nan,nan,nan,nan,nan,nan,nan,nan,0.05028432154668672,0.02259211214254664,0.0008217585549372801,0,0,-0.05320104956626892,0.7873101830482483,10.000185012817383,0.0016839737072587013,0.5809032320976257,-0.0005812597228214145,-17,0,-1001,1,3,-10,0.005688665434718132,0.0031193294562399387,0.014388801530003548,-0.008404208347201347,3135,3135,0.01993250846862793,12.312,28.79,95,6,10,1.21,831,0.0038769624661654234,0.00038952651084400713,0.011245926842093468,1500,1500,1000,1500,1800,1000,1000,1800
1783904317.2363,1.9201,0.01996,50.11,97,61539,0.520,GUIDED,GUIDED,128,0.0,0.9600307941436768,10.0,0.0,0.5,0.0,nan,nan,nan,nan,nan,nan,nan,nan,nan,nan,0.04972210049109221,0.02554082034786942,0.00077451880076861,0,0,-0.05351100116968155,0.7993000745773315,10.000181198120117,0.002187522826716304,0.5780519247055054,-0.0005517834215424955,-17,0,-1001,1,3,-10,0.005688665434718132,0.0031193294562399387,0.014388801530003548,-0.008404208347201347,3135,3135,0.01990342140197754,12.312,28.79,95,6,10,1.21,831,0.0038769624661654234,0.00038952651084400713,0.011245926842093468,1500,1500,1000,1500,1800,1000,1000,1800
1783904317.2563,1.9401,0.02002,49.95,98,61559,0.540,GUIDED,GUIDED,128,0.0,0.970030665397644,10.0,0.0,0.5,0.0,nan,nan,nan,nan,nan,nan,nan,nan,nan,nan,0.04869093861303318,0.02892654747123166,0.0007548730266528447,0,0,-0.05362216755747795,0.8110169768333435,10.000173568725586,0.002847046358510852,0.5751058459281921,-0.0005360360955819488,-17,0,-1001,1,3,-10,0.005688665434718132,0.0031193294562399387,0.014388801530003548,-0.008404208347201347,3135,3135,0.019958019256591797,12.312,28.79,95,6,10,1.21,831,0.0038769624661654234,0.00038952651084400713,0.011245926842093468,1500,1500,1000,1500,1800,1000,1000,1800
1783904317.2763,1.9600,0.01996,50.09,99,61579,0.560,GUIDED,GUIDED,128,0.0,0.9800243377685547,10.0,0.0,0.5,0.0,nan,nan,nan,nan,nan,nan,nan,nan,nan,nan,0.04803114900838469,0.03183560137161931,0.0007364621409338591,0,0,-0.0538581982254982,0.8228434324264526,10.000164031982422,0.0033642484340816736,0.5723681449890137,-0.0005199005245231092,-17,0,-1001,1,3,-10,0.005688665434718132,0.0031193294562399387,0.014388801530003548,-0.008404208347201347,3135,3135,0.019911527633666992,12.312,28.79,95,6,10,1.21,831,0.0038769624661654234,0.00038952651084400713,0.011245926842093468,1500,1500,1000,1500,1800,1000,1000,1800
1783904317.2966,1.9801,0.02034,49.17,100,61599,0.580,GUIDED,GUIDED,128,0.0,0.9900257587432861,10.0,0.0,0.5,0.0,nan,nan,nan,nan,nan,nan,nan,nan,nan,nan,0.046957865622743934,0.03509731132089812,0.0006959432347703023,0,0,-0.05392608046531677,0.8344280123710632,10.000151634216309,0.0040231007151305676,0.5695709586143494,-0.0004893490695394576,-15,0,-1001,0,-15,-7,0.00536797009408474,0.0002994504466187209,0.00849948264658451,-0.0060262554325163364,3135,3135,0.019944190979003906,12.312,28.75,95,6,10,1.21,831,0.004479474388062954,0.00036899265251122415,0.012005590833723545,1500,1500,1000,1500,1800,1000,1000,1800
1783904317.3163,2.0001,0.01966,50.87,101,61619,0.600,GUIDED,GUIDED,128,0.0,1.0000262260437012,10.0,0.0,0.5,0.0,nan,nan,nan,nan,nan,nan,nan,nan,nan,nan,0.04689535240428663,0.03698315343022336,0.0005367597883669875,0,0,-0.05440784990787506,0.8465260863304138,10.000165939331055,0.004337342455983162,0.5672711133956909,-0.0004057035257574171,-15,0,-1001,0,-15,-7,0.00536797009408474,0.0002994504466187209,0.00849948264658451,-0.0060262554325163364,3135,3135,0.01960897445678711,12.312,28.75,95,6,10,1.21,831,0.004479474388062954,0.00036899265251122415,0.012005590833723545,1500,1500,1000,1500,1800,1000,1000,1800
1783904317.3363,2.0201,0.02007,49.82,102,61639,0.620,GUIDED,GUIDED,128,0.0,1.0100257396697998,10.0,0.0,0.5,0.0,nan,nan,nan,nan,nan,nan,nan,nan,nan,nan,0.04671002590183372,0.03886065474091728,0.0004557251747712907,0,0,-0.0548301637172699,0.8585190176963806,10.000179290771484,0.0046881637535989285,0.5650362372398376,-0.00036662662751041353,-15,0,-1001,0,-15,-7,0.00536797009408474,0.0002994504466187209,0.00849948264658451,-0.0060262554325163364,3135,3135,0.01995849609375,12.312,28.75,95,6,10,1.21,831,0.004479474388062954,0.00036899265251122415,0.012005590833723545,1500,1500,1000,1500,1800,1000,1000,1800
1783904317.3563,2.0401,0.01998,50.04,103,61659,0.640,GUIDED,GUIDED,128,0.0,1.0200278759002686,10.0,0.0,0.5,0.0,nan,nan,nan,nan,nan,nan,nan,nan,nan,nan,0.04587806583763671,0.041497980453796796,0.00043339899886388916,0,0,-0.054969627410173416,0.8701085448265076,10.000182151794434,0.005249015521258116,0.5625970959663391,-0.00035538841621018946,-15,0,-1001,0,-15,-7,0.00536797009408474,0.0002994504466187209,0.00849948264658451,-0.0060262554325163364,3135,3135,0.01992058753967285,12.312,28.75,95,6,10,1.21,831,0.004479474388062954,0.00036899265251122415,0.012005590833723545,1500,1500,1000,1500,1800,1000,1000,1800
1783904317.3763,2.0601,0.01998,50.04,104,61679,0.660,GUIDED,GUIDED,128,0.0,1.0300335884094238,10.0,0.0,0.5,0.0,nan,nan,nan,nan,nan,nan,nan,nan,nan,nan,0.04555170876494964,0.043427127236191604,0.000384610481572151,0,0,-0.055305637419223785,0.8819325566291809,10.000188827514648,0.005631433334201574,0.5604335069656372,-0.00033107458148151636,-15,0,-1001,0,-15,-7,0.00536797009408474,0.0002994504466187209,0.00849948264658451,-0.0060262554325163364,3135,3135,0.01993107795715332,12.312,28.75,95,6,10,1.21,831,0.004479474388062954,0.00036899265251122415,0.012005590833723545,1500,1500,1000,1500,1800,1000,1000,1800
1783904317.3963,2.0801,0.02001,49.97,105,61699,0.680,GUIDED,GUIDED,128,0.0,1.0400339365005493,10.0,0.0,0.5,0.0,nan,nan,nan,nan,nan,nan,nan,nan,nan,nan,0.044678567158140586,0.045967499559063874,0.0004213372176882137,0,0,-0.055398035794496536,0.893397867679596,10.000185012817383,0.006188888102769852,0.5581210255622864,-0.00035007635597139597,-15,0,-1001,0,-15,-7,0.00536797009408474,0.0002994504466187209,0.00849948264658451,-0.0060262554325163364,3135,3135,0.019948959350585938,12.312,28.75,95,6,10,1.21,831,0.004479474388062954,0.00036899265251122415,0.012005590833723545,1500,1500,1000,1500,1800,1000,1000,1800
1783904317.4163,2.1001,0.02000,50.00,106,61719,0.700,GUIDED,GUIDED,128,0.0,1.0500335693359375,10.0,0.0,0.5,0.0,nan,nan,nan,nan,nan,nan,nan,nan,nan,nan,0.04426279870580549,0.04787278259839246,0.0004935219425092248,0,0,-0.05566190183162689,0.9050706624984741,10.000185012817383,0.006581275258213282,0.5560550093650818,-0.00039175222627818584,-15,0,-1001,0,-15,-7,0.00536797009408474,0.0002994504466187209,0.00849948264658451,-0.0060262554325163364,3135,3135,0.019935131072998047,12.312,28.75,95,6,10,1.21,831,0.004479474388062954,0.00036899265251122415,0.012005590833723545,1500,1500,1000,1500,1800,1000,1000,1800
1783904317.4363,2.1201,0.01998,50.06,107,61739,0.720,GUIDED,GUIDED,128,0.0,1.060032606124878,10.0,0.0,0.5,0.0,nan,nan,nan,nan,nan,nan,nan,nan,nan,nan,0.04376351111024625,0.04979350692770111,0.0005243830899134823,0,0,-0.05587797239422798,0.9166580438613892,10.00018310546875,0.006994287483394146,0.5540290474891663,-0.0004084687097929418,-15,0,-1001,0,-15,-7,0.00536797009408474,0.0002994504466187209,0.00849948264658451,-0.0060262554325163364,3135,3135,0.019922256469726562,12.312,28.75,95,6,10,1.21,831,0.004479474388062954,0.00036899265251122415,0.012005590833723545,1500,1500,1000,1500,1800,1000,1000,1800
1783904317.4563,2.1401,0.02002,49.94,108,61759,0.740,GUIDED,GUIDED,128,0.0,1.0700335502624512,10.0,0.0,0.5,0.0,nan,nan,nan,nan,nan,nan,nan,nan,nan,nan,0.04281983901915313,0.05222450098607058,0.0004135863664888645,0,0,-0.055895231664180756,0.927943229675293,10.000179290771484,0.007549081463366747,0.5518840551376343,-0.00034229777520522475,-15,0,-1001,0,-15,-7,0.00536797009408474,0.0002994504466187209,0.00849948264658451,-0.0060262554325163364,3135,3135,0.01996016502380371,12.312,28.75,95,6,10,1.21,831,0.004479474388062954,0.00036899265251122415,0.012005590833723545,1500,1500,1000,1500,1800,1000,1000,1800
1783904317.4763,2.1601,0.01997,50.07,109,61779,0.760,GUIDED,GUIDED,128,0.0,1.0800323486328125,10.0,0.0,0.5,0.0,nan,nan,nan,nan,nan,nan,nan,nan,nan,nan,0.042257059141341966,0.05413174156426742,0.00024918128284878027,0,0,-0.05604002997279167,0.9393898248672485,10.000191688537598,0.00795760191977024,0.5499470233917236,-0.0002545363095123321,-15,0,-1001,0,-15,-7,0.00536797009408474,0.0002994504466187209,0.00849948264658451,-0.0060262554325163364,3135,3135,0.019921302795410156,12.312,28.75,95,6,10,1.21,831,0.004479474388062954,0.00036899265251122415,0.012005590833723545,1500,1500,1000,1500,1800,1000,1000,1800
1783904317.4963,2.1801,0.02003,49.93,110,61799,0.780,GUIDED,GUIDED,128,0.0,1.0900336503982544,10.0,0.0,0.5,0.0,nan,nan,nan,nan,nan,nan,nan,nan,nan,nan,0.04129504012404446,0.056464725544961694,0.00010519147262671525,0,0,-0.05601773411035538,0.9505696892738342,10.000203132629395,0.008500151336193085,0.5479196310043335,-0.00017801100329961628,-15,0,-1001,0,-15,-7,0.00536797009408474,0.0002994504466187209,0.00849948264658451,-0.0060262554325163364,3135,3135,0.019961833953857422,12.312,28.75,95,6,10,1.21,831,0.004479474388062954,0.00036899265251122415,0.012005590833723545,1500,1500,1000,1500,1800,1000,1000,1800
1783904317.5163,2.2001,0.01997,50.07,111,61819,0.800,GUIDED,GUIDED,128,0.0,1.1000322103500366,10.0,0.0,0.5,0.0,nan,nan,nan,nan,nan,nan,nan,nan,nan,nan,0.04144128318382883,0.05756866012749039,3.880512261647876e-05,0,0,-0.056464776396751404,0.9622052907943726,10.00025463104248,0.008673817850649357,0.5463371276855469,-0.0001694154489086941,-15,0,-1001,0,-15,-7,0.00536797009408474,0.0002994504466187209,0.00849948264658451,-0.0060262554325163364,3135,3135,0.019920825958251953,12.312,28.75,95,6,10,1.21,831,0.004479474388062954,0.00036899265251122415,0.012005590833723545,1500,1500,1000,1500,1800,1000,1000,1800
1783904317.5363,2.2201,0.01999,50.02,112,61839,0.820,GUIDED,GUIDED,128,0.0,1.1100265979766846,10.0,0.0,0.5,0.0,nan,nan,nan,nan,nan,nan,nan,nan,nan,nan,0.04143074631102156,0.058755787969776485,-0.00013062042382675195,0,0,-0.056849993765354156,0.9737520813941956,10.0003023147583,0.008902306668460369,0.5447554588317871,-9.912777022691444e-05,-15,0,-1001,0,-15,-7,0.00536797009408474,0.0002994504466187209,0.00849948264658451,-0.0060262554325163364,3135,3135,0.01993727684020996,12.312,28.75,95,6,10,1.21,831,0.004479474388062954,0.00036899265251122415,0.012005590833723545,1500,1500,1000,1500,1800,1000,1000,1800
1783904317.5567,2.2401,0.02043,48.95,113,61859,0.840,GUIDED,GUIDED,128,0.0,1.1200265884399414,10.0,0.0,0.5,0.0,nan,nan,nan,nan,nan,nan,nan,nan,nan,nan,0.04076924299267736,0.06060048174181541,-0.0003531553092530056,0,0,-0.05692899599671364,0.9849265813827515,10.000325202941895,0.009329837746918201,0.5430123209953308,1.6138306818902493e-05,-15,0,-1001,-4,-12,37,0.004515648819506168,-0.003589186817407608,0.01258100476115942,0.03901127725839615,3135,3135,0.020375728607177734,12.312,28.78,95,6,10,1.21,831,0.004996252711862326,0.0008365210378542542,0.01098764967173338,1500,1500,1000,1500,1800,1000,1000,1800
1783904317.5763,2.2601,0.01957,51.09,114,61879,0.860,GUIDED,GUIDED,128,0.0,1.1300278902053833,10.0,0.0,0.5,0.0,nan,nan,nan,nan,nan,nan,nan,nan,nan,nan,0.04067956484454163,0.061798176378453876,-0.0004685749269457639,0,0,-0.05722673237323761,0.9963343739509583,10.000382423400879,0.009553511627018452,0.5415087938308716,4.973960676579736e-05,-15,0,-1001,-4,-12,37,0.004515648819506168,-0.003589186817407608,0.01258100476115942,0.03901127725839615,3135,3135,0.01951885223388672,12.312,28.78,95,6,10,1.21,831,0.004996252711862326,0.0008365210378542542,0.01098764967173338,1500,1500,1000,1500,1800,1000,1000,1800
1783904317.5963,2.2801,0.02001,49.97,115,61899,0.880,GUIDED,GUIDED,128,0.0,1.140029788017273,10.0,0.0,0.5,0.0,nan,nan,nan,nan,nan,nan,nan,nan,nan,nan,0.040030032746749614,0.06361566410324418,-0.0005069822659983656,0,0,-0.057261694222688675,1.0074125528335571,10.00041675567627,0.00994870439171791,0.5398380756378174,5.2092345868004486e-05,-15,0,-1001,-4,-12,37,0.004515648819506168,-0.003589186817407608,0.01258100476115942,0.03901127725839615,3135,3135,0.019954442977905273,12.312,28.78,95,6,10,1.21,831,0.004996252711862326,0.0008365210378542542,0.01098764967173338,1500,1500,1000,1500,1800,1000,1000,1800
1783904317.6163,2.3001,0.02001,49.97,116,61919,0.900,GUIDED,GUIDED,128,0.0,1.1500271558761597,10.0,0.0,0.5,0.0,nan,nan,nan,nan,nan,nan,nan,nan,nan,nan,0.03984552716496306,0.06483370198524013,-0.0006020630204751965,0,0,-0.05748802050948143,1.0186965465545654,10.000479698181152,0.010185898281633854,0.5383920073509216,7.064737292239442e-05,-15,0,-1001,-4,-12,37,0.004515648819506168,-0.003589186817407608,0.01258100476115942,0.03901127725839615,3135,3135,0.019945859909057617,12.312,28.78,95,6,10,1.21,831,0.004996252711862326,0.0008365210378542542,0.01098764967173338,1500,1500,1000,1500,1800,1000,1000,1800
1783904317.6363,2.3201,0.01997,50.08,117,61939,0.920,GUIDED,GUIDED,128,0.0,1.1600255966186523,10.0,0.0,0.5,0.0,nan,nan,nan,nan,nan,nan,nan,nan,nan,nan,0.03957887523051373,0.06612190851906696,-0.000802325065307213,0,0,-0.05766644328832626,1.0299086570739746,10.000537872314453,0.010442862287163734,0.5369475483894348,0.0001526818668935448,-15,0,-1001,-4,-12,37,0.004515648819506168,-0.003589186817407608,0.01258100476115942,0.03901127725839615,3135,3135,0.019917726516723633,12.312,28.78,95,6,10,1.21,831,0.004996252711862326,0.0008365210378542542,0.01098764967173338,1500,1500,1000,1500,1800,1000,1000,1800
1783904317.6563,2.3401,0.02000,50.01,118,61959,0.940,GUIDED,GUIDED,128,0.0,1.170026421546936,10.0,0.0,0.5,0.0,nan,nan,nan,nan,nan,nan,nan,nan,nan,nan,0.038854935244646324,0.06793069767476274,-0.0008060706353433657,0,0,-0.05763161554932594,1.0408445596694946,10.000568389892578,0.010840721428394318,0.5353633761405945,0.00013722504081670195,-15,0,-1001,-4,-12,37,0.004515648819506168,-0.003589186817407608,0.01258100476115942,0.03901127725839615,3135,3135,0.019946813583374023,12.312,28.78,95,6,10,1.21,831,0.004996252711862326,0.0008365210378542542,0.01098764967173338,1500,1500,1000,1500,1800,1000,1000,1800
1783904317.6763,2.3601,0.02000,50.00,119,61979,0.960,GUIDED,GUIDED,128,0.0,1.180026888847351,10.0,0.0,0.5,0.0,nan,nan,nan,nan,nan,nan,nan,nan,nan,nan,0.03849470569609734,0.06919240379389599,-0.000924183271479202,0,0,-0.057740528136491776,1.0519405603408813,10.000633239746094,0.011111580766737461,0.534002423286438,0.00016797632270026952,-15,0,-1001,-4,-12,37,0.004515648819506168,-0.003589186817407608,0.01258100476115942,0.03901127725839615,3135,3135,0.019948482513427734,12.312,28.78,95,6,10,1.21,831,0.004996252711862326,0.0008365210378542542,0.01098764967173338,1500,1500,1000,1500,1800,1000,1000,1800
1783904317.6963,2.3801,0.02000,50.00,120,61999,0.980,GUIDED,GUIDED,128,0.0,1.1900265216827393,10.0,0.0,0.5,0.0,nan,nan,nan,nan,nan,nan,nan,nan,nan,nan,0.03777130527513546,0.07087993163436582,-0.00106677408690722,0,0,-0.05766987428069115,1.062794804573059,10.000672340393066,0.011488444171845913,0.5325347185134888,0.00022772639931645244,-15,0,-1001,-4,-12,37,0.004515648819506168,-0.003589186817407608,0.01258100476115942,0.03901127725839615,3135,3135,0.01994919776916504,12.312,28.78,95,6,10,1.21,831,0.004996252711862326,0.0008365210378542542,0.01098764967173338,1500,1500,1000,1500,1800,1000,1000,1800
1783904317.7163,2.4001,0.02004,49.90,121,62019,0.000,GUIDED,GUIDED,128,0.0,1.2000268697738647,10.0,0.0,0.5,0.0,nan,nan,nan,nan,nan,nan,nan,nan,nan,nan,0.0380492387320925,0.07145304293202516,-0.00122565753367002,0,0,-0.05804403871297836,1.0740671157836914,10.000772476196289,0.011544003151357174,0.531469464302063,0.0002616443671286106,-15,0,-1001,-4,-12,37,0.004515648819506168,-0.003589186817407608,0.01258100476115942,0.03901127725839615,3135,3135,0.01995110511779785,12.312,28.78,95,6,10,1.21,831,0.004996252711862326,0.0008365210378542542,0.01098764967173338,1500,1500,1000,1500,1800,1000,1000,1800
1783904317.7363,2.4200,0.01995,50.12,122,62039,0.020,GUIDED,GUIDED,128,0.0,1.2100238800048828,10.0,0.0,0.5,0.0,nan,nan,nan,nan,nan,nan,nan,nan,nan,nan,0.0382145300530726,0.07207230657141887,-0.0012537597128489124,0,0,-0.05835967883467674,1.0852651596069336,10.000864028930664,0.01163080707192421,0.5304185152053833,0.0002250111720059067,-15,0,-1001,-4,-12,37,0.004515648819506168,-0.003589186817407608,0.01258100476115942,0.03901127725839615,3135,3135,0.019903182983398438,12.312,28.78,95,6,10,1.21,831,0.004996252711862326,0.0008365210378542542,0.01098764967173338,1500,1500,1000,1500,1800,1000,1000,1800
1783904317.7562,2.4400,0.02000,50.01,123,62059,0.040,GUIDED,GUIDED,128,0.0,1.2200243473052979,10.0,0.0,0.5,0.0,nan,nan,nan,nan,nan,nan,nan,nan,nan,nan,0.037715690419149586,0.07340896740793797,-0.0013619903455694801,0,0,-0.058378808200359344,1.0961307287216187,10.000909805297852,0.011929856613278389,0.5291473269462585,0.0002610691590234637,-15,0,-1001,-4,-12,37,0.004515648819506168,-0.003589186817407608,0.01258100476115942,0.03901127725839615,3135,3135,0.01995086669921875,12.312,28.78,95,6,10,1.21,831,0.004996252711862326,0.0008365210378542542,0.01098764967173338,1500,1500,1000,1500,1800,1000,1000,1800
1783904317.7763,2.4601,0.02000,49.99,124,62079,0.060,GUIDED,GUIDED,128,0.0,1.2300260066986084,10.0,0.0,0.5,0.0,nan,nan,nan,nan,nan,nan,nan,nan,nan,nan,0.03772060282038247,0.07415292793637415,-0.0013095750763219927,0,0,-0.05861261114478111,1.107214093208313,10.00100326538086,0.012062006630003452,0.5280932784080505,0.00017684798513073474,-15,0,-1001,-4,-12,37,0.004515648819506168,-0.003589186817407608,0.01258100476115942,0.03901127725839615,3135,3135,0.01995563507080078,12.312,28.78,95,6,10,1.21,831,0.004996252711862326,0.0008365210378542542,0.01098764967173338,1500,1500,1000,1500,1800,1000,1000,1800
1783904317.7966,2.4801,0.02039,49.05,125,62099,0.080,GUIDED,GUIDED,128,0.0,1.240026593208313,10.0,0.0,0.5,0.0,nan,nan,nan,nan,nan,nan,nan,nan,nan,nan,0.03720264563930302,0.07546858435187923,-0.0014312499770836142,0,0,-0.05859185755252838,1.1180038452148438,10.001053810119629,0.012349067255854607,0.5268780589103699,0.00021791500330436975,-14,0,-1001,0,-7,40,0.0038057982455939054,-0.006229351740330458,0.0230483990162611,0.04256684333086014,3135,3135,0.019960880279541016,12.312,28.78,95,6,10,1.21,831,0.004296296276152134,0.0007068530539982021,0.010326363146305084,1500,1500,1000,1500,1800,1000,1000,1800
1783904317.8163,2.5001,0.01963,50.95,126,62119,0.100,GUIDED,GUIDED,128,0.0,1.2500269412994385,10.0,0.0,0.5,0.0,nan,nan,nan,nan,nan,nan,nan,nan,nan,nan,0.0371369469047054,0.07623588737935465,-0.0016026226381983615,0,0,-0.05875840783119202,1.1289856433868408,10.00114631652832,0.01248315628618002,0.5258684158325195,0.0002634484553709626,-14,0,-1001,0,-7,40,0.0038057982455939054,-0.006229351740330458,0.0230483990162611,0.04256684333086014,3135,3135,0.019575834274291992,12.312,28.78,95,6,10,1.21,831,0.004296296276152134,0.0007068530539982021,0.010326363146305084,1500,1500,1000,1500,1800,1000,1000,1800
1783904317.8363,2.5201,0.02000,50.00,127,62139,0.120,GUIDED,GUIDED,128,0.0,1.2600269317626953,10.0,0.0,0.5,0.0,nan,nan,nan,nan,nan,nan,nan,nan,nan,nan,0.03692740241414748,0.07704194092043562,-0.001672138585077063,0,0,-0.0588795468211174,1.1399074792861938,10.001233100891113,0.012674076482653618,0.5248708128929138,0.0002534785307943821,-14,0,-1001,0,-7,40,0.0038057982455939054,-0.006229351740330458,0.0230483990162611,0.04256684333086014,3135,3135,0.01994633674621582,12.312,28.78,95,6,10,1.21,831,0.004296296276152134,0.0007068530539982021,0.010326363146305084,1500,1500,1000,1500,1800,1000,1000,1800
1783904317.8563,2.5401,0.01999,50.02,128,62159,0.140,GUIDED,GUIDED,128,0.0,1.2700265645980835,10.0,0.0,0.5,0.0,nan,nan,nan,nan,nan,nan,nan,nan,nan,nan,0.03625964648599583,0.07834980184520285,-0.0013696867715914372,0,0,-0.058794714510440826,1.1505849361419678,10.001274108886719,0.013010627590119839,0.523724377155304,5.518191755982116e-05,-14,0,-1001,0,-7,40,0.0038057982455939054,-0.006229351740330458,0.0230483990162611,0.04256684333086014,3135,3135,0.019942522048950195,12.312,28.78,95,6,10,1.21,831,0.004296296276152134,0.0007068530539982021,0.010326363146305084,1500,1500,1000,1500,1800,1000,1000,1800
1783904317.8763,2.5601,0.02000,50.01,129,62179,0.160,GUIDED,GUIDED,128,0.0,1.2800263166427612,10.0,0.0,0.5,0.0,nan,nan,nan,nan,nan,nan,nan,nan,nan,nan,0.035977764207446465,0.0791724594277099,-0.0013041082670878664,0,0,-0.0588497519493103,1.1614118814468384,10.00135612487793,0.0132051482796669,0.5227718353271484,-3.0031804271857254e-05,-14,0,-1001,0,-7,40,0.0038057982455939054,-0.006229351740330458,0.0230483990162611,0.04256684333086014,3135,3135,0.01994609832763672,12.312,28.78,95,6,10,1.21,831,0.004296296276152134,0.0007068530539982021,0.010326363146305084,1500,1500,1000,1500,1800,1000,1000,1800
1783904317.8963,2.5801,0.02000,50.00,130,62199,0.180,GUIDED,GUIDED,128,0.0,1.2900266647338867,10.0,0.0,0.5,0.0,nan,nan,nan,nan,nan,nan,nan,nan,nan,nan,0.035322969985765965,0.08043173472702694,-0.001298737472957103,0,0,-0.05873234197497368,1.1720257997512817,10.001398086547852,0.013515407219529152,0.5216905474662781,-5.7359215134056285e-05,-14,0,-1001,0,-7,40,0.0038057982455939054,-0.006229351740330458,0.0230483990162611,0.04256684333086014,3135,3135,0.019949913024902344,12.312,28.78,95,6,10,1.21,831,0.004296296276152134,0.0007068530539982021,0.010326363146305084,1500,1500,1000,1500,1800,1000,1000,1800
1783904317.9163,2.6001,0.02000,49.99,131,62219,0.200,GUIDED,GUIDED,128,0.0,1.3000268936157227,10.0,0.0,0.5,0.0,nan,nan,nan,nan,nan,nan,nan,nan,nan,nan,0.03561872562778206,0.08061090970558069,-0.0013181681315357126,0,0,-0.059036653488874435,1.1830443143844604,10.001505851745605,0.013520346954464912,0.5209991931915283,-0.00010835918510565534,-14,0,-1001,0,-7,40,0.0038057982455939054,-0.006229351740330458,0.0230483990162611,0.04256684333086014,3135,3135,0.019953012466430664,12.312,28.78,95,6,10,1.21,831,0.004296296276152134,0.0007068530539982021,0.010326363146305084,1500,1500,1000,1500,1800,1000,1000,1800
1783904317.9363,2.6201,0.02001,49.98,132,62239,0.220,GUIDED,GUIDED,128,0.0,1.31002676486969,10.0,0.0,0.5,0.0,nan,nan,nan,nan,nan,nan,nan,nan,nan,nan,0.03578803092847037,0.08085714189559291,-0.0013681511501262142,0,0,-0.05928551033139229,1.193998098373413,10.001603126525879,0.01356627605855465,0.5203062891960144,-0.00013566309644374996,-14,0,-1001,0,-7,40,0.0038057982455939054,-0.006229351740330458,0.0230483990162611,0.04256684333086014,3135,3135,0.019955873489379883,12.312,28.78,95,6,10,1.21,831,0.004296296276152134,0.0007068530539982021,0.010326363146305084,1500,1500,1000,1500,1800,1000,1000,1800
1783904317.9563,2.6401,0.02002,49.95,133,62259,0.240,GUIDED,GUIDED,128,0.0,1.3200275897979736,10.0,0.0,0.5,0.0,nan,nan,nan,nan,nan,nan,nan,nan,nan,nan,0.03536959838519094,0.0817661045075378,-0.0013639848260960069,0,0,-0.059253472834825516,1.2046465873718262,10.001646041870117,0.013789361342787743,0.5194075703620911,-0.00016284571029245853,-14,0,-1001,0,-7,40,0.0038057982455939054,-0.006229351740330458,0.0230483990162611,0.04256684333086014,3135,3135,0.019958972930908203,12.312,28.78,95,6,10,1.21,831,0.004296296276152134,0.0007068530539982021,0.010326363146305084,1500,1500,1000,1500,1800,1000,1000,1800
1783904317.9763,2.6600,0.01997,50.08,134,62279,0.260,GUIDED,GUIDED,128,0.0,1.330024003982544,10.0,0.0,0.5,0.0,nan,nan,nan,nan,nan,nan,nan,nan,nan,nan,0.035388776380375644,0.08209941197864096,-0.0015213436649573117,0,0,-0.05942569673061371,1.2155033349990845,10.001741409301758,0.013877722434699535,0.518718421459198,-0.00012705495464615524,-14,0,-1001,0,-7,40,0.0038057982455939054,-0.006229351740330458,0.0230483990162611,0.04256684333086014,3135,3135,0.01992011070251465,12.312,28.78,95,6,10,1.21,831,0.004296296276152134,0.0007068530539982021,0.010326363146305084,1500,1500,1000,1500,1800,1000,1000,1800
1783904317.9963,2.6800,0.02000,49.99,135,62299,0.280,GUIDED,GUIDED,128,0.0,1.3400239944458008,10.0,0.0,0.5,0.0,nan,nan,nan,nan,nan,nan,nan,nan,nan,nan,0.034914249596079416,0.08302111647154015,-0.0016769948975429445,0,0,-0.05935727059841156,1.2260921001434326,10.001790046691895,0.014112184755504131,0.5178463459014893,-6.527048390125856e-05,-14,0,-1001,0,-7,40,0.0038057982455939054,-0.006229351740330458,0.0230483990162611,0.04256684333086014,3135,3135,0.019954204559326172,12.312,28.78,95,6,10,1.21,831,0.004296296276152134,0.0007068530539982021,0.010326363146305084,1500,1500,1000,1500,1800,1000,1000,1800
1783904318.0163,2.7001,0.02001,49.98,136,62319,0.300,GUIDED,GUIDED,128,0.0,1.3500263690948486,10.0,0.0,0.5,0.0,nan,nan,nan,nan,nan,nan,nan,nan,nan,nan,0.034913728739269664,0.08378640167641077,-0.001646997015274503,0,0,-0.05947757884860039,1.2364329099655151,10.001883506774902,0.014181945472955704,0.5172091126441956,-0.00013654897338710725,-14,0,-1001,0,-7,40,0.0038057982455939054,-0.006229351740330458,0.0230483990162611,0.04256684333086014,3135,3135,0.019956111907958984,12.312,28.78,95,6,10,1.21,831,0.004296296276152134,0.0007068530539982021,0.010326363146305084,1500,1500,1000,1500,1800,1000,1000,1800
1783904318.0363,2.7201,0.02000,50.00,137,62339,0.320,GUIDED,GUIDED,128,0.0,1.360026478767395,10.0,0.0,0.5,0.0,nan,nan,nan,nan,nan,nan,nan,nan,nan,nan,0.034787967637254474,0.08429190313669226,-0.0013640102103593945,0,0,-0.059543807059526443,1.2471531629562378,10.001965522766113,0.014292790554463863,0.5165014863014221,-0.000347283435985446,-14,0,-1001,0,-7,40,0.0038057982455939054,-0.006229351740330458,0.0230483990162611,0.04256684333086014,3135,3135,0.019948244094848633,12.312,28.78,95,6,10,1.21,831,0.004296296276152134,0.0007068530539982021,0.010326363146305084,1500,1500,1000,1500,1800,1000,1000,1800
1783904318.0567,2.7400,0.02039,49.05,138,62359,0.340,GUIDED,GUIDED,128,0.0,1.3700248003005981,10.0,0.0,0.5,0.0,nan,nan,nan,nan,nan,nan,nan,nan,nan,nan,0.03421660147427312,0.08524510533770982,-0.0009801412877185381,0,0,-0.05941750109195709,1.2576515674591064,10.001996994018555,0.014549746178090572,0.515662431716919,-0.0005870801978744566,-14,0,-999,0,-4,22,0.0032956667710095644,-0.007947811856865883,0.03111559897661209,0.024435468018054962,3135,3135,0.020336151123046875,12.312,28.75,95,6,10,1.21,831,0.004051919095218182,0.0006284593255259097,0.009702754206955433,1500,1500,1000,1500,1800,1000,1000,1800
1783904318.0763,2.7601,0.01964,50.92,139,62379,0.360,GUIDED,GUIDED,128,0.0,1.3800262212753296,10.0,0.0,0.5,0.0,nan,nan,nan,nan,nan,nan,nan,nan,nan,nan,0.033962883296818194,0.08576982197711358,-0.0008452951975162031,0,0,-0.05942294001579285,1.2682913541793823,10.002069473266602,0.014699370600283146,0.5149909257888794,-0.0007067795377224684,-14,0,-999,0,-4,22,0.0032956667710095644,-0.007947811856865883,0.03111559897661209,0.024435468018054962,3135,3135,0.01957559585571289,12.312,28.75,95,6,10,1.21,831,0.004051919095218182,0.0006284593255259097,0.009702754206955433,1500,1500,1000,1500,1800,1000,1000,1800
1783904318.0963,2.7800,0.01998,50.06,140,62399,0.380,GUIDED,GUIDED,128,0.0,1.3900245428085327,10.0,0.0,0.5,0.0,nan,nan,nan,nan,nan,nan,nan,nan,nan,nan,0.03335752283296265,0.08665415417693592,-0.0007229619590792024,0,0,-0.05926678702235222,1.2787389755249023,10.002099990844727,0.014958720654249191,0.5142209529876709,-0.0007950279978103936,-14,0,-999,0,-4,22,0.0032956667710095644,-0.007947811856865883,0.03111559897661209,0.024435468018054962,3135,3135,0.019920825958251953,12.312,28.75,95,6,10,1.21,831,0.004051919095218182,0.0006284593255259097,0.009702754206955433,1500,1500,1000,1500,1800,1000,1000,1800
1783904318.1163,2.8001,0.02000,50.00,141,62419,0.400,GUIDED,GUIDED,128,0.0,1.4000269174575806,10.0,0.0,0.5,0.0,nan,nan,nan,nan,nan,nan,nan,nan,nan,nan,0.033712001037200866,0.08654238486711344,-0.0009399381751302117,0,0,-0.05952711030840874,1.2896133661270142,10.002190589904785,0.01490436028689146,0.5137820243835449,-0.000722064112778753,-14,0,-999,0,-4,22,0.0032956667710095644,-0.007947811856865883,0.03111559897661209,0.024435468018054962,3135,3135,0.019947052001953125,12.312,28.75,95,6,10,1.21,831,0.004051919095218182,0.0006284593255259097,0.009702754206955433,1500,1500,1000,1500,1800,1000,1000,1800
1783904318.1363,2.8201,0.02002,49.95,142,62439,0.420,GUIDED,GUIDED,128,0.0,1.4100267887115479,10.0,0.0,0.5,0.0,nan,nan,nan,nan,nan,nan,nan,nan,nan,nan,0.03391984264596007,0.08655424275574859,-0.0011456053184348703,0,0,-0.05973456799983978,1.3004270792007446,10.002273559570312,0.014904138632118702,0.5133053064346313,-0.0006512246909551322,-14,0,-999,0,-4,22,0.0032956667710095644,-0.007947811856865883,0.03111559897661209,0.024435468018054962,3135,3135,0.019956111907958984,12.312,28.75,95,6,10,1.21,831,0.004051919095218182,0.0006284593255259097,0.009702754206955433,1500,1500,1000,1500,1800,1000,1000,1800
1783904318.1563,2.8401,0.02000,50.00,143,62459,0.440,GUIDED,GUIDED,128,0.0,1.4200271368026733,10.0,0.0,0.5,0.0,nan,nan,nan,nan,nan,nan,nan,nan,nan,nan,0.03355449063501666,0.08715787954949117,-0.0011515440831134625,0,0,-0.05966990068554878,1.310939073562622,10.00230598449707,0.015077739022672176,0.5126613974571228,-0.0006665164837613702,-14,0,-999,0,-4,22,0.0032956667710095644,-0.007947811856865883,0.03111559897661209,0.024435468018054962,3135,3135,0.019939661026000977,12.312,28.75,95,6,10,1.21,831,0.004051919095218182,0.0006284593255259097,0.009702754206955433,1500,1500,1000,1500,1800,1000,1000,1800
1783904318.1763,2.8601,0.02001,49.98,144,62479,0.460,GUIDED,GUIDED,128,0.0,1.4300274848937988,10.0,0.0,0.5,0.0,nan,nan,nan,nan,nan,nan,nan,nan,nan,nan,0.033579671116261374,0.08726179665835761,-0.0011104803312711644,0,0,-0.05980392172932625,1.3216640949249268,10.002386093139648,0.015140578150749207,0.5121830105781555,-0.000736475398298353,-14,0,-999,0,-4,22,0.0032956667710095644,-0.007947811856865883,0.03111559897661209,0.024435468018054962,3135,3135,0.019942283630371094,12.312,28.75,95,6,10,1.21,831,0.004051919095218182,0.0006284593255259097,0.009702754206955433,1500,1500,1000,1500,1800,1000,1000,1800
1783904318.1963,2.8801,0.01999,50.02,145,62499,0.480,GUIDED,GUIDED,128,0.0,1.4400274753570557,10.0,0.0,0.5,0.0,nan,nan,nan,nan,nan,nan,nan,nan,nan,nan,0.03312385792368448,0.087885205773306,-0.0009728645632624347,0,0,-0.059704359620809555,1.3321244716644287,10.002418518066406,0.01534625981003046,0.5115572810173035,-0.0008346484391950071,-14,0,-999,0,-4,22,0.0032956667710095644,-0.007947811856865883,0.03111559897661209,0.024435468018054962,3135,3135,0.019932270050048828,12.312,28.75,95,6,10,1.21,831,0.004051919095218182,0.0006284593255259097,0.009702754206955433,1500,1500,1000,1500,1800,1000,1000,1800
1783904318.2163,2.9001,0.02002,49.96,146,62519,0.500,GUIDED,GUIDED,128,0.0,1.4500272274017334,10.0,0.0,0.5,0.0,nan,nan,nan,nan,nan,nan,nan,nan,nan,nan,0.0330811525039536,0.08801543353227936,-0.0008404261226697993,0,0,-0.05977796018123627,1.3427727222442627,10.002490997314453,0.015413409098982811,0.5111076831817627,-0.0009529577218927443,-14,0,-999,0,-4,22,0.0032956667710095644,-0.007947811856865883,0.03111559897661209,0.024435468018054962,3135,3135,0.019936084747314453,12.312,28.75,95,6,10,1.21,831,0.004051919095218182,0.0006284593255259097,0.009702754206955433,1500,1500,1000,1500,1800,1000,1000,1800
1783904318.2363,2.9201,0.01996,50.10,147,62539,0.520,GUIDED,GUIDED,128,0.0,1.4600268602371216,10.0,0.0,0.5,0.0,nan,nan,nan,nan,nan,nan,nan,nan,nan,nan,0.03288667564989613,0.08822129063705517,-0.0007336750513157039,0,0,-0.059810299426317215,1.353373408317566,10.002553939819336,0.015544361434876919,0.5106418132781982,-0.0010509303538128734,-14,0,-999,0,-4,22,0.0032956667710095644,-0.007947811856865883,0.03111559897661209,0.024435468018054962,3135,3135,0.01991105079650879,12.312,28.75,95,6,10,1.21,831,0.004051919095218182,0.0006284593255259097,0.009702754206955433,1500,1500,1000,1500,1800,1000,1000,1800
1783904318.2563,2.9401,0.01999,50.02,148,62559,0.540,GUIDED,GUIDED,128,0.0,1.4700266122817993,10.0,0.0,0.5,0.0,nan,nan,nan,nan,nan,nan,nan,nan,nan,nan,0.03234740525920815,0.08894110177738314,-0.000536553890423455,0,0,-0.059655096381902695,1.3637566566467285,10.002570152282715,0.015766102820634842,0.5100048184394836,-0.0011740985792130232,-14,0,-999,0,-4,22,0.0032956667710095644,-0.007947811856865883,0.03111559897661209,0.024435468018054962,3135,3135,0.01994609832763672,12.312,28.75,95,6,10,1.21,831,0.004051919095218182,0.0006284593255259097,0.009702754206955433,1500,1500,1000,1500,1800,1000,1000,1800
1783904318.2763,2.9601,0.02001,49.98,149,62579,0.560,GUIDED,GUIDED,128,0.0,1.4800273180007935,10.0,0.0,0.5,0.0,nan,nan,nan,nan,nan,nan,nan,nan,nan,nan,0.03212807806723446,0.08927525924059722,-0.0005462463628091796,0,0,-0.059628650546073914,1.3742846250534058,10.002628326416016,0.015877462923526764,0.5095074772834778,-0.0012020894791930914,-14,0,-999,0,-4,22,0.0032956667710095644,-0.007947811856865883,0.03111559897661209,0.024435468018054962,3135,3135,0.01995372772216797,12.312,28.75,95,6,10,1.21,831,0.004051919095218182,0.0006284593255259097,0.009702754206955433,1500,1500,1000,1500,1800,1000,1000,1800
1783904318.2967,2.9801,0.02045,48.91,150,62599,0.580,GUIDED,GUIDED,128,0.0,1.4900263547897339,10.0,0.0,0.5,0.0,nan,nan,nan,nan,nan,nan,nan,nan,nan,nan,0.03155134315460913,0.08995514927591539,-0.0006847584656448258,0,0,-0.05944551154971123,1.3846237659454346,10.002647399902344,0.01610470563173294,0.5089185833930969,-0.0011331315618008375,-14,0,-1001,-1,-2,9,0.003065671306103468,-0.009074375964701176,0.03540739789605141,0.011229285970330238,3135,3135,0.01995062828063965,12.312,28.75,95,6,10,1.21,831,0.007285274565219879,0.000556835497263819,0.00899082887917757,1500,1500,1000,1500,1800,1000,1000,1800
1783904318.3163,3.0000,0.01955,51.14,151,62619,0.600,GUIDED,GUIDED,128,0.0,1.5000241994857788,10.0,0.0,0.5,0.0,nan,nan,nan,nan,nan,nan,nan,nan,nan,nan,0.031871753647380194,0.08940367202521257,-0.000905291734685267,0,0,-0.05966397747397423,1.3955368995666504,10.002724647521973,0.01604584790766239,0.5087085366249084,-0.0010504055535420775,-14,0,-1001,-1,-2,9,0.003065671306103468,-0.009074375964701176,0.03540739789605141,0.011229285970330238,3135,3135,0.019498825073242188,12.312,28.75,95,6,10,1.21,831,0.007285274565219879,0.000556835497263819,0.00899082887917757,1500,1500,1000,1500,1800,1000,1000,1800
1783904318.3363,3.0201,0.02006,49.86,152,62639,0.620,GUIDED,GUIDED,128,0.0,1.5100276470184326,10.0,0.0,0.5,0.0,nan,nan,nan,nan,nan,nan,nan,nan,nan,nan,0.032057604654710734,0.0889236661696838,-0.0009246113455884388,0,0,-0.05983104556798935,1.4063822031021118,10.00279426574707,0.01603500358760357,0.5084996223449707,-0.0010794454719871283,-14,0,-1001,-1,-2,9,0.003065671306103468,-0.009074375964701176,0.03540739789605141,0.011229285970330238,3135,3135,0.019961833953857422,12.312,28.75,95,6,10,1.21,831,0.007285274565219879,0.000556835497263819,0.00899082887917757,1500,1500,1000,1500,1800,1000,1000,1800
1783904318.3563,3.0401,0.01998,50.05,153,62659,0.640,GUIDED,GUIDED,128,0.0,1.5200260877609253,10.0,0.0,0.5,0.0,nan,nan,nan,nan,nan,nan,nan,nan,nan,nan,0.031703089017179144,0.08923249335976537,-0.0008731373316968618,0,0,-0.05973596125841141,1.4168611764907837,10.002814292907715,0.016184786334633827,0.5080438852310181,-0.0011207266943529248,-14,0,-1001,-1,-2,9,0.003065671306103468,-0.009074375964701176,0.03540739789605141,0.011229285970330238,3135,3135,0.019918441772460938,12.312,28.75,95,6,10,1.21,831,0.007285274565219879,0.000556835497263819,0.00899082887917757,1500,1500,1000,1500,1800,1000,1000,1800
1783904318.3763,3.0601,0.01997,50.08,154,62679,0.660,GUIDED,GUIDED,128,0.0,1.5300300121307373,10.0,0.0,0.5,0.0,nan,nan,nan,nan,nan,nan,nan,nan,nan,nan,0.03178238609582685,0.08895495352597543,-0.0008638645247607377,0,0,-0.0598331056535244,1.4276105165481567,10.00287914276123,0.016195090487599373,0.507773756980896,-0.0011635214323177934,-14,0,-1001,-1,-2,9,0.003065671306103468,-0.009074375964701176,0.03540739789605141,0.011229285970330238,3135,3135,0.019916057586669922,12.312,28.75,95,6,10,1.21,831,0.007285274565219879,0.000556835497263819,0.00899082887917757,1500,1500,1000,1500,1800,1000,1000,1800
1783904318.3963,3.0801,0.02001,49.98,155,62699,0.680,GUIDED,GUIDED,128,0.0,1.5400290489196777,10.0,0.0,0.5,0.0,nan,nan,nan,nan,nan,nan,nan,nan,nan,nan,0.031395971260730446,0.08938727670638101,-0.0009019978342159366,0,0,-0.059706076979637146,1.4380375146865845,10.002900123596191,0.016344847157597542,0.5072770714759827,-0.0011536184465512633,-14,0,-1001,-1,-2,9,0.003065671306103468,-0.009074375964701176,0.03540739789605141,0.011229285970330238,3135,3135,0.019945383071899414,12.312,28.75,95,6,10,1.21,831,0.007285274565219879,0.000556835497263819,0.00899082887917757,1500,1500,1000,1500,1800,1000,1000,1800
1783904318.4163,3.1001,0.02001,49.98,156,62719,0.700,GUIDED,GUIDED,128,0.0,1.5500333309173584,10.0,0.0,0.5,0.0,nan,nan,nan,nan,nan,nan,nan,nan,nan,nan,0.03140486742991737,0.08921645248760297,-0.001062275751545564,0,0,-0.05974707379937172,1.4487026929855347,10.002962112426758,0.01636338047683239,0.5069941282272339,-0.0010968712158501148,-14,0,-1001,-1,-2,9,0.003065671306103468,-0.009074375964701176,0.03540739789605141,0.011229285970330238,3135,3135,0.01995539665222168,12.312,28.75,95,6,10,1.21,831,0.007285274565219879,0.000556835497263819,0.00899082887917757,1500,1500,1000,1500,1800,1000,1000,1800
1783904318.4363,3.1201,0.02000,50.01,157,62739,0.720,GUIDED,GUIDED,128,0.0,1.5600268840789795,10.0,0.0,0.5,0.0,nan,nan,nan,nan,nan,nan,nan,nan,nan,nan,0.03135626405059613,0.08879761483403861,-0.0011917564874561126,0,0,-0.059736352413892746,1.4597373008728027,10.00301742553711,0.01638525165617466,0.5066348910331726,-0.0010540505172684789,-14,0,-1001,-1,-2,9,0.003065671306103468,-0.009074375964701176,0.03540739789605141,0.011229285970330238,3135,3135,0.019930601119995117,12.312,28.75,95,6,10,1.21,831,0.007285274565219879,0.000556835497263819,0.00899082887917757,1500,1500,1000,1500,1800,1000,1000,1800
1783904318.4563,3.1401,0.02000,50.00,158,62759,0.740,GUIDED,GUIDED,128,0.0,1.570029377937317,10.0,0.0,0.5,0.0,nan,nan,nan,nan,nan,nan,nan,nan,nan,nan,0.03084573056042881,0.08929765179874102,-0.0012748095518105751,0,0,-0.059559088200330734,1.4700853824615479,10.003032684326172,0.016577664762735367,0.5061466693878174,-0.0010149094741791487,-14,0,-1001,-1,-2,9,0.003065671306103468,-0.009074375964701176,0.03540739789605141,0.011229285970330238,3135,3135,0.019938230514526367,12.312,28.75,95,6,10,1.21,831,0.007285274565219879,0.000556835497263819,0.00899082887917757,1500,1500,1000,1500,1800,1000,1000,1800
1783904318.4763,3.1601,0.01998,50.05,159,62779,0.760,GUIDED,GUIDED,128,0.0,1.580027461051941,10.0,0.0,0.5,0.0,nan,nan,nan,nan,nan,nan,nan,nan,nan,nan,0.030663509229369387,0.08935757814535822,-0.0013968752794093191,0,0,-0.05950666964054108,1.4806194305419922,10.003087997436523,0.016652606427669525,0.5058026313781738,-0.0009763698326423764,-14,0,-1001,-1,-2,9,0.003065671306103468,-0.009074375964701176,0.03540739789605141,0.011229285970330238,3135,3135,0.0199277400970459,12.312,28.75,95,6,10,1.21,831,0.007285274565219879,0.000556835497263819,0.00899082887917757,1500,1500,1000,1500,1800,1000,1000,1800
1783904318.4963,3.1801,0.01999,50.02,160,62799,0.780,GUIDED,GUIDED,128,0.0,1.5900264978408813,10.0,0.0,0.5,0.0,nan,nan,nan,nan,nan,nan,nan,nan,nan,nan,0.030218180327906977,0.08991103508163122,-0.0012337822814227515,0,0,-0.059304505586624146,1.4909236431121826,10.003106117248535,0.01679299771785736,0.5053068995475769,-0.0010809930972754955,-14,0,-1001,-1,-2,9,0.003065671306103468,-0.009074375964701176,0.03540739789605141,0.011229285970330238,3135,3135,0.019941329956054688,12.312,28.75,95,6,10,1.21,831,0.007285274565219879,0.000556835497263819,0.00899082887917757,1500,1500,1000,1500,1800,1000,1000,1800
1783904318.5163,3.2001,0.02002,49.96,161,62819,0.800,GUIDED,GUIDED,128,0.0,1.6000266075134277,10.0,0.0,0.5,0.0,nan,nan,nan,nan,nan,nan,nan,nan,nan,nan,0.03063146294031167,0.08932758050426577,-0.0010563768489714512,0,0,-0.059501320123672485,1.5017602443695068,10.003179550170898,0.01666801981627941,0.5051608085632324,-0.001225814688950777,-14,0,-1001,-1,-2,9,0.003065671306103468,-0.009074375964701176,0.03540739789605141,0.011229285970330238,3135,3135,0.01995563507080078,12.312,28.75,95,6,10,1.21,831,0.007285274565219879,0.000556835497263819,0.00899082887917757,1500,1500,1000,1500,1800,1000,1000,1800
1783904318.5363,3.2201,0.02001,49.96,162,62839,0.820,GUIDED,GUIDED,128,0.0,1.6100265979766846,10.0,0.0,0.5,0.0,nan,nan,nan,nan,nan,nan,nan,nan,nan,nan,0.030896557818987553,0.0884643431561812,-0.000875878472932563,0,0,-0.0596342571079731,1.5129497051239014,10.003239631652832,0.016591718420386314,0.5049724578857422,-0.0013647135347127914,-14,0,-1001,-1,-2,9,0.003065671306103468,-0.009074375964701176,0.03540739789605141,0.011229285970330238,3135,3135,0.01995086669921875,12.312,28.75,95,6,10,1.21,831,0.007285274565219879,0.000556835497263819,0.00899082887917757,1500,1500,1000,1500,1800,1000,1000,1800
1783904318.5566,3.2401,0.02032,49.22,163,62859,0.840,GUIDED,GUIDED,128,0.0,1.620026707649231,10.0,0.0,0.5,0.0,nan,nan,nan,nan,nan,nan,nan,nan,nan,nan,0.03062614343874702,0.08876931089076086,-0.0006847766652009423,0,0,-0.05952379107475281,1.5233551263809204,10.003252029418945,0.016684064641594887,0.5045623779296875,-0.0014822040684521198,-13,0,-1000,0,-1,3,0.002599577885121107,-0.00940175261348486,0.0375627838075161,0.005277965683490038,3135,3135,0.020264863967895508,12.312,28.75,95,6,10,1.21,831,0.005838729906827211,0.0005211575189605355,0.008712545037269592,1500,1500,1000,1500,1800,1000,1000,1800
1783904318.5763,3.2601,0.01965,50.90,164,62879,0.860,GUIDED,GUIDED,128,0.0,1.6300263404846191,10.0,0.0,0.5,0.0,nan,nan,nan,nan,nan,nan,nan,nan,nan,nan,0.03078721548382933,0.08850660284774314,-0.0007776245500465068,0,0,-0.059603601694107056,1.5340287685394287,10.003307342529297,0.016637148335576057,0.5043249130249023,-0.001460533356294036,-13,0,-1000,0,-1,3,0.002599577885121107,-0.00940175261348486,0.0375627838075161,0.005277965683490038,3135,3135,0.01959848403930664,12.312,28.75,95,6,10,1.21,831,0.005838729906827211,0.0005211575189605355,0.008712545037269592,1500,1500,1000,1500,1800,1000,1000,1800
1783904318.5963,3.2801,0.02002,49.95,165,62899,0.880,GUIDED,GUIDED,128,0.0,1.6400262117385864,10.0,0.0,0.5,0.0,nan,nan,nan,nan,nan,nan,nan,nan,nan,nan,0.03092326741179994,0.08834309044665929,-0.0006209970860378451,0,0,-0.059649571776390076,1.544649600982666,10.003360748291016,0.01658513955771923,0.5040608048439026,-0.0015817960957065225,-13,0,-1000,0,-1,3,0.002599577885121107,-0.00940175261348486,0.0375627838075161,0.005277965683490038,3135,3135,0.019961118698120117,12.312,28.75,95,6,10,1.21,831,0.005838729906827211,0.0005211575189605355,0.008712545037269592,1500,1500,1000,1500,1800,1000,1000,1800
1783904318.6163,3.3001,0.02001,49.97,166,62919,0.900,GUIDED,GUIDED,128,0.0,1.6500263214111328,10.0,0.0,0.5,0.0,nan,nan,nan,nan,nan,nan,nan,nan,nan,nan,0.030627273556296686,0.08880812857243431,-0.0003428191234301427,0,0,-0.05949220433831215,1.5549752712249756,10.003366470336914,0.016665175557136536,0.5036043524742126,-0.0017457058420404792,-13,0,-1000,0,-1,3,0.002599577885121107,-0.00940175261348486,0.0375627838075161,0.005277965683490038,3135,3135,0.01994919776916504,12.312,28.75,95,6,10,1.21,831,0.005838729906827211,0.0005211575189605355,0.008712545037269592,1500,1500,1000,1500,1800,1000,1000,1800
1783904318.6363,3.3201,0.01998,50.06,167,62939,0.920,GUIDED,GUIDED,128,0.0,1.6600265502929688,10.0,0.0,0.5,0.0,nan,nan,nan,nan,nan,nan,nan,nan,nan,nan,0.030665433824407708,0.08877072346402472,-0.0001634810323164499,0,0,-0.059483252465724945,1.5655136108398438,10.003403663635254,0.016637975350022316,0.503315269947052,-0.0018707202980294824,-13,0,-1000,0,-1,3,0.002599577885121107,-0.00940175261348486,0.0375627838075161,0.005277965683490038,3135,3135,0.019927501678466797,12.312,28.75,95,6,10,1.21,831,0.005838729906827211,0.0005211575189605355,0.008712545037269592,1500,1500,1000,1500,1800,1000,1000,1800
1783904318.6563,3.3401,0.02002,49.95,168,62959,0.940,GUIDED,GUIDED,128,0.0,1.6700273752212524,10.0,0.0,0.5,0.0,nan,nan,nan,nan,nan,nan,nan,nan,nan,nan,0.030266486317150437,0.08929598504971663,8.618492560549633e-05,0,0,-0.05929867923259735,1.5757919549942017,10.003399848937988,0.016761744394898415,0.5028517842292786,-0.0020126625895500183,-13,0,-1000,0,-1,3,0.002599577885121107,-0.00940175261348486,0.0375627838075161,0.005277965683490038,3135,3135,0.01996135711669922,12.312,28.75,95,6,10,1.21,831,0.005838729906827211,0.0005211575189605355,0.008712545037269592,1500,1500,1000,1500,1800,1000,1000,1800
1783904318.6763,3.3601,0.02000,49.99,169,62979,0.960,GUIDED,GUIDED,128,0.0,1.6800295114517212,10.0,0.0,0.5,0.0,nan,nan,nan,nan,nan,nan,nan,nan,nan,nan,0.03018817235240138,0.08944399903464012,0.0002881683374205621,0,0,-0.059238251298666,1.5862528085708618,10.003429412841797,0.01677207089960575,0.5025014877319336,-0.0021463464945554733,-13,0,-1000,0,-1,3,0.002599577885121107,-0.00940175261348486,0.0375627838075161,0.005277965683490038,3135,3135,0.019943952560424805,12.312,28.75,95,6,10,1.21,831,0.005838729906827211,0.0005211575189605355,0.008712545037269592,1500,1500,1000,1500,1800,1000,1000,1800
1783904318.6963,3.3801,0.01999,50.03,170,62999,0.980,GUIDED,GUIDED,128,0.0,1.6900265216827393,10.0,0.0,0.5,0.0,nan,nan,nan,nan,nan,nan,nan,nan,nan,nan,0.03005563747389155,0.08967162127713858,0.0004283014686143668,0,0,-0.05915404483675957,1.596671462059021,10.003458023071289,0.01679997332394123,0.5021266341209412,-0.002243770519271493,-13,0,-1000,0,-1,3,0.002599577885121107,-0.00940175261348486,0.0375627838075161,0.005277965683490038,3135,3135,0.019929170608520508,12.312,28.75,95,6,10,1.21,831,0.005838729906827211,0.0005211575189605355,0.008712545037269592,1500,1500,1000,1500,1800,1000,1000,1800
1783904318.7163,3.4001,0.02005,49.87,171,63019,0.000,GUIDED,GUIDED,128,0.0,1.7000269889831543,10.0,0.0,0.5,0.0,nan,nan,nan,nan,nan,nan,nan,nan,nan,nan,0.029865781629091707,0.08999940721039316,0.0005462638369342441,0,0,-0.05907902866601944,1.6070094108581543,10.003459930419922,0.016866276040673256,0.5017425417900085,-0.002312977332621813,-13,0,-1000,0,-1,3,0.002599577885121107,-0.00940175261348486,0.0375627838075161,0.005277965683490038,3135,3135,0.019946813583374023,12.312,28.75,95,6,10,1.21,831,0.005838729906827211,0.0005211575189605355,0.008712545037269592,1500,1500,1000,1500,1800,1000,1000,1800
1783904318.7363,3.4201,0.01993,50.16,172,63039,0.020,GUIDED,GUIDED,128,0.0,1.710026741027832,10.0,0.0,0.5,0.0,nan,nan,nan,nan,nan,nan,nan,nan,nan,nan,0.03019483452126825,0.08982039547298698,0.00041978040668934173,0,0,-0.05922963097691536,1.6176055669784546,10.003503799438477,0.016763247549533844,0.5015015602111816,-0.0022652798797935247,-13,0,-1000,0,-1,3,0.002599577885121107,-0.00940175261348486,0.0375627838075161,0.005277965683490038,3135,3135,0.019885540008544922,12.312,28.75,95,6,10,1.21,831,0.005838729906827211,0.0005211575189605355,0.008712545037269592,1500,1500,1000,1500,1800,1000,1000,1800
1783904318.7563,3.4401,0.02000,50.01,173,63059,0.040,GUIDED,GUIDED,128,0.0,1.7200266122817993,10.0,0.0,0.5,0.0,nan,nan,nan,nan,nan,nan,nan,nan,nan,nan,0.029981747170873034,0.09028703422273443,0.0003069887541780414,0,0,-0.05912018194794655,1.6278928518295288,10.003500938415527,0.01682308316230774,0.5010662078857422,-0.0021985077764838934,-13,0,-1000,0,-1,3,0.002599577885121107,-0.00940175261348486,0.0375627838075161,0.005277965683490038,3135,3135,0.019948959350585938,12.312,28.75,95,6,10,1.21,831,0.005838729906827211,0.0005211575189605355,0.008712545037269592,1500,1500,1000,1500,1800,1000,1000,1800
1783904318.7763,3.4601,0.02000,50.00,174,63079,0.060,GUIDED,GUIDED,128,0.0,1.7300262451171875,10.0,0.0,0.5,0.0,nan,nan,nan,nan,nan,nan,nan,nan,nan,nan,0.030186843816760137,0.09023739519520228,0.00013591841829484023,0,0,-0.05920492857694626,1.6384040117263794,10.003543853759766,0.016753599047660828,0.5007995367050171,-0.0021245174575597048,-13,0,-1000,0,-1,3,0.002599577885121107,-0.00940175261348486,0.0375627838075161,0.005277965683490038,3135,3135,0.019951343536376953,12.312,28.75,95,6,10,1.21,831,0.005838729906827211,0.0005211575189605355,0.008712545037269592,1500,1500,1000,1500,1800,1000,1000,1800
1783904318.7967,3.4801,0.02039,49.03,175,63099,0.080,GUIDED,GUIDED,128,0.0,1.7400261163711548,10.0,0.0,0.5,0.0,nan,nan,nan,nan,nan,nan,nan,nan,nan,nan,0.030327352975877343,0.0903040613930811,0.0001013483667635165,0,0,-0.059255752712488174,1.6488679647445679,10.003585815429688,0.016701819375157356,0.5004931092262268,-0.0021287850104272366,-13,0,-1000,1,1,-1,0.0025956768076866865,-0.009301368147134781,0.03851522132754326,-0.00018768443260341883,3135,3135,0.019957542419433594,12.312,28.78,95,6,10,1.21,831,0.00417956430464983,0.00046153267612680793,0.008278482593595982,1500,1500,1000,1500,1800,1000,1000,1800
1783904318.8163,3.5001,0.01962,50.98,176,63119,0.100,GUIDED,GUIDED,128,0.0,1.7500265836715698,10.0,0.0,0.5,0.0,nan,nan,nan,nan,nan,nan,nan,nan,nan,nan,0.029959859275732015,0.09092046664990087,0.0002354521843511738,0,0,-0.05909919738769531,1.6590813398361206,10.003582000732422,0.016823604702949524,0.5000143051147461,-0.0022040074691176414,-13,0,-1000,1,1,-1,0.0025956768076866865,-0.009301368147134781,0.03851522132754326,-0.00018768443260341883,3135,3135,0.019562721252441406,12.312,28.78,95,6,10,1.21,831,0.00417956430464983,0.00046153267612680793,0.008278482593595982,1500,1500,1000,1500,1800,1000,1000,1800
1783904318.8363,3.5201,0.02000,50.00,177,63139,0.120,GUIDED,GUIDED,128,0.0,1.7600263357162476,10.0,0.0,0.5,0.0,nan,nan,nan,nan,nan,nan,nan,nan,nan,nan,0.02999177929118363,0.09112665538262235,0.0003264286429960333,0,0,-0.05909353867173195,1.6694700717926025,10.00361156463623,0.016801908612251282,0.49967068433761597,-0.0022736014798283577,-13,0,-1000,1,1,-1,0.0025956768076866865,-0.009301368147134781,0.03851522132754326,-0.00018768443260341883,3135,3135,0.019946813583374023,12.312,28.78,95,6,10,1.21,831,0.00417956430464983,0.00046153267612680793,0.008278482593595982,1500,1500,1000,1500,1800,1000,1000,1800
1783904318.8563,3.5401,0.01999,50.01,178,63159,0.140,GUIDED,GUIDED,128,0.0,1.7700258493423462,10.0,0.0,0.5,0.0,nan,nan,nan,nan,nan,nan,nan,nan,nan,nan,0.02961248669669303,0.09179357255559649,0.0002372255702518208,0,0,-0.05890887603163719,1.6796387434005737,10.00360107421875,0.016914278268814087,0.49918797612190247,-0.0022160434164106846,-13,0,-1000,1,1,-1,0.0025956768076866865,-0.009301368147134781,0.03851522132754326,-0.00018768443260341883,3135,3135,0.0199434757232666,12.312,28.78,95,6,10,1.21,831,0.00417956430464983,0.00046153267612680793,0.008278482593595982,1500,1500,1000,1500,1800,1000,1000,1800
1783904318.8763,3.5601,0.02000,50.00,179,63179,0.160,GUIDED,GUIDED,128,0.0,1.7800263166427612,10.0,0.0,0.5,0.0,nan,nan,nan,nan,nan,nan,nan,nan,nan,nan,0.029533490785052494,0.09211824801138799,0.0002981998790969123,0,0,-0.05885116010904312,1.6899571418762207,10.003628730773926,0.016926564276218414,0.49881696701049805,-0.0022672144696116447,-13,0,-1000,1,1,-1,0.0025956768076866865,-0.009301368147134781,0.03851522132754326,-0.00018768443260341883,3135,3135,0.019949674606323242,12.312,28.78,95,6,10,1.21,831,0.00417956430464983,0.00046153267612680793,0.008278482593595982,1500,1500,1000,1500,1800,1000,1000,1800
1783904318.8963,3.5801,0.02000,50.00,180,63199,0.180,GUIDED,GUIDED,128,0.0,1.7900261878967285,10.0,0.0,0.5,0.0,nan,nan,nan,nan,nan,nan,nan,nan,nan,nan,0.02939218109104606,0.09250909107214539,0.00037562885777086413,0,0,-0.05876955762505531,1.7002376317977905,10.003654479980469,0.01696103624999523,0.4984292984008789,-0.002326784422621131,-13,0,-1000,1,1,-1,0.0025956768076866865,-0.009301368147134781,0.03851522132754326,-0.00018768443260341883,3135,3135,0.019948720932006836,12.312,28.78,95,6,10,1.21,831,0.00417956430464983,0.00046153267612680793,0.008278482593595982,1500,1500,1000,1500,1800,1000,1000,1800
1783904318.9163,3.6001,0.02000,50.00,181,63219,0.200,GUIDED,GUIDED,128,0.0,1.8000261783599854,10.0,0.0,0.5,0.0,nan,nan,nan,nan,nan,nan,nan,nan,nan,nan,0.029303039282688317,0.09288419117683458,0.0004912394529100837,0,0,-0.05869539827108383,1.7105116844177246,10.003652572631836,0.01696968637406826,0.49805450439453125,-0.0023924310225993395,-13,0,-1000,1,1,-1,0.0025956768076866865,-0.009301368147134781,0.03851522132754326,-0.00018768443260341883,3135,3135,0.019949674606323242,12.312,28.78,95,6,10,1.21,831,0.00417956430464983,0.00046153267612680793,0.008278482593595982,1500,1500,1000,1500,1800,1000,1000,1800
1783904318.9363,3.6201,0.02000,50.00,182,63239,0.220,GUIDED,GUIDED,128,0.0,1.810025930404663,10.0,0.0,0.5,0.0,nan,nan,nan,nan,nan,nan,nan,nan,nan,nan,0.0296513761148723,0.09270036737395045,0.00046328766299874764,0,0,-0.05885166674852371,1.7210536003112793,10.003690719604492,0.016858795657753944,0.49784761667251587,-0.002398317214101553,-13,0,-1000,1,1,-1,0.0025956768076866865,-0.009301368147134781,0.03851522132754326,-0.00018768443260341883,3135,3135,0.019950151443481445,12.312,28.78,95,6,10,1.21,831,0.00417956430464983,0.00046153267612680793,0.008278482593595982,1500,1500,1000,1500,1800,1000,1000,1800
1783904318.9563,3.6401,0.02001,49.98,183,63259,0.240,GUIDED,GUIDED,128,0.0,1.8200260400772095,10.0,0.0,0.5,0.0,nan,nan,nan,nan,nan,nan,nan,nan,nan,nan,0.029491129087305053,0.09321207728906951,0.0005396329468152694,0,0,-0.05874449387192726,1.7312771081924438,10.003682136535645,0.016889438033103943,0.4974232017993927,-0.0024374397471547127,-13,0,-1000,1,1,-1,0.0025956768076866865,-0.009301368147134781,0.03851522132754326,-0.00018768443260341883,3135,3135,0.01996016502380371,12.312,28.78,95,6,10,1.21,831,0.00417956430464983,0.00046153267612680793,0.008278482593595982,1500,1500,1000,1500,1800,1000,1000,1800
1783904318.9763,3.6601,0.01999,50.02,184,63279,0.260,GUIDED,GUIDED,128,0.0,1.8300265073776245,10.0,0.0,0.5,0.0,nan,nan,nan,nan,nan,nan,nan,nan,nan,nan,0.029717483286151234,0.09322939876631496,0.0005938672051400548,0,0,-0.058835141360759735,1.7417320013046265,10.003713607788086,0.016811087727546692,0.49715083837509155,-0.0024869218468666077,-13,0,-1000,1,1,-1,0.0025956768076866865,-0.009301368147134781,0.03851522132754326,-0.00018768443260341883,3135,3135,0.019940614700317383,12.312,28.78,95,6,10,1.21,831,0.00417956430464983,0.00046153267612680793,0.008278482593595982,1500,1500,1000,1500,1800,1000,1000,1800
1783904318.9963,3.6801,0.02000,50.00,185,63299,0.280,GUIDED,GUIDED,128,0.0,1.8400260210037231,10.0,0.0,0.5,0.0,nan,nan,nan,nan,nan,nan,nan,nan,nan,nan,0.029885969273879834,0.09336021094631897,0.0005791959652760928,0,0,-0.05889200419187546,1.752137541770935,10.003745079040527,0.01674664206802845,0.4968408942222595,-0.0024966213386505842,-13,0,-1000,1,1,-1,0.0025956768076866865,-0.009301368147134781,0.03851522132754326,-0.00018768443260341883,3135,3135,0.01994919776916504,12.312,28.78,95,6,10,1.21,831,0.00417956430464983,0.00046153267612680793,0.008278482593595982,1500,1500,1000,1500,1800,1000,1000,1800
1783904319.0163,3.7001,0.02000,50.00,186,63319,0.300,GUIDED,GUIDED,128,0.0,1.8500263690948486,10.0,0.0,0.5,0.0,nan,nan,nan,nan,nan,nan,nan,nan,nan,nan,0.029570178761645072,0.093957006030982,0.0006481114433529609,0,0,-0.05873802676796913,1.7622848749160767,10.003732681274414,0.016840064898133278,0.4964114725589752,-0.002529251854866743,-13,0,-1000,1,1,-1,0.0025956768076866865,-0.009301368147134781,0.03851522132754326,-0.00018768443260341883,3135,3135,0.019948482513427734,12.312,28.78,95,6,10,1.21,831,0.00417956430464983,0.00046153267612680793,0.008278482593595982,1500,1500,1000,1500,1800,1000,1000,1800
1783904319.0363,3.7201,0.02000,49.99,187,63339,0.320,GUIDED,GUIDED,128,0.0,1.8600258827209473,10.0,0.0,0.5,0.0,nan,nan,nan,nan,nan,nan,nan,nan,nan,nan,0.029616666556001384,0.09415992244739532,0.0005897631928173342,0,0,-0.05873876065015793,1.7726149559020996,10.003753662109375,0.016813648864626884,0.4961034655570984,-0.0025076777674257755,-13,0,-1000,1,1,-1,0.0025956768076866865,-0.009301368147134781,0.03851522132754326,-0.00018768443260341883,3135,3135,0.019949674606323242,12.312,28.78,95,6,10,1.21,831,0.00417956430464983,0.00046153267612680793,0.008278482593595982,1500,1500,1000,1500,1800,1000,1000,1800
1783904319.0566,3.7401,0.02035,49.13,188,63359,0.340,GUIDED,GUIDED,128,0.0,1.8700261116027832,10.0,0.0,0.5,0.0,nan,nan,nan,nan,nan,nan,nan,nan,nan,nan,0.029256011976332034,0.09485319386294122,0.0005468475483658827,0,0,-0.05855749547481537,1.7827190160751343,10.003737449645996,0.016917219385504723,0.4956432580947876,-0.002473540138453245,-13,0,-1001,1,1,-5,0.002533361781388521,-0.009266478940844536,0.038508813828229904,-0.0036495267413556576,3135,3135,0.020298480987548828,12.312,28.75,95,6,10,1.21,831,0.00546367047354579,0.0004508530837483704,0.008243180811405182,1500,1500,1000,1500,1800,1000,1000,1800
1783904319.0763,3.7601,0.01964,50.92,189,63379,0.360,GUIDED,GUIDED,128,0.0,1.8800256252288818,10.0,0.0,0.5,0.0,nan,nan,nan,nan,nan,nan,nan,nan,nan,nan,0.029209751375063413,0.09519202829956508,0.00039533233229783506,0,0,-0.05850661173462868,1.7929781675338745,10.00375747680664,0.016914550215005875,0.49529772996902466,-0.0023976254742592573,-13,0,-1001,1,1,-5,0.002533361781388521,-0.009266478940844536,0.038508813828229904,-0.0036495267413556576,3135,3135,0.01958942413330078,12.312,28.75,95,6,10,1.21,831,0.00546367047354579,0.0004508530837483704,0.008243180811405182,1500,1500,1000,1500,1800,1000,1000,1800
1783904319.0963,3.7801,0.02000,50.00,190,63399,0.380,GUIDED,GUIDED,128,0.0,1.8900260925292969,10.0,0.0,0.5,0.0,nan,nan,nan,nan,nan,nan,nan,nan,nan,nan,0.029133442161344,0.09564719787638308,0.0004071413440125118,0,0,-0.05843215435743332,1.8031986951828003,10.003778457641602,0.016915619373321533,0.4949078857898712,-0.00241655670106411,-13,0,-1001,1,1,-5,0.002533361781388521,-0.009266478940844536,0.038508813828229904,-0.0036495267413556576,3135,3135,0.019946575164794922,12.312,28.75,95,6,10,1.21,831,0.00546367047354579,0.0004508530837483704,0.008243180811405182,1500,1500,1000,1500,1800,1000,1000,1800
1783904319.1162,3.8001,0.01999,50.02,191,63419,0.400,GUIDED,GUIDED,128,0.0,1.9000256061553955,10.0,0.0,0.5,0.0,nan,nan,nan,nan,nan,nan,nan,nan,nan,nan,0.028992041070517498,0.09606665538578607,0.0003217321002341846,0,0,-0.05835682898759842,1.813390851020813,10.003776550292969,0.016953768208622932,0.4945544898509979,-0.0023661444429308176,-13,0,-1001,1,1,-5,0.002533361781388521,-0.009266478940844536,0.038508813828229904,-0.0036495267413556576,3135,3135,0.019943714141845703,12.312,28.75,95,6,10,1.21,831,0.00546367047354579,0.0004508530837483704,0.008243180811405182,1500,1500,1000,1500,1800,1000,1000,1800
1783904319.1363,3.8201,0.02001,49.97,192,63439,0.420,GUIDED,GUIDED,128,0.0,1.9100258350372314,10.0,0.0,0.5,0.0,nan,nan,nan,nan,nan,nan,nan,nan,nan,nan,0.029389359373765463,0.09592565214627795,0.00031370247411310545,0,0,-0.05851057916879654,1.8238413333892822,10.003814697265625,0.016813144087791443,0.49437594413757324,-0.002383532701060176,-13,0,-1001,1,1,-5,0.002533361781388521,-0.009266478940844536,0.038508813828229904,-0.0036495267413556576,3135,3135,0.0199582576751709,12.312,28.75,95,6,10,1.21,831,0.00546367047354579,0.0004508530837483704,0.008243180811405182,1500,1500,1000,1500,1800,1000,1000,1800
1783904319.1563,3.8401,0.01999,50.02,193,63459,0.440,GUIDED,GUIDED,128,0.0,1.9200258255004883,10.0,0.0,0.5,0.0,nan,nan,nan,nan,nan,nan,nan,nan,nan,nan,0.029170230664827938,0.0964393623915194,0.0004439103105564595,0,0,-0.05840256065130234,1.833985447883606,10.003806114196777,0.016877293586730957,0.49399614334106445,-0.0024537527933716774,-13,0,-1001,1,1,-5,0.002533361781388521,-0.009266478940844536,0.038508813828229904,-0.0036495267413556576,3135,3135,0.01994156837463379,12.312,28.75,95,6,10,1.21,831,0.00546367047354579,0.0004508530837483704,0.008243180811405182,1500,1500,1000,1500,1800,1000,1000,1800
1783904319.1763,3.8601,0.02000,50.00,194,63479,0.460,GUIDED,GUIDED,128,0.0,1.9300254583358765,10.0,0.0,0.5,0.0,nan,nan,nan,nan,nan,nan,nan,nan,nan,nan,0.029444030952092314,0.09640936171477744,0.000521753538076852,0,0,-0.05849107727408409,1.8443527221679688,10.003838539123535,0.016770320013165474,0.49380120635032654,-0.0025174161419272423,-13,0,-1001,1,1,-5,0.002533361781388521,-0.009266478940844536,0.038508813828229904,-0.0036495267413556576,3135,3135,0.019948959350585938,12.312,28.75,95,6,10,1.21,831,0.00546367047354579,0.0004508530837483704,0.008243180811405182,1500,1500,1000,1500,1800,1000,1000,1800
1783904319.1963,3.8801,0.02004,49.90,195,63499,0.480,GUIDED,GUIDED,128,0.0,1.940027117729187,10.0,0.0,0.5,0.0,nan,nan,nan,nan,nan,nan,nan,nan,nan,nan,0.029579339126246353,0.09647836644052465,0.0005861122663354413,0,0,-0.05854644998908043,1.8546738624572754,10.003868103027344,0.01672416925430298,0.49357691407203674,-0.0025716423988342285,-13,0,-1001,1,1,-5,0.002533361781388521,-0.009266478940844536,0.038508813828229904,-0.0036495267413556576,3135,3135,0.019977331161499023,12.312,28.75,95,6,10,1.21,831,0.00546367047354579,0.0004508530837483704,0.008243180811405182,1500,1500,1000,1500,1800,1000,1000,1800
1783904319.2163,3.9001,0.02000,50.00,196,63519,0.500,GUIDED,GUIDED,128,0.0,1.9500290155410767,10.0,0.0,0.5,0.0,nan,nan,nan,nan,nan,nan,nan,nan,nan,nan,0.029299465531968372,0.09701627977620111,0.0006647723297629991,0,0,-0.05839203670620918,1.8647478818893433,10.003853797912598,0.016796603798866272,0.49322471022605896,-0.0026087977457791567,-13,0,-1001,1,1,-5,0.002533361781388521,-0.009266478940844536,0.038508813828229904,-0.0036495267413556576,3135,3135,0.019928455352783203,12.312,28.75,95,6,10,1.21,831,0.00546367047354579,0.0004508530837483704,0.008243180811405182,1500,1500,1000,1500,1800,1000,1000,1800
1783904319.2363,3.9201,0.01999,50.03,197,63539,0.520,GUIDED,GUIDED,128,0.0,1.9600309133529663,10.0,0.0,0.5,0.0,nan,nan,nan,nan,nan,nan,nan,nan,nan,nan,0.029331959955026344,0.09719920906389745,0.0007769943971469625,0,0,-0.05839160457253456,1.8749979734420776,10.003870964050293,0.01677759364247322,0.49297580122947693,-0.002683500060811639,-13,0,-1001,1,1,-5,0.002533361781388521,-0.009266478940844536,0.038508813828229904,-0.0036495267413556576,3135,3135,0.01993417739868164,12.312,28.75,95,6,10,1.21,831,0.00546367047354579,0.0004508530837483704,0.008243180811405182,1500,1500,1000,1500,1800,1000,1000,1800
1783904319.2563,3.9401,0.02002,49.95,198,63559,0.540,GUIDED,GUIDED,128,0.0,1.9700288772583008,10.0,0.0,0.5,0.0,nan,nan,nan,nan,nan,nan,nan,nan,nan,nan,0.02896876229465668,0.09781722602474337,0.0009081030468585851,0,0,-0.058210212737321854,1.885032296180725,10.003849983215332,0.016882559284567833,0.4925979971885681,-0.002747082384303212,-13,0,-1001,1,1,-5,0.002533361781388521,-0.009266478940844536,0.038508813828229904,-0.0036495267413556576,3135,3135,0.019954442977905273,12.312,28.75,95,6,10,1.21,831,0.00546367047354579,0.0004508530837483704,0.008243180811405182,1500,1500,1000,1500,1800,1000,1000,1800
1783904319.2763,3.9601,0.01998,50.05,199,63579,0.560,GUIDED,GUIDED,128,0.0,1.9800301790237427,10.0,0.0,0.5,0.0,nan,nan,nan,nan,nan,nan,nan,nan,nan,nan,0.028882258173939173,0.09806706993141769,0.0009327985395434458,0,0,-0.05815839022397995,1.895216941833496,10.003863334655762,0.016902582719922066,0.4923478960990906,-0.0027690487913787365,-13,0,-1001,1,1,-5,0.002533361781388521,-0.009266478940844536,0.038508813828229904,-0.0036495267413556576,3135,3135,0.019926071166992188,12.312,28.75,95,6,10,1.21,831,0.00546367047354579,0.0004508530837483704,0.008243180811405182,1500,1500,1000,1500,1800,1000,1000,1800
1783904319.2967,3.9801,0.02046,48.89,200,63599,0.580,GUIDED,GUIDED,128,0.0,1.9900275468826294,10.0,0.0,0.5,0.0,nan,nan,nan,nan,nan,nan,nan,nan,nan,nan,0.0287636570737525,0.0983517366283225,0.0009937467271865022,0,0,-0.05808302015066147,1.9053658246994019,10.003875732421875,0.01692754216492176,0.49209606647491455,-0.0028113950975239277,-13,0,-1000,1,0,-5,0.0026409609708935022,-0.009777802973985672,0.038146957755088806,-0.003565977094694972,3135,3135,0.01995062828063965,12.312,28.75,95,6,10,1.21,831,0.005023945588618517,0.0004518128698691726,0.007907653227448463,1500,1500,1000,1500,1800,1000,1000,1800
1783904319.3163,4.0001,0.01958,51.08,201,63619,0.600,GUIDED,GUIDED,128,0.0,2.0000330209732056,10.0,0.0,0.5,0.0,nan,nan,nan,nan,nan,nan,nan,nan,nan,nan,0.028610454276308782,0.09871880986835313,0.0010914080850956106,0,0,-0.05800865590572357,1.9154818058013916,10.003864288330078,0.016973059624433517,0.4918203353881836,-0.0028611726593226194,-13,0,-1000,1,0,-5,0.0026409609708935022,-0.009777802973985672,0.038146957755088806,-0.003565977094694972,3135,3135,0.019511699676513672,12.312,28.75,95,6,10,1.21,831,0.005023945588618517,0.0004518128698691726,0.007907653227448463,1500,1500,1000,1500,1800,1000,1000,1800
1783904319.3363,4.0201,0.01999,50.02,202,63639,0.620,GUIDED,GUIDED,128,0.0,2.0100297927856445,10.0,0.0,0.5,0.0,nan,nan,nan,nan,nan,nan,nan,nan,nan,nan,0.02899153464096407,0.09850016295184127,0.001098229553557149,0,0,-0.05816375091671944,1.9258383512496948,10.00389289855957,0.016842586919665337,0.49173885583877563,-0.0028816291596740484,-13,0,-1000,1,0,-5,0.0026409609708935022,-0.009777802973985672,0.038146957755088806,-0.003565977094694972,3135,3135,0.019915342330932617,12.312,28.75,95,6,10,1.21,831,0.005023945588618517,0.0004518128698691726,0.007907653227448463,1500,1500,1000,1500,1800,1000,1000,1800
1783904319.3563,4.0401,0.01999,50.02,203,63659,0.640,GUIDED,GUIDED,128,0.0,2.020031213760376,10.0,0.0,0.5,0.0,nan,nan,nan,nan,nan,nan,nan,nan,nan,nan,0.02878792270513562,0.098875750074056,0.0011529093556993907,0,0,-0.05805574730038643,1.935911774635315,10.003873825073242,0.016897786408662796,0.49148043990135193,-0.0029021864756941795,-13,0,-1000,1,0,-5,0.0026409609708935022,-0.009777802973985672,0.038146957755088806,-0.003565977094694972,3135,3135,0.019941091537475586,12.312,28.75,95,6,10,1.21,831,0.005023945588618517,0.0004518128698691726,0.007907653227448463,1500,1500,1000,1500,1800,1000,1000,1800
1783904319.3763,4.0601,0.01998,50.04,204,63679,0.660,GUIDED,GUIDED,128,0.0,2.0300313234329224,10.0,0.0,0.5,0.0,nan,nan,nan,nan,nan,nan,nan,nan,nan,nan,0.029013898435711748,0.09878443360456449,0.0011684274228035809,0,0,-0.05814503878355026,1.9461939334869385,10.003896713256836,0.016818871721625328,0.4913703203201294,-0.0029243603348731995,-13,0,-1000,1,0,-5,0.0026409609708935022,-0.009777802973985672,0.038146957755088806,-0.003565977094694972,3135,3135,0.01993083953857422,12.312,28.75,95,6,10,1.21,831,0.005023945588618517,0.0004518128698691726,0.007907653227448463,1500,1500,1000,1500,1800,1000,1000,1800
1783904319.3963,4.0801,0.01999,50.02,205,63699,0.680,GUIDED,GUIDED,128,0.0,2.0400267839431763,10.0,0.0,0.5,0.0,nan,nan,nan,nan,nan,nan,nan,nan,nan,nan,0.02918025186945518,0.09879701091668901,0.0011719217207872088,0,0,-0.058201178908348083,1.9564334154129028,10.003917694091797,0.0167552400380373,0.49122217297554016,-0.0029384910594671965,-13,0,-1000,1,0,-5,0.0026409609708935022,-0.009777802973985672,0.038146957755088806,-0.003565977094694972,3135,3135,0.01993870735168457,12.312,28.75,95,6,10,1.21,831,0.005023945588618517,0.0004518128698691726,0.007907653227448463,1500,1500,1000,1500,1800,1000,1000,1800
1783904319.4163,4.1000,0.01999,50.03,206,63719,0.700,GUIDED,GUIDED,128,0.0,2.050024390220642,10.0,0.0,0.5,0.0,nan,nan,nan,nan,nan,nan,nan,nan,nan,nan,0.02885932783690114,0.09921481700625312,0.00124711266111132,0,0,-0.05804700404405594,1.966446042060852,10.00389575958252,0.01685151271522045,0.49097228050231934,-0.0029692386742681265,-13,0,-1000,1,0,-5,0.0026409609708935022,-0.009777802973985672,0.038146957755088806,-0.003565977094694972,3135,3135,0.019939184188842773,12.312,28.75,95,6,10,1.21,831,0.005023945588618517,0.0004518128698691726,0.007907653227448463,1500,1500,1000,1500,1800,1000,1000,1800
1783904319.4363,4.1201,0.02001,49.96,207,63739,0.720,GUIDED,GUIDED,128,0.0,2.0600279569625854,10.0,0.0,0.5,0.0,nan,nan,nan,nan,nan,nan,nan,nan,nan,nan,0.028880347733887753,0.09932037377581297,0.001334724412661299,0,0,-0.058046989142894745,1.9766218662261963,10.00390625,0.016839368268847466,0.49081188440322876,-0.0030258779879659414,-13,0,-1000,1,0,-5,0.0026409609708935022,-0.009777802973985672,0.038146957755088806,-0.003565977094694972,3135,3135,0.019962549209594727,12.312,28.75,95,6,10,1.21,831,0.005023945588618517,0.0004518128698691726,0.007907653227448463,1500,1500,1000,1500,1800,1000,1000,1800
1783904319.4563,4.1401,0.02003,49.91,208,63759,0.740,GUIDED,GUIDED,128,0.0,2.070029377937317,10.0,0.0,0.5,0.0,nan,nan,nan,nan,nan,nan,nan,nan,nan,nan,0.028510943724629246,0.09985491569373453,0.0014270798397843475,0,0,-0.05786473676562309,1.9865992069244385,10.003877639770508,0.016947420313954353,0.49051716923713684,-0.003062681294977665,-13,0,-1000,1,0,-5,0.0026409609708935022,-0.009777802973985672,0.038146957755088806,-0.003565977094694972,3135,3135,0.019961833953857422,12.312,28.75,95,6,10,1.21,831,0.005023945588618517,0.0004518128698691726,0.007907653227448463,1500,1500,1000,1500,1800,1000,1000,1800
1783904319.4763,4.1601,0.02000,50.01,209,63779,0.760,GUIDED,GUIDED,128,0.0,2.080032467842102,10.0,0.0,0.5,0.0,nan,nan,nan,nan,nan,nan,nan,nan,nan,nan,0.028412786013072563,0.10005186223126097,0.0014113889180243687,0,0,-0.05781281366944313,1.9967154264450073,10.003884315490723,0.016974113881587982,0.49033814668655396,-0.0030574763659387827,-13,0,-1000,1,0,-5,0.0026409609708935022,-0.009777802973985672,0.038146957755088806,-0.003565977094694972,3135,3135,0.01993393898010254,12.312,28.75,95,6,10,1.21,831,0.005023945588618517,0.0004518128698691726,0.007907653227448463,1500,1500,1000,1500,1800,1000,1000,1800
1783904319.4963,4.1801,0.02000,50.00,210,63799,0.780,GUIDED,GUIDED,128,0.0,2.09003221988678,10.0,0.0,0.5,0.0,nan,nan,nan,nan,nan,nan,nan,nan,nan,nan,0.028252430466410135,0.10033685715431738,0.0013087976530281814,0,0,-0.0577370747923851,2.00679874420166,10.003891944885254,0.01702296733856201,0.4901253581047058,-0.0030026501044631004,-13,0,-1000,1,0,-5,0.0026409609708935022,-0.009777802973985672,0.038146957755088806,-0.003565977094694972,3135,3135,0.01993584632873535,12.312,28.75,95,6,10,1.21,831,0.005023945588618517,0.0004518128698691726,0.007907653227448463,1500,1500,1000,1500,1800,1000,1000,1800
1783904319.5163,4.2001,0.01998,50.06,211,63819,0.800,GUIDED,GUIDED,128,0.0,2.100031614303589,10.0,0.0,0.5,0.0,nan,nan,nan,nan,nan,nan,nan,nan,nan,nan,0.02805348635690716,0.10062076162624085,0.0013234211449734568,0,0,-0.05765760317444801,2.016852855682373,10.003874778747559,0.017091944813728333,0.48992985486984253,-0.003001182107254863,-13,0,-1000,1,0,-5,0.0026409609708935022,-0.009777802973985672,0.038146957755088806,-0.003565977094694972,3135,3135,0.019922733306884766,12.312,28.75,95,6,10,1.21,831,0.005023945588618517,0.0004518128698691726,0.007907653227448463,1500,1500,1000,1500,1800,1000,1000,1800
1783904319.5363,4.2201,0.02001,49.99,212,63839,0.820,GUIDED,GUIDED,128,0.0,2.110026478767395,10.0,0.0,0.5,0.0,nan,nan,nan,nan,nan,nan,nan,nan,nan,nan,0.028369125976186443,0.10041121880359284,0.0013030044211577068,0,0,-0.05780419334769249,2.027127981185913,10.003894805908203,0.01699434407055378,0.4898890256881714,-0.003000957192853093,-13,0,-1000,1,0,-5,0.0026409609708935022,-0.009777802973985672,0.038146957755088806,-0.003565977094694972,3135,3135,0.01994156837463379,12.312,28.75,95,6,10,1.21,831,0.005023945588618517,0.0004518128698691726,0.007907653227448463,1500,1500,1000,1500,1800,1000,1000,1800
1783904319.5566,4.2401,0.02036,49.12,213,63859,0.840,GUIDED,GUIDED,128,0.0,2.1200259923934937,10.0,0.0,0.5,0.0,nan,nan,nan,nan,nan,nan,nan,nan,nan,nan,0.028086933097119588,0.10071697457203634,0.001236031893265108,0,0,-0.05769016593694687,2.0371439456939697,10.003873825073242,0.017091434448957443,0.4897029995918274,-0.0029501772951334715,-13,0,-1001,1,-1,-5,0.0026901746168732643,-0.010260160081088543,0.03789224848151207,-0.0038196975365281105,3135,3135,0.02029705047607422,12.312,28.78,95,6,10,1.21,831,0.004624077584594488,0.00044972109026275575,0.00730007141828537,1500,1500,1000,1500,1800,1000,1000,1800
1783904319.5763,4.2601,0.01962,50.96,214,63879,0.860,GUIDED,GUIDED,128,0.0,2.13002610206604,10.0,0.0,0.5,0.0,nan,nan,nan,nan,nan,nan,nan,nan,nan,nan,0.02829685793404892,0.10067632813235296,0.0010927542257249288,0,0,-0.05777063965797424,2.047351121902466,10.003891944885254,0.01701669581234455,0.48960691690444946,-0.0028779173735529184,-13,0,-1001,1,-1,-5,0.0026901746168732643,-0.010260160081088543,0.03789224848151207,-0.0038196975365281105,3135,3135,0.01956963539123535,12.312,28.78,95,6,10,1.21,831,0.004624077584594488,0.00044972109026275575,0.00730007141828537,1500,1500,1000,1500,1800,1000,1000,1800
1783904319.5963,4.2801,0.02001,49.98,215,63899,0.880,GUIDED,GUIDED,128,0.0,2.1400262117385864,10.0,0.0,0.5,0.0,nan,nan,nan,nan,nan,nan,nan,nan,nan,nan,0.0284542701745545,0.1006289839005852,0.0009627568607744972,0,0,-0.05781850963830948,2.0575196743011475,10.003911018371582,0.016953451558947563,0.48953700065612793,-0.0028138754423707724,-13,0,-1001,1,-1,-5,0.0026901746168732643,-0.010260160081088543,0.03789224848151207,-0.0038196975365281105,3135,3135,0.019950151443481445,12.312,28.78,95,6,10,1.21,831,0.004624077584594488,0.00044972109026275575,0.00730007141828537,1500,1500,1000,1500,1800,1000,1000,1800
1783904319.6163,4.3000,0.01998,50.04,216,63919,0.900,GUIDED,GUIDED,128,0.0,2.1500234603881836,10.0,0.0,0.5,0.0,nan,nan,nan,nan,nan,nan,nan,nan,nan,nan,0.028108632244029683,0.10104115713732618,0.0008208108331123577,0,0,-0.05765796825289726,2.067481517791748,10.003890991210938,0.01706031709909439,0.48931947350502014,-0.002720360178500414,-13,0,-1001,1,-1,-5,0.0026901746168732643,-0.010260160081088543,0.03789224848151207,-0.0038196975365281105,3135,3135,0.019933700561523438,12.312,28.78,95,6,10,1.21,831,0.004624077584594488,0.00044972109026275575,0.00730007141828537,1500,1500,1000,1500,1800,1000,1000,1800
1783904319.6363,4.3201,0.02007,49.83,217,63939,0.920,GUIDED,GUIDED,128,0.0,2.160025119781494,10.0,0.0,0.5,0.0,nan,nan,nan,nan,nan,nan,nan,nan,nan,nan,0.028090844589633575,0.10115493642092901,0.0006959967393225285,0,0,-0.05764972046017647,2.077592134475708,10.003904342651367,0.017065824940800667,0.48919087648391724,-0.0026560071855783463,-13,0,-1001,1,-1,-5,0.0026901746168732643,-0.010260160081088543,0.03789224848151207,-0.0038196975365281105,3135,3135,0.01998305320739746,12.312,28.78,95,6,10,1.21,831,0.004624077584594488,0.00044972109026275575,0.00730007141828537,1500,1500,1000,1500,1800,1000,1000,1800
1783904319.6563,4.3401,0.01998,50.05,218,63959,0.940,GUIDED,GUIDED,128,0.0,2.170032262802124,10.0,0.0,0.5,0.0,nan,nan,nan,nan,nan,nan,nan,nan,nan,nan,0.027656129353819524,0.10165344781401621,0.0006092394943592394,0,0,-0.05746094137430191,2.087522029876709,10.00388240814209,0.017207816243171692,0.48894765973091125,-0.0025932539720088243,-13,0,-1001,1,-1,-5,0.0026901746168732643,-0.010260160081088543,0.03789224848151207,-0.0038196975365281105,3135,3135,0.01991748809814453,12.312,28.78,95,6,10,1.21,831,0.004624077584594488,0.00044972109026275575,0.00730007141828537,1500,1500,1000,1500,1800,1000,1000,1800
1783904319.6763,4.3601,0.01997,50.07,219,63979,0.960,GUIDED,GUIDED,128,0.0,2.180030941963196,10.0,0.0,0.5,0.0,nan,nan,nan,nan,nan,nan,nan,nan,nan,nan,0.027550104146507257,0.1018661081719789,0.0006758766754354079,0,0,-0.057400237768888474,2.0975778102874756,10.003894805908203,0.01723398268222809,0.48879191279411316,-0.0026388848200440407,-13,0,-1001,1,-1,-5,0.0026901746168732643,-0.010260160081088543,0.03789224848151207,-0.0038196975365281105,3135,3135,0.01992034912109375,12.312,28.78,95,6,10,1.21,831,0.004624077584594488,0.00044972109026275575,0.00730007141828537,1500,1500,1000,1500,1800,1000,1000,1800
1783904319.6963,4.3801,0.02003,49.92,220,63999,0.980,GUIDED,GUIDED,128,0.0,2.1900264024734497,10.0,0.0,0.5,0.0,nan,nan,nan,nan,nan,nan,nan,nan,nan,nan,0.027441194312539812,0.10209595751865769,0.0008052036148780842,0,0,-0.057316847145557404,2.1076037883758545,10.00390625,0.017248716205358505,0.4886415898799896,-0.002720159012824297,-13,0,-1001,1,-1,-5,0.0026901746168732643,-0.010260160081088543,0.03789224848151207,-0.0038196975365281105,3135,3135,0.019947528839111328,12.312,28.78,95,6,10,1.21,831,0.004624077584594488,0.00044972109026275575,0.00730007141828537,1500,1500,1000,1500,1800,1000,1000,1800
1783904319.7163,4.4001,0.02000,50.00,221,64019,0.000,GUIDED,GUIDED,128,0.0,2.20002818107605,10.0,0.0,0.5,0.0,nan,nan,nan,nan,nan,nan,nan,nan,nan,nan,0.027280085345966883,0.10235783278276854,0.000871810609919108,0,0,-0.057235099375247955,2.1176116466522217,10.003891944885254,0.017294535413384438,0.4884868860244751,-0.0027503555174916983,-13,0,-1001,1,-1,-5,0.0026901746168732643,-0.010260160081088543,0.03789224848151207,-0.0038196975365281105,3135,3135,0.019911527633666992,12.312,28.78,95,6,10,1.21,831,0.004624077584594488,0.00044972109026275575,0.00730007141828537,1500,1500,1000,1500,1800,1000,1000,1800
1783904319.7363,4.4201,0.01999,50.02,222,64039,0.020,GUIDED,GUIDED,128,0.0,2.210026741027832,10.0,0.0,0.5,0.0,nan,nan,nan,nan,nan,nan,nan,nan,nan,nan,0.02765170714866342,0.10213995499625723,0.0006441372133605319,0,0,-0.05738167464733124,2.127826690673828,10.003914833068848,0.017164604738354683,0.48848769068717957,-0.0026321227196604013,-13,0,-1001,1,-1,-5,0.0026901746168732643,-0.010260160081088543,0.03789224848151207,-0.0038196975365281105,3135,3135,0.01992321014404297,12.312,28.78,95,6,10,1.21,831,0.004624077584594488,0.00044972109026275575,0.00730007141828537,1500,1500,1000,1500,1800,1000,1000,1800
1783904319.7563,4.4401,0.01997,50.08,223,64059,0.040,GUIDED,GUIDED,128,0.0,2.2200253009796143,10.0,0.0,0.5,0.0,nan,nan,nan,nan,nan,nan,nan,nan,nan,nan,0.02743265557266701,0.10245885669149349,0.0004990520431140053,0,0,-0.05726621299982071,2.1378002166748047,10.003899574279785,0.01722441241145134,0.4883180260658264,-0.0025395480915904045,-13,0,-1001,1,-1,-5,0.0026901746168732643,-0.010260160081088543,0.03789224848151207,-0.0038196975365281105,3135,3135,0.01991415023803711,12.312,28.78,95,6,10,1.21,831,0.004624077584594488,0.00044972109026275575,0.00730007141828537,1500,1500,1000,1500,1800,1000,1000,1800
1783904319.7763,4.4601,0.02003,49.92,224,64079,0.060,GUIDED,GUIDED,128,0.0,2.2300302982330322,10.0,0.0,0.5,0.0,nan,nan,nan,nan,nan,nan,nan,nan,nan,nan,0.02767512930816847,0.10238766450096247,0.0003343951271568991,0,0,-0.057347431778907776,2.147952079772949,10.003922462463379,0.01713131181895733,0.48827433586120605,-0.0024576978757977486,-13,0,-1001,1,-1,-5,0.0026901746168732643,-0.010260160081088543,0.03789224848151207,-0.0038196975365281105,3135,3135,0.019968271255493164,12.312,28.78,95,6,10,1.21,831,0.004624077584594488,0.00044972109026275575,0.00730007141828537,1500,1500,1000,1500,1800,1000,1000,1800
1783904319.7966,4.4801,0.02032,49.21,225,64099,0.080,GUIDED,GUIDED,128,0.0,2.240026593208313,10.0,0.0,0.5,0.0,nan,nan,nan,nan,nan,nan,nan,nan,nan,nan,0.027896249550218608,0.10241340545295673,0.00017801717327279795,0,0,-0.057396724820137024,2.1580679416656494,10.003947257995605,0.017032107338309288,0.4881904423236847,-0.0023817287292331457,-13,0,-1001,-1,2,-4,0.002462828764691949,-0.010474090464413166,0.03758160397410393,-0.0030378461815416813,3135,3135,0.01991415023803711,12.312,28.78,95,6,10,1.21,831,0.0046515208669006824,0.00044871337013319135,0.007286425214260817,1500,1500,1000,1500,1800,1000,1000,1800
1783904319.8163,4.5001,0.01967,50.84,226,64119,0.100,GUIDED,GUIDED,128,0.0,2.2500250339508057,10.0,0.0,0.5,0.0,nan,nan,nan,nan,nan,nan,nan,nan,nan,nan,0.02764466459534563,0.10279576037718953,0.00012667330133933445,0,0,-0.05723709613084793,2.1679911613464355,10.003933906555176,0.017085198312997818,0.4880131185054779,-0.0023443768732249737,-13,0,-1001,-1,2,-4,0.002462828764691949,-0.010474090464413166,0.03758160397410393,-0.0030378461815416813,3135,3135,0.019603252410888672,12.312,28.78,95,6,10,1.21,831,0.0046515208669006824,0.00044871337013319135,0.007286425214260817,1500,1500,1000,1500,1800,1000,1000,1800
1783904319.8363,4.5200,0.02000,50.01,227,64139,0.120,GUIDED,GUIDED,128,0.0,2.2600245475769043,10.0,0.0,0.5,0.0,nan,nan,nan,nan,nan,nan,nan,nan,nan,nan,0.02770015981757999,0.10287058193560826,3.4397217319158575e-05,0,0,-0.057231977581977844,2.1780529022216797,10.003950119018555,0.017050202935934067,0.4879339933395386,-0.002300461521372199,-13,0,-1001,-1,2,-4,0.002462828764691949,-0.010474090464413166,0.03758160397410393,-0.0030378461815416813,3135,3135,0.01993274688720703,12.312,28.78,95,6,10,1.21,831,0.0046515208669006824,0.00044871337013319135,0.007286425214260817,1500,1500,1000,1500,1800,1000,1000,1800
1783904319.8563,4.5400,0.01999,50.03,228,64159,0.140,GUIDED,GUIDED,128,0.0,2.270023465156555,10.0,0.0,0.5,0.0,nan,nan,nan,nan,nan,nan,nan,nan,nan,nan,0.027364088547021,0.10332273174813283,1.8279835517585191e-06,0,0,-0.05704560503363609,2.1879472732543945,10.003933906555176,0.017136631533503532,0.48773330450057983,-0.0022722973953932524,-13,0,-1001,-1,2,-4,0.002462828764691949,-0.010474090464413166,0.03758160397410393,-0.0030378461815416813,3135,3135,0.01992654800415039,12.312,28.78,95,6,10,1.21,831,0.0046515208669006824,0.00044871337013319135,0.007286425214260817,1500,1500,1000,1500,1800,1000,1000,1800
1783904319.8763,4.5601,0.02002,49.96,229,64179,0.160,GUIDED,GUIDED,128,0.0,2.280027151107788,10.0,0.0,0.5,0.0,nan,nan,nan,nan,nan,nan,nan,nan,nan,nan,0.02734546544768898,0.10350589038841104,-7.571721948645971e-05,0,0,-0.056989919394254684,2.1979589462280273,10.003951072692871,0.017115233466029167,0.4876229465007782,-0.0022374375257641077,-13,0,-1001,-1,2,-4,0.002462828764691949,-0.010474090464413166,0.03758160397410393,-0.0030378461815416813,3135,3135,0.019953012466430664,12.312,28.78,95,6,10,1.21,831,0.0046515208669006824,0.00044871337013319135,0.007286425214260817,1500,1500,1000,1500,1800,1000,1000,1800
1783904319.8963,4.5801,0.01998,50.06,230,64199,0.180,GUIDED,GUIDED,128,0.0,2.2900264263153076,10.0,0.0,0.5,0.0,nan,nan,nan,nan,nan,nan,nan,nan,nan,nan,0.027307925473894233,0.1036869179020683,-0.00017983410973102746,0,0,-0.05691250041127205,2.2079432010650635,10.003969192504883,0.017092209309339523,0.48752710223197937,-0.002187787089496851,-13,0,-1001,-1,2,-4,0.002462828764691949,-0.010474090464413166,0.03758160397410393,-0.0030378461815416813,3135,3135,0.01992487907409668,12.312,28.78,95,6,10,1.21,831,0.0046515208669006824,0.00044871337013319135,0.007286425214260817,1500,1500,1000,1500,1800,1000,1000,1800
1783904319.9163,4.6001,0.02000,50.00,231,64219,0.200,GUIDED,GUIDED,128,0.0,2.3000258207321167,10.0,0.0,0.5,0.0,nan,nan,nan,nan,nan,nan,nan,nan,nan,nan,0.027195468403528735,0.10394487822079942,-0.00019839080209352886,0,0,-0.05683191493153572,2.217916250228882,10.003963470458984,0.017110610380768776,0.4873933792114258,-0.0021737697534263134,-13,0,-1001,-1,2,-4,0.002462828764691949,-0.010474090464413166,0.03758160397410393,-0.0030378461815416813,3135,3135,0.019946813583374023,12.312,28.78,95,6,10,1.21,831,0.0046515208669006824,0.00044871337013319135,0.007286425214260817,1500,1500,1000,1500,1800,1000,1000,1800
1783904319.9363,4.6201,0.02000,50.00,232,64239,0.220,GUIDED,GUIDED,128,0.0,2.310025930404663,10.0,0.0,0.5,0.0,nan,nan,nan,nan,nan,nan,nan,nan,nan,nan,0.027638430472551566,0.10374629733108821,-0.00026990614276795706,0,0,-0.056978341192007065,2.228085517883301,10.003993034362793,0.016939405351877213,0.48741036653518677,-0.0021495490800589323,-13,0,-1001,-1,2,-4,0.002462828764691949,-0.010474090464413166,0.03758160397410393,-0.0030378461815416813,3135,3135,0.019948959350585938,12.312,28.78,95,6,10,1.21,831,0.0046515208669006824,0.00044871337013319135,0.007286425214260817,1500,1500,1000,1500,1800,1000,1000,1800
1783904319.9563,4.6401,0.02002,49.94,233,64259,0.240,GUIDED,GUIDED,128,0.0,2.3200268745422363,10.0,0.0,0.5,0.0,nan,nan,nan,nan,nan,nan,nan,nan,nan,nan,0.027504504068974655,0.10405524693530209,-0.00029740814645752437,0,0,-0.05686590448021889,2.2380259037017822,10.003983497619629,0.01695181243121624,0.4872669577598572,-0.0021281647495925426,-13,0,-1001,-1,2,-4,0.002462828764691949,-0.010474090464413166,0.03758160397410393,-0.0030378461815416813,3135,3135,0.019959449768066406,12.312,28.78,95,6,10,1.21,831,0.0046515208669006824,0.00044871337013319135,0.007286425214260817,1500,1500,1000,1500,1800,1000,1000,1800
1783904319.9763,4.6601,0.02000,50.00,234,64279,0.260,GUIDED,GUIDED,128,0.0,2.330026626586914,10.0,0.0,0.5,0.0,nan,nan,nan,nan,nan,nan,nan,nan,nan,nan,0.0277807409877218,0.10398446327584801,-0.00029470626683094584,0,0,-0.056949201971292496,2.248135566711426,10.004010200500488,0.016840418800711632,0.4872443675994873,-0.0021451415959745646,-13,0,-1001,-1,2,-4,0.002462828764691949,-0.010474090464413166,0.03758160397410393,-0.0030378461815416813,3135,3135,0.01993584632873535,12.312,28.78,95,6,10,1.21,831,0.0046515208669006824,0.00044871337013319135,0.007286425214260817,1500,1500,1000,1500,1800,1000,1000,1800
1783904319.9963,4.6800,0.01999,50.03,235,64299,0.280,GUIDED,GUIDED,128,0.0,2.340023636817932,10.0,0.0,0.5,0.0,nan,nan,nan,nan,nan,nan,nan,nan,nan,nan,0.02806429289265108,0.10394241876068498,-0.0003548866472823046,0,0,-0.057001251727342606,2.258211374282837,10.004035949707031,0.016706760972738266,0.48722314834594727,-0.002125262748450041,-13,0,-1001,-1,2,-4,0.002462828764691949,-0.010474090464413166,0.03758160397410393,-0.0030378461815416813,3135,3135,0.019926071166992188,12.312,28.78,95,6,10,1.21,831,0.0046515208669006824,0.00044871337013319135,0.007286425214260817,1500,1500,1000,1500,1800,1000,1000,1800
1783904320.0163,4.7001,0.02000,49.99,236,64319,0.300,GUIDED,GUIDED,128,0.0,2.3500308990478516,10.0,0.0,0.5,0.0,nan,nan,nan,nan,nan,nan,nan,nan,nan,nan,0.027812112446839718,0.1043770839780949,-0.00041198778976893075,0,0,-0.05684647336602211,2.2681055068969727,10.004026412963867,0.016762996092438698,0.4870375096797943,-0.002086789347231388,-13,0,-1001,-1,2,-4,0.002462828764691949,-0.010474090464413166,0.03758160397410393,-0.0030378461815416813,3135,3135,0.019951343536376953,12.312,28.78,95,6,10,1.21,831,0.0046515208669006824,0.00044871337013319135,0.007286425214260817,1500,1500,1000,1500,1800,1000,1000,1800
1783904320.0363,4.7201,0.02000,49.99,237,64339,0.320,GUIDED,GUIDED,128,0.0,2.3600313663482666,10.0,0.0,0.5,0.0,nan,nan,nan,nan,nan,nan,nan,nan,nan,nan,0.027912458510048897,0.10438135001975109,-0.0005690066327709272,0,0,-0.05684506520628929,2.2781307697296143,10.004044532775879,0.016704248264431953,0.48702073097229004,-0.002006595954298973,-13,0,-1001,-1,2,-4,0.002462828764691949,-0.010474090464413166,0.03758160397410393,-0.0030378461815416813,3135,3135,0.019949674606323242,12.312,28.78,95,6,10,1.21,831,0.0046515208669006824,0.00044871337013319135,0.007286425214260817,1500,1500,1000,1500,1800,1000,1000,1800
1783904320.0567,4.7401,0.02039,49.03,238,64359,0.340,GUIDED,GUIDED,128,0.0,2.370025873184204,10.0,0.0,0.5,0.0,nan,nan,nan,nan,nan,nan,nan,nan,nan,nan,0.027641546261498114,0.10479184327139954,-0.000663232962627964,0,0,-0.056664444506168365,2.287999153137207,10.004033088684082,0.01675637811422348,0.4868565499782562,-0.001945587107911706,-13,0,-1001,0,0,-4,0.002318472135812044,-0.010693646036088467,0.037624962627887726,-0.00264609232544899,3135,3135,0.02032947540283203,12.312,28.78,95,6,10,1.21,831,0.004718633368611336,0.00045125483302399516,0.006879882887005806,1500,1500,1000,1500,1800,1000,1000,1800
1783904320.0763,4.7601,0.01960,51.01,239,64379,0.360,GUIDED,GUIDED,128,0.0,2.380031108856201,10.0,0.0,0.5,0.0,nan,nan,nan,nan,nan,nan,nan,nan,nan,nan,0.02766962552488292,0.10498186910033169,-0.0008031659332933261,0,0,-0.05661405622959137,2.2979776859283447,10.004053115844727,0.016711074858903885,0.48676225543022156,-0.001876359456218779,-13,0,-1001,0,0,-4,0.002318472135812044,-0.010693646036088467,0.037624962627887726,-0.00264609232544899,3135,3135,0.019550085067749023,12.312,28.78,95,6,10,1.21,831,0.004718633368611336,0.00045125483302399516,0.006879882887005806,1500,1500,1000,1500,1800,1000,1000,1800
1783904320.0963,4.7801,0.02003,49.92,240,64399,0.380,GUIDED,GUIDED,128,0.0,2.3900325298309326,10.0,0.0,0.5,0.0,nan,nan,nan,nan,nan,nan,nan,nan,nan,nan,0.027676586703947754,0.1055772470969383,-0.000924758909777878,0,0,-0.056556086987257004,2.3075244426727295,10.004076957702637,0.016673587262630463,0.4866810142993927,-0.0018199228215962648,-13,0,-1001,0,0,-4,0.002318472135812044,-0.010693646036088467,0.037624962627887726,-0.00264609232544899,3135,3135,0.019962310791015625,12.312,28.78,95,6,10,1.21,831,0.004718633368611336,0.00045125483302399516,0.006879882887005806,1500,1500,1000,1500,1800,1000,1000,1800
1783904320.1163,4.8001,0.01998,50.04,241,64419,0.400,GUIDED,GUIDED,128,0.0,2.400025963783264,10.0,0.0,0.5,0.0,nan,nan,nan,nan,nan,nan,nan,nan,nan,nan,0.02764961533894495,0.10580817530754104,-0.0009646438202884715,0,0,-0.05648348107933998,2.317474842071533,10.004081726074219,0.01664724014699459,0.4865725338459015,-0.0017996482783928514,-13,0,-1001,0,0,-4,0.002318472135812044,-0.010693646036088467,0.037624962627887726,-0.00264609232544899,3135,3135,0.019913673400878906,12.312,28.78,95,6,10,1.21,831,0.004718633368611336,0.00045125483302399516,0.006879882887005806,1500,1500,1000,1500,1800,1000,1000,1800
1783904320.1363,4.8200,0.01998,50.06,242,64439,0.420,GUIDED,GUIDED,128,0.0,2.41002357006073,10.0,0.0,0.5,0.0,nan,nan,nan,nan,nan,nan,nan,nan,nan,nan,0.028069533572845223,0.1055967362163139,-0.0009445948541312089,0,0,-0.05663713812828064,2.3276162147521973,10.004119873046875,0.01649351418018341,0.48661160469055176,-0.0018332477193325758,-13,0,-1001,0,0,-4,0.002318472135812044,-0.010693646036088467,0.037624962627887726,-0.00264609232544899,3135,3135,0.019916772842407227,12.312,28.78,95,6,10,1.21,831,0.004718633368611336,0.00045125483302399516,0.006879882887005806,1500,1500,1000,1500,1800,1000,1000,1800
1783904320.1563,4.8400,0.02001,49.99,243,64459,0.440,GUIDED,GUIDED,128,0.0,2.4200241565704346,10.0,0.0,0.5,0.0,nan,nan,nan,nan,nan,nan,nan,nan,nan,nan,0.02796162816424262,0.10583183374278785,-0.0008158412095065721,0,0,-0.056532733142375946,2.337536096572876,10.004117012023926,0.016495535150170326,0.48652246594429016,-0.0019059318583458662,-13,0,-1001,0,0,-4,0.002318472135812044,-0.010693646036088467,0.037624962627887726,-0.00264609232544899,3135,3135,0.019943714141845703,12.312,28.78,95,6,10,1.21,831,0.004718633368611336,0.00045125483302399516,0.006879882887005806,1500,1500,1000,1500,1800,1000,1000,1800
1783904320.1763,4.8600,0.01999,50.02,244,64479,0.460,GUIDED,GUIDED,128,0.0,2.4300235509872437,10.0,0.0,0.5,0.0,nan,nan,nan,nan,nan,nan,nan,nan,nan,nan,0.028267199897016537,0.10567516562793586,-0.0007235208305538918,0,0,-0.056623753160238266,2.347621440887451,10.004149436950684,0.01637166365981102,0.4865632951259613,-0.0019779535941779613,-13,0,-1001,0,0,-4,0.002318472135812044,-0.010693646036088467,0.037624962627887726,-0.00264609232544899,3135,3135,0.01993274688720703,12.312,28.78,95,6,10,1.21,831,0.004718633368611336,0.00045125483302399516,0.006879882887005806,1500,1500,1000,1500,1800,1000,1000,1800
1783904320.1963,4.8801,0.02002,49.95,245,64499,0.480,GUIDED,GUIDED,128,0.0,2.4400256872177124,10.0,0.0,0.5,0.0,nan,nan,nan,nan,nan,nan,nan,nan,nan,nan,0.028528498530757958,0.10567245956382738,-0.0006302617683278896,0,0,-0.05668390169739723,2.3576745986938477,10.004179954528809,0.01625552959740162,0.4865354001522064,-0.002049416070804,-13,0,-1001,0,0,-4,0.002318472135812044,-0.010693646036088467,0.037624962627887726,-0.00264609232544899,3135,3135,0.01995396614074707,12.312,28.78,95,6,10,1.21,831,0.004718633368611336,0.00045125483302399516,0.006879882887005806,1500,1500,1000,1500,1800,1000,1000,1800
1783904320.2163,4.9000,0.01998,50.05,246,64519,0.500,GUIDED,GUIDED,128,0.0,2.4500229358673096,10.0,0.0,0.5,0.0,nan,nan,nan,nan,nan,nan,nan,nan,nan,nan,0.028307820425390342,0.10603559009739069,-0.0005240092439929723,0,0,-0.05653787776827812,2.367551326751709,10.004171371459961,0.016298631206154823,0.48639532923698425,-0.0021058055572211742,-13,0,-1001,0,0,-4,0.002318472135812044,-0.010693646036088467,0.037624962627887726,-0.00264609232544899,3135,3135,0.01991415023803711,12.312,28.78,95,6,10,1.21,831,0.004718633368611336,0.00045125483302399516,0.006879882887005806,1500,1500,1000,1500,1800,1000,1000,1800
1783904320.2362,4.9200,0.01998,50.05,247,64539,0.520,GUIDED,GUIDED,128,0.0,2.4600226879119873,10.0,0.0,0.5,0.0,nan,nan,nan,nan,nan,nan,nan,nan,nan,nan,0.028478424212119505,0.1061065912061028,-0.00048520228392082967,0,0,-0.05654500052332878,2.3775551319122314,10.004191398620605,0.016204245388507843,0.48635199666023254,-0.002139773452654481,-13,0,-1001,0,0,-4,0.002318472135812044,-0.010693646036088467,0.037624962627887726,-0.00264609232544899,3135,3135,0.01992940902709961,12.312,28.78,95,6,10,1.21,831,0.004718633368611336,0.00045125483302399516,0.006879882887005806,1500,1500,1000,1500,1800,1000,1000,1800
1783904320.2563,4.9401,0.02005,49.88,248,64559,0.540,GUIDED,GUIDED,128,0.0,2.470025420188904,10.0,0.0,0.5,0.0,nan,nan,nan,nan,nan,nan,nan,nan,nan,nan,0.02823334814399266,0.1064840947929773,-0.0004471652711417191,0,0,-0.056373849511146545,2.387406349182129,10.00417709350586,0.01624692603945732,0.4862215220928192,-0.002153475070372224,-13,0,-1001,0,0,-4,0.002318472135812044,-0.010693646036088467,0.037624962627887726,-0.00264609232544899,3135,3135,0.019982576370239258,12.312,28.78,95,6,10,1.21,831,0.004718633368611336,0.00045125483302399516,0.006879882887005806,1500,1500,1000,1500,1800,1000,1000,1800
1783904320.2763,4.9600,0.01999,50.04,249,64579,0.560,GUIDED,GUIDED,128,0.0,2.4800243377685547,10.0,0.0,0.5,0.0,nan,nan,nan,nan,nan,nan,nan,nan,nan,nan,0.028285625802534572,0.10660665987767866,-0.0004590352746575966,0,0,-0.056332770735025406,2.3973658084869385,10.004193305969238,0.016193026676774025,0.486173540353775,-0.0021559821907430887,-13,0,-1001,0,0,-4,0.002318472135812044,-0.010693646036088467,0.037624962627887726,-0.00264609232544899,3135,3135,0.01992201805114746,12.312,28.78,95,6,10,1.21,831,0.004718633368611336,0.00045125483302399516,0.006879882887005806,1500,1500,1000,1500,1800,1000,1000,1800
1783904320.2967,4.9800,0.02040,49.01,250,64599,0.580,GUIDED,GUIDED,128,0.0,2.4900240898132324,10.0,0.0,0.5,0.0,nan,nan,nan,nan,nan,nan,nan,nan,nan,nan,0.028273728408092468,0.1067926917867312,-0.0005034426051229316,0,0,-0.056271154433488846,2.4073004722595215,10.004210472106934,0.016164321452379227,0.48610371351242065,-0.00214025448076427,-13,0,-1000,0,-1,-4,0.002308183116838336,-0.01092179212719202,0.037467315793037415,-0.0031805827748030424,3135,3135,0.019932985305786133,12.312,28.75,95,6,10,1.21,831,0.004832861945033073,0.0004447109531611204,0.006866490002721548,1500,1500,1000,1500,1800,1000,1000,1800
1783904320.3163,5.0000,0.01959,51.04,251,64619,0.600,GUIDED,GUIDED,128,0.0,2.5000243186950684,10.0,0.0,0.5,0.0,nan,nan,nan,nan,nan,nan,nan,nan,nan,nan,0.028219028475745367,0.1069901979684489,-0.00044700656426849457,0,0,-0.05620772764086723,2.4172370433807373,10.004207611083984,0.016159282997250557,0.48602643609046936,-0.0021711860317736864,-13,0,-1000,0,-1,-4,0.002308183116838336,-0.01092179212719202,0.037467315793037415,-0.0031805827748030424,3135,3135,0.01953125,12.312,28.75,95,6,10,1.21,831,0.004832861945033073,0.0004447109531611204,0.006866490002721548,1500,1500,1000,1500,1800,1000,1000,1800
1783904320.3363,5.0201,0.01999,50.02,252,64639,0.620,GUIDED,GUIDED,128,0.0,2.510025143623352,10.0,0.0,0.5,0.0,nan,nan,nan,nan,nan,nan,nan,nan,nan,nan,0.028685964734140184,0.1066906550650369,-0.0003723275682822151,0,0,-0.05636968836188316,2.4273626804351807,10.00423812866211,0.015983205288648605,0.4861273169517517,-0.0022319213021546602,-13,0,-1000,0,-1,-4,0.002308183116838336,-0.01092179212719202,0.037467315793037415,-0.0031805827748030424,3135,3135,0.019938945770263672,12.312,28.75,95,6,10,1.21,831,0.004832861945033073,0.0004447109531611204,0.006866490002721548,1500,1500,1000,1500,1800,1000,1000,1800
1783904320.3563,5.0401,0.02004,49.90,253,64659,0.640,GUIDED,GUIDED,128,0.0,2.5200259685516357,10.0,0.0,0.5,0.0,nan,nan,nan,nan,nan,nan,nan,nan,nan,nan,0.02855547477612241,0.10693260743290862,-0.00027241667530132196,0,0,-0.056274425238370895,2.437270164489746,10.004227638244629,0.016003543511033058,0.48604151606559753,-0.0022835482377558947,-13,0,-1000,0,-1,-4,0.002308183116838336,-0.01092179212719202,0.037467315793037415,-0.0031805827748030424,3135,3135,0.019945859909057617,12.312,28.75,95,6,10,1.21,831,0.004832861945033073,0.0004447109531611204,0.006866490002721548,1500,1500,1000,1500,1800,1000,1000,1800
1783904320.3763,5.0601,0.01998,50.05,254,64679,0.660,GUIDED,GUIDED,128,0.0,2.5300257205963135,10.0,0.0,0.5,0.0,nan,nan,nan,nan,nan,nan,nan,nan,nan,nan,0.028855362820580176,0.10676274740403319,-0.00023956203086961027,0,0,-0.05637366324663162,2.4473414421081543,10.004253387451172,0.015887698158621788,0.4860982894897461,-0.002317383186891675,-13,0,-1000,0,-1,-4,0.002308183116838336,-0.01092179212719202,0.037467315793037415,-0.0031805827748030424,3135,3135,0.019924402236938477,12.312,28.75,95,6,10,1.21,831,0.004832861945033073,0.0004447109531611204,0.006866490002721548,1500,1500,1000,1500,1800,1000,1000,1800
1783904320.3963,5.0800,0.01997,50.07,255,64699,0.680,GUIDED,GUIDED,128,0.0,2.540022134780884,10.0,0.0,0.5,0.0,nan,nan,nan,nan,nan,nan,nan,nan,nan,nan,0.029105302120621922,0.10665077306725344,-0.0004643098645142358,0,0,-0.05644199997186661,2.4573814868927,10.004279136657715,0.015782849863171577,0.4861377477645874,-0.0022024912759661674,-13,0,-1000,0,-1,-4,0.002308183116838336,-0.01092179212719202,0.037467315793037415,-0.0031805827748030424,3135,3135,0.019919157028198242,12.312,28.75,95,6,10,1.21,831,0.004832861945033073,0.0004447109531611204,0.006866490002721548,1500,1500,1000,1500,1800,1000,1000,1800
1783904320.4163,5.1001,0.02004,49.89,256,64719,0.700,GUIDED,GUIDED,128,0.0,2.5500309467315674,10.0,0.0,0.5,0.0,nan,nan,nan,nan,nan,nan,nan,nan,nan,nan,0.02893364691904503,0.10694512246338879,-0.0006643185865645527,0,0,-0.056305181235075,2.4672491550445557,10.00426959991455,0.015802962705492973,0.4860492944717407,-0.0020815101452171803,-13,0,-1000,0,-1,-4,0.002308183116838336,-0.01092179212719202,0.037467315793037415,-0.0031805827748030424,3135,3135,0.019978761672973633,12.312,28.75,95,6,10,1.21,831,0.004832861945033073,0.0004447109531611204,0.006866490002721548,1500,1500,1000,1500,1800,1000,1000,1800
1783904320.4363,5.1201,0.02000,50.00,257,64739,0.720,GUIDED,GUIDED,128,0.0,2.560030221939087,10.0,0.0,0.5,0.0,nan,nan,nan,nan,nan,nan,nan,nan,nan,nan,0.029011858079743113,0.1069124792258947,-0.0008299648746537183,0,0,-0.05632058158516884,2.477243185043335,10.004290580749512,0.015766698867082596,0.4860711693763733,-0.0019979875069111586,-13,0,-1000,0,-1,-4,0.002308183116838336,-0.01092179212719202,0.037467315793037415,-0.0031805827748030424,3135,3135,0.01993417739868164,12.312,28.75,95,6,10,1.21,831,0.004832861945033073,0.0004447109531611204,0.006866490002721548,1500,1500,1000,1500,1800,1000,1000,1800
1783904320.4563,5.1401,0.02000,50.00,258,64759,0.740,GUIDED,GUIDED,128,0.0,2.5700308084487915,10.0,0.0,0.5,0.0,nan,nan,nan,nan,nan,nan,nan,nan,nan,nan,0.028702589278459752,0.10725890782647556,-0.0008893482174469826,0,0,-0.056157320737838745,2.4870872497558594,10.004280090332031,0.01585099659860134,0.48596152663230896,-0.001957645872607827,-13,0,-1000,0,-1,-4,0.002308183116838336,-0.01092179212719202,0.037467315793037415,-0.0031805827748030424,3135,3135,0.019936800003051758,12.312,28.75,95,6,10,1.21,831,0.004832861945033073,0.0004447109531611204,0.006866490002721548,1500,1500,1000,1500,1800,1000,1000,1800
1783904320.4763,5.1601,0.02000,49.99,259,64779,0.760,GUIDED,GUIDED,128,0.0,2.5800323486328125,10.0,0.0,0.5,0.0,nan,nan,nan,nan,nan,nan,nan,nan,nan,nan,0.028722680346410213,0.10733392374206133,-0.0009445047519177933,0,0,-0.05612318590283394,2.4970386028289795,10.004301071166992,0.015819689258933067,0.4859471917152405,-0.0019379145232960582,-13,0,-1000,0,-1,-4,0.002308183116838336,-0.01092179212719202,0.037467315793037415,-0.0031805827748030424,3135,3135,0.01993870735168457,12.312,28.75,95,6,10,1.21,831,0.004832861945033073,0.0004447109531611204,0.006866490002721548,1500,1500,1000,1500,1800,1000,1000,1800
1783904320.4963,5.1801,0.01998,50.05,260,64799,0.780,GUIDED,GUIDED,128,0.0,2.59003221988678,10.0,0.0,0.5,0.0,nan,nan,nan,nan,nan,nan,nan,nan,nan,nan,0.0286942783820052,0.10742498958535672,-0.00082524997243015,0,0,-0.05606814846396446,2.5069663524627686,10.004321098327637,0.015804311260581017,0.4859362542629242,-0.0020183289889246225,-13,0,-1000,0,-1,-4,0.002308183116838336,-0.01092179212719202,0.037467315793037415,-0.0031805827748030424,3135,3135,0.019928932189941406,12.312,28.75,95,6,10,1.21,831,0.004832861945033073,0.0004447109531611204,0.006866490002721548,1500,1500,1000,1500,1800,1000,1000,1800
1783904320.5163,5.2001,0.02002,49.96,261,64819,0.800,GUIDED,GUIDED,128,0.0,2.600032329559326,10.0,0.0,0.5,0.0,nan,nan,nan,nan,nan,nan,nan,nan,nan,nan,0.028625797245700718,0.10712941312001509,-0.0007216798204390169,0,0,-0.055995482951402664,2.517306327819824,10.004315376281738,0.015801895409822464,0.48591068387031555,-0.0020748216193169355,-13,0,-1000,0,-1,-4,0.002308183116838336,-0.01092179212719202,0.037467315793037415,-0.0031805827748030424,3135,3135,0.019953012466430664,12.312,28.75,95,6,10,1.21,831,0.004832861945033073,0.0004447109531611204,0.006866490002721548,1500,1500,1000,1500,1800,1000,1000,1800
1783904320.5362,5.2200,0.01992,50.20,262,64839,0.820,GUIDED,GUIDED,128,0.0,2.610006809234619,10.0,0.0,0.5,0.0,nan,nan,nan,nan,nan,nan,nan,nan,nan,nan,0.028995020372611705,0.10678484139559787,-0.0006585102948514169,0,0,-0.05615866184234619,2.5274338722229004,10.004340171813965,0.01568293571472168,0.4860212504863739,-0.002125608269125223,-13,0,-1000,0,-1,-4,0.002308183116838336,-0.01092179212719202,0.037467315793037415,-0.0031805827748030424,3135,3135,0.019867897033691406,12.312,28.75,95,6,10,1.21,831,0.004832861945033073,0.0004447109531611204,0.006866490002721548,1500,1500,1000,1500,1800,1000,1000,1800
1783904320.5566,5.2400,0.02037,49.10,263,64859,0.840,GUIDED,GUIDED,128,0.0,2.62002432346344,10.0,0.0,0.5,0.0,nan,nan,nan,nan,nan,nan,nan,nan,nan,nan,0.029298507834225326,0.10662313604363138,-0.0005967939231199312,0,0,-0.056278493255376816,2.537524461746216,10.00435733795166,0.015576901845633984,0.4860724210739136,-0.0021711511071771383,-13,0,-1000,1,0,-4,0.0024024781305342913,-0.011163434013724327,0.03737669065594673,-0.0025102333165705204,3135,3135,0.02031421661376953,12.312,28.75,95,6,10,1.21,831,0.005045504774898291,0.0004359206941444427,0.006639278493821621,1500,1500,1000,1500,1800,1000,1000,1800
1783904320.5763,5.2600,0.01968,50.81,264,64879,0.860,GUIDED,GUIDED,128,0.0,2.630024552345276,10.0,0.0,0.5,0.0,nan,nan,nan,nan,nan,nan,nan,nan,nan,nan,0.029137446427556436,0.1068448221163512,-0.0004902224785384821,0,0,-0.056167613714933395,2.547415018081665,10.004347801208496,0.015605874359607697,0.4860077500343323,-0.0022271741181612015,-13,0,-1000,1,0,-4,0.0024024781305342913,-0.011163434013724327,0.03737669065594673,-0.0025102333165705204,3135,3135,0.01962137222290039,12.312,28.75,95,6,10,1.21,831,0.005045504774898291,0.0004359206941444427,0.006639278493821621,1500,1500,1000,1500,1800,1000,1000,1800
1783904320.5963,5.2801,0.02000,50.01,265,64899,0.880,GUIDED,GUIDED,128,0.0,2.6400259733200073,10.0,0.0,0.5,0.0,nan,nan,nan,nan,nan,nan,nan,nan,nan,nan,0.02932011755992595,0.1066910779265008,-0.0005205190244367305,0,0,-0.056237801909446716,2.557457447052002,10.00436782836914,0.015540932305157185,0.486072838306427,-0.0022212450858205557,-13,0,-1000,1,0,-4,0.0024024781305342913,-0.011163434013724327,0.03737669065594673,-0.0025102333165705204,3135,3135,0.019942045211791992,12.312,28.75,95,6,10,1.21,831,0.005045504774898291,0.0004359206941444427,0.006639278493821621,1500,1500,1000,1500,1800,1000,1000,1800
1783904320.6163,5.3001,0.02003,49.93,266,64919,0.900,GUIDED,GUIDED,128,0.0,2.650025963783264,10.0,0.0,0.5,0.0,nan,nan,nan,nan,nan,nan,nan,nan,nan,nan,0.02940617244853091,0.10622422459849079,-0.0006636922599243113,0,0,-0.05625753104686737,2.567873239517212,10.004380226135254,0.01550263911485672,0.48610231280326843,-0.0021457418333739042,-13,0,-1000,1,0,-4,0.0024024781305342913,-0.011163434013724327,0.03737669065594673,-0.0025102333165705204,3135,3135,0.01996469497680664,12.312,28.75,95,6,10,1.21,831,0.005045504774898291,0.0004359206941444427,0.006639278493821621,1500,1500,1000,1500,1800,1000,1000,1800
1783904320.6363,5.3201,0.01996,50.09,267,64939,0.920,GUIDED,GUIDED,128,0.0,2.660025715827942,10.0,0.0,0.5,0.0,nan,nan,nan,nan,nan,nan,nan,nan,nan,nan,0.02914217499186206,0.10653475504814236,-0.0007104974170839646,0,0,-0.05610550194978714,2.577725887298584,10.004364967346191,0.01556728407740593,0.486007958650589,-0.0021099091973155737,-13,0,-1000,1,0,-4,0.0024024781305342913,-0.011163434013724327,0.03737669065594673,-0.0025102333165705204,3135,3135,0.0199127197265625,12.312,28.75,95,6,10,1.21,831,0.005045504774898291,0.0004359206941444427,0.006639278493821621,1500,1500,1000,1500,1800,1000,1000,1800
1783904320.6563,5.3401,0.02003,49.94,268,64959,0.940,GUIDED,GUIDED,128,0.0,2.670026421546936,10.0,0.0,0.5,0.0,nan,nan,nan,nan,nan,nan,nan,nan,nan,nan,0.029148679380235673,0.10654493697979787,-0.0008508415581945945,0,0,-0.056087564677000046,2.587692975997925,10.004373550415039,0.015553172677755356,0.486021488904953,-0.002033836906775832,-13,0,-1000,1,0,-4,0.0024024781305342913,-0.011163434013724327,0.03737669065594673,-0.0025102333165705204,3135,3135,0.01996159553527832,12.312,28.75,95,6,10,1.21,831,0.005045504774898291,0.0004359206941444427,0.006639278493821621,1500,1500,1000,1500,1800,1000,1000,1800
1783904320.6763,5.3601,0.02002,49.95,269,64979,0.960,GUIDED,GUIDED,128,0.0,2.680033564567566,10.0,0.0,0.5,0.0,nan,nan,nan,nan,nan,nan,nan,nan,nan,nan,0.028799240090811654,0.10687268950686578,-0.0009171777727616909,0,0,-0.05591071397066116,2.597524642944336,10.00435733795166,0.015652816742658615,0.4859335720539093,-0.0019861774053424597,-13,0,-1000,1,0,-4,0.0024024781305342913,-0.011163434013724327,0.03737669065594673,-0.0025102333165705204,3135,3135,0.019954204559326172,12.312,28.75,95,6,10,1.21,831,0.005045504774898291,0.0004359206941444427,0.006639278493821621,1500,1500,1000,1500,1800,1000,1000,1800
1783904320.6963,5.3801,0.02000,50.01,270,64999,0.980,GUIDED,GUIDED,128,0.0,2.690032124519348,10.0,0.0,0.5,0.0,nan,nan,nan,nan,nan,nan,nan,nan,nan,nan,0.02870181075854327,0.10692634030108288,-0.0009494317054193589,0,0,-0.05585611239075661,2.607455253601074,10.00436782836914,0.015677543357014656,0.4859418272972107,-0.0019736122339963913,-13,0,-1000,1,0,-4,0.0024024781305342913,-0.011163434013724327,0.03737669065594673,-0.0025102333165705204,3135,3135,0.019931793212890625,12.312,28.75,95,6,10,1.21,831,0.005045504774898291,0.0004359206941444427,0.006639278493821621,1500,1500,1000,1500,1800,1000,1000,1800
1783904320.7163,5.4000,0.02002,49.95,271,65019,0.000,GUIDED,GUIDED,128,0.0,2.7000246047973633,10.0,0.0,0.5,0.0,nan,nan,nan,nan,nan,nan,nan,nan,nan,nan,0.028940783976895063,0.10645457152968266,-0.0008699120119419201,0,0,-0.055949948728084564,2.617621660232544,10.004395484924316,0.015593748539686203,0.4861137866973877,-0.002035490470007062,-13,0,-1000,1,0,-4,0.0024024781305342913,-0.011163434013724327,0.03737669065594673,-0.0025102333165705204,3135,3135,0.019917964935302734,12.312,28.75,95,6,10,1.21,831,0.005045504774898291,0.0004359206941444427,0.006639278493821621,1500,1500,1000,1500,1800,1000,1000,1800
1783904320.7363,5.4201,0.01997,50.07,272,65039,0.020,GUIDED,GUIDED,128,0.0,2.710029125213623,10.0,0.0,0.5,0.0,nan,nan,nan,nan,nan,nan,nan,nan,nan,nan,0.02871515964634768,0.10657368968123546,-0.0006974910833658205,0,0,-0.05582643672823906,2.627549648284912,10.004385948181152,0.015652703121304512,0.48608919978141785,-0.0021295316983014345,-13,0,-1000,1,0,-4,0.0024024781305342913,-0.011163434013724327,0.03737669065594673,-0.0025102333165705204,3135,3135,0.019908905029296875,12.312,28.75,95,6,10,1.21,831,0.005045504774898291,0.0004359206941444427,0.006639278493821621,1500,1500,1000,1500,1800,1000,1000,1800
1783904320.7563,5.4401,0.02000,50.00,273,65059,0.040,GUIDED,GUIDED,128,0.0,2.7200270891189575,10.0,0.0,0.5,0.0,nan,nan,nan,nan,nan,nan,nan,nan,nan,nan,0.02886074685249377,0.10624726238101531,-0.0005391305197100216,0,0,-0.05586470291018486,2.637660026550293,10.004401206970215,0.01559074129909277,0.48621276021003723,-0.002229770878329873,-13,0,-1000,1,0,-4,0.0024024781305342913,-0.011163434013724327,0.03737669065594673,-0.0025102333165705204,3135,3135,0.01993536949157715,12.312,28.75,95,6,10,1.21,831,0.005045504774898291,0.0004359206941444427,0.006639278493821621,1500,1500,1000,1500,1800,1000,1000,1800
1783904320.7763,5.4600,0.01996,50.11,274,65079,0.060,GUIDED,GUIDED,128,0.0,2.7300249338150024,10.0,0.0,0.5,0.0,nan,nan,nan,nan,nan,nan,nan,nan,nan,nan,0.028586926323192888,0.1063850091237709,-0.0003908683792958603,0,0,-0.05571478605270386,2.6475625038146973,10.004383087158203,0.01566227711737156,0.48618829250335693,-0.002304908586665988,-13,0,-1000,1,0,-4,0.0024024781305342913,-0.011163434013724327,0.03737669065594673,-0.0025102333165705204,3135,3135,0.019906044006347656,12.312,28.75,95,6,10,1.21,831,0.005045504774898291,0.0004359206941444427,0.006639278493821621,1500,1500,1000,1500,1800,1000,1000,1800
1783904320.7966,5.4801,0.02039,49.04,275,65099,0.080,GUIDED,GUIDED,128,0.0,2.7400254011154175,10.0,0.0,0.5,0.0,nan,nan,nan,nan,nan,nan,nan,nan,nan,nan,0.02869468701539699,0.1062289824913231,-0.000588611914165438,0,0,-0.05571148172020912,2.6576244831085205,10.004395484924316,0.015598153695464134,0.4862428605556488,-0.002197899157181382,-13,0,-1001,2,2,-4,0.0025385490152984858,-0.01121250819414854,0.037162210792303085,-0.0030078443232923746,3135,3135,0.019954681396484375,12.312,28.75,95,6,10,1.21,831,0.0034046375658363104,0.0004291233199182898,0.006594282109290361,1500,1500,1000,1500,1800,1000,1000,1800
1783904320.8162,5.5000,0.01960,51.01,276,65119,0.100,GUIDED,GUIDED,128,0.0,2.750022530555725,10.0,0.0,0.5,0.0,nan,nan,nan,nan,nan,nan,nan,nan,nan,nan,0.02867123409626083,0.10613606734869262,-0.0006445664131735948,0,0,-0.055676985532045364,2.6676547527313232,10.004409790039062,0.015591777861118317,0.48627737164497375,-0.002173852873966098,-13,0,-1001,2,2,-4,0.0025385490152984858,-0.01121250819414854,0.037162210792303085,-0.0030078443232923746,3135,3135,0.019552946090698242,12.312,28.75,95,6,10,1.21,831,0.0034046375658363104,0.0004291233199182898,0.006594282109290361,1500,1500,1000,1500,1800,1000,1000,1800
1783904320.8362,5.5201,0.02000,50.01,277,65139,0.120,GUIDED,GUIDED,128,0.0,2.7600250244140625,10.0,0.0,0.5,0.0,nan,nan,nan,nan,nan,nan,nan,nan,nan,nan,0.02829834428771092,0.1063974261171447,-0.0007247764805144454,0,0,-0.05549202486872673,2.677518844604492,10.004393577575684,0.01570027880370617,0.48620638251304626,-0.0021181832998991013,-13,0,-1001,2,2,-4,0.0025385490152984858,-0.01121250819414854,0.037162210792303085,-0.0030078443232923746,3135,3135,0.019950389862060547,12.312,28.75,95,6,10,1.21,831,0.0034046375658363104,0.0004291233199182898,0.006594282109290361,1500,1500,1000,1500,1800,1000,1000,1800
1783904320.8562,5.5400,0.01999,50.02,278,65159,0.140,GUIDED,GUIDED,128,0.0,2.7700220346450806,10.0,0.0,0.5,0.0,nan,nan,nan,nan,nan,nan,nan,nan,nan,nan,0.0282087765151705,0.10639973732785789,-0.0008317895805645997,0,0,-0.05541336163878441,2.687504768371582,10.004402160644531,0.01570657454431057,0.4862114489078522,-0.0020613546948879957,-13,0,-1001,2,2,-4,0.0025385490152984858,-0.01121250819414854,0.037162210792303085,-0.0030078443232923746,3135,3135,0.019945621490478516,12.312,28.75,95,6,10,1.21,831,0.0034046375658363104,0.0004291233199182898,0.006594282109290361,1500,1500,1000,1500,1800,1000,1000,1800
1783904320.8762,5.5600,0.02000,50.01,279,65179,0.160,GUIDED,GUIDED,128,0.0,2.7800217866897583,10.0,0.0,0.5,0.0,nan,nan,nan,nan,nan,nan,nan,nan,nan,nan,0.027800370356094024,0.1067265911574211,-0.0008543758238628058,0,0,-0.0552060604095459,2.6973469257354736,10.004384994506836,0.01582268252968788,0.4861137270927429,-0.002038403647020459,-13,0,-1001,2,2,-4,0.0025385490152984858,-0.01121250819414854,0.037162210792303085,-0.0030078443232923746,3135,3135,0.019953489303588867,12.312,28.75,95,6,10,1.21,831,0.0034046375658363104,0.0004291233199182898,0.006594282109290361,1500,1500,1000,1500,1800,1000,1000,1800
1783904320.8962,5.5800,0.02000,50.00,280,65199,0.180,GUIDED,GUIDED,128,0.0,2.7900218963623047,10.0,0.0,0.5,0.0,nan,nan,nan,nan,nan,nan,nan,nan,nan,nan,0.02759145021695407,0.1068071006719206,-0.0008602900220405583,0,0,-0.05509655550122261,2.70729398727417,10.004393577575684,0.015880079939961433,0.48609787225723267,-0.0020399445202201605,-13,0,-1001,2,2,-4,0.0025385490152984858,-0.01121250819414854,0.037162210792303085,-0.0030078443232923746,3135,3135,0.01995539665222168,12.312,28.75,95,6,10,1.21,831,0.0034046375658363104,0.0004291233199182898,0.006594282109290361,1500,1500,1000,1500,1800,1000,1000,1800
1783904320.9162,5.6000,0.02001,49.98,281,65219,0.200,GUIDED,GUIDED,128,0.0,2.800023674964905,10.0,0.0,0.5,0.0,nan,nan,nan,nan,nan,nan,nan,nan,nan,nan,0.02761582638200318,0.10633918189749403,-0.0009040719115479771,0,0,-0.05505197495222092,2.717482566833496,10.00442123413086,0.01584026776254177,0.48626017570495605,-0.002030634554103017,-13,0,-1001,2,2,-4,0.0025385490152984858,-0.01121250819414854,0.037162210792303085,-0.0030078443232923746,3135,3135,0.01996302604675293,12.312,28.75,95,6,10,1.21,831,0.0034046375658363104,0.0004291233199182898,0.006594282109290361,1500,1500,1000,1500,1800,1000,1000,1800
1783904320.9362,5.6200,0.01999,50.02,282,65239,0.220,GUIDED,GUIDED,128,0.0,2.8100216388702393,10.0,0.0,0.5,0.0,nan,nan,nan,nan,nan,nan,nan,nan,nan,nan,0.02727421925839396,0.10642906615165848,-0.0008910354823485908,0,0,-0.05485996976494789,2.7274222373962402,10.004412651062012,0.01592664048075676,0.4862419366836548,-0.0020332057029008865,-13,0,-1001,2,2,-4,0.0025385490152984858,-0.01121250819414854,0.037162210792303085,-0.0030078443232923746,3135,3135,0.01994919776916504,12.312,28.75,95,6,10,1.21,831,0.0034046375658363104,0.0004291233199182898,0.006594282109290361,1500,1500,1000,1500,1800,1000,1000,1800
1783904320.9562,5.6400,0.02000,49.99,283,65259,0.240,GUIDED,GUIDED,128,0.0,2.820021867752075,10.0,0.0,0.5,0.0,nan,nan,nan,nan,nan,nan,nan,nan,nan,nan,0.027195780689779504,0.10615682633148404,-0.0009662129908852447,0,0,-0.05477301403880119,2.7375519275665283,10.004430770874023,0.01592172309756279,0.48632436990737915,-0.002000263426452875,-13,0,-1001,2,2,-4,0.0025385490152984858,-0.01121250819414854,0.037162210792303085,-0.0030078443232923746,3135,3135,0.019959449768066406,12.312,28.75,95,6,10,1.21,831,0.0034046375658363104,0.0004291233199182898,0.006594282109290361,1500,1500,1000,1500,1800,1000,1000,1800
1783904320.9762,5.6600,0.02000,50.01,284,65279,0.260,GUIDED,GUIDED,128,0.0,2.8300217390060425,10.0,0.0,0.5,0.0,nan,nan,nan,nan,nan,nan,nan,nan,nan,nan,0.02683561278903279,0.1063081825280251,-0.0009455739070007101,0,0,-0.05456024780869484,2.747464656829834,10.00441837310791,0.016006825491786003,0.48628729581832886,-0.0020050215534865856,-13,0,-1001,2,2,-4,0.0025385490152984858,-0.01121250819414854,0.037162210792303085,-0.0030078443232923746,3135,3135,0.01995372772216797,12.312,28.75,95,6,10,1.21,831,0.0034046375658363104,0.0004291233199182898,0.006594282109290361,1500,1500,1000,1500,1800,1000,1000,1800
1783904320.9963,5.6801,0.02003,49.91,285,65299,0.280,GUIDED,GUIDED,128,0.0,2.8400251865386963,10.0,0.0,0.5,0.0,nan,nan,nan,nan,nan,nan,nan,nan,nan,nan,0.026746912986617303,0.10613134306353751,-0.000990818908498039,0,0,-0.0544438511133194,2.7575435638427734,10.004434585571289,0.015990834683179855,0.4863458275794983,-0.0019882596097886562,-13,0,-1001,2,2,-4,0.0025385490152984858,-0.01121250819414854,0.037162210792303085,-0.0030078443232923746,3135,3135,0.01998162269592285,12.312,28.75,95,6,10,1.21,831,0.0034046375658363104,0.0004291233199182898,0.006594282109290361,1500,1500,1000,1500,1800,1000,1000,1800
1783904321.0163,5.7001,0.02003,49.91,286,65319,0.300,GUIDED,GUIDED,128,0.0,2.8500291109085083,10.0,0.0,0.5,0.0,nan,nan,nan,nan,nan,nan,nan,nan,nan,nan,0.02655201026680995,0.1060637745957951,-0.0009222585651529327,0,0,-0.0543036162853241,2.7675890922546387,10.004451751708984,0.016022397205233574,0.4863608181476593,-0.0020377538166940212,-13,0,-1001,2,2,-4,0.0025385490152984858,-0.01121250819414854,0.037162210792303085,-0.0030078443232923746,3135,3135,0.019969463348388672,12.312,28.75,95,6,10,1.21,831,0.0034046375658363104,0.0004291233199182898,0.006594282109290361,1500,1500,1000,1500,1800,1000,1000,1800
1783904321.0363,5.7201,0.02000,49.99,287,65339,0.320,GUIDED,GUIDED,128,0.0,2.8600300550460815,10.0,0.0,0.5,0.0,nan,nan,nan,nan,nan,nan,nan,nan,nan,nan,0.026216427109332408,0.10640470722180044,-0.0007641324540907566,0,0,-0.054064538329839706,2.777461051940918,10.004437446594238,0.01607811450958252,0.4862384498119354,-0.0021207889076322317,-13,0,-1001,2,2,-4,0.0025385490152984858,-0.01121250819414854,0.037162210792303085,-0.0030078443232923746,3135,3135,0.01993727684020996,12.312,28.75,95,6,10,1.21,831,0.0034046375658363104,0.0004291233199182898,0.006594282109290361,1500,1500,1000,1500,1800,1000,1000,1800
1783904321.0567,5.7401,0.02041,49.00,288,65359,0.340,GUIDED,GUIDED,128,0.0,2.870025396347046,10.0,0.0,0.5,0.0,nan,nan,nan,nan,nan,nan,nan,nan,nan,nan,0.026039613351405342,0.10645983046022345,-0.0006505609924168224,0,0,-0.05389200896024704,2.787459135055542,10.004444122314453,0.016080588102340698,0.4862050414085388,-0.0021902136504650116,-13,0,-1000,-1,3,-3,0.002341903280466795,-0.011095105670392513,0.0370585136115551,-0.001797794597223401,3135,3135,0.020342588424682617,12.312,28.75,94,6,10,1.21,831,0.0029211139772087336,0.0004276449326425791,0.006376255303621292,1500,1500,1000,1500,1800,1000,1000,1800
1783904321.0763,5.7601,0.01959,51.04,289,65379,0.360,GUIDED,GUIDED,128,0.0,2.880029082298279,10.0,0.0,0.5,0.0,nan,nan,nan,nan,nan,nan,nan,nan,nan,nan,0.0256701465201192,0.10680249827601003,-0.0005039504707573146,0,0,-0.05363726243376732,2.797307014465332,10.004423141479492,0.016146821901202202,0.48609715700149536,-0.0022627459838986397,-13,0,-1000,-1,3,-3,0.002341903280466795,-0.011095105670392513,0.0370585136115551,-0.001797794597223401,3135,3135,0.019526004791259766,12.312,28.75,94,6,10,1.21,831,0.0029211139772087336,0.0004276449326425791,0.006376255303621292,1500,1500,1000,1500,1800,1000,1000,1800
1783904321.0963,5.7801,0.01998,50.06,290,65399,0.380,GUIDED,GUIDED,128,0.0,2.8900299072265625,10.0,0.0,0.5,0.0,nan,nan,nan,nan,nan,nan,nan,nan,nan,nan,0.025465311837700774,0.10685619831370188,-0.00036095436441789877,0,0,-0.05344504863023758,2.807264566421509,10.004426002502441,0.016154108569025993,0.48609113693237305,-0.0023469566367566586,-13,0,-1000,-1,3,-3,0.002341903280466795,-0.011095105670392513,0.0370585136115551,-0.001797794597223401,3135,3135,0.019924402236938477,12.312,28.75,94,6,10,1.21,831,0.0029211139772087336,0.0004276449326425791,0.006376255303621292,1500,1500,1000,1500,1800,1000,1000,1800
1783904321.1163,5.8001,0.02003,49.93,291,65419,0.400,GUIDED,GUIDED,128,0.0,2.900032162666321,10.0,0.0,0.5,0.0,nan,nan,nan,nan,nan,nan,nan,nan,nan,nan,0.02553961797075785,0.10641299593234797,-0.000338752635337591,0,0,-0.05335467681288719,2.8174660205841064,10.004446029663086,0.01605903171002865,0.4862320125102997,-0.0023713374976068735,-13,0,-1000,-1,3,-3,0.002341903280466795,-0.011095105670392513,0.0370585136115551,-0.001797794597223401,3135,3135,0.019962787628173828,12.312,28.75,94,6,10,1.21,831,0.0029211139772087336,0.0004276449326425791,0.006376255303621292,1500,1500,1000,1500,1800,1000,1000,1800
1783904321.1363,5.8201,0.01999,50.02,292,65439,0.420,GUIDED,GUIDED,128,0.0,2.910029172897339,10.0,0.0,0.5,0.0,nan,nan,nan,nan,nan,nan,nan,nan,nan,nan,0.025267428089035263,0.10660663006432654,-0.00030415166110853674,0,0,-0.053139764815568924,2.827410936355591,10.004429817199707,0.016092101112008095,0.4861502945423126,-0.0023819541092962027,-13,0,-1000,-1,3,-3,0.002341903280466795,-0.011095105670392513,0.0370585136115551,-0.001797794597223401,3135,3135,0.019928455352783203,12.312,28.75,94,6,10,1.21,831,0.0029211139772087336,0.0004276449326425791,0.006376255303621292,1500,1500,1000,1500,1800,1000,1000,1800
1783904321.1563,5.8401,0.02000,50.00,293,65459,0.440,GUIDED,GUIDED,128,0.0,2.9200291633605957,10.0,0.0,0.5,0.0,nan,nan,nan,nan,nan,nan,nan,nan,nan,nan,0.02527435363017186,0.10634496043438772,-0.0002969319453416273,0,0,-0.05301451310515404,2.8375508785247803,10.004439353942871,0.016015788540244102,0.4862205684185028,-0.0023916284553706646,-13,0,-1000,-1,3,-3,0.002341903280466795,-0.011095105670392513,0.0370585136115551,-0.001797794597223401,3135,3135,0.01993560791015625,12.312,28.75,94,6,10,1.21,831,0.0029211139772087336,0.0004276449326425791,0.006376255303621292,1500,1500,1000,1500,1800,1000,1000,1800
1783904321.1763,5.8601,0.02000,50.00,294,65479,0.460,GUIDED,GUIDED,128,0.0,2.930029273033142,10.0,0.0,0.5,0.0,nan,nan,nan,nan,nan,nan,nan,nan,nan,nan,0.025033372073305422,0.10653072462457519,-0.0003943221893887268,0,0,-0.05278395861387253,2.8474667072296143,10.004419326782227,0.016021808609366417,0.4861619770526886,-0.002323837485164404,-13,0,-1000,-1,3,-3,0.002341903280466795,-0.011095105670392513,0.0370585136115551,-0.001797794597223401,3135,3135,0.019934415817260742,12.312,28.75,94,6,10,1.21,831,0.0029211139772087336,0.0004276449326425791,0.006376255303621292,1500,1500,1000,1500,1800,1000,1000,1800
1783904321.1963,5.8801,0.02000,49.99,295,65499,0.480,GUIDED,GUIDED,128,0.0,2.9400311708450317,10.0,0.0,0.5,0.0,nan,nan,nan,nan,nan,nan,nan,nan,nan,nan,0.025046738640813918,0.10634366139713183,-0.0004294165241535003,0,0,-0.052636973559856415,2.857553720474243,10.004427909851074,0.01592922955751419,0.4862208366394043,-0.0023085311986505985,-13,0,-1000,-1,3,-3,0.002341903280466795,-0.011095105670392513,0.0370585136115551,-0.001797794597223401,3135,3135,0.019939184188842773,12.312,28.75,94,6,10,1.21,831,0.0029211139772087336,0.0004276449326425791,0.006376255303621292,1500,1500,1000,1500,1800,1000,1000,1800
1783904321.2163,5.9001,0.02000,50.00,296,65519,0.500,GUIDED,GUIDED,128,0.0,2.9500359296798706,10.0,0.0,0.5,0.0,nan,nan,nan,nan,nan,nan,nan,nan,nan,nan,0.024973777813652568,0.10626672930798624,-0.0003945684022059522,0,0,-0.05247040465474129,2.8676064014434814,10.004438400268555,0.015875184908509254,0.4862375855445862,-0.0023347074165940285,-13,0,-1000,-1,3,-3,0.002341903280466795,-0.011095105670392513,0.0370585136115551,-0.001797794597223401,3135,3135,0.019929885864257812,12.312,28.75,94,6,10,1.21,831,0.0029211139772087336,0.0004276449326425791,0.006376255303621292,1500,1500,1000,1500,1800,1000,1000,1800
1783904321.2363,5.9200,0.01995,50.13,297,65539,0.520,GUIDED,GUIDED,128,0.0,2.9600234031677246,10.0,0.0,0.5,0.0,nan,nan,nan,nan,nan,nan,nan,nan,nan,nan,0.02468774950697821,0.1065124488084864,-0.000295716136887089,0,0,-0.05222157761454582,2.8774805068969727,10.004416465759277,0.015896663069725037,0.48616117238998413,-0.002379115903750062,-13,0,-1000,-1,3,-3,0.002341903280466795,-0.011095105670392513,0.0370585136115551,-0.001797794597223401,3135,3135,0.0198976993560791,12.312,28.75,94,6,10,1.21,831,0.0029211139772087336,0.0004276449326425791,0.006376255303621292,1500,1500,1000,1500,1800,1000,1000,1800
1783904321.2563,5.9400,0.02000,50.00,298,65559,0.540,GUIDED,GUIDED,128,0.0,2.9700227975845337,10.0,0.0,0.5,0.0,nan,nan,nan,nan,nan,nan,nan,nan,nan,nan,0.024589854236848577,0.10654650914585855,-0.0002698597188786414,0,0,-0.05202862247824669,2.8874857425689697,10.004417419433594,0.015841780230402946,0.48613813519477844,-0.002394594717770815,-13,0,-1000,-1,3,-3,0.002341903280466795,-0.011095105670392513,0.0370585136115551,-0.001797794597223401,3135,3135,0.019946813583374023,12.312,28.75,94,6,10,1.21,831,0.0029211139772087336,0.0004276449326425791,0.006376255303621292,1500,1500,1000,1500,1800,1000,1000,1800
1783904321.2763,5.9600,0.02000,50.01,299,65579,0.560,GUIDED,GUIDED,128,0.0,2.980022430419922,10.0,0.0,0.5,0.0,nan,nan,nan,nan,nan,nan,nan,nan,nan,nan,0.024315006613670042,0.10688733376316314,-0.0004424581845008579,0,0,-0.05176762491464615,2.897336006164551,10.004392623901367,0.015849776566028595,0.4860275983810425,-0.002280629239976406,-13,0,-1000,-1,3,-3,0.002341903280466795,-0.011095105670392513,0.0370585136115551,-0.001797794597223401,3135,3135,0.019945383071899414,12.312,28.75,94,6,10,1.21,831,0.0029211139772087336,0.0004276449326425791,0.006376255303621292,1500,1500,1000,1500,1800,1000,1000,1800
1783904321.2966,5.9801,0.02036,49.11,300,65599,0.580,GUIDED,GUIDED,128,0.0,2.9900251626968384,10.0,0.0,0.5,0.0,nan,nan,nan,nan,nan,nan,nan,nan,nan,nan,0.024152145950718698,0.10698032108261617,-0.0005095507541332048,0,0,-0.05156061053276062,2.907299280166626,10.004395484924316,0.01582428440451622,0.48599669337272644,-0.002243545139208436,-13,0,-1001,0,2,-3,0.0020253534894436598,-0.011008420027792454,0.03689296543598175,-0.002286687260493636,3135,3135,0.019954681396484375,12.312,28.75,94,6,10,1.21,831,0.003269235836341977,0.0004372055409476161,0.0064817615784704685,1500,1500,1000,1500,1800,1000,1000,1800
1783904321.3163,6.0000,0.01965,50.88,301,65619,0.600,GUIDED,GUIDED,128,0.0,3.000024437904358,10.0,0.0,0.5,0.0,nan,nan,nan,nan,nan,nan,nan,nan,nan,nan,0.02422613729366819,0.10658479193242204,-0.0005234531752206389,0,0,-0.0514761246740818,2.9175071716308594,10.00441837310791,0.015732787549495697,0.4861046075820923,-0.0022487330716103315,-13,0,-1001,0,2,-3,0.0020253534894436598,-0.011008420027792454,0.03689296543598175,-0.002286687260493636,3135,3135,0.01959538459777832,12.312,28.75,94,6,10,1.21,831,0.003269235836341977,0.0004372055409476161,0.0064817615784704685,1500,1500,1000,1500,1800,1000,1000,1800
1783904321.3363,6.0200,0.01999,50.02,302,65639,0.620,GUIDED,GUIDED,128,0.0,3.0100247859954834,10.0,0.0,0.5,0.0,nan,nan,nan,nan,nan,nan,nan,nan,nan,nan,0.024033543539652497,0.10675385279597863,-0.000550330382974128,0,0,-0.05126780644059181,2.9274535179138184,10.00440502166748,0.015723709017038345,0.4860381782054901,-0.0022255070507526398,-13,0,-1001,0,2,-3,0.0020253534894436598,-0.011008420027792454,0.03689296543598175,-0.002286687260493636,3135,3135,0.019938945770263672,12.312,28.75,94,6,10,1.21,831,0.003269235836341977,0.0004372055409476161,0.0064817615784704685,1500,1500,1000,1500,1800,1000,1000,1800
1783904321.3563,6.0400,0.02000,50.00,303,65659,0.640,GUIDED,GUIDED,128,0.0,3.0200246572494507,10.0,0.0,0.5,0.0,nan,nan,nan,nan,nan,nan,nan,nan,nan,nan,0.024082578787744002,0.10648488660343378,-0.0006458311198176488,0,0,-0.051148802042007446,2.937596559524536,10.004420280456543,0.0156266912817955,0.4861108064651489,-0.0021791793406009674,-13,0,-1001,0,2,-3,0.0020253534894436598,-0.011008420027792454,0.03689296543598175,-0.002286687260493636,3135,3135,0.019947290420532227,12.312,28.75,94,6,10,1.21,831,0.003269235836341977,0.0004372055409476161,0.0064817615784704685,1500,1500,1000,1500,1800,1000,1000,1800
1783904321.3763,6.0601,0.02004,49.91,304,65679,0.660,GUIDED,GUIDED,128,0.0,3.030025601387024,10.0,0.0,0.5,0.0,nan,nan,nan,nan,nan,nan,nan,nan,nan,nan,0.024097999399377422,0.10632583395437865,-0.0007592585643614266,0,0,-0.051013488322496414,2.947702407836914,10.004430770874023,0.015539664775133133,0.4861420691013336,-0.0021197486203163862,-13,0,-1001,0,2,-3,0.0020253534894436598,-0.011008420027792454,0.03689296543598175,-0.002286687260493636,3135,3135,0.019956111907958984,12.312,28.75,94,6,10,1.21,831,0.003269235836341977,0.0004372055409476161,0.0064817615784704685,1500,1500,1000,1500,1800,1000,1000,1800
1783904321.3963,6.0801,0.02000,50.00,305,65699,0.680,GUIDED,GUIDED,128,0.0,3.040030002593994,10.0,0.0,0.5,0.0,nan,nan,nan,nan,nan,nan,nan,nan,nan,nan,0.02389506710142852,0.1065945022662942,-0.0007445883464160348,0,0,-0.05078578367829323,2.957601308822632,10.00441837310791,0.015525362454354763,0.4860478639602661,-0.0021210606209933758,-13,0,-1001,0,2,-3,0.0020253534894436598,-0.011008420027792454,0.03689296543598175,-0.002286687260493636,3135,3135,0.01994919776916504,12.312,28.75,94,6,10,1.21,831,0.003269235836341977,0.0004372055409476161,0.0064817615784704685,1500,1500,1000,1500,1800,1000,1000,1800
1783904321.4163,6.1000,0.01997,50.07,306,65719,0.700,GUIDED,GUIDED,128,0.0,3.050024390220642,10.0,0.0,0.5,0.0,nan,nan,nan,nan,nan,nan,nan,nan,nan,nan,0.02387065465720423,0.10647584903538254,-0.0008169253990031929,0,0,-0.05062771961092949,2.967655658721924,10.004433631896973,0.015448198653757572,0.4860817492008209,-0.002088106470182538,-13,0,-1001,0,2,-3,0.0020253534894436598,-0.011008420027792454,0.03689296543598175,-0.002286687260493636,3135,3135,0.019919872283935547,12.312,28.75,94,6,10,1.21,831,0.003269235836341977,0.0004372055409476161,0.0064817615784704685,1500,1500,1000,1500,1800,1000,1000,1800
1783904321.4363,6.1200,0.01999,50.01,307,65739,0.720,GUIDED,GUIDED,128,0.0,3.0600242614746094,10.0,0.0,0.5,0.0,nan,nan,nan,nan,nan,nan,nan,nan,nan,nan,0.0236717601481176,0.1067796418256762,-0.0007736047535542826,0,0,-0.050388216972351074,2.9775290489196777,10.00441837310791,0.015424753539264202,0.4859793782234192,-0.0021043079905211926,-13,0,-1001,0,2,-3,0.0020253534894436598,-0.011008420027792454,0.03689296543598175,-0.002286687260493636,3135,3135,0.019937992095947266,12.312,28.75,94,6,10,1.21,831,0.003269235836341977,0.0004372055409476161,0.0064817615784704685,1500,1500,1000,1500,1800,1000,1000,1800
1783904321.4563,6.1400,0.02000,50.01,308,65759,0.740,GUIDED,GUIDED,128,0.0,3.0700241327285767,10.0,0.0,0.5,0.0,nan,nan,nan,nan,nan,nan,nan,nan,nan,nan,0.02357846396652663,0.10677551141416919,-0.0006171559367524862,0,0,-0.050205521285533905,2.9875354766845703,10.004425048828125,0.015373138710856438,0.48597797751426697,-0.002198487985879183,-13,0,-1001,0,2,-3,0.0020253534894436598,-0.011008420027792454,0.03689296543598175,-0.002286687260493636,3135,3135,0.019942522048950195,12.312,28.75,94,6,10,1.21,831,0.003269235836341977,0.0004372055409476161,0.0064817615784704685,1500,1500,1000,1500,1800,1000,1000,1800
1783904321.4763,6.1600,0.01999,50.01,309,65779,0.760,GUIDED,GUIDED,128,0.0,3.080024242401123,10.0,0.0,0.5,0.0,nan,nan,nan,nan,nan,nan,nan,nan,nan,nan,0.023456154846924065,0.10683734380991941,-0.0005094864833804251,0,0,-0.05001175031065941,2.9975132942199707,10.004425048828125,0.015331880189478397,0.485955148935318,-0.002260650973767042,-13,0,-1001,0,2,-3,0.0020253534894436598,-0.011008420027792454,0.03689296543598175,-0.002286687260493636,3135,3135,0.01994180679321289,12.312,28.75,94,6,10,1.21,831,0.003269235836341977,0.0004372055409476161,0.0064817615784704685,1500,1500,1000,1500,1800,1000,1000,1800
1783904321.4963,6.1800,0.02000,50.00,310,65799,0.780,GUIDED,GUIDED,128,0.0,3.090024709701538,10.0,0.0,0.5,0.0,nan,nan,nan,nan,nan,nan,nan,nan,nan,nan,0.023154539583525417,0.10719313347248358,-0.00036835221983095873,0,0,-0.04975811019539833,3.0073490142822266,10.004406929016113,0.015359578654170036,0.48584485054016113,-0.002331673400476575,-13,0,-1001,0,2,-3,0.0020253534894436598,-0.011008420027792454,0.03689296543598175,-0.002286687260493636,3135,3135,0.01994776725769043,12.312,28.75,94,6,10,1.21,831,0.003269235836341977,0.0004372055409476161,0.0064817615784704685,1500,1500,1000,1500,1800,1000,1000,1800
1783904321.5163,6.2000,0.02000,50.00,311,65819,0.800,GUIDED,GUIDED,128,0.0,3.100024700164795,10.0,0.0,0.5,0.0,nan,nan,nan,nan,nan,nan,nan,nan,nan,nan,0.023362397537641407,0.10676232930708611,-0.0003216225288460127,0,0,-0.04970642551779747,3.0175673961639404,10.004426956176758,0.01520973164588213,0.4859674870967865,-0.0023702154867351055,-13,0,-1001,0,2,-3,0.0020253534894436598,-0.011008420027792454,0.03689296543598175,-0.002286687260493636,3135,3135,0.01994609832763672,12.312,28.75,94,6,10,1.21,831,0.003269235836341977,0.0004372055409476161,0.0064817615784704685,1500,1500,1000,1500,1800,1000,1000,1800
1783904321.5362,6.2200,0.01999,50.02,312,65839,0.820,GUIDED,GUIDED,128,0.0,3.1100246906280518,10.0,0.0,0.5,0.0,nan,nan,nan,nan,nan,nan,nan,nan,nan,nan,0.023246624487875088,0.1068888328850122,-0.000210139286731823,0,0,-0.049520093947649,3.027517795562744,10.004410743713379,0.015168994665145874,0.48592308163642883,-0.0024252200964838266,-13,0,-1001,0,2,-3,0.0020253534894436598,-0.011008420027792454,0.03689296543598175,-0.002286687260493636,3135,3135,0.019946575164794922,12.312,28.75,94,6,10,1.21,831,0.003269235836341977,0.0004372055409476161,0.0064817615784704685,1500,1500,1000,1500,1800,1000,1000,1800
1783904321.5568,6.2400,0.02051,48.75,313,65859,0.841,GUIDED,GUIDED,128,0.0,3.1200249195098877,10.0,0.0,0.5,0.0,nan,nan,nan,nan,nan,nan,nan,nan,nan,nan,0.02337400391842657,0.10657477062972123,-0.0002627142216645676,0,0,-0.04943494126200676,3.037672996520996,10.00442123413086,0.015046289190649986,0.4860149323940277,-0.0024009225890040398,-13,0,-1001,0,2,-3,0.0019617273937910795,-0.011080294847488403,0.03685245290398598,-0.001896620960906148,3135,3135,0.020445585250854492,12.312,28.75,94,6,10,1.21,831,0.003654003841802478,0.0004370706737972796,0.006601117085665464,1500,1500,1000,1500,1800,1000,1000,1800
1783904321.5763,6.2601,0.01951,51.26,314,65879,0.860,GUIDED,GUIDED,128,0.0,3.1300259828567505,10.0,0.0,0.5,0.0,nan,nan,nan,nan,nan,nan,nan,nan,nan,nan,0.02343289722858165,0.10630605864301383,-0.00033357404194386993,0,0,-0.04933260381221771,3.047790288925171,10.004426002502441,0.014953202567994595,0.48610296845436096,-0.002362764673307538,-13,0,-1001,0,2,-3,0.0019617273937910795,-0.011080294847488403,0.03685245290398598,-0.001896620960906148,3135,3135,0.019455909729003906,12.312,28.75,94,6,10,1.21,831,0.003654003841802478,0.0004370706737972796,0.006601117085665464,1500,1500,1000,1500,1800,1000,1000,1800
1783904321.5963,6.2801,0.01999,50.02,315,65899,0.880,GUIDED,GUIDED,128,0.0,3.1400253772735596,10.0,0.0,0.5,0.0,nan,nan,nan,nan,nan,nan,nan,nan,nan,nan,0.023237424576471717,0.10650952025269633,-0.00033303685854972707,0,0,-0.04912678152322769,3.057694673538208,10.004409790039062,0.014947227202355862,0.4860403537750244,-0.002353714546188712,-13,0,-1001,0,2,-3,0.0019617273937910795,-0.011080294847488403,0.03685245290398598,-0.001896620960906148,3135,3135,0.01994156837463379,12.312,28.75,94,6,10,1.21,831,0.003654003841802478,0.0004370706737972796,0.006601117085665464,1500,1500,1000,1500,1800,1000,1000,1800
1783904321.6163,6.3001,0.02002,49.96,316,65919,0.900,GUIDED,GUIDED,128,0.0,3.1500301361083984,10.0,0.0,0.5,0.0,nan,nan,nan,nan,nan,nan,nan,nan,nan,nan,0.02328855623372201,0.10637704421144864,-0.00038760444269497416,0,0,-0.04899989813566208,3.067760467529297,10.004419326782227,0.014844450168311596,0.486081600189209,-0.00232771597802639,-13,0,-1001,0,2,-3,0.0019617273937910795,-0.011080294847488403,0.03685245290398598,-0.001896620960906148,3135,3135,0.01996326446533203,12.312,28.75,94,6,10,1.21,831,0.003654003841802478,0.0004370706737972796,0.006601117085665464,1500,1500,1000,1500,1800,1000,1000,1800
1783904321.6363,6.3201,0.02003,49.93,317,65939,0.920,GUIDED,GUIDED,128,0.0,3.160031795501709,10.0,0.0,0.5,0.0,nan,nan,nan,nan,nan,nan,nan,nan,nan,nan,0.02307347145120066,0.10670417026421947,-0.00034781481496391504,0,0,-0.04878121614456177,3.077639102935791,10.004399299621582,0.014842373318970203,0.48596376180648804,-0.002339125843718648,-13,0,-1001,0,2,-3,0.0019617273937910795,-0.011080294847488403,0.03685245290398598,-0.001896620960906148,3135,3135,0.019962310791015625,12.312,28.75,94,6,10,1.21,831,0.003654003841802478,0.0004370706737972796,0.006601117085665464,1500,1500,1000,1500,1800,1000,1000,1800
1783904321.6563,6.3401,0.02000,50.00,318,65959,0.940,GUIDED,GUIDED,128,0.0,3.1700319051742554,10.0,0.0,0.5,0.0,nan,nan,nan,nan,nan,nan,nan,nan,nan,nan,0.02300376355258233,0.10670134312822578,-0.000280598160513036,0,0,-0.04862763360142708,3.0876553058624268,10.004400253295898,0.014793948270380497,0.4859561026096344,-0.0023784840013831854,-13,0,-1001,0,2,-3,0.0019617273937910795,-0.011080294847488403,0.03685245290398598,-0.001896620960906148,3135,3135,0.019936084747314453,12.312,28.75,94,6,10,1.21,831,0.003654003841802478,0.0004370706737972796,0.006601117085665464,1500,1500,1000,1500,1800,1000,1000,1800
1783904321.6763,6.3601,0.02000,50.00,319,65979,0.960,GUIDED,GUIDED,128,0.0,3.180031895637512,10.0,0.0,0.5,0.0,nan,nan,nan,nan,nan,nan,nan,nan,nan,nan,0.022943297545291407,0.10672780582934147,-0.0001078925040928205,0,0,-0.0484619177877903,3.097641944885254,10.004396438598633,0.01473318226635456,0.4859485328197479,-0.0024759932421147823,-13,0,-1001,0,2,-3,0.0019617273937910795,-0.011080294847488403,0.03685245290398598,-0.001896620960906148,3135,3135,0.019934415817260742,12.312,28.75,94,6,10,1.21,831,0.003654003841802478,0.0004370706737972796,0.006601117085665464,1500,1500,1000,1500,1800,1000,1000,1800
1783904321.6963,6.3801,0.01997,50.07,320,65999,0.980,GUIDED,GUIDED,128,0.0,3.1900302171707153,10.0,0.0,0.5,0.0,nan,nan,nan,nan,nan,nan,nan,nan,nan,nan,0.022673242825898388,0.10714623685991506,3.971994505077257e-05,0,0,-0.04822827875614166,3.1074814796447754,10.004372596740723,0.014754206873476505,0.4857986271381378,-0.002547452226281166,-13,0,-1001,0,2,-3,0.0019617273937910795,-0.011080294847488403,0.03685245290398598,-0.001896620960906148,3135,3135,0.019921541213989258,12.312,28.75,94,6,10,1.21,831,0.003654003841802478,0.0004370706737972796,0.006601117085665464,1500,1500,1000,1500,1800,1000,1000,1800
1783904321.7163,6.4001,0.02003,49.91,321,66019,0.000,GUIDED,GUIDED,128,0.0,3.200030565261841,10.0,0.0,0.5,0.0,nan,nan,nan,nan,nan,nan,nan,nan,nan,nan,0.0229320237716844,0.10669786109823134,-5.612934469333489e-05,0,0,-0.04820942133665085,3.117696523666382,10.00439167022705,0.014593912288546562,0.4859335422515869,-0.0025031256955116987,-13,0,-1001,0,2,-3,0.0019617273937910795,-0.011080294847488403,0.03685245290398598,-0.001896620960906148,3135,3135,0.019947290420532227,12.312,28.75,94,6,10,1.21,831,0.003654003841802478,0.0004370706737972796,0.006601117085665464,1500,1500,1000,1500,1800,1000,1000,1800
1783904321.7363,6.4201,0.01997,50.09,322,66039,0.020,GUIDED,GUIDED,128,0.0,3.210030436515808,10.0,0.0,0.5,0.0,nan,nan,nan,nan,nan,nan,nan,nan,nan,nan,0.022808563724818688,0.10683461835389638,-0.00023629187437709375,0,0,-0.04804493859410286,3.1276450157165527,10.004374504089355,0.014570227824151516,0.48588424921035767,-0.002389197936281562,-13,0,-1001,0,2,-3,0.0019617273937910795,-0.011080294847488403,0.03685245290398598,-0.001896620960906148,3135,3135,0.0199127197265625,12.312,28.75,94,6,10,1.21,831,0.003654003841802478,0.0004370706737972796,0.006601117085665464,1500,1500,1000,1500,1800,1000,1000,1800
1783904321.7563,6.4401,0.01999,50.03,323,66059,0.040,GUIDED,GUIDED,128,0.0,3.2200251817703247,10.0,0.0,0.5,0.0,nan,nan,nan,nan,nan,nan,nan,nan,nan,nan,0.022949968284346294,0.10656322800685591,-0.0003987907607765498,0,0,-0.04798995330929756,3.137796401977539,10.004387855529785,0.014456842094659805,0.4859504997730255,-0.002303087618201971,-13,0,-1001,0,2,-3,0.0019617273937910795,-0.011080294847488403,0.03685245290398598,-0.001896620960906148,3135,3135,0.019936323165893555,12.312,28.75,94,6,10,1.21,831,0.003654003841802478,0.0004370706737972796,0.006601117085665464,1500,1500,1000,1500,1800,1000,1000,1800
1783904321.7763,6.4601,0.02001,49.97,324,66079,0.060,GUIDED,GUIDED,128,0.0,3.2300304174423218,10.0,0.0,0.5,0.0,nan,nan,nan,nan,nan,nan,nan,nan,nan,nan,0.02310550243487312,0.10634452101970747,-0.000548923987206195,0,0,-0.04791681468486786,3.1479098796844482,10.004396438598633,0.014324817806482315,0.4860142767429352,-0.0022213635966181755,-13,0,-1001,0,2,-3,0.0019617273937910795,-0.011080294847488403,0.03685245290398598,-0.001896620960906148,3135,3135,0.019957304000854492,12.312,28.75,94,6,10,1.21,831,0.003654003841802478,0.0004370706737972796,0.006601117085665464,1500,1500,1000,1500,1800,1000,1000,1800
1783904321.7967,6.4801,0.02044,48.92,325,66099,0.080,GUIDED,GUIDED,128,0.0,3.2400258779525757,10.0,0.0,0.5,0.0,nan,nan,nan,nan,nan,nan,nan,nan,nan,nan,0.022930155593220272,0.10660421925229371,-0.0005330920053001433,0,0,-0.04773135855793953,3.157810926437378,10.004383087158203,0.0143189812079072,0.4859188497066498,-0.0022227957379072905,-13,0,-1001,0,0,-3,0.0019038101891055703,-0.01112107653170824,0.03668753057718277,-0.0019365872722119093,3135,3135,0.019948959350585938,12.312,28.78,94,6,10,1.21,831,0.0038103912957012653,0.00043027353240177035,0.0061475615948438644,1500,1500,1000,1500,1800,1000,1000,1800
1783904321.8163,6.5001,0.01955,51.15,326,66119,0.100,GUIDED,GUIDED,128,0.0,3.2500250339508057,10.0,0.0,0.5,0.0,nan,nan,nan,nan,nan,nan,nan,nan,nan,nan,0.022928442237381542,0.10650772545531492,-0.000535752972007131,0,0,-0.04763191565871239,3.1678714752197266,10.00439739227295,0.014262557029724121,0.4859391152858734,-0.0022295184899121523,-13,0,-1001,0,0,-3,0.0019038101891055703,-0.01112107653170824,0.03668753057718277,-0.0019365872722119093,3135,3135,0.01949906349182129,12.312,28.78,94,6,10,1.21,831,0.0038103912957012653,0.00043027353240177035,0.0061475615948438644,1500,1500,1000,1500,1800,1000,1000,1800
1783904321.8363,6.5200,0.01999,50.02,327,66139,0.120,GUIDED,GUIDED,128,0.0,3.2600213289260864,10.0,0.0,0.5,0.0,nan,nan,nan,nan,nan,nan,nan,nan,nan,nan,0.022742917423936075,0.10680833039015619,-0.0004817299642596584,0,0,-0.04743228107690811,3.177745819091797,10.004380226135254,0.01425441075116396,0.4858359694480896,-0.002250797813758254,-13,0,-1001,0,0,-3,0.0019038101891055703,-0.01112107653170824,0.03668753057718277,-0.0019365872722119093,3135,3135,0.019938230514526367,12.312,28.78,94,6,10,1.21,831,0.0038103912957012653,0.00043027353240177035,0.0061475615948438644,1500,1500,1000,1500,1800,1000,1000,1800
1783904321.8563,6.5401,0.02004,49.89,328,66159,0.140,GUIDED,GUIDED,128,0.0,3.270031690597534,10.0,0.0,0.5,0.0,nan,nan,nan,nan,nan,nan,nan,nan,nan,nan,0.02275930390135736,0.10678364788403907,-0.00045355275532096666,0,0,-0.04730483889579773,3.1877570152282715,10.004385948181152,0.01417137123644352,0.4858497381210327,-0.0022703695576637983,-13,0,-1001,0,0,-3,0.0019038101891055703,-0.01112107653170824,0.03668753057718277,-0.0019365872722119093,3135,3135,0.019979000091552734,12.312,28.78,94,6,10,1.21,831,0.0038103912957012653,0.00043027353240177035,0.0061475615948438644,1500,1500,1000,1500,1800,1000,1000,1800
1783904321.8763,6.5601,0.02000,50.00,329,66179,0.160,GUIDED,GUIDED,128,0.0,3.280031442642212,10.0,0.0,0.5,0.0,nan,nan,nan,nan,nan,nan,nan,nan,nan,nan,0.022733410407634443,0.10682420975552478,-0.0005192194860787155,0,0,-0.04716474935412407,3.1977391242980957,10.004386901855469,0.014105440117418766,0.4858365058898926,-0.0022330074571073055,-13,0,-1001,0,0,-3,0.0019038101891055703,-0.01112107653170824,0.03668753057718277,-0.0019365872722119093,3135,3135,0.019934654235839844,12.312,28.78,94,6,10,1.21,831,0.0038103912957012653,0.00043027353240177035,0.0061475615948438644,1500,1500,1000,1500,1800,1000,1000,1800
1783904321.8963,6.5801,0.01997,50.06,330,66199,0.180,GUIDED,GUIDED,128,0.0,3.290030002593994,10.0,0.0,0.5,0.0,nan,nan,nan,nan,nan,nan,nan,nan,nan,nan,0.022516941610765576,0.10722997671387251,-0.0005353548965626696,0,0,-0.04694995656609535,3.207575559616089,10.004364967346191,0.014106407761573792,0.48569583892822266,-0.002211027778685093,-13,0,-1001,0,0,-3,0.0019038101891055703,-0.01112107653170824,0.03668753057718277,-0.0019365872722119093,3135,3135,0.019921541213989258,12.312,28.78,94,6,10,1.21,831,0.0038103912957012653,0.00043027353240177035,0.0061475615948438644,1500,1500,1000,1500,1800,1000,1000,1800
1783904321.9163,6.6001,0.02000,50.00,331,66219,0.200,GUIDED,GUIDED,128,0.0,3.3000295162200928,10.0,0.0,0.5,0.0,nan,nan,nan,nan,nan,nan,nan,nan,nan,nan,0.022697427643293567,0.10678744247346188,-0.0006117661615810295,0,0,-0.04687931388616562,3.2177889347076416,10.00438117980957,0.01396141853183508,0.48582786321640015,-0.0021762719843536615,-13,0,-1001,0,0,-3,0.0019038101891055703,-0.01112107653170824,0.03668753057718277,-0.0019365872722119093,3135,3135,0.019945859909057617,12.312,28.78,94,6,10,1.21,831,0.0038103912957012653,0.00043027353240177035,0.0061475615948438644,1500,1500,1000,1500,1800,1000,1000,1800
1783904321.9363,6.6201,0.02000,50.00,332,66239,0.220,GUIDED,GUIDED,128,0.0,3.310029983520508,10.0,0.0,0.5,0.0,nan,nan,nan,nan,nan,nan,nan,nan,nan,nan,0.022590706942646456,0.10693873038302573,-0.0006003812972939062,0,0,-0.04669753089547157,3.2277355194091797,10.004364967346191,0.013918081298470497,0.48577162623405457,-0.002173484768718481,-13,0,-1001,0,0,-3,0.0019038101891055703,-0.01112107653170824,0.03668753057718277,-0.0019365872722119093,3135,3135,0.01994800567626953,12.312,28.78,94,6,10,1.21,831,0.0038103912957012653,0.00043027353240177035,0.0061475615948438644,1500,1500,1000,1500,1800,1000,1000,1800
1783904321.9563,6.6401,0.02002,49.95,333,66259,0.240,GUIDED,GUIDED,128,0.0,3.3200258016586304,10.0,0.0,0.5,0.0,nan,nan,nan,nan,nan,nan,nan,nan,nan,nan,0.022690099810180327,0.10662983860023258,-0.0004861104877429759,0,0,-0.04659871757030487,3.2378854751586914,10.004372596740723,0.01380364689975977,0.4858609735965729,-0.002243863884359598,-13,0,-1001,0,0,-3,0.0019038101891055703,-0.01112107653170824,0.03668753057718277,-0.0019365872722119093,3135,3135,0.01995563507080078,12.312,28.78,94,6,10,1.21,831,0.0038103912957012653,0.00043027353240177035,0.0061475615948438644,1500,1500,1000,1500,1800,1000,1000,1800
1783904321.9763,6.6601,0.02000,50.00,334,66279,0.260,GUIDED,GUIDED,128,0.0,3.3300284147262573,10.0,0.0,0.5,0.0,nan,nan,nan,nan,nan,nan,nan,nan,nan,nan,0.022743716646444638,0.10643106401197044,-0.000393104428737797,0,0,-0.046486109495162964,3.2479970455169678,10.004373550415039,0.013707676902413368,0.48591282963752747,-0.0022981115616858006,-13,0,-1001,0,0,-3,0.0019038101891055703,-0.01112107653170824,0.03668753057718277,-0.0019365872722119093,3135,3135,0.019936561584472656,12.312,28.78,94,6,10,1.21,831,0.0038103912957012653,0.00043027353240177035,0.0061475615948438644,1500,1500,1000,1500,1800,1000,1000,1800
1783904321.9963,6.6801,0.02000,50.00,335,66299,0.280,GUIDED,GUIDED,128,0.0,3.3400286436080933,10.0,0.0,0.5,0.0,nan,nan,nan,nan,nan,nan,nan,nan,nan,nan,0.02257369711802803,0.10666046639806609,-0.0002621399576835026,0,0,-0.04628873988986015,3.257896661758423,10.004349708557129,0.013691886328160763,0.48583847284317017,-0.0023599588312208652,-13,0,-1001,0,0,-3,0.0019038101891055703,-0.01112107653170824,0.03668753057718277,-0.0019365872722119093,3135,3135,0.019936800003051758,12.312,28.78,94,6,10,1.21,831,0.0038103912957012653,0.00043027353240177035,0.0061475615948438644,1500,1500,1000,1500,1800,1000,1000,1800
1783904322.0163,6.7001,0.01998,50.05,336,66319,0.300,GUIDED,GUIDED,128,0.0,3.350029945373535,10.0,0.0,0.5,0.0,nan,nan,nan,nan,nan,nan,nan,nan,nan,nan,0.022570602377592515,0.10654917246715881,-0.00019336708296430194,0,0,-0.04615598917007446,3.267955780029297,10.004344940185547,0.013617029413580894,0.4858693480491638,-0.002396911848336458,-13,0,-1001,0,0,-3,0.0019038101891055703,-0.01112107653170824,0.03668753057718277,-0.0019365872722119093,3135,3135,0.019927024841308594,12.312,28.78,94,6,10,1.21,831,0.0038103912957012653,0.00043027353240177035,0.0061475615948438644,1500,1500,1000,1500,1800,1000,1000,1800
1783904322.0363,6.7201,0.02002,49.95,337,66339,0.320,GUIDED,GUIDED,128,0.0,3.3600293397903442,10.0,0.0,0.5,0.0,nan,nan,nan,nan,nan,nan,nan,nan,nan,nan,0.02234830458173738,0.10687696815595242,1.2935975014801045e-05,0,0,-0.04594755917787552,3.2778286933898926,10.004316329956055,0.013625035993754864,0.4857531189918518,-0.0024995028506964445,-13,0,-1001,0,0,-3,0.0019038101891055703,-0.01112107653170824,0.03668753057718277,-0.0019365872722119093,3135,3135,0.019957780838012695,12.312,28.78,94,6,10,1.21,831,0.0038103912957012653,0.00043027353240177035,0.0061475615948438644,1500,1500,1000,1500,1800,1000,1000,1800
1783904322.0568,6.7400,0.02051,48.76,338,66359,0.341,GUIDED,GUIDED,128,0.0,3.3700239658355713,10.0,0.0,0.5,0.0,nan,nan,nan,nan,nan,nan,nan,nan,nan,nan,0.02227618668775976,0.10685050430816935,9.661156345317726e-05,0,0,-0.045791592448949814,3.2878382205963135,10.004302024841309,0.013576625846326351,0.48575979471206665,-0.002539553912356496,-13,0,-1000,1,0,-3,0.0019488570978865027,-0.011071445420384407,0.036601707339286804,-0.001693823141977191,3135,3135,0.020444393157958984,12.312,28.78,94,6,10,1.21,831,0.0033411881886422634,0.00022294816153589636,0.006244676653295755,1500,1500,1000,1500,1800,1000,1000,1800
1783904322.0763,6.7601,0.01947,51.36,339,66379,0.360,GUIDED,GUIDED,128,0.0,3.3800299167633057,10.0,0.0,0.5,0.0,nan,nan,nan,nan,nan,nan,nan,nan,nan,nan,0.022188215933654897,0.10692942122536812,0.0001394731427432714,0,0,-0.0456259623169899,3.297818422317505,10.004284858703613,0.013531789183616638,0.4857290983200073,-0.0025543891824781895,-13,0,-1000,1,0,-3,0.0019488570978865027,-0.011071445420384407,0.036601707339286804,-0.001693823141977191,3135,3135,0.019416332244873047,12.312,28.78,94,6,10,1.21,831,0.0033411881886422634,0.00022294816153589636,0.006244676653295755,1500,1500,1000,1500,1800,1000,1000,1800
1783904322.0963,6.7801,0.02002,49.95,340,66399,0.380,GUIDED,GUIDED,128,0.0,3.3900299072265625,10.0,0.0,0.5,0.0,nan,nan,nan,nan,nan,nan,nan,nan,nan,nan,0.021907391079256964,0.10735183636888097,0.00016744698902353486,0,0,-0.045404933393001556,3.307652235031128,10.004250526428223,0.01356631238013506,0.4855811595916748,-0.002550718141719699,-13,0,-1000,1,0,-3,0.0019488570978865027,-0.011071445420384407,0.036601707339286804,-0.001693823141977191,3135,3135,0.019958972930908203,12.312,28.78,94,6,10,1.21,831,0.0033411881886422634,0.00022294816153589636,0.006244676653295755,1500,1500,1000,1500,1800,1000,1000,1800
1783904322.1163,6.8001,0.02000,49.99,341,66419,0.400,GUIDED,GUIDED,128,0.0,3.400030016899109,10.0,0.0,0.5,0.0,nan,nan,nan,nan,nan,nan,nan,nan,nan,nan,0.02208066288765052,0.10693496539818209,0.00019119596435858074,0,0,-0.04533552750945091,3.3178653717041016,10.004252433776855,0.013426202349364758,0.4856988489627838,-0.002565530827268958,-13,0,-1000,1,0,-3,0.0019488570978865027,-0.011071445420384407,0.036601707339286804,-0.001693823141977191,3135,3135,0.019941329956054688,12.312,28.78,94,6,10,1.21,831,0.0033411881886422634,0.00022294816153589636,0.006244676653295755,1500,1500,1000,1500,1800,1000,1000,1800
1783904322.1363,6.8201,0.02000,49.99,342,66439,0.420,GUIDED,GUIDED,128,0.0,3.4100310802459717,10.0,0.0,0.5,0.0,nan,nan,nan,nan,nan,nan,nan,nan,nan,nan,0.02195182751871166,0.10711361744954427,0.00022211863974523367,0,0,-0.04515983164310455,3.3278098106384277,10.00422477722168,0.013399147428572178,0.4856283962726593,-0.0025674165226519108,-13,0,-1000,1,0,-3,0.0019488570978865027,-0.011071445420384407,0.036601707339286804,-0.001693823141977191,3135,3135,0.019939184188842773,12.312,28.78,94,6,10,1.21,831,0.0033411881886422634,0.00022294816153589636,0.006244676653295755,1500,1500,1000,1500,1800,1000,1000,1800
1783904322.1563,6.8401,0.02000,50.00,343,66459,0.440,GUIDED,GUIDED,128,0.0,3.4200313091278076,10.0,0.0,0.5,0.0,nan,nan,nan,nan,nan,nan,nan,nan,nan,nan,0.022006484462460427,0.10682343976404601,0.000317684126212755,0,0,-0.04506302997469902,3.337958574295044,10.004218101501465,0.013311702758073807,0.48571017384529114,-0.0026187370531260967,-13,0,-1000,1,0,-3,0.0019488570978865027,-0.011071445420384407,0.036601707339286804,-0.001693823141977191,3135,3135,0.01993536949157715,12.312,28.78,94,6,10,1.21,831,0.0033411881886422634,0.00022294816153589636,0.006244676653295755,1500,1500,1000,1500,1800,1000,1000,1800
1783904322.1763,6.8601,0.02000,50.00,344,66479,0.460,GUIDED,GUIDED,128,0.0,3.430031418800354,10.0,0.0,0.5,0.0,nan,nan,nan,nan,nan,nan,nan,nan,nan,nan,0.02208429206294046,0.10704115728911875,0.0004578684308468089,0,0,-0.04496384039521217,3.347663640975952,10.004207611083984,0.013209513388574123,0.4857548177242279,-0.0026936158537864685,-13,0,-1000,1,0,-3,0.0019488570978865027,-0.011071445420384407,0.036601707339286804,-0.001693823141977191,3135,3135,0.019936084747314453,12.312,28.78,94,6,10,1.21,831,0.0033411881886422634,0.00022294816153589636,0.006244676653295755,1500,1500,1000,1500,1800,1000,1000,1800
1783904322.1963,6.8801,0.02000,50.00,345,66499,0.480,GUIDED,GUIDED,128,0.0,3.4400317668914795,10.0,0.0,0.5,0.0,nan,nan,nan,nan,nan,nan,nan,nan,nan,nan,0.021862858535401,0.10726416490170312,0.00035983284561823346,0,0,-0.04477287828922272,3.357560634613037,10.004175186157227,0.01322710607200861,0.4856857359409332,-0.0026182944420725107,-13,0,-1000,1,0,-3,0.0019488570978865027,-0.011071445420384407,0.036601707339286804,-0.001693823141977191,3135,3135,0.019936323165893555,12.312,28.78,94,6,10,1.21,831,0.0033411881886422634,0.00022294816153589636,0.006244676653295755,1500,1500,1000,1500,1800,1000,1000,1800
1783904322.2163,6.9001,0.01999,50.03,346,66519,0.500,GUIDED,GUIDED,128,0.0,3.450029969215393,10.0,0.0,0.5,0.0,nan,nan,nan,nan,nan,nan,nan,nan,nan,nan,0.021874116387430455,0.10715635654222351,0.00017469459137077568,0,0,-0.04464346915483475,3.367617607116699,10.004161834716797,0.013145891949534416,0.48571404814720154,-0.0025036963634192944,-13,0,-1000,1,0,-3,0.0019488570978865027,-0.011071445420384407,0.036601707339286804,-0.001693823141977191,3135,3135,0.019919633865356445,12.312,28.78,94,6,10,1.21,831,0.0033411881886422634,0.00022294816153589636,0.006244676653295755,1500,1500,1000,1500,1800,1000,1000,1800
1783904322.2363,6.9201,0.01998,50.04,347,66539,0.520,GUIDED,GUIDED,128,0.0,3.46002995967865,10.0,0.0,0.5,0.0,nan,nan,nan,nan,nan,nan,nan,nan,nan,nan,0.021665190094178742,0.10742276339996677,4.9314978373563544e-05,0,0,-0.04444162920117378,3.377488136291504,10.004129409790039,0.013149983249604702,0.485634982585907,-0.002412587869912386,-13,0,-1000,1,0,-3,0.0019488570978865027,-0.011071445420384407,0.036601707339286804,-0.001693823141977191,3135,3135,0.019931316375732422,12.312,28.78,94,6,10,1.21,831,0.0033411881886422634,0.00022294816153589636,0.006244676653295755,1500,1500,1000,1500,1800,1000,1000,1800
1783904322.2563,6.9401,0.02000,50.01,348,66559,0.540,GUIDED,GUIDED,128,0.0,3.470027804374695,10.0,0.0,0.5,0.0,nan,nan,nan,nan,nan,nan,nan,nan,nan,nan,0.02159725459809042,0.10743647494535798,-3.383166402166817e-05,0,0,-0.044290367513895035,3.387495756149292,10.004114151000977,0.013101874850690365,0.4856214225292206,-0.0023557734675705433,-13,0,-1000,1,0,-3,0.0019488570978865027,-0.011071445420384407,0.036601707339286804,-0.001693823141977191,3135,3135,0.019944190979003906,12.312,28.78,94,6,10,1.21,831,0.0033411881886422634,0.00022294816153589636,0.006244676653295755,1500,1500,1000,1500,1800,1000,1000,1800
1783904322.2763,6.9601,0.02003,49.93,349,66579,0.560,GUIDED,GUIDED,128,0.0,3.480031132698059,10.0,0.0,0.5,0.0,nan,nan,nan,nan,nan,nan,nan,nan,nan,nan,0.021518464157033314,0.10752041859590666,-0.00010918523627926648,0,0,-0.04413016885519028,3.3974735736846924,10.004096031188965,0.013054873794317245,0.4855876863002777,-0.0023018065840005875,-13,0,-1000,1,0,-3,0.0019488570978865027,-0.011071445420384407,0.036601707339286804,-0.001693823141977191,3135,3135,0.019964218139648438,12.312,28.78,94,6,10,1.21,831,0.0033411881886422634,0.00022294816153589636,0.006244676653295755,1500,1500,1000,1500,1800,1000,1000,1800
1783904322.2967,6.9801,0.02041,48.99,350,66599,0.580,GUIDED,GUIDED,128,0.0,3.4900310039520264,10.0,0.0,0.5,0.0,nan,nan,nan,nan,nan,nan,nan,nan,nan,nan,0.021275511345465004,0.10796081061053861,-0.00016911083779776702,0,0,-0.043917156755924225,3.4073052406311035,10.00406551361084,0.013072160072624683,0.4854305386543274,-0.002249589189887047,-13,0,-1001,0,0,-3,0.0018810859182849526,-0.01107939425855875,0.0364081934094429,-0.0015546568902209401,3135,3135,0.019935131072998047,12.312,28.78,94,6,10,1.21,831,0.0035550417378544807,0.00024336902424693108,0.006328982301056385,1500,1500,1000,1500,1800,1000,1000,1800
1783904322.3163,7.0001,0.01959,51.06,351,66619,0.600,GUIDED,GUIDED,128,0.0,3.5000295639038086,10.0,0.0,0.5,0.0,nan,nan,nan,nan,nan,nan,nan,nan,nan,nan,0.021486269007985715,0.10751538596456578,-0.0002871383108840513,0,0,-0.043863095343112946,3.417522668838501,10.004072189331055,0.01291926670819521,0.485561341047287,-0.002185300225391984,-13,0,-1001,0,0,-3,0.0018810859182849526,-0.01107939425855875,0.0364081934094429,-0.0015546568902209401,3135,3135,0.019520998001098633,12.312,28.78,94,6,10,1.21,831,0.0035550417378544807,0.00024336902424693108,0.006328982301056385,1500,1500,1000,1500,1800,1000,1000,1800
1783904322.3363,7.0201,0.02000,50.00,352,66639,0.620,GUIDED,GUIDED,128,0.0,3.5100314617156982,10.0,0.0,0.5,0.0,nan,nan,nan,nan,nan,nan,nan,nan,nan,nan,0.021418883686233705,0.10765188115237566,-0.0003254455439588603,0,0,-0.043700408190488815,3.4274678230285645,10.004053115844727,0.012864244170486927,0.485515296459198,-0.002152171451598406,-13,0,-1001,0,0,-3,0.0018810859182849526,-0.01107939425855875,0.0364081934094429,-0.0015546568902209401,3135,3135,0.01993727684020996,12.312,28.78,94,6,10,1.21,831,0.0035550417378544807,0.00024336902424693108,0.006328982301056385,1500,1500,1000,1500,1800,1000,1000,1800
1783904322.3563,7.0401,0.01997,50.09,353,66659,0.640,GUIDED,GUIDED,128,0.0,3.5200254917144775,10.0,0.0,0.5,0.0,nan,nan,nan,nan,nan,nan,nan,nan,nan,nan,0.021493797414185303,0.10736229148665342,-0.0003397346995856897,0,0,-0.04361953213810921,3.4376206398010254,10.004054069519043,0.012774298898875713,0.4855908155441284,-0.0021444722078740597,-13,0,-1001,0,0,-3,0.0018810859182849526,-0.01107939425855875,0.0364081934094429,-0.0015546568902209401,3135,3135,0.0199124813079834,12.312,28.78,94,6,10,1.21,831,0.0035550417378544807,0.00024336902424693108,0.006328982301056385,1500,1500,1000,1500,1800,1000,1000,1800
1783904322.3763,7.0601,0.02004,49.90,354,66679,0.660,GUIDED,GUIDED,128,0.0,3.5300300121307373,10.0,0.0,0.5,0.0,nan,nan,nan,nan,nan,nan,nan,nan,nan,nan,0.021588488386471094,0.10716594299780956,-0.00030871261472198647,0,0,-0.043525464832782745,3.4477341175079346,10.004051208496094,0.012665319256484509,0.4856412708759308,-0.002160731004551053,-13,0,-1001,0,0,-3,0.0018810859182849526,-0.01107939425855875,0.0364081934094429,-0.0015546568902209401,3135,3135,0.019956111907958984,12.312,28.78,94,6,10,1.21,831,0.0035550417378544807,0.00024336902424693108,0.006328982301056385,1500,1500,1000,1500,1800,1000,1000,1800
1783904322.3963,7.0800,0.01997,50.07,355,66699,0.680,GUIDED,GUIDED,128,0.0,3.5400246381759644,10.0,0.0,0.5,0.0,nan,nan,nan,nan,nan,nan,nan,nan,nan,nan,0.021383854978792284,0.10744743050544577,-0.00029338098879107396,0,0,-0.04334802180528641,3.4576315879821777,10.0040283203125,0.012681017629802227,0.4855348467826843,-0.002156368223950267,-13,0,-1001,0,0,-3,0.0018810859182849526,-0.01107939425855875,0.0364081934094429,-0.0015546568902209401,3135,3135,0.019921064376831055,12.312,28.78,94,6,10,1.21,831,0.0035550417378544807,0.00024336902424693108,0.006328982301056385,1500,1500,1000,1500,1800,1000,1000,1800
1783904322.4163,7.1000,0.01998,50.05,356,66719,0.700,GUIDED,GUIDED,128,0.0,3.550024628639221,10.0,0.0,0.5,0.0,nan,nan,nan,nan,nan,nan,nan,nan,nan,nan,0.021436777957021067,0.10735677081756553,-0.00035599051157524575,0,0,-0.043234605342149734,3.467691421508789,10.004023551940918,0.012584981508553028,0.4855526387691498,-0.0021174675785005093,-13,0,-1001,0,0,-3,0.0018810859182849526,-0.01107939425855875,0.0364081934094429,-0.0015546568902209401,3135,3135,0.019930124282836914,12.312,28.78,94,6,10,1.21,831,0.0035550417378544807,0.00024336902424693108,0.006328982301056385,1500,1500,1000,1500,1800,1000,1000,1800
1783904322.4363,7.1200,0.02000,50.01,357,66739,0.720,GUIDED,GUIDED,128,0.0,3.560024380683899,10.0,0.0,0.5,0.0,nan,nan,nan,nan,nan,nan,nan,nan,nan,nan,0.021266633034571363,0.10765243831356325,-0.00038622944768520713,0,0,-0.043046534061431885,3.4775609970092773,10.003998756408691,0.012574631720781326,0.48545709252357483,-0.0020856934133917093,-13,0,-1001,0,0,-3,0.0018810859182849526,-0.01107939425855875,0.0364081934094429,-0.0015546568902209401,3135,3135,0.019945383071899414,12.312,28.78,94,6,10,1.21,831,0.0035550417378544807,0.00024336902424693108,0.006328982301056385,1500,1500,1000,1500,1800,1000,1000,1800
1783904322.4563,7.1400,0.02001,49.98,358,66759,0.740,GUIDED,GUIDED,128,0.0,3.5700238943099976,10.0,0.0,0.5,0.0,nan,nan,nan,nan,nan,nan,nan,nan,nan,nan,0.02122172522517053,0.10765045764144049,-0.00044987694520123075,0,0,-0.04291149601340294,3.487570285797119,10.003989219665527,0.012522595003247261,0.4854525923728943,-0.0020434404723346233,-13,0,-1001,0,0,-3,0.0018810859182849526,-0.01107939425855875,0.0364081934094429,-0.0015546568902209401,3135,3135,0.01994800567626953,12.312,28.78,94,6,10,1.21,831,0.0035550417378544807,0.00024336902424693108,0.006328982301056385,1500,1500,1000,1500,1800,1000,1000,1800
1783904322.4763,7.1600,0.01999,50.03,359,66779,0.760,GUIDED,GUIDED,128,0.0,3.5800238847732544,10.0,0.0,0.5,0.0,nan,nan,nan,nan,nan,nan,nan,nan,nan,nan,0.021208841558207167,0.10774005998599209,-0.00045792156698884045,0,0,-0.042767807841300964,3.497549533843994,10.003976821899414,0.012447074986994267,0.4854128360748291,-0.002031638054177165,-13,0,-1001,0,0,-3,0.0018810859182849526,-0.01107939425855875,0.0364081934094429,-0.0015546568902209401,3135,3135,0.019936561584472656,12.312,28.78,94,6,10,1.21,831,0.0035550417378544807,0.00024336902424693108,0.006328982301056385,1500,1500,1000,1500,1800,1000,1000,1800
1783904322.4962,7.1800,0.01999,50.03,360,66799,0.780,GUIDED,GUIDED,128,0.0,3.590021014213562,10.0,0.0,0.5,0.0,nan,nan,nan,nan,nan,nan,nan,nan,nan,nan,0.020995759019119393,0.10814029116571372,-0.00043525176456122184,0,0,-0.042569272220134735,3.5073800086975098,10.003951072692871,0.012455473653972149,0.4852779805660248,-0.002029860159382224,-13,0,-1001,0,0,-3,0.0018810859182849526,-0.01107939425855875,0.0364081934094429,-0.0015546568902209401,3135,3135,0.019939184188842773,12.312,28.78,94,6,10,1.21,831,0.0035550417378544807,0.00024336902424693108,0.006328982301056385,1500,1500,1000,1500,1800,1000,1000,1800
1783904322.5162,7.2000,0.02000,50.01,361,66819,0.800,GUIDED,GUIDED,128,0.0,3.6000211238861084,10.0,0.0,0.5,0.0,nan,nan,nan,nan,nan,nan,nan,nan,nan,nan,0.021265818027003718,0.10769045806936227,-0.000302028666403038,0,0,-0.0425487719476223,3.5176002979278564,10.003958702087402,0.012287719175219536,0.48541057109832764,-0.0021111813839524984,-13,0,-1001,0,0,-3,0.0018810859182849526,-0.01107939425855875,0.0364081934094429,-0.0015546568902209401,3135,3135,0.01995110511779785,12.312,28.78,94,6,10,1.21,831,0.0035550417378544807,0.00024336902424693108,0.006328982301056385,1500,1500,1000,1500,1800,1000,1000,1800
1783904322.5362,7.2200,0.02000,50.00,362,66839,0.820,GUIDED,GUIDED,128,0.0,3.6100223064422607,10.0,0.0,0.5,0.0,nan,nan,nan,nan,nan,nan,nan,nan,nan,nan,0.02117796353866492,0.10784681435981822,-0.0001031110218800437,0,0,-0.0424082949757576,3.527545213699341,10.003937721252441,0.01225733757019043,0.4853527843952179,-0.0022139132488518953,-13,0,-1001,0,0,-3,0.0018810859182849526,-0.01107939425855875,0.0364081934094429,-0.0015546568902209401,3135,3135,0.019953489303588867,12.312,28.78,94,6,10,1.21,831,0.0035550417378544807,0.00024336902424693108,0.006328982301056385,1500,1500,1000,1500,1800,1000,1000,1800
1783904322.5566,7.2400,0.02040,49.02,363,66859,0.840,GUIDED,GUIDED,128,0.0,3.6200242042541504,10.0,0.0,0.5,0.0,nan,nan,nan,nan,nan,nan,nan,nan,nan,nan,0.021317964679350564,0.10757134098214985,-1.7235851217829723e-06,0,0,-0.04235881194472313,3.5376999378204346,10.003934860229492,0.012147938832640648,0.48542359471321106,-0.002270797500386834,-13,0,-1000,1,0,-2,0.0018720136722549796,-0.011069901287555695,0.03639009967446327,-0.0010805571218952537,3135,3135,0.020349502563476562,12.312,28.75,94,6,10,1.21,831,0.0036442908458411694,0.00025040435139089823,0.006412578746676445,1500,1500,1000,1500,1800,1000,1000,1800
1783904322.5763,7.2600,0.01962,50.97,364,66879,0.860,GUIDED,GUIDED,128,0.0,3.6300244331359863,10.0,0.0,0.5,0.0,nan,nan,nan,nan,nan,nan,nan,nan,nan,nan,0.021408810461662556,0.10738131738332948,9.388410539585071e-05,0,0,-0.04229484871029854,3.5478150844573975,10.003926277160645,0.0120585598051548,0.48546695709228516,-0.002321041189134121,-13,0,-1000,1,0,-2,0.0018720136722549796,-0.011069901287555695,0.03639009967446327,-0.0010805571218952537,3135,3135,0.019568204879760742,12.312,28.75,94,6,10,1.21,831,0.0036442908458411694,0.00025040435139089823,0.006412578746676445,1500,1500,1000,1500,1800,1000,1000,1800
1783904322.5963,7.2800,0.01999,50.02,365,66899,0.880,GUIDED,GUIDED,128,0.0,3.640022397041321,10.0,0.0,0.5,0.0,nan,nan,nan,nan,nan,nan,nan,nan,nan,nan,0.0212109585316945,0.10723954184581458,0.00012239916210500783,0,0,-0.04212798923254013,3.5581157207489014,10.003897666931152,0.012076453305780888,0.4853740632534027,-0.0023209862411022186,-13,0,-1000,1,0,-2,0.0018720136722549796,-0.011069901287555695,0.03639009967446327,-0.0010805571218952537,3135,3135,0.019940853118896484,12.312,28.75,94,6,10,1.21,831,0.0036442908458411694,0.00025040435139089823,0.006412578746676445,1500,1500,1000,1500,1800,1000,1000,1800
1783904322.6163,7.3000,0.02003,49.91,366,66919,0.900,GUIDED,GUIDED,128,0.0,3.650024890899658,10.0,0.0,0.5,0.0,nan,nan,nan,nan,nan,nan,nan,nan,nan,nan,0.021259290724389455,0.10713603755177305,7.02695178218006e-05,0,0,-0.042043205350637436,3.5681772232055664,10.003887176513672,0.011999598704278469,0.4853997528553009,-0.0022848325315862894,-13,0,-1000,1,0,-2,0.0018720136722549796,-0.011069901287555695,0.03639009967446327,-0.0010805571218952537,3135,3135,0.019971847534179688,12.312,28.75,94,6,10,1.21,831,0.0036442908458411694,0.00025040435139089823,0.006412578746676445,1500,1500,1000,1500,1800,1000,1000,1800
1783904322.6363,7.3200,0.01999,50.04,367,66939,0.920,GUIDED,GUIDED,128,0.0,3.66002357006073,10.0,0.0,0.5,0.0,nan,nan,nan,nan,nan,nan,nan,nan,nan,nan,0.021056150659807777,0.10745149856026384,-0.00010227713504862073,0,0,-0.041874464601278305,3.5780463218688965,10.003859519958496,0.012019459158182144,0.4852924346923828,-0.0021692451555281878,-13,0,-1000,1,0,-2,0.0018720136722549796,-0.011069901287555695,0.03639009967446327,-0.0010805571218952537,3135,3135,0.019927263259887695,12.312,28.75,94,6,10,1.21,831,0.0036442908458411694,0.00025040435139089823,0.006412578746676445,1500,1500,1000,1500,1800,1000,1000,1800
1783904322.6563,7.3401,0.02003,49.93,368,66959,0.940,GUIDED,GUIDED,128,0.0,3.6700291633605957,10.0,0.0,0.5,0.0,nan,nan,nan,nan,nan,nan,nan,nan,nan,nan,0.02103838974144564,0.10747998888364226,-0.0002009298757520172,0,0,-0.04176567494869232,3.5880565643310547,10.003847122192383,0.011966903693974018,0.4852733016014099,-0.0021051301155239344,-13,0,-1000,1,0,-2,0.0018720136722549796,-0.011069901287555695,0.03639009967446327,-0.0010805571218952537,3135,3135,0.019962549209594727,12.312,28.75,94,6,10,1.21,831,0.0036442908458411694,0.00025040435139089823,0.006412578746676445,1500,1500,1000,1500,1800,1000,1000,1800
1783904322.6763,7.3601,0.02000,50.00,369,66979,0.960,GUIDED,GUIDED,128,0.0,3.6800283193588257,10.0,0.0,0.5,0.0,nan,nan,nan,nan,nan,nan,nan,nan,nan,nan,0.021008073642713385,0.10754520617196689,-0.0002984031084165622,0,0,-0.04164706915616989,3.598036289215088,10.003833770751953,0.011915929615497589,0.485246866941452,-0.002041145460680127,-13,0,-1000,1,0,-2,0.0018720136722549796,-0.011069901287555695,0.03639009967446327,-0.0010805571218952537,3135,3135,0.019934415817260742,12.312,28.75,94,6,10,1.21,831,0.0036442908458411694,0.00025040435139089823,0.006412578746676445,1500,1500,1000,1500,1800,1000,1000,1800
1783904322.6963,7.3801,0.01997,50.07,370,66999,0.980,GUIDED,GUIDED,128,0.0,3.690025210380554,10.0,0.0,0.5,0.0,nan,nan,nan,nan,nan,nan,nan,nan,nan,nan,0.020828668325236454,0.10799089898664799,-0.0004020505757174604,0,0,-0.04146591201424599,3.60786509513855,10.00380802154541,0.011914918199181557,0.485086590051651,-0.0019664382562041283,-13,0,-1000,1,0,-2,0.0018720136722549796,-0.011069901287555695,0.03639009967446327,-0.0010805571218952537,3135,3135,0.019918441772460938,12.312,28.75,94,6,10,1.21,831,0.0036442908458411694,0.00025040435139089823,0.006412578746676445,1500,1500,1000,1500,1800,1000,1000,1800
1783904322.7163,7.4000,0.02002,49.94,371,67019,0.000,GUIDED,GUIDED,128,0.0,3.7000242471694946,10.0,0.0,0.5,0.0,nan,nan,nan,nan,nan,nan,nan,nan,nan,nan,0.021052344344565505,0.10715949769588856,-0.00025595649859146185,0,0,-0.041470106691122055,3.618486166000366,10.003816604614258,0.011788200587034225,0.4852074682712555,-0.002055741148069501,-13,0,-1000,1,0,-2,0.0018720136722549796,-0.011069901287555695,0.03639009967446327,-0.0010805571218952537,3135,3135,0.019939661026000977,12.312,28.75,94,6,10,1.21,831,0.0036442908458411694,0.00025040435139089823,0.006412578746676445,1500,1500,1000,1500,1800,1000,1000,1800
1783904322.7362,7.4200,0.01996,50.10,372,67039,0.020,GUIDED,GUIDED,128,0.0,3.710024356842041,10.0,0.0,0.5,0.0,nan,nan,nan,nan,nan,nan,nan,nan,nan,nan,0.021302628601014232,0.10687322586475795,-0.00015069559417471914,0,0,-0.041462142020463943,3.6286580562591553,10.003819465637207,0.01163910049945116,0.4852735698223114,-0.00211816537193954,-13,0,-1000,1,0,-2,0.0018720136722549796,-0.011069901287555695,0.03639009967446327,-0.0010805571218952537,3135,3135,0.0199129581451416,12.312,28.75,94,6,10,1.21,831,0.0036442908458411694,0.00025040435139089823,0.006412578746676445,1500,1500,1000,1500,1800,1000,1000,1800
1783904322.7563,7.4401,0.02002,49.94,373,67059,0.040,GUIDED,GUIDED,128,0.0,3.7200255393981934,10.0,0.0,0.5,0.0,nan,nan,nan,nan,nan,nan,nan,nan,nan,nan,0.021198437239763782,0.10708172356488757,1.1233239646764488e-05,0,0,-0.04133452847599983,3.6385786533355713,10.00379753112793,0.011625577695667744,0.4851997196674347,-0.002198991132900119,-13,0,-1000,1,0,-2,0.0018720136722549796,-0.011069901287555695,0.03639009967446327,-0.0010805571218952537,3135,3135,0.019967317581176758,12.312,28.75,94,6,10,1.21,831,0.0036442908458411694,0.00025040435139089823,0.006412578746676445,1500,1500,1000,1500,1800,1000,1000,1800
1783904322.7763,7.4600,0.02000,50.00,374,67079,0.060,GUIDED,GUIDED,128,0.0,3.7300232648849487,10.0,0.0,0.5,0.0,nan,nan,nan,nan,nan,nan,nan,nan,nan,nan,0.021366684942084418,0.10693023351846599,0.00012658116331079518,0,0,-0.041297588497400284,3.648688793182373,10.003793716430664,0.01150711253285408,0.4852222800254822,-0.002263384871184826,-13,0,-1000,1,0,-2,0.0018720136722549796,-0.011069901287555695,0.03639009967446327,-0.0010805571218952537,3135,3135,0.019942522048950195,12.312,28.75,94,6,10,1.21,831,0.0036442908458411694,0.00025040435139089823,0.006412578746676445,1500,1500,1000,1500,1800,1000,1000,1800
1783904322.7967,7.4800,0.02043,48.95,375,67099,0.080,GUIDED,GUIDED,128,0.0,3.74002468585968,10.0,0.0,0.5,0.0,nan,nan,nan,nan,nan,nan,nan,nan,nan,nan,0.021277520423737054,0.10715973375790992,0.00012736566166089572,0,0,-0.041162215173244476,3.658580780029297,10.003767967224121,0.011480433866381645,0.4851529598236084,-0.002248971490189433,-13,0,-1001,0,0,-3,0.001803044113330543,-0.011048104614019394,0.036164961755275726,-0.002185738179832697,3135,3135,0.019950151443481445,12.312,28.75,94,6,10,1.21,831,0.0036334062460809946,0.0002531424688640982,0.00651507405564189,1500,1500,1000,1500,1800,1000,1000,1800
1783904322.8163,7.5000,0.01956,51.12,376,67119,0.100,GUIDED,GUIDED,128,0.0,3.7500247955322266,10.0,0.0,0.5,0.0,nan,nan,nan,nan,nan,nan,nan,nan,nan,nan,0.0214534477014734,0.10707945551590009,-5.796809479072457e-05,0,0,-0.04110865667462349,3.668637990951538,10.003761291503906,0.011347940191626549,0.4851663410663605,-0.0021381147671490908,-13,0,-1001,0,0,-3,0.001803044113330543,-0.011048104614019394,0.036164961755275726,-0.002185738179832697,3135,3135,0.019510269165039062,12.312,28.75,94,6,10,1.21,831,0.0036334062460809946,0.0002531424688640982,0.00651507405564189,1500,1500,1000,1500,1800,1000,1000,1800
1783904322.8363,7.5201,0.02003,49.93,377,67139,0.120,GUIDED,GUIDED,128,0.0,3.760028600692749,10.0,0.0,0.5,0.0,nan,nan,nan,nan,nan,nan,nan,nan,nan,nan,0.021549507919945195,0.10707504186435474,-0.00016658553883777292,0,0,-0.04103853553533554,3.6786608695983887,10.003751754760742,0.011251995339989662,0.48515787720680237,-0.0020698984153568745,-13,0,-1001,0,0,-3,0.001803044113330543,-0.011048104614019394,0.036164961755275726,-0.002185738179832697,3135,3135,0.019965410232543945,12.312,28.75,94,6,10,1.21,831,0.0036334062460809946,0.0002531424688640982,0.00651507405564189,1500,1500,1000,1500,1800,1000,1000,1800
1783904322.8563,7.5401,0.01998,50.05,378,67159,0.140,GUIDED,GUIDED,128,0.0,3.7700295448303223,10.0,0.0,0.5,0.0,nan,nan,nan,nan,nan,nan,nan,nan,nan,nan,0.021427518419779957,0.10746343823571058,-0.00020613010402243618,0,0,-0.0408853180706501,3.6885087490081787,10.0037260055542,0.011233965866267681,0.48502200841903687,-0.00203220103867352,-13,0,-1001,0,0,-3,0.001803044113330543,-0.011048104614019394,0.036164961755275726,-0.002185738179832697,3135,3135,0.019925594329833984,12.312,28.75,94,6,10,1.21,831,0.0036334062460809946,0.0002531424688640982,0.00651507405564189,1500,1500,1000,1500,1800,1000,1000,1800
1783904322.8763,7.5601,0.02003,49.93,379,67179,0.160,GUIDED,GUIDED,128,0.0,3.7800313234329224,10.0,0.0,0.5,0.0,nan,nan,nan,nan,nan,nan,nan,nan,nan,nan,0.021455771887317922,0.10757259770142583,-0.00027550288967696486,0,0,-0.04079248756170273,3.6984825134277344,10.003716468811035,0.01116405799984932,0.4849751591682434,-0.00198664260096848,-13,0,-1001,0,0,-3,0.001803044113330543,-0.011048104614019394,0.036164961755275726,-0.002185738179832697,3135,3135,0.019962787628173828,12.312,28.75,94,6,10,1.21,831,0.0036334062460809946,0.0002531424688640982,0.00651507405564189,1500,1500,1000,1500,1800,1000,1000,1800
1783904322.8963,7.5801,0.01997,50.07,380,67199,0.180,GUIDED,GUIDED,128,0.0,3.7900296449661255,10.0,0.0,0.5,0.0,nan,nan,nan,nan,nan,nan,nan,nan,nan,nan,0.021335442861913117,0.10793161430756468,-0.00029608857408945904,0,0,-0.04063454270362854,3.7083070278167725,10.003692626953125,0.011142340488731861,0.48486822843551636,-0.0019609923474490643,-13,0,-1001,0,0,-3,0.001803044113330543,-0.011048104614019394,0.036164961755275726,-0.002185738179832697,3135,3135,0.01992058753967285,12.312,28.75,94,6,10,1.21,831,0.0036334062460809946,0.0002531424688640982,0.00651507405564189,1500,1500,1000,1500,1800,1000,1000,1800
1783904322.9163,7.6001,0.01999,50.02,381,67219,0.200,GUIDED,GUIDED,128,0.0,3.8000251054763794,10.0,0.0,0.5,0.0,nan,nan,nan,nan,nan,nan,nan,nan,nan,nan,0.021664456161671536,0.10748082868356422,-0.00041082860725853015,0,0,-0.04067881032824516,3.718522071838379,10.003704071044922,0.010977942496538162,0.48500171303749084,-0.0019013544078916311,-13,0,-1001,0,0,-3,0.001803044113330543,-0.011048104614019394,0.036164961755275726,-0.002185738179832697,3135,3135,0.019937753677368164,12.312,28.75,94,6,10,1.21,831,0.0036334062460809946,0.0002531424688640982,0.00651507405564189,1500,1500,1000,1500,1800,1000,1000,1800
1783904322.9363,7.6201,0.02001,49.98,382,67239,0.220,GUIDED,GUIDED,128,0.0,3.810029625892639,10.0,0.0,0.5,0.0,nan,nan,nan,nan,nan,nan,nan,nan,nan,nan,0.021959947388259366,0.10714898544760879,-0.0004043897707049211,0,0,-0.04070022329688072,3.7286925315856934,10.003711700439453,0.010819703340530396,0.4850974977016449,-0.0019094767048954964,-13,0,-1001,0,0,-3,0.001803044113330543,-0.011048104614019394,0.036164961755275726,-0.002185738179832697,3135,3135,0.019956588745117188,12.312,28.75,94,6,10,1.21,831,0.0036334062460809946,0.0002531424688640982,0.00651507405564189,1500,1500,1000,1500,1800,1000,1000,1800
1783904322.9563,7.6401,0.02003,49.92,383,67259,0.240,GUIDED,GUIDED,128,0.0,3.8200305700302124,10.0,0.0,0.5,0.0,nan,nan,nan,nan,nan,nan,nan,nan,nan,nan,0.021997037754595,0.10734990484017354,-0.00037866272019364397,0,0,-0.04059578850865364,3.7386105060577393,10.003694534301758,0.010737993754446507,0.485029399394989,-0.0019144193502143025,-13,0,-1001,0,0,-3,0.001803044113330543,-0.011048104614019394,0.036164961755275726,-0.002185738179832697,3135,3135,0.01996016502380371,12.312,28.75,94,6,10,1.21,831,0.0036334062460809946,0.0002531424688640982,0.00651507405564189,1500,1500,1000,1500,1800,1000,1000,1800
1783904322.9763,7.6601,0.01999,50.02,384,67279,0.260,GUIDED,GUIDED,128,0.0,3.8300293684005737,10.0,0.0,0.5,0.0,nan,nan,nan,nan,nan,nan,nan,nan,nan,nan,0.022232494863270454,0.10715375797512125,-0.00031062513060270197,0,0,-0.04058876633644104,3.7487194538116455,10.00369644165039,0.010597998276352882,0.4850790500640869,-0.001954802079126239,-13,0,-1001,0,0,-3,0.001803044113330543,-0.011048104614019394,0.036164961755275726,-0.002185738179832697,3135,3135,0.01992630958557129,12.312,28.75,94,6,10,1.21,831,0.0036334062460809946,0.0002531424688640982,0.00651507405564189,1500,1500,1000,1500,1800,1000,1000,1800
1783904322.9963,7.6801,0.02000,50.00,385,67299,0.280,GUIDED,GUIDED,128,0.0,3.8400288820266724,10.0,0.0,0.5,0.0,nan,nan,nan,nan,nan,nan,nan,nan,nan,nan,0.022152312887139092,0.10741183553911521,-0.000288145921198771,0,0,-0.04047713056206703,3.7586092948913574,10.003678321838379,0.010579838417470455,0.4849933683872223,-0.001957318978384137,-13,0,-1001,0,0,-3,0.001803044113330543,-0.011048104614019394,0.036164961755275726,-0.002185738179832697,3135,3135,0.019935131072998047,12.312,28.75,94,6,10,1.21,831,0.0036334062460809946,0.0002531424688640982,0.00651507405564189,1500,1500,1000,1500,1800,1000,1000,1800
1783904323.0163,7.7001,0.01999,50.02,386,67319,0.300,GUIDED,GUIDED,128,0.0,3.8500255346298218,10.0,0.0,0.5,0.0,nan,nan,nan,nan,nan,nan,nan,nan,nan,nan,0.022336385902193286,0.10732481372065245,-0.0002769571399615185,0,0,-0.040452200919389725,3.768664836883545,10.003677368164062,0.010459170676767826,0.4850096106529236,-0.0019632282201200724,-13,0,-1001,0,0,-3,0.001803044113330543,-0.011048104614019394,0.036164961755275726,-0.002185738179832697,3135,3135,0.019929885864257812,12.312,28.75,94,6,10,1.21,831,0.0036334062460809946,0.0002531424688640982,0.00651507405564189,1500,1500,1000,1500,1800,1000,1000,1800
1783904323.0363,7.7200,0.01998,50.05,387,67339,0.320,GUIDED,GUIDED,128,0.0,3.860023260116577,10.0,0.0,0.5,0.0,nan,nan,nan,nan,nan,nan,nan,nan,nan,nan,0.022512990741463512,0.10726197603144925,-0.0003182467495232953,0,0,-0.040409792214632034,3.7786858081817627,10.00367259979248,0.010332723148167133,0.48503246903419495,-0.001936636632308364,-13,0,-1001,0,0,-3,0.001803044113330543,-0.011048104614019394,0.036164961755275726,-0.002185738179832697,3135,3135,0.019921302795410156,12.312,28.75,94,6,10,1.21,831,0.0036334062460809946,0.0002531424688640982,0.00651507405564189,1500,1500,1000,1500,1800,1000,1000,1800
1783904323.0567,7.7401,0.02046,48.89,388,67359,0.341,GUIDED,GUIDED,128,0.0,3.8700250387191772,10.0,0.0,0.5,0.0,nan,nan,nan,nan,nan,nan,nan,nan,nan,nan,0.022428483889214146,0.10759080991863802,-0.0003716165648819203,0,0,-0.04027949273586273,3.78853178024292,10.003649711608887,0.010306284762918949,0.4849325716495514,-0.0018926090560853481,-13,0,-1001,0,0,-2,0.001616184483282268,-0.011160659603774548,0.03605238348245621,-0.0007897164905443788,3135,3135,0.020392656326293945,12.312,28.75,94,6,10,1.21,831,0.003925022669136524,0.0002580744039732963,0.006114884279668331,1500,1500,1000,1500,1800,1000,1000,1800
1783904323.0763,7.7601,0.01955,51.16,389,67379,0.360,GUIDED,GUIDED,128,0.0,3.880029559135437,10.0,0.0,0.5,0.0,nan,nan,nan,nan,nan,nan,nan,nan,nan,nan,0.022569284025006874,0.1076570921462239,-0.00034316872897445635,0,0,-0.040214601904153824,3.7985050678253174,10.003642082214355,0.010187529027462006,0.48491233587265015,-0.0019046285888180137,-13,0,-1001,0,0,-2,0.001616184483282268,-0.011160659603774548,0.03605238348245621,-0.0007897164905443788,3135,3135,0.01949334144592285,12.312,28.75,94,6,10,1.21,831,0.003925022669136524,0.0002580744039732963,0.006114884279668331,1500,1500,1000,1500,1800,1000,1000,1800
1783904323.0963,7.7801,0.02001,49.99,390,67399,0.380,GUIDED,GUIDED,128,0.0,3.8900294303894043,10.0,0.0,0.5,0.0,nan,nan,nan,nan,nan,nan,nan,nan,nan,nan,0.022472517827388554,0.10800421040834336,-0.0002466135851188927,0,0,-0.04008054733276367,3.808328628540039,10.003619194030762,0.010166000574827194,0.48481371998786926,-0.0019471602281555533,-13,0,-1001,0,0,-2,0.001616184483282268,-0.011160659603774548,0.03605238348245621,-0.0007897164905443788,3135,3135,0.019946813583374023,12.312,28.75,94,6,10,1.21,831,0.003925022669136524,0.0002580744039732963,0.006114884279668331,1500,1500,1000,1500,1800,1000,1000,1800
1783904323.1163,7.8000,0.02002,49.96,391,67419,0.400,GUIDED,GUIDED,128,0.0,3.9000245332717896,10.0,0.0,0.5,0.0,nan,nan,nan,nan,nan,nan,nan,nan,nan,nan,0.022917916881764998,0.10753173389481141,-0.000201718956967713,0,0,-0.04015800356864929,3.818547248840332,10.003628730773926,0.009953568689525127,0.4849574565887451,-0.001978586195036769,-13,0,-1001,0,0,-2,0.001616184483282268,-0.011160659603774548,0.03605238348245621,-0.0007897164905443788,3135,3135,0.019946575164794922,12.312,28.75,94,6,10,1.21,831,0.003925022669136524,0.0002580744039732963,0.006114884279668331,1500,1500,1000,1500,1800,1000,1000,1800
1783904323.1363,7.8201,0.02000,50.00,392,67439,0.420,GUIDED,GUIDED,128,0.0,3.9100306034088135,10.0,0.0,0.5,0.0,nan,nan,nan,nan,nan,nan,nan,nan,nan,nan,0.023287995873736502,0.1071857581337006,-7.580427892336754e-05,0,0,-0.04021275416016579,3.8287203311920166,10.003632545471191,0.009771513752639294,0.48506078124046326,-0.0020534854847937822,-13,0,-1001,0,0,-2,0.001616184483282268,-0.011160659603774548,0.03605238348245621,-0.0007897164905443788,3135,3135,0.019937992095947266,12.312,28.75,94,6,10,1.21,831,0.003925022669136524,0.0002580744039732963,0.006114884279668331,1500,1500,1000,1500,1800,1000,1000,1800
1783904323.1563,7.8401,0.02000,50.01,393,67459,0.440,GUIDED,GUIDED,128,0.0,3.9200280904769897,10.0,0.0,0.5,0.0,nan,nan,nan,nan,nan,nan,nan,nan,nan,nan,0.02331279506012753,0.10735988375438903,5.131712587715109e-05,0,0,-0.04013482481241226,3.838639497756958,10.003610610961914,0.009712203405797482,0.4850054681301117,-0.0021142151672393084,-13,0,-1001,0,0,-2,0.001616184483282268,-0.011160659603774548,0.03605238348245621,-0.0007897164905443788,3135,3135,0.019931554794311523,12.312,28.75,94,6,10,1.21,831,0.003925022669136524,0.0002580744039732963,0.006114884279668331,1500,1500,1000,1500,1800,1000,1000,1800
1783904323.1763,7.8601,0.02000,50.00,394,67479,0.460,GUIDED,GUIDED,128,0.0,3.9300289154052734,10.0,0.0,0.5,0.0,nan,nan,nan,nan,nan,nan,nan,nan,nan,nan,0.023580616258524315,0.10709922408689974,0.0001491630059380568,0,0,-0.04015950858592987,3.8487515449523926,10.003607749938965,0.009571827948093414,0.4850917458534241,-0.002169054700061679,-13,0,-1001,0,0,-2,0.001616184483282268,-0.011160659603774548,0.03605238348245621,-0.0007897164905443788,3135,3135,0.019936800003051758,12.312,28.75,94,6,10,1.21,831,0.003925022669136524,0.0002580744039732963,0.006114884279668331,1500,1500,1000,1500,1800,1000,1000,1800
1783904323.1963,7.8800,0.01996,50.09,395,67499,0.480,GUIDED,GUIDED,128,0.0,3.9400246143341064,10.0,0.0,0.5,0.0,nan,nan,nan,nan,nan,nan,nan,nan,nan,nan,0.023564390233776995,0.1073222796125334,0.00020016506832928015,0,0,-0.04007398709654808,3.8586435317993164,10.003584861755371,0.009531820192933083,0.4850228428840637,-0.0021852862555533648,-13,0,-1001,0,0,-2,0.001616184483282268,-0.011160659603774548,0.03605238348245621,-0.0007897164905443788,3135,3135,0.01991128921508789,12.312,28.75,94,6,10,1.21,831,0.003925022669136524,0.0002580744039732963,0.006114884279668331,1500,1500,1000,1500,1800,1000,1000,1800
1783904323.2163,7.9001,0.02003,49.93,396,67519,0.500,GUIDED,GUIDED,128,0.0,3.950028419494629,10.0,0.0,0.5,0.0,nan,nan,nan,nan,nan,nan,nan,nan,nan,nan,0.02384676005369367,0.10720803712533512,0.0002599249514911037,0,0,-0.040080346167087555,3.8687028884887695,10.00357723236084,0.009372465312480927,0.48505672812461853,-0.002215383807197213,-13,0,-1001,0,0,-2,0.001616184483282268,-0.011160659603774548,0.03605238348245621,-0.0007897164905443788,3135,3135,0.019958972930908203,12.312,28.75,94,6,10,1.21,831,0.003925022669136524,0.0002580744039732963,0.006114884279668331,1500,1500,1000,1500,1800,1000,1000,1800
1783904323.2363,7.9201,0.01999,50.02,397,67539,0.520,GUIDED,GUIDED,128,0.0,3.9600292444229126,10.0,0.0,0.5,0.0,nan,nan,nan,nan,nan,nan,nan,nan,nan,nan,0.02403139665385616,0.10717963681239134,0.00022649991538304607,0,0,-0.040069159120321274,3.878727674484253,10.003565788269043,0.009259406477212906,0.48505929112434387,-0.0021894786041229963,-13,0,-1001,0,0,-2,0.001616184483282268,-0.011160659603774548,0.03605238348245621,-0.0007897164905443788,3135,3135,0.019939184188842773,12.312,28.75,94,6,10,1.21,831,0.003925022669136524,0.0002580744039732963,0.006114884279668331,1500,1500,1000,1500,1800,1000,1000,1800
1783904323.2563,7.9401,0.02002,49.95,398,67559,0.540,GUIDED,GUIDED,128,0.0,3.9700286388397217,10.0,0.0,0.5,0.0,nan,nan,nan,nan,nan,nan,nan,nan,nan,nan,0.023948740186147715,0.10750701821766702,0.00023334380677650368,0,0,-0.03996473550796509,3.888575553894043,10.00353717803955,0.009246839210391045,0.484957754611969,-0.0021769118029624224,-13,0,-1001,0,0,-2,0.001616184483282268,-0.011160659603774548,0.03605238348245621,-0.0007897164905443788,3135,3135,0.019953489303588867,12.312,28.75,94,6,10,1.21,831,0.003925022669136524,0.0002580744039732963,0.006114884279668331,1500,1500,1000,1500,1800,1000,1000,1800
1783904323.2763,7.9601,0.02000,50.01,399,67579,0.560,GUIDED,GUIDED,128,0.0,3.9800302982330322,10.0,0.0,0.5,0.0,nan,nan,nan,nan,nan,nan,nan,nan,nan,nan,0.02402385369151327,0.1075380719303464,0.00025855313073261214,0,0,-0.039928972721099854,3.8985519409179688,10.003523826599121,0.00918282475322485,0.4849544167518616,-0.0021837579552084208,-13,0,-1001,0,0,-2,0.001616184483282268,-0.011160659603774548,0.03605238348245621,-0.0007897164905443788,3135,3135,0.019932985305786133,12.312,28.75,94,6,10,1.21,831,0.003925022669136524,0.0002580744039732963,0.006114884279668331,1500,1500,1000,1500,1800,1000,1000,1800
1783904323.2966,7.9800,0.02027,49.32,400,67599,0.580,GUIDED,GUIDED,128,0.0,3.9900243282318115,10.0,0.0,0.5,0.0,nan,nan,nan,nan,nan,nan,nan,nan,nan,nan,0.023920658596836956,0.10787503516633047,0.0004109584813165798,0,0,-0.039818957448005676,3.9083776473999023,10.003494262695312,0.009178887121379375,0.48485705256462097,-0.002254680497571826,-13,0,-1000,1,0,-3,0.0017038031946867704,-0.011225197464227676,0.03594915568828583,-0.0016422217013314366,3135,3135,0.01989889144897461,12.312,28.78,94,6,10,1.21,831,0.0041692075319588184,0.00026984274154528975,0.006134582217782736,1500,1500,1000,1500,1800,1000,1000,1800
1783904323.3163,8.0000,0.01970,50.77,401,67619,0.600,GUIDED,GUIDED,128,0.0,4.000024080276489,10.0,0.0,0.5,0.0,nan,nan,nan,nan,nan,nan,nan,nan,nan,nan,0.024332011061768043,0.10739872057234195,0.0002861334131846775,0,0,-0.03992469236254692,3.9186041355133057,10.003500938415527,0.009002438746392727,0.4850011467933655,-0.0021864669397473335,-13,0,-1000,1,0,-3,0.0017038031946867704,-0.011225197464227676,0.03594915568828583,-0.0016422217013314366,3135,3135,0.019636869430541992,12.312,28.78,94,6,10,1.21,831,0.0041692075319588184,0.00026984274154528975,0.006134582217782736,1500,1500,1000,1500,1800,1000,1000,1800
1783904323.3363,8.0201,0.02000,49.99,402,67639,0.620,GUIDED,GUIDED,128,0.0,4.010029554367065,10.0,0.0,0.5,0.0,nan,nan,nan,nan,nan,nan,nan,nan,nan,nan,0.024630181793153023,0.10704168031774138,0.00012522467595430095,0,0,-0.04000617563724518,3.9287848472595215,10.003503799438477,0.00887733418494463,0.48510611057281494,-0.002095218049362302,-13,0,-1000,1,0,-3,0.0017038031946867704,-0.011225197464227676,0.03594915568828583,-0.0016422217013314366,3135,3135,0.01995110511779785,12.312,28.78,94,6,10,1.21,831,0.0041692075319588184,0.00026984274154528975,0.006134582217782736,1500,1500,1000,1500,1800,1000,1000,1800
1783904323.3563,8.0401,0.02002,49.96,403,67659,0.640,GUIDED,GUIDED,128,0.0,4.020026445388794,10.0,0.0,0.5,0.0,nan,nan,nan,nan,nan,nan,nan,nan,nan,nan,0.02464040783528698,0.10721054961142779,3.471006000344435e-06,0,0,-0.039949819445610046,3.9387075901031494,10.003483772277832,0.008838892914354801,0.4850514233112335,-0.0020133608486503363,-13,0,-1000,1,0,-3,0.0017038031946867704,-0.011225197464227676,0.03594915568828583,-0.0016422217013314366,3135,3135,0.019951343536376953,12.312,28.78,94,6,10,1.21,831,0.0041692075319588184,0.00026984274154528975,0.006134582217782736,1500,1500,1000,1500,1800,1000,1000,1800
1783904323.3763,8.0601,0.01999,50.01,404,67679,0.660,GUIDED,GUIDED,128,0.0,4.030025482177734,10.0,0.0,0.5,0.0,nan,nan,nan,nan,nan,nan,nan,nan,nan,nan,0.024919984022388455,0.10692141753649918,-6.678653182870097e-05,0,0,-0.03999911621212959,3.948826551437378,10.003485679626465,0.008705941028892994,0.4851491153240204,-0.001973898848518729,-13,0,-1000,1,0,-3,0.0017038031946867704,-0.011225197464227676,0.03594915568828583,-0.0016422217013314366,3135,3135,0.019931793212890625,12.312,28.78,94,6,10,1.21,831,0.0041692075319588184,0.00026984274154528975,0.006134582217782736,1500,1500,1000,1500,1800,1000,1000,1800
1783904323.3963,8.0800,0.02000,50.01,405,67699,0.680,GUIDED,GUIDED,128,0.0,4.040024161338806,10.0,0.0,0.5,0.0,nan,nan,nan,nan,nan,nan,nan,nan,nan,nan,0.02495351492396907,0.10714518717120278,-9.210301340789769e-05,0,0,-0.03993462398648262,3.9587223529815674,10.003467559814453,0.008649347350001335,0.4850793182849884,-0.0019488208927214146,-13,0,-1000,1,0,-3,0.0017038031946867704,-0.011225197464227676,0.03594915568828583,-0.0016422217013314366,3135,3135,0.01992201805114746,12.312,28.78,94,6,10,1.21,831,0.0041692075319588184,0.00026984274154528975,0.006134582217782736,1500,1500,1000,1500,1800,1000,1000,1800
1783904323.4163,8.1000,0.02001,49.98,406,67719,0.700,GUIDED,GUIDED,128,0.0,4.050024390220642,10.0,0.0,0.5,0.0,nan,nan,nan,nan,nan,nan,nan,nan,nan,nan,0.025233080621406428,0.10698464285068121,-0.0001832448661302148,0,0,-0.03996521607041359,3.9687881469726562,10.003467559814453,0.008505602367222309,0.48513415455818176,-0.0018962001195177436,-13,0,-1000,1,0,-3,0.0017038031946867704,-0.011225197464227676,0.03594915568828583,-0.0016422217013314366,3135,3135,0.01994800567626953,12.312,28.78,94,6,10,1.21,831,0.0041692075319588184,0.00026984274154528975,0.006134582217782736,1500,1500,1000,1500,1800,1000,1000,1800
1783904323.4363,8.1200,0.01999,50.03,407,67739,0.720,GUIDED,GUIDED,128,0.0,4.0600244998931885,10.0,0.0,0.5,0.0,nan,nan,nan,nan,nan,nan,nan,nan,nan,nan,0.025441177781752623,0.10697327967830689,-0.00019421031120048704,0,0,-0.039977721869945526,3.9788191318511963,10.003464698791504,0.008392677642405033,0.4851228892803192,-0.0018882174044847488,-13,0,-1000,1,0,-3,0.0017038031946867704,-0.011225197464227676,0.03594915568828583,-0.0016422217013314366,3135,3135,0.01992511749267578,12.312,28.78,94,6,10,1.21,831,0.0041692075319588184,0.00026984274154528975,0.006134582217782736,1500,1500,1000,1500,1800,1000,1000,1800
1783904323.4563,8.1401,0.02002,49.96,408,67759,0.740,GUIDED,GUIDED,128,0.0,4.0700260400772095,10.0,0.0,0.5,0.0,nan,nan,nan,nan,nan,nan,nan,nan,nan,nan,0.025405492213410964,0.10729656605411057,-0.0002123388360358541,0,0,-0.03989388048648834,3.988670825958252,10.003443717956543,0.008364874869585037,0.48502275347709656,-0.0018656376050785184,-13,0,-1000,1,0,-3,0.0017038031946867704,-0.011225197464227676,0.03594915568828583,-0.0016422217013314366,3135,3135,0.019951581954956055,12.312,28.78,94,6,10,1.21,831,0.0041692075319588184,0.00026984274154528975,0.006134582217782736,1500,1500,1000,1500,1800,1000,1000,1800
1783904323.4763,8.1600,0.01997,50.07,409,67779,0.760,GUIDED,GUIDED,128,0.0,4.080024600028992,10.0,0.0,0.5,0.0,nan,nan,nan,nan,nan,nan,nan,nan,nan,nan,0.025510265163807867,0.10735400253049646,-0.0001915552240618775,0,0,-0.039881471544504166,3.998652935028076,10.003438949584961,0.00829721987247467,0.4849990904331207,-0.0018748840084299445,-13,0,-1000,1,0,-3,0.0017038031946867704,-0.011225197464227676,0.03594915568828583,-0.0016422217013314366,3135,3135,0.019919633865356445,12.312,28.78,94,6,10,1.21,831,0.0041692075319588184,0.00026984274154528975,0.006134582217782736,1500,1500,1000,1500,1800,1000,1000,1800
1783904323.4963,8.1800,0.02002,49.95,410,67799,0.780,GUIDED,GUIDED,128,0.0,4.090024828910828,10.0,0.0,0.5,0.0,nan,nan,nan,nan,nan,nan,nan,nan,nan,nan,0.0254222899135899,0.10772332584626329,-0.0001277221068787717,0,0,-0.0397917702794075,4.008481025695801,10.003417015075684,0.008296223357319832,0.48488524556159973,-0.001899074180983007,-13,0,-1000,1,0,-3,0.0017038031946867704,-0.011225197464227676,0.03594915568828583,-0.0016422217013314366,3135,3135,0.019960403442382812,12.312,28.78,94,6,10,1.21,831,0.0041692075319588184,0.00026984274154528975,0.006134582217782736,1500,1500,1000,1500,1800,1000,1000,1800
1783904323.5163,8.2001,0.02002,49.95,411,67819,0.800,GUIDED,GUIDED,128,0.0,4.100030422210693,10.0,0.0,0.5,0.0,nan,nan,nan,nan,nan,nan,nan,nan,nan,nan,0.025798748119734184,0.10722473260905235,-0.00016373233188535403,0,0,-0.03992119058966637,4.018712043762207,10.003430366516113,0.008153595961630344,0.4850429594516754,-0.001885992125608027,-13,0,-1000,1,0,-3,0.0017038031946867704,-0.011225197464227676,0.03594915568828583,-0.0016422217013314366,3135,3135,0.019954681396484375,12.312,28.78,94,6,10,1.21,831,0.0041692075319588184,0.00026984274154528975,0.006134582217782736,1500,1500,1000,1500,1800,1000,1000,1800
1783904323.5363,8.2201,0.02000,49.99,412,67839,0.820,GUIDED,GUIDED,128,0.0,4.1100311279296875,10.0,0.0,0.5,0.0,nan,nan,nan,nan,nan,nan,nan,nan,nan,nan,0.026184160849395163,0.10688053863945064,-0.00030383148373458067,0,0,-0.040025580674409866,4.028897285461426,10.003438949584961,0.007991347461938858,0.48513513803482056,-0.0018100612796843052,-13,0,-1000,1,0,-3,0.0017038031946867704,-0.011225197464227676,0.03594915568828583,-0.0016422217013314366,3135,3135,0.019936323165893555,12.312,28.78,94,6,10,1.21,831,0.0041692075319588184,0.00026984274154528975,0.006134582217782736,1500,1500,1000,1500,1800,1000,1000,1800
1783904323.5566,8.2401,0.02032,49.21,413,67859,0.840,GUIDED,GUIDED,128,0.0,4.120025157928467,10.0,0.0,0.5,0.0,nan,nan,nan,nan,nan,nan,nan,nan,nan,nan,0.026137449216357606,0.10705472497028773,-0.00022676765068173127,0,0,-0.03998947516083717,4.038822174072266,10.003423690795898,0.007997470907866955,0.4850744903087616,-0.00184574443846941,-13,0,-1000,1,0,-2,0.0018047037301585078,-0.011156837455928326,0.03583807498216629,-0.0006374792428687215,3135,3135,0.020267009735107422,12.312,28.78,94,6,10,1.21,831,0.004188891034573317,0.0002745077945291996,0.006112266797572374,1500,1500,1000,1500,1800,1000,1000,1800
1783904323.5763,8.2601,0.01965,50.89,414,67879,0.860,GUIDED,GUIDED,128,0.0,4.130029320716858,10.0,0.0,0.5,0.0,nan,nan,nan,nan,nan,nan,nan,nan,nan,nan,0.02640176499114954,0.1068419706870302,-0.00019536767354138684,0,0,-0.040060561150312424,4.048944473266602,10.003429412841797,0.007885909639298916,0.48512911796569824,-0.0018671768484637141,-13,0,-1000,1,0,-2,0.0018047037301585078,-0.011156837455928326,0.03583807498216629,-0.0006374792428687215,3135,3135,0.01959967613220215,12.312,28.78,94,6,10,1.21,831,0.004188891034573317,0.0002745077945291996,0.006112266797572374,1500,1500,1000,1500,1800,1000,1000,1800
1783904323.5963,8.2801,0.02003,49.92,415,67899,0.880,GUIDED,GUIDED,128,0.0,4.140031218528748,10.0,0.0,0.5,0.0,nan,nan,nan,nan,nan,nan,nan,nan,nan,nan,0.02634133393751293,0.10707648310156011,-0.0001494585488217878,0,0,-0.040014028549194336,4.058840751647949,10.003412246704102,0.007893933914601803,0.48505470156669617,-0.0018837716197595,-13,0,-1000,1,0,-2,0.0018047037301585078,-0.011156837455928326,0.03583807498216629,-0.0006374792428687215,3135,3135,0.019964218139648438,12.312,28.78,94,6,10,1.21,831,0.004188891034573317,0.0002745077945291996,0.006112266797572374,1500,1500,1000,1500,1800,1000,1000,1800
1783904323.6163,8.3000,0.01996,50.10,416,67919,0.900,GUIDED,GUIDED,128,0.0,4.1500245332717896,10.0,0.0,0.5,0.0,nan,nan,nan,nan,nan,nan,nan,nan,nan,nan,0.026549897942983028,0.10694502541694982,-0.00011366927813351779,0,0,-0.04006398469209671,4.06890869140625,10.003413200378418,0.007802361622452736,0.485087513923645,-0.0019049851689487696,-13,0,-1000,1,0,-2,0.0018047037301585078,-0.011156837455928326,0.03583807498216629,-0.0006374792428687215,3135,3135,0.019906997680664062,12.312,28.78,94,6,10,1.21,831,0.004188891034573317,0.0002745077945291996,0.006112266797572374,1500,1500,1000,1500,1800,1000,1000,1800
1783904323.6362,8.3200,0.01998,50.04,417,67939,0.920,GUIDED,GUIDED,128,0.0,4.160022497177124,10.0,0.0,0.5,0.0,nan,nan,nan,nan,nan,nan,nan,nan,nan,nan,0.02669596979758948,0.1068637356983069,-0.00015561736507450387,0,0,-0.04009450227022171,4.0789408683776855,10.003409385681152,0.007735646329820156,0.4851146936416626,-0.0018785640131682158,-13,0,-1000,1,0,-2,0.0018047037301585078,-0.011156837455928326,0.03583807498216629,-0.0006374792428687215,3135,3135,0.01993703842163086,12.312,28.78,94,6,10,1.21,831,0.004188891034573317,0.0002745077945291996,0.006112266797572374,1500,1500,1000,1500,1800,1000,1000,1800
1783904323.6563,8.3400,0.02000,49.99,418,67959,0.940,GUIDED,GUIDED,128,0.0,4.1700239181518555,10.0,0.0,0.5,0.0,nan,nan,nan,nan,nan,nan,nan,nan,nan,nan,0.026559829973231818,0.10722734032585046,-1.3992665885336451e-05,0,0,-0.040025077760219574,4.08879280090332,10.003386497497559,0.00777416443452239,0.48499107360839844,-0.0019471165724098682,-13,0,-1000,1,0,-2,0.0018047037301585078,-0.011156837455928326,0.03583807498216629,-0.0006374792428687215,3135,3135,0.019955158233642578,12.312,28.78,94,6,10,1.21,831,0.004188891034573317,0.0002745077945291996,0.006112266797572374,1500,1500,1000,1500,1800,1000,1000,1800
1783904323.6762,8.3600,0.01998,50.04,419,67979,0.960,GUIDED,GUIDED,128,0.0,4.180020570755005,10.0,0.0,0.5,0.0,nan,nan,nan,nan,nan,nan,nan,nan,nan,nan,0.02662150903758878,0.10727835405886454,-3.1308149209817535e-05,0,0,-0.04002805054187775,4.098775863647461,10.003379821777344,0.007740270346403122,0.48496946692466736,-0.0019332652445882559,-13,0,-1000,1,0,-2,0.0018047037301585078,-0.011156837455928326,0.03583807498216629,-0.0006374792428687215,3135,3135,0.019939899444580078,12.312,28.78,94,6,10,1.21,831,0.004188891034573317,0.0002745077945291996,0.006112266797572374,1500,1500,1000,1500,1800,1000,1000,1800
1783904323.6963,8.3800,0.02002,49.96,420,67999,0.980,GUIDED,GUIDED,128,0.0,4.190022230148315,10.0,0.0,0.5,0.0,nan,nan,nan,nan,nan,nan,nan,nan,nan,nan,0.026446657740365337,0.10770867636969514,-6.653437309327506e-05,0,0,-0.039950694888830185,4.1086039543151855,10.003357887268066,0.0077965594828128815,0.48482123017311096,-0.001900263479910791,-13,0,-1000,1,0,-2,0.0018047037301585078,-0.011156837455928326,0.03583807498216629,-0.0006374792428687215,3135,3135,0.01996469497680664,12.312,28.78,94,6,10,1.21,831,0.004188891034573317,0.0002745077945291996,0.006112266797572374,1500,1500,1000,1500,1800,1000,1000,1800
1783904323.7163,8.4001,0.02006,49.84,421,68019,0.000,GUIDED,GUIDED,128,0.0,4.2000274658203125,10.0,0.0,0.5,0.0,nan,nan,nan,nan,nan,nan,nan,nan,nan,nan,0.026783522045264452,0.1072531075497636,-0.00012930750730770013,0,0,-0.04008350148797035,4.118832111358643,10.003371238708496,0.007678746711462736,0.4849555492401123,-0.0018717298517003655,-13,0,-1000,1,0,-2,0.0018047037301585078,-0.011156837455928326,0.03583807498216629,-0.0006374792428687215,3135,3135,0.01996326446533203,12.312,28.78,94,6,10,1.21,831,0.004188891034573317,0.0002745077945291996,0.006112266797572374,1500,1500,1000,1500,1800,1000,1000,1800
1783904323.7363,8.4201,0.01998,50.06,422,68039,0.020,GUIDED,GUIDED,128,0.0,4.210027813911438,10.0,0.0,0.5,0.0,nan,nan,nan,nan,nan,nan,nan,nan,nan,nan,0.027037330937546365,0.10691619046566424,-0.00014510018599360854,0,0,-0.04019085317850113,4.129013538360596,10.003378868103027,0.00759418960660696,0.48504552245140076,-0.001867016777396202,-13,0,-1000,1,0,-2,0.0018047037301585078,-0.011156837455928326,0.03583807498216629,-0.0006374792428687215,3135,3135,0.0199127197265625,12.312,28.78,94,6,10,1.21,831,0.004188891034573317,0.0002745077945291996,0.006112266797572374,1500,1500,1000,1500,1800,1000,1000,1800
1783904323.7563,8.4401,0.01998,50.05,423,68059,0.040,GUIDED,GUIDED,128,0.0,4.220026135444641,10.0,0.0,0.5,0.0,nan,nan,nan,nan,nan,nan,nan,nan,nan,nan,0.026993889554663197,0.10712606247146235,-7.091539951386162e-05,0,0,-0.04015978425741196,4.1389360427856445,10.003362655639648,0.007601332850754261,0.4849681258201599,-0.0019004871137440205,-13,0,-1000,1,0,-2,0.0018047037301585078,-0.011156837455928326,0.03583807498216629,-0.0006374792428687215,3135,3135,0.019923925399780273,12.312,28.78,94,6,10,1.21,831,0.004188891034573317,0.0002745077945291996,0.006112266797572374,1500,1500,1000,1500,1800,1000,1000,1800
1783904323.7763,8.4601,0.02000,50.00,424,68079,0.060,GUIDED,GUIDED,128,0.0,4.230028986930847,10.0,0.0,0.5,0.0,nan,nan,nan,nan,nan,nan,nan,nan,nan,nan,0.027162077707616288,0.1069034229905112,-1.3106526316102821e-05,0,0,-0.04023303836584091,4.149054527282715,10.003366470336914,0.007546522654592991,0.4850299060344696,-0.001936065498739481,-13,0,-1000,1,0,-2,0.0018047037301585078,-0.011156837455928326,0.03583807498216629,-0.0006374792428687215,3135,3135,0.019947052001953125,12.312,28.78,94,6,10,1.21,831,0.004188891034573317,0.0002745077945291996,0.006112266797572374,1500,1500,1000,1500,1800,1000,1000,1800
1783904323.7967,8.4801,0.02045,48.89,425,68099,0.080,GUIDED,GUIDED,128,0.0,4.240029811859131,10.0,0.0,0.5,0.0,nan,nan,nan,nan,nan,nan,nan,nan,nan,nan,0.027047194812765477,0.10721075147628961,0.00014659442552801896,0,0,-0.04019064083695412,4.158947944641113,10.003347396850586,0.007588372100144625,0.48491448163986206,-0.0020172568038105965,-13,0,-1000,2,0,-2,0.0020840957295149565,-0.011168173514306545,0.03576771169900894,-0.0009241373045369983,3135,3135,0.019960403442382812,12.312,28.78,94,6,10,1.21,831,0.004087414592504501,0.00027341919485479593,0.005969324614852667,1500,1500,1000,1500,1800,1000,1000,1800
1783904323.8163,8.5000,0.01954,51.18,426,68119,0.100,GUIDED,GUIDED,128,0.0,4.2500239610672,10.0,0.0,0.5,0.0,nan,nan,nan,nan,nan,nan,nan,nan,nan,nan,0.027146403515886656,0.10711977889967295,0.00024297568247548485,0,0,-0.04024146869778633,4.16901159286499,10.003345489501953,0.00756043940782547,0.48492687940597534,-0.0020718013402074575,-13,0,-1000,2,0,-2,0.0020840957295149565,-0.011168173514306545,0.03576771169900894,-0.0009241373045369983,3135,3135,0.019486188888549805,12.312,28.78,94,6,10,1.21,831,0.004087414592504501,0.00027341919485479593,0.005969324614852667,1500,1500,1000,1500,1800,1000,1000,1800
1783904323.8363,8.5200,0.02001,49.97,427,68139,0.120,GUIDED,GUIDED,128,0.0,4.260023832321167,10.0,0.0,0.5,0.0,nan,nan,nan,nan,nan,nan,nan,nan,nan,nan,0.02717952756542588,0.10708789328138658,0.0003469111312811523,0,0,-0.04027175530791283,4.179039478302002,10.003338813781738,0.007558801211416721,0.4849291145801544,-0.0021279542706906796,-13,0,-1000,2,0,-2,0.0020840957295149565,-0.011168173514306545,0.03576771169900894,-0.0009241373045369983,3135,3135,0.019951820373535156,12.312,28.78,94,6,10,1.21,831,0.004087414592504501,0.00027341919485479593,0.005969324614852667,1500,1500,1000,1500,1800,1000,1000,1800
1783904323.8563,8.5400,0.02000,50.00,428,68159,0.140,GUIDED,GUIDED,128,0.0,4.27002489566803,10.0,0.0,0.5,0.0,nan,nan,nan,nan,nan,nan,nan,nan,nan,nan,0.02696518057409067,0.10744211407825309,0.0003890053868742158,0,0,-0.04020356386899948,4.188887119293213,10.003312110900879,0.007643184158951044,0.4848131835460663,-0.002136840485036373,-13,0,-1000,2,0,-2,0.0020840957295149565,-0.011168173514306545,0.03576771169900894,-0.0009241373045369983,3135,3135,0.01994609832763672,12.312,28.78,94,6,10,1.21,831,0.004087414592504501,0.00027341919485479593,0.005969324614852667,1500,1500,1000,1500,1800,1000,1000,1800
1783904323.8763,8.5601,0.02002,49.95,429,68179,0.160,GUIDED,GUIDED,128,0.0,4.280029654502869,10.0,0.0,0.5,0.0,nan,nan,nan,nan,nan,nan,nan,nan,nan,nan,0.026945652797915654,0.10751426147638811,0.00037646157121422373,0,0,-0.04020492732524872,4.1988654136657715,10.003301620483398,0.007655245717614889,0.4847868084907532,-0.0021235416643321514,-13,0,-1000,2,0,-2,0.0020840957295149565,-0.011168173514306545,0.03576771169900894,-0.0009241373045369983,3135,3135,0.01995706558227539,12.312,28.78,94,6,10,1.21,831,0.004087414592504501,0.00027341919485479593,0.005969324614852667,1500,1500,1000,1500,1800,1000,1000,1800
1783904323.8963,8.5801,0.01998,50.06,430,68199,0.180,GUIDED,GUIDED,128,0.0,4.290029048919678,10.0,0.0,0.5,0.0,nan,nan,nan,nan,nan,nan,nan,nan,nan,nan,0.026733367608968286,0.10786048509550224,0.00020123052962749653,0,0,-0.04012744873762131,4.208690166473389,10.003276824951172,0.007733076345175505,0.4846877455711365,-0.00200805626809597,-13,0,-1000,2,0,-2,0.0020840957295149565,-0.011168173514306545,0.03576771169900894,-0.0009241373045369983,3135,3135,0.019922971725463867,12.312,28.78,94,6,10,1.21,831,0.004087414592504501,0.00027341919485479593,0.005969324614852667,1500,1500,1000,1500,1800,1000,1000,1800
1783904323.9163,8.6001,0.02002,49.94,431,68219,0.200,GUIDED,GUIDED,128,0.0,4.300029516220093,10.0,0.0,0.5,0.0,nan,nan,nan,nan,nan,nan,nan,nan,nan,nan,0.02704948274611719,0.10741483226862977,4.199501040380539e-05,0,0,-0.04026392847299576,4.218917369842529,10.003291130065918,0.007629363797605038,0.4848141372203827,-0.0019243806600570679,-13,0,-1000,2,0,-2,0.0020840957295149565,-0.011168173514306545,0.03576771169900894,-0.0009241373045369983,3135,3135,0.019960403442382812,12.312,28.78,94,6,10,1.21,831,0.004087414592504501,0.00027341919485479593,0.005969324614852667,1500,1500,1000,1500,1800,1000,1000,1800
1783904323.9363,8.6201,0.02000,50.00,432,68239,0.220,GUIDED,GUIDED,128,0.0,4.31002950668335,10.0,0.0,0.5,0.0,nan,nan,nan,nan,nan,nan,nan,nan,nan,nan,0.02725229868082857,0.10709141601511793,-6.642114351144979e-05,0,0,-0.04037436470389366,4.229097843170166,10.003301620483398,0.007576028350740671,0.4848966598510742,-0.0018678432097658515,-13,0,-1000,2,0,-2,0.0020840957295149565,-0.011168173514306545,0.03576771169900894,-0.0009241373045369983,3135,3135,0.01993560791015625,12.312,28.78,94,6,10,1.21,831,0.004087414592504501,0.00027341919485479593,0.005969324614852667,1500,1500,1000,1500,1800,1000,1000,1800
1783904323.9563,8.6401,0.01998,50.06,433,68259,0.240,GUIDED,GUIDED,128,0.0,4.320029139518738,10.0,0.0,0.5,0.0,nan,nan,nan,nan,nan,nan,nan,nan,nan,nan,0.027106453753160415,0.10732547630610605,-2.0731663623885406e-05,0,0,-0.0403442345559597,4.239017963409424,10.003286361694336,0.007642836309969425,0.48480743169784546,-0.0018854123773053288,-13,0,-1000,2,0,-2,0.0020840957295149565,-0.011168173514306545,0.03576771169900894,-0.0009241373045369983,3135,3135,0.01992321014404297,12.312,28.78,94,6,10,1.21,831,0.004087414592504501,0.00027341919485479593,0.005969324614852667,1500,1500,1000,1500,1800,1000,1000,1800
1783904323.9763,8.6601,0.02002,49.95,434,68279,0.260,GUIDED,GUIDED,128,0.0,4.330027461051941,10.0,0.0,0.5,0.0,nan,nan,nan,nan,nan,nan,nan,nan,nan,nan,0.027219922412783072,0.10710706730101797,-6.373556101566327e-05,0,0,-0.0404186025261879,4.2491350173950195,10.00329303741455,0.007620261516422033,0.4848649799823761,-0.0018644382944330573,-13,0,-1000,2,0,-2,0.0020840957295149565,-0.011168173514306545,0.03576771169900894,-0.0009241373045369983,3135,3135,0.01995539665222168,12.312,28.78,94,6,10,1.21,831,0.004087414592504501,0.00027341919485479593,0.005969324614852667,1500,1500,1000,1500,1800,1000,1000,1800
1783904323.9963,8.6801,0.01997,50.07,435,68299,0.280,GUIDED,GUIDED,128,0.0,4.340025782585144,10.0,0.0,0.5,0.0,nan,nan,nan,nan,nan,nan,nan,nan,nan,nan,0.027070683166392173,0.10734505531538116,-0.00012510921128284364,0,0,-0.04037574306130409,4.259026050567627,10.003277778625488,0.007681679911911488,0.48478952050209045,-0.001820194534957409,-13,0,-1000,2,0,-2,0.0020840957295149565,-0.011168173514306545,0.03576771169900894,-0.0009241373045369983,3135,3135,0.019919872283935547,12.312,28.78,94,6,10,1.21,831,0.004087414592504501,0.00027341919485479593,0.005969324614852667,1500,1500,1000,1500,1800,1000,1000,1800
1783904324.0163,8.7001,0.02002,49.94,436,68319,0.300,GUIDED,GUIDED,128,0.0,4.35002601146698,10.0,0.0,0.5,0.0,nan,nan,nan,nan,nan,nan,nan,nan,nan,nan,0.027169377078818363,0.10721914972882549,-0.00017110521188179245,0,0,-0.04042695462703705,4.2690887451171875,10.003281593322754,0.007654265966266394,0.48482614755630493,-0.001795841148123145,-13,0,-1000,2,0,-2,0.0020840957295149565,-0.011168173514306545,0.03576771169900894,-0.0009241373045369983,3135,3135,0.019959449768066406,12.312,28.78,94,6,10,1.21,831,0.004087414592504501,0.00027341919485479593,0.005969324614852667,1500,1500,1000,1500,1800,1000,1000,1800
1783904324.0363,8.7201,0.02000,49.99,437,68339,0.320,GUIDED,GUIDED,128,0.0,4.3600276708602905,10.0,0.0,0.5,0.0,nan,nan,nan,nan,nan,nan,nan,nan,nan,nan,0.027225147873100895,0.10719733584159018,-0.00023881956893546724,0,0,-0.04045794904232025,4.279115676879883,10.00328254699707,0.007639961317181587,0.48482415080070496,-0.0017572968499734998,-13,0,-1000,2,0,-2,0.0020840957295149565,-0.011168173514306545,0.03576771169900894,-0.0009241373045369983,3135,3135,0.019939899444580078,12.312,28.78,94,6,10,1.21,831,0.004087414592504501,0.00027341919485479593,0.005969324614852667,1500,1500,1000,1500,1800,1000,1000,1800
1783904324.0567,8.7401,0.02046,48.89,438,68359,0.341,GUIDED,GUIDED,128,0.0,4.370032072067261,10.0,0.0,0.5,0.0,nan,nan,nan,nan,nan,nan,nan,nan,nan,nan,0.027008966498495393,0.10754557596470526,-0.0001723251653896014,0,0,-0.040389448404312134,4.288962364196777,10.003264427185059,0.007725224830210209,0.484714150428772,-0.0017852259334176779,-13,0,-1000,1,0,-2,0.0021864441223442554,-0.011178791522979736,0.03559102118015289,-0.0006588191026821733,3135,3135,0.020390033721923828,12.312,28.75,94,6,10,1.21,831,0.004097192082554102,0.0002759319613687694,0.0061555164866149426,1500,1500,1000,1500,1800,1000,1000,1800
1783904324.0763,8.7601,0.01955,51.16,439,68379,0.360,GUIDED,GUIDED,128,0.0,4.3800294399261475,10.0,0.0,0.5,0.0,nan,nan,nan,nan,nan,nan,nan,nan,nan,nan,0.02700747669022161,0.10763941849062922,-0.0001598697688205532,0,0,-0.04039156064391136,4.2989397048950195,10.003262519836426,0.007727304473519325,0.48467153310775757,-0.0017913158517330885,-13,0,-1000,1,0,-2,0.0021864441223442554,-0.011178791522979736,0.03559102118015289,-0.0006588191026821733,3135,3135,0.019484281539916992,12.312,28.75,94,6,10,1.21,831,0.004097192082554102,0.0002759319613687694,0.0061555164866149426,1500,1500,1000,1500,1800,1000,1000,1800
1783904324.0963,8.7801,0.02000,50.00,440,68399,0.380,GUIDED,GUIDED,128,0.0,4.3900288343429565,10.0,0.0,0.5,0.0,nan,nan,nan,nan,nan,nan,nan,nan,nan,nan,0.026799311138610726,0.10808728989513738,-0.00010463284295052786,0,0,-0.04031379148364067,4.308762073516846,10.003243446350098,0.007802588865160942,0.48451516032218933,-0.0018121948232874274,-13,0,-1000,1,0,-2,0.0021864441223442554,-0.011178791522979736,0.03559102118015289,-0.0006588191026821733,3135,3135,0.01993417739868164,12.312,28.75,94,6,10,1.21,831,0.004097192082554102,0.0002759319613687694,0.0061555164866149426,1500,1500,1000,1500,1800,1000,1000,1800
1783904324.1163,8.8001,0.02000,50.00,441,68419,0.400,GUIDED,GUIDED,128,0.0,4.400028109550476,10.0,0.0,0.5,0.0,nan,nan,nan,nan,nan,nan,nan,nan,nan,nan,0.02700201406159683,0.10769792160421797,-5.3728733842061185e-05,0,0,-0.04044841602444649,4.31898832321167,10.003259658813477,0.007763283792883158,0.484608918428421,-0.0018509445944800973,-13,0,-1000,1,0,-2,0.0021864441223442554,-0.011178791522979736,0.03559102118015289,-0.0006588191026821733,3135,3135,0.019934654235839844,12.312,28.75,94,6,10,1.21,831,0.004097192082554102,0.0002759319613687694,0.0061555164866149426,1500,1500,1000,1500,1800,1000,1000,1800
1783904324.1363,8.8201,0.02000,50.00,442,68439,0.420,GUIDED,GUIDED,128,0.0,4.410029053688049,10.0,0.0,0.5,0.0,nan,nan,nan,nan,nan,nan,nan,nan,nan,nan,0.02717464703323348,0.10733454957958956,-0.0001240295297278548,0,0,-0.04055628553032875,4.32916784286499,10.003271102905273,0.007725892588496208,0.48471561074256897,-0.001816963660530746,-13,0,-1000,1,0,-2,0.0021864441223442554,-0.011178791522979736,0.03559102118015289,-0.0006588191026821733,3135,3135,0.019937515258789062,12.312,28.75,94,6,10,1.21,831,0.004097192082554102,0.0002759319613687694,0.0061555164866149426,1500,1500,1000,1500,1800,1000,1000,1800
1783904324.1563,8.8401,0.02000,50.00,443,68459,0.440,GUIDED,GUIDED,128,0.0,4.420028448104858,10.0,0.0,0.5,0.0,nan,nan,nan,nan,nan,nan,nan,nan,nan,nan,0.026988056749108695,0.10751833768432383,-0.000172057143661075,0,0,-0.040523234754800797,4.339086532592773,10.003256797790527,0.007814538665115833,0.48465609550476074,-0.0017809758428484201,-13,0,-1000,1,0,-2,0.0021864441223442554,-0.011178791522979736,0.03559102118015289,-0.0006588191026821733,3135,3135,0.019934892654418945,12.312,28.75,94,6,10,1.21,831,0.004097192082554102,0.0002759319613687694,0.0061555164866149426,1500,1500,1000,1500,1800,1000,1000,1800
1783904324.1763,8.8601,0.02000,49.99,444,68479,0.460,GUIDED,GUIDED,128,0.0,4.430029034614563,10.0,0.0,0.5,0.0,nan,nan,nan,nan,nan,nan,nan,nan,nan,nan,0.027050941775781323,0.10732260774453638,-0.00022234242573086673,0,0,-0.04059452563524246,4.349202632904053,10.003265380859375,0.007819391787052155,0.4847024083137512,-0.0017568990588188171,-13,0,-1000,1,0,-2,0.0021864441223442554,-0.011178791522979736,0.03559102118015289,-0.0006588191026821733,3135,3135,0.019937753677368164,12.312,28.75,94,6,10,1.21,831,0.004097192082554102,0.0002759319613687694,0.0061555164866149426,1500,1500,1000,1500,1800,1000,1000,1800
1783904324.1963,8.8801,0.02000,50.00,445,68499,0.480,GUIDED,GUIDED,128,0.0,4.440028429031372,10.0,0.0,0.5,0.0,nan,nan,nan,nan,nan,nan,nan,nan,nan,nan,0.026879211914048573,0.10754828446178769,-0.0002808441485931774,0,0,-0.04054798185825348,4.3590922355651855,10.003252983093262,0.007891668006777763,0.48463550209999084,-0.0017159652197733521,-13,0,-1000,1,0,-2,0.0021864441223442554,-0.011178791522979736,0.03559102118015289,-0.0006588191026821733,3135,3135,0.01993417739868164,12.312,28.75,94,6,10,1.21,831,0.004097192082554102,0.0002759319613687694,0.0061555164866149426,1500,1500,1000,1500,1800,1000,1000,1800
1783904324.2163,8.9001,0.02002,49.94,446,68519,0.500,GUIDED,GUIDED,128,0.0,4.450030326843262,10.0,0.0,0.5,0.0,nan,nan,nan,nan,nan,nan,nan,nan,nan,nan,0.026921111388620883,0.10748200127129248,-0.00032462421765503367,0,0,-0.040595270693302155,4.3691534996032715,10.00325870513916,0.007894779555499554,0.4846394956111908,-0.0016939924098551273,-13,0,-1000,1,0,-2,0.0021864441223442554,-0.011178791522979736,0.03559102118015289,-0.0006588191026821733,3135,3135,0.019939184188842773,12.312,28.75,94,6,10,1.21,831,0.004097192082554102,0.0002759319613687694,0.0061555164866149426,1500,1500,1000,1500,1800,1000,1000,1800
1783904324.2363,8.9201,0.01998,50.06,447,68539,0.520,GUIDED,GUIDED,128,0.0,4.460028767585754,10.0,0.0,0.5,0.0,nan,nan,nan,nan,nan,nan,nan,nan,nan,nan,0.026945907176826378,0.10745654095579779,-0.0003210684065771802,0,0,-0.04062175378203392,4.379179000854492,10.003260612487793,0.007895753718912601,0.4846385717391968,-0.0016971465665847063,-13,0,-1000,1,0,-2,0.0021864441223442554,-0.011178791522979736,0.03559102118015289,-0.0006588191026821733,3135,3135,0.0199127197265625,12.312,28.75,94,6,10,1.21,831,0.004097192082554102,0.0002759319613687694,0.0061555164866149426,1500,1500,1000,1500,1800,1000,1000,1800
1783904324.2563,8.9401,0.02000,50.00,448,68559,0.540,GUIDED,GUIDED,128,0.0,4.470028519630432,10.0,0.0,0.5,0.0,nan,nan,nan,nan,nan,nan,nan,nan,nan,nan,0.02676831296756054,0.1082083587025987,-0.00016714879000565442,0,0,-0.04055509716272354,4.388619422912598,10.003244400024414,0.007959803566336632,0.48452743887901306,-0.0017766518285498023,-13,0,-1000,1,0,-2,0.0021864441223442554,-0.011178791522979736,0.03559102118015289,-0.0006588191026821733,3135,3135,0.019934892654418945,12.312,28.75,94,6,10,1.21,831,0.004097192082554102,0.0002759319613687694,0.0061555164866149426,1500,1500,1000,1500,1800,1000,1000,1800
1783904324.2763,8.9601,0.02000,50.00,449,68579,0.560,GUIDED,GUIDED,128,0.0,4.480028867721558,10.0,0.0,0.5,0.0,nan,nan,nan,nan,nan,nan,nan,nan,nan,nan,0.026707337763912275,0.10823373801634384,-8.315693238136572e-05,0,0,-0.040552616119384766,4.398594856262207,10.003242492675781,0.007993575185537338,0.4845271706581116,-0.0018240433419123292,-13,0,-1000,1,0,-2,0.0021864441223442554,-0.011178791522979736,0.03559102118015289,-0.0006588191026821733,3135,3135,0.01993584632873535,12.312,28.75,94,6,10,1.21,831,0.004097192082554102,0.0002759319613687694,0.0061555164866149426,1500,1500,1000,1500,1800,1000,1000,1800
1783904324.2966,8.9801,0.02032,49.22,450,68599,0.580,GUIDED,GUIDED,128,0.0,4.4900288581848145,10.0,0.0,0.5,0.0,nan,nan,nan,nan,nan,nan,nan,nan,nan,nan,0.026492223500387997,0.10863622252213496,0.00010213910757035692,0,0,-0.04046950489282608,4.408414840698242,10.00322151184082,0.008069787174463272,0.4843987226486206,-0.0019189107697457075,-13,0,-1000,0,0,-1,0.002189666498452425,-0.011188908480107784,0.035547249019145966,-0.0003897332353517413,3135,3135,0.01992344856262207,12.312,28.78,94,6,10,1.21,831,0.004107917658984661,0.0002838888322003186,0.0060788849368691444,1500,1500,1000,1500,1800,1000,1000,1800
1783904324.3163,9.0001,0.01968,50.80,451,68619,0.600,GUIDED,GUIDED,128,0.0,4.500028729438782,10.0,0.0,0.5,0.0,nan,nan,nan,nan,nan,nan,nan,nan,nan,nan,0.02672702559329071,0.10817935493103265,0.00018254616648457483,0,0,-0.0405886285007,4.418643474578857,10.00323486328125,0.008003000169992447,0.48453041911125183,-0.0019730422645807266,-13,0,-1000,0,0,-1,0.002189666498452425,-0.011188908480107784,0.035547249019145966,-0.0003897332353517413,3135,3135,0.019619226455688477,12.312,28.78,94,6,10,1.21,831,0.004107917658984661,0.0002838888322003186,0.0060788849368691444,1500,1500,1000,1500,1800,1000,1000,1800
1783904324.3363,9.0201,0.02000,50.01,452,68639,0.620,GUIDED,GUIDED,128,0.0,4.5100284814834595,10.0,0.0,0.5,0.0,nan,nan,nan,nan,nan,nan,nan,nan,nan,nan,0.026922059643059798,0.10780137239742324,0.0002639798763564567,0,0,-0.04068230837583542,4.4288249015808105,10.003241539001465,0.007944483309984207,0.48464375734329224,-0.0020239122677594423,-13,0,-1000,0,0,-1,0.002189666498452425,-0.011188908480107784,0.035547249019145966,-0.0003897332353517413,3135,3135,0.019932985305786133,12.312,28.78,94,6,10,1.21,831,0.004107917658984661,0.0002838888322003186,0.0060788849368691444,1500,1500,1000,1500,1800,1000,1000,1800
1783904324.3563,9.0401,0.02000,50.00,453,68659,0.640,GUIDED,GUIDED,128,0.0,4.520029067993164,10.0,0.0,0.5,0.0,nan,nan,nan,nan,nan,nan,nan,nan,nan,nan,0.02684054764692412,0.10799253462651093,0.0003527996882149351,0,0,-0.04064116254448891,4.438744068145752,10.003222465515137,0.007967788726091385,0.484580397605896,-0.002064180327579379,-13,0,-1000,0,0,-1,0.002189666498452425,-0.011188908480107784,0.035547249019145966,-0.0003897332353517413,3135,3135,0.019936084747314453,12.312,28.78,94,6,10,1.21,831,0.004107917658984661,0.0002838888322003186,0.0060788849368691444,1500,1500,1000,1500,1800,1000,1000,1800
1783904324.3763,9.0601,0.02000,50.00,454,68679,0.660,GUIDED,GUIDED,128,0.0,4.530028581619263,10.0,0.0,0.5,0.0,nan,nan,nan,nan,nan,nan,nan,nan,nan,nan,0.02692347791234742,0.10781783961791383,0.0004477137087866988,0,0,-0.04070090129971504,4.448861598968506,10.00322437286377,0.007954399101436138,0.4846131205558777,-0.0021200801711529493,-13,0,-1000,0,0,-1,0.002189666498452425,-0.011188908480107784,0.035547249019145966,-0.0003897332353517413,3135,3135,0.019935131072998047,12.312,28.78,94,6,10,1.21,831,0.004107917658984661,0.0002838888322003186,0.0060788849368691444,1500,1500,1000,1500,1800,1000,1000,1800
1783904324.3963,9.0801,0.02003,49.92,455,68699,0.680,GUIDED,GUIDED,128,0.0,4.540028095245361,10.0,0.0,0.5,0.0,nan,nan,nan,nan,nan,nan,nan,nan,nan,nan,0.026735856798038214,0.10808236216180314,0.0005660780077248783,0,0,-0.04064730927348137,4.4587507247924805,10.003202438354492,0.008031780831515789,0.484524130821228,-0.0021757539361715317,-13,0,-1000,0,0,-1,0.002189666498452425,-0.011188908480107784,0.035547249019145966,-0.0003897332353517413,3135,3135,0.019935131072998047,12.312,28.78,94,6,10,1.21,831,0.004107917658984661,0.0002838888322003186,0.0060788849368691444,1500,1500,1000,1500,1800,1000,1000,1800
1783904324.4163,9.1001,0.01999,50.02,456,68719,0.700,GUIDED,GUIDED,128,0.0,4.550030589103699,10.0,0.0,0.5,0.0,nan,nan,nan,nan,nan,nan,nan,nan,nan,nan,0.02681254215783885,0.10798578224423505,0.0005499984370274701,0,0,-0.04068443179130554,4.468812942504883,10.003199577331543,0.00800893921405077,0.48454540967941284,-0.0021648185793310404,-13,0,-1000,0,0,-1,0.002189666498452425,-0.011188908480107784,0.035547249019145966,-0.0003897332353517413,3135,3135,0.019927501678466797,12.312,28.78,94,6,10,1.21,831,0.004107917658984661,0.0002838888322003186,0.0060788849368691444,1500,1500,1000,1500,1800,1000,1000,1800
1783904324.4363,9.1201,0.01997,50.06,457,68739,0.720,GUIDED,GUIDED,128,0.0,4.5600281953811646,10.0,0.0,0.5,0.0,nan,nan,nan,nan,nan,nan,nan,nan,nan,nan,0.02680631751942575,0.10794422302364107,0.00039231116422276105,0,0,-0.04070178419351578,4.478839874267578,10.003192901611328,0.00802255142480135,0.4845524728298187,-0.002069923561066389,-13,0,-1000,0,0,-1,0.002189666498452425,-0.011188908480107784,0.035547249019145966,-0.0003897332353517413,3135,3135,0.019910573959350586,12.312,28.78,94,6,10,1.21,831,0.004107917658984661,0.0002838888322003186,0.0060788849368691444,1500,1500,1000,1500,1800,1000,1000,1800
1783904324.4563,9.1401,0.02000,49.99,458,68759,0.740,GUIDED,GUIDED,128,0.0,4.570029258728027,10.0,0.0,0.5,0.0,nan,nan,nan,nan,nan,nan,nan,nan,nan,nan,0.026646604223744166,0.1082743841840313,0.00027120608340064096,0,0,-0.0406230129301548,4.488683700561523,10.003169059753418,0.008069283328950405,0.48445263504981995,-0.001986238406971097,-13,0,-1000,0,0,-1,0.002189666498452425,-0.011188908480107784,0.035547249019145966,-0.0003897332353517413,3135,3135,0.019938945770263672,12.312,28.78,94,6,10,1.21,831,0.004107917658984661,0.0002838888322003186,0.0060788849368691444,1500,1500,1000,1500,1800,1000,1000,1800
1783904324.4763,9.1601,0.02000,50.01,459,68779,0.760,GUIDED,GUIDED,128,0.0,4.580028176307678,10.0,0.0,0.5,0.0,nan,nan,nan,nan,nan,nan,nan,nan,nan,nan,0.0265959534506476,0.10831946003750353,0.0001966013621213106,0,0,-0.04061279445886612,4.498660564422607,10.003164291381836,0.008092626929283142,0.48443934321403503,-0.0019404123304411769,-13,0,-1000,0,0,-1,0.002189666498452425,-0.011188908480107784,0.035547249019145966,-0.0003897332353517413,3135,3135,0.019932270050048828,12.312,28.78,94,6,10,1.21,831,0.004107917658984661,0.0002838888322003186,0.0060788849368691444,1500,1500,1000,1500,1800,1000,1000,1800
1783904324.4963,9.1801,0.02000,49.99,460,68799,0.780,GUIDED,GUIDED,128,0.0,4.590029239654541,10.0,0.0,0.5,0.0,nan,nan,nan,nan,nan,nan,nan,nan,nan,nan,0.026372666715463525,0.10869927262408347,0.00019876291917501334,0,0,-0.040524959564208984,4.508480548858643,10.003142356872559,0.008170830085873604,0.4843246042728424,-0.001928996411152184,-13,0,-1000,0,0,-1,0.002189666498452425,-0.011188908480107784,0.035547249019145966,-0.0003897332353517413,3135,3135,0.019938945770263672,12.312,28.78,94,6,10,1.21,831,0.004107917658984661,0.0002838888322003186,0.0060788849368691444,1500,1500,1000,1500,1800,1000,1000,1800
1783904324.5163,9.2001,0.02000,50.01,461,68819,0.800,GUIDED,GUIDED,128,0.0,4.6000285148620605,10.0,0.0,0.5,0.0,nan,nan,nan,nan,nan,nan,nan,nan,nan,nan,0.026595823822308493,0.1082438395166281,0.0001225420077447313,0,0,-0.04063817113637924,4.518712520599365,10.003161430358887,0.008107353001832962,0.4844532012939453,-0.0018960023298859596,-13,0,-1000,0,0,-1,0.002189666498452425,-0.011188908480107784,0.035547249019145966,-0.0003897332353517413,3135,3135,0.01993274688720703,12.312,28.78,94,6,10,1.21,831,0.004107917658984661,0.0002838888322003186,0.0060788849368691444,1500,1500,1000,1500,1800,1000,1000,1800
1783904324.5363,9.2201,0.01998,50.06,462,68839,0.820,GUIDED,GUIDED,128,0.0,4.610028862953186,10.0,0.0,0.5,0.0,nan,nan,nan,nan,nan,nan,nan,nan,nan,nan,0.026767523390484597,0.10792275980194305,3.5111418712065016e-06,0,0,-0.040726449340581894,4.528896331787109,10.003175735473633,0.008059189654886723,0.4845326542854309,-0.0018355388892814517,-13,0,-1000,0,0,-1,0.002189666498452425,-0.011188908480107784,0.035547249019145966,-0.0003897332353517413,3135,3135,0.01992511749267578,12.312,28.78,94,6,10,1.21,831,0.004107917658984661,0.0002838888322003186,0.0060788849368691444,1500,1500,1000,1500,1800,1000,1000,1800
1783904324.5568,9.2401,0.02049,48.80,463,68859,0.841,GUIDED,GUIDED,128,0.0,4.62002968788147,10.0,0.0,0.5,0.0,nan,nan,nan,nan,nan,nan,nan,nan,nan,nan,0.02660476007583052,0.10812021215351643,-4.0137042695412295e-05,0,0,-0.04068085178732872,4.538815021514893,10.003162384033203,0.008126835338771343,0.4844660758972168,-0.0018026301404461265,-13,0,-1001,0,0,-1,0.0021404887083917856,-0.011176098138093948,0.0354001559317112,-0.0004106876440346241,3135,3135,0.02043890953063965,12.312,28.78,94,6,10,1.21,831,0.004129081964492798,0.00028609661967493594,0.00616141501814127,1500,1500,1000,1500,1800,1000,1000,1800
1783904324.5763,9.2601,0.01950,51.27,464,68879,0.860,GUIDED,GUIDED,128,0.0,4.63002610206604,10.0,0.0,0.5,0.0,nan,nan,nan,nan,nan,nan,nan,nan,nan,nan,0.02667563195547301,0.10786099235459895,-9.772581965453468e-05,0,0,-0.04073441028594971,4.548935413360596,10.003173828125,0.008116839453577995,0.48454415798187256,-0.0017759884940460324,-13,0,-1001,0,0,-1,0.0021404887083917856,-0.011176098138093948,0.0354001559317112,-0.0004106876440346241,3135,3135,0.019450902938842773,12.312,28.78,94,6,10,1.21,831,0.004129081964492798,0.00028609661967493594,0.00616141501814127,1500,1500,1000,1500,1800,1000,1000,1800
1783904324.5963,9.2801,0.02000,49.99,465,68899,0.880,GUIDED,GUIDED,128,0.0,4.640028595924377,10.0,0.0,0.5,0.0,nan,nan,nan,nan,nan,nan,nan,nan,nan,nan,0.02655982890819747,0.10813985134077,-0.00010122587116600471,0,0,-0.040676746517419815,4.55882453918457,10.003162384033203,0.008150406181812286,0.4844486117362976,-0.001767360488884151,-13,0,-1001,0,0,-1,0.0021404887083917856,-0.011176098138093948,0.0354001559317112,-0.0004106876440346241,3135,3135,0.019951820373535156,12.312,28.78,94,6,10,1.21,831,0.004129081964492798,0.00028609661967493594,0.00616141501814127,1500,1500,1000,1500,1800,1000,1000,1800
1783904324.6163,9.3000,0.02002,49.96,466,68919,0.900,GUIDED,GUIDED,128,0.0,4.6500242948532104,10.0,0.0,0.5,0.0,nan,nan,nan,nan,nan,nan,nan,nan,nan,nan,0.026620147989134278,0.10800275949201517,-0.00011867392180591905,0,0,-0.040709126740694046,4.568889141082764,10.00317096710205,0.008134275674819946,0.48448798060417175,-0.0017622422892600298,-13,0,-1001,0,0,-1,0.0021404887083917856,-0.011176098138093948,0.0354001559317112,-0.0004106876440346241,3135,3135,0.01995062828063965,12.312,28.78,94,6,10,1.21,831,0.004129081964492798,0.00028609661967493594,0.00616141501814127,1500,1500,1000,1500,1800,1000,1000,1800
1783904324.6363,9.3201,0.02001,49.98,467,68939,0.920,GUIDED,GUIDED,128,0.0,4.66002881526947,10.0,0.0,0.5,0.0,nan,nan,nan,nan,nan,nan,nan,nan,nan,nan,0.026618989235360227,0.1079814863260038,-0.00010093682300913766,0,0,-0.04072163254022598,4.578917980194092,10.003174781799316,0.008142164908349514,0.4844862222671509,-0.00177468522451818,-13,0,-1001,0,0,-1,0.0021404887083917856,-0.011176098138093948,0.0354001559317112,-0.0004106876440346241,3135,3135,0.019944190979003906,12.312,28.78,94,6,10,1.21,831,0.004129081964492798,0.00028609661967493594,0.00616141501814127,1500,1500,1000,1500,1800,1000,1000,1800
1783904324.6563,9.3401,0.02000,50.00,468,68959,0.940,GUIDED,GUIDED,128,0.0,4.670028924942017,10.0,0.0,0.5,0.0,nan,nan,nan,nan,nan,nan,nan,nan,nan,nan,0.026424356623269904,0.10834837578176573,-2.5353953709171626e-05,0,0,-0.04063938930630684,4.588761806488037,10.003157615661621,0.008207052946090698,0.4843646287918091,-0.0018084121402353048,-13,0,-1001,0,0,-1,0.0021404887083917856,-0.011176098138093948,0.0354001559317112,-0.0004106876440346241,3135,3135,0.019936561584472656,12.312,28.78,94,6,10,1.21,831,0.004129081964492798,0.00028609661967493594,0.00616141501814127,1500,1500,1000,1500,1800,1000,1000,1800
1783904324.6763,9.3601,0.02000,50.01,469,68979,0.960,GUIDED,GUIDED,128,0.0,4.680027961730957,10.0,0.0,0.5,0.0,nan,nan,nan,nan,nan,nan,nan,nan,nan,nan,0.026363729363387323,0.10804648308667357,8.6286473820973e-05,0,0,-0.04061713442206383,4.599142074584961,10.003156661987305,0.008229207247495651,0.4843188226222992,-0.0018723171669989824,-13,0,-1001,0,0,-1,0.0021404887083917856,-0.011176098138093948,0.0354001559317112,-0.0004106876440346241,3135,3135,0.019933462142944336,12.312,28.78,94,6,10,1.21,831,0.004129081964492798,0.00028609661967493594,0.00616141501814127,1500,1500,1000,1500,1800,1000,1000,1800
1783904324.6963,9.3801,0.02000,49.99,470,68999,0.980,GUIDED,GUIDED,128,0.0,4.69002890586853,10.0,0.0,0.5,0.0,nan,nan,nan,nan,nan,nan,nan,nan,nan,nan,0.026313849819834298,0.10815139989392358,0.0002925527742674949,0,0,-0.04059506952762604,4.609090805053711,10.003154754638672,0.008245266042649746,0.48428839445114136,-0.001990303862839937,-13,0,-1001,0,0,-1,0.0021404887083917856,-0.011176098138093948,0.0354001559317112,-0.0004106876440346241,3135,3135,0.019937992095947266,12.312,28.78,94,6,10,1.21,831,0.004129081964492798,0.00028609661967493594,0.00616141501814127,1500,1500,1000,1500,1800,1000,1000,1800
1783904324.7163,9.4001,0.02001,49.97,471,69019,0.000,GUIDED,GUIDED,128,0.0,4.700028896331787,10.0,0.0,0.5,0.0,nan,nan,nan,nan,nan,nan,nan,nan,nan,nan,0.026215503636706362,0.10832058146184922,0.00039327081314686346,0,0,-0.04056714475154877,4.6190185546875,10.003141403198242,0.00828592386096716,0.48423242568969727,-0.0020407449919730425,-13,0,-1001,0,0,-1,0.0021404887083917856,-0.011176098138093948,0.0354001559317112,-0.0004106876440346241,3135,3135,0.019924163818359375,12.312,28.78,94,6,10,1.21,831,0.004129081964492798,0.00028609661967493594,0.00616141501814127,1500,1500,1000,1500,1800,1000,1000,1800
1783904324.7363,9.4201,0.01999,50.03,472,69039,0.020,GUIDED,GUIDED,128,0.0,4.710028171539307,10.0,0.0,0.5,0.0,nan,nan,nan,nan,nan,nan,nan,nan,nan,nan,0.02642365326044004,0.1080117173828315,0.0004947293281923806,0,0,-0.040658436715602875,4.629161357879639,10.003150939941406,0.00821845605969429,0.48432788252830505,-0.0021048281341791153,-13,0,-1001,0,0,-1,0.0021404887083917856,-0.011176098138093948,0.0354001559317112,-0.0004106876440346241,3135,3135,0.019921541213989258,12.312,28.78,94,6,10,1.21,831,0.004129081964492798,0.00028609661967493594,0.00616141501814127,1500,1500,1000,1500,1800,1000,1000,1800
1783904324.7563,9.4400,0.01999,50.02,473,69059,0.040,GUIDED,GUIDED,128,0.0,4.7200236320495605,10.0,0.0,0.5,0.0,nan,nan,nan,nan,nan,nan,nan,nan,nan,nan,0.026325102566085577,0.10825511111435451,0.0005948109838598246,0,0,-0.040613044053316116,4.6390581130981445,10.003131866455078,0.008249146863818169,0.48424434661865234,-0.00215159822255373,-13,0,-1001,0,0,-1,0.0021404887083917856,-0.011176098138093948,0.0354001559317112,-0.0004106876440346241,3135,3135,0.01992630958557129,12.312,28.78,94,6,10,1.21,831,0.004129081964492798,0.00028609661967493594,0.00616141501814127,1500,1500,1000,1500,1800,1000,1000,1800
1783904324.7763,9.4601,0.02001,49.98,474,69079,0.060,GUIDED,GUIDED,128,0.0,4.730028510093689,10.0,0.0,0.5,0.0,nan,nan,nan,nan,nan,nan,nan,nan,nan,nan,0.026466456818494036,0.10804961332356737,0.0005162783929740043,0,0,-0.04067068174481392,4.64914083480835,10.003135681152344,0.008200813084840775,0.4843180477619171,-0.0021084598265588284,-13,0,-1001,0,0,-1,0.0021404887083917856,-0.011176098138093948,0.0354001559317112,-0.0004106876440346241,3135,3135,0.019942045211791992,12.312,28.78,94,6,10,1.21,831,0.004129081964492798,0.00028609661967493594,0.00616141501814127,1500,1500,1000,1500,1800,1000,1000,1800
1783904324.7967,9.4800,0.02043,48.95,475,69099,0.080,GUIDED,GUIDED,128,0.0,4.740023970603943,10.0,0.0,0.5,0.0,nan,nan,nan,nan,nan,nan,nan,nan,nan,nan,0.02652445392461042,0.10753813610097288,0.0003188854113335025,0,0,-0.040708787739276886,4.659591197967529,10.003138542175293,0.008189328946173191,0.48435071110725403,-0.001996146747842431,-13,0,-1001,0,2,-1,0.0021284602116793394,-0.011153068393468857,0.03529584780335426,-0.0006749691674485803,3135,3135,0.019924163818359375,12.312,28.75,94,6,10,1.21,831,0.002777104265987873,0.000281111424556002,0.006223178002983332,1500,1500,1000,1500,1800,1000,1000,1800
1783904324.8163,9.5000,0.01954,51.18,476,69119,0.100,GUIDED,GUIDED,128,0.0,4.750023365020752,10.0,0.0,0.5,0.0,nan,nan,nan,nan,nan,nan,nan,nan,nan,nan,0.026334653320091803,0.10787096231153069,0.0001977343033754942,0,0,-0.04064151644706726,4.669443130493164,10.003119468688965,0.008260071277618408,0.4842436909675598,-0.0019151880405843258,-13,0,-1001,0,2,-1,0.0021284602116793394,-0.011153068393468857,0.03529584780335426,-0.0006749691674485803,3135,3135,0.019484281539916992,12.312,28.75,94,6,10,1.21,831,0.002777104265987873,0.000281111424556002,0.006223178002983332,1500,1500,1000,1500,1800,1000,1000,1800
1783904324.8362,9.5200,0.01998,50.05,477,69139,0.120,GUIDED,GUIDED,128,0.0,4.7600202560424805,10.0,0.0,0.5,0.0,nan,nan,nan,nan,nan,nan,nan,nan,nan,nan,0.026390203795655695,0.10787396848638028,0.00017001671166498459,0,0,-0.04065690562129021,4.679439544677734,10.003120422363281,0.008236884139478207,0.4842422306537628,-0.0018997358856722713,-13,0,-1001,0,2,-1,0.0021284602116793394,-0.011153068393468857,0.03529584780335426,-0.0006749691674485803,3135,3135,0.019930124282836914,12.312,28.75,94,6,10,1.21,831,0.002777104265987873,0.000281111424556002,0.006223178002983332,1500,1500,1000,1500,1800,1000,1000,1800
1783904324.8562,9.5400,0.01999,50.02,478,69159,0.140,GUIDED,GUIDED,128,0.0,4.770020008087158,10.0,0.0,0.5,0.0,nan,nan,nan,nan,nan,nan,nan,nan,nan,nan,0.02636357078716864,0.10796726208065051,0.00010121444372733924,0,0,-0.04065386578440666,4.689404487609863,10.003117561340332,0.008250505663454533,0.48420846462249756,-0.0018583610653877258,-13,0,-1001,0,2,-1,0.0021284602116793394,-0.011153068393468857,0.03529584780335426,-0.0006749691674485803,3135,3135,0.019945621490478516,12.312,28.75,94,6,10,1.21,831,0.002777104265987873,0.000281111424556002,0.006223178002983332,1500,1500,1000,1500,1800,1000,1000,1800
1783904324.8762,9.5600,0.02000,50.01,479,69179,0.160,GUIDED,GUIDED,128,0.0,4.7800198793411255,10.0,0.0,0.5,0.0,nan,nan,nan,nan,nan,nan,nan,nan,nan,nan,0.02616806955585969,0.10840894836211071,9.230404542124237e-05,0,0,-0.040563032031059265,4.699214935302734,10.003100395202637,0.008310935460031033,0.4840628206729889,-0.0018433057703077793,-13,0,-1001,0,2,-1,0.0021284602116793394,-0.011153068393468857,0.03529584780335426,-0.0006749691674485803,3135,3135,0.019953012466430664,12.312,28.75,94,6,10,1.21,831,0.002777104265987873,0.000281111424556002,0.006223178002983332,1500,1500,1000,1500,1800,1000,1000,1800
1783904324.8962,9.5800,0.02000,49.99,480,69199,0.180,GUIDED,GUIDED,128,0.0,4.790021181106567,10.0,0.0,0.5,0.0,nan,nan,nan,nan,nan,nan,nan,nan,nan,nan,0.026149271503640756,0.10860671554734318,9.861703626344023e-05,0,0,-0.040545087307691574,4.709137916564941,10.00309944152832,0.008311428129673004,0.48399385809898376,-0.0018463999731466174,-13,0,-1001,0,2,-1,0.0021284602116793394,-0.011153068393468857,0.03529584780335426,-0.0006749691674485803,3135,3135,0.019959211349487305,12.312,28.75,94,6,10,1.21,831,0.002777104265987873,0.000281111424556002,0.006223178002983332,1500,1500,1000,1500,1800,1000,1000,1800
1783904324.9163,9.6001,0.02006,49.86,481,69219,0.200,GUIDED,GUIDED,128,0.0,4.8000277280807495,10.0,0.0,0.5,0.0,nan,nan,nan,nan,nan,nan,nan,nan,nan,nan,0.026063885567467387,0.10882614538616153,0.00011350812490841218,0,0,-0.04051782935857773,4.719062805175781,10.003090858459473,0.008344988338649273,0.483914315700531,-0.0018500419100746512,-13,0,-1001,0,2,-1,0.0021284602116793394,-0.011153068393468857,0.03529584780335426,-0.0006749691674485803,3135,3135,0.019993305206298828,12.312,28.75,94,6,10,1.21,831,0.002777104265987873,0.000281111424556002,0.006223178002983332,1500,1500,1000,1500,1800,1000,1000,1800
1783904324.9363,9.6201,0.02000,49.99,482,69239,0.220,GUIDED,GUIDED,128,0.0,4.810030102729797,10.0,0.0,0.5,0.0,nan,nan,nan,nan,nan,nan,nan,nan,nan,nan,0.026306232024607197,0.10852435542218716,2.2108829547154343e-05,0,0,-0.040612004697322845,4.72920560836792,10.003108024597168,0.008259441703557968,0.48400747776031494,-0.0018071833765134215,-13,0,-1001,0,2,-1,0.0021284602116793394,-0.011153068393468857,0.03529584780335426,-0.0006749691674485803,3135,3135,0.01994037628173828,12.312,28.75,94,6,10,1.21,831,0.002777104265987873,0.000281111424556002,0.006223178002983332,1500,1500,1000,1500,1800,1000,1000,1800
1783904324.9563,9.6401,0.01999,50.01,483,69259,0.240,GUIDED,GUIDED,128,0.0,4.820027112960815,10.0,0.0,0.5,0.0,nan,nan,nan,nan,nan,nan,nan,nan,nan,nan,0.026455485909407196,0.10832853882964023,9.709450335855518e-06,0,0,-0.040682949125766754,4.739306449890137,10.003120422363281,0.008214229717850685,0.4840605854988098,-0.001807182445190847,-13,0,-1001,0,2,-1,0.0021284602116793394,-0.011153068393468857,0.03529584780335426,-0.0006749691674485803,3135,3135,0.01992964744567871,12.312,28.75,94,6,10,1.21,831,0.002777104265987873,0.000281111424556002,0.006223178002983332,1500,1500,1000,1500,1800,1000,1000,1800
1783904324.9763,9.6601,0.02000,50.00,484,69279,0.260,GUIDED,GUIDED,128,0.0,4.830027222633362,10.0,0.0,0.5,0.0,nan,nan,nan,nan,nan,nan,nan,nan,nan,nan,0.026275243144432973,0.10866053534559883,8.478077394904766e-05,0,0,-0.04062790051102638,4.749180316925049,10.003106117248535,0.008286510594189167,0.48394179344177246,-0.0018422658322378993,-13,0,-1001,0,2,-1,0.0021284602116793394,-0.011153068393468857,0.03529584780335426,-0.0006749691674485803,3135,3135,0.019936323165893555,12.312,28.75,94,6,10,1.21,831,0.002777104265987873,0.000281111424556002,0.006223178002983332,1500,1500,1000,1500,1800,1000,1000,1800
1783904324.9963,9.6801,0.02000,50.00,485,69299,0.280,GUIDED,GUIDED,128,0.0,4.840027093887329,10.0,0.0,0.5,0.0,nan,nan,nan,nan,nan,nan,nan,nan,nan,nan,0.02640179772975585,0.10857495206528239,0.00010096554544970554,0,0,-0.040675994008779526,4.7592267990112305,10.003113746643066,0.00824121106415987,0.48396429419517517,-0.0018560149474069476,-13,0,-1001,0,2,-1,0.0021284602116793394,-0.011153068393468857,0.03529584780335426,-0.0006749691674485803,3135,3135,0.019934892654418945,12.312,28.75,94,6,10,1.21,831,0.002777104265987873,0.000281111424556002,0.006223178002983332,1500,1500,1000,1500,1800,1000,1000,1800
1783904325.0163,9.7000,0.01997,50.07,486,69319,0.300,GUIDED,GUIDED,128,0.0,4.85002338886261,10.0,0.0,0.5,0.0,nan,nan,nan,nan,nan,nan,nan,nan,nan,nan,0.026215546809191366,0.1088978845193047,0.0001018037113969519,0,0,-0.040609728544950485,4.769073963165283,10.00309944152832,0.008310484699904919,0.4838639497756958,-0.0018482398008927703,-13,0,-1001,0,2,-1,0.0021284602116793394,-0.011153068393468857,0.03529584780335426,-0.0006749691674485803,3135,3135,0.01991558074951172,12.312,28.75,94,6,10,1.21,831,0.002777104265987873,0.000281111424556002,0.006223178002983332,1500,1500,1000,1500,1800,1000,1000,1800
1783904325.0362,9.7200,0.01998,50.04,487,69339,0.320,GUIDED,GUIDED,128,0.0,4.860020756721497,10.0,0.0,0.5,0.0,nan,nan,nan,nan,nan,nan,nan,nan,nan,nan,0.026280593390647564,0.10889457833514504,0.0001475950043645603,0,0,-0.04062819853425026,4.779069423675537,10.003103256225586,0.008283593691885471,0.48386695981025696,-0.0018768798327073455,-13,0,-1001,0,2,-1,0.0021284602116793394,-0.011153068393468857,0.03529584780335426,-0.0006749691674485803,3135,3135,0.019932270050048828,12.312,28.75,94,6,10,1.21,831,0.002777104265987873,0.000281111424556002,0.006223178002983332,1500,1500,1000,1500,1800,1000,1000,1800
1783904325.0566,9.7400,0.02036,49.12,488,69359,0.340,GUIDED,GUIDED,128,0.0,4.870020627975464,10.0,0.0,0.5,0.0,nan,nan,nan,nan,nan,nan,nan,nan,nan,nan,0.02630081886853635,0.10895581759227949,7.479992358118892e-05,0,0,-0.04062831029295921,4.789032936096191,10.003103256225586,0.008271981030702591,0.4838525950908661,-0.0018348515732213855,-13,0,-1001,0,0,-1,0.002102539176121354,-0.011120789684355259,0.03518197685480118,-0.00020313309505581856,3135,3135,0.020308732986450195,12.312,28.78,94,6,10,1.21,831,0.003316842718049884,0.00028439678135327995,0.0063063884153962135,1500,1500,1000,1500,1800,1000,1000,1800
1783904325.0762,9.7600,0.01963,50.94,489,69379,0.360,GUIDED,GUIDED,128,0.0,4.880020618438721,10.0,0.0,0.5,0.0,nan,nan,nan,nan,nan,nan,nan,nan,nan,nan,0.02606827024343026,0.10942954312044133,-1.8530214620346343e-05,0,0,-0.04053866118192673,4.7988386154174805,10.003085136413574,0.008354484103620052,0.4836912751197815,-0.001770505914464593,-13,0,-1001,0,0,-1,0.002102539176121354,-0.011120789684355259,0.03518197685480118,-0.00020313309505581856,3135,3135,0.019585132598876953,12.312,28.78,94,6,10,1.21,831,0.003316842718049884,0.00028439678135327995,0.0063063884153962135,1500,1500,1000,1500,1800,1000,1000,1800
1783904325.0962,9.7800,0.02001,49.98,490,69399,0.380,GUIDED,GUIDED,128,0.0,4.890023589134216,10.0,0.0,0.5,0.0,nan,nan,nan,nan,nan,nan,nan,nan,nan,nan,0.026000516929624982,0.10960772185697448,-7.274919202261611e-05,0,0,-0.04052293673157692,4.8087592124938965,10.00308609008789,0.0083845229819417,0.48363596200942993,-0.0017397531773895025,-13,0,-1001,0,0,-1,0.002102539176121354,-0.011120789684355259,0.03518197685480118,-0.00020313309505581856,3135,3135,0.01996135711669922,12.312,28.78,94,6,10,1.21,831,0.003316842718049884,0.00028439678135327995,0.0063063884153962135,1500,1500,1000,1500,1800,1000,1000,1800
1783904325.1162,9.8000,0.02000,50.01,491,69419,0.400,GUIDED,GUIDED,128,0.0,4.900023579597473,10.0,0.0,0.5,0.0,nan,nan,nan,nan,nan,nan,nan,nan,nan,nan,0.025970781691956574,0.10978136464108268,1.6705949041151327e-05,0,0,-0.040496259927749634,4.818684101104736,10.003080368041992,0.008386288769543171,0.4835790693759918,-0.0017880965024232864,-13,0,-1001,0,0,-1,0.002102539176121354,-0.011120789684355259,0.03518197685480118,-0.00020313309505581856,3135,3135,0.01995110511779785,12.312,28.78,94,6,10,1.21,831,0.003316842718049884,0.00028439678135327995,0.0063063884153962135,1500,1500,1000,1500,1800,1000,1000,1800
1783904325.1362,9.8200,0.02000,50.00,492,69439,0.420,GUIDED,GUIDED,128,0.0,4.91002357006073,10.0,0.0,0.5,0.0,nan,nan,nan,nan,nan,nan,nan,nan,nan,nan,0.02618334213107034,0.10946007288116848,5.896224769997866e-05,0,0,-0.04059205949306488,4.828832149505615,10.00309944152832,0.008318876847624779,0.4836790859699249,-0.001823505270294845,-13,0,-1001,0,0,-1,0.002102539176121354,-0.011120789684355259,0.03518197685480118,-0.00020313309505581856,3135,3135,0.019954204559326172,12.312,28.78,94,6,10,1.21,831,0.003316842718049884,0.00028439678135327995,0.0063063884153962135,1500,1500,1000,1500,1800,1000,1000,1800
1783904325.1562,9.8400,0.02000,50.01,493,69459,0.440,GUIDED,GUIDED,128,0.0,4.920023202896118,10.0,0.0,0.5,0.0,nan,nan,nan,nan,nan,nan,nan,nan,nan,nan,0.02633061271284572,0.10923877867168495,7.867192593651517e-05,0,0,-0.0406644307076931,4.838937759399414,10.003113746643066,0.008275633677840233,0.48374566435813904,-0.0018431437201797962,-13,0,-1001,0,0,-1,0.002102539176121354,-0.011120789684355259,0.03518197685480118,-0.00020313309505581856,3135,3135,0.019951343536376953,12.312,28.78,94,6,10,1.21,831,0.003316842718049884,0.00028439678135327995,0.0063063884153962135,1500,1500,1000,1500,1800,1000,1000,1800
1783904325.1762,9.8600,0.01999,50.02,494,69479,0.460,GUIDED,GUIDED,128,0.0,4.930020451545715,10.0,0.0,0.5,0.0,nan,nan,nan,nan,nan,nan,nan,nan,nan,nan,0.026177771696357932,0.10947719225248188,0.00014383217369312064,0,0,-0.04060911759734154,4.84881067276001,10.00309944152832,0.008331941440701485,0.48367980122566223,-0.0018725049449130893,-13,0,-1001,0,0,-1,0.002102539176121354,-0.011120789684355259,0.03518197685480118,-0.00020313309505581856,3135,3135,0.01994800567626953,12.312,28.78,94,6,10,1.21,831,0.003316842718049884,0.00028439678135327995,0.0063063884153962135,1500,1500,1000,1500,1800,1000,1000,1800
1783904325.1962,9.8800,0.02000,50.01,495,69499,0.480,GUIDED,GUIDED,128,0.0,4.940019965171814,10.0,0.0,0.5,0.0,nan,nan,nan,nan,nan,nan,nan,nan,nan,nan,0.026271041159072864,0.1093659262914351,0.00011583077068400786,0,0,-0.040658604353666306,4.858862400054932,10.0031099319458,0.008306663483381271,0.48371389508247375,-0.001862394972704351,-13,0,-1001,0,0,-1,0.002102539176121354,-0.011120789684355259,0.03518197685480118,-0.00020313309505581856,3135,3135,0.019954681396484375,12.312,28.78,94,6,10,1.21,831,0.003316842718049884,0.00028439678135327995,0.0063063884153962135,1500,1500,1000,1500,1800,1000,1000,1800
1783904325.2163,9.9000,0.02003,49.91,496,69519,0.500,GUIDED,GUIDED,128,0.0,4.950021982192993,10.0,0.0,0.5,0.0,nan,nan,nan,nan,nan,nan,nan,nan,nan,nan,0.026085682860788176,0.10967025591310736,6.902151891490437e-05,0,0,-0.04059228301048279,4.868710041046143,10.003096580505371,0.008375389501452446,0.4836273193359375,-0.0018276611808687449,-13,0,-1001,0,0,-1,0.002102539176121354,-0.011120789684355259,0.03518197685480118,-0.00020313309505581856,3135,3135,0.019971132278442383,12.312,28.78,94,6,10,1.21,831,0.003316842718049884,0.00028439678135327995,0.0063063884153962135,1500,1500,1000,1500,1800,1000,1000,1800
1783904325.2362,9.9200,0.01998,50.06,497,69539,0.520,GUIDED,GUIDED,128,0.0,4.960020303726196,10.0,0.0,0.5,0.0,nan,nan,nan,nan,nan,nan,nan,nan,nan,nan,0.026110112099998112,0.10968292969084255,-4.976686327469839e-05,0,0,-0.040611382573843,4.878709316253662,10.003104209899902,0.008372312411665916,0.48361945152282715,-0.0017634835094213486,-13,0,-1001,0,0,-1,0.002102539176121354,-0.011120789684355259,0.03518197685480118,-0.00020313309505581856,3135,3135,0.019929170608520508,12.312,28.78,94,6,10,1.21,831,0.003316842718049884,0.00028439678135327995,0.0063063884153962135,1500,1500,1000,1500,1800,1000,1000,1800
1783904325.2563,9.9401,0.02003,49.93,498,69559,0.540,GUIDED,GUIDED,128,0.0,4.970025181770325,10.0,0.0,0.5,0.0,nan,nan,nan,nan,nan,nan,nan,nan,nan,nan,0.02609903598161887,0.10973458490626083,-9.873640843160092e-05,0,0,-0.040611594915390015,4.888676166534424,10.003108024597168,0.008378829807043076,0.4836115837097168,-0.001737413345836103,-13,0,-1001,0,0,-1,0.002102539176121354,-0.011120789684355259,0.03518197685480118,-0.00020313309505581856,3135,3135,0.019977092742919922,12.312,28.78,94,6,10,1.21,831,0.003316842718049884,0.00028439678135327995,0.0063063884153962135,1500,1500,1000,1500,1800,1000,1000,1800
1783904325.2763,9.9601,0.02003,49.93,499,69579,0.560,GUIDED,GUIDED,128,0.0,4.980026841163635,10.0,0.0,0.5,0.0,nan,nan,nan,nan,nan,nan,nan,nan,nan,nan,0.0258865022358254,0.11014985533531427,-0.0001291102856836473,0,0,-0.04052084684371948,4.898481369018555,10.003090858459473,0.008449142798781395,0.48348525166511536,-0.0017099661054089665,-13,0,-1001,0,0,-1,0.002102539176121354,-0.011120789684355259,0.03518197685480118,-0.00020313309505581856,3135,3135,0.01996302604675293,12.312,28.78,94,6,10,1.21,831,0.003316842718049884,0.00028439678135327995,0.0063063884153962135,1500,1500,1000,1500,1800,1000,1000,1800
1783904325.2967,9.9801,0.02036,49.11,500,69599,0.580,GUIDED,GUIDED,128,0.0,4.990026831626892,10.0,0.0,0.5,0.0,nan,nan,nan,nan,nan,nan,nan,nan,nan,nan,0.025845247801450394,0.11030450227716873,-7.587723653611645e-05,0,0,-0.040505487471818924,4.9084062576293945,10.003093719482422,0.008464093320071697,0.4834393262863159,-0.001742352033033967,-13,0,-1001,1,0,-1,0.002142434474080801,-0.01114917453378439,0.03511767461895943,-2.5351648218929768e-05,3135,3135,0.019935131072998047,12.312,28.75,93,6,10,1.21,831,0.0034298195969313383,0.00028958957409486175,0.006406847387552261,1500,1500,1000,1500,1800,1000,1000,1800
1783904325.3163,10.0000,0.01962,50.98,501,69619,0.600,GUIDED,GUIDED,128,0.0,5.000021815299988,10.0,0.0,0.5,0.0,nan,nan,nan,nan,nan,nan,nan,nan,nan,nan,0.02578063788948099,0.11046026313567411,-1.2090719312590151e-05,0,0,-0.04047798365354538,4.918334007263184,10.003087997436523,0.008485516533255577,0.483388215303421,-0.0017758755711838603,-13,0,-1001,1,0,-1,0.002142434474080801,-0.01114917453378439,0.03511767461895943,-2.5351648218929768e-05,3135,3135,0.019555091857910156,12.312,28.75,93,6,10,1.21,831,0.0034298195969313383,0.00028958957409486175,0.006406847387552261,1500,1500,1000,1500,1800,1000,1000,1800
1783904325.3363,10.0200,0.02002,49.96,502,69639,0.620,GUIDED,GUIDED,128,0.0,5.01002299785614,10.0,0.0,0.5,0.0,nan,nan,nan,nan,nan,nan,nan,nan,nan,nan,0.026001908283015865,0.11009682845597438,-5.886136210233152e-05,0,0,-0.040573909878730774,4.928491115570068,10.003108978271484,0.008413149043917656,0.48350802063941956,-0.0017609858186915517,-13,0,-1001,1,0,-1,0.002142434474080801,-0.01114917453378439,0.03511767461895943,-2.5351648218929768e-05,3135,3135,0.019949674606323242,12.312,28.75,93,6,10,1.21,831,0.0034298195969313383,0.00028958957409486175,0.006406847387552261,1500,1500,1000,1500,1800,1000,1000,1800
1783904325.3563,10.0400,0.01999,50.03,503,69659,0.640,GUIDED,GUIDED,128,0.0,5.020023226737976,10.0,0.0,0.5,0.0,nan,nan,nan,nan,nan,nan,nan,nan,nan,nan,0.02615799394636245,0.10985731437012308,-5.546480434362195e-05,0,0,-0.040646277368068695,4.938605785369873,10.003125190734863,0.008364814333617687,0.48358023166656494,-0.0017723070923238993,-13,0,-1001,1,0,-1,0.002142434474080801,-0.01114917453378439,0.03511767461895943,-2.5351648218929768e-05,3135,3135,0.01992654800415039,12.312,28.75,93,6,10,1.21,831,0.0034298195969313383,0.00028958957409486175,0.006406847387552261,1500,1500,1000,1500,1800,1000,1000,1800
1783904325.3763,10.0600,0.01999,50.01,504,69679,0.660,GUIDED,GUIDED,128,0.0,5.030022025108337,10.0,0.0,0.5,0.0,nan,nan,nan,nan,nan,nan,nan,nan,nan,nan,0.025990420368090128,0.11007629833180274,3.0020329623374996e-06,0,0,-0.040589939802885056,4.948481559753418,10.00311279296875,0.008429036475718021,0.4835248291492462,-0.0017989050829783082,-13,0,-1001,1,0,-1,0.002142434474080801,-0.01114917453378439,0.03511767461895943,-2.5351648218929768e-05,3135,3135,0.01993083953857422,12.312,28.75,93,6,10,1.21,831,0.0034298195969313383,0.00028958957409486175,0.006406847387552261,1500,1500,1000,1500,1800,1000,1000,1800
1783904325.3963,10.0801,0.02000,50.00,505,69699,0.680,GUIDED,GUIDED,128,0.0,5.040027141571045,10.0,0.0,0.5,0.0,nan,nan,nan,nan,nan,nan,nan,nan,nan,nan,0.026091532275050573,0.10993745434023687,2.2583865158973607e-05,0,0,-0.0406390018761158,4.958540916442871,10.003124237060547,0.008398985490202904,0.48357367515563965,-0.0018168179085478187,-13,0,-1001,1,0,-1,0.002142434474080801,-0.01114917453378439,0.03511767461895943,-2.5351648218929768e-05,3135,3135,0.01994919776916504,12.312,28.75,93,6,10,1.21,831,0.0034298195969313383,0.00028958957409486175,0.006406847387552261,1500,1500,1000,1500,1800,1000,1000,1800
1783904325.4163,10.1000,0.02001,49.98,506,69719,0.700,GUIDED,GUIDED,128,0.0,5.050022840499878,10.0,0.0,0.5,0.0,nan,nan,nan,nan,nan,nan,nan,nan,nan,nan,0.025938968077721544,0.11026287819049566,0.00014897872511950017,0,0,-0.04057176411151886,4.968390464782715,10.0031099319458,0.008448248729109764,0.4834701716899872,-0.001881532953120768,-13,0,-1001,1,0,-1,0.002142434474080801,-0.01114917453378439,0.03511767461895943,-2.5351648218929768e-05,3135,3135,0.019931793212890625,12.312,28.75,93,6,10,1.21,831,0.0034298195969313383,0.00028958957409486175,0.006406847387552261,1500,1500,1000,1500,1800,1000,1000,1800
1783904325.4363,10.1200,0.01998,50.04,507,69739,0.720,GUIDED,GUIDED,128,0.0,5.060022473335266,10.0,0.0,0.5,0.0,nan,nan,nan,nan,nan,nan,nan,nan,nan,nan,0.026034426916971123,0.11022211786913542,0.0003145565986274923,0,0,-0.040591273456811905,4.978396892547607,10.0031156539917,0.008404399268329144,0.4834897816181183,-0.0019804330077022314,-13,0,-1001,1,0,-1,0.002142434474080801,-0.01114917453378439,0.03511767461895943,-2.5351648218929768e-05,3135,3135,0.019936084747314453,12.312,28.75,93,6,10,1.21,831,0.0034298195969313383,0.00028958957409486175,0.006406847387552261,1500,1500,1000,1500,1800,1000,1000,1800
1783904325.4562,10.1400,0.01998,50.04,508,69759,0.740,GUIDED,GUIDED,128,0.0,5.070022344589233,10.0,0.0,0.5,0.0,nan,nan,nan,nan,nan,nan,nan,nan,nan,nan,0.026074087752274863,0.11027464628929075,0.0004593300594364683,0,0,-0.04059240221977234,4.988369941711426,10.003114700317383,0.008382152765989304,0.4834749400615692,-0.002063467400148511,-13,0,-1001,1,0,-1,0.002142434474080801,-0.01114917453378439,0.03511767461895943,-2.5351648218929768e-05,3135,3135,0.019934415817260742,12.312,28.75,93,6,10,1.21,831,0.0034298195969313383,0.00028958957409486175,0.006406847387552261,1500,1500,1000,1500,1800,1000,1000,1800
1783904325.4762,10.1600,0.02000,50.01,509,69779,0.760,GUIDED,GUIDED,128,0.0,5.080021977424622,10.0,0.0,0.5,0.0,nan,nan,nan,nan,nan,nan,nan,nan,nan,nan,0.025906884478834456,0.11063766729996975,0.0005297001165625254,0,0,-0.040502406656742096,4.9981770515441895,10.003090858459473,0.008426728658378124,0.48337650299072266,-0.00209033046849072,-13,0,-1001,1,0,-1,0.002142434474080801,-0.01114917453378439,0.03511767461895943,-2.5351648218929768e-05,3135,3135,0.01994919776916504,12.312,28.75,93,6,10,1.21,831,0.0034298195969313383,0.00028958957409486175,0.006406847387552261,1500,1500,1000,1500,1800,1000,1000,1800
1783904325.4962,10.1800,0.02000,50.01,510,69799,0.780,GUIDED,GUIDED,128,0.0,5.0900222063064575,10.0,0.0,0.5,0.0,nan,nan,nan,nan,nan,nan,nan,nan,nan,nan,0.025912662607830206,0.11073877319836842,0.0005574812778498632,0,0,-0.04048917442560196,5.008107662200928,10.003085136413574,0.00841575302183628,0.48335832357406616,-0.0021030663046985865,-13,0,-1001,1,0,-1,0.002142434474080801,-0.01114917453378439,0.03511767461895943,-2.5351648218929768e-05,3135,3135,0.019951820373535156,12.312,28.75,93,6,10,1.21,831,0.0034298195969313383,0.00028958957409486175,0.006406847387552261,1500,1500,1000,1500,1800,1000,1000,1800
1783904325.5163,10.2000,0.02001,49.97,511,69819,0.800,GUIDED,GUIDED,128,0.0,5.100023031234741,10.0,0.0,0.5,0.0,nan,nan,nan,nan,nan,nan,nan,nan,nan,nan,0.02617552157925715,0.11027902251244734,0.00047907717000376503,0,0,-0.04059825837612152,5.018294811248779,10.003103256225586,0.008326970972120762,0.4835161864757538,-0.0020682611502707005,-13,0,-1001,1,0,-1,0.002142434474080801,-0.01114917453378439,0.03511767461895943,-2.5351648218929768e-05,3135,3135,0.019964933395385742,12.312,28.75,93,6,10,1.21,831,0.0034298195969313383,0.00028958957409486175,0.006406847387552261,1500,1500,1000,1500,1800,1000,1000,1800
1783904325.5362,10.2200,0.01999,50.02,512,69839,0.820,GUIDED,GUIDED,128,0.0,5.11002254486084,10.0,0.0,0.5,0.0,nan,nan,nan,nan,nan,nan,nan,nan,nan,nan,0.026067776477818317,0.11041255157643923,0.00040657751757118424,0,0,-0.040560416877269745,5.028205394744873,10.003089904785156,0.008367329835891724,0.4834904372692108,-0.0020186949986964464,-13,0,-1001,1,0,-1,0.002142434474080801,-0.01114917453378439,0.03511767461895943,-2.5351648218929768e-05,3135,3135,0.019945144653320312,12.312,28.75,93,6,10,1.21,831,0.0034298195969313383,0.00028958957409486175,0.006406847387552261,1500,1500,1000,1500,1800,1000,1000,1800
1783904325.5566,10.2400,0.02040,49.03,513,69859,0.840,GUIDED,GUIDED,128,0.0,5.120022654533386,10.0,0.0,0.5,0.0,nan,nan,nan,nan,nan,nan,nan,nan,nan,nan,0.026216269848072772,0.1100524003945324,0.00023747393309002775,0,0,-0.04063454642891884,5.038329601287842,10.00310230255127,0.00832439586520195,0.48362672328948975,-0.001928220852278173,-13,0,-1001,0,-1,-1,0.002055203542113304,-0.011401423253118992,0.034986745566129684,-0.0003193055745214224,3135,3135,0.020344972610473633,12.312,28.75,93,6,10,1.21,831,0.003636773908510804,0.0002887775481212884,0.006515304557979107,1500,1500,1000,1500,1800,1000,1000,1800
1783904325.5763,10.2600,0.01962,50.97,514,69879,0.860,GUIDED,GUIDED,128,0.0,5.130022644996643,10.0,0.0,0.5,0.0,nan,nan,nan,nan,nan,nan,nan,nan,nan,nan,0.02611125622802051,0.11019529801500913,0.00015553738573157328,0,0,-0.04057994857430458,5.048211574554443,10.003087997436523,0.008353503420948982,0.4836123585700989,-0.0018726557027548552,-13,0,-1001,0,-1,-1,0.002055203542113304,-0.011401423253118992,0.034986745566129684,-0.0003193055745214224,3135,3135,0.01956772804260254,12.312,28.75,93,6,10,1.21,831,0.003636773908510804,0.0002887775481212884,0.006515304557979107,1500,1500,1000,1500,1800,1000,1000,1800
1783904325.5963,10.2801,0.02004,49.91,515,69899,0.880,GUIDED,GUIDED,128,0.0,5.140029430389404,10.0,0.0,0.5,0.0,nan,nan,nan,nan,nan,nan,nan,nan,nan,nan,0.0262843503996636,0.10994913095853269,0.0001040922243228143,0,0,-0.04063202813267708,5.058281898498535,10.003098487854004,0.008283635601401329,0.48371779918670654,-0.0018490104703232646,-13,0,-1001,0,-1,-1,0.002055203542113304,-0.011401423253118992,0.034986745566129684,-0.0003193055745214224,3135,3135,0.01997232437133789,12.312,28.75,93,6,10,1.21,831,0.003636773908510804,0.0002887775481212884,0.006515304557979107,1500,1500,1000,1500,1800,1000,1000,1800
1783904325.6163,10.3000,0.01997,50.09,516,69919,0.900,GUIDED,GUIDED,128,0.0,5.1500242948532104,10.0,0.0,0.5,0.0,nan,nan,nan,nan,nan,nan,nan,nan,nan,nan,0.026359418631480586,0.10978021930137584,2.2504511722361547e-05,0,0,-0.04066403955221176,5.06831693649292,10.003108978271484,0.008258776739239693,0.48379212617874146,-0.0018079624278470874,-13,0,-1001,0,-1,-1,0.002055203542113304,-0.011401423253118992,0.034986745566129684,-0.0003193055745214224,3135,3135,0.019912004470825195,12.312,28.75,93,6,10,1.21,831,0.003636773908510804,0.0002887775481212884,0.006515304557979107,1500,1500,1000,1500,1800,1000,1000,1800
1783904325.6363,10.3201,0.02003,49.92,517,69939,0.920,GUIDED,GUIDED,128,0.0,5.160027623176575,10.0,0.0,0.5,0.0,nan,nan,nan,nan,nan,nan,nan,nan,nan,nan,0.02620859855066029,0.11004227117136867,3.707975049995838e-05,0,0,-0.0405900739133358,5.078157424926758,10.003093719482422,0.008303148671984673,0.4837348461151123,-0.001807567779906094,-13,0,-1001,0,-1,-1,0.002055203542113304,-0.011401423253118992,0.034986745566129684,-0.0003193055745214224,3135,3135,0.019966840744018555,12.312,28.75,93,6,10,1.21,831,0.003636773908510804,0.0002887775481212884,0.006515304557979107,1500,1500,1000,1500,1800,1000,1000,1800
1783904325.6563,10.3401,0.01998,50.06,518,69959,0.940,GUIDED,GUIDED,128,0.0,5.170028328895569,10.0,0.0,0.5,0.0,nan,nan,nan,nan,nan,nan,nan,nan,nan,nan,0.026217810533131665,0.11002076487027197,4.115310253976134e-05,0,0,-0.04059436917304993,5.088143348693848,10.003097534179688,0.008300310000777245,0.48375579714775085,-0.0018121219472959638,-13,0,-1001,0,-1,-1,0.002055203542113304,-0.011401423253118992,0.034986745566129684,-0.0003193055745214224,3135,3135,0.019924163818359375,12.312,28.75,93,6,10,1.21,831,0.003636773908510804,0.0002887775481212884,0.006515304557979107,1500,1500,1000,1500,1800,1000,1000,1800
1783904325.6763,10.3601,0.02003,49.93,519,69979,0.960,GUIDED,GUIDED,128,0.0,5.180029630661011,10.0,0.0,0.5,0.0,nan,nan,nan,nan,nan,nan,nan,nan,nan,nan,0.026040139634428444,0.11027717065960319,0.00012785700296024608,0,0,-0.040506575256586075,5.097959995269775,10.003079414367676,0.008352200500667095,0.48371437191963196,-0.00185171898920089,-13,0,-1001,0,-1,-1,0.002055203542113304,-0.011401423253118992,0.034986745566129684,-0.0003193055745214224,3135,3135,0.019961833953857422,12.312,28.75,93,6,10,1.21,831,0.003636773908510804,0.0002887775481212884,0.006515304557979107,1500,1500,1000,1500,1800,1000,1000,1800
1783904325.6963,10.3801,0.02000,50.00,520,69999,0.980,GUIDED,GUIDED,128,0.0,5.190029263496399,10.0,0.0,0.5,0.0,nan,nan,nan,nan,nan,nan,nan,nan,nan,nan,0.026059455168056644,0.1102659700861211,0.00010307746765130573,0,0,-0.04049590975046158,5.10790491104126,10.003080368041992,0.008334890939295292,0.48375242948532104,-0.0018379631219431758,-13,0,-1001,0,-1,-1,0.002055203542113304,-0.011401423253118992,0.034986745566129684,-0.0003193055745214224,3135,3135,0.019934415817260742,12.312,28.75,93,6,10,1.21,831,0.003636773908510804,0.0002887775481212884,0.006515304557979107,1500,1500,1000,1500,1800,1000,1000,1800
1783904325.7163,10.4000,0.02004,49.89,521,70019,0.000,GUIDED,GUIDED,128,0.0,5.200023412704468,10.0,0.0,0.5,0.0,nan,nan,nan,nan,nan,nan,nan,nan,nan,nan,0.02639538737433534,0.10969522300150994,3.877097608649509e-05,0,0,-0.040617093443870544,5.118122100830078,10.003103256225586,0.008210905827581882,0.48395317792892456,-0.0018140502506867051,-13,0,-1001,0,-1,-1,0.002055203542113304,-0.011401423253118992,0.034986745566129684,-0.0003193055745214224,3135,3135,0.01994013786315918,12.312,28.75,93,6,10,1.21,831,0.003636773908510804,0.0002887775481212884,0.006515304557979107,1500,1500,1000,1500,1800,1000,1000,1800
1783904325.7363,10.4201,0.01995,50.11,522,70039,0.020,GUIDED,GUIDED,128,0.0,5.210027813911438,10.0,0.0,0.5,0.0,nan,nan,nan,nan,nan,nan,nan,nan,nan,nan,0.026324212052274205,0.10967720763766169,1.0611371453149703e-05,0,0,-0.0405864343047142,5.1280517578125,10.003095626831055,0.0082342978566885,0.48400673270225525,-0.0017933874623849988,-13,0,-1001,0,-1,-1,0.002055203542113304,-0.011401423253118992,0.034986745566129684,-0.0003193055745214224,3135,3135,0.019890785217285156,12.312,28.75,93,6,10,1.21,831,0.003636773908510804,0.0002887775481212884,0.006515304557979107,1500,1500,1000,1500,1800,1000,1000,1800
1783904325.7563,10.4401,0.02000,49.99,523,70059,0.040,GUIDED,GUIDED,128,0.0,5.220028638839722,10.0,0.0,0.5,0.0,nan,nan,nan,nan,nan,nan,nan,nan,nan,nan,0.026543703303438443,0.1092183277617118,-1.1205265962121493e-05,0,0,-0.04067244008183479,5.138205051422119,10.003110885620117,0.008157229982316494,0.4841836392879486,-0.0017896012868732214,-13,0,-1001,0,-1,-1,0.002055203542113304,-0.011401423253118992,0.034986745566129684,-0.0003193055745214224,3135,3135,0.019936800003051758,12.312,28.75,93,6,10,1.21,831,0.003636773908510804,0.0002887775481212884,0.006515304557979107,1500,1500,1000,1500,1800,1000,1000,1800
1783904325.7763,10.4601,0.02000,50.00,524,70079,0.060,GUIDED,GUIDED,128,0.0,5.230029821395874,10.0,0.0,0.5,0.0,nan,nan,nan,nan,nan,nan,nan,nan,nan,nan,0.026383563200942817,0.10931447662649024,6.843839200360545e-05,0,0,-0.040625255554914474,5.148106575012207,10.00309944152832,0.008222444914281368,0.48418566584587097,-0.0018289763247594237,-13,0,-1001,0,-1,-1,0.002055203542113304,-0.011401423253118992,0.034986745566129684,-0.0003193055745214224,3135,3135,0.01993560791015625,12.312,28.75,93,6,10,1.21,831,0.003636773908510804,0.0002887775481212884,0.006515304557979107,1500,1500,1000,1500,1800,1000,1000,1800
1783904325.7967,10.4801,0.02038,49.06,525,70099,0.080,GUIDED,GUIDED,128,0.0,5.240025639533997,10.0,0.0,0.5,0.0,nan,nan,nan,nan,nan,nan,nan,nan,nan,nan,0.026503309516006872,0.10901641964210368,8.355028846888674e-06,0,0,-0.040687765926122665,5.158204555511475,10.003111839294434,0.008189399726688862,0.4842987656593323,-0.0018014450324699283,-13,0,-1001,1,0,-1,0.002116094110533595,-0.011479235254228115,0.034868720918893814,0.00017533265054225922,3135,3135,0.019913673400878906,12.312,28.78,93,6,10,1.21,831,0.004023655317723751,0.00028330739587545395,0.0065918308682739735,1500,1500,1000,1500,1800,1000,1000,1800
1783904325.8163,10.5001,0.01959,51.04,526,70119,0.100,GUIDED,GUIDED,128,0.0,5.2500282526016235,10.0,0.0,0.5,0.0,nan,nan,nan,nan,nan,nan,nan,nan,nan,nan,0.02657193156838515,0.10878436772701372,-1.2507942273992916e-05,0,0,-0.0407293476164341,5.168266296386719,10.00312328338623,0.008173787966370583,0.48439860343933105,-0.0017960070399567485,-13,0,-1001,1,0,-1,0.002116094110533595,-0.011479235254228115,0.034868720918893814,0.00017533265054225922,3135,3135,0.019539594650268555,12.312,28.78,93,6,10,1.21,831,0.004023655317723751,0.00028330739587545395,0.0065918308682739735,1500,1500,1000,1500,1800,1000,1000,1800
1783904325.8363,10.5201,0.02002,49.95,527,70139,0.120,GUIDED,GUIDED,128,0.0,5.260026931762695,10.0,0.0,0.5,0.0,nan,nan,nan,nan,nan,nan,nan,nan,nan,nan,0.026410523747669428,0.10903947316776763,3.438499704876575e-06,0,0,-0.04066076874732971,5.178125858306885,10.003108978271484,0.00822738278657198,0.4843316376209259,-0.0017969546606764197,-13,0,-1001,1,0,-1,0.002116094110533595,-0.011479235254228115,0.034868720918893814,0.00017533265054225922,3135,3135,0.01995563507080078,12.312,28.78,93,6,10,1.21,831,0.004023655317723751,0.00028330739587545395,0.0065918308682739735,1500,1500,1000,1500,1800,1000,1000,1800
1783904325.8563,10.5401,0.02000,50.00,528,70159,0.140,GUIDED,GUIDED,128,0.0,5.270026683807373,10.0,0.0,0.5,0.0,nan,nan,nan,nan,nan,nan,nan,nan,nan,nan,0.026443870525326305,0.10899123689653334,4.510254964395881e-05,0,0,-0.04067360982298851,5.188136577606201,10.003113746643066,0.008215543814003468,0.4843531548976898,-0.0018237624317407608,-13,0,-1001,1,0,-1,0.002116094110533595,-0.011479235254228115,0.034868720918893814,0.00017533265054225922,3135,3135,0.019935131072998047,12.312,28.78,93,6,10,1.21,831,0.004023655317723751,0.00028330739587545395,0.0065918308682739735,1500,1500,1000,1500,1800,1000,1000,1800
1783904325.8763,10.5601,0.02000,49.99,529,70179,0.160,GUIDED,GUIDED,128,0.0,5.280028700828552,10.0,0.0,0.5,0.0,nan,nan,nan,nan,nan,nan,nan,nan,nan,nan,0.02622919448122,0.10930535623821272,2.1024462203267976e-05,0,0,-0.04059060290455818,5.197970867156982,10.003097534179688,0.008291563019156456,0.4842686355113983,-0.0018005006713792682,-13,0,-1001,1,0,-1,0.002116094110533595,-0.011479235254228115,0.034868720918893814,0.00017533265054225922,3135,3135,0.019939899444580078,12.312,28.78,93,6,10,1.21,831,0.004023655317723751,0.00028330739587545395,0.0065918308682739735,1500,1500,1000,1500,1800,1000,1000,1800
1783904325.8963,10.5801,0.02000,50.00,530,70199,0.180,GUIDED,GUIDED,128,0.0,5.290028214454651,10.0,0.0,0.5,0.0,nan,nan,nan,nan,nan,nan,nan,nan,nan,nan,0.026182326404553077,0.10934958227013886,3.129808986129757e-05,0,0,-0.04058723524212837,5.207937717437744,10.003100395202637,0.008316677995026112,0.48426195979118347,-0.0018080839654430747,-13,0,-1001,1,0,-1,0.002116094110533595,-0.011479235254228115,0.034868720918893814,0.00017533265054225922,3135,3135,0.019933700561523438,12.312,28.78,93,6,10,1.21,831,0.004023655317723751,0.00028330739587545395,0.0065918308682739735,1500,1500,1000,1500,1800,1000,1000,1800
1783904325.9163,10.6001,0.02000,50.01,531,70219,0.200,GUIDED,GUIDED,128,0.0,5.300026893615723,10.0,0.0,0.5,0.0,nan,nan,nan,nan,nan,nan,nan,nan,nan,nan,0.026465467297232533,0.10880155608212855,3.581247872573969e-05,0,0,-0.0407111681997776,5.218180179595947,10.003124237060547,0.008224759250879288,0.48443761467933655,-0.0018244554521515965,-13,0,-1001,1,0,-1,0.002116094110533595,-0.011479235254228115,0.034868720918893814,0.00017533265054225922,3135,3135,0.01993274688720703,12.312,28.78,93,6,10,1.21,831,0.004023655317723751,0.00028330739587545395,0.0065918308682739735,1500,1500,1000,1500,1800,1000,1000,1800
1783904325.9363,10.6201,0.01998,50.05,532,70239,0.220,GUIDED,GUIDED,128,0.0,5.310028433799744,10.0,0.0,0.5,0.0,nan,nan,nan,nan,nan,nan,nan,nan,nan,nan,0.026346891574964712,0.1088980452924378,6.574906433048271e-05,0,0,-0.04068149998784065,5.228126525878906,10.003114700317383,0.008276090025901794,0.4844137728214264,-0.0018362333066761494,-13,0,-1001,1,0,-1,0.002116094110533595,-0.011479235254228115,0.034868720918893814,0.00017533265054225922,3135,3135,0.01992654800415039,12.312,28.78,93,6,10,1.21,831,0.004023655317723751,0.00028330739587545395,0.0065918308682739735,1500,1500,1000,1500,1800,1000,1000,1800
1783904325.9563,10.6401,0.02003,49.93,533,70259,0.240,GUIDED,GUIDED,128,0.0,5.320029854774475,10.0,0.0,0.5,0.0,nan,nan,nan,nan,nan,nan,nan,nan,nan,nan,0.02652909267612564,0.1085180958467143,9.395029216823295e-05,0,0,-0.04076912999153137,5.238300800323486,10.003129005432129,0.008221489377319813,0.4845333397388458,-0.0018607743550091982,-13,0,-1001,1,0,-1,0.002116094110533595,-0.011479235254228115,0.034868720918893814,0.00017533265054225922,3135,3135,0.019961833953857422,12.312,28.78,93,6,10,1.21,831,0.004023655317723751,0.00028330739587545395,0.0065918308682739735,1500,1500,1000,1500,1800,1000,1000,1800
1783904325.9763,10.6601,0.02000,50.00,534,70279,0.260,GUIDED,GUIDED,128,0.0,5.330029368400574,10.0,0.0,0.5,0.0,nan,nan,nan,nan,nan,nan,nan,nan,nan,nan,0.026396382343061915,0.10866019880621473,0.00011102899720453682,0,0,-0.04072198644280434,5.248215198516846,10.0031156539917,0.00827089138329029,0.4845004379749298,-0.001862926292233169,-13,0,-1001,1,0,-1,0.002116094110533595,-0.011479235254228115,0.034868720918893814,0.00017533265054225922,3135,3135,0.01993417739868164,12.312,28.78,93,6,10,1.21,831,0.004023655317723751,0.00028330739587545395,0.0065918308682739735,1500,1500,1000,1500,1800,1000,1000,1800
1783904325.9963,10.6801,0.02000,50.00,535,70299,0.280,GUIDED,GUIDED,128,0.0,5.340029835700989,10.0,0.0,0.5,0.0,nan,nan,nan,nan,nan,nan,nan,nan,nan,nan,0.02652659651125252,0.1084129886162615,9.893523018112554e-05,0,0,-0.040785957127809525,5.258331298828125,10.003127098083496,0.008232645690441132,0.48457640409469604,-0.0018625512020662427,-13,0,-1001,1,0,-1,0.002116094110533595,-0.011479235254228115,0.034868720918893814,0.00017533265054225922,3135,3135,0.019936561584472656,12.312,28.78,93,6,10,1.21,831,0.004023655317723751,0.00028330739587545395,0.0065918308682739735,1500,1500,1000,1500,1800,1000,1000,1800
1783904326.0163,10.7000,0.01997,50.08,536,70319,0.300,GUIDED,GUIDED,128,0.0,5.350023627281189,10.0,0.0,0.5,0.0,nan,nan,nan,nan,nan,nan,nan,nan,nan,nan,0.02658555684237631,0.10822224560577341,8.026673914016645e-05,0,0,-0.04082886874675751,5.26840877532959,10.00313663482666,0.008223379962146282,0.4846382141113281,-0.0018572789849713445,-13,0,-1001,1,0,-1,0.002116094110533595,-0.011479235254228115,0.034868720918893814,0.00017533265054225922,3135,3135,0.019910812377929688,12.312,28.78,93,6,10,1.21,831,0.004023655317723751,0.00028330739587545395,0.0065918308682739735,1500,1500,1000,1500,1800,1000,1000,1800
1783904326.0363,10.7200,0.01999,50.03,537,70339,0.320,GUIDED,GUIDED,128,0.0,5.360021710395813,10.0,0.0,0.5,0.0,nan,nan,nan,nan,nan,nan,nan,nan,nan,nan,0.026366535130404687,0.10846921913831215,3.423042482309001e-05,0,0,-0.04075997322797775,5.278278350830078,10.003121376037598,0.008310055360198021,0.48456981778144836,-0.00182189024053514,-13,0,-1001,1,0,-1,0.002116094110533595,-0.011479235254228115,0.034868720918893814,0.00017533265054225922,3135,3135,0.01993703842163086,12.312,28.78,93,6,10,1.21,831,0.004023655317723751,0.00028330739587545395,0.0065918308682739735,1500,1500,1000,1500,1800,1000,1000,1800
1783904326.0566,10.7401,0.02037,49.10,538,70359,0.340,GUIDED,GUIDED,128,0.0,5.370026469230652,10.0,0.0,0.5,0.0,nan,nan,nan,nan,nan,nan,nan,nan,nan,nan,0.02632850985135099,0.10843517124962725,-2.711635153543595e-05,0,0,-0.04077276214957237,5.288303375244141,10.00312614440918,0.008339392952620983,0.4845777750015259,-0.0017892246833071113,-13,0,-1001,0,0,0,0.0021920474246144295,-0.011338096112012863,0.034788768738508224,0.0002332156291231513,3135,3135,0.020313501358032227,12.312,28.78,93,6,10,1.21,831,0.004043314140290022,0.0002825558476615697,0.006673441268503666,1500,1500,1000,1500,1800,1000,1000,1800
1783904326.0763,10.7600,0.01964,50.91,539,70379,0.360,GUIDED,GUIDED,128,0.0,5.38002336025238,10.0,0.0,0.5,0.0,nan,nan,nan,nan,nan,nan,nan,nan,nan,nan,0.02603680774596769,0.10877258017899194,-2.7408572045947537e-05,0,0,-0.04068789631128311,5.298146724700928,10.003108978271484,0.008458809927105904,0.4844716191291809,-0.0017791450954973698,-13,0,-1001,0,0,0,0.0021920474246144295,-0.011338096112012863,0.034788768738508224,0.0002332156291231513,3135,3135,0.019587993621826172,12.312,28.78,93,6,10,1.21,831,0.004043314140290022,0.0002825558476615697,0.006673441268503666,1500,1500,1000,1500,1800,1000,1000,1800
1783904326.0962,10.7800,0.01998,50.04,540,70399,0.380,GUIDED,GUIDED,128,0.0,5.3900206089019775,10.0,0.0,0.5,0.0,nan,nan,nan,nan,nan,nan,nan,nan,nan,nan,0.025970185994076037,0.10879011620948507,-1.4267592775442546e-05,0,0,-0.04068278521299362,5.308125972747803,10.00311279296875,0.008494323119521141,0.4844718873500824,-0.0017889344599097967,-13,0,-1001,0,0,0,0.0021920474246144295,-0.011338096112012863,0.034788768738508224,0.0002332156291231513,3135,3135,0.019932985305786133,12.312,28.78,93,6,10,1.21,831,0.004043314140290022,0.0002825558476615697,0.006673441268503666,1500,1500,1000,1500,1800,1000,1000,1800
1783904326.1163,10.8000,0.02000,49.99,541,70419,0.400,GUIDED,GUIDED,128,0.0,5.400022625923157,10.0,0.0,0.5,0.0,nan,nan,nan,nan,nan,nan,nan,nan,nan,nan,0.026149456917093826,0.10827757231147961,1.5728238694807852e-05,0,0,-0.04080338776111603,5.3183770179748535,10.003138542175293,0.008460450917482376,0.4846240282058716,-0.0018211188726127148,-13,0,-1001,0,0,0,0.0021920474246144295,-0.011338096112012863,0.034788768738508224,0.0002332156291231513,3135,3135,0.01995229721069336,12.312,28.78,93,6,10,1.21,831,0.004043314140290022,0.0002825558476615697,0.006673441268503666,1500,1500,1000,1500,1800,1000,1000,1800
1783904326.1362,10.8200,0.01999,50.01,542,70439,0.420,GUIDED,GUIDED,128,0.0,5.410022735595703,10.0,0.0,0.5,0.0,nan,nan,nan,nan,nan,nan,nan,nan,nan,nan,0.02597663918703004,0.10836376019708571,1.2456720098500892e-05,0,0,-0.04076889157295227,5.328329086303711,10.003130912780762,0.008540310896933079,0.4846020042896271,-0.001814825227484107,-13,0,-1001,0,0,0,0.0021920474246144295,-0.011338096112012863,0.034788768738508224,0.0002332156291231513,3135,3135,0.0199429988861084,12.312,28.78,93,6,10,1.21,831,0.004043314140290022,0.0002825558476615697,0.006673441268503666,1500,1500,1000,1500,1800,1000,1000,1800
1783904326.1562,10.8400,0.01999,50.02,543,70459,0.440,GUIDED,GUIDED,128,0.0,5.420019745826721,10.0,0.0,0.5,0.0,nan,nan,nan,nan,nan,nan,nan,nan,nan,nan,0.026123370685212696,0.10797502261872081,1.157110753258455e-05,0,0,-0.0408514104783535,5.338510990142822,10.00314712524414,0.00850323773920536,0.4847196936607361,-0.001823674188926816,-13,0,-1001,0,0,0,0.0021920474246144295,-0.011338096112012863,0.034788768738508224,0.0002332156291231513,3135,3135,0.01994490623474121,12.312,28.78,93,6,10,1.21,831,0.004043314140290022,0.0002825558476615697,0.006673441268503666,1500,1500,1000,1500,1800,1000,1000,1800
1783904326.1763,10.8600,0.02002,49.94,544,70479,0.460,GUIDED,GUIDED,128,0.0,5.430022597312927,10.0,0.0,0.5,0.0,nan,nan,nan,nan,nan,nan,nan,nan,nan,nan,0.02590318481396043,0.10813714409769686,0.0001958835850342038,0,0,-0.04079844802618027,5.34843111038208,10.003134727478027,0.008599784225225449,0.4846738576889038,-0.0019229291938245296,-13,0,-1001,0,0,0,0.0021920474246144295,-0.011338096112012863,0.034788768738508224,0.0002332156291231513,3135,3135,0.01996135711669922,12.312,28.78,93,6,10,1.21,831,0.004043314140290022,0.0002825558476615697,0.006673441268503666,1500,1500,1000,1500,1800,1000,1000,1800
1783904326.1962,10.8800,0.01999,50.04,545,70499,0.480,GUIDED,GUIDED,128,0.0,5.440022110939026,10.0,0.0,0.5,0.0,nan,nan,nan,nan,nan,nan,nan,nan,nan,nan,0.026008043705281838,0.10784591302193824,0.00030212177939190673,0,0,-0.04085640609264374,5.358553886413574,10.003145217895508,0.008572706021368504,0.48477083444595337,-0.0019903224892914295,-13,0,-1001,0,0,0,0.0021920474246144295,-0.011338096112012863,0.034788768738508224,0.0002332156291231513,3135,3135,0.01993536949157715,12.312,28.78,93,6,10,1.21,831,0.004043314140290022,0.0002825558476615697,0.006673441268503666,1500,1500,1000,1500,1800,1000,1000,1800
1783904326.2163,10.9000,0.02002,49.95,546,70519,0.500,GUIDED,GUIDED,128,0.0,5.450022578239441,10.0,0.0,0.5,0.0,nan,nan,nan,nan,nan,nan,nan,nan,nan,nan,0.026052417666882793,0.10768091569566393,0.0004193401222952588,0,0,-0.04089295491576195,5.368638515472412,10.003152847290039,0.008568188175559044,0.4848175048828125,-0.0020624033641070127,-13,0,-1001,0,0,0,0.0021920474246144295,-0.011338096112012863,0.034788768738508224,0.0002332156291231513,3135,3135,0.019953250885009766,12.312,28.78,93,6,10,1.21,831,0.004043314140290022,0.0002825558476615697,0.006673441268503666,1500,1500,1000,1500,1800,1000,1000,1800
1783904326.2362,10.9200,0.01997,50.07,547,70539,0.520,GUIDED,GUIDED,128,0.0,5.46001935005188,10.0,0.0,0.5,0.0,nan,nan,nan,nan,nan,nan,nan,nan,nan,nan,0.025816764157899148,0.10797100259157634,0.0006199096490745654,0,0,-0.04081733524799347,5.378512859344482,10.003132820129395,0.008660583756864071,0.48472070693969727,-0.0021666395477950573,-13,0,-1001,0,0,0,0.0021920474246144295,-0.011338096112012863,0.034788768738508224,0.0002332156291231513,3135,3135,0.019927024841308594,12.312,28.78,93,6,10,1.21,831,0.004043314140290022,0.0002825558476615697,0.006673441268503666,1500,1500,1000,1500,1800,1000,1000,1800
1783904326.2562,10.9400,0.02001,49.99,548,70559,0.540,GUIDED,GUIDED,128,0.0,5.470019578933716,10.0,0.0,0.5,0.0,nan,nan,nan,nan,nan,nan,nan,nan,nan,nan,0.02577463297542102,0.10790467359760854,0.0005624424891548514,0,0,-0.04082348570227623,5.388543128967285,10.003130912780762,0.008688459172844887,0.4847416579723358,-0.0021323596592992544,-13,0,-1001,0,0,0,0.0021920474246144295,-0.011338096112012863,0.034788768738508224,0.0002332156291231513,3135,3135,0.019956350326538086,12.312,28.78,93,6,10,1.21,831,0.004043314140290022,0.0002825558476615697,0.006673441268503666,1500,1500,1000,1500,1800,1000,1000,1800
1783904326.2762,10.9600,0.02000,49.99,549,70579,0.560,GUIDED,GUIDED,128,0.0,5.480021357536316,10.0,0.0,0.5,0.0,nan,nan,nan,nan,nan,nan,nan,nan,nan,nan,0.025498960654255873,0.10821778588467036,0.0005091980921670849,0,0,-0.04073198884725571,5.398391246795654,10.003108024597168,0.008794792927801609,0.4846495985984802,-0.002088404493406415,-13,0,-1001,0,0,0,0.0021920474246144295,-0.011338096112012863,0.034788768738508224,0.0002332156291231513,3135,3135,0.019954204559326172,12.312,28.78,93,6,10,1.21,831,0.004043314140290022,0.0002825558476615697,0.006673441268503666,1500,1500,1000,1500,1800,1000,1000,1800
1783904326.2966,10.9800,0.02036,49.12,550,70599,0.580,GUIDED,GUIDED,128,0.0,5.490021586418152,10.0,0.0,0.5,0.0,nan,nan,nan,nan,nan,nan,nan,nan,nan,nan,0.0254210014280638,0.10825364070921992,0.00033431601708918844,0,0,-0.04072050377726555,5.408376216888428,10.003107070922852,0.008833171799778938,0.48463770747184753,-0.0019868856761604548,-13,0,-1001,2,1,-1,0.0022672386839985847,-0.011296501383185387,0.034661322832107544,9.545823559165001e-06,3135,3135,0.01994776725769043,12.312,28.75,93,6,10,1.21,831,0.004009900614619255,0.0002867330040317029,0.006416311487555504,1500,1500,1000,1500,1800,1000,1000,1800
1783904326.3162,11.0000,0.01964,50.93,551,70619,0.600,GUIDED,GUIDED,128,0.0,5.500019669532776,10.0,0.0,0.5,0.0,nan,nan,nan,nan,nan,nan,nan,nan,nan,nan,0.02565167021844255,0.10772872701496168,0.00019863653041625202,0,0,-0.04082748666405678,5.418630123138428,10.003131866455078,0.008761761710047722,0.4847930669784546,-0.0019228667952120304,-13,0,-1001,2,1,-1,0.0022672386839985847,-0.011296501383185387,0.034661322832107544,9.545823559165001e-06,3135,3135,0.019587993621826172,12.312,28.75,93,6,10,1.21,831,0.004009900614619255,0.0002867330040317029,0.006416311487555504,1500,1500,1000,1500,1800,1000,1000,1800
1783904326.3363,11.0200,0.02001,49.98,552,70639,0.620,GUIDED,GUIDED,128,0.0,5.510021090507507,10.0,0.0,0.5,0.0,nan,nan,nan,nan,nan,nan,nan,nan,nan,nan,0.02552823708487125,0.1082679878640392,0.00013909692677456119,0,0,-0.0407911092042923,5.428181171417236,10.003124237060547,0.00881202332675457,0.484741747379303,-0.0018840867560356855,-13,0,-1001,2,1,-1,0.0022672386839985847,-0.011296501383185387,0.034661322832107544,9.545823559165001e-06,3135,3135,0.019958972930908203,12.312,28.75,93,6,10,1.21,831,0.004009900614619255,0.0002867330040317029,0.006416311487555504,1500,1500,1000,1500,1800,1000,1000,1800
1783904326.3562,11.0400,0.01999,50.03,553,70659,0.640,GUIDED,GUIDED,128,0.0,5.5200196504592896,10.0,0.0,0.5,0.0,nan,nan,nan,nan,nan,nan,nan,nan,nan,nan,0.025614944677050965,0.10786789778171857,9.705144333047727e-05,0,0,-0.04086117446422577,5.4383649826049805,10.003142356872559,0.008802414871752262,0.48486578464508057,-0.001870273263193667,-13,0,-1001,2,1,-1,0.0022672386839985847,-0.011296501383185387,0.034661322832107544,9.545823559165001e-06,3135,3135,0.019941329956054688,12.312,28.75,93,6,10,1.21,831,0.004009900614619255,0.0002867330040317029,0.006416311487555504,1500,1500,1000,1500,1800,1000,1000,1800
1783904326.3763,11.0600,0.02001,49.97,554,70679,0.660,GUIDED,GUIDED,128,0.0,5.530021786689758,10.0,0.0,0.5,0.0,nan,nan,nan,nan,nan,nan,nan,nan,nan,nan,0.025407638698392118,0.10802671334262005,0.0001252161026274361,0,0,-0.040798887610435486,5.448287487030029,10.003130912780762,0.008886141702532768,0.48482006788253784,-0.0018799268873408437,-13,0,-1001,2,1,-1,0.0022672386839985847,-0.011296501383185387,0.034661322832107544,9.545823559165001e-06,3135,3135,0.019960403442382812,12.312,28.75,93,6,10,1.21,831,0.004009900614619255,0.0002867330040317029,0.006416311487555504,1500,1500,1000,1500,1800,1000,1000,1800
1783904326.3962,11.0800,0.01999,50.03,555,70699,0.680,GUIDED,GUIDED,128,0.0,5.540019512176514,10.0,0.0,0.5,0.0,nan,nan,nan,nan,nan,nan,nan,nan,nan,nan,0.025515311500441448,0.10775264091005522,0.00011871226328190798,0,0,-0.040845002979040146,5.458412170410156,10.003144264221191,0.008850601501762867,0.4849050045013428,-0.0018838803516700864,-13,0,-1001,2,1,-1,0.0022672386839985847,-0.011296501383185387,0.034661322832107544,9.545823559165001e-06,3135,3135,0.019939422607421875,12.312,28.75,93,6,10,1.21,831,0.004009900614619255,0.0002867330040317029,0.006416311487555504,1500,1500,1000,1500,1800,1000,1000,1800
1783904326.4162,11.1000,0.02001,49.98,556,70719,0.700,GUIDED,GUIDED,128,0.0,5.550001621246338,10.0,0.0,0.5,0.0,nan,nan,nan,nan,nan,nan,nan,nan,nan,nan,0.025549359514635446,0.10756187928680382,3.397935095748655e-05,0,0,-0.04087013378739357,5.4684977531433105,10.003156661987305,0.008845453150570393,0.48495540022850037,-0.0018421176355332136,-13,0,-1001,2,1,-1,0.0022672386839985847,-0.011296501383185387,0.034661322832107544,9.545823559165001e-06,3135,3135,0.019942522048950195,12.312,28.75,93,6,10,1.21,831,0.004009900614619255,0.0002867330040317029,0.006416311487555504,1500,1500,1000,1500,1800,1000,1000,1800
1783904326.4363,11.1200,0.02007,49.84,557,70739,0.720,GUIDED,GUIDED,128,0.0,5.560023546218872,10.0,0.0,0.5,0.0,nan,nan,nan,nan,nan,nan,nan,nan,nan,nan,0.025357564096866802,0.1078872269880677,2.754916876168906e-05,0,0,-0.04078672081232071,5.478374481201172,10.003143310546875,0.008908027783036232,0.4848513901233673,-0.0018306967103853822,-13,0,-1001,2,1,-1,0.0022672386839985847,-0.011296501383185387,0.034661322832107544,9.545823559165001e-06,3135,3135,0.019974231719970703,12.312,28.75,93,6,10,1.21,831,0.004009900614619255,0.0002867330040317029,0.006416311487555504,1500,1500,1000,1500,1800,1000,1000,1800
1783904326.4563,11.1401,0.01998,50.06,558,70759,0.740,GUIDED,GUIDED,128,0.0,5.570027589797974,10.0,0.0,0.5,0.0,nan,nan,nan,nan,nan,nan,nan,nan,nan,nan,0.025315590192845523,0.10786881025833599,5.591289215865075e-05,0,0,-0.04078272730112076,5.488406181335449,10.003149032592773,0.008929955773055553,0.4848460555076599,-0.0018503761384636164,-13,0,-1001,2,1,-1,0.0022672386839985847,-0.011296501383185387,0.034661322832107544,9.545823559165001e-06,3135,3135,0.019925832748413086,12.312,28.75,93,6,10,1.21,831,0.004009900614619255,0.0002867330040317029,0.006416311487555504,1500,1500,1000,1500,1800,1000,1000,1800
1783904326.4763,11.1601,0.01998,50.04,559,70779,0.760,GUIDED,GUIDED,128,0.0,5.580027937889099,10.0,0.0,0.5,0.0,nan,nan,nan,nan,nan,nan,nan,nan,nan,nan,0.025050183331699834,0.10824030634826595,5.167725190718172e-05,0,0,-0.04068378731608391,5.498254776000977,10.003131866455078,0.009026065468788147,0.4847191870212555,-0.0018380198162049055,-13,0,-1001,2,1,-1,0.0022672386839985847,-0.011296501383185387,0.034661322832107544,9.545823559165001e-06,3135,3135,0.019932270050048828,12.312,28.75,93,6,10,1.21,831,0.004009900614619255,0.0002867330040317029,0.006416311487555504,1500,1500,1000,1500,1800,1000,1000,1800
1783904326.4963,11.1801,0.02003,49.94,560,70799,0.780,GUIDED,GUIDED,128,0.0,5.59002947807312,10.0,0.0,0.5,0.0,nan,nan,nan,nan,nan,nan,nan,nan,nan,nan,0.025036186198908416,0.1082828408652027,7.539047558418428e-05,0,0,-0.040663786232471466,5.50823974609375,10.003135681152344,0.009022599086165428,0.4847041964530945,-0.0018539130687713623,-13,0,-1001,2,1,-1,0.0022672386839985847,-0.011296501383185387,0.034661322832107544,9.545823559165001e-06,3135,3135,0.019961833953857422,12.312,28.75,93,6,10,1.21,831,0.004009900614619255,0.0002867330040317029,0.006416311487555504,1500,1500,1000,1500,1800,1000,1000,1800
1783904326.5163,11.2000,0.01996,50.11,561,70819,0.800,GUIDED,GUIDED,128,0.0,5.600022912025452,10.0,0.0,0.5,0.0,nan,nan,nan,nan,nan,nan,nan,nan,nan,nan,0.025268962633901677,0.10775984643609435,5.84722440242773e-05,0,0,-0.04076683893799782,5.518503189086914,10.003162384033203,0.008947703056037426,0.4848502576351166,-0.0018595622386783361,-13,0,-1001,2,1,-1,0.0022672386839985847,-0.011296501383185387,0.034661322832107544,9.545823559165001e-06,3135,3135,0.019907236099243164,12.312,28.75,93,6,10,1.21,831,0.004009900614619255,0.0002867330040317029,0.006416311487555504,1500,1500,1000,1500,1800,1000,1000,1800
1783904326.5363,11.2200,0.02001,49.98,562,70839,0.820,GUIDED,GUIDED,128,0.0,5.610023617744446,10.0,0.0,0.5,0.0,nan,nan,nan,nan,nan,nan,nan,nan,nan,nan,0.02512136611403544,0.10788509686256416,0.00014677226713469054,0,0,-0.04071933031082153,5.528462886810303,10.003154754638672,0.009005488827824593,0.48480162024497986,-0.0019061374478042126,-13,0,-1001,2,1,-1,0.0022672386839985847,-0.011296501383185387,0.034661322832107544,9.545823559165001e-06,3135,3135,0.01995539665222168,12.312,28.75,93,6,10,1.21,831,0.004009900614619255,0.0002867330040317029,0.006416311487555504,1500,1500,1000,1500,1800,1000,1000,1800
1783904326.5567,11.2401,0.02042,48.98,563,70859,0.840,GUIDED,GUIDED,128,0.0,5.620028018951416,10.0,0.0,0.5,0.0,nan,nan,nan,nan,nan,nan,nan,nan,nan,nan,0.02526606019104645,0.10754379497736224,0.0001543074993808945,0,0,-0.040785979479551315,5.5386552810668945,10.003171920776367,0.008960429579019547,0.4848901331424713,-0.0019203987903892994,-13,0,-1000,0,2,0,0.002154202666133642,-0.01117729488760233,0.034567877650260925,0.0004931200528517365,3135,3135,0.020363330841064453,12.312,28.75,93,6,10,1.21,831,0.004006211180239916,0.00028600747464224696,0.006756578106433153,1500,1500,1000,1500,1800,1000,1000,1800
1783904326.5763,11.2600,0.01957,51.09,564,70879,0.860,GUIDED,GUIDED,128,0.0,5.630022168159485,10.0,0.0,0.5,0.0,nan,nan,nan,nan,nan,nan,nan,nan,nan,nan,0.025111233922290505,0.1077483764207907,0.00021097532912287085,0,0,-0.04072107374668121,5.548581123352051,10.003159523010254,0.009012345224618912,0.4848114550113678,-0.0019459581235423684,-13,0,-1000,0,2,0,0.002154202666133642,-0.01117729488760233,0.034567877650260925,0.0004931200528517365,3135,3135,0.01952052116394043,12.312,28.75,93,6,10,1.21,831,0.004006211180239916,0.00028600747464224696,0.006756578106433153,1500,1500,1000,1500,1800,1000,1000,1800
1783904326.5963,11.2800,0.02000,50.01,565,70899,0.880,GUIDED,GUIDED,128,0.0,5.640020966529846,10.0,0.0,0.5,0.0,nan,nan,nan,nan,nan,nan,nan,nan,nan,nan,0.025201424101069042,0.10752910780632022,0.00018564696930155116,0,0,-0.04076468572020531,5.558712005615234,10.003171920776367,0.00898545328527689,0.4848617911338806,-0.0019384926417842507,-13,0,-1000,0,2,0,0.002154202666133642,-0.01117729488760233,0.034567877650260925,0.0004931200528517365,3135,3135,0.0199434757232666,12.312,28.75,93,6,10,1.21,831,0.004006211180239916,0.00028600747464224696,0.006756578106433153,1500,1500,1000,1500,1800,1000,1000,1800
1783904326.6163,11.3001,0.02007,49.82,566,70919,0.900,GUIDED,GUIDED,128,0.0,5.650026321411133,10.0,0.0,0.5,0.0,nan,nan,nan,nan,nan,nan,nan,nan,nan,nan,0.02529097335612248,0.10744146674197683,0.00015834249452240795,0,0,-0.04078780114650726,5.568802833557129,10.003183364868164,0.008947097696363926,0.4848630428314209,-0.0019293356453999877,-13,0,-1000,0,2,0,0.002154202666133642,-0.01117729488760233,0.034567877650260925,0.0004931200528517365,3135,3135,0.01999354362487793,12.312,28.75,93,6,10,1.21,831,0.004006211180239916,0.00028600747464224696,0.006756578106433153,1500,1500,1000,1500,1800,1000,1000,1800
1783904326.6363,11.3201,0.01995,50.13,567,70939,0.920,GUIDED,GUIDED,128,0.0,5.660027980804443,10.0,0.0,0.5,0.0,nan,nan,nan,nan,nan,nan,nan,nan,nan,nan,0.025077028669239738,0.10777047561352213,0.00029674612453839573,0,0,-0.0407024510204792,5.578680515289307,10.003167152404785,0.009021341800689697,0.484744668006897,-0.001999882748350501,-13,0,-1000,0,2,0,0.002154202666133642,-0.01117729488760233,0.034567877650260925,0.0004931200528517365,3135,3135,0.019893646240234375,12.312,28.75,93,6,10,1.21,831,0.004006211180239916,0.00028600747464224696,0.006756578106433153,1500,1500,1000,1500,1800,1000,1000,1800
1783904326.6563,11.3401,0.02003,49.93,568,70959,0.940,GUIDED,GUIDED,128,0.0,5.670029401779175,10.0,0.0,0.5,0.0,nan,nan,nan,nan,nan,nan,nan,nan,nan,nan,0.02511938580382826,0.10776963674558379,0.0003308851340903876,0,0,-0.04069696366786957,5.588715553283691,10.003170013427734,0.008993718773126602,0.4847257435321808,-0.0020212447270751,-13,0,-1000,0,2,0,0.002154202666133642,-0.01117729488760233,0.034567877650260925,0.0004931200528517365,3135,3135,0.019962549209594727,12.312,28.75,93,6,10,1.21,831,0.004006211180239916,0.00028600747464224696,0.006756578106433153,1500,1500,1000,1500,1800,1000,1000,1800
1783904326.6763,11.3601,0.02000,50.00,569,70979,0.960,GUIDED,GUIDED,128,0.0,5.680029034614563,10.0,0.0,0.5,0.0,nan,nan,nan,nan,nan,nan,nan,nan,nan,nan,0.024881166378190416,0.10813916645556987,0.00029880189994314086,0,0,-0.040597062557935715,5.598564624786377,10.003149032592773,0.009073576889932156,0.4845993220806122,-0.001990608172491193,-13,0,-1000,0,2,0,0.002154202666133642,-0.01117729488760233,0.034567877650260925,0.0004931200528517365,3135,3135,0.019934415817260742,12.312,28.75,93,6,10,1.21,831,0.004006211180239916,0.00028600747464224696,0.006756578106433153,1500,1500,1000,1500,1800,1000,1000,1800
1783904326.6963,11.3801,0.02000,50.00,570,70999,0.980,GUIDED,GUIDED,128,0.0,5.690029501914978,10.0,0.0,0.5,0.0,nan,nan,nan,nan,nan,nan,nan,nan,nan,nan,0.02483928597785133,0.10823517981073426,0.0002204072530038628,0,0,-0.04057605564594269,5.608551979064941,10.003161430358887,0.00908562820404768,0.48455145955085754,-0.001952504855580628,-13,0,-1000,0,2,0,0.002154202666133642,-0.01117729488760233,0.034567877650260925,0.0004931200528517365,3135,3135,0.01993727684020996,12.312,28.75,93,6,10,1.21,831,0.004006211180239916,0.00028600747464224696,0.006756578106433153,1500,1500,1000,1500,1800,1000,1000,1800
1783904326.7163,11.4001,0.02004,49.90,571,71019,0.000,GUIDED,GUIDED,128,0.0,5.700029253959656,10.0,0.0,0.5,0.0,nan,nan,nan,nan,nan,nan,nan,nan,nan,nan,0.025135585583805464,0.1077732836427904,8.658873268544342e-05,0,0,-0.04068010300397873,5.618814945220947,10.003206253051758,0.008974631316959858,0.4846661686897278,-0.001901123090647161,-13,0,-1000,0,2,0,0.002154202666133642,-0.01117729488760233,0.034567877650260925,0.0004931200528517365,3135,3135,0.01993560791015625,12.312,28.75,93,6,10,1.21,831,0.004006211180239916,0.00028600747464224696,0.006756578106433153,1500,1500,1000,1500,1800,1000,1000,1800
1783904326.7363,11.4201,0.01993,50.17,572,71039,0.020,GUIDED,GUIDED,128,0.0,5.7100279331207275,10.0,0.0,0.5,0.0,nan,nan,nan,nan,nan,nan,nan,nan,nan,nan,0.025068027052421088,0.10795173742803615,0.00010118968939057177,0,0,-0.04063364863395691,5.628772735595703,10.003206253051758,0.008986815810203552,0.4845867455005646,-0.001909552956931293,-13,0,-1000,0,2,0,0.002154202666133642,-0.01117729488760233,0.034567877650260925,0.0004931200528517365,3135,3135,0.019881010055541992,12.312,28.75,93,6,10,1.21,831,0.004006211180239916,0.00028600747464224696,0.006756578106433153,1500,1500,1000,1500,1800,1000,1000,1800
1783904326.7563,11.4401,0.02003,49.91,573,71059,0.040,GUIDED,GUIDED,128,0.0,5.720028400421143,10.0,0.0,0.5,0.0,nan,nan,nan,nan,nan,nan,nan,nan,nan,nan,0.02525133593165648,0.10718448742199975,6.523913527832666e-05,0,0,-0.04069522023200989,5.639367580413818,10.003238677978516,0.008916530758142471,0.48468655347824097,-0.001907517435029149,-13,0,-1000,0,2,0,0.002154202666133642,-0.01117729488760233,0.034567877650260925,0.0004931200528517365,3135,3135,0.019962787628173828,12.312,28.75,93,6,10,1.21,831,0.004006211180239916,0.00028600747464224696,0.006756578106433153,1500,1500,1000,1500,1800,1000,1000,1800
1783904326.7763,11.4601,0.01999,50.02,574,71079,0.060,GUIDED,GUIDED,128,0.0,5.730028867721558,10.0,0.0,0.5,0.0,nan,nan,nan,nan,nan,nan,nan,nan,nan,nan,0.02512105444592213,0.10742456147543955,0.0001072077651529872,0,0,-0.04063250496983528,5.649291038513184,10.003233909606934,0.008955540135502815,0.48459240794181824,-0.001928995014168322,-13,0,-1000,0,2,0,0.002154202666133642,-0.01117729488760233,0.034567877650260925,0.0004931200528517365,3135,3135,0.01992630958557129,12.312,28.75,93,6,10,1.21,831,0.004006211180239916,0.00028600747464224696,0.006756578106433153,1500,1500,1000,1500,1800,1000,1000,1800
1783904326.7966,11.4800,0.02030,49.27,575,71099,0.080,GUIDED,GUIDED,128,0.0,5.740022659301758,10.0,0.0,0.5,0.0,nan,nan,nan,nan,nan,nan,nan,nan,nan,nan,0.025270276574423066,0.10720413041677165,4.702318240739755e-05,0,0,-0.040679480880498886,5.659420967102051,10.003271102905273,0.008896508254110813,0.48464107513427734,-0.0019157209899276495,-13,0,-1000,1,0,0,0.002068645553663373,-0.0111489063128829,0.03447270393371582,0.0004967786953784525,3135,3135,0.019907236099243164,12.312,28.78,93,6,10,1.21,831,0.003973451443016529,0.0005261169280856848,0.0067860838025808334,1500,1500,1000,1500,1800,1000,1000,1800
1783904326.8163,11.5000,0.01967,50.83,576,71119,0.100,GUIDED,GUIDED,128,0.0,5.75002121925354,10.0,0.0,0.5,0.0,nan,nan,nan,nan,nan,nan,nan,nan,nan,nan,0.025356431296720043,0.1071070863768177,5.564737202566356e-06,0,0,-0.04070618003606796,5.669510841369629,10.003314971923828,0.008862181566655636,0.4846443831920624,-0.0019171127351000905,-13,0,-1000,1,0,0,0.002068645553663373,-0.0111489063128829,0.03447270393371582,0.0004967786953784525,3135,3135,0.01961231231689453,12.312,28.78,93,6,10,1.21,831,0.003973451443016529,0.0005261169280856848,0.0067860838025808334,1500,1500,1000,1500,1800,1000,1000,1800
1783904326.8363,11.5200,0.01999,50.01,577,71139,0.120,GUIDED,GUIDED,128,0.0,5.7600226402282715,10.0,0.0,0.5,0.0,nan,nan,nan,nan,nan,nan,nan,nan,nan,nan,0.025194880890275544,0.10742200551741717,3.156579098523597e-05,0,0,-0.0406234972178936,5.679385185241699,10.003314018249512,0.008907715789973736,0.48453593254089355,-0.0019315738463774323,-13,0,-1000,1,0,0,0.002068645553663373,-0.0111489063128829,0.03447270393371582,0.0004967786953784525,3135,3135,0.019942760467529297,12.312,28.78,93,6,10,1.21,831,0.003973451443016529,0.0005261169280856848,0.0067860838025808334,1500,1500,1000,1500,1800,1000,1000,1800
1783904326.8563,11.5401,0.02004,49.90,578,71159,0.140,GUIDED,GUIDED,128,0.0,5.770029067993164,10.0,0.0,0.5,0.0,nan,nan,nan,nan,nan,nan,nan,nan,nan,nan,0.025218097223337343,0.10740081361924043,-1.9003867184834e-05,0,0,-0.04062182828783989,5.689418792724609,10.00334644317627,0.008893348276615143,0.4845324754714966,-0.001921097980812192,-13,0,-1000,1,0,0,0.002068645553663373,-0.0111489063128829,0.03447270393371582,0.0004967786953784525,3135,3135,0.0199737548828125,12.312,28.78,93,6,10,1.21,831,0.003973451443016529,0.0005261169280856848,0.0067860838025808334,1500,1500,1000,1500,1800,1000,1000,1800
1783904326.8763,11.5600,0.01997,50.07,579,71179,0.160,GUIDED,GUIDED,128,0.0,5.780015349388123,10.0,0.0,0.5,0.0,nan,nan,nan,nan,nan,nan,nan,nan,nan,nan,0.025262025996892395,0.10704123597526188,-4.230211106310286e-05,0,0,-0.04060005396604538,5.699821949005127,10.00337028503418,0.00885541457682848,0.48449939489364624,-0.0019214118365198374,-13,0,-1000,1,0,0,0.002068645553663373,-0.0111489063128829,0.03447270393371582,0.0004967786953784525,3135,3135,0.019907474517822266,12.312,28.78,93,6,10,1.21,831,0.003973451443016529,0.0005261169280856848,0.0067860838025808334,1500,1500,1000,1500,1800,1000,1000,1800
1783904326.8963,11.5801,0.02003,49.93,580,71199,0.180,GUIDED,GUIDED,128,0.0,5.790029406547546,10.0,0.0,0.5,0.0,nan,nan,nan,nan,nan,nan,nan,nan,nan,nan,0.02523476419063971,0.10708932762676598,-9.725803251202326e-05,0,0,-0.0405709370970726,5.709832668304443,10.003385543823242,0.008854343555867672,0.4844735562801361,-0.0018984926864504814,-13,0,-1000,1,0,0,0.002068645553663373,-0.0111489063128829,0.03447270393371582,0.0004967786953784525,3135,3135,0.01996469497680664,12.312,28.78,93,6,10,1.21,831,0.003973451443016529,0.0005261169280856848,0.0067860838025808334,1500,1500,1000,1500,1800,1000,1000,1800
1783904326.9163,11.6000,0.01999,50.02,581,71219,0.200,GUIDED,GUIDED,128,0.0,5.800023674964905,10.0,0.0,0.5,0.0,nan,nan,nan,nan,nan,nan,nan,nan,nan,nan,0.02548546341917156,0.10650418420708373,-0.00018737795092876137,0,0,-0.040671687573194504,5.720128536224365,10.003446578979492,0.008767770603299141,0.4846372604370117,-0.0018817005911841989,-13,0,-1000,1,0,0,0.002068645553663373,-0.0111489063128829,0.03447270393371582,0.0004967786953784525,3135,3135,0.019926071166992188,12.312,28.78,93,6,10,1.21,831,0.003973451443016529,0.0005261169280856848,0.0067860838025808334,1500,1500,1000,1500,1800,1000,1000,1800
1783904326.9363,11.6201,0.02001,49.98,582,71239,0.220,GUIDED,GUIDED,128,0.0,5.81002950668335,10.0,0.0,0.5,0.0,nan,nan,nan,nan,nan,nan,nan,nan,nan,nan,0.025395573721279145,0.10654800099200465,-0.00016238377963102586,0,0,-0.04062549024820328,5.730102062225342,10.00345516204834,0.008792996406555176,0.48463061451911926,-0.0019010864198207855,-13,0,-1000,1,0,0,0.002068645553663373,-0.0111489063128829,0.03447270393371582,0.0004967786953784525,3135,3135,0.019944190979003906,12.312,28.78,93,6,10,1.21,831,0.003973451443016529,0.0005261169280856848,0.0067860838025808334,1500,1500,1000,1500,1800,1000,1000,1800
1783904326.9563,11.6401,0.01997,50.07,583,71259,0.240,GUIDED,GUIDED,128,0.0,5.820027589797974,10.0,0.0,0.5,0.0,nan,nan,nan,nan,nan,nan,nan,nan,nan,nan,0.02559216390524425,0.10609595709770818,-0.00019455930286221227,0,0,-0.04069182276725769,5.7403244972229,10.003503799438477,0.008717792108654976,0.4847620725631714,-0.0019105906831100583,-13,0,-1000,1,0,0,0.002068645553663373,-0.0111489063128829,0.03447270393371582,0.0004967786953784525,3135,3135,0.01991891860961914,12.312,28.78,93,6,10,1.21,831,0.003973451443016529,0.0005261169280856848,0.0067860838025808334,1500,1500,1000,1500,1800,1000,1000,1800
1783904326.9763,11.6601,0.02003,49.94,584,71279,0.260,GUIDED,GUIDED,128,0.0,5.8300288915634155,10.0,0.0,0.5,0.0,nan,nan,nan,nan,nan,nan,nan,nan,nan,nan,0.025778769030717824,0.10576401486173709,-0.0001985703604116761,0,0,-0.04074191302061081,5.750502109527588,10.003543853759766,0.008638975210487843,0.4848519265651703,-0.0019314002711325884,-13,0,-1000,1,0,0,0.002068645553663373,-0.0111489063128829,0.03447270393371582,0.0004967786953784525,3135,3135,0.01996016502380371,12.312,28.78,93,6,10,1.21,831,0.003973451443016529,0.0005261169280856848,0.0067860838025808334,1500,1500,1000,1500,1800,1000,1000,1800
1783904326.9963,11.6801,0.01999,50.01,585,71299,0.280,GUIDED,GUIDED,128,0.0,5.840026259422302,10.0,0.0,0.5,0.0,nan,nan,nan,nan,nan,nan,nan,nan,nan,nan,0.025688770251554846,0.10596505743576373,-0.00012100263355389624,0,0,-0.0406755767762661,5.7604217529296875,10.00355339050293,0.008652636781334877,0.4847807288169861,-0.0019816900603473186,-13,0,-1000,1,0,0,0.002068645553663373,-0.0111489063128829,0.03447270393371582,0.0004967786953784525,3135,3135,0.019930124282836914,12.312,28.78,93,6,10,1.21,831,0.003973451443016529,0.0005261169280856848,0.0067860838025808334,1500,1500,1000,1500,1800,1000,1000,1800
1783904327.0163,11.7001,0.02000,50.00,586,71319,0.300,GUIDED,GUIDED,128,0.0,5.8500261306762695,10.0,0.0,0.5,0.0,nan,nan,nan,nan,nan,nan,nan,nan,nan,nan,0.025794788723617783,0.10577050988336248,-4.948908463553534e-05,0,0,-0.04070185497403145,5.770538330078125,10.0036039352417,0.00860659871250391,0.48482567071914673,-0.002052160445600748,-13,0,-1000,1,0,0,0.002068645553663373,-0.0111489063128829,0.03447270393371582,0.0004967786953784525,3135,3135,0.019935131072998047,12.312,28.78,93,6,10,1.21,831,0.003973451443016529,0.0005261169280856848,0.0067860838025808334,1500,1500,1000,1500,1800,1000,1000,1800
1783904327.0363,11.7201,0.02001,49.98,587,71339,0.320,GUIDED,GUIDED,128,0.0,5.860029339790344,10.0,0.0,0.5,0.0,nan,nan,nan,nan,nan,nan,nan,nan,nan,nan,0.025609301502631375,0.10605003250613429,4.63364993303619e-06,0,0,-0.04062161594629288,5.7804274559021,10.003604888916016,0.008667363785207272,0.48473015427589417,-0.002083958825096488,-13,0,-1000,1,0,0,0.002068645553663373,-0.0111489063128829,0.03447270393371582,0.0004967786953784525,3135,3135,0.01994180679321289,12.312,28.78,93,6,10,1.21,831,0.003973451443016529,0.0005261169280856848,0.0067860838025808334,1500,1500,1000,1500,1800,1000,1000,1800
1783904327.0566,11.7401,0.02033,49.20,588,71359,0.340,GUIDED,GUIDED,128,0.0,5.870027780532837,10.0,0.0,0.5,0.0,nan,nan,nan,nan,nan,nan,nan,nan,nan,nan,0.025648126047979822,0.10599770986570098,7.35565548647555e-06,0,0,-0.0406201146543026,5.790485858917236,10.003642082214355,0.00864408165216446,0.4847257435321808,-0.0021070039365440607,-13,0,-1000,0,0,0,0.0019763046875596046,-0.011199320666491985,0.0343688502907753,0.0003671397571451962,3135,3135,0.02027440071105957,12.312,28.75,93,6,10,1.21,831,0.005502447951585054,0.0004902430810034275,0.006454770918935537,1500,1500,1000,1500,1800,1000,1000,1800
1783904327.0763,11.7600,0.01966,50.87,589,71379,0.360,GUIDED,GUIDED,128,0.0,5.880022883415222,10.0,0.0,0.5,0.0,nan,nan,nan,nan,nan,nan,nan,nan,nan,nan,0.025654745367600745,0.10600776607557878,-1.6839858119978117e-05,0,0,-0.04060691222548485,5.800509929656982,10.003671646118164,0.008632637560367584,0.4847032129764557,-0.002110103378072381,-13,0,-1000,0,0,0,0.0019763046875596046,-0.011199320666491985,0.0343688502907753,0.0003671397571451962,3135,3135,0.019591808319091797,12.312,28.75,93,6,10,1.21,831,0.005502447951585054,0.0004902430810034275,0.006454770918935537,1500,1500,1000,1500,1800,1000,1000,1800
1783904327.0963,11.7801,0.01999,50.02,590,71399,0.380,GUIDED,GUIDED,128,0.0,5.890027403831482,10.0,0.0,0.5,0.0,nan,nan,nan,nan,nan,nan,nan,nan,nan,nan,0.025429634700838137,0.10639868154694654,-2.198583441094309e-05,0,0,-0.04051000252366066,5.810353755950928,10.003674507141113,0.00870665442198515,0.48457029461860657,-0.002108784159645438,-13,0,-1000,0,0,0,0.0019763046875596046,-0.011199320666491985,0.0343688502907753,0.0003671397571451962,3135,3135,0.019936561584472656,12.312,28.75,93,6,10,1.21,831,0.005502447951585054,0.0004902430810034275,0.006454770918935537,1500,1500,1000,1500,1800,1000,1000,1800
1783904327.1163,11.8000,0.01999,50.01,591,71419,0.400,GUIDED,GUIDED,128,0.0,5.900023102760315,10.0,0.0,0.5,0.0,nan,nan,nan,nan,nan,nan,nan,nan,nan,nan,0.02575819289958793,0.10589607094344206,-8.936647718880714e-05,0,0,-0.0406167097389698,5.820627212524414,10.003725051879883,0.008578568696975708,0.48470011353492737,-0.0020990639459341764,-13,0,-1000,0,0,0,0.0019763046875596046,-0.011199320666491985,0.0343688502907753,0.0003671397571451962,3135,3135,0.019937515258789062,12.312,28.75,93,6,10,1.21,831,0.005502447951585054,0.0004902430810034275,0.006454770918935537,1500,1500,1000,1500,1800,1000,1000,1800
1783904327.1363,11.8201,0.02003,49.93,592,71439,0.420,GUIDED,GUIDED,128,0.0,5.91002893447876,10.0,0.0,0.5,0.0,nan,nan,nan,nan,nan,nan,nan,nan,nan,nan,0.025682932656458476,0.1060246580833519,-0.00011784195344385299,0,0,-0.04057557135820389,5.83059024810791,10.003726959228516,0.00859826896339655,0.484650582075119,-0.002083724830299616,-13,0,-1000,0,0,0,0.0019763046875596046,-0.011199320666491985,0.0343688502907753,0.0003671397571451962,3135,3135,0.019965171813964844,12.312,28.75,93,6,10,1.21,831,0.005502447951585054,0.0004902430810034275,0.006454770918935537,1500,1500,1000,1500,1800,1000,1000,1800
1783904327.1563,11.8401,0.01998,50.06,593,71459,0.440,GUIDED,GUIDED,128,0.0,5.92002809047699,10.0,0.0,0.5,0.0,nan,nan,nan,nan,nan,nan,nan,nan,nan,nan,0.025873091593430982,0.10564440166598701,-0.00014052375213211487,0,0,-0.04064800962805748,5.840790748596191,10.003765106201172,0.00853030290454626,0.48475387692451477,-0.002092653652653098,-13,0,-1000,0,0,0,0.0019763046875596046,-0.011199320666491985,0.0343688502907753,0.0003671397571451962,3135,3135,0.019922256469726562,12.312,28.75,93,6,10,1.21,831,0.005502447951585054,0.0004902430810034275,0.006454770918935537,1500,1500,1000,1500,1800,1000,1000,1800
1783904327.1763,11.8601,0.02003,49.94,594,71479,0.460,GUIDED,GUIDED,128,0.0,5.930028915405273,10.0,0.0,0.5,0.0,nan,nan,nan,nan,nan,nan,nan,nan,nan,nan,0.02603117378037767,0.10534663023407762,1.32151940628847e-05,0,0,-0.04070361331105232,5.850947856903076,10.003795623779297,0.008471136912703514,0.48483556509017944,-0.002199034206569195,-13,0,-1000,0,0,0,0.0019763046875596046,-0.011199320666491985,0.0343688502907753,0.0003671397571451962,3135,3135,0.019960641860961914,12.312,28.75,93,6,10,1.21,831,0.005502447951585054,0.0004902430810034275,0.006454770918935537,1500,1500,1000,1500,1800,1000,1000,1800
1783904327.1963,11.8801,0.01997,50.07,595,71499,0.480,GUIDED,GUIDED,128,0.0,5.940027475357056,10.0,0.0,0.5,0.0,nan,nan,nan,nan,nan,nan,nan,nan,nan,nan,0.02588737940006917,0.10556027219800913,0.00024848788967146793,0,0,-0.04064110293984413,5.8608574867248535,10.00379467010498,0.008518066257238388,0.48476356267929077,-0.002334318356588483,-13,0,-1000,0,0,0,0.0019763046875596046,-0.011199320666491985,0.0343688502907753,0.0003671397571451962,3135,3135,0.01992011070251465,12.312,28.75,93,6,10,1.21,831,0.005502447951585054,0.0004902430810034275,0.006454770918935537,1500,1500,1000,1500,1800,1000,1000,1800
1783904327.2163,11.9000,0.02004,49.91,596,71519,0.500,GUIDED,GUIDED,128,0.0,5.95002293586731,10.0,0.0,0.5,0.0,nan,nan,nan,nan,nan,nan,nan,nan,nan,nan,0.026038297803511534,0.10540832560603025,0.00038517552943041246,0,0,-0.0406716987490654,5.870954513549805,10.003829956054688,0.008448597975075245,0.48479264974594116,-0.00243360735476017,-13,0,-1000,0,0,0,0.0019763046875596046,-0.011199320666491985,0.0343688502907753,0.0003671397571451962,3135,3135,0.019949913024902344,12.312,28.75,93,6,10,1.21,831,0.005502447951585054,0.0004902430810034275,0.006454770918935537,1500,1500,1000,1500,1800,1000,1000,1800
1783904327.2363,11.9200,0.01998,50.04,597,71539,0.520,GUIDED,GUIDED,128,0.0,5.960023045539856,10.0,0.0,0.5,0.0,nan,nan,nan,nan,nan,nan,nan,nan,nan,nan,0.025922246429641624,0.10567832295231189,0.0004279186319466775,0,0,-0.04059571027755737,5.880834579467773,10.003819465637207,0.008471728302538395,0.4847060739994049,-0.0024522284511476755,-13,0,-1000,0,0,0,0.0019763046875596046,-0.011199320666491985,0.0343688502907753,0.0003671397571451962,3135,3135,0.019917011260986328,12.312,28.75,93,6,10,1.21,831,0.005502447951585054,0.0004902430810034275,0.006454770918935537,1500,1500,1000,1500,1800,1000,1000,1800
1783904327.2563,11.9400,0.01999,50.02,598,71559,0.540,GUIDED,GUIDED,128,0.0,5.970023036003113,10.0,0.0,0.5,0.0,nan,nan,nan,nan,nan,nan,nan,nan,nan,nan,0.025971341714779446,0.1056159520463455,0.0003260298493827727,0,0,-0.040599435567855835,5.890876293182373,10.003843307495117,0.00844553392380476,0.48471799492836,-0.002407168038189411,-13,0,-1000,0,0,0,0.0019763046875596046,-0.011199320666491985,0.0343688502907753,0.0003671397571451962,3135,3135,0.019930124282836914,12.312,28.75,93,6,10,1.21,831,0.005502447951585054,0.0004902430810034275,0.006454770918935537,1500,1500,1000,1500,1800,1000,1000,1800
1783904327.2763,11.9601,0.01999,50.03,599,71579,0.560,GUIDED,GUIDED,128,0.0,5.980027794837952,10.0,0.0,0.5,0.0,nan,nan,nan,nan,nan,nan,nan,nan,nan,nan,0.025981483410309425,0.10566667909931908,0.00020941507897335315,0,0,-0.040591586381196976,5.900884628295898,10.003861427307129,0.008435146883130074,0.48468664288520813,-0.0023503019474446774,-13,0,-1000,0,0,0,0.0019763046875596046,-0.011199320666491985,0.0343688502907753,0.0003671397571451962,3135,3135,0.019936800003051758,12.312,28.75,93,6,10,1.21,831,0.005502447951585054,0.0004902430810034275,0.006454770918935537,1500,1500,1000,1500,1800,1000,1000,1800
1783904327.2967,11.9800,0.02045,48.91,600,71599,0.580,GUIDED,GUIDED,128,0.0,5.990022659301758,10.0,0.0,0.5,0.0,nan,nan,nan,nan,nan,nan,nan,nan,nan,nan,0.025850126464961792,0.10604163084589352,0.00027297354446465926,0,0,-0.04049966484308243,5.9107208251953125,10.00385570526123,0.008457914926111698,0.4845617711544037,-0.0023836938198655844,-13,0,-1000,0,0,0,0.0018809187458828092,-0.011226472444832325,0.03425583243370056,0.0004724869504570961,3135,3135,0.019940853118896484,12.312,28.75,93,6,10,1.21,831,0.0039980728179216385,0.0004716040857601911,0.006408080458641052,1500,1500,1000,1500,1800,1000,1000,1800
1783904327.3163,12.0000,0.01957,51.11,601,71619,0.600,GUIDED,GUIDED,128,0.0,6.0000234842300415,10.0,0.0,0.5,0.0,nan,nan,nan,nan,nan,nan,nan,nan,nan,nan,0.02616990309192874,0.1055144744116574,0.00020921972687577492,0,0,-0.04061108082532883,5.9209818840026855,10.003897666931152,0.008337617851793766,0.48471587896347046,-0.0023711121175438166,-13,0,-1000,0,0,0,0.0018809187458828092,-0.011226472444832325,0.03425583243370056,0.0004724869504570961,3135,3135,0.019501924514770508,12.312,28.75,93,6,10,1.21,831,0.0039980728179216385,0.0004716040857601911,0.006408080458641052,1500,1500,1000,1500,1800,1000,1000,1800
1783904327.3363,12.0200,0.01999,50.01,602,71639,0.620,GUIDED,GUIDED,128,0.0,6.010023474693298,10.0,0.0,0.5,0.0,nan,nan,nan,nan,nan,nan,nan,nan,nan,nan,0.026067115509103938,0.10566622257286581,0.00016814183642879094,0,0,-0.04057454317808151,5.930939197540283,10.00389289855957,0.008375867269933224,0.48465290665626526,-0.0023446427658200264,-13,0,-1000,0,0,0,0.0018809187458828092,-0.011226472444832325,0.03425583243370056,0.0004724869504570961,3135,3135,0.019932985305786133,12.312,28.75,93,6,10,1.21,831,0.0039980728179216385,0.0004716040857601911,0.006408080458641052,1500,1500,1000,1500,1800,1000,1000,1800
1783904327.3563,12.0401,0.02002,49.95,603,71659,0.640,GUIDED,GUIDED,128,0.0,6.020029306411743,10.0,0.0,0.5,0.0,nan,nan,nan,nan,nan,nan,nan,nan,nan,nan,0.026270630361539475,0.10531028026389974,0.00016895667092062163,0,0,-0.040651287883520126,5.941128253936768,10.003923416137695,0.008302676491439342,0.4847526252269745,-0.002362732542678714,-13,0,-1000,0,0,0,0.0018809187458828092,-0.011226472444832325,0.03425583243370056,0.0004724869504570961,3135,3135,0.01995396614074707,12.312,28.75,93,6,10,1.21,831,0.0039980728179216385,0.0004716040857601911,0.006408080458641052,1500,1500,1000,1500,1800,1000,1000,1800
1783904327.3763,12.0600,0.01996,50.09,604,71679,0.660,GUIDED,GUIDED,128,0.0,6.0300222635269165,10.0,0.0,0.5,0.0,nan,nan,nan,nan,nan,nan,nan,nan,nan,nan,0.02646733404580566,0.10505011694601832,0.00011560157168283638,0,0,-0.04071170091629028,5.95127534866333,10.003947257995605,0.00822398904711008,0.4848138391971588,-0.002345693064853549,-13,0,-1000,0,0,0,0.0018809187458828092,-0.011226472444832325,0.03425583243370056,0.0004724869504570961,3135,3135,0.019908666610717773,12.312,28.75,93,6,10,1.21,831,0.0039980728179216385,0.0004716040857601911,0.006408080458641052,1500,1500,1000,1500,1800,1000,1000,1800
1783904327.3963,12.0801,0.02001,49.98,605,71699,0.680,GUIDED,GUIDED,128,0.0,6.040025949478149,10.0,0.0,0.5,0.0,nan,nan,nan,nan,nan,nan,nan,nan,nan,nan,0.02639684646222193,0.10529293174877741,0.0001806772257459963,0,0,-0.04065462946891785,5.961179256439209,10.003942489624023,0.008231734856963158,0.4847312569618225,-0.0023805114906281233,-13,0,-1000,0,0,0,0.0018809187458828092,-0.011226472444832325,0.03425583243370056,0.0004724869504570961,3135,3135,0.019954919815063477,12.312,28.75,93,6,10,1.21,831,0.0039980728179216385,0.0004716040857601911,0.006408080458641052,1500,1500,1000,1500,1800,1000,1000,1800
1783904327.4163,12.1001,0.02003,49.94,606,71719,0.700,GUIDED,GUIDED,128,0.0,6.050026774406433,10.0,0.0,0.5,0.0,nan,nan,nan,nan,nan,nan,nan,nan,nan,nan,0.026502691996423907,0.10514782146775999,0.00018719604471402213,0,0,-0.04069085046648979,5.971267223358154,10.003973960876465,0.008191537111997604,0.4847647249698639,-0.0024024450685828924,-13,0,-1000,0,0,0,0.0018809187458828092,-0.011226472444832325,0.03425583243370056,0.0004724869504570961,3135,3135,0.019960880279541016,12.312,28.75,93,6,10,1.21,831,0.0039980728179216385,0.0004716040857601911,0.006408080458641052,1500,1500,1000,1500,1800,1000,1000,1800
1783904327.4363,12.1200,0.01998,50.05,607,71739,0.720,GUIDED,GUIDED,128,0.0,6.060022354125977,10.0,0.0,0.5,0.0,nan,nan,nan,nan,nan,nan,nan,nan,nan,nan,0.026338195609326313,0.1054453121367239,0.00022832920552243,0,0,-0.040619783103466034,5.981142520904541,10.003962516784668,0.008245478384196758,0.48466241359710693,-0.0024195860605686903,-13,0,-1000,0,0,0,0.0018809187458828092,-0.011226472444832325,0.03425583243370056,0.0004724869504570961,3135,3135,0.01991724967956543,12.312,28.75,93,6,10,1.21,831,0.0039980728179216385,0.0004716040857601911,0.006408080458641052,1500,1500,1000,1500,1800,1000,1000,1800
1783904327.4563,12.1400,0.02002,49.95,608,71759,0.740,GUIDED,GUIDED,128,0.0,6.070020794868469,10.0,0.0,0.5,0.0,nan,nan,nan,nan,nan,nan,nan,nan,nan,nan,0.026382071283049473,0.10535535040313906,0.00021747210383271133,0,0,-0.040628038346767426,5.991175174713135,10.003982543945312,0.0082249129191041,0.48469460010528564,-0.0024248803965747356,-13,0,-1000,0,0,0,0.0018809187458828092,-0.011226472444832325,0.03425583243370056,0.0004724869504570961,3135,3135,0.019931554794311523,12.312,28.75,93,6,10,1.21,831,0.0039980728179216385,0.0004716040857601911,0.006408080458641052,1500,1500,1000,1500,1800,1000,1000,1800
1783904327.4763,12.1600,0.01998,50.04,609,71779,0.760,GUIDED,GUIDED,128,0.0,6.080022811889648,10.0,0.0,0.5,0.0,nan,nan,nan,nan,nan,nan,nan,nan,nan,nan,0.026410143480056283,0.10541483647222616,0.00021808532282668273,0,0,-0.04062461480498314,6.001175880432129,10.003996849060059,0.008206728845834732,0.4846610128879547,-0.0024334935005754232,-13,0,-1000,0,0,0,0.0018809187458828092,-0.011226472444832325,0.03425583243370056,0.0004724869504570961,3135,3135,0.019930601119995117,12.312,28.75,93,6,10,1.21,831,0.0039980728179216385,0.0004716040857601911,0.006408080458641052,1500,1500,1000,1500,1800,1000,1000,1800
1783904327.4963,12.1800,0.01999,50.02,610,71799,0.780,GUIDED,GUIDED,128,0.0,6.0900222063064575,10.0,0.0,0.5,0.0,nan,nan,nan,nan,nan,nan,nan,nan,nan,nan,0.026225771104815332,0.10580283021049604,0.0002639872745356592,0,0,-0.040537092834711075,6.011008262634277,10.003986358642578,0.008262645453214645,0.484533429145813,-0.0024539383593946695,-13,0,-1000,0,0,0,0.0018809187458828092,-0.011226472444832325,0.03425583243370056,0.0004724869504570961,3135,3135,0.019930362701416016,12.312,28.75,93,6,10,1.21,831,0.0039980728179216385,0.0004716040857601911,0.006408080458641052,1500,1500,1000,1500,1800,1000,1000,1800
1783904327.5163,12.2001,0.02000,49.99,611,71819,0.800,GUIDED,GUIDED,128,0.0,6.100027561187744,10.0,0.0,0.5,0.0,nan,nan,nan,nan,nan,nan,nan,nan,nan,nan,0.026561688566726853,0.10532281863345194,0.00020952085273832476,0,0,-0.040659647434949875,6.021262168884277,10.004022598266602,0.00813946034759283,0.4846670627593994,-0.0024434151127934456,-13,0,-1000,0,0,0,0.0018809187458828092,-0.011226472444832325,0.03425583243370056,0.0004724869504570961,3135,3135,0.019951581954956055,12.312,28.75,93,6,10,1.21,831,0.0039980728179216385,0.0004716040857601911,0.006408080458641052,1500,1500,1000,1500,1800,1000,1000,1800
1783904327.5363,12.2201,0.02003,49.93,612,71839,0.820,GUIDED,GUIDED,128,0.0,6.1100287437438965,10.0,0.0,0.5,0.0,nan,nan,nan,nan,nan,nan,nan,nan,nan,nan,0.02647619622171772,0.10552485583251295,0.00025929115326603965,0,0,-0.04063061997294426,6.031215190887451,10.004014015197754,0.008172060362994671,0.4845782220363617,-0.0024671945720911026,-13,0,-1000,0,0,0,0.0018809187458828092,-0.011226472444832325,0.03425583243370056,0.0004724869504570961,3135,3135,0.019963502883911133,12.312,28.75,93,6,10,1.21,831,0.0039980728179216385,0.0004716040857601911,0.006408080458641052,1500,1500,1000,1500,1800,1000,1000,1800
1783904327.5567,12.2400,0.02044,48.92,613,71859,0.840,GUIDED,GUIDED,128,0.0,6.12002432346344,10.0,0.0,0.5,0.0,nan,nan,nan,nan,nan,nan,nan,nan,nan,nan,0.026674081651496567,0.105202515288112,0.00026166785386925236,0,0,-0.04071781784296036,6.0413970947265625,10.00403881072998,0.008108154870569706,0.48465675115585327,-0.0024828824680298567,-13,0,-1000,2,0,0,0.002059844322502613,-0.011123990640044212,0.03417118638753891,0.0008049651514738798,3135,3135,0.020386934280395508,12.312,28.75,93,6,10,1.21,831,0.0039919703267514706,0.00046323047718033195,0.006553109735250473,1500,1500,1000,1500,1800,1000,1000,1800
1783904327.5763,12.2600,0.01952,51.23,614,71879,0.860,GUIDED,GUIDED,128,0.0,6.130022764205933,10.0,0.0,0.5,0.0,nan,nan,nan,nan,nan,nan,nan,nan,nan,nan,0.026784614254763715,0.10499355991486174,0.00026894821662869564,0,0,-0.04078761488199234,6.051536560058594,10.004055976867676,0.008084636181592941,0.4846959710121155,-0.0024969966616481543,-13,0,-1000,2,0,0,0.002059844322502613,-0.011123990640044212,0.03417118638753891,0.0008049651514738798,3135,3135,0.019464969635009766,12.312,28.75,93,6,10,1.21,831,0.0039919703267514706,0.00046323047718033195,0.006553109735250473,1500,1500,1000,1500,1800,1000,1000,1800
1783904327.5963,12.2800,0.02002,49.96,615,71899,0.880,GUIDED,GUIDED,128,0.0,6.140022397041321,10.0,0.0,0.5,0.0,nan,nan,nan,nan,nan,nan,nan,nan,nan,nan,0.026649078558355778,0.10527083662373858,0.00022489388079378805,0,0,-0.04073582962155342,6.061436176300049,10.004047393798828,0.008132989518344402,0.48459362983703613,-0.002466606441885233,-13,0,-1000,2,0,0,0.002059844322502613,-0.011123990640044212,0.03417118638753891,0.0008049651514738798,3135,3135,0.019953250885009766,12.312,28.75,93,6,10,1.21,831,0.0039919703267514706,0.00046323047718033195,0.006553109735250473,1500,1500,1000,1500,1800,1000,1000,1800
1783904327.6163,12.3000,0.01999,50.03,616,71919,0.900,GUIDED,GUIDED,128,0.0,6.150022506713867,10.0,0.0,0.5,0.0,nan,nan,nan,nan,nan,nan,nan,nan,nan,nan,0.0267709574161477,0.1051755237190665,0.00014194825129638152,0,0,-0.04077976197004318,6.071516990661621,10.004073143005371,0.008087987080216408,0.48460206389427185,-0.0024335840716958046,-13,0,-1000,2,0,0,0.002059844322502613,-0.011123990640044212,0.03417118638753891,0.0008049651514738798,3135,3135,0.019934415817260742,12.312,28.75,93,6,10,1.21,831,0.0039919703267514706,0.00046323047718033195,0.006553109735250473,1500,1500,1000,1500,1800,1000,1000,1800
1783904327.6363,12.3201,0.02004,49.91,617,71939,0.920,GUIDED,GUIDED,128,0.0,6.160029292106628,10.0,0.0,0.5,0.0,nan,nan,nan,nan,nan,nan,nan,nan,nan,nan,0.026535072492719674,0.10552500376579937,0.00015410922538917644,0,0,-0.04071303457021713,6.081386089324951,10.004059791564941,0.00818565022200346,0.48447978496551514,-0.0024328967556357384,-13,0,-1000,2,0,0,0.002059844322502613,-0.011123990640044212,0.03417118638753891,0.0008049651514738798,3135,3135,0.019972801208496094,12.312,28.75,93,6,10,1.21,831,0.0039919703267514706,0.00046323047718033195,0.006553109735250473,1500,1500,1000,1500,1800,1000,1000,1800
1783904327.6563,12.3401,0.02001,49.97,618,71959,0.940,GUIDED,GUIDED,128,0.0,6.170030355453491,10.0,0.0,0.5,0.0,nan,nan,nan,nan,nan,nan,nan,nan,nan,nan,0.026577187444805146,0.10555964268352334,0.0002139272442557589,0,0,-0.04072754457592964,6.0914106369018555,10.004075050354004,0.008169712498784065,0.4844462275505066,-0.002476242370903492,-13,0,-1000,2,0,0,0.002059844322502613,-0.011123990640044212,0.03417118638753891,0.0008049651514738798,3135,3135,0.019937515258789062,12.312,28.75,93,6,10,1.21,831,0.0039919703267514706,0.00046323047718033195,0.006553109735250473,1500,1500,1000,1500,1800,1000,1000,1800
1783904327.6763,12.3601,0.01998,50.04,619,71979,0.960,GUIDED,GUIDED,128,0.0,6.180025696754456,10.0,0.0,0.5,0.0,nan,nan,nan,nan,nan,nan,nan,nan,nan,nan,0.02655308103997126,0.10564830327027558,0.00025171348446928303,0,0,-0.04072969779372215,6.101402282714844,10.004083633422852,0.00818487349897623,0.48439717292785645,-0.002503013703972101,-13,0,-1000,2,0,0,0.002059844322502613,-0.011123990640044212,0.03417118638753891,0.0008049651514738798,3135,3135,0.019918441772460938,12.312,28.75,93,6,10,1.21,831,0.0039919703267514706,0.00046323047718033195,0.006553109735250473,1500,1500,1000,1500,1800,1000,1000,1800
1783904327.6963,12.3801,0.02000,50.00,620,71999,0.980,GUIDED,GUIDED,128,0.0,6.190025806427002,10.0,0.0,0.5,0.0,nan,nan,nan,nan,nan,nan,nan,nan,nan,nan,0.026303211617902427,0.1061439568775536,0.0004737251326898404,0,0,-0.04064444825053215,6.111227035522461,10.004069328308105,0.00827991683036089,0.4842122495174408,-0.0026229331269860268,-13,0,-1000,2,0,0,0.002059844322502613,-0.011123990640044212,0.03417118638753891,0.0008049651514738798,3135,3135,0.019935131072998047,12.312,28.75,93,6,10,1.21,831,0.0039919703267514706,0.00046323047718033195,0.006553109735250473,1500,1500,1000,1500,1800,1000,1000,1800
1783904327.7163,12.4001,0.02005,49.87,621,72019,0.000,GUIDED,GUIDED,128,0.0,6.200025677680969,10.0,0.0,0.5,0.0,nan,nan,nan,nan,nan,nan,nan,nan,nan,nan,0.026548103163561626,0.10572252304890961,0.0005308313023754622,0,0,-0.04076745733618736,6.1214728355407715,10.004097938537598,0.008209547959268093,0.48431357741355896,-0.0026724215131253004,-13,0,-1000,2,0,0,0.002059844322502613,-0.011123990640044212,0.03417118638753891,0.0008049651514738798,3135,3135,0.019935131072998047,12.312,28.75,93,6,10,1.21,831,0.0039919703267514706,0.00046323047718033195,0.006553109735250473,1500,1500,1000,1500,1800,1000,1000,1800
1783904327.7363,12.4201,0.01995,50.12,622,72039,0.020,GUIDED,GUIDED,128,0.0,6.2100279331207275,10.0,0.0,0.5,0.0,nan,nan,nan,nan,nan,nan,nan,nan,nan,nan,0.02642109016121649,0.10591913114761982,0.0007509905710246139,0,0,-0.04073724150657654,6.131417751312256,10.004081726074219,0.008265433833003044,0.48423317074775696,-0.002790170256048441,-13,0,-1000,2,0,0,0.002059844322502613,-0.011123990640044212,0.03417118638753891,0.0008049651514738798,3135,3135,0.01988816261291504,12.312,28.75,93,6,10,1.21,831,0.0039919703267514706,0.00046323047718033195,0.006553109735250473,1500,1500,1000,1500,1800,1000,1000,1800
1783904327.7563,12.4401,0.02000,50.01,623,72059,0.040,GUIDED,GUIDED,128,0.0,6.220025897026062,10.0,0.0,0.5,0.0,nan,nan,nan,nan,nan,nan,nan,nan,nan,nan,0.02657398087466035,0.10565122117084028,0.0008424768602837418,0,0,-0.040823664516210556,6.1415910720825195,10.004096031188965,0.008227058686316013,0.4842866063117981,-0.002851248951628804,-13,0,-1000,2,0,0,0.002059844322502613,-0.011123990640044212,0.03417118638753891,0.0008049651514738798,3135,3135,0.01993107795715332,12.312,28.75,93,6,10,1.21,831,0.0039919703267514706,0.00046323047718033195,0.006553109735250473,1500,1500,1000,1500,1800,1000,1000,1800
1783904327.7763,12.4601,0.02000,50.00,624,72079,0.060,GUIDED,GUIDED,128,0.0,6.230026006698608,10.0,0.0,0.5,0.0,nan,nan,nan,nan,nan,nan,nan,nan,nan,nan,0.026684512929539286,0.10549475451512584,0.0007216507320235701,0,0,-0.04089221730828285,6.151721477508545,10.004103660583496,0.00820282194763422,0.48430171608924866,-0.002785894786939025,-13,0,-1000,2,0,0,0.002059844322502613,-0.011123990640044212,0.03417118638753891,0.0008049651514738798,3135,3135,0.019934892654418945,12.312,28.75,93,6,10,1.21,831,0.0039919703267514706,0.00046323047718033195,0.006553109735250473,1500,1500,1000,1500,1800,1000,1000,1800
1783904327.7967,12.4800,0.02041,49.00,625,72099,0.080,GUIDED,GUIDED,128,0.0,6.240024089813232,10.0,0.0,0.5,0.0,nan,nan,nan,nan,nan,nan,nan,nan,nan,nan,0.026497125143681632,0.10579940251189043,0.0006111950768551595,0,0,-0.04083852469921112,6.161612510681152,10.004087448120117,0.008280010893940926,0.48418763279914856,-0.002712762914597988,-13,0,-1001,2,0,0,0.00219316640868783,-0.010947844944894314,0.03409448638558388,0.00045395130291581154,3135,3135,0.019919872283935547,12.312,28.75,93,6,10,1.21,831,0.003978443797677755,0.0004512057057581842,0.006580324377864599,1500,1500,1000,1500,1800,1000,1000,1800
1783904327.8162,12.5000,0.01955,51.16,626,72119,0.100,GUIDED,GUIDED,128,0.0,6.250019550323486,10.0,0.0,0.5,0.0,nan,nan,nan,nan,nan,nan,nan,nan,nan,nan,0.02660625897798608,0.10573061787123733,0.000539955947128158,0,0,-0.04088053107261658,6.171683311462402,10.004105567932129,0.008241254836320877,0.4841838479042053,-0.0026820944622159004,-13,0,-1001,2,0,0,0.00219316640868783,-0.010947844944894314,0.03409448638558388,0.00045395130291581154,3135,3135,0.019498109817504883,12.312,28.75,93,6,10,1.21,831,0.003978443797677755,0.0004512057057581842,0.006580324377864599,1500,1500,1000,1500,1800,1000,1000,1800
1783904327.8363,12.5200,0.02001,49.98,627,72139,0.120,GUIDED,GUIDED,128,0.0,6.260020613670349,10.0,0.0,0.5,0.0,nan,nan,nan,nan,nan,nan,nan,nan,nan,nan,0.026393789419327927,0.10613077052630226,0.0004544461699797237,0,0,-0.04081129655241966,6.181543350219727,10.004085540771484,0.008323951624333858,0.4840342402458191,-0.0026211626827716827,-13,0,-1001,2,0,0,0.00219316640868783,-0.010947844944894314,0.03409448638558388,0.00045395130291581154,3135,3135,0.019956111907958984,12.312,28.75,93,6,10,1.21,831,0.003978443797677755,0.0004512057057581842,0.006580324377864599,1500,1500,1000,1500,1800,1000,1000,1800
1783904327.8563,12.5400,0.02000,50.01,628,72159,0.140,GUIDED,GUIDED,128,0.0,6.270019292831421,10.0,0.0,0.5,0.0,nan,nan,nan,nan,nan,nan,nan,nan,nan,nan,0.026337110914655175,0.1062373808125684,0.00043940916585059366,0,0,-0.04082360863685608,6.191556930541992,10.004095077514648,0.008363783359527588,0.48396408557891846,-0.0026179871056228876,-13,0,-1001,2,0,0,0.00219316640868783,-0.010947844944894314,0.03409448638558388,0.00045395130291581154,3135,3135,0.0199432373046875,12.312,28.75,93,6,10,1.21,831,0.003978443797677755,0.0004512057057581842,0.006580324377864599,1500,1500,1000,1500,1800,1000,1000,1800
1783904327.8763,12.5601,0.02004,49.90,629,72179,0.160,GUIDED,GUIDED,128,0.0,6.280025839805603,10.0,0.0,0.5,0.0,nan,nan,nan,nan,nan,nan,nan,nan,nan,nan,0.02626097118580237,0.1064233840549362,0.0003672641097258716,0,0,-0.04082224890589714,6.201537132263184,10.00409984588623,0.008406957611441612,0.4838719069957733,-0.002579087158665061,-13,0,-1001,2,0,0,0.00219316640868783,-0.010947844944894314,0.03409448638558388,0.00045395130291581154,3135,3135,0.019974231719970703,12.312,28.75,93,6,10,1.21,831,0.003978443797677755,0.0004512057057581842,0.006580324377864599,1500,1500,1000,1500,1800,1000,1000,1800
1783904327.8963,12.5800,0.01997,50.07,630,72199,0.180,GUIDED,GUIDED,128,0.0,6.290024280548096,10.0,0.0,0.5,0.0,nan,nan,nan,nan,nan,nan,nan,nan,nan,nan,0.026008810605869633,0.10691032090814008,0.00044919048697953864,0,0,-0.040733058005571365,6.211350917816162,10.004082679748535,0.00850104819983244,0.48369738459587097,-0.0026164765004068613,-13,0,-1001,2,0,0,0.00219316640868783,-0.010947844944894314,0.03409448638558388,0.00045395130291581154,3135,3135,0.019919395446777344,12.312,28.75,93,6,10,1.21,831,0.003978443797677755,0.0004512057057581842,0.006580324377864599,1500,1500,1000,1500,1800,1000,1000,1800
1783904327.9163,12.6001,0.02003,49.93,631,72219,0.200,GUIDED,GUIDED,128,0.0,6.300025582313538,10.0,0.0,0.5,0.0,nan,nan,nan,nan,nan,nan,nan,nan,nan,nan,0.02622203177449102,0.10653742336004045,0.000365934949047542,0,0,-0.04085247591137886,6.2215895652771,10.004111289978027,0.008446890860795975,0.48377564549446106,-0.0025849270168691874,-13,0,-1001,2,0,0,0.00219316640868783,-0.010947844944894314,0.03409448638558388,0.00045395130291581154,3135,3135,0.01996159553527832,12.312,28.75,93,6,10,1.21,831,0.003978443797677755,0.0004512057057581842,0.006580324377864599,1500,1500,1000,1500,1800,1000,1000,1800
1783904327.9363,12.6200,0.01997,50.07,632,72239,0.220,GUIDED,GUIDED,128,0.0,6.310023069381714,10.0,0.0,0.5,0.0,nan,nan,nan,nan,nan,nan,nan,nan,nan,nan,0.0260603060621562,0.1067784826814174,0.00036513662705606534,0,0,-0.04081778973340988,6.231525421142578,10.004096984863281,0.008520237170159817,0.48367205262184143,-0.0025762070436030626,-13,0,-1001,2,0,0,0.00219316640868783,-0.010947844944894314,0.03409448638558388,0.00045395130291581154,3135,3135,0.01991748809814453,12.312,28.75,93,6,10,1.21,831,0.003978443797677755,0.0004512057057581842,0.006580324377864599,1500,1500,1000,1500,1800,1000,1000,1800
1783904327.9563,12.6400,0.02001,49.98,633,72259,0.240,GUIDED,GUIDED,128,0.0,6.320023059844971,10.0,0.0,0.5,0.0,nan,nan,nan,nan,nan,nan,nan,nan,nan,nan,0.02618988485500657,0.10655334105348416,0.0003349020456586433,0,0,-0.04089995473623276,6.241690158843994,10.004115104675293,0.008492862805724144,0.48370692133903503,-0.0025692125782370567,-13,0,-1001,2,0,0,0.00219316640868783,-0.010947844944894314,0.03409448638558388,0.00045395130291581154,3135,3135,0.019949674606323242,12.312,28.75,93,6,10,1.21,831,0.003978443797677755,0.0004512057057581842,0.006580324377864599,1500,1500,1000,1500,1800,1000,1000,1800
1783904327.9763,12.6600,0.02000,50.01,634,72279,0.260,GUIDED,GUIDED,128,0.0,6.3300230503082275,10.0,0.0,0.5,0.0,nan,nan,nan,nan,nan,nan,nan,nan,nan,nan,0.026299654913905766,0.10641271979385578,0.0003317137895151789,0,0,-0.04096415638923645,6.251811981201172,10.00412654876709,0.008466553874313831,0.48371776938438416,-0.0025739790871739388,-13,0,-1001,2,0,0,0.00219316640868783,-0.010947844944894314,0.03409448638558388,0.00045395130291581154,3135,3135,0.019939899444580078,12.312,28.75,93,6,10,1.21,831,0.003978443797677755,0.0004512057057581842,0.006580324377864599,1500,1500,1000,1500,1800,1000,1000,1800
1783904327.9962,12.6800,0.01998,50.05,635,72299,0.280,GUIDED,GUIDED,128,0.0,6.34002149105072,10.0,0.0,0.5,0.0,nan,nan,nan,nan,nan,nan,nan,nan,nan,nan,0.026171494918334197,0.1067497410159146,0.00032662711633068154,0,0,-0.040905825793743134,6.261692523956299,10.00411319732666,0.00850686989724636,0.4835912585258484,-0.00256333383731544,-13,0,-1001,2,0,0,0.00219316640868783,-0.010947844944894314,0.03409448638558388,0.00045395130291581154,3135,3135,0.019932031631469727,12.312,28.75,93,6,10,1.21,831,0.003978443797677755,0.0004512057057581842,0.006580324377864599,1500,1500,1000,1500,1800,1000,1000,1800
1783904328.0163,12.7000,0.02003,49.93,636,72319,0.300,GUIDED,GUIDED,128,0.0,6.350022792816162,10.0,0.0,0.5,0.0,nan,nan,nan,nan,nan,nan,nan,nan,nan,nan,0.02622828256501348,0.10666622815207047,0.0003229821059906471,0,0,-0.040943585336208344,6.271754264831543,10.004132270812988,0.008495884016156197,0.4836045801639557,-0.00257224147208035,-13,0,-1001,2,0,0,0.00219316640868783,-0.010947844944894314,0.03409448638558388,0.00045395130291581154,3135,3135,0.019963741302490234,12.312,28.75,93,6,10,1.21,831,0.003978443797677755,0.0004512057057581842,0.006580324377864599,1500,1500,1000,1500,1800,1000,1000,1800
1783904328.0363,12.7200,0.02001,49.98,637,72339,0.320,GUIDED,GUIDED,128,0.0,6.360023021697998,10.0,0.0,0.5,0.0,nan,nan,nan,nan,nan,nan,nan,nan,nan,nan,0.02602356841616861,0.10707763695282234,0.0002380701214305305,0,0,-0.040869664400815964,6.281603813171387,10.004114151000977,0.008571397513151169,0.48345404863357544,-0.00251275603659451,-13,0,-1001,2,0,0,0.00219316640868783,-0.010947844944894314,0.03409448638558388,0.00045395130291581154,3135,3135,0.019945144653320312,12.312,28.75,93,6,10,1.21,831,0.003978443797677755,0.0004512057057581842,0.006580324377864599,1500,1500,1000,1500,1800,1000,1000,1800
1783904328.0567,12.7400,0.02040,49.02,638,72359,0.340,GUIDED,GUIDED,128,0.0,6.370021820068359,10.0,0.0,0.5,0.0,nan,nan,nan,nan,nan,nan,nan,nan,nan,nan,0.026022019437201758,0.10717865101639881,0.0001860383972551692,0,0,-0.04087800532579422,6.291608810424805,10.004124641418457,0.008577107451856136,0.4833921492099762,-0.002488772151991725,-13,0,-1001,2,2,0,0.00219241576269269,-0.010920796543359756,0.033999260514974594,0.0007681393763050437,3135,3135,0.02034926414489746,12.312,28.78,93,6,10,1.21,831,0.00397861422970891,0.00045231060357764363,0.006742603145539761,1500,1500,1000,1500,1800,1000,1000,1800
1783904328.0763,12.7600,0.01959,51.05,639,72379,0.360,GUIDED,GUIDED,128,0.0,6.3800212144851685,10.0,0.0,0.5,0.0,nan,nan,nan,nan,nan,nan,nan,nan,nan,nan,0.025971036824810778,0.10730647693244473,0.00018897707461252786,0,0,-0.040873605757951736,6.30157995223999,10.004130363464355,0.008604002185165882,0.48333466053009033,-0.0024937724228948355,-13,0,-1001,2,2,0,0.00219241576269269,-0.010920796543359756,0.033999260514974594,0.0007681393763050437,3135,3135,0.019529342651367188,12.312,28.78,93,6,10,1.21,831,0.00397861422970891,0.00045231060357764363,0.006742603145539761,1500,1500,1000,1500,1800,1000,1000,1800
1783904328.0963,12.7800,0.02001,49.98,640,72399,0.380,GUIDED,GUIDED,128,0.0,6.390022277832031,10.0,0.0,0.5,0.0,nan,nan,nan,nan,nan,nan,nan,nan,nan,nan,0.02567152917471212,0.1078038058176106,0.0003001110810059351,0,0,-0.040780674666166306,6.311384677886963,10.004114151000977,0.00872326921671629,0.4831608831882477,-0.0025485754013061523,-13,0,-1001,2,2,0,0.00219241576269269,-0.010920796543359756,0.033999260514974594,0.0007681393763050437,3135,3135,0.01994633674621582,12.312,28.78,93,6,10,1.21,831,0.00397861422970891,0.00045231060357764363,0.006742603145539761,1500,1500,1000,1500,1800,1000,1000,1800
1783904328.1163,12.8001,0.02002,49.95,641,72419,0.400,GUIDED,GUIDED,128,0.0,6.400028109550476,10.0,0.0,0.5,0.0,nan,nan,nan,nan,nan,nan,nan,nan,nan,nan,0.025866089345045945,0.10738665504687556,0.0002724536493947218,0,0,-0.04088760167360306,6.321611404418945,10.004140853881836,0.008672674186527729,0.4832741916179657,-0.0025480242911726236,-13,0,-1001,2,2,0,0.00219241576269269,-0.010920796543359756,0.033999260514974594,0.0007681393763050437,3135,3135,0.019954681396484375,12.312,28.78,93,6,10,1.21,831,0.00397861422970891,0.00045231060357764363,0.006742603145539761,1500,1500,1000,1500,1800,1000,1000,1800
1783904328.1363,12.8201,0.02000,50.00,642,72439,0.420,GUIDED,GUIDED,128,0.0,6.410028338432312,10.0,0.0,0.5,0.0,nan,nan,nan,nan,nan,nan,nan,nan,nan,nan,0.02569531640243167,0.10761534350765938,0.0002794695075879509,0,0,-0.04084455221891403,6.331536769866943,10.004125595092773,0.008746415376663208,0.48318538069725037,-0.0025432652328163385,-13,0,-1001,2,2,0,0.00219241576269269,-0.010920796543359756,0.033999260514974594,0.0007681393763050437,3135,3135,0.019936561584472656,12.312,28.78,93,6,10,1.21,831,0.00397861422970891,0.00045231060357764363,0.006742603145539761,1500,1500,1000,1500,1800,1000,1000,1800
1783904328.1563,12.8400,0.02000,50.00,643,72459,0.440,GUIDED,GUIDED,128,0.0,6.420022010803223,10.0,0.0,0.5,0.0,nan,nan,nan,nan,nan,nan,nan,nan,nan,nan,0.025839343438857836,0.10736355758033465,0.00020458793265107963,0,0,-0.04091527685523033,6.341691017150879,10.004142761230469,0.008704094216227531,0.4832380414009094,-0.0025099432095885277,-13,0,-1001,2,2,0,0.00219241576269269,-0.010920796543359756,0.033999260514974594,0.0007681393763050437,3135,3135,0.019934654235839844,12.312,28.78,93,6,10,1.21,831,0.00397861422970891,0.00045231060357764363,0.006742603145539761,1500,1500,1000,1500,1800,1000,1000,1800
1783904328.1762,12.8600,0.01995,50.12,644,72479,0.460,GUIDED,GUIDED,128,0.0,6.43002188205719,10.0,0.0,0.5,0.0,nan,nan,nan,nan,nan,nan,nan,nan,nan,nan,0.025914765118079854,0.10717915905464676,0.00015595581254753636,0,0,-0.04096849262714386,6.351802349090576,10.00415325164795,0.008691273629665375,0.48328015208244324,-0.0024879220873117447,-13,0,-1001,2,2,0,0.00219241576269269,-0.010920796543359756,0.033999260514974594,0.0007681393763050437,3135,3135,0.01990199089050293,12.312,28.78,93,6,10,1.21,831,0.00397861422970891,0.00045231060357764363,0.006742603145539761,1500,1500,1000,1500,1800,1000,1000,1800
1783904328.1963,12.8800,0.02003,49.91,645,72499,0.480,GUIDED,GUIDED,128,0.0,6.440022945404053,10.0,0.0,0.5,0.0,nan,nan,nan,nan,nan,nan,nan,nan,nan,nan,0.02575055256594534,0.10749494204288607,0.00014139622125544649,0,0,-0.040902361273765564,6.361673355102539,10.00413990020752,0.00874790083616972,0.4831729233264923,-0.0024718076456338167,-13,0,-1001,2,2,0,0.00219241576269269,-0.010920796543359756,0.033999260514974594,0.0007681393763050437,3135,3135,0.019968748092651367,12.312,28.78,93,6,10,1.21,831,0.00397861422970891,0.00045231060357764363,0.006742603145539761,1500,1500,1000,1500,1800,1000,1000,1800
1783904328.2163,12.9000,0.02002,49.94,646,72519,0.500,GUIDED,GUIDED,128,0.0,6.45002293586731,10.0,0.0,0.5,0.0,nan,nan,nan,nan,nan,nan,nan,nan,nan,nan,0.025832319253410285,0.10742564243986179,0.00012148674687976774,0,0,-0.04092951491475105,6.371725559234619,10.004158973693848,0.008716369979083538,0.48318278789520264,-0.0024713249877095222,-13,0,-1001,2,2,0,0.00219241576269269,-0.010920796543359756,0.033999260514974594,0.0007681393763050437,3135,3135,0.019933462142944336,12.312,28.78,93,6,10,1.21,831,0.00397861422970891,0.00045231060357764363,0.006742603145539761,1500,1500,1000,1500,1800,1000,1000,1800
1783904328.2362,12.9200,0.01993,50.17,647,72539,0.520,GUIDED,GUIDED,128,0.0,6.460020303726196,10.0,0.0,0.5,0.0,nan,nan,nan,nan,nan,nan,nan,nan,nan,nan,0.02560079516389986,0.10779445777469285,0.00018035792071874682,0,0,-0.04084804281592369,6.381566524505615,10.004141807556152,0.008803002536296844,0.48306015133857727,-0.002495403401553631,-13,0,-1001,2,2,0,0.00219241576269269,-0.010920796543359756,0.033999260514974594,0.0007681393763050437,3135,3135,0.019887208938598633,12.312,28.78,93,6,10,1.21,831,0.00397861422970891,0.00045231060357764363,0.006742603145539761,1500,1500,1000,1500,1800,1000,1000,1800
1783904328.2565,12.9402,0.02024,49.42,648,72559,0.540,GUIDED,GUIDED,128,0.0,6.470094084739685,10.0,0.0,0.5,0.0,nan,nan,nan,nan,nan,nan,nan,nan,nan,nan,0.025564907334768072,0.1079097646689822,0.00010899596983911675,0,0,-0.04084603488445282,6.3915629386901855,10.004151344299316,0.008822563104331493,0.4830382466316223,-0.0024597086012363434,-13,0,-1001,2,2,0,0.00219241576269269,-0.010920796543359756,0.033999260514974594,0.0007681393763050437,3135,3135,0.020131587982177734,12.312,28.78,93,6,10,1.21,831,0.00397861422970891,0.00045231060357764363,0.006742603145539761,1500,1500,1000,1500,1800,1000,1000,1800
1783904328.2763,12.9601,0.01983,50.42,649,72579,0.560,GUIDED,GUIDED,128,0.0,6.480027675628662,10.0,0.0,0.5,0.0,nan,nan,nan,nan,nan,nan,nan,nan,nan,nan,0.02549524651434195,0.10797674452155542,0.00014115214853955681,0,0,-0.04083137586712837,6.401525974273682,10.004155158996582,0.008854318410158157,0.4829825758934021,-0.0024804763961583376,-13,0,-1001,2,2,0,0.00219241576269269,-0.010920796543359756,0.033999260514974594,0.0007681393763050437,3135,3135,0.01976299285888672,12.312,28.78,93,6,10,1.21,831,0.00397861422970891,0.00045231060357764363,0.006742603145539761,1500,1500,1000,1500,1800,1000,1000,1800
1783904328.2968,12.9801,0.02051,48.76,650,72599,0.581,GUIDED,GUIDED,128,0.0,6.490027904510498,10.0,0.0,0.5,0.0,nan,nan,nan,nan,nan,nan,nan,nan,nan,nan,0.025251213144318628,0.10845825915441284,0.00023436510911980114,0,0,-0.04073135182261467,6.411323070526123,10.00413990020752,0.008937462233006954,0.48282185196876526,-0.0025254832580685616,-13,0,-1000,2,2,0,0.00216000247746706,-0.01102462224662304,0.033939849585294724,0.000906572793610394,3135,3135,0.019931316375732422,12.312,28.75,93,6,10,1.21,831,0.004058958496898413,0.00046114178257994354,0.00664891954511404,1500,1500,1000,1500,1800,1000,1000,1800
1783904328.3163,13.0001,0.01945,51.42,651,72619,0.600,GUIDED,GUIDED,128,0.0,6.500026345252991,10.0,0.0,0.5,0.0,nan,nan,nan,nan,nan,nan,nan,nan,nan,nan,0.025428568409728753,0.10798629168615706,0.00019399174956568656,0,0,-0.04083294793963432,6.421549320220947,10.004162788391113,0.008893722668290138,0.48296281695365906,-0.002515388187021017,-13,0,-1000,2,2,0,0.00216000247746706,-0.01102462224662304,0.033939849585294724,0.000906572793610394,3135,3135,0.019400596618652344,12.312,28.75,93,6,10,1.21,831,0.004058958496898413,0.00046114178257994354,0.00664891954511404,1500,1500,1000,1500,1800,1000,1000,1800
1783904328.3363,13.0201,0.02005,49.89,652,72639,0.620,GUIDED,GUIDED,128,0.0,6.510029077529907,10.0,0.0,0.5,0.0,nan,nan,nan,nan,nan,nan,nan,nan,nan,nan,0.025256828748447233,0.10816114968026662,0.0001208688982510123,0,0,-0.04078506678342819,6.431471347808838,10.00414752960205,0.008965232409536839,0.4829084575176239,-0.002464361023157835,-13,0,-1000,2,2,0,0.00216000247746706,-0.01102462224662304,0.033939849585294724,0.000906572793610394,3135,3135,0.019976377487182617,12.312,28.75,93,6,10,1.21,831,0.004058958496898413,0.00046114178257994354,0.00664891954511404,1500,1500,1000,1500,1800,1000,1000,1800
1783904328.3563,13.0400,0.01997,50.09,653,72659,0.640,GUIDED,GUIDED,128,0.0,6.5200231075286865,10.0,0.0,0.5,0.0,nan,nan,nan,nan,nan,nan,nan,nan,nan,nan,0.025384977273947618,0.10786006377144075,7.07082440471029e-05,0,0,-0.04085036739706993,6.441625595092773,10.004161834716797,0.008928947150707245,0.4829897880554199,-0.002443659817799926,-13,0,-1000,2,2,0,0.00216000247746706,-0.01102462224662304,0.033939849585294724,0.000906572793610394,3135,3135,0.01991748809814453,12.312,28.75,93,6,10,1.21,831,0.004058958496898413,0.00046114178257994354,0.00664891954511404,1500,1500,1000,1500,1800,1000,1000,1800
1783904328.3762,13.0600,0.01997,50.06,654,72679,0.660,GUIDED,GUIDED,128,0.0,6.530021667480469,10.0,0.0,0.5,0.0,nan,nan,nan,nan,nan,nan,nan,nan,nan,nan,0.025475464278197683,0.10767476689666028,-3.115987987633174e-05,0,0,-0.040898025035858154,6.451736927032471,10.004170417785645,0.00890421960502863,0.48303166031837463,-0.0023898016661405563,-13,0,-1000,2,2,0,0.00216000247746706,-0.01102462224662304,0.033939849585294724,0.000906572793610394,3135,3135,0.0199282169342041,12.312,28.75,93,6,10,1.21,831,0.004058958496898413,0.00046114178257994354,0.00664891954511404,1500,1500,1000,1500,1800,1000,1000,1800
1783904328.3962,13.0800,0.02000,49.99,655,72699,0.680,GUIDED,GUIDED,128,0.0,6.540021896362305,10.0,0.0,0.5,0.0,nan,nan,nan,nan,nan,nan,nan,nan,nan,nan,0.025321606220061625,0.10802870983841327,1.2454085910099631e-05,0,0,-0.04082722216844559,6.461605072021484,10.004157066345215,0.008952171541750431,0.4829035699367523,-0.00240727374330163,-13,0,-1000,2,2,0,0.00216000247746706,-0.01102462224662304,0.033939849585294724,0.000906572793610394,3135,3135,0.019954681396484375,12.312,28.75,93,6,10,1.21,831,0.004058958496898413,0.00046114178257994354,0.00664891954511404,1500,1500,1000,1500,1800,1000,1000,1800
1783904328.4163,13.1000,0.02000,49.99,656,72719,0.700,GUIDED,GUIDED,128,0.0,6.550022125244141,10.0,0.0,0.5,0.0,nan,nan,nan,nan,nan,nan,nan,nan,nan,nan,0.02542191611028636,0.10791584853688782,-9.886616341790288e-05,0,0,-0.04084954038262367,6.471656322479248,10.00417423248291,0.008907143026590347,0.4829392731189728,-0.0023529138416051865,-13,0,-1000,2,2,0,0.00216000247746706,-0.01102462224662304,0.033939849585294724,0.000906572793610394,3135,3135,0.019952774047851562,12.312,28.75,93,6,10,1.21,831,0.004058958496898413,0.00046114178257994354,0.00664891954511404,1500,1500,1000,1500,1800,1000,1000,1800
1783904328.4363,13.1200,0.02000,49.99,657,72739,0.720,GUIDED,GUIDED,128,0.0,6.560021758079529,10.0,0.0,0.5,0.0,nan,nan,nan,nan,nan,nan,nan,nan,nan,nan,0.02518885645262393,0.10865559084573607,-5.670170597301457e-05,0,0,-0.04077122360467911,6.4810919761657715,10.004158973693848,0.008996483869850636,0.4828377962112427,-0.0023684478364884853,-13,0,-1000,2,2,0,0.00216000247746706,-0.01102462224662304,0.033939849585294724,0.000906572793610394,3135,3135,0.019951820373535156,12.312,28.75,93,6,10,1.21,831,0.004058958496898413,0.00046114178257994354,0.00664891954511404,1500,1500,1000,1500,1800,1000,1000,1800
1783904328.4563,13.1400,0.02003,49.92,658,72759,0.740,GUIDED,GUIDED,128,0.0,6.570021986961365,10.0,0.0,0.5,0.0,nan,nan,nan,nan,nan,nan,nan,nan,nan,nan,0.025146631438263827,0.10864296356829771,-5.23856365239727e-05,0,0,-0.04076442867517471,6.491087436676025,10.004167556762695,0.00901693943887949,0.48284783959388733,-0.002375895157456398,-13,0,-1000,2,2,0,0.00216000247746706,-0.01102462224662304,0.033939849585294724,0.000906572793610394,3135,3135,0.019945859909057617,12.312,28.75,93,6,10,1.21,831,0.004058958496898413,0.00046114178257994354,0.00664891954511404,1500,1500,1000,1500,1800,1000,1000,1800
1783904328.4763,13.1601,0.02000,50.00,659,72779,0.760,GUIDED,GUIDED,128,0.0,6.580026268959045,10.0,0.0,0.5,0.0,nan,nan,nan,nan,nan,nan,nan,nan,nan,nan,0.02509998784297628,0.10876299304980054,-7.194867634607426e-05,0,0,-0.040745314210653305,6.501049995422363,10.004170417785645,0.009032833389937878,0.4828026294708252,-0.0023662522435188293,-13,0,-1000,2,2,0,0.00216000247746706,-0.01102462224662304,0.033939849585294724,0.000906572793610394,3135,3135,0.019948959350585938,12.312,28.75,93,6,10,1.21,831,0.004058958496898413,0.00046114178257994354,0.00664891954511404,1500,1500,1000,1500,1800,1000,1000,1800
1783904328.4963,13.1800,0.01997,50.08,660,72799,0.780,GUIDED,GUIDED,128,0.0,6.590021967887878,10.0,0.0,0.5,0.0,nan,nan,nan,nan,nan,nan,nan,nan,nan,nan,0.0248589911462103,0.10915303627934056,-9.541230519293908e-05,0,0,-0.04064137116074562,6.51084566116333,10.004155158996582,0.009111961349844933,0.4826929271221161,-0.002343895845115185,-13,0,-1000,2,2,0,0.00216000247746706,-0.01102462224662304,0.033939849585294724,0.000906572793610394,3135,3135,0.01991581916809082,12.312,28.75,93,6,10,1.21,831,0.004058958496898413,0.00046114178257994354,0.00664891954511404,1500,1500,1000,1500,1800,1000,1000,1800
1783904328.5163,13.2000,0.02000,50.00,661,72819,0.800,GUIDED,GUIDED,128,0.0,6.600022077560425,10.0,0.0,0.5,0.0,nan,nan,nan,nan,nan,nan,nan,nan,nan,nan,0.025081107328524786,0.10870120971376701,-0.00014503509889280276,0,0,-0.04074186459183693,6.521066188812256,10.004179000854492,0.00904174242168665,0.4828265309333801,-0.0023290112148970366,-13,0,-1000,2,2,0,0.00216000247746706,-0.01102462224662304,0.033939849585294724,0.000906572793610394,3135,3135,0.01994800567626953,12.312,28.75,93,6,10,1.21,831,0.004058958496898413,0.00046114178257994354,0.00664891954511404,1500,1500,1000,1500,1800,1000,1000,1800
1783904328.5363,13.2200,0.02000,50.00,662,72839,0.820,GUIDED,GUIDED,128,0.0,6.610021352767944,10.0,0.0,0.5,0.0,nan,nan,nan,nan,nan,nan,nan,nan,nan,nan,0.024938891186035175,0.10888858036269494,-0.00014493243575509993,0,0,-0.04069210961461067,6.5309834480285645,10.004165649414062,0.009095124900341034,0.48276570439338684,-0.002321362029761076,-13,0,-1000,2,2,0,0.00216000247746706,-0.01102462224662304,0.033939849585294724,0.000906572793610394,3135,3135,0.019947052001953125,12.312,28.75,93,6,10,1.21,831,0.004058958496898413,0.00046114178257994354,0.00664891954511404,1500,1500,1000,1500,1800,1000,1000,1800
1783904328.5567,13.2400,0.02048,48.82,663,72859,0.840,GUIDED,GUIDED,128,0.0,6.620021939277649,10.0,0.0,0.5,0.0,nan,nan,nan,nan,nan,nan,nan,nan,nan,nan,0.025079778548119054,0.10855779438774114,-8.085671455782852e-05,0,0,-0.04075650870800018,6.54113245010376,10.004179954528809,0.009050964377820492,0.48287099599838257,-0.0023666152264922857,-13,0,-1000,1,1,0,0.002121556783095002,-0.01117229275405407,0.033851854503154755,0.0007966627599671483,3135,3135,0.02042865753173828,12.312,28.78,93,6,10,1.21,831,0.004121169913560152,0.0004633621429093182,0.006440624129027128,1500,1500,1000,1500,1800,1000,1000,1800
1783904328.5762,13.2600,0.01950,51.29,664,72879,0.860,GUIDED,GUIDED,128,0.0,6.630018472671509,10.0,0.0,0.5,0.0,nan,nan,nan,nan,nan,nan,nan,nan,nan,nan,0.025198311470207305,0.10832609790861614,3.177229459939892e-05,0,0,-0.04080379754304886,6.551239013671875,10.004186630249023,0.009009831584990025,0.48294124007225037,-0.0024354958441108465,-13,0,-1000,1,1,0,0.002121556783095002,-0.01117229275405407,0.033851854503154755,0.0007966627599671483,3135,3135,0.019451618194580078,12.312,28.78,93,6,10,1.21,831,0.004121169913560152,0.0004633621429093182,0.006440624129027128,1500,1500,1000,1500,1800,1000,1000,1800
1783904328.5962,13.2800,0.02001,49.97,665,72899,0.880,GUIDED,GUIDED,128,0.0,6.640019178390503,10.0,0.0,0.5,0.0,nan,nan,nan,nan,nan,nan,nan,nan,nan,nan,0.025066335983109124,0.10857959971613454,-2.4931971932539397e-05,0,0,-0.04073202610015869,6.561105251312256,10.004172325134277,0.009044590406119823,0.48287251591682434,-0.002394498558714986,-13,0,-1000,1,1,0,0.002121556783095002,-0.01117229275405407,0.033851854503154755,0.0007966627599671483,3135,3135,0.019960641860961914,12.312,28.78,93,6,10,1.21,831,0.004121169913560152,0.0004633621429093182,0.006440624129027128,1500,1500,1000,1500,1800,1000,1000,1800
1783904328.6162,13.3000,0.01999,50.01,666,72919,0.900,GUIDED,GUIDED,128,0.0,6.650018215179443,10.0,0.0,0.5,0.0,nan,nan,nan,nan,nan,nan,nan,nan,nan,nan,0.025105993217025373,0.10847063923246401,-7.243417071723518e-05,0,0,-0.04075394570827484,6.571153163909912,10.00418758392334,0.009034349583089352,0.4829072058200836,-0.0023758828174322844,-13,0,-1000,1,1,0,0.002121556783095002,-0.01117229275405407,0.033851854503154755,0.0007966627599671483,3135,3135,0.019948959350585938,12.312,28.78,93,6,10,1.21,831,0.004121169913560152,0.0004633621429093182,0.006440624129027128,1500,1500,1000,1500,1800,1000,1000,1800
1783904328.6363,13.3200,0.02002,49.95,667,72939,0.920,GUIDED,GUIDED,128,0.0,6.660022497177124,10.0,0.0,0.5,0.0,nan,nan,nan,nan,nan,nan,nan,nan,nan,nan,0.024908925128847122,0.10881142969672797,-0.00013198704461921291,0,0,-0.040666744112968445,6.580989837646484,10.004169464111328,0.009097781032323837,0.4828072190284729,-0.002331038471311331,-13,0,-1000,1,1,0,0.002121556783095002,-0.01117229275405407,0.033851854503154755,0.0007966627599671483,3135,3135,0.01996636390686035,12.312,28.78,93,6,10,1.21,831,0.004121169913560152,0.0004633621429093182,0.006440624129027128,1500,1500,1000,1500,1800,1000,1000,1800
1783904328.6562,13.3400,0.01998,50.05,668,72959,0.940,GUIDED,GUIDED,128,0.0,6.670018315315247,10.0,0.0,0.5,0.0,nan,nan,nan,nan,nan,nan,nan,nan,nan,nan,0.02488397455784081,0.10878469698341243,-0.00018171910395543486,0,0,-0.040659815073013306,6.590982913970947,10.00417709350586,0.009108185768127441,0.4828242361545563,-0.0023067304864525795,-13,0,-1000,1,1,0,0.002121556783095002,-0.01117229275405407,0.033851854503154755,0.0007966627599671483,3135,3135,0.01993083953857422,12.312,28.78,93,6,10,1.21,831,0.004121169913560152,0.0004633621429093182,0.006440624129027128,1500,1500,1000,1500,1800,1000,1000,1800
1783904328.6762,13.3600,0.02000,50.01,669,72979,0.960,GUIDED,GUIDED,128,0.0,6.680018067359924,10.0,0.0,0.5,0.0,nan,nan,nan,nan,nan,nan,nan,nan,nan,nan,0.024880608912597385,0.10885755654569469,-0.00019225209096216354,0,0,-0.04064089432358742,6.600943565368652,10.004179000854492,0.009099205024540424,0.4828047454357147,-0.002301750471815467,-13,0,-1000,1,1,0,0.002121556783095002,-0.01117229275405407,0.033851854503154755,0.0007966627599671483,3135,3135,0.019948244094848633,12.312,28.78,93,6,10,1.21,831,0.004121169913560152,0.0004633621429093182,0.006440624129027128,1500,1500,1000,1500,1800,1000,1000,1800
1783904328.6962,13.3800,0.01999,50.01,670,72999,0.980,GUIDED,GUIDED,128,0.0,6.690018057823181,10.0,0.0,0.5,0.0,nan,nan,nan,nan,nan,nan,nan,nan,nan,nan,0.02465394721963349,0.10929243686171573,-0.00018753361773389283,0,0,-0.04053664579987526,6.610738277435303,10.004164695739746,0.00916988030076027,0.48267218470573425,-0.002296215621754527,-13,0,-1000,1,1,0,0.002121556783095002,-0.01117229275405407,0.033851854503154755,0.0007966627599671483,3135,3135,0.019949913024902344,12.312,28.78,93,6,10,1.21,831,0.004121169913560152,0.0004633621429093182,0.006440624129027128,1500,1500,1000,1500,1800,1000,1000,1800
1783904328.7163,13.4000,0.02005,49.88,671,73019,0.000,GUIDED,GUIDED,128,0.0,6.700018882751465,10.0,0.0,0.5,0.0,nan,nan,nan,nan,nan,nan,nan,nan,nan,nan,0.02490357921653574,0.10876270502023053,-0.0001476333105939866,0,0,-0.04063909873366356,6.620965003967285,10.004185676574707,0.009084906429052353,0.4828476011753082,-0.002331365365535021,-13,0,-1000,1,1,0,0.002121556783095002,-0.01117229275405407,0.033851854503154755,0.0007966627599671483,3135,3135,0.019962549209594727,12.312,28.78,93,6,10,1.21,831,0.004121169913560152,0.0004633621429093182,0.006440624129027128,1500,1500,1000,1500,1800,1000,1000,1800
1783904328.7362,13.4200,0.01996,50.10,672,73039,0.020,GUIDED,GUIDED,128,0.0,6.710018515586853,10.0,0.0,0.5,0.0,nan,nan,nan,nan,nan,nan,nan,nan,nan,nan,0.024761060553231438,0.10900357903724443,-0.00010073676022842766,0,0,-0.040589842945337296,6.630885124206543,10.004171371459961,0.009138751775026321,0.4827544391155243,-0.0023501820396631956,-13,0,-1000,1,1,0,0.002121556783095002,-0.01117229275405407,0.033851854503154755,0.0007966627599671483,3135,3135,0.01990985870361328,12.312,28.78,93,6,10,1.21,831,0.004121169913560152,0.0004633621429093182,0.006440624129027128,1500,1500,1000,1500,1800,1000,1000,1800
1783904328.7565,13.4402,0.02023,49.44,673,73059,0.040,GUIDED,GUIDED,128,0.0,6.720105409622192,10.0,0.0,0.5,0.0,nan,nan,nan,nan,nan,nan,nan,nan,nan,nan,0.024940229832738525,0.10878597474705407,-0.00013903893401617622,0,0,-0.04065658897161484,6.64103889465332,10.004182815551758,0.00907384417951107,0.48284146189689636,-0.002334675518795848,-13,0,-1000,1,1,0,0.002121556783095002,-0.01117229275405407,0.033851854503154755,0.0007966627599671483,3135,3135,0.02015972137451172,12.312,28.78,93,6,10,1.21,831,0.004121169913560152,0.0004633621429093182,0.006440624129027128,1500,1500,1000,1500,1800,1000,1000,1800
1783904328.7763,13.4601,0.01983,50.43,674,73079,0.060,GUIDED,GUIDED,128,0.0,6.730025410652161,10.0,0.0,0.5,0.0,nan,nan,nan,nan,nan,nan,nan,nan,nan,nan,0.025038886364570766,0.10844583813155453,-0.0001233268701210594,0,0,-0.04070582985877991,6.651149749755859,10.004189491271973,0.0090453140437603,0.4829276502132416,-0.0023476011119782925,-13,0,-1000,1,1,0,0.002121556783095002,-0.01117229275405407,0.033851854503154755,0.0007966627599671483,3135,3135,0.019762516021728516,12.312,28.78,93,6,10,1.21,831,0.004121169913560152,0.0004633621429093182,0.006440624129027128,1500,1500,1000,1500,1800,1000,1000,1800
1783904328.7966,13.4800,0.02029,49.29,675,73099,0.080,GUIDED,GUIDED,128,0.0,6.74001932144165,10.0,0.0,0.5,0.0,nan,nan,nan,nan,nan,nan,nan,nan,nan,nan,0.024849844176463014,0.10869874186537551,-0.00015708676384058873,0,0,-0.040634382516145706,6.661017894744873,10.004176139831543,0.009113207459449768,0.4828542470932007,-0.00232040137052536,-13,0,-1000,2,-1,0,0.002055587014183402,-0.011284839361906052,0.03374504670500755,0.0008012206526473165,3135,3135,0.019901514053344727,12.312,28.75,93,6,10,1.21,831,0.004310599062591791,0.0004601614491548389,0.006477434653788805,1500,1500,1000,1500,1800,1000,1000,1800
1783904328.8163,13.5000,0.01968,50.80,676,73119,0.100,GUIDED,GUIDED,128,0.0,6.750023603439331,10.0,0.0,0.5,0.0,nan,nan,nan,nan,nan,nan,nan,nan,nan,nan,0.024910110979020544,0.10858215401442341,-0.00011055315019522019,0,0,-0.04065748676657677,6.671070575714111,10.004189491271973,0.009091751649975777,0.48289361596107483,-0.002354976022616029,-13,0,-1000,2,-1,0,0.002055587014183402,-0.011284839361906052,0.03374504670500755,0.0008012206526473165,3135,3135,0.019631385803222656,12.312,28.75,93,6,10,1.21,831,0.004310599062591791,0.0004601614491548389,0.006477434653788805,1500,1500,1000,1500,1800,1000,1000,1800
1783904328.8363,13.5200,0.02001,49.98,677,73139,0.120,GUIDED,GUIDED,128,0.0,6.760021090507507,10.0,0.0,0.5,0.0,nan,nan,nan,nan,nan,nan,nan,nan,nan,nan,0.02489022726410533,0.10813306393489683,-0.000216569898717928,0,0,-0.04065272584557533,6.681486129760742,10.004196166992188,0.009100482799112797,0.48291152715682983,-0.002297621453180909,-13,0,-1000,2,-1,0,0.002055587014183402,-0.011284839361906052,0.03374504670500755,0.0008012206526473165,3135,3135,0.019945383071899414,12.312,28.75,93,6,10,1.21,831,0.004310599062591791,0.0004601614491548389,0.006477434653788805,1500,1500,1000,1500,1800,1000,1000,1800
1783904328.8563,13.5401,0.02002,49.96,678,73159,0.140,GUIDED,GUIDED,128,0.0,6.770025372505188,10.0,0.0,0.5,0.0,nan,nan,nan,nan,nan,nan,nan,nan,nan,nan,0.024644144994111727,0.1084678828987485,-0.00018592257388730295,0,0,-0.04055552929639816,6.691306114196777,10.004175186157227,0.009186442010104656,0.4828246235847473,-0.0023032024037092924,-13,0,-1000,2,-1,0,0.002055587014183402,-0.011284839361906052,0.03374504670500755,0.0008012206526473165,3135,3135,0.019950389862060547,12.312,28.75,93,6,10,1.21,831,0.004310599062591791,0.0004601614491548389,0.006477434653788805,1500,1500,1000,1500,1800,1000,1000,1800
1783904328.8763,13.5600,0.01998,50.04,679,73179,0.160,GUIDED,GUIDED,128,0.0,6.780023813247681,10.0,0.0,0.5,0.0,nan,nan,nan,nan,nan,nan,nan,nan,nan,nan,0.024588241409861038,0.10855161327507364,-0.00017726162492820614,0,0,-0.04053062945604324,6.701266765594482,10.004183769226074,0.009204342029988766,0.48279809951782227,-0.002313158242031932,-13,0,-1000,2,-1,0,0.002055587014183402,-0.011284839361906052,0.03374504670500755,0.0008012206526473165,3135,3135,0.01991891860961914,12.312,28.75,93,6,10,1.21,831,0.004310599062591791,0.0004601614491548389,0.006477434653788805,1500,1500,1000,1500,1800,1000,1000,1800
1783904328.8963,13.5800,0.01998,50.04,680,73199,0.180,GUIDED,GUIDED,128,0.0,6.79002046585083,10.0,0.0,0.5,0.0,nan,nan,nan,nan,nan,nan,nan,nan,nan,nan,0.024333757504555808,0.1089235504526106,-0.0001695768741050768,0,0,-0.040424879640340805,6.711062908172607,10.004166603088379,0.009290213696658611,0.48269912600517273,-0.0023076841607689857,-13,0,-1000,2,-1,0,0.002055587014183402,-0.011284839361906052,0.03374504670500755,0.0008012206526473165,3135,3135,0.01992964744567871,12.312,28.75,93,6,10,1.21,831,0.004310599062591791,0.0004601614491548389,0.006477434653788805,1500,1500,1000,1500,1800,1000,1000,1800
1783904328.9163,13.6000,0.02000,50.00,681,73219,0.200,GUIDED,GUIDED,128,0.0,6.800019979476929,10.0,0.0,0.5,0.0,nan,nan,nan,nan,nan,nan,nan,nan,nan,nan,0.02458877772298519,0.10840318532411862,-0.00022903917848103496,0,0,-0.04052780568599701,6.721293926239014,10.00418472290039,0.009202402085065842,0.4828658998012543,-0.002283815061673522,-13,0,-1000,2,-1,0,0.002055587014183402,-0.011284839361906052,0.03374504670500755,0.0008012206526473165,3135,3135,0.019945859909057617,12.312,28.75,93,6,10,1.21,831,0.004310599062591791,0.0004601614491548389,0.006477434653788805,1500,1500,1000,1500,1800,1000,1000,1800
1783904328.9363,13.6201,0.02003,49.91,682,73239,0.220,GUIDED,GUIDED,128,0.0,6.810025095939636,10.0,0.0,0.5,0.0,nan,nan,nan,nan,nan,nan,nan,nan,nan,nan,0.024758229672104556,0.10797759370950026,-0.0002861914726535863,0,0,-0.04060591757297516,6.731475830078125,10.00419807434082,0.009149666875600815,0.48300954699516296,-0.0022585266269743443,-13,0,-1000,2,-1,0,0.002055587014183402,-0.011284839361906052,0.03374504670500755,0.0008012206526473165,3135,3135,0.01996898651123047,12.312,28.75,93,6,10,1.21,831,0.004310599062591791,0.0004601614491548389,0.006477434653788805,1500,1500,1000,1500,1800,1000,1000,1800
1783904328.9563,13.6400,0.01999,50.04,683,73259,0.240,GUIDED,GUIDED,128,0.0,6.820020079612732,10.0,0.0,0.5,0.0,nan,nan,nan,nan,nan,nan,nan,nan,nan,nan,0.024577197521560224,0.10780185675230185,-0.0002317658732219419,0,0,-0.04053650051355362,6.74177885055542,10.00417709350586,0.009214107878506184,0.4829331636428833,-0.0022778359707444906,-13,0,-1000,2,-1,0,0.002055587014183402,-0.011284839361906052,0.03374504670500755,0.0008012206526473165,3135,3135,0.01992011070251465,12.312,28.75,93,6,10,1.21,831,0.004310599062591791,0.0004601614491548389,0.006477434653788805,1500,1500,1000,1500,1800,1000,1000,1800
1783904328.9763,13.6600,0.02000,50.00,684,73279,0.260,GUIDED,GUIDED,128,0.0,6.830021977424622,10.0,0.0,0.5,0.0,nan,nan,nan,nan,nan,nan,nan,nan,nan,nan,0.024684596409155907,0.10754720828784436,-0.0002156787479937316,0,0,-0.04058035463094711,6.751892566680908,10.004189491271973,0.009177420288324356,0.48301562666893005,-0.002294281730428338,-13,0,-1000,2,-1,0,0.002055587014183402,-0.011284839361906052,0.03374504670500755,0.0008012206526473165,3135,3135,0.01993560791015625,12.312,28.75,93,6,10,1.21,831,0.004310599062591791,0.0004601614491548389,0.006477434653788805,1500,1500,1000,1500,1800,1000,1000,1800
1783904328.9963,13.6800,0.01999,50.02,685,73299,0.280,GUIDED,GUIDED,128,0.0,6.840021729469299,10.0,0.0,0.5,0.0,nan,nan,nan,nan,nan,nan,nan,nan,nan,nan,0.024755267561665288,0.10733247181828054,-0.0001895798600336715,0,0,-0.04061317443847656,6.761968612670898,10.004202842712402,0.009155566804111004,0.48309555649757385,-0.002317058388143778,-13,0,-1000,2,-1,0,0.002055587014183402,-0.011284839361906052,0.03374504670500755,0.0008012206526473165,3135,3135,0.019931554794311523,12.312,28.75,93,6,10,1.21,831,0.004310599062591791,0.0004601614491548389,0.006477434653788805,1500,1500,1000,1500,1800,1000,1000,1800
1783904329.0163,13.7000,0.02000,50.01,686,73319,0.300,GUIDED,GUIDED,128,0.0,6.850021958351135,10.0,0.0,0.5,0.0,nan,nan,nan,nan,nan,nan,nan,nan,nan,nan,0.0245682180408005,0.10763772970382857,-0.00018569967077116788,0,0,-0.04053031653165817,6.771821022033691,10.00418472290039,0.009215721860527992,0.4830046594142914,-0.0023088371381163597,-13,0,-1000,2,-1,0,0.002055587014183402,-0.011284839361906052,0.03374504670500755,0.0008012206526473165,3135,3135,0.019938230514526367,12.312,28.75,93,6,10,1.21,831,0.004310599062591791,0.0004601614491548389,0.006477434653788805,1500,1500,1000,1500,1800,1000,1000,1800
1783904329.0363,13.7200,0.02001,49.96,687,73339,0.320,GUIDED,GUIDED,128,0.0,6.860021948814392,10.0,0.0,0.5,0.0,nan,nan,nan,nan,nan,nan,nan,nan,nan,nan,0.02463300871718463,0.10759125386816211,-0.0002528819609587205,0,0,-0.040534306317567825,6.781840801239014,10.004190444946289,0.009180618450045586,0.4830200672149658,-0.002273353049531579,-13,0,-1000,2,-1,0,0.002055587014183402,-0.011284839361906052,0.03374504670500755,0.0008012206526473165,3135,3135,0.01995062828063965,12.312,28.75,93,6,10,1.21,831,0.004310599062591791,0.0004601614491548389,0.006477434653788805,1500,1500,1000,1500,1800,1000,1000,1800
1783904329.0566,13.7400,0.02033,49.18,688,73359,0.340,GUIDED,GUIDED,128,0.0,6.870022177696228,10.0,0.0,0.5,0.0,nan,nan,nan,nan,nan,nan,nan,nan,nan,nan,0.024457765809164676,0.10793548516472151,-0.0002738223172757898,0,0,-0.040437664836645126,6.791665077209473,10.004169464111328,0.009225999005138874,0.48292291164398193,-0.002249149838462472,-13,0,-1001,1,0,0,0.002064695581793785,-0.011269527487456799,0.033669210970401764,0.0009861468570306897,3135,3135,0.0202786922454834,12.312,28.78,93,6,10,1.21,831,0.004377396777272224,0.0004595887439791113,0.006485720165073872,1500,1500,1000,1500,1800,1000,1000,1800
1783904329.0763,13.7600,0.01964,50.91,689,73379,0.360,GUIDED,GUIDED,128,0.0,6.880021691322327,10.0,0.0,0.5,0.0,nan,nan,nan,nan,nan,nan,nan,nan,nan,nan,0.024426920571384306,0.10796478100125292,-0.00022536960619459236,0,0,-0.040415260940790176,6.801632404327393,10.004176139831543,0.009230872616171837,0.48292458057403564,-0.0022809782531112432,-13,0,-1001,1,0,0,0.002064695581793785,-0.011269527487456799,0.033669210970401764,0.0009861468570306897,3135,3135,0.019591808319091797,12.312,28.78,93,6,10,1.21,831,0.004377396777272224,0.0004595887439791113,0.006485720165073872,1500,1500,1000,1500,1800,1000,1000,1800
1783904329.0963,13.7800,0.01999,50.01,690,73399,0.380,GUIDED,GUIDED,128,0.0,6.890020728111267,10.0,0.0,0.5,0.0,nan,nan,nan,nan,nan,nan,nan,nan,nan,nan,0.024366020693985333,0.1080715335948104,-0.000176221176706938,0,0,-0.04038729891180992,6.811572074890137,10.004183769226074,0.00924988929182291,0.48289722204208374,-0.002313758945092559,-13,0,-1001,1,0,0,0.002064695581793785,-0.011269527487456799,0.033669210970401764,0.0009861468570306897,3135,3135,0.019942045211791992,12.312,28.78,93,6,10,1.21,831,0.004377396777272224,0.0004595887439791113,0.006485720165073872,1500,1500,1000,1500,1800,1000,1000,1800
1783904329.1163,13.8000,0.02003,49.93,691,73419,0.400,GUIDED,GUIDED,128,0.0,6.9000221490859985,10.0,0.0,0.5,0.0,nan,nan,nan,nan,nan,nan,nan,nan,nan,nan,0.024278811395018692,0.1082224465750637,-0.00017247292809378575,0,0,-0.04034821316599846,6.821495056152344,10.004164695739746,0.009277673438191414,0.4828553795814514,-0.0023049109149724245,-13,0,-1001,1,0,0,0.002064695581793785,-0.011269527487456799,0.033669210970401764,0.0009861468570306897,3135,3135,0.01996326446533203,12.312,28.78,93,6,10,1.21,831,0.004377396777272224,0.0004595887439791113,0.006485720165073872,1500,1500,1000,1500,1800,1000,1000,1800
1783904329.1363,13.8200,0.02000,50.00,692,73439,0.420,GUIDED,GUIDED,128,0.0,6.910022616386414,10.0,0.0,0.5,0.0,nan,nan,nan,nan,nan,nan,nan,nan,nan,nan,0.02447399764538368,0.10786302107033174,-0.0002314387099141193,0,0,-0.04043696075677872,6.831653118133545,10.004167556762695,0.009216221049427986,0.4829719066619873,-0.002272518817335367,-13,0,-1001,1,0,0,0.002064695581793785,-0.011269527487456799,0.033669210970401764,0.0009861468570306897,3135,3135,0.019937515258789062,12.312,28.78,93,6,10,1.21,831,0.004377396777272224,0.0004595887439791113,0.006485720165073872,1500,1500,1000,1500,1800,1000,1000,1800
1783904329.1563,13.8400,0.01998,50.06,693,73459,0.440,GUIDED,GUIDED,128,0.0,6.920021891593933,10.0,0.0,0.5,0.0,nan,nan,nan,nan,nan,nan,nan,nan,nan,nan,0.024361928985942857,0.10805072948626655,-0.00022733868220434477,0,0,-0.04038022458553314,6.841543197631836,10.004144668579102,0.009248167276382446,0.4829265773296356,-0.002261671470478177,-13,0,-1001,1,0,0,0.002064695581793785,-0.011269527487456799,0.033669210970401764,0.0009861468570306897,3135,3135,0.019924402236938477,12.312,28.78,93,6,10,1.21,831,0.004377396777272224,0.0004595887439791113,0.006485720165073872,1500,1500,1000,1500,1800,1000,1000,1800
1783904329.1763,13.8600,0.02002,49.94,694,73479,0.460,GUIDED,GUIDED,128,0.0,6.930022358894348,10.0,0.0,0.5,0.0,nan,nan,nan,nan,nan,nan,nan,nan,nan,nan,0.024504463194214753,0.10779169489028105,-0.0002726204137696365,0,0,-0.04043472558259964,6.851637363433838,10.004149436950684,0.009197341278195381,0.4830220341682434,-0.0022382810711860657,-13,0,-1001,1,0,0,0.002064695581793785,-0.011269527487456799,0.033669210970401764,0.0009861468570306897,3135,3135,0.019960403442382812,12.312,28.78,93,6,10,1.21,831,0.004377396777272224,0.0004595887439791113,0.006485720165073872,1500,1500,1000,1500,1800,1000,1000,1800
1783904329.1963,13.8800,0.01998,50.06,695,73499,0.480,GUIDED,GUIDED,128,0.0,6.940021991729736,10.0,0.0,0.5,0.0,nan,nan,nan,nan,nan,nan,nan,nan,nan,nan,0.0246503483782422,0.10761503886756085,-0.0002713015503234767,0,0,-0.04047775641083717,6.861695289611816,10.004157066345215,0.009137958288192749,0.4830903708934784,-0.0022434473503381014,-13,0,-1001,1,0,0,0.002064695581793785,-0.011269527487456799,0.033669210970401764,0.0009861468570306897,3135,3135,0.019924640655517578,12.312,28.78,93,6,10,1.21,831,0.004377396777272224,0.0004595887439791113,0.006485720165073872,1500,1500,1000,1500,1800,1000,1000,1800
1783904329.2163,13.9000,0.02002,49.95,696,73519,0.500,GUIDED,GUIDED,128,0.0,6.950021743774414,10.0,0.0,0.5,0.0,nan,nan,nan,nan,nan,nan,nan,nan,nan,nan,0.02444887828909241,0.1079284152497275,-0.00023240121276097087,0,0,-0.04040013998746872,6.8715386390686035,10.004136085510254,0.009209465235471725,0.4829997420310974,-0.002253793179988861,-13,0,-1001,1,0,0,0.002064695581793785,-0.011269527487456799,0.033669210970401764,0.0009861468570306897,3135,3135,0.01994919776916504,12.312,28.78,93,6,10,1.21,831,0.004377396777272224,0.0004595887439791113,0.006485720165073872,1500,1500,1000,1500,1800,1000,1000,1800
1783904329.2362,13.9200,0.01998,50.06,697,73539,0.520,GUIDED,GUIDED,128,0.0,6.960020899772644,10.0,0.0,0.5,0.0,nan,nan,nan,nan,nan,nan,nan,nan,nan,nan,0.024492603143687234,0.10788735491905721,-0.00024273962784135796,0,0,-0.040413349866867065,6.881542205810547,10.004135131835938,0.009191847406327724,0.4830209016799927,-0.002247273689135909,-13,0,-1001,1,0,0,0.002064695581793785,-0.011269527487456799,0.033669210970401764,0.0009861468570306897,3135,3135,0.01992654800415039,12.312,28.78,93,6,10,1.21,831,0.004377396777272224,0.0004595887439791113,0.006485720165073872,1500,1500,1000,1500,1800,1000,1000,1800
1783904329.2564,13.9400,0.02016,49.61,698,73559,0.540,GUIDED,GUIDED,128,0.0,6.970019459724426,10.0,0.0,0.5,0.0,nan,nan,nan,nan,nan,nan,nan,nan,nan,nan,0.024322504117384142,0.10826449186937798,-0.00020925070712414593,0,0,-0.04032067954540253,6.891358852386475,10.004110336303711,0.009236550889909267,0.4829081892967224,-0.0022522928193211555,-13,0,-1001,1,0,0,0.002064695581793785,-0.011269527487456799,0.033669210970401764,0.0009861468570306897,3135,3135,0.020099878311157227,12.312,28.78,93,6,10,1.21,831,0.004377396777272224,0.0004595887439791113,0.006485720165073872,1500,1500,1000,1500,1800,1000,1000,1800
1783904329.2763,13.9600,0.01985,50.37,699,73579,0.560,GUIDED,GUIDED,128,0.0,6.980023503303528,10.0,0.0,0.5,0.0,nan,nan,nan,nan,nan,nan,nan,nan,nan,nan,0.024303146556332037,0.10835341415646921,-0.0002646322550360846,0,0,-0.04030624032020569,6.90131139755249,10.004112243652344,0.00923939049243927,0.48288658261299133,-0.0022214194759726524,-13,0,-1001,1,0,0,0.002064695581793785,-0.011269527487456799,0.033669210970401764,0.0009861468570306897,3135,3135,0.019801855087280273,12.312,28.78,93,6,10,1.21,831,0.004377396777272224,0.0004595887439791113,0.006485720165073872,1500,1500,1000,1500,1800,1000,1000,1800
1783904329.2967,13.9801,0.02048,48.83,700,73599,0.581,GUIDED,GUIDED,128,0.0,6.990027666091919,10.0,0.0,0.5,0.0,nan,nan,nan,nan,nan,nan,nan,nan,nan,nan,0.024301116942695836,0.10851770505193321,-0.0003399818002589325,0,0,-0.040285829454660416,6.91123628616333,10.00411605834961,0.009228778071701527,0.4828374981880188,-0.0021801188122481108,-13,0,-1001,0,0,0,0.001991997007280588,-0.011208626441657543,0.033593013882637024,0.000953308364842087,3135,3135,0.01996755599975586,12.312,28.78,93,6,10,1.21,831,0.003327028127387166,0.000477567344205454,0.0064795915968716145,1500,1500,1000,1500,1800,1000,1000,1800
1783904329.3163,14.0001,0.01955,51.14,701,73619,0.600,GUIDED,GUIDED,128,0.0,7.000028133392334,10.0,0.0,0.5,0.0,nan,nan,nan,nan,nan,nan,nan,nan,nan,nan,0.024242887668255875,0.10862595097669066,-0.0003056819483558278,0,0,-0.040250565856695175,6.9211554527282715,10.004096031188965,0.009242037311196327,0.4828219413757324,-0.0021883591543883085,-13,0,-1001,0,0,0,0.001991997007280588,-0.011208626441657543,0.033593013882637024,0.000953308364842087,3135,3135,0.01949024200439453,12.312,28.78,93,6,10,1.21,831,0.003327028127387166,0.000477567344205454,0.0064795915968716145,1500,1500,1000,1500,1800,1000,1000,1800
1783904329.3363,14.0201,0.02000,50.01,702,73639,0.620,GUIDED,GUIDED,128,0.0,7.01002824306488,10.0,0.0,0.5,0.0,nan,nan,nan,nan,nan,nan,nan,nan,nan,nan,0.024508534432399857,0.10830577657342955,-0.000246517545820077,0,0,-0.040346384048461914,6.931306838989258,10.004096031188965,0.009143986739218235,0.48291945457458496,-0.0022225177381187677,-13,0,-1001,0,0,0,0.001991997007280588,-0.011208626441657543,0.033593013882637024,0.000953308364842087,3135,3135,0.019933223724365234,12.312,28.78,93,6,10,1.21,831,0.003327028127387166,0.000477567344205454,0.0064795915968716145,1500,1500,1000,1500,1800,1000,1000,1800
1783904329.3563,14.0401,0.02000,50.00,703,73659,0.640,GUIDED,GUIDED,128,0.0,7.020028233528137,10.0,0.0,0.5,0.0,nan,nan,nan,nan,nan,nan,nan,nan,nan,nan,0.024414287234513523,0.10853181321188429,-0.00012194746519345479,0,0,-0.040294114500284195,6.941193580627441,10.004071235656738,0.009168222546577454,0.48285433650016785,-0.0022801226004958153,-13,0,-1001,0,0,0,0.001991997007280588,-0.011208626441657543,0.033593013882637024,0.000953308364842087,3135,3135,0.019936561584472656,12.312,28.78,93,6,10,1.21,831,0.003327028127387166,0.000477567344205454,0.0064795915968716145,1500,1500,1000,1500,1800,1000,1000,1800
1783904329.3763,14.0601,0.01997,50.07,704,73679,0.660,GUIDED,GUIDED,128,0.0,7.030026912689209,10.0,0.0,0.5,0.0,nan,nan,nan,nan,nan,nan,nan,nan,nan,nan,0.024610105983856403,0.10833455048525842,-0.00010300203225277558,0,0,-0.04035591706633568,6.9512810707092285,10.004071235656738,0.0090908482670784,0.4829169511795044,-0.0022910607513040304,-13,0,-1001,0,0,0,0.001991997007280588,-0.011208626441657543,0.033593013882637024,0.000953308364842087,3135,3135,0.019920825958251953,12.312,28.78,93,6,10,1.21,831,0.003327028127387166,0.000477567344205454,0.0064795915968716145,1500,1500,1000,1500,1800,1000,1000,1800
1783904329.3963,14.0800,0.01999,50.02,705,73699,0.680,GUIDED,GUIDED,128,0.0,7.040022015571594,10.0,0.0,0.5,0.0,nan,nan,nan,nan,nan,nan,nan,nan,nan,nan,0.024748206812579002,0.10814923956528012,-0.00015642319291256108,0,0,-0.04040627181529999,6.96133279800415,10.004074096679688,0.009040188044309616,0.4829912483692169,-0.00226186984218657,-13,0,-1001,0,0,0,0.001991997007280588,-0.011208626441657543,0.033593013882637024,0.000953308364842087,3135,3135,0.019937515258789062,12.312,28.78,93,6,10,1.21,831,0.003327028127387166,0.000477567344205454,0.0064795915968716145,1500,1500,1000,1500,1800,1000,1000,1800
1783904329.4163,14.1000,0.02000,50.01,706,73719,0.700,GUIDED,GUIDED,128,0.0,7.050020933151245,10.0,0.0,0.5,0.0,nan,nan,nan,nan,nan,nan,nan,nan,nan,nan,0.024589019175802418,0.1084754676996975,-0.00015205861712792217,0,0,-0.040332917124032974,6.971171855926514,10.004051208496094,0.009089743718504906,0.4828951954841614,-0.002251175232231617,-13,0,-1001,0,0,0,0.001991997007280588,-0.011208626441657543,0.033593013882637024,0.000953308364842087,3135,3135,0.01994466781616211,12.312,28.78,93,6,10,1.21,831,0.003327028127387166,0.000477567344205454,0.0064795915968716145,1500,1500,1000,1500,1800,1000,1000,1800
1783904329.4363,14.1200,0.02000,50.00,707,73739,0.720,GUIDED,GUIDED,128,0.0,7.060021877288818,10.0,0.0,0.5,0.0,nan,nan,nan,nan,nan,nan,nan,nan,nan,nan,0.024635559642889635,0.10842989029545064,-0.00013368329060760558,0,0,-0.040352851152420044,6.981169700622559,10.004047393798828,0.009074382483959198,0.482923299074173,-0.0022595818154513836,-13,0,-1001,0,0,0,0.001991997007280588,-0.011208626441657543,0.033593013882637024,0.000953308364842087,3135,3135,0.019946575164794922,12.312,28.78,93,6,10,1.21,831,0.003327028127387166,0.000477567344205454,0.0064795915968716145,1500,1500,1000,1500,1800,1000,1000,1800
1783904329.4563,14.1400,0.02000,50.01,708,73759,0.740,GUIDED,GUIDED,128,0.0,7.07002055644989,10.0,0.0,0.5,0.0,nan,nan,nan,nan,nan,nan,nan,nan,nan,nan,0.024475110650196988,0.1087497285914384,-0.00011423645801889124,0,0,-0.040264856070280075,6.990983009338379,10.004021644592285,0.009116213768720627,0.482845664024353,-0.002255943138152361,-13,0,-1001,0,0,0,0.001991997007280588,-0.011208626441657543,0.033593013882637024,0.000953308364842087,3135,3135,0.019945859909057617,12.312,28.78,93,6,10,1.21,831,0.003327028127387166,0.000477567344205454,0.0064795915968716145,1500,1500,1000,1500,1800,1000,1000,1800
1783904329.4763,14.1600,0.02002,49.96,709,73779,0.760,GUIDED,GUIDED,128,0.0,7.080021023750305,10.0,0.0,0.5,0.0,nan,nan,nan,nan,nan,nan,nan,nan,nan,nan,0.024489056378297847,0.1088585684530669,-0.0001232392279408136,0,0,-0.04025697335600853,7.000931262969971,10.004020690917969,0.00910361111164093,0.4828129708766937,-0.0022501947823911905,-13,0,-1001,0,0,0,0.001991997007280588,-0.011208626441657543,0.033593013882637024,0.000953308364842087,3135,3135,0.019942045211791992,12.312,28.78,93,6,10,1.21,831,0.003327028127387166,0.000477567344205454,0.0064795915968716145,1500,1500,1000,1500,1800,1000,1000,1800
1783904329.4963,14.1800,0.01999,50.02,710,73799,0.780,GUIDED,GUIDED,128,0.0,7.090021014213562,10.0,0.0,0.5,0.0,nan,nan,nan,nan,nan,nan,nan,nan,nan,nan,0.024463576051302085,0.10900144111294616,-0.000215720820431046,0,0,-0.04024294763803482,7.010852336883545,10.004022598266602,0.009110224433243275,0.48277604579925537,-0.0021979017183184624,-13,0,-1001,0,0,0,0.001991997007280588,-0.011208626441657543,0.033593013882637024,0.000953308364842087,3135,3135,0.0199434757232666,12.312,28.78,93,6,10,1.21,831,0.003327028127387166,0.000477567344205454,0.0064795915968716145,1500,1500,1000,1500,1800,1000,1000,1800
1783904329.5162,14.2000,0.01998,50.04,711,73819,0.800,GUIDED,GUIDED,128,0.0,7.100021243095398,10.0,0.0,0.5,0.0,nan,nan,nan,nan,nan,nan,nan,nan,nan,nan,0.02437902598518989,0.10914980507840438,-0.00017752177723163532,0,0,-0.04021104425191879,7.020773887634277,10.00400161743164,0.009140620008111,0.482735812664032,-0.002207842655479908,-13,0,-1001,0,0,0,0.001991997007280588,-0.011208626441657543,0.033593013882637024,0.000953308364842087,3135,3135,0.01993584632873535,12.312,28.78,93,6,10,1.21,831,0.003327028127387166,0.000477567344205454,0.0064795915968716145,1500,1500,1000,1500,1800,1000,1000,1800
1783904329.5362,14.2200,0.01999,50.01,712,73839,0.820,GUIDED,GUIDED,128,0.0,7.110020995140076,10.0,0.0,0.5,0.0,nan,nan,nan,nan,nan,nan,nan,nan,nan,nan,0.02465964169114766,0.10878863193520394,-0.00022129608474363328,0,0,-0.040311072021722794,7.0309319496154785,10.004000663757324,0.009036357514560223,0.4828529357910156,-0.00218201894313097,-13,0,-1001,0,0,0,0.001991997007280588,-0.011208626441657543,0.033593013882637024,0.000953308364842087,3135,3135,0.019948720932006836,12.312,28.78,93,6,10,1.21,831,0.003327028127387166,0.000477567344205454,0.0064795915968716145,1500,1500,1000,1500,1800,1000,1000,1800
1783904329.5566,14.2400,0.02038,49.07,713,73859,0.840,GUIDED,GUIDED,128,0.0,7.120021104812622,10.0,0.0,0.5,0.0,nan,nan,nan,nan,nan,nan,nan,nan,nan,nan,0.02456303790236694,0.10898887753581546,-0.00020079979212170957,0,0,-0.040261849761009216,7.040820598602295,10.003976821899414,0.009063713252544403,0.4828016757965088,-0.0021800873801112175,-13,0,-1001,0,1,0,0.002000564942136407,-0.011206671595573425,0.0334898941218853,0.0009656112524680793,3135,3135,0.02032923698425293,12.312,28.73,92,6,10,1.21,831,0.0037335988599807024,0.0004884131485596299,0.006482135038822889,1500,1500,1000,1500,1800,1000,1000,1800
1783904329.5763,14.2600,0.01965,50.90,714,73879,0.860,GUIDED,GUIDED,128,0.0,7.130021691322327,10.0,0.0,0.5,0.0,nan,nan,nan,nan,nan,nan,nan,nan,nan,nan,0.024742779239133497,0.10877479208951109,-0.00021343552228063247,0,0,-0.04032745957374573,7.0509138107299805,10.00397777557373,0.008997819386422634,0.48287180066108704,-0.002173342742025852,-13,0,-1001,0,1,0,0.002000564942136407,-0.011206671595573425,0.0334898941218853,0.0009656112524680793,3135,3135,0.019586563110351562,12.312,28.73,92,6,10,1.21,831,0.0037335988599807024,0.0004884131485596299,0.006482135038822889,1500,1500,1000,1500,1800,1000,1000,1800
1783904329.5963,14.2800,0.02000,50.01,715,73899,0.880,GUIDED,GUIDED,128,0.0,7.140021920204163,10.0,0.0,0.5,0.0,nan,nan,nan,nan,nan,nan,nan,nan,nan,nan,0.024857395226628963,0.10862095287181736,-0.0002709534787438644,0,0,-0.04038100689649582,7.060970783233643,10.003981590270996,0.008962561376392841,0.4829278588294983,-0.0021423371508717537,-13,0,-1001,0,1,0,0.002000564942136407,-0.011206671595573425,0.0334898941218853,0.0009656112524680793,3135,3135,0.019936561584472656,12.312,28.73,92,6,10,1.21,831,0.0037335988599807024,0.0004884131485596299,0.006482135038822889,1500,1500,1000,1500,1800,1000,1000,1800
1783904329.6163,14.3000,0.02000,50.01,716,73919,0.900,GUIDED,GUIDED,128,0.0,7.150021195411682,10.0,0.0,0.5,0.0,nan,nan,nan,nan,nan,nan,nan,nan,nan,nan,0.024715515463609665,0.10888594729867916,-0.00025317061060256075,0,0,-0.040310103446245193,7.070812225341797,10.003960609436035,0.009003539569675922,0.48286598920822144,-0.0021404908038675785,-13,0,-1001,0,1,0,0.002000564942136407,-0.011206671595573425,0.0334898941218853,0.0009656112524680793,3135,3135,0.019938230514526367,12.312,28.73,92,6,10,1.21,831,0.0037335988599807024,0.0004884131485596299,0.006482135038822889,1500,1500,1000,1500,1800,1000,1000,1800
1783904329.6363,14.3200,0.01999,50.03,717,73939,0.920,GUIDED,GUIDED,128,0.0,7.160021066665649,10.0,0.0,0.5,0.0,nan,nan,nan,nan,nan,nan,nan,nan,nan,nan,0.02479987022311936,0.10883344463737658,-0.0002776649769945234,0,0,-0.04033345729112625,7.080814838409424,10.00395679473877,0.008968320675194263,0.4828947186470032,-0.002124146558344364,-13,0,-1001,0,1,0,0.002000564942136407,-0.011206671595573425,0.0334898941218853,0.0009656112524680793,3135,3135,0.019936561584472656,12.312,28.73,92,6,10,1.21,831,0.0037335988599807024,0.0004884131485596299,0.006482135038822889,1500,1500,1000,1500,1800,1000,1000,1800
1783904329.6562,14.3400,0.01999,50.02,718,73959,0.940,GUIDED,GUIDED,128,0.0,7.170020699501038,10.0,0.0,0.5,0.0,nan,nan,nan,nan,nan,nan,nan,nan,nan,nan,0.024637853996020816,0.10918552036385538,-0.00021760026643949512,0,0,-0.04024824872612953,7.090630054473877,10.003931999206543,0.00901266559958458,0.48279792070388794,-0.0021445092279464006,-13,0,-1001,0,1,0,0.002000564942136407,-0.011206671595573425,0.0334898941218853,0.0009656112524680793,3135,3135,0.019942045211791992,12.312,28.73,92,6,10,1.21,831,0.0037335988599807024,0.0004884131485596299,0.006482135038822889,1500,1500,1000,1500,1800,1000,1000,1800
1783904329.6763,14.3600,0.02002,49.95,719,73979,0.960,GUIDED,GUIDED,128,0.0,7.180021405220032,10.0,0.0,0.5,0.0,nan,nan,nan,nan,nan,nan,nan,nan,nan,nan,0.024647825220861244,0.10927161842278492,-0.00024199360454609745,0,0,-0.04024294391274452,7.10058069229126,10.003931045532227,0.009003845974802971,0.48277711868286133,-0.002129875123500824,-13,0,-1001,0,1,0,0.002000564942136407,-0.011206671595573425,0.0334898941218853,0.0009656112524680793,3135,3135,0.01996135711669922,12.312,28.73,92,6,10,1.21,831,0.0037335988599807024,0.0004884131485596299,0.006482135038822889,1500,1500,1000,1500,1800,1000,1000,1800
1783904329.6963,14.3800,0.02000,50.00,720,73999,0.980,GUIDED,GUIDED,128,0.0,7.190021634101868,10.0,0.0,0.5,0.0,nan,nan,nan,nan,nan,nan,nan,nan,nan,nan,0.02463621116380852,0.10935608045660292,-0.0002498456226477908,0,0,-0.04023103788495064,7.110504150390625,10.00393295288086,0.009003677405416965,0.48277267813682556,-0.0021264429669827223,-13,0,-1001,0,1,0,0.002000564942136407,-0.011206671595573425,0.0334898941218853,0.0009656112524680793,3135,3135,0.0199429988861084,12.312,28.73,92,6,10,1.21,831,0.0037335988599807024,0.0004884131485596299,0.006482135038822889,1500,1500,1000,1500,1800,1000,1000,1800
1783904329.7163,14.4000,0.02002,49.96,721,74019,0.000,GUIDED,GUIDED,128,0.0,7.200021386146545,10.0,0.0,0.5,0.0,nan,nan,nan,nan,nan,nan,nan,nan,nan,nan,0.02459959408968831,0.10946509122898455,-0.00021373070208695116,0,0,-0.04020102322101593,7.120429992675781,10.003911972045898,0.009007489308714867,0.48275241255760193,-0.0021351806353777647,-13,0,-1001,0,1,0,0.002000564942136407,-0.011206671595573425,0.0334898941218853,0.0009656112524680793,3135,3135,0.019932985305786133,12.312,28.73,92,6,10,1.21,831,0.0037335988599807024,0.0004884131485596299,0.006482135038822889,1500,1500,1000,1500,1800,1000,1000,1800
1783904329.7362,14.4200,0.01996,50.09,722,74039,0.020,GUIDED,GUIDED,128,0.0,7.210021018981934,10.0,0.0,0.5,0.0,nan,nan,nan,nan,nan,nan,nan,nan,nan,nan,0.02485218611056474,0.10905198350106876,-0.00022106163568661125,0,0,-0.040302958339452744,7.130595684051514,10.00390911102295,0.00892050750553608,0.48289504647254944,-0.0021292963065207005,-13,0,-1001,0,1,0,0.002000564942136407,-0.011206671595573425,0.0334898941218853,0.0009656112524680793,3135,3135,0.019913673400878906,12.312,28.73,92,6,10,1.21,831,0.0037335988599807024,0.0004884131485596299,0.006482135038822889,1500,1500,1000,1500,1800,1000,1000,1800
1783904329.7564,14.4400,0.02019,49.54,723,74059,0.040,GUIDED,GUIDED,128,0.0,7.220021486282349,10.0,0.0,0.5,0.0,nan,nan,nan,nan,nan,nan,nan,nan,nan,nan,0.025026846218254892,0.10872813883651415,-0.0001957828625852964,0,0,-0.040381018072366714,7.140717029571533,10.003902435302734,0.008864735253155231,0.48301222920417786,-0.0021400367841124535,-13,0,-1001,0,1,0,0.002000564942136407,-0.011206671595573425,0.0334898941218853,0.0009656112524680793,3135,3135,0.020119667053222656,12.312,28.73,92,6,10,1.21,831,0.0037335988599807024,0.0004884131485596299,0.006482135038822889,1500,1500,1000,1500,1800,1000,1000,1800
1783904329.7763,14.4601,0.01984,50.41,724,74079,0.060,GUIDED,GUIDED,128,0.0,7.230026364326477,10.0,0.0,0.5,0.0,nan,nan,nan,nan,nan,nan,nan,nan,nan,nan,0.02487979738814153,0.10897222028465309,-0.00015068293222475883,0,0,-0.04032258316874504,7.150589942932129,10.003876686096191,0.008915896527469158,0.4829474985599518,-0.0021512089297175407,-13,0,-1001,0,1,0,0.002000564942136407,-0.011206671595573425,0.0334898941218853,0.0009656112524680793,3135,3135,0.01978445053100586,12.312,28.73,92,6,10,1.21,831,0.0037335988599807024,0.0004884131485596299,0.006482135038822889,1500,1500,1000,1500,1800,1000,1000,1800
1783904329.7967,14.4800,0.02042,48.96,725,74099,0.080,GUIDED,GUIDED,128,0.0,7.240021824836731,10.0,0.0,0.5,0.0,nan,nan,nan,nan,nan,nan,nan,nan,nan,nan,0.025011763024833558,0.10878879412837193,-6.314085552328779e-05,0,0,-0.04037735238671303,7.160654544830322,10.00387191772461,0.00887132715433836,0.48301348090171814,-0.002198998350650072,-13,0,-1000,0,2,0,0.0019917229656130075,-0.01124486792832613,0.03339896351099014,0.0010702083818614483,3135,3135,0.019938945770263672,12.312,28.78,92,6,10,1.21,831,0.0038550174795091152,0.0005075832596048713,0.0064683109521865845,1500,1500,1000,1500,1800,1000,1000,1800
1783904329.8163,14.5000,0.01957,51.10,726,74119,0.100,GUIDED,GUIDED,128,0.0,7.250018835067749,10.0,0.0,0.5,0.0,nan,nan,nan,nan,nan,nan,nan,nan,nan,nan,0.024861171487013153,0.10907612649585231,4.9648851471687655e-06,0,0,-0.04030805453658104,7.170500755310059,10.003849029541016,0.008918262086808681,0.4829346537590027,-0.002225104719400406,-13,0,-1000,0,2,0,0.0019917229656130075,-0.01124486792832613,0.03339896351099014,0.0010702083818614483,3135,3135,0.019509077072143555,12.312,28.78,92,6,10,1.21,831,0.0038550174795091152,0.0005075832596048713,0.0064683109521865845,1500,1500,1000,1500,1800,1000,1000,1800
1783904329.8363,14.5200,0.02000,50.01,727,74139,0.120,GUIDED,GUIDED,128,0.0,7.260021209716797,10.0,0.0,0.5,0.0,nan,nan,nan,nan,nan,nan,nan,nan,nan,nan,0.02495680319659313,0.1089658979349454,3.197028606094932e-05,0,0,-0.040332622826099396,7.180510997772217,10.00384521484375,0.008877233602106571,0.4829937517642975,-0.0022384938783943653,-13,0,-1000,0,2,0,0.0019917229656130075,-0.01124486792832613,0.03339896351099014,0.0010702083818614483,3135,3135,0.0199432373046875,12.312,28.78,92,6,10,1.21,831,0.0038550174795091152,0.0005075832596048713,0.0064683109521865845,1500,1500,1000,1500,1800,1000,1000,1800
1783904329.8563,14.5400,0.02001,49.97,728,74159,0.140,GUIDED,GUIDED,128,0.0,7.270021557807922,10.0,0.0,0.5,0.0,nan,nan,nan,nan,nan,nan,nan,nan,nan,nan,0.02498759420298397,0.10898754840592911,-4.35309923500285e-05,0,0,-0.040338415652513504,7.190486907958984,10.003836631774902,0.008862800896167755,0.4829953610897064,-0.002189947757869959,-13,0,-1000,0,2,0,0.0019917229656130075,-0.01124486792832613,0.03339896351099014,0.0010702083818614483,3135,3135,0.019950151443481445,12.312,28.78,92,6,10,1.21,831,0.0038550174795091152,0.0005075832596048713,0.0064683109521865845,1500,1500,1000,1500,1800,1000,1000,1800
1783904329.8763,14.5601,0.02003,49.93,729,74179,0.160,GUIDED,GUIDED,128,0.0,7.280027747154236,10.0,0.0,0.5,0.0,nan,nan,nan,nan,nan,nan,nan,nan,nan,nan,0.024749889461322762,0.10936196074260106,-4.190452672123146e-05,0,0,-0.04024519771337509,7.200290679931641,10.003809928894043,0.008946220390498638,0.4828960597515106,-0.002175469882786274,-13,0,-1000,0,2,0,0.0019917229656130075,-0.01124486792832613,0.03339896351099014,0.0010702083818614483,3135,3135,0.01996159553527832,12.312,28.78,92,6,10,1.21,831,0.0038550174795091152,0.0005075832596048713,0.0064683109521865845,1500,1500,1000,1500,1800,1000,1000,1800
1783904329.8963,14.5800,0.01997,50.08,730,74199,0.180,GUIDED,GUIDED,128,0.0,7.290022969245911,10.0,0.0,0.5,0.0,nan,nan,nan,nan,nan,nan,nan,nan,nan,nan,0.02472017189703226,0.10941423776331984,-7.66372262300751e-05,0,0,-0.04023502767086029,7.210223197937012,10.003806114196777,0.008957506157457829,0.48290207982063293,-0.002153214532881975,-13,0,-1000,0,2,0,0.0019917229656130075,-0.01124486792832613,0.03339896351099014,0.0010702083818614483,3135,3135,0.019913911819458008,12.312,28.78,92,6,10,1.21,831,0.0038550174795091152,0.0005075832596048713,0.0064683109521865845,1500,1500,1000,1500,1800,1000,1000,1800
1783904329.9163,14.6000,0.02000,50.00,731,74219,0.200,GUIDED,GUIDED,128,0.0,7.300022840499878,10.0,0.0,0.5,0.0,nan,nan,nan,nan,nan,nan,nan,nan,nan,nan,0.024658900127885693,0.1094904107381782,-0.00013323504433689288,0,0,-0.040205541998147964,7.220160007476807,10.003786087036133,0.008975857868790627,0.48289451003074646,-0.0021089750807732344,-13,0,-1000,0,2,0,0.0019917229656130075,-0.01124486792832613,0.03339896351099014,0.0010702083818614483,3135,3135,0.01994633674621582,12.312,28.78,92,6,10,1.21,831,0.0038550174795091152,0.0005075832596048713,0.0064683109521865845,1500,1500,1000,1500,1800,1000,1000,1800
1783904329.9362,14.6200,0.01999,50.03,732,74239,0.220,GUIDED,GUIDED,128,0.0,7.3100199699401855,10.0,0.0,0.5,0.0,nan,nan,nan,nan,nan,nan,nan,nan,nan,nan,0.02487069141817857,0.10907979291141941,-0.00018957612206756732,0,0,-0.04030727967619896,7.230344295501709,10.003786087036133,0.008912318386137486,0.4830235242843628,-0.002076446544378996,-13,0,-1000,0,2,0,0.0019917229656130075,-0.01124486792832613,0.03339896351099014,0.0010702083818614483,3135,3135,0.01993536949157715,12.312,28.78,92,6,10,1.21,831,0.0038550174795091152,0.0005075832596048713,0.0064683109521865845,1500,1500,1000,1500,1800,1000,1000,1800
1783904329.9563,14.6400,0.02002,49.95,733,74259,0.240,GUIDED,GUIDED,128,0.0,7.320021986961365,10.0,0.0,0.5,0.0,nan,nan,nan,nan,nan,nan,nan,nan,nan,nan,0.025044919863770165,0.10878556245848853,-0.0002631658632838113,0,0,-0.04038470610976219,7.240482330322266,10.003783226013184,0.00885642971843481,0.4831148684024811,-0.0020323076751083136,-13,0,-1000,0,2,0,0.0019917229656130075,-0.01124486792832613,0.03339896351099014,0.0010702083818614483,3135,3135,0.019959449768066406,12.312,28.78,92,6,10,1.21,831,0.0038550174795091152,0.0005075832596048713,0.0064683109521865845,1500,1500,1000,1500,1800,1000,1000,1800
1783904329.9763,14.6600,0.02000,50.01,734,74279,0.260,GUIDED,GUIDED,128,0.0,7.330021262168884,10.0,0.0,0.5,0.0,nan,nan,nan,nan,nan,nan,nan,nan,nan,nan,0.02487510847251402,0.10898659063890524,-0.00034840605944809217,0,0,-0.04032592102885246,7.250364303588867,10.00376033782959,0.008920530788600445,0.48306652903556824,-0.001969879725947976,-13,0,-1000,0,2,0,0.0019917229656130075,-0.01124486792832613,0.03339896351099014,0.0010702083818614483,3135,3135,0.019936323165893555,12.312,28.78,92,6,10,1.21,831,0.0038550174795091152,0.0005075832596048713,0.0064683109521865845,1500,1500,1000,1500,1800,1000,1000,1800
1783904329.9963,14.6800,0.02001,49.98,735,74299,0.280,GUIDED,GUIDED,128,0.0,7.34002161026001,10.0,0.0,0.5,0.0,nan,nan,nan,nan,nan,nan,nan,nan,nan,nan,0.02499154232486299,0.10875065979407182,-0.00036378123331518367,0,0,-0.0403798408806324,7.260444641113281,10.003761291503906,0.008884438313543797,0.48315656185150146,-0.00196155346930027,-13,0,-1000,0,2,0,0.0019917229656130075,-0.01124486792832613,0.03339896351099014,0.0010702083818614483,3135,3135,0.019945621490478516,12.312,28.78,92,6,10,1.21,831,0.0038550174795091152,0.0005075832596048713,0.0064683109521865845,1500,1500,1000,1500,1800,1000,1000,1800
1783904330.0163,14.7000,0.01999,50.02,736,74319,0.300,GUIDED,GUIDED,128,0.0,7.350021481513977,10.0,0.0,0.5,0.0,nan,nan,nan,nan,nan,nan,nan,nan,nan,nan,0.024829430190077682,0.10899762141009349,-0.0003790020710656224,0,0,-0.040309906005859375,7.270299911499023,10.003744125366211,0.008937656879425049,0.48309746384620667,-0.0019428548403084278,-13,0,-1000,0,2,0,0.0019917229656130075,-0.01124486792832613,0.03339896351099014,0.0010702083818614483,3135,3135,0.019931316375732422,12.312,28.78,92,6,10,1.21,831,0.0038550174795091152,0.0005075832596048713,0.0064683109521865845,1500,1500,1000,1500,1800,1000,1000,1800
1783904330.0363,14.7200,0.01999,50.03,737,74339,0.320,GUIDED,GUIDED,128,0.0,7.360021471977234,10.0,0.0,0.5,0.0,nan,nan,nan,nan,nan,nan,nan,nan,nan,nan,0.024873098437350742,0.10889186739463866,-0.00041621199992434004,0,0,-0.04033314436674118,7.280324459075928,10.00374698638916,0.008925861679017544,0.4831443428993225,-0.0019230234902352095,-13,0,-1000,0,2,0,0.0019917229656130075,-0.01124486792832613,0.03339896351099014,0.0010702083818614483,3135,3135,0.019934415817260742,12.312,28.78,92,6,10,1.21,831,0.0038550174795091152,0.0005075832596048713,0.0064683109521865845,1500,1500,1000,1500,1800,1000,1000,1800
1783904330.0566,14.7400,0.02035,49.15,738,74359,0.340,GUIDED,GUIDED,128,0.0,7.3700209856033325,10.0,0.0,0.5,0.0,nan,nan,nan,nan,nan,nan,nan,nan,nan,nan,0.024856136164687546,0.10891208188689593,-0.00044300824916521575,0,0,-0.040336932986974716,7.290313720703125,10.003746032714844,0.008937842212617397,0.4831385910511017,-0.0019070020643994212,-13,0,-1000,0,3,0,0.0020172232761979103,-0.011285623535513878,0.033307548612356186,0.0011200305307283998,3135,3135,0.02029275894165039,12.312,28.78,92,6,10,1.21,831,0.004163305275142193,0.0005167174385860562,0.006405315827578306,1500,1500,1000,1500,1800,1000,1000,1800
1783904330.0763,14.7600,0.01966,50.87,739,74379,0.360,GUIDED,GUIDED,128,0.0,7.380021095275879,10.0,0.0,0.5,0.0,nan,nan,nan,nan,nan,nan,nan,nan,nan,nan,0.02465856016227949,0.10928978011612661,-0.0003646454849778316,0,0,-0.040242135524749756,7.300124645233154,10.003725051879883,0.008997181430459023,0.4830297529697418,-0.0019401315366849303,-13,0,-1000,0,3,0,0.0020172232761979103,-0.011285623535513878,0.033307548612356186,0.0011200305307283998,3135,3135,0.01959848403930664,12.312,28.78,92,6,10,1.21,831,0.004163305275142193,0.0005167174385860562,0.006405315827578306,1500,1500,1000,1500,1800,1000,1000,1800
1783904330.0963,14.7800,0.02001,49.97,740,74399,0.380,GUIDED,GUIDED,128,0.0,7.390020370483398,10.0,0.0,0.5,0.0,nan,nan,nan,nan,nan,nan,nan,nan,nan,nan,0.024651223997020584,0.10938556262954047,-0.0003190760010096413,0,0,-0.04023033753037453,7.310068607330322,10.0037260055542,0.008994605392217636,0.48300638794898987,-0.0019669916946440935,-13,0,-1000,0,3,0,0.0020172232761979103,-0.011285623535513878,0.033307548612356186,0.0011200305307283998,3135,3135,0.019950151443481445,12.312,28.78,92,6,10,1.21,831,0.004163305275142193,0.0005167174385860562,0.006405315827578306,1500,1500,1000,1500,1800,1000,1000,1800
1783904330.1163,14.8000,0.01999,50.01,741,74419,0.400,GUIDED,GUIDED,128,0.0,7.400020241737366,10.0,0.0,0.5,0.0,nan,nan,nan,nan,nan,nan,nan,nan,nan,nan,0.0245757248249176,0.10944990564878769,-0.0003063011732347765,0,0,-0.04020000994205475,7.3200178146362305,10.003713607788086,0.009020685218274593,0.48299849033355713,-0.00196720939129591,-13,0,-1000,0,3,0,0.0020172232761979103,-0.011285623535513878,0.033307548612356186,0.0011200305307283998,3135,3135,0.019933462142944336,12.312,28.78,92,6,10,1.21,831,0.004163305275142193,0.0005167174385860562,0.006405315827578306,1500,1500,1000,1500,1800,1000,1000,1800
1783904330.1363,14.8200,0.02000,50.00,742,74439,0.420,GUIDED,GUIDED,128,0.0,7.410021185874939,10.0,0.0,0.5,0.0,nan,nan,nan,nan,nan,nan,nan,nan,nan,nan,0.02483207980672915,0.10896843778231219,-0.00035213476991526223,0,0,-0.04030073806643486,7.330223083496094,10.003724098205566,0.008930834010243416,0.48315849900245667,-0.001946803997270763,-13,0,-1000,0,3,0,0.0020172232761979103,-0.011285623535513878,0.033307548612356186,0.0011200305307283998,3135,3135,0.01994037628173828,12.312,28.78,92,6,10,1.21,831,0.004163305275142193,0.0005167174385860562,0.006405315827578306,1500,1500,1000,1500,1800,1000,1000,1800
1783904330.1563,14.8400,0.02000,50.00,743,74459,0.440,GUIDED,GUIDED,128,0.0,7.420021176338196,10.0,0.0,0.5,0.0,nan,nan,nan,nan,nan,nan,nan,nan,nan,nan,0.02501850691606853,0.1086469916971585,-0.0003988350195496663,0,0,-0.040377553552389145,7.340381145477295,10.003728866577148,0.00886754970997572,0.4832528233528137,-0.001922594616189599,-13,0,-1000,0,3,0,0.0020172232761979103,-0.011285623535513878,0.033307548612356186,0.0011200305307283998,3135,3135,0.019939661026000977,12.312,28.78,92,6,10,1.21,831,0.004163305275142193,0.0005167174385860562,0.006405315827578306,1500,1500,1000,1500,1800,1000,1000,1800
1783904330.1763,14.8600,0.02000,50.01,744,74479,0.460,GUIDED,GUIDED,128,0.0,7.430021286010742,10.0,0.0,0.5,0.0,nan,nan,nan,nan,nan,nan,nan,nan,nan,nan,0.02486316049466252,0.1088769627743386,-0.00029822702076759975,0,0,-0.040318530052900314,7.350274085998535,10.003710746765137,0.008923161774873734,0.4831819236278534,-0.0019702191930264235,-13,0,-1000,0,3,0,0.0020172232761979103,-0.011285623535513878,0.033307548612356186,0.0011200305307283998,3135,3135,0.019936084747314453,12.312,28.78,92,6,10,1.21,831,0.004163305275142193,0.0005167174385860562,0.006405315827578306,1500,1500,1000,1500,1800,1000,1000,1800
1783904330.1963,14.8800,0.02000,50.00,745,74499,0.480,GUIDED,GUIDED,128,0.0,7.440021395683289,10.0,0.0,0.5,0.0,nan,nan,nan,nan,nan,nan,nan,nan,nan,nan,0.025015493005165493,0.10862433777621341,-0.0002891314816656403,0,0,-0.040372323244810104,7.360372066497803,10.003717422485352,0.008866270072758198,0.4832712709903717,-0.001979324733838439,-13,0,-1000,0,3,0,0.0020172232761979103,-0.011285623535513878,0.033307548612356186,0.0011200305307283998,3135,3135,0.019941329956054688,12.312,28.78,92,6,10,1.21,831,0.004163305275142193,0.0005167174385860562,0.006405315827578306,1500,1500,1000,1500,1800,1000,1000,1800
1783904330.2163,14.9000,0.02000,50.00,746,74519,0.500,GUIDED,GUIDED,128,0.0,7.450021266937256,10.0,0.0,0.5,0.0,nan,nan,nan,nan,nan,nan,nan,nan,nan,nan,0.024810467667969953,0.10890481300896127,-0.00023547766370490006,0,0,-0.04030228033661842,7.370236873626709,10.003703117370605,0.008944202214479446,0.48318731784820557,-0.002002042718231678,-13,0,-1000,0,3,0,0.0020172232761979103,-0.011285623535513878,0.033307548612356186,0.0011200305307283998,3135,3135,0.01993584632873535,12.312,28.78,92,6,10,1.21,831,0.004163305275142193,0.0005167174385860562,0.006405315827578306,1500,1500,1000,1500,1800,1000,1000,1800
1783904330.2362,14.9200,0.01998,50.05,747,74539,0.520,GUIDED,GUIDED,128,0.0,7.460020899772644,10.0,0.0,0.5,0.0,nan,nan,nan,nan,nan,nan,nan,nan,nan,nan,0.024848881964130362,0.10875834341127842,-0.00028514318274790174,0,0,-0.04032506048679352,7.380277156829834,10.003710746765137,0.008935175836086273,0.48324841260910034,-0.0019777731504291296,-13,0,-1000,0,3,0,0.0020172232761979103,-0.011285623535513878,0.033307548612356186,0.0011200305307283998,3135,3135,0.019929885864257812,12.312,28.78,92,6,10,1.21,831,0.004163305275142193,0.0005167174385860562,0.006405315827578306,1500,1500,1000,1500,1800,1000,1000,1800
1783904330.2564,14.9400,0.02017,49.57,748,74559,0.540,GUIDED,GUIDED,128,0.0,7.470022201538086,10.0,0.0,0.5,0.0,nan,nan,nan,nan,nan,nan,nan,nan,nan,nan,0.024858678784514962,0.10867336004815104,-0.0003119857306483403,0,0,-0.040328387171030045,7.390281677246094,10.003713607788086,0.00893144030123949,0.48329561948776245,-0.001963927410542965,-13,0,-1000,0,3,0,0.0020172232761979103,-0.011285623535513878,0.033307548612356186,0.0011200305307283998,3135,3135,0.020114660263061523,12.312,28.78,92,6,10,1.21,831,0.004163305275142193,0.0005167174385860562,0.006405315827578306,1500,1500,1000,1500,1800,1000,1000,1800
1783904330.2763,14.9600,0.01984,50.42,749,74579,0.560,GUIDED,GUIDED,128,0.0,7.480021238327026,10.0,0.0,0.5,0.0,nan,nan,nan,nan,nan,nan,nan,nan,nan,nan,0.024663408238304395,0.1090151159194904,-0.0003307404010161447,0,0,-0.040233712643384933,7.400101661682129,10.003694534301758,0.008989519439637661,0.48320168256759644,-0.0019420873140916228,-13,0,-1000,0,3,0,0.0020172232761979103,-0.011285623535513878,0.033307548612356186,0.0011200305307283998,3135,3135,0.019782066345214844,12.312,28.78,92,6,10,1.21,831,0.004163305275142193,0.0005167174385860562,0.006405315827578306,1500,1500,1000,1500,1800,1000,1000,1800
1783904330.2967,14.9800,0.02047,48.86,750,74599,0.581,GUIDED,GUIDED,128,0.0,7.490021347999573,10.0,0.0,0.5,0.0,nan,nan,nan,nan,nan,nan,nan,nan,nan,nan,0.024610632320824465,0.10907634264561057,-0.00036650285394987424,0,0,-0.040221381932497025,7.410060882568359,10.003693580627441,0.009012870490550995,0.4831899404525757,-0.0019208892481401563,-13,0,-1000,0,3,0,0.0020207767374813557,-0.011267432942986488,0.03323404863476753,0.0011284705251455307,3135,3135,0.019956350326538086,12.312,28.75,92,6,10,1.21,831,0.004267524927854538,0.0002627362555358559,0.006623201072216034,1500,1500,1000,1500,1800,1000,1000,1800
1783904330.3163,15.0000,0.01952,51.22,751,74619,0.600,GUIDED,GUIDED,128,0.0,7.500018119812012,10.0,0.0,0.5,0.0,nan,nan,nan,nan,nan,nan,nan,nan,nan,nan,0.02455645839280946,0.10914346877764752,-0.00033030329958550755,0,0,-0.040190838277339935,7.420018196105957,10.003677368164062,0.009026513434946537,0.4831739664077759,-0.0019324288005009294,-13,0,-1000,0,3,0,0.0020207767374813557,-0.011267432942986488,0.03323404863476753,0.0011284705251455307,3135,3135,0.019472837448120117,12.312,28.75,92,6,10,1.21,831,0.004267524927854538,0.0002627362555358559,0.006623201072216034,1500,1500,1000,1500,1800,1000,1000,1800
1783904330.3363,15.0201,0.02004,49.89,752,74639,0.620,GUIDED,GUIDED,128,0.0,7.510027527809143,10.0,0.0,0.5,0.0,nan,nan,nan,nan,nan,nan,nan,nan,nan,nan,0.024802643734773,0.10872443694930259,-0.0003208862269747548,0,0,-0.04029116407036781,7.430236339569092,10.003680229187012,0.008942301385104656,0.48329538106918335,-0.001939517562277615,-13,0,-1000,0,3,0,0.0020207767374813557,-0.011267432942986488,0.03323404863476753,0.0011284705251455307,3135,3135,0.019979000091552734,12.312,28.75,92,6,10,1.21,831,0.004267524927854538,0.0002627362555358559,0.006623201072216034,1500,1500,1000,1500,1800,1000,1000,1800
1783904330.3563,15.0400,0.01996,50.11,753,74659,0.640,GUIDED,GUIDED,128,0.0,7.520018100738525,10.0,0.0,0.5,0.0,nan,nan,nan,nan,nan,nan,nan,nan,nan,nan,0.024979349538013153,0.1083429896680366,-0.00031050964058929823,0,0,-0.040367431938648224,7.440406322479248,10.003679275512695,0.008884313516318798,0.4834120273590088,-0.0019449578830972314,-13,0,-1000,0,3,0,0.0020207767374813557,-0.011267432942986488,0.03323404863476753,0.0011284705251455307,3135,3135,0.019904613494873047,12.312,28.75,92,6,10,1.21,831,0.004267524927854538,0.0002627362555358559,0.006623201072216034,1500,1500,1000,1500,1800,1000,1000,1800
1783904330.3763,15.0600,0.02004,49.91,754,74679,0.660,GUIDED,GUIDED,128,0.0,7.530024409294128,10.0,0.0,0.5,0.0,nan,nan,nan,nan,nan,nan,nan,nan,nan,nan,0.024858524384851328,0.10855099808232076,-0.0002350519341805476,0,0,-0.040308210998773575,7.450306415557861,10.003657341003418,0.008919880725443363,0.48335325717926025,-0.0019758595153689384,-13,0,-1000,0,3,0,0.0020207767374813557,-0.011267432942986488,0.03323404863476753,0.0011284705251455307,3135,3135,0.019971847534179688,12.312,28.75,92,6,10,1.21,831,0.004267524927854538,0.0002627362555358559,0.006623201072216034,1500,1500,1000,1500,1800,1000,1000,1800
1783904330.3963,15.0800,0.01997,50.08,755,74699,0.680,GUIDED,GUIDED,128,0.0,7.54002046585083,10.0,0.0,0.5,0.0,nan,nan,nan,nan,nan,nan,nan,nan,nan,nan,0.024947671639325028,0.10829885071960907,-0.0001823621198564487,0,0,-0.04036155715584755,7.460414886474609,10.00365161895752,0.008899210952222347,0.48343393206596375,-0.00200297636911273,-13,0,-1000,0,3,0,0.0020207767374813557,-0.011267432942986488,0.03323404863476753,0.0011284705251455307,3135,3135,0.019916772842407227,12.312,28.75,92,6,10,1.21,831,0.004267524927854538,0.0002627362555358559,0.006623201072216034,1500,1500,1000,1500,1800,1000,1000,1800
1783904330.4163,15.1000,0.02003,49.93,756,74719,0.700,GUIDED,GUIDED,128,0.0,7.550023198127747,10.0,0.0,0.5,0.0,nan,nan,nan,nan,nan,nan,nan,nan,nan,nan,0.024737968511103204,0.10855393445600961,-0.00021762087722393061,0,0,-0.040290769189596176,7.4702863693237305,10.003628730773926,0.008979413658380508,0.48336243629455566,-0.0019694052170962095,-13,0,-1000,0,3,0,0.0020207767374813557,-0.011267432942986488,0.03323404863476753,0.0011284705251455307,3135,3135,0.019964218139648438,12.312,28.75,92,6,10,1.21,831,0.004267524927854538,0.0002627362555358559,0.006623201072216034,1500,1500,1000,1500,1800,1000,1000,1800
1783904330.4363,15.1200,0.01997,50.06,757,74739,0.720,GUIDED,GUIDED,128,0.0,7.560021638870239,10.0,0.0,0.5,0.0,nan,nan,nan,nan,nan,nan,nan,nan,nan,nan,0.024788576256753465,0.10840054357344339,-0.00015881964744541123,0,0,-0.040312767028808594,7.480336666107178,10.003620147705078,0.008962895721197128,0.48342105746269226,-0.0019983986858278513,-13,0,-1000,0,3,0,0.0020207767374813557,-0.011267432942986488,0.03323404863476753,0.0011284705251455307,3135,3135,0.01992034912109375,12.312,28.75,92,6,10,1.21,831,0.004267524927854538,0.0002627362555358559,0.006623201072216034,1500,1500,1000,1500,1800,1000,1000,1800
1783904330.4563,15.1400,0.02002,49.96,758,74759,0.740,GUIDED,GUIDED,128,0.0,7.570019483566284,10.0,0.0,0.5,0.0,nan,nan,nan,nan,nan,nan,nan,nan,nan,nan,0.024785446793538897,0.10837195478221949,-0.0001060722507976431,0,0,-0.040315210819244385,7.490350246429443,10.003607749938965,0.008966113440692425,0.4834284782409668,-0.0020216945558786392,-13,0,-1000,0,3,0,0.0020207767374813557,-0.011267432942986488,0.03323404863476753,0.0011284705251455307,3135,3135,0.019949913024902344,12.312,28.75,92,6,10,1.21,831,0.004267524927854538,0.0002627362555358559,0.006623201072216034,1500,1500,1000,1500,1800,1000,1000,1800
1783904330.4763,15.1600,0.02005,49.88,759,74779,0.760,GUIDED,GUIDED,128,0.0,7.580024838447571,10.0,0.0,0.5,0.0,nan,nan,nan,nan,nan,nan,nan,nan,nan,nan,0.024554949159416615,0.10872669529278076,-0.00010827454319973367,0,0,-0.04021952301263809,7.500175952911377,10.003580093383789,0.00904394593089819,0.48332738876342773,-0.002004455542191863,-13,0,-1000,0,3,0,0.0020207767374813557,-0.011267432942986488,0.03323404863476753,0.0011284705251455307,3135,3135,0.019947290420532227,12.312,28.75,92,6,10,1.21,831,0.004267524927854538,0.0002627362555358559,0.006623201072216034,1500,1500,1000,1500,1800,1000,1000,1800
1783904330.4963,15.1800,0.01994,50.14,760,74799,0.780,GUIDED,GUIDED,128,0.0,7.590021967887878,10.0,0.0,0.5,0.0,nan,nan,nan,nan,nan,nan,nan,nan,nan,nan,0.02451851679014341,0.10878242268665027,-0.00014942203860880254,0,0,-0.04020603373646736,7.510142803192139,10.003561019897461,0.009057192131876945,0.4833126962184906,-0.0019696869421750307,-13,0,-1000,0,3,0,0.0020207767374813557,-0.011267432942986488,0.03323404863476753,0.0011284705251455307,3135,3135,0.019891738891601562,12.312,28.75,92,6,10,1.21,831,0.004267524927854538,0.0002627362555358559,0.006623201072216034,1500,1500,1000,1500,1800,1000,1000,1800
1783904330.5163,15.2000,0.02000,50.01,761,74819,0.800,GUIDED,GUIDED,128,0.0,7.600021243095398,10.0,0.0,0.5,0.0,nan,nan,nan,nan,nan,nan,nan,nan,nan,nan,0.02438175235508545,0.10927159382833201,-0.00019589808597453382,0,0,-0.040181342512369156,7.5197014808654785,10.003535270690918,0.009121897630393505,0.4832846522331238,-0.0019279876723885536,-13,0,-1000,0,3,0,0.0020207767374813557,-0.011267432942986488,0.03323404863476753,0.0011284705251455307,3135,3135,0.01993560791015625,12.312,28.75,92,6,10,1.21,831,0.004267524927854538,0.0002627362555358559,0.006623201072216034,1500,1500,1000,1500,1800,1000,1000,1800
1783904330.5362,15.2200,0.01998,50.06,762,74839,0.820,GUIDED,GUIDED,128,0.0,7.610020637512207,10.0,0.0,0.5,0.0,nan,nan,nan,nan,nan,nan,nan,nan,nan,nan,0.024584531957097647,0.10883024365414516,-0.0002513869530367313,0,0,-0.040279485285282135,7.529924392700195,10.003520011901855,0.009061485528945923,0.48341041803359985,-0.0018871414940804243,-13,0,-1000,0,3,0,0.0020207767374813557,-0.011267432942986488,0.03323404863476753,0.0011284705251455307,3135,3135,0.0199277400970459,12.312,28.75,92,6,10,1.21,831,0.004267524927854538,0.0002627362555358559,0.006623201072216034,1500,1500,1000,1500,1800,1000,1000,1800
1783904330.5566,15.2400,0.02034,49.16,763,74859,0.840,GUIDED,GUIDED,128,0.0,7.620020747184753,10.0,0.0,0.5,0.0,nan,nan,nan,nan,nan,nan,nan,nan,nan,nan,0.024717273717620798,0.10844673875350623,-0.0002696658912402115,0,0,-0.04035317152738571,7.540099620819092,10.003501892089844,0.00902738980948925,0.483530730009079,-0.0018661266658455133,-13,0,-1001,1,3,0,0.0020369780249893665,-0.01122522633522749,0.03313840180635452,0.0011867128778249025,3135,3135,0.020290136337280273,12.312,28.75,92,6,10,1.21,831,0.004292198456823826,0.0003338002716191113,0.0065719857811927795,1500,1500,1000,1500,1800,1000,1000,1800
1783904330.5762,15.2600,0.01966,50.86,764,74879,0.860,GUIDED,GUIDED,128,0.0,7.630020618438721,10.0,0.0,0.5,0.0,nan,nan,nan,nan,nan,nan,nan,nan,nan,nan,0.024573891543049734,0.1086323130526611,-0.00024504364332171395,0,0,-0.040290992707014084,7.550003528594971,10.003473281860352,0.009074272587895393,0.48347899317741394,-0.0018638242036104202,-13,0,-1001,1,3,0,0.0020369780249893665,-0.01122522633522749,0.03313840180635452,0.0011867128778249025,3135,3135,0.01961064338684082,12.312,28.75,92,6,10,1.21,831,0.004292198456823826,0.0003338002716191113,0.0065719857811927795,1500,1500,1000,1500,1800,1000,1000,1800
1783904330.5963,15.2800,0.02002,49.95,765,74899,0.880,GUIDED,GUIDED,128,0.0,7.640020251274109,10.0,0.0,0.5,0.0,nan,nan,nan,nan,nan,nan,nan,nan,nan,nan,0.02470445170930164,0.10835501005276132,-0.00013140061877901007,0,0,-0.04034144803881645,7.560117244720459,10.003449440002441,0.009028024040162563,0.48357322812080383,-0.001915670931339264,-13,0,-1001,1,3,0,0.0020369780249893665,-0.01122522633522749,0.03313840180635452,0.0011867128778249025,3135,3135,0.019957780838012695,12.312,28.75,92,6,10,1.21,831,0.004292198456823826,0.0003338002716191113,0.0065719857811927795,1500,1500,1000,1500,1800,1000,1000,1800
1783904330.6163,15.3000,0.02000,50.01,766,74919,0.900,GUIDED,GUIDED,128,0.0,7.650020003318787,10.0,0.0,0.5,0.0,nan,nan,nan,nan,nan,nan,nan,nan,nan,nan,0.024540840298703147,0.10862106810756295,-7.859648646666275e-05,0,0,-0.04026820883154869,7.5699920654296875,10.003416061401367,0.009080200456082821,0.4834917485713959,-0.001926886267028749,-13,0,-1001,1,3,0,0.0020369780249893665,-0.01122522633522749,0.03313840180635452,0.0011867128778249025,3135,3135,0.01993703842163086,12.312,28.75,92,6,10,1.21,831,0.004292198456823826,0.0003338002716191113,0.0065719857811927795,1500,1500,1000,1500,1800,1000,1000,1800
1783904330.6363,15.3200,0.01999,50.02,767,74939,0.920,GUIDED,GUIDED,128,0.0,7.660020589828491,10.0,0.0,0.5,0.0,nan,nan,nan,nan,nan,nan,nan,nan,nan,nan,0.024583519668194546,0.10857403488283192,-6.384270708013505e-05,0,0,-0.04028802737593651,7.580046653747559,10.003385543823242,0.00906700175255537,0.48348772525787354,-0.001917785033583641,-13,0,-1001,1,3,0,0.0020369780249893665,-0.01122522633522749,0.03313840180635452,0.0011867128778249025,3135,3135,0.01994037628173828,12.312,28.75,92,6,10,1.21,831,0.004292198456823826,0.0003338002716191113,0.0065719857811927795,1500,1500,1000,1500,1800,1000,1000,1800
1783904330.6563,15.3400,0.02003,49.93,768,74959,0.940,GUIDED,GUIDED,128,0.0,7.670022010803223,10.0,0.0,0.5,0.0,nan,nan,nan,nan,nan,nan,nan,nan,nan,nan,0.024611025647400187,0.10857166120080548,-7.118191814087411e-05,0,0,-0.04028860107064247,7.590063095092773,10.003355026245117,0.00905145239084959,0.48348042368888855,-0.0018959284061565995,-13,0,-1001,1,3,0,0.0020369780249893665,-0.01122522633522749,0.03313840180635452,0.0011867128778249025,3135,3135,0.019963979721069336,12.312,28.75,92,6,10,1.21,831,0.004292198456823826,0.0003338002716191113,0.0065719857811927795,1500,1500,1000,1500,1800,1000,1000,1800
1783904330.6763,15.3600,0.02000,50.01,769,74979,0.960,GUIDED,GUIDED,128,0.0,7.680021286010742,10.0,0.0,0.5,0.0,nan,nan,nan,nan,nan,nan,nan,nan,nan,nan,0.02433532123691732,0.10891717582968945,-5.412249468406431e-05,0,0,-0.04019096493721008,7.59989070892334,10.003320693969727,0.009154260158538818,0.4833800494670868,-0.0018859559204429388,-13,0,-1001,1,3,0,0.0020369780249893665,-0.01122522633522749,0.03313840180635452,0.0011867128778249025,3135,3135,0.019933700561523438,12.312,28.75,92,6,10,1.21,831,0.004292198456823826,0.0003338002716191113,0.0065719857811927795,1500,1500,1000,1500,1800,1000,1000,1800
1783904330.6963,15.3800,0.02000,50.00,770,74999,0.980,GUIDED,GUIDED,128,0.0,7.690021634101868,10.0,0.0,0.5,0.0,nan,nan,nan,nan,nan,nan,nan,nan,nan,nan,0.024291164944136235,0.10902351080115788,-1.1265337681208836e-05,0,0,-0.04017507657408714,7.609859466552734,10.003284454345703,0.00917058065533638,0.4833368957042694,-0.001889776554889977,-13,0,-1001,1,3,0,0.0020369780249893665,-0.01122522633522749,0.03313840180635452,0.0011867128778249025,3135,3135,0.019936800003051758,12.312,28.75,92,6,10,1.21,831,0.004292198456823826,0.0003338002716191113,0.0065719857811927795,1500,1500,1000,1500,1800,1000,1000,1800
1783904330.7163,15.4000,0.02001,49.97,771,75019,0.000,GUIDED,GUIDED,128,0.0,7.700020670890808,10.0,0.0,0.5,0.0,nan,nan,nan,nan,nan,nan,nan,nan,nan,nan,0.02419504117038223,0.10908795671026612,-2.4179423512340256e-05,0,0,-0.040141694247722626,7.619824409484863,10.003251075744629,0.009206804446876049,0.48331937193870544,-0.001863049459643662,-13,0,-1001,1,3,0,0.0020369780249893665,-0.01122522633522749,0.03313840180635452,0.0011867128778249025,3135,3135,0.019927024841308594,12.312,28.75,92,6,10,1.21,831,0.004292198456823826,0.0003338002716191113,0.0065719857811927795,1500,1500,1000,1500,1800,1000,1000,1800
1783904330.7363,15.4200,0.01997,50.09,772,75039,0.020,GUIDED,GUIDED,128,0.0,7.710020542144775,10.0,0.0,0.5,0.0,nan,nan,nan,nan,nan,nan,nan,nan,nan,nan,0.024420031243218,0.10862173379051743,1.47995285124684e-05,0,0,-0.04023996740579605,7.630053520202637,10.00322151184082,0.00913364440202713,0.48345619440078735,-0.001868485240265727,-13,0,-1001,1,3,0,0.0020369780249893665,-0.01122522633522749,0.03313840180635452,0.0011867128778249025,3135,3135,0.01991415023803711,12.312,28.75,92,6,10,1.21,831,0.004292198456823826,0.0003338002716191113,0.0065719857811927795,1500,1500,1000,1500,1800,1000,1000,1800
1783904330.7564,15.4400,0.02016,49.61,773,75059,0.040,GUIDED,GUIDED,128,0.0,7.720020532608032,10.0,0.0,0.5,0.0,nan,nan,nan,nan,nan,nan,nan,nan,nan,nan,0.024539718637228473,0.10826632593726815,-3.8547859290789886e-05,0,0,-0.04031340405344963,7.640233516693115,10.003190994262695,0.009106941521167755,0.48355746269226074,-0.0018200657796114683,-13,0,-1001,1,3,0,0.0020369780249893665,-0.01122522633522749,0.03313840180635452,0.0011867128778249025,3135,3135,0.019946813583374023,12.312,28.75,92,6,10,1.21,831,0.004292198456823826,0.0003338002716191113,0.0065719857811927795,1500,1500,1000,1500,1800,1000,1000,1800
1783904330.7763,15.4600,0.01986,50.35,774,75079,0.060,GUIDED,GUIDED,128,0.0,7.730020046234131,10.0,0.0,0.5,0.0,nan,nan,nan,nan,nan,nan,nan,nan,nan,nan,0.024358356707118334,0.10847171598543964,-8.860429755046511e-06,0,0,-0.04025007411837578,7.650139808654785,10.003157615661621,0.009175087325274944,0.4834927022457123,-0.0018179346807301044,-13,0,-1001,1,3,0,0.0020369780249893665,-0.01122522633522749,0.03313840180635452,0.0011867128778249025,3135,3135,0.019798755645751953,12.312,28.75,92,6,10,1.21,831,0.004292198456823826,0.0003338002716191113,0.0065719857811927795,1500,1500,1000,1500,1800,1000,1000,1800
1783904330.7966,15.4800,0.02035,49.14,775,75099,0.080,GUIDED,GUIDED,128,0.0,7.740021109580994,10.0,0.0,0.5,0.0,nan,nan,nan,nan,nan,nan,nan,nan,nan,nan,0.024492297968390652,0.10823532499039272,7.2150039111067675e-06,0,0,-0.04029974713921547,7.660257816314697,10.00312328338623,0.009126435033977032,0.4835616648197174,-0.0018073940882459283,-13,0,-1001,1,0,0,0.0020325230434536934,-0.01125161349773407,0.03303561359643936,0.001187421497888863,3135,3135,0.019934654235839844,12.312,28.78,92,6,10,1.21,831,0.004416157957166433,0.0003049560764338821,0.006553494371473789,1500,1500,1000,1500,1800,1000,1000,1800
1783904330.8163,15.5000,0.01963,50.94,776,75099,0.100,GUIDED,GUIDED,128,0.0,7.750018835067749,10.0,0.0,0.5,0.0,nan,nan,nan,nan,nan,nan,nan,nan,nan,nan,0.024492297968390652,0.11823305047714809,7.2150039111067675e-06,0,0,-0.04029974713921547,7.660257816314697,10.00312328338623,0.009126435033977032,0.4835616648197174,-0.0018073940882459283,-13,0,-1001,1,0,0,0.0020325230434536934,-0.01125161349773407,0.03303561359643936,0.001187421497888863,3135,3135,0.01956772804260254,12.312,28.78,92,6,10,1.21,831,0.004416157957166433,0.0003049560764338821,0.006553494371473789,1500,1500,1000,1500,1800,1000,1000,1800
1783904330.8362,15.5200,0.01999,50.03,777,75099,0.120,GUIDED,GUIDED,128,0.0,7.7600215673446655,10.0,0.0,0.5,0.0,nan,nan,nan,nan,nan,nan,nan,nan,nan,nan,0.024492297968390652,0.12823578275406458,7.2150039111067675e-06,0,0,-0.04029974713921547,7.660257816314697,10.00312328338623,0.009126435033977032,0.4835616648197174,-0.0018073940882459283,-13,0,-1001,1,0,0,0.0020325230434536934,-0.01125161349773407,0.03303561359643936,0.001187421497888863,3135,3135,0.019934415817260742,12.312,28.78,92,6,10,1.21,831,0.004416157957166433,0.0003049560764338821,0.006553494371473789,1500,1500,1000,1500,1800,1000,1000,1800
1783904330.8562,15.5400,0.02001,49.98,778,75099,0.140,GUIDED,GUIDED,128,0.0,7.7700183391571045,10.0,0.0,0.5,0.0,nan,nan,nan,nan,nan,nan,nan,nan,nan,nan,0.024492297968390652,0.13823255456650355,7.2150039111067675e-06,0,0,-0.04029974713921547,7.660257816314697,10.00312328338623,0.009126435033977032,0.4835616648197174,-0.0018073940882459283,-13,0,-1001,1,0,0,0.0020325230434536934,-0.01125161349773407,0.03303561359643936,0.001187421497888863,3135,3135,0.019947290420532227,12.312,28.78,92,6,10,1.21,831,0.004416157957166433,0.0003049560764338821,0.006553494371473789,1500,1500,1000,1500,1800,1000,1000,1800
1783904330.8762,15.5600,0.02000,50.01,779,75099,0.160,GUIDED,GUIDED,128,0.0,7.780022740364075,10.0,0.0,0.5,0.0,nan,nan,nan,nan,nan,nan,nan,nan,nan,nan,0.024492297968390652,0.14823695577347376,7.2150039111067675e-06,0,0,-0.04029974713921547,7.660257816314697,10.00312328338623,0.009126435033977032,0.4835616648197174,-0.0018073940882459283,-13,0,-1001,1,0,0,0.0020325230434536934,-0.01125161349773407,0.03303561359643936,0.001187421497888863,3135,3135,0.0199434757232666,12.312,28.78,92,6,10,1.21,831,0.004416157957166433,0.0003049560764338821,0.006553494371473789,1500,1500,1000,1500,1800,1000,1000,1800
1783904330.8962,15.5800,0.01999,50.02,780,75099,0.180,GUIDED,GUIDED,128,0.0,7.790021896362305,10.0,0.0,0.5,0.0,nan,nan,nan,nan,nan,nan,nan,nan,nan,nan,0.024492297968390652,0.15823611177170374,7.2150039111067675e-06,0,0,-0.04029974713921547,7.660257816314697,10.00312328338623,0.009126435033977032,0.4835616648197174,-0.0018073940882459283,-13,0,-1001,1,0,0,0.0020325230434536934,-0.01125161349773407,0.03303561359643936,0.001187421497888863,3135,3135,0.01993727684020996,12.312,28.78,92,6,10,1.21,831,0.004416157957166433,0.0003049560764338821,0.006553494371473789,1500,1500,1000,1500,1800,1000,1000,1800
1783904330.9162,15.6000,0.02000,50.01,781,75099,0.200,GUIDED,GUIDED,128,0.0,7.800020933151245,10.0,0.0,0.5,0.0,nan,nan,nan,nan,nan,nan,nan,nan,nan,nan,0.024492297968390652,0.16823514856064417,7.2150039111067675e-06,0,0,-0.04029974713921547,7.660257816314697,10.00312328338623,0.009126435033977032,0.4835616648197174,-0.0018073940882459283,-13,0,-1001,1,0,0,0.0020325230434536934,-0.01125161349773407,0.03303561359643936,0.001187421497888863,3135,3135,0.019944429397583008,12.312,28.78,92,6,10,1.21,831,0.004416157957166433,0.0003049560764338821,0.006553494371473789,1500,1500,1000,1500,1800,1000,1000,1800
1783904330.9362,15.6200,0.02000,50.01,782,75099,0.220,GUIDED,GUIDED,128,0.0,7.8100199699401855,10.0,0.0,0.5,0.0,nan,nan,nan,nan,nan,nan,nan,nan,nan,nan,0.024492297968390652,0.1782341853495846,7.2150039111067675e-06,0,0,-0.04029974713921547,7.660257816314697,10.00312328338623,0.009126435033977032,0.4835616648197174,-0.0018073940882459283,-13,0,-1001,1,0,0,0.0020325230434536934,-0.01125161349773407,0.03303561359643936,0.001187421497888863,3135,3135,0.019945383071899414,12.312,28.78,92,6,10,1.21,831,0.004416157957166433,0.0003049560764338821,0.006553494371473789,1500,1500,1000,1500,1800,1000,1000,1800
1783904330.9562,15.6400,0.02000,49.99,783,75099,0.240,GUIDED,GUIDED,128,0.0,7.820019364356995,10.0,0.0,0.5,0.0,nan,nan,nan,nan,nan,nan,nan,nan,nan,nan,0.024492297968390652,0.18823357976639368,7.2150039111067675e-06,0,0,-0.04029974713921547,7.660257816314697,10.00312328338623,0.009126435033977032,0.4835616648197174,-0.0018073940882459283,-13,0,-1001,1,0,0,0.0020325230434536934,-0.01125161349773407,0.03303561359643936,0.001187421497888863,3135,3135,0.01995062828063965,12.312,28.78,92,6,10,1.21,831,0.004416157957166433,0.0003049560764338821,0.006553494371473789,1500,1500,1000,1500,1800,1000,1000,1800
1783904330.9762,15.6600,0.02000,50.00,784,75099,0.260,GUIDED,GUIDED,128,0.0,7.8300206661224365,10.0,0.0,0.5,0.0,nan,nan,nan,nan,nan,nan,nan,nan,nan,nan,0.024492297968390652,0.19823488153183558,7.2150039111067675e-06,0,0,-0.04029974713921547,7.660257816314697,10.00312328338623,0.009126435033977032,0.4835616648197174,-0.0018073940882459283,-13,0,-1001,1,0,0,0.0020325230434536934,-0.01125161349773407,0.03303561359643936,0.001187421497888863,3135,3135,0.019948482513427734,12.312,28.78,92,6,10,1.21,831,0.004416157957166433,0.0003049560764338821,0.006553494371473789,1500,1500,1000,1500,1800,1000,1000,1800
1783904330.9962,15.6800,0.02000,50.01,785,75099,0.280,GUIDED,GUIDED,128,0.0,7.840020179748535,10.0,0.0,0.5,0.0,nan,nan,nan,nan,nan,nan,nan,nan,nan,nan,0.024492297968390652,0.2082343951579342,7.2150039111067675e-06,0,0,-0.04029974713921547,7.660257816314697,10.00312328338623,0.009126435033977032,0.4835616648197174,-0.0018073940882459283,-13,0,-1001,1,0,0,0.0020325230434536934,-0.01125161349773407,0.03303561359643936,0.001187421497888863,3135,3135,0.01994776725769043,12.312,28.78,92,6,10,1.21,831,0.004416157957166433,0.0003049560764338821,0.006553494371473789,1500,1500,1000,1500,1800,1000,1000,1800
1783904331.0162,15.7000,0.02000,50.00,786,75099,0.300,GUIDED,GUIDED,128,0.0,7.8500202894210815,10.0,0.0,0.5,0.0,nan,nan,nan,nan,nan,nan,nan,nan,nan,nan,0.024492297968390652,0.21823450483048057,7.2150039111067675e-06,0,0,-0.04029974713921547,7.660257816314697,10.00312328338623,0.009126435033977032,0.4835616648197174,-0.0018073940882459283,-13,0,-1001,1,0,0,0.0020325230434536934,-0.01125161349773407,0.03303561359643936,0.001187421497888863,3135,3135,0.01995086669921875,12.312,28.78,92,6,10,1.21,831,0.004416157957166433,0.0003049560764338821,0.006553494371473789,1500,1500,1000,1500,1800,1000,1000,1800
1783904331.0362,15.7200,0.02000,49.99,787,75099,0.320,GUIDED,GUIDED,128,0.0,7.860020160675049,10.0,0.0,0.5,0.0,nan,nan,nan,nan,nan,nan,nan,nan,nan,nan,0.024492297968390652,0.22823437608444785,7.2150039111067675e-06,0,0,-0.04029974713921547,7.660257816314697,10.00312328338623,0.009126435033977032,0.4835616648197174,-0.0018073940882459283,-13,0,-1001,1,0,0,0.0020325230434536934,-0.01125161349773407,0.03303561359643936,0.001187421497888863,3135,3135,0.019953250885009766,12.312,28.78,92,6,10,1.21,831,0.004416157957166433,0.0003049560764338821,0.006553494371473789,1500,1500,1000,1500,1800,1000,1000,1800
1783904331.0566,15.7400,0.02033,49.18,788,75357,0.340,GUIDED,GUIDED,128,0.0,7.870020389556885,10.0,0.0,0.5,0.0,nan,nan,nan,nan,nan,nan,nan,nan,nan,nan,0.02445022451862393,0.10448241474229802,-5.847762615804027e-05,0,0,-0.0402241051197052,7.790096759796143,10.002660751342773,0.009107054211199284,0.4858209788799286,-0.0015024234307929873,-13,0,-1001,0,-30,0,0.001892854692414403,-0.014643600210547447,0.032958514988422394,0.0014507861342281103,3135,3135,0.02028203010559082,12.312,28.78,92,6,10,1.21,831,0.004427559208124876,0.0002853397745639086,0.006573313381522894,1500,1500,1000,1500,1800,1000,1000,1800
1783904331.0763,15.7601,0.01971,50.74,789,75357,0.360,GUIDED,GUIDED,128,0.0,7.880027413368225,10.0,0.0,0.5,0.0,nan,nan,nan,nan,nan,nan,nan,nan,nan,nan,0.02445022451862393,0.11448943855363836,-5.847762615804027e-05,0,0,-0.0402241051197052,7.790096759796143,10.002660751342773,0.009107054211199284,0.4858209788799286,-0.0015024234307929873,-13,0,-1001,0,-30,0,0.001892854692414403,-0.014643600210547447,0.032958514988422394,0.0014507861342281103,3135,3135,0.01964259147644043,12.312,28.78,92,6,10,1.21,831,0.004427559208124876,0.0002853397745639086,0.006573313381522894,1500,1500,1000,1500,1800,1000,1000,1800
1783904331.0962,15.7801,0.01998,50.06,790,75357,0.380,GUIDED,GUIDED,128,0.0,7.890025615692139,10.0,0.0,0.5,0.0,nan,nan,nan,nan,nan,nan,nan,nan,nan,nan,0.02445022451862393,0.12448764087755192,-5.847762615804027e-05,0,0,-0.0402241051197052,7.790096759796143,10.002660751342773,0.009107054211199284,0.4858209788799286,-0.0015024234307929873,-13,0,-1001,0,-30,0,0.001892854692414403,-0.014643600210547447,0.032958514988422394,0.0014507861342281103,3135,3135,0.01992344856262207,12.312,28.78,92,6,10,1.21,831,0.004427559208124876,0.0002853397745639086,0.006573313381522894,1500,1500,1000,1500,1800,1000,1000,1800
1783904331.1163,15.8001,0.02002,49.95,791,75357,0.400,GUIDED,GUIDED,128,0.0,7.900026321411133,10.0,0.0,0.5,0.0,nan,nan,nan,nan,nan,nan,nan,nan,nan,nan,0.02445022451862393,0.13448834659654607,-5.847762615804027e-05,0,0,-0.0402241051197052,7.790096759796143,10.002660751342773,0.009107054211199284,0.4858209788799286,-0.0015024234307929873,-13,0,-1001,0,-30,0,0.001892854692414403,-0.014643600210547447,0.032958514988422394,0.0014507861342281103,3135,3135,0.01995539665222168,12.312,28.78,92,6,10,1.21,831,0.004427559208124876,0.0002853397745639086,0.006573313381522894,1500,1500,1000,1500,1800,1000,1000,1800
1783904331.1363,15.8201,0.02000,50.00,792,75357,0.420,GUIDED,GUIDED,128,0.0,7.910026907920837,10.0,0.0,0.5,0.0,nan,nan,nan,nan,nan,nan,nan,nan,nan,nan,0.02445022451862393,0.14448893310625066,-5.847762615804027e-05,0,0,-0.0402241051197052,7.790096759796143,10.002660751342773,0.009107054211199284,0.4858209788799286,-0.0015024234307929873,-13,0,-1001,0,-30,0,0.001892854692414403,-0.014643600210547447,0.032958514988422394,0.0014507861342281103,3135,3135,0.01993536949157715,12.312,28.78,92,6,10,1.21,831,0.004427559208124876,0.0002853397745639086,0.006573313381522894,1500,1500,1000,1500,1800,1000,1000,1800
1783904331.1563,15.8401,0.02000,50.00,793,75357,0.440,GUIDED,GUIDED,128,0.0,7.920026898384094,10.0,0.0,0.5,0.0,nan,nan,nan,nan,nan,nan,nan,nan,nan,nan,0.02445022451862393,0.1544889235695075,-5.847762615804027e-05,0,0,-0.0402241051197052,7.790096759796143,10.002660751342773,0.009107054211199284,0.4858209788799286,-0.0015024234307929873,-13,0,-1001,0,-30,0,0.001892854692414403,-0.014643600210547447,0.032958514988422394,0.0014507861342281103,3135,3135,0.019934892654418945,12.312,28.78,92,6,10,1.21,831,0.004427559208124876,0.0002853397745639086,0.006573313381522894,1500,1500,1000,1500,1800,1000,1000,1800
1783904331.1763,15.8601,0.02000,50.00,794,75357,0.460,GUIDED,GUIDED,128,0.0,7.93002712726593,10.0,0.0,0.5,0.0,nan,nan,nan,nan,nan,nan,nan,nan,nan,nan,0.02445022451862393,0.16448915245134343,-5.847762615804027e-05,0,0,-0.0402241051197052,7.790096759796143,10.002660751342773,0.009107054211199284,0.4858209788799286,-0.0015024234307929873,-13,0,-1001,0,-30,0,0.001892854692414403,-0.014643600210547447,0.032958514988422394,0.0014507861342281103,3135,3135,0.019933700561523438,12.312,28.78,92,6,10,1.21,831,0.004427559208124876,0.0002853397745639086,0.006573313381522894,1500,1500,1000,1500,1800,1000,1000,1800
1783904331.1963,15.8801,0.02000,50.00,795,75357,0.480,GUIDED,GUIDED,128,0.0,7.940027236938477,10.0,0.0,0.5,0.0,nan,nan,nan,nan,nan,nan,nan,nan,nan,nan,0.02445022451862393,0.17448926212388982,-5.847762615804027e-05,0,0,-0.0402241051197052,7.790096759796143,10.002660751342773,0.009107054211199284,0.4858209788799286,-0.0015024234307929873,-13,0,-1001,0,-30,0,0.001892854692414403,-0.014643600210547447,0.032958514988422394,0.0014507861342281103,3135,3135,0.019935131072998047,12.312,28.78,92,6,10,1.21,831,0.004427559208124876,0.0002853397745639086,0.006573313381522894,1500,1500,1000,1500,1800,1000,1000,1800
1783904331.2163,15.9001,0.02000,50.01,796,75357,0.500,GUIDED,GUIDED,128,0.0,7.950025677680969,10.0,0.0,0.5,0.0,nan,nan,nan,nan,nan,nan,nan,nan,nan,nan,0.02445022451862393,0.1844877028663825,-5.847762615804027e-05,0,0,-0.0402241051197052,7.790096759796143,10.002660751342773,0.009107054211199284,0.4858209788799286,-0.0015024234307929873,-13,0,-1001,0,-30,0,0.001892854692414403,-0.014643600210547447,0.032958514988422394,0.0014507861342281103,3135,3135,0.019924163818359375,12.312,28.78,92,6,10,1.21,831,0.004427559208124876,0.0002853397745639086,0.006573313381522894,1500,1500,1000,1500,1800,1000,1000,1800
1783904331.2362,15.9201,0.01998,50.05,797,75357,0.520,GUIDED,GUIDED,128,0.0,7.960025668144226,10.0,0.0,0.5,0.0,nan,nan,nan,nan,nan,nan,nan,nan,nan,nan,0.02445022451862393,0.19448769332963933,-5.847762615804027e-05,0,0,-0.0402241051197052,7.790096759796143,10.002660751342773,0.009107054211199284,0.4858209788799286,-0.0015024234307929873,-13,0,-1001,0,-30,0,0.001892854692414403,-0.014643600210547447,0.032958514988422394,0.0014507861342281103,3135,3135,0.019927263259887695,12.312,28.78,92,6,10,1.21,831,0.004427559208124876,0.0002853397745639086,0.006573313381522894,1500,1500,1000,1500,1800,1000,1000,1800
1783904331.2562,15.9401,0.02000,50.00,798,75357,0.540,GUIDED,GUIDED,128,0.0,7.970025420188904,10.0,0.0,0.5,0.0,nan,nan,nan,nan,nan,nan,nan,nan,nan,nan,0.02445022451862393,0.20448744537431707,-5.847762615804027e-05,0,0,-0.0402241051197052,7.790096759796143,10.002660751342773,0.009107054211199284,0.4858209788799286,-0.0015024234307929873,-13,0,-1001,0,-30,0,0.001892854692414403,-0.014643600210547447,0.032958514988422394,0.0014507861342281103,3135,3135,0.019945383071899414,12.312,28.78,92,6,10,1.21,831,0.004427559208124876,0.0002853397745639086,0.006573313381522894,1500,1500,1000,1500,1800,1000,1000,1800
1783904331.2762,15.9601,0.02000,50.00,799,75357,0.560,GUIDED,GUIDED,128,0.0,7.98002552986145,10.0,0.0,0.5,0.0,nan,nan,nan,nan,nan,nan,nan,nan,nan,nan,0.02445022451862393,0.21448755504686343,-5.847762615804027e-05,0,0,-0.0402241051197052,7.790096759796143,10.002660751342773,0.009107054211199284,0.4858209788799286,-0.0015024234307929873,-13,0,-1001,0,-30,0,0.001892854692414403,-0.014643600210547447,0.032958514988422394,0.0014507861342281103,3135,3135,0.01994633674621582,12.312,28.78,92,6,10,1.21,831,0.004427559208124876,0.0002853397745639086,0.006573313381522894,1500,1500,1000,1500,1800,1000,1000,1800
1783904331.2968,15.9801,0.02051,48.77,800,75607,0.581,GUIDED,GUIDED,128,0.0,7.990026473999023,10.0,0.0,0.5,0.0,nan,nan,nan,nan,nan,nan,nan,nan,nan,nan,0.024288269062594726,0.0739621422030002,-0.000493237700712757,0,0,-0.040169041603803635,7.917810916900635,10.002260208129883,0.009168768301606178,0.49899160861968994,-0.0010201608529314399,-13,0,-1001,2,-8,0,0.0018667066469788551,-0.01724100112915039,0.03289308771491051,0.0013326655607670546,3135,3135,0.01995563507080078,12.312,28.78,92,6,10,1.21,831,0.004137260839343071,0.0002578555140644312,0.0058761416003108025,1500,1500,1000,1500,1800,1000,1000,1800
1783904331.3163,16.0001,0.01951,51.24,801,75607,0.600,GUIDED,GUIDED,128,0.0,8.000025868415833,10.0,0.0,0.5,0.0,nan,nan,nan,nan,nan,nan,nan,nan,nan,nan,0.024288269062594726,0.08396153661980928,-0.000493237700712757,0,0,-0.040169041603803635,7.917810916900635,10.002260208129883,0.009168768301606178,0.49899160861968994,-0.0010201608529314399,-13,0,-1001,2,-8,0,0.0018667066469788551,-0.01724100112915039,0.03289308771491051,0.0013326655607670546,3135,3135,0.019449234008789062,12.312,28.78,92,6,10,1.21,831,0.004137260839343071,0.0002578555140644312,0.0058761416003108025,1500,1500,1000,1500,1800,1000,1000,1800
1783904331.3363,16.0200,0.02000,50.01,802,75607,0.620,GUIDED,GUIDED,128,0.0,8.010024070739746,10.0,0.0,0.5,0.0,nan,nan,nan,nan,nan,nan,nan,nan,nan,nan,0.024288269062594726,0.09395973894372285,-0.000493237700712757,0,0,-0.040169041603803635,7.917810916900635,10.002260208129883,0.009168768301606178,0.49899160861968994,-0.0010201608529314399,-13,0,-1001,2,-8,0,0.0018667066469788551,-0.01724100112915039,0.03289308771491051,0.0013326655607670546,3135,3135,0.019930601119995117,12.312,28.78,92,6,10,1.21,831,0.004137260839343071,0.0002578555140644312,0.0058761416003108025,1500,1500,1000,1500,1800,1000,1000,1800
1783904331.3563,16.0400,0.02000,50.01,803,75607,0.640,GUIDED,GUIDED,128,0.0,8.02002227306366,10.0,0.0,0.5,0.0,nan,nan,nan,nan,nan,nan,nan,nan,nan,nan,0.024288269062594726,0.10395794126763641,-0.000493237700712757,0,0,-0.040169041603803635,7.917810916900635,10.002260208129883,0.009168768301606178,0.49899160861968994,-0.0010201608529314399,-13,0,-1001,2,-8,0,0.0018667066469788551,-0.01724100112915039,0.03289308771491051,0.0013326655607670546,3135,3135,0.019931316375732422,12.312,28.78,92,6,10,1.21,831,0.004137260839343071,0.0002578555140644312,0.0058761416003108025,1500,1500,1000,1500,1800,1000,1000,1800
1783904331.3763,16.0601,0.02001,49.97,804,75607,0.660,GUIDED,GUIDED,128,0.0,8.030027389526367,10.0,0.0,0.5,0.0,nan,nan,nan,nan,nan,nan,nan,nan,nan,nan,0.024288269062594726,0.11396305773034393,-0.000493237700712757,0,0,-0.040169041603803635,7.917810916900635,10.002260208129883,0.009168768301606178,0.49899160861968994,-0.0010201608529314399,-13,0,-1001,2,-8,0,0.0018667066469788551,-0.01724100112915039,0.03289308771491051,0.0013326655607670546,3135,3135,0.019945144653320312,12.312,28.78,92,6,10,1.21,831,0.004137260839343071,0.0002578555140644312,0.0058761416003108025,1500,1500,1000,1500,1800,1000,1000,1800
1783904331.3962,16.0801,0.01998,50.06,805,75607,0.680,GUIDED,GUIDED,128,0.0,8.040025472640991,10.0,0.0,0.5,0.0,nan,nan,nan,nan,nan,nan,nan,nan,nan,nan,0.024288269062594726,0.12396114084496795,-0.000493237700712757,0,0,-0.040169041603803635,7.917810916900635,10.002260208129883,0.009168768301606178,0.49899160861968994,-0.0010201608529314399,-13,0,-1001,2,-8,0,0.0018667066469788551,-0.01724100112915039,0.03289308771491051,0.0013326655607670546,3135,3135,0.019923925399780273,12.312,28.78,92,6,10,1.21,831,0.004137260839343071,0.0002578555140644312,0.0058761416003108025,1500,1500,1000,1500,1800,1000,1000,1800
1783904331.4163,16.1001,0.02000,49.99,806,75607,0.700,GUIDED,GUIDED,128,0.0,8.050027012825012,10.0,0.0,0.5,0.0,nan,nan,nan,nan,nan,nan,nan,nan,nan,nan,0.024288269062594726,0.13396268102898895,-0.000493237700712757,0,0,-0.040169041603803635,7.917810916900635,10.002260208129883,0.009168768301606178,0.49899160861968994,-0.0010201608529314399,-13,0,-1001,2,-8,0,0.0018667066469788551,-0.01724100112915039,0.03289308771491051,0.0013326655607670546,3135,3135,0.01994943618774414,12.312,28.78,92,6,10,1.21,831,0.004137260839343071,0.0002578555140644312,0.0058761416003108025,1500,1500,1000,1500,1800,1000,1000,1800
1783904331.4363,16.1200,0.02001,49.98,807,75607,0.720,GUIDED,GUIDED,128,0.0,8.060020923614502,10.0,0.0,0.5,0.0,nan,nan,nan,nan,nan,nan,nan,nan,nan,nan,0.024288269062594726,0.1439565918184787,-0.000493237700712757,0,0,-0.040169041603803635,7.917810916900635,10.002260208129883,0.009168768301606178,0.49899160861968994,-0.0010201608529314399,-13,0,-1001,2,-8,0,0.0018667066469788551,-0.01724100112915039,0.03289308771491051,0.0013326655607670546,3135,3135,0.01994156837463379,12.312,28.78,92,6,10,1.21,831,0.004137260839343071,0.0002578555140644312,0.0058761416003108025,1500,1500,1000,1500,1800,1000,1000,1800
1783904331.4562,16.1400,0.01998,50.05,808,75607,0.740,GUIDED,GUIDED,128,0.0,8.070021390914917,10.0,0.0,0.5,0.0,nan,nan,nan,nan,nan,nan,nan,nan,nan,nan,0.024288269062594726,0.15395705911889374,-0.000493237700712757,0,0,-0.040169041603803635,7.917810916900635,10.002260208129883,0.009168768301606178,0.49899160861968994,-0.0010201608529314399,-13,0,-1001,2,-8,0,0.0018667066469788551,-0.01724100112915039,0.03289308771491051,0.0013326655607670546,3135,3135,0.019928693771362305,12.312,28.78,92,6,10,1.21,831,0.004137260839343071,0.0002578555140644312,0.0058761416003108025,1500,1500,1000,1500,1800,1000,1000,1800
1783904331.4763,16.1601,0.02006,49.85,809,75607,0.760,GUIDED,GUIDED,128,0.0,8.080025792121887,10.0,0.0,0.5,0.0,nan,nan,nan,nan,nan,nan,nan,nan,nan,nan,0.024288269062594726,0.16396146032586395,-0.000493237700712757,0,0,-0.040169041603803635,7.917810916900635,10.002260208129883,0.009168768301606178,0.49899160861968994,-0.0010201608529314399,-13,0,-1001,2,-8,0,0.0018667066469788551,-0.01724100112915039,0.03289308771491051,0.0013326655607670546,3135,3135,0.019959688186645508,12.312,28.78,92,6,10,1.21,831,0.004137260839343071,0.0002578555140644312,0.0058761416003108025,1500,1500,1000,1500,1800,1000,1000,1800
1783904331.4963,16.1800,0.01998,50.05,810,75607,0.780,GUIDED,GUIDED,128,0.0,8.09002149105072,10.0,0.0,0.5,0.0,nan,nan,nan,nan,nan,nan,nan,nan,nan,nan,0.024288269062594726,0.17395715925469696,-0.000493237700712757,0,0,-0.040169041603803635,7.917810916900635,10.002260208129883,0.009168768301606178,0.49899160861968994,-0.0010201608529314399,-13,0,-1001,2,-8,0,0.0018667066469788551,-0.01724100112915039,0.03289308771491051,0.0013326655607670546,3135,3135,0.019916772842407227,12.312,28.78,92,6,10,1.21,831,0.004137260839343071,0.0002578555140644312,0.0058761416003108025,1500,1500,1000,1500,1800,1000,1000,1800
1783904331.5163,16.2001,0.02001,49.97,811,75819,0.800,GUIDED,GUIDED,128,0.0,8.100026965141296,10.0,0.0,0.5,0.0,nan,nan,nan,nan,nan,nan,nan,nan,nan,nan,0.023990532692436718,0.05515097448795646,-0.0005278967135025753,0,0,-0.04012990742921829,8.028684616088867,10.001964569091797,0.009318072348833084,0.5093480944633484,-0.0008294631843455136,-13,0,-1001,2,-8,0,0.0018667066469788551,-0.01724100112915039,0.03289308771491051,0.0013326655607670546,3135,3135,0.01994609832763672,12.312,28.78,92,6,10,1.21,831,0.004137260839343071,0.0002578555140644312,0.0058761416003108025,1500,1500,1000,1500,1800,1000,1000,1800
1783904331.5363,16.2201,0.01997,50.07,812,75839,0.820,GUIDED,GUIDED,128,0.0,8.110025405883789,10.0,0.0,0.5,0.0,nan,nan,nan,nan,nan,nan,nan,nan,nan,nan,0.02385245772514907,0.05372797239896189,-0.0004959013508444915,0,0,-0.04008146747946739,8.039119720458984,10.001940727233887,0.009369823150336742,0.5099175572395325,-0.0008341706125065684,-13,0,-1001,2,-8,0,0.0018667066469788551,-0.01724100112915039,0.03289308771491051,0.0013326655607670546,3135,3135,0.019921064376831055,12.312,28.78,92,6,10,1.21,831,0.004137260839343071,0.0002578555140644312,0.0058761416003108025,1500,1500,1000,1500,1800,1000,1000,1800
1783904331.5567,16.2401,0.02042,48.98,813,75859,0.840,GUIDED,GUIDED,128,0.0,8.120025634765625,10.0,0.0,0.5,0.0,nan,nan,nan,nan,nan,nan,nan,nan,nan,nan,0.024014702516653844,0.051863111356589414,-0.0004693112940497295,0,0,-0.04015359655022621,8.04978084564209,10.001911163330078,0.009317794814705849,0.5106126666069031,-0.0008324536611326039,-14,0,-1000,1,3,-46,0.002080535516142845,-0.015130436979234219,0.02736254595220089,-0.045758746564388275,3135,3135,0.02035379409790039,12.312,28.75,92,6,10,1.21,831,0.003566443221643567,0.00024317638599313796,0.005930956453084946,1500,1500,1000,1500,1800,1000,1000,1800
1783904331.5763,16.2601,0.01958,51.06,814,75879,0.860,GUIDED,GUIDED,128,0.0,8.130025863647461,10.0,0.0,0.5,0.0,nan,nan,nan,nan,nan,nan,nan,nan,nan,nan,0.023834930351858175,0.05062358652994643,-0.0005240982160167017,0,0,-0.0400877445936203,8.060208320617676,10.001888275146484,0.009383566677570343,0.5110816359519958,-0.0007876079180277884,-14,0,-1000,1,3,-46,0.002080535516142845,-0.015130436979234219,0.02736254595220089,-0.045758746564388275,3135,3135,0.0195310115814209,12.312,28.75,92,6,10,1.21,831,0.003566443221643567,0.00024317638599313796,0.005930956453084946,1500,1500,1000,1500,1800,1000,1000,1800
1783904331.5963,16.2801,0.02002,49.94,815,75899,0.880,GUIDED,GUIDED,128,0.0,8.140025615692139,10.0,0.0,0.5,0.0,nan,nan,nan,nan,nan,nan,nan,nan,nan,nan,0.023939628823881582,0.04905170899133273,-0.0005217463374629864,0,0,-0.040136173367500305,8.07083511352539,10.00185775756836,0.009351079352200031,0.5116271376609802,-0.000771346443798393,-14,0,-1000,1,3,-46,0.002080535516142845,-0.015130436979234219,0.02736254595220089,-0.045758746564388275,3135,3135,0.0199587345123291,12.312,28.75,92,6,10,1.21,831,0.003566443221643567,0.00024317638599313796,0.005930956453084946,1500,1500,1000,1500,1800,1000,1000,1800
1783904331.6163,16.3001,0.02000,50.00,816,75919,0.900,GUIDED,GUIDED,128,0.0,8.150025606155396,10.0,0.0,0.5,0.0,nan,nan,nan,nan,nan,nan,nan,nan,nan,nan,0.024003695290098,0.04769786167685931,-0.0005067866555097755,0,0,-0.04016340151429176,8.08143138885498,10.001826286315918,0.009329810738563538,0.512064516544342,-0.0007618134841322899,-14,0,-1000,1,3,-46,0.002080535516142845,-0.015130436979234219,0.02736254595220089,-0.045758746564388275,3135,3135,0.019936084747314453,12.312,28.75,92,6,10,1.21,831,0.003566443221643567,0.00024317638599313796,0.005930956453084946,1500,1500,1000,1500,1800,1000,1000,1800
1783904331.6363,16.3200,0.01997,50.08,817,75939,0.920,GUIDED,GUIDED,128,0.0,8.16002082824707,10.0,0.0,0.5,0.0,nan,nan,nan,nan,nan,nan,nan,nan,nan,nan,0.02377932958813733,0.046998609024466134,-0.0003784913575812627,0,0,-0.04007549583911896,8.091839790344238,10.001802444458008,0.009408595971763134,0.5122296810150146,-0.0008221197058446705,-14,0,-1000,1,3,-46,0.002080535516142845,-0.015130436979234219,0.02736254595220089,-0.045758746564388275,3135,3135,0.019914865493774414,12.312,28.75,92,6,10,1.21,831,0.003566443221643567,0.00024317638599313796,0.005930956453084946,1500,1500,1000,1500,1800,1000,1000,1800
1783904331.6563,16.3400,0.02000,50.01,818,75959,0.940,GUIDED,GUIDED,128,0.0,8.17001986503601,10.0,0.0,0.5,0.0,nan,nan,nan,nan,nan,nan,nan,nan,nan,nan,0.02376027390763266,0.04627846063156903,-0.00044104361769753777,0,0,-0.04007260501384735,8.102394104003906,10.0017728805542,0.009417928755283356,0.512324869632721,-0.0007689364138059318,-14,0,-1000,1,3,-46,0.002080535516142845,-0.015130436979234219,0.02736254595220089,-0.045758746564388275,3135,3135,0.019942760467529297,12.312,28.75,92,6,10,1.21,831,0.003566443221643567,0.00024317638599313796,0.005930956453084946,1500,1500,1000,1500,1800,1000,1000,1800
1783904331.6762,16.3600,0.01998,50.06,819,75979,0.960,GUIDED,GUIDED,128,0.0,8.180019974708557,10.0,0.0,0.5,0.0,nan,nan,nan,nan,nan,nan,nan,nan,nan,nan,0.023513276632147837,0.04615009576865701,-0.0004751001129488742,0,0,-0.03996952995657921,8.112780570983887,10.001749992370605,0.009501022286713123,0.5121759176254272,-0.0007360593881458044,-14,0,-1000,1,3,-46,0.002080535516142845,-0.015130436979234219,0.02736254595220089,-0.045758746564388275,3135,3135,0.019931554794311523,12.312,28.75,92,6,10,1.21,831,0.003566443221643567,0.00024317638599313796,0.005930956453084946,1500,1500,1000,1500,1800,1000,1000,1800
1783904331.6962,16.3800,0.02000,50.00,820,75999,0.980,GUIDED,GUIDED,128,0.0,8.190019965171814,10.0,0.0,0.5,0.0,nan,nan,nan,nan,nan,nan,nan,nan,nan,nan,0.023479265654065683,0.04593866868946719,-0.0005718757597851639,0,0,-0.03995068371295929,8.123289108276367,10.001720428466797,0.009509777650237083,0.5120043754577637,-0.0006631172145716846,-14,0,-1000,1,3,-46,0.002080535516142845,-0.015130436979234219,0.02736254595220089,-0.045758746564388275,3135,3135,0.01995396614074707,12.312,28.75,92,6,10,1.21,831,0.003566443221643567,0.00024317638599313796,0.005930956453084946,1500,1500,1000,1500,1800,1000,1000,1800
1783904331.7163,16.4000,0.02003,49.93,821,76019,0.000,GUIDED,GUIDED,128,0.0,8.200019717216492,10.0,0.0,0.5,0.0,nan,nan,nan,nan,nan,nan,nan,nan,nan,nan,0.023759554248159297,0.04559110726246131,-0.0005306922836161815,0,0,-0.04006224870681763,8.133983612060547,10.001699447631836,0.009412365034222603,0.511803925037384,-0.0006747812149114907,-14,0,-1000,1,3,-46,0.002080535516142845,-0.015130436979234219,0.02736254595220089,-0.045758746564388275,3135,3135,0.019953012466430664,12.312,28.75,92,6,10,1.21,831,0.003566443221643567,0.00024317638599313796,0.005930956453084946,1500,1500,1000,1500,1800,1000,1000,1800
1783904331.7362,16.4200,0.01997,50.08,822,76039,0.020,GUIDED,GUIDED,128,0.0,8.210020065307617,10.0,0.0,0.5,0.0,nan,nan,nan,nan,nan,nan,nan,nan,nan,nan,0.023631780703977992,0.04600781631927052,-0.00044373794972848426,0,0,-0.04001405090093613,8.144424438476562,10.001681327819824,0.009458308108150959,0.511309027671814,-0.000714522844646126,-14,0,-1000,1,3,-46,0.002080535516142845,-0.015130436979234219,0.02736254595220089,-0.045758746564388275,3135,3135,0.019923686981201172,12.312,28.75,92,6,10,1.21,831,0.003566443221643567,0.00024317638599313796,0.005930956453084946,1500,1500,1000,1500,1800,1000,1000,1800
1783904331.7562,16.4400,0.02000,49.99,823,76059,0.040,GUIDED,GUIDED,128,0.0,8.220020294189453,10.0,0.0,0.5,0.0,nan,nan,nan,nan,nan,nan,nan,nan,nan,nan,0.023788695659072302,0.04624291774287223,-0.0005714430829534892,0,0,-0.0400884784758091,8.155041694641113,10.001659393310547,0.009410683996975422,0.5108170509338379,-0.0006281283567659557,-14,0,-1000,1,3,-46,0.002080535516142845,-0.015130436979234219,0.02736254595220089,-0.045758746564388275,3135,3135,0.019956588745117188,12.312,28.75,92,6,10,1.21,831,0.003566443221643567,0.00024317638599313796,0.005930956453084946,1500,1500,1000,1500,1800,1000,1000,1800
1783904331.7762,16.4600,0.02000,50.01,824,76079,0.060,GUIDED,GUIDED,128,0.0,8.23001778125763,10.0,0.0,0.5,0.0,nan,nan,nan,nan,nan,nan,nan,nan,nan,nan,0.023645259748623963,0.04711324340540202,-0.0004440141343671545,0,0,-0.04002276808023453,8.16543197631836,10.001642227172852,0.009455558843910694,0.510087788105011,-0.0006917886203154922,-14,0,-1000,1,3,-46,0.002080535516142845,-0.015130436979234219,0.02736254595220089,-0.045758746564388275,3135,3135,0.01995062828063965,12.312,28.75,92,6,10,1.21,831,0.003566443221643567,0.00024317638599313796,0.005930956453084946,1500,1500,1000,1500,1800,1000,1000,1800
1783904331.7966,16.4800,0.02035,49.13,825,76099,0.080,GUIDED,GUIDED,128,0.0,8.240016341209412,10.0,0.0,0.5,0.0,nan,nan,nan,nan,nan,nan,nan,nan,nan,nan,0.02380987901232287,0.04782926150869882,-0.00040941876016078755,0,0,-0.04007409140467644,8.175971031188965,10.001618385314941,0.009390147402882576,0.5093623399734497,-0.0006979971658438444,-14,0,-1001,0,26,-16,0.0021729038562625647,-0.0077593266032636166,0.018704760819673538,-0.015819014981389046,3135,3135,0.01994776725769043,12.312,28.75,92,6,10,1.21,831,0.0025348346680402756,0.00022764582536183298,0.0060038515366613865,1500,1500,1000,1500,1800,1000,1000,1800
1783904331.8162,16.5000,0.01964,50.91,826,76119,0.100,GUIDED,GUIDED,128,0.0,8.250016450881958,10.0,0.0,0.5,0.0,nan,nan,nan,nan,nan,nan,nan,nan,nan,nan,0.023888819937315967,0.04880560566840846,-0.0005149969660157518,0,0,-0.04010411351919174,8.1864595413208,10.001594543457031,0.009361904114484787,0.5085166692733765,-0.0006232764571905136,-14,0,-1001,0,26,-16,0.0021729038562625647,-0.0077593266032636166,0.018704760819673538,-0.015819014981389046,3135,3135,0.019596099853515625,12.312,28.75,92,6,10,1.21,831,0.0025348346680402756,0.00022764582536183298,0.0060038515366613865,1500,1500,1000,1500,1800,1000,1000,1800
1783904331.8362,16.5200,0.02001,49.98,827,76139,0.120,GUIDED,GUIDED,128,0.0,8.260019898414612,10.0,0.0,0.5,0.0,nan,nan,nan,nan,nan,nan,nan,nan,nan,nan,0.023680026482167056,0.05027242475246851,-0.0003689944425359841,0,0,-0.04001740738749504,8.196761131286621,10.001575469970703,0.00943239126354456,0.5074976682662964,-0.0006965589709579945,-14,0,-1001,0,26,-16,0.0021729038562625647,-0.0077593266032636166,0.018704760819673538,-0.015819014981389046,3135,3135,0.019962310791015625,12.312,28.75,92,6,10,1.21,831,0.0025348346680402756,0.00022764582536183298,0.0060038515366613865,1500,1500,1000,1500,1800,1000,1000,1800
1783904331.8562,16.5400,0.02000,50.00,828,76159,0.140,GUIDED,GUIDED,128,0.0,8.270017981529236,10.0,0.0,0.5,0.0,nan,nan,nan,nan,nan,nan,nan,nan,nan,nan,0.02370352996270928,0.051592684431273204,-0.0003478929047694276,0,0,-0.04001760482788086,8.207165718078613,10.001550674438477,0.009418935514986515,0.5065007209777832,-0.000694426242262125,-14,0,-1001,0,26,-16,0.0021729038562625647,-0.0077593266032636166,0.018704760819673538,-0.015819014981389046,3135,3135,0.019951820373535156,12.312,28.75,92,6,10,1.21,831,0.0025348346680402756,0.00022764582536183298,0.0060038515366613865,1500,1500,1000,1500,1800,1000,1000,1800
1783904331.8763,16.5600,0.02002,49.96,829,76179,0.160,GUIDED,GUIDED,128,0.0,8.280019164085388,10.0,0.0,0.5,0.0,nan,nan,nan,nan,nan,nan,nan,nan,nan,nan,0.02349319140635698,0.05337138429206921,-0.00034075997324111893,0,0,-0.03991613909602165,8.217403411865234,10.001531600952148,0.009481793269515038,0.5053372383117676,-0.0006875323597341776,-14,0,-1001,0,26,-16,0.0021729038562625647,-0.0077593266032636166,0.018704760819673538,-0.015819014981389046,3135,3135,0.019962072372436523,12.312,28.75,92,6,10,1.21,831,0.0025348346680402756,0.00022764582536183298,0.0060038515366613865,1500,1500,1000,1500,1800,1000,1000,1800
1783904331.8963,16.5800,0.02001,49.97,830,76199,0.180,GUIDED,GUIDED,128,0.0,8.290024280548096,10.0,0.0,0.5,0.0,nan,nan,nan,nan,nan,nan,nan,nan,nan,nan,0.023492613502333344,0.055046817048408386,-0.0004107304208889979,0,0,-0.03990082070231438,8.227726936340332,10.001506805419922,0.009473282843828201,0.5041860938072205,-0.0006328191957436502,-14,0,-1001,0,26,-16,0.0021729038562625647,-0.0077593266032636166,0.018704760819673538,-0.015819014981389046,3135,3135,0.01995992660522461,12.312,28.75,92,6,10,1.21,831,0.0025348346680402756,0.00022764582536183298,0.0060038515366613865,1500,1500,1000,1500,1800,1000,1000,1800
1783904331.9163,16.6000,0.02002,49.96,831,76219,0.200,GUIDED,GUIDED,128,0.0,8.300020456314087,10.0,0.0,0.5,0.0,nan,nan,nan,nan,nan,nan,nan,nan,nan,nan,0.02376291311404774,0.056375186684093845,-0.0003199635997234334,0,0,-0.040016498416662216,8.238191604614258,10.001487731933594,0.00938401184976101,0.5031486749649048,-0.0006742113619111478,-14,0,-1001,0,26,-16,0.0021729038562625647,-0.0077593266032636166,0.018704760819673538,-0.015819014981389046,3135,3135,0.01995110511779785,12.312,28.75,92,6,10,1.21,831,0.0025348346680402756,0.00022764582536183298,0.0060038515366613865,1500,1500,1000,1500,1800,1000,1000,1800
1783904331.9363,16.6200,0.02001,49.98,832,76239,0.220,GUIDED,GUIDED,128,0.0,8.310023784637451,10.0,0.0,0.5,0.0,nan,nan,nan,nan,nan,nan,nan,nan,nan,nan,0.023630203828466496,0.05823714282723474,-0.00039991799102851496,0,0,-0.039970602840185165,8.248422622680664,10.001471519470215,0.009434133768081665,0.5019422173500061,-0.0006186894024722278,-14,0,-1001,0,26,-16,0.0021729038562625647,-0.0077593266032636166,0.018704760819673538,-0.015819014981389046,3135,3135,0.019942760467529297,12.312,28.75,92,6,10,1.21,831,0.0025348346680402756,0.00022764582536183298,0.0060038515366613865,1500,1500,1000,1500,1800,1000,1000,1800
1783904331.9563,16.6400,0.02001,49.96,833,76259,0.240,GUIDED,GUIDED,128,0.0,8.320023536682129,10.0,0.0,0.5,0.0,nan,nan,nan,nan,nan,nan,nan,nan,nan,nan,0.023795378249868042,0.05983706544706102,-0.00048545276317420454,0,0,-0.0400482602417469,8.258788108825684,10.00145435333252,0.009383605793118477,0.5008073449134827,-0.000559395004529506,-14,0,-1001,0,26,-16,0.0021729038562625647,-0.0077593266032636166,0.018704760819673538,-0.015819014981389046,3135,3135,0.019937753677368164,12.312,28.75,92,6,10,1.21,831,0.0025348346680402756,0.00022764582536183298,0.0060038515366613865,1500,1500,1000,1500,1800,1000,1000,1800
1783904331.9763,16.6601,0.01999,50.02,834,76279,0.260,GUIDED,GUIDED,128,0.0,8.330025911331177,10.0,0.0,0.5,0.0,nan,nan,nan,nan,nan,nan,nan,nan,nan,nan,0.023628166448827786,0.06192684990943314,-0.0005994005154818558,0,0,-0.03998430445790291,8.268946647644043,10.00144100189209,0.009443220682442188,0.49951064586639404,-0.0004858987813349813,-14,0,-1001,0,26,-16,0.0021729038562625647,-0.0077593266032636166,0.018704760819673538,-0.015819014981389046,3135,3135,0.01992630958557129,12.312,28.75,92,6,10,1.21,831,0.0025348346680402756,0.00022764582536183298,0.0060038515366613865,1500,1500,1000,1500,1800,1000,1000,1800
1783904331.9963,16.6800,0.02000,50.01,835,76299,0.280,GUIDED,GUIDED,128,0.0,8.340023636817932,10.0,0.0,0.5,0.0,nan,nan,nan,nan,nan,nan,nan,nan,nan,nan,0.023738449343436004,0.06372534285198309,-0.0005919008676562315,0,0,-0.040037933737039566,8.279219627380371,10.001423835754395,0.009410511702299118,0.49831336736679077,-0.00048031783080659807,-14,0,-1001,0,26,-16,0.0021729038562625647,-0.0077593266032636166,0.018704760819673538,-0.015819014981389046,3135,3135,0.01993107795715332,12.312,28.75,92,6,10,1.21,831,0.0025348346680402756,0.00022764582536183298,0.0060038515366613865,1500,1500,1000,1500,1800,1000,1000,1800
1783904332.0163,16.7001,0.02001,49.98,836,76319,0.300,GUIDED,GUIDED,128,0.0,8.350026607513428,10.0,0.0,0.5,0.0,nan,nan,nan,nan,nan,nan,nan,nan,nan,nan,0.023818429307067603,0.0656304654727137,-0.0005249705438482541,0,0,-0.040069907903671265,8.289438247680664,10.001404762268066,0.009382795542478561,0.4970889389514923,-0.0005079479888081551,-14,0,-1001,0,26,-16,0.0021729038562625647,-0.0077593266032636166,0.018704760819673538,-0.015819014981389046,3135,3135,0.01994180679321289,12.312,28.75,92,6,10,1.21,831,0.0025348346680402756,0.00022764582536183298,0.0060038515366613865,1500,1500,1000,1500,1800,1000,1000,1800
1783904332.0363,16.7200,0.01997,50.09,837,76339,0.320,GUIDED,GUIDED,128,0.0,8.360020756721497,10.0,0.0,0.5,0.0,nan,nan,nan,nan,nan,nan,nan,nan,nan,nan,0.023584854987801294,0.06788449044040767,-0.0004728927925370044,0,0,-0.03998376429080963,8.29948616027832,10.001389503479004,0.009467914700508118,0.4957565367221832,-0.0005292054265737534,-14,0,-1001,0,26,-16,0.0021729038562625647,-0.0077593266032636166,0.018704760819673538,-0.015819014981389046,3135,3135,0.019913434982299805,12.312,28.75,92,6,10,1.21,831,0.0025348346680402756,0.00022764582536183298,0.0060038515366613865,1500,1500,1000,1500,1800,1000,1000,1800
1783904332.0567,16.7400,0.02042,48.96,838,76359,0.340,GUIDED,GUIDED,128,0.0,8.370019793510437,10.0,0.0,0.5,0.0,nan,nan,nan,nan,nan,nan,nan,nan,nan,nan,0.023586685288435588,0.06997179814713426,-0.0004990901963387885,0,0,-0.039985012263059616,8.309613227844238,10.001370429992676,0.009467578493058681,0.4944775104522705,-0.0005030682659707963,-13,0,-1001,2,0,8,0.0024067354388535023,-0.005398263689130545,0.018211884424090385,0.008702736347913742,3135,3135,0.020359277725219727,12.312,28.75,92,6,10,1.21,831,0.0016198474913835526,0.00021965110499877483,0.006589026656001806,1500,1500,1000,1500,1800,1000,1000,1800
1783904332.0763,16.7600,0.01959,51.03,839,76379,0.360,GUIDED,GUIDED,128,0.0,8.38002061843872,10.0,0.0,0.5,0.0,nan,nan,nan,nan,nan,nan,nan,nan,nan,nan,0.02331158305548634,0.07229197262009694,-0.0004901919845100016,0,0,-0.03988317772746086,8.31959056854248,10.00135612487793,0.009567614644765854,0.4931515157222748,-0.0004999465891160071,-13,0,-1001,2,0,8,0.0024067354388535023,-0.005398263689130545,0.018211884424090385,0.008702736347913742,3135,3135,0.019528627395629883,12.312,28.75,92,6,10,1.21,831,0.0016198474913835526,0.00021965110499877483,0.006589026656001806,1500,1500,1000,1500,1800,1000,1000,1800
1783904332.0963,16.7800,0.02000,50.01,840,76399,0.380,GUIDED,GUIDED,128,0.0,8.390019655227661,10.0,0.0,0.5,0.0,nan,nan,nan,nan,nan,nan,nan,nan,nan,nan,0.023263948639285464,0.07439793254819832,-0.0004731113490316312,0,0,-0.0398675762116909,8.329634666442871,10.001336097717285,0.009586108848452568,0.49190962314605713,-0.0004982454120181501,-13,0,-1001,2,0,8,0.0024067354388535023,-0.005398263689130545,0.018211884424090385,0.008702736347913742,3135,3135,0.019933462142944336,12.312,28.75,92,6,10,1.21,831,0.0016198474913835526,0.00021965110499877483,0.006589026656001806,1500,1500,1000,1500,1800,1000,1000,1800
1783904332.1163,16.8000,0.02000,49.99,841,76419,0.400,GUIDED,GUIDED,128,0.0,8.400019645690918,10.0,0.0,0.5,0.0,nan,nan,nan,nan,nan,nan,nan,nan,nan,nan,0.023504623990003155,0.07590253057471245,-0.0004911218496211254,0,0,-0.03998296707868576,8.339930534362793,10.001320838928223,0.009513775818049908,0.4908701181411743,-0.0004790373786818236,-13,0,-1001,2,0,8,0.0024067354388535023,-0.005398263689130545,0.018211884424090385,0.008702736347913742,3135,3135,0.019937515258789062,12.312,28.75,92,6,10,1.21,831,0.0016198474913835526,0.00021965110499877483,0.006589026656001806,1500,1500,1000,1500,1800,1000,1000,1800
1783904332.1363,16.8200,0.01999,50.02,842,76439,0.420,GUIDED,GUIDED,128,0.0,8.410024762153625,10.0,0.0,0.5,0.0,nan,nan,nan,nan,nan,nan,nan,nan,nan,nan,0.02335273018533354,0.07798960742058444,-0.000436157571681333,0,0,-0.03993530198931694,8.34995174407959,10.001307487487793,0.009573952294886112,0.48965585231781006,-0.0005030625616200268,-13,0,-1001,2,0,8,0.0024067354388535023,-0.005398263689130545,0.018211884424090385,0.008702736347913742,3135,3135,0.019938230514526367,12.312,28.75,92,6,10,1.21,831,0.0016198474913835526,0.00021965110499877483,0.006589026656001806,1500,1500,1000,1500,1800,1000,1000,1800
1783904332.1563,16.8401,0.02003,49.94,843,76459,0.440,GUIDED,GUIDED,128,0.0,8.420026421546936,10.0,0.0,0.5,0.0,nan,nan,nan,nan,nan,nan,nan,nan,nan,nan,0.02347142451122014,0.079597627225207,-0.000555868477543603,0,0,-0.040011897683143616,8.360140800476074,10.001291275024414,0.009549646638333797,0.48861926794052124,-0.0004245871677994728,-13,0,-1001,2,0,8,0.0024067354388535023,-0.005398263689130545,0.018211884424090385,0.008702736347913742,3135,3135,0.01996135711669922,12.312,28.75,92,6,10,1.21,831,0.0016198474913835526,0.00021965110499877483,0.006589026656001806,1500,1500,1000,1500,1800,1000,1000,1800
1783904332.1763,16.8601,0.02000,50.00,844,76479,0.460,GUIDED,GUIDED,128,0.0,8.430026531219482,10.0,0.0,0.5,0.0,nan,nan,nan,nan,nan,nan,nan,nan,nan,nan,0.023287546821915354,0.08160031302920806,-0.000672678160168108,0,0,-0.03994528576731682,8.370089530944824,10.001280784606934,0.009617350064218044,0.4874926805496216,-0.00035109042073599994,-13,0,-1001,2,0,8,0.0024067354388535023,-0.005398263689130545,0.018211884424090385,0.008702736347913742,3135,3135,0.019936084747314453,12.312,28.75,92,6,10,1.21,831,0.0016198474913835526,0.00021965110499877483,0.006589026656001806,1500,1500,1000,1500,1800,1000,1000,1800
1783904332.1963,16.8801,0.02000,50.00,845,76499,0.480,GUIDED,GUIDED,128,0.0,8.440026879310608,10.0,0.0,0.5,0.0,nan,nan,nan,nan,nan,nan,nan,nan,nan,nan,0.023425905751466188,0.08319556699930705,-0.0007919373596312669,0,0,-0.03999698907136917,8.380186080932617,10.001266479492188,0.0095673194155097,0.4865161180496216,-0.00027397702797316015,-13,0,-1001,2,0,8,0.0024067354388535023,-0.005398263689130545,0.018211884424090385,0.008702736347913742,3135,3135,0.019936561584472656,12.312,28.75,92,6,10,1.21,831,0.0016198474913835526,0.00021965110499877483,0.006589026656001806,1500,1500,1000,1500,1800,1000,1000,1800
1783904332.2163,16.9000,0.02002,49.95,846,76519,0.500,GUIDED,GUIDED,128,0.0,8.450021028518677,10.0,0.0,0.5,0.0,nan,nan,nan,nan,nan,nan,nan,nan,nan,nan,0.02349512510546897,0.08487645701552643,-0.0005205904581427525,0,0,-0.040027111768722534,8.390228271484375,10.001250267028809,0.009544746950268745,0.4855179190635681,-0.00042127896449528635,-13,0,-1001,2,0,8,0.0024067354388535023,-0.005398263689130545,0.018211884424090385,0.008702736347913742,3135,3135,0.01992630958557129,12.312,28.75,92,6,10,1.21,831,0.0016198474913835526,0.00021965110499877483,0.006589026656001806,1500,1500,1000,1500,1800,1000,1000,1800
1783904332.2363,16.9201,0.01998,50.05,847,76539,0.520,GUIDED,GUIDED,128,0.0,8.460026979446411,10.0,0.0,0.5,0.0,nan,nan,nan,nan,nan,nan,nan,nan,nan,nan,0.023284734016506603,0.08688074342439589,-0.00017994558300920877,0,0,-0.03993849828839302,8.40007495880127,10.001235961914062,0.009615055285394192,0.4844526946544647,-0.0006096913130022585,-13,0,-1001,2,0,8,0.0024067354388535023,-0.005398263689130545,0.018211884424090385,0.008702736347913742,3135,3135,0.019917726516723633,12.312,28.75,92,6,10,1.21,831,0.0016198474913835526,0.00021965110499877483,0.006589026656001806,1500,1500,1000,1500,1800,1000,1000,1800
1783904332.2564,16.9400,0.02013,49.69,848,76559,0.540,GUIDED,GUIDED,128,0.0,8.470020055770874,10.0,0.0,0.5,0.0,nan,nan,nan,nan,nan,nan,nan,nan,nan,nan,0.02325184209881773,0.08854661145451725,-2.6659022634946275e-05,0,0,-0.03993785381317139,8.41003131866455,10.001214027404785,0.00963367335498333,0.48351210355758667,-0.0006855274550616741,-13,0,-1001,2,0,8,0.0024067354388535023,-0.005398263689130545,0.018211884424090385,0.008702736347913742,3135,3135,0.019909143447875977,12.312,28.75,92,6,10,1.21,831,0.0016198474913835526,0.00021965110499877483,0.006589026656001806,1500,1500,1000,1500,1800,1000,1000,1800
1783904332.2763,16.9600,0.01983,50.42,849,76579,0.560,GUIDED,GUIDED,128,0.0,8.480020999908447,10.0,0.0,0.5,0.0,nan,nan,nan,nan,nan,nan,nan,nan,nan,nan,0.023011293181669883,0.09049264146113387,-5.5505769225375635e-05,0,0,-0.03983335196971893,8.419816970825195,10.001195907592773,0.009712220169603825,0.48251286149024963,-0.0006584112998098135,-13,0,-1001,2,0,8,0.0024067354388535023,-0.005398263689130545,0.018211884424090385,0.008702736347913742,3135,3135,0.019781827926635742,12.312,28.75,92,6,10,1.21,831,0.0016198474913835526,0.00021965110499877483,0.006589026656001806,1500,1500,1000,1500,1800,1000,1000,1800
1783904332.2966,16.9800,0.02033,49.20,850,76599,0.580,GUIDED,GUIDED,128,0.0,8.49001955986023,10.0,0.0,0.5,0.0,nan,nan,nan,nan,nan,nan,nan,nan,nan,nan,0.022987521815817546,0.09211402921528355,-0.00011960023582094554,0,0,-0.03981573134660721,8.429698944091797,10.001172065734863,0.009715771302580833,0.48164406418800354,-0.0006076412391848862,-13,0,-1001,0,-8,7,0.0022756883408874273,-0.007192388642579317,0.020187875255942345,0.00808470044285059,3135,3135,0.019942045211791992,12.312,28.75,92,6,10,1.21,831,0.0030763032846152782,0.00020745214715134352,0.007286719512194395,1500,1500,1000,1500,1800,1000,1000,1800
1783904332.3163,17.0000,0.01967,50.83,851,76619,0.600,GUIDED,GUIDED,128,0.0,8.50001871585846,10.0,0.0,0.5,0.0,nan,nan,nan,nan,nan,nan,nan,nan,nan,nan,0.02318328772921033,0.09313304324280078,-0.00026995396291959375,0,0,-0.03992066532373428,8.439826011657715,10.001152992248535,0.00966332945972681,0.48098188638687134,-0.0005098223919048905,-13,0,-1001,0,-8,7,0.0022756883408874273,-0.007192388642579317,0.020187875255942345,0.00808470044285059,3135,3135,0.019622802734375,12.312,28.75,92,6,10,1.21,831,0.0030763032846152782,0.00020745214715134352,0.007286719512194395,1500,1500,1000,1500,1800,1000,1000,1800
1783904332.3363,17.0200,0.02003,49.92,852,76639,0.620,GUIDED,GUIDED,128,0.0,8.510023474693298,10.0,0.0,0.5,0.0,nan,nan,nan,nan,nan,nan,nan,nan,nan,nan,0.023054028231136656,0.09468635037323775,-0.00035388755655587907,0,0,-0.0398663729429245,8.44966983795166,10.001139640808105,0.00970661174505949,0.48017799854278564,-0.00045365485129877925,-13,0,-1001,0,-8,7,0.0022756883408874273,-0.007192388642579317,0.020187875255942345,0.00808470044285059,3135,3135,0.01996922492980957,12.312,28.75,92,6,10,1.21,831,0.0030763032846152782,0.00020745214715134352,0.007286719512194395,1500,1500,1000,1500,1800,1000,1000,1800
1783904332.3563,17.0400,0.02000,49.99,853,76659,0.640,GUIDED,GUIDED,128,0.0,8.520019054412842,10.0,0.0,0.5,0.0,nan,nan,nan,nan,nan,nan,nan,nan,nan,nan,0.023188176035845907,0.09569343073792351,-0.0004756038766419457,0,0,-0.03993357717990875,8.459704399108887,10.001124382019043,0.009667961858212948,0.479574054479599,-0.00037457223515957594,-13,0,-1001,0,-8,7,0.0022756883408874273,-0.007192388642579317,0.020187875255942345,0.00808470044285059,3135,3135,0.019939661026000977,12.312,28.75,92,6,10,1.21,831,0.0030763032846152782,0.00020745214715134352,0.007286719512194395,1500,1500,1000,1500,1800,1000,1000,1800
1783904332.3763,17.0600,0.02000,50.01,854,76679,0.660,GUIDED,GUIDED,128,0.0,8.530023574829102,10.0,0.0,0.5,0.0,nan,nan,nan,nan,nan,nan,nan,nan,nan,nan,0.02301650288222612,0.09717521278859212,-0.0005493412713250399,0,0,-0.03986137732863426,8.469490051269531,10.001113891601562,0.009725392796099186,0.47884491086006165,-0.00032594328513368964,-13,0,-1001,0,-8,7,0.0022756883408874273,-0.007192388642579317,0.020187875255942345,0.00808470044285059,3135,3135,0.019931554794311523,12.312,28.75,92,6,10,1.21,831,0.0030763032846152782,0.00020745214715134352,0.007286719512194395,1500,1500,1000,1500,1800,1000,1000,1800
1783904332.3963,17.0800,0.01997,50.07,855,76699,0.680,GUIDED,GUIDED,128,0.0,8.540022134780884,10.0,0.0,0.5,0.0,nan,nan,nan,nan,nan,nan,nan,nan,nan,nan,0.023113829564024965,0.09820687301651503,-0.0006375232495911167,0,0,-0.03990419581532478,8.479445457458496,10.0010986328125,0.009693922474980354,0.4782741963863373,-0.0002662217302713543,-13,0,-1001,0,-8,7,0.0022756883408874273,-0.007192388642579317,0.020187875255942345,0.00808470044285059,3135,3135,0.019921302795410156,12.312,28.75,92,6,10,1.21,831,0.0030763032846152782,0.00020745214715134352,0.007286719512194395,1500,1500,1000,1500,1800,1000,1000,1800
1783904332.4163,17.1000,0.02002,49.95,856,76719,0.700,GUIDED,GUIDED,128,0.0,8.550019264221191,10.0,0.0,0.5,0.0,nan,nan,nan,nan,nan,nan,nan,nan,nan,nan,0.02316847124613181,0.09926411170488181,-0.0007213773557627448,0,0,-0.039925456047058105,8.489352226257324,10.001082420349121,0.009674649685621262,0.47771596908569336,-0.00020844826940447092,-13,0,-1001,0,-8,7,0.0022756883408874273,-0.007192388642579317,0.020187875255942345,0.00808470044285059,3135,3135,0.01995563507080078,12.312,28.75,92,6,10,1.21,831,0.0030763032846152782,0.00020745214715134352,0.007286719512194395,1500,1500,1000,1500,1800,1000,1000,1800
1783904332.4363,17.1200,0.02001,49.98,857,76739,0.720,GUIDED,GUIDED,128,0.0,8.56002140045166,10.0,0.0,0.5,0.0,nan,nan,nan,nan,nan,nan,nan,nan,nan,nan,0.022918596273062527,0.10069885731869421,-0.0007501480919752556,0,0,-0.039831195026636124,8.499059677124023,10.001073837280273,0.009764493443071842,0.4770577549934387,-0.00018688203999772668,-13,0,-1001,0,-8,7,0.0022756883408874273,-0.007192388642579317,0.020187875255942345,0.00808470044285059,3135,3135,0.019940614700317383,12.312,28.75,92,6,10,1.21,831,0.0030763032846152782,0.00020745214715134352,0.007286719512194395,1500,1500,1000,1500,1800,1000,1000,1800
1783904332.4562,17.1400,0.01996,50.10,858,76759,0.740,GUIDED,GUIDED,128,0.0,8.5700181722641,10.0,0.0,0.5,0.0,nan,nan,nan,nan,nan,nan,nan,nan,nan,nan,0.022910240844259713,0.10180429343715405,-0.0007851927426517295,0,0,-0.039821866899728775,8.508894920349121,10.001060485839844,0.009763931855559349,0.4765127897262573,-0.00015894054376985878,-13,0,-1001,0,-8,7,0.0022756883408874273,-0.007192388642579317,0.020187875255942345,0.00808470044285059,3135,3135,0.01990985870361328,12.312,28.75,92,6,10,1.21,831,0.0030763032846152782,0.00020745214715134352,0.007286719512194395,1500,1500,1000,1500,1800,1000,1000,1800
1783904332.4763,17.1600,0.02004,49.91,859,76779,0.760,GUIDED,GUIDED,128,0.0,8.580023646354675,10.0,0.0,0.5,0.0,nan,nan,nan,nan,nan,nan,nan,nan,nan,nan,0.022640181811416648,0.10313791450159634,-0.0008396733684547565,0,0,-0.039712030440568924,8.518555641174316,10.001052856445312,0.009856436401605606,0.47594186663627625,-0.0001230813068104908,-13,0,-1001,0,-8,7,0.0022756883408874273,-0.007192388642579317,0.020187875255942345,0.00808470044285059,3135,3135,0.0199735164642334,12.312,28.75,92,6,10,1.21,831,0.0030763032846152782,0.00020745214715134352,0.007286719512194395,1500,1500,1000,1500,1800,1000,1000,1800
1783904332.4963,17.1800,0.02004,49.90,860,76799,0.780,GUIDED,GUIDED,128,0.0,8.590019583702087,10.0,0.0,0.5,0.0,nan,nan,nan,nan,nan,nan,nan,nan,nan,nan,0.022564229785004303,0.10417700827771478,-0.0008959994322407863,0,0,-0.039685968309640884,8.52833080291748,10.001039505004883,0.009885240346193314,0.4754694104194641,-8.285298099508509e-05,-13,0,-1001,0,-8,7,0.0022756883408874273,-0.007192388642579317,0.020187875255942345,0.00808470044285059,3135,3135,0.01994037628173828,12.312,28.75,92,6,10,1.21,831,0.0030763032846152782,0.00020745214715134352,0.007286719512194395,1500,1500,1000,1500,1800,1000,1000,1800
1783904332.5163,17.2000,0.01998,50.05,861,76819,0.800,GUIDED,GUIDED,128,0.0,8.600024104118347,10.0,0.0,0.5,0.0,nan,nan,nan,nan,nan,nan,nan,nan,nan,nan,0.02272077260105667,0.10462844375329247,-0.000914276324278149,0,0,-0.03977581113576889,8.53836441040039,10.001029014587402,0.009846731089055538,0.47519198060035706,-6.624416710110381e-05,-13,0,-1001,0,-8,7,0.0022756883408874273,-0.007192388642579317,0.020187875255942345,0.00808470044285059,3135,3135,0.019917726516723633,12.312,28.75,92,6,10,1.21,831,0.0030763032846152782,0.00020745214715134352,0.007286719512194395,1500,1500,1000,1500,1800,1000,1000,1800
1783904332.5363,17.2200,0.01997,50.08,862,76839,0.820,GUIDED,GUIDED,128,0.0,8.610021829605103,10.0,0.0,0.5,0.0,nan,nan,nan,nan,nan,nan,nan,nan,nan,nan,0.02256968241578805,0.10559056297536382,-0.00092294054124696,0,0,-0.03971244767308235,8.548107147216797,10.00102424621582,0.009897380135953426,0.474783718585968,-5.848885848536156e-05,-13,0,-1001,0,-8,7,0.0022756883408874273,-0.007192388642579317,0.020187875255942345,0.00808470044285059,3135,3135,0.019916296005249023,12.312,28.75,92,6,10,1.21,831,0.0030763032846152782,0.00020745214715134352,0.007286719512194395,1500,1500,1000,1500,1800,1000,1000,1800
1783904332.5567,17.2400,0.02045,48.91,863,76859,0.841,GUIDED,GUIDED,128,0.0,8.620024800300598,10.0,0.0,0.5,0.0,nan,nan,nan,nan,nan,nan,nan,nan,nan,nan,0.022699807499923983,0.1060036916475858,-0.0007341564099669047,0,0,-0.039765194058418274,8.558060646057129,10.00101375579834,0.009852705523371696,0.4745737612247467,-0.00016142678214237094,-12,0,-1000,1,-6,1,0.0022321902215480804,-0.009332625195384026,0.020875290036201477,0.0022876549046486616,3135,3135,0.020382404327392578,12.312,28.75,92,6,10,1.21,831,0.0032595868688076735,0.00019969342974945903,0.007138903718441725,1500,1500,1000,1500,1800,1000,1000,1800
1783904332.5763,17.2600,0.01956,51.11,864,76879,0.860,GUIDED,GUIDED,128,0.0,8.630023717880249,10.0,0.0,0.5,0.0,nan,nan,nan,nan,nan,nan,nan,nan,nan,nan,0.022479445069708958,0.10696397727525339,-0.0005439366896168719,0,0,-0.039684075862169266,8.567760467529297,10.001005172729492,0.00993309821933508,0.4741920232772827,-0.00026629475178197026,-12,0,-1000,1,-6,1,0.0022321902215480804,-0.009332625195384026,0.020875290036201477,0.0022876549046486616,3135,3135,0.019499540328979492,12.312,28.75,92,6,10,1.21,831,0.0032595868688076735,0.00019969342974945903,0.007138903718441725,1500,1500,1000,1500,1800,1000,1000,1800
1783904332.5963,17.2800,0.02000,50.00,865,76899,0.880,GUIDED,GUIDED,128,0.0,8.640024304389954,10.0,0.0,0.5,0.0,nan,nan,nan,nan,nan,nan,nan,nan,nan,nan,0.02255468821238191,0.1078045518024213,-0.0003859794692305092,0,0,-0.0397210530936718,8.577250480651855,10.00098991394043,0.00991100538522005,0.4740014970302582,-0.00034868172951973975,-12,0,-1000,1,-6,1,0.0022321902215480804,-0.009332625195384026,0.020875290036201477,0.0022876549046486616,3135,3135,0.019936323165893555,12.312,28.75,92,6,10,1.21,831,0.0032595868688076735,0.00019969342974945903,0.007138903718441725,1500,1500,1000,1500,1800,1000,1000,1800
1783904332.6163,17.3001,0.02000,49.99,866,76919,0.900,GUIDED,GUIDED,128,0.0,8.650026202201843,10.0,0.0,0.5,0.0,nan,nan,nan,nan,nan,nan,nan,nan,nan,nan,0.022567232421590387,0.10833381653136166,-0.00022711165158020743,0,0,-0.039728451520204544,8.5870943069458,10.000969886779785,0.009908034466207027,0.47378718852996826,-0.00042884142021648586,-12,0,-1000,1,-6,1,0.0022321902215480804,-0.009332625195384026,0.020875290036201477,0.0022876549046486616,3135,3135,0.019939422607421875,12.312,28.75,92,6,10,1.21,831,0.0032595868688076735,0.00019969342974945903,0.007138903718441725,1500,1500,1000,1500,1800,1000,1000,1800
1783904332.6363,17.3200,0.01999,50.01,867,76939,0.920,GUIDED,GUIDED,128,0.0,8.66002368927002,10.0,0.0,0.5,0.0,nan,nan,nan,nan,nan,nan,nan,nan,nan,nan,0.022284209461432693,0.10924324441098819,-2.7849846633015685e-05,0,0,-0.03962504863739014,8.596735000610352,10.000954627990723,0.010011738166213036,0.4734681248664856,-0.0005350756109692156,-12,0,-1000,1,-6,1,0.0022321902215480804,-0.009332625195384026,0.020875290036201477,0.0022876549046486616,3135,3135,0.019930124282836914,12.312,28.75,92,6,10,1.21,831,0.0032595868688076735,0.00019969342974945903,0.007138903718441725,1500,1500,1000,1500,1800,1000,1000,1800
1783904332.6563,17.3400,0.02000,50.00,868,76959,0.940,GUIDED,GUIDED,128,0.0,8.670023679733276,10.0,0.0,0.5,0.0,nan,nan,nan,nan,nan,nan,nan,nan,nan,nan,0.02223646227923746,0.10978822525369959,0.0001428651288151218,0,0,-0.03960227221250534,8.606517791748047,10.000932693481445,0.010026155039668083,0.47327888011932373,-0.0006209740531630814,-12,0,-1000,1,-6,1,0.0022321902215480804,-0.009332625195384026,0.020875290036201477,0.0022876549046486616,3135,3135,0.019936323165893555,12.312,28.75,92,6,10,1.21,831,0.0032595868688076735,0.00019969342974945903,0.007138903718441725,1500,1500,1000,1500,1800,1000,1000,1800
1783904332.6763,17.3600,0.02000,50.00,869,76979,0.960,GUIDED,GUIDED,128,0.0,8.680023550987244,10.0,0.0,0.5,0.0,nan,nan,nan,nan,nan,nan,nan,nan,nan,nan,0.021981644019594036,0.11062155725126792,0.0002968288649906564,0,0,-0.03948317840695381,8.616125106811523,10.000914573669434,0.010104515589773655,0.4730243980884552,-0.0006994035793468356,-12,0,-1000,1,-6,1,0.0022321902215480804,-0.009332625195384026,0.020875290036201477,0.0022876549046486616,3135,3135,0.019934654235839844,12.312,28.75,92,6,10,1.21,831,0.0032595868688076735,0.00019969342974945903,0.007138903718441725,1500,1500,1000,1500,1800,1000,1000,1800
1783904332.6963,17.3800,0.02000,50.00,870,76999,0.980,GUIDED,GUIDED,128,0.0,8.690023422241211,10.0,0.0,0.5,0.0,nan,nan,nan,nan,nan,nan,nan,nan,nan,nan,0.0218909868627909,0.11115202930908791,0.0004521267798656388,0,0,-0.03944436460733414,8.625859260559082,10.00088882446289,0.010134447365999222,0.4728715419769287,-0.000774198560975492,-12,0,-1000,1,-6,1,0.0022321902215480804,-0.009332625195384026,0.020875290036201477,0.0022876549046486616,3135,3135,0.01993584632873535,12.312,28.75,92,6,10,1.21,831,0.0032595868688076735,0.00019969342974945903,0.007138903718441725,1500,1500,1000,1500,1800,1000,1000,1800
1783904332.7163,17.4000,0.02004,49.89,871,77019,0.000,GUIDED,GUIDED,128,0.0,8.700023412704468,10.0,0.0,0.5,0.0,nan,nan,nan,nan,nan,nan,nan,nan,nan,nan,0.022075758950976385,0.11107689920162125,0.0005980522309388364,0,0,-0.03952807933092117,8.635865211486816,10.00086498260498,0.010076101869344711,0.4729114770889282,-0.0008446835563518107,-12,0,-1000,1,-6,1,0.0022321902215480804,-0.009332625195384026,0.020875290036201477,0.0022876549046486616,3135,3135,0.019935131072998047,12.312,28.75,92,6,10,1.21,831,0.0032595868688076735,0.00019969342974945903,0.007138903718441725,1500,1500,1000,1500,1800,1000,1000,1800
1783904332.7363,17.4200,0.01996,50.10,872,77039,0.020,GUIDED,GUIDED,128,0.0,8.710023880004883,10.0,0.0,0.5,0.0,nan,nan,nan,nan,nan,nan,nan,nan,nan,nan,0.02192699511913405,0.1115749519645893,0.0007995767736088918,0,0,-0.0394597090780735,8.645576477050781,10.000843048095703,0.010122517123818398,0.4727908968925476,-0.0009483699104748666,-12,0,-1000,1,-6,1,0.0022321902215480804,-0.009332625195384026,0.020875290036201477,0.0022876549046486616,3135,3135,0.01989459991455078,12.312,28.75,92,6,10,1.21,831,0.0032595868688076735,0.00019969342974945903,0.007138903718441725,1500,1500,1000,1500,1800,1000,1000,1800
1783904332.7563,17.4401,0.02000,49.99,873,77059,0.040,GUIDED,GUIDED,128,0.0,8.720025897026062,10.0,0.0,0.5,0.0,nan,nan,nan,nan,nan,nan,nan,nan,nan,nan,0.022031711989148217,0.11156160482564004,0.0008914803706040161,0,0,-0.03950667381286621,8.655510902404785,10.000816345214844,0.010089173913002014,0.4728376269340515,-0.0009860135614871979,-12,0,-1000,1,-6,1,0.0022321902215480804,-0.009332625195384026,0.020875290036201477,0.0022876549046486616,3135,3135,0.019938230514526367,12.312,28.75,92,6,10,1.21,831,0.0032595868688076735,0.00019969342974945903,0.007138903718441725,1500,1500,1000,1500,1800,1000,1000,1800
1783904332.7763,17.4600,0.02000,50.00,874,77079,0.060,GUIDED,GUIDED,128,0.0,8.730024814605713,10.0,0.0,0.5,0.0,nan,nan,nan,nan,nan,nan,nan,nan,nan,nan,0.021820752482492368,0.11208485213016037,0.0007172662246342711,0,0,-0.03942009061574936,8.66518783569336,10.00079345703125,0.010160982608795166,0.4727214276790619,-0.0008722164784558117,-12,0,-1000,1,-6,1,0.0022321902215480804,-0.009332625195384026,0.020875290036201477,0.0022876549046486616,3135,3135,0.01993393898010254,12.312,28.75,92,6,10,1.21,831,0.0032595868688076735,0.00019969342974945903,0.007138903718441725,1500,1500,1000,1500,1800,1000,1000,1800
1783904332.7966,17.4800,0.02032,49.22,875,77099,0.080,GUIDED,GUIDED,128,0.0,8.74002194404602,10.0,0.0,0.5,0.0,nan,nan,nan,nan,nan,nan,nan,nan,nan,nan,0.021878788113915807,0.11211722806042446,0.0006424598099486437,0,0,-0.03944368660449982,8.675063133239746,10.000768661499023,0.010141098871827126,0.47277307510375977,-0.0008147112675942481,-13,0,-1001,-2,-5,0,0.0020683887414634228,-0.010938470251858234,0.02069590613245964,0.0005970796337351203,3135,3135,0.019917726516723633,12.312,28.75,92,6,10,1.21,831,0.0037307925522327423,0.00019263090507593006,0.006882155314087868,1500,1500,1000,1500,1800,1000,1000,1800
1783904332.8163,17.5000,0.01968,50.81,876,77119,0.100,GUIDED,GUIDED,128,0.0,8.750023484230042,10.0,0.0,0.5,0.0,nan,nan,nan,nan,nan,nan,nan,nan,nan,nan,0.02193409573767063,0.11222235890194522,0.0006046611518442165,0,0,-0.039446137845516205,8.684900283813477,10.000741958618164,0.0101105822250247,0.47280728816986084,-0.0007774712867103517,-13,0,-1001,-2,-5,0,0.0020683887414634228,-0.010938470251858234,0.02069590613245964,0.0005970796337351203,3135,3135,0.01961541175842285,12.312,28.75,92,6,10,1.21,831,0.0037307925522327423,0.00019263090507593006,0.006882155314087868,1500,1500,1000,1500,1800,1000,1000,1800
1783904332.8363,17.5200,0.02000,50.01,877,77139,0.120,GUIDED,GUIDED,128,0.0,8.760023355484009,10.0,0.0,0.5,0.0,nan,nan,nan,nan,nan,nan,nan,nan,nan,nan,0.02173284253699548,0.11274123330277602,0.00048643421824957954,0,0,-0.03933882340788841,8.694531440734863,10.00072193145752,0.010164817795157433,0.47272059321403503,-0.0006976502481848001,-13,0,-1001,-2,-5,0,0.0020683887414634228,-0.010938470251858234,0.02069590613245964,0.0005970796337351203,3135,3135,0.019933462142944336,12.312,28.75,92,6,10,1.21,831,0.0037307925522327423,0.00019263090507593006,0.006882155314087868,1500,1500,1000,1500,1800,1000,1000,1800
1783904332.8563,17.5401,0.02001,49.98,878,77159,0.140,GUIDED,GUIDED,128,0.0,8.770026326179504,10.0,0.0,0.5,0.0,nan,nan,nan,nan,nan,nan,nan,nan,nan,nan,0.021731837432446034,0.11291862315578874,0.0004898148042435621,0,0,-0.039312634617090225,8.704316139221191,10.000699043273926,0.010150277987122536,0.4727441966533661,-0.0006863875314593315,-13,0,-1001,-2,-5,0,0.0020683887414634228,-0.010938470251858234,0.02069590613245964,0.0005970796337351203,3135,3135,0.019942045211791992,12.312,28.75,92,6,10,1.21,831,0.0037307925522327423,0.00019263090507593006,0.006882155314087868,1500,1500,1000,1500,1800,1000,1000,1800
1783904332.8763,17.5600,0.01999,50.01,879,77179,0.160,GUIDED,GUIDED,128,0.0,8.780023694038391,10.0,0.0,0.5,0.0,nan,nan,nan,nan,nan,nan,nan,nan,nan,nan,0.02151728427288677,0.11347594392408865,0.0004244692953608507,0,0,-0.03919094428420067,8.713920593261719,10.000680923461914,0.010203892365098,0.4726492762565613,-0.0006381988059729338,-13,0,-1001,-2,-5,0,0.0020683887414634228,-0.010938470251858234,0.02069590613245964,0.0005970796337351203,3135,3135,0.019930362701416016,12.312,28.75,92,6,10,1.21,831,0.0037307925522327423,0.00019263090507593006,0.006882155314087868,1500,1500,1000,1500,1800,1000,1000,1800
1783904332.8963,17.5800,0.02000,50.00,880,77199,0.180,GUIDED,GUIDED,128,0.0,8.790023565292358,10.0,0.0,0.5,0.0,nan,nan,nan,nan,nan,nan,nan,nan,nan,nan,0.0214902488164934,0.11372409407246854,0.00046019027859532994,0,0,-0.039149947464466095,8.723661422729492,10.00065803527832,0.010195831768214703,0.4726555645465851,-0.0006456078262999654,-13,0,-1001,-2,-5,0,0.0020683887414634228,-0.010938470251858234,0.02069590613245964,0.0005970796337351203,3135,3135,0.01993536949157715,12.312,28.75,92,6,10,1.21,831,0.0037307925522327423,0.00019263090507593006,0.006882155314087868,1500,1500,1000,1500,1800,1000,1000,1800
1783904332.9163,17.6000,0.02000,49.99,881,77219,0.200,GUIDED,GUIDED,128,0.0,8.800023317337036,10.0,0.0,0.5,0.0,nan,nan,nan,nan,nan,nan,nan,nan,nan,nan,0.021759267707809657,0.11332355313971945,0.0003904532192006992,0,0,-0.03923739120364189,8.733688354492188,10.000642776489258,0.01009099930524826,0.4728711247444153,-0.0005965354503132403,-13,0,-1001,-2,-5,0,0.0020683887414634228,-0.010938470251858234,0.02069590613245964,0.0005970796337351203,3135,3135,0.01993846893310547,12.312,28.75,92,6,10,1.21,831,0.0037307925522327423,0.00019263090507593006,0.006882155314087868,1500,1500,1000,1500,1800,1000,1000,1800
1783904332.9363,17.6200,0.02000,50.00,882,77239,0.220,GUIDED,GUIDED,128,0.0,8.810023427009583,10.0,0.0,0.5,0.0,nan,nan,nan,nan,nan,nan,nan,nan,nan,nan,0.02172050961296898,0.11353939861586741,0.0003410700369752673,0,0,-0.03917156532406807,8.743412017822266,10.000630378723145,0.010075371712446213,0.47290611267089844,-0.0005608662031590939,-13,0,-1001,-2,-5,0,0.0020683887414634228,-0.010938470251858234,0.02069590613245964,0.0005970796337351203,3135,3135,0.01993107795715332,12.312,28.75,92,6,10,1.21,831,0.0037307925522327423,0.00019263090507593006,0.006882155314087868,1500,1500,1000,1500,1800,1000,1000,1800
1783904332.9563,17.6400,0.01997,50.08,883,77259,0.240,GUIDED,GUIDED,128,0.0,8.820021271705627,10.0,0.0,0.5,0.0,nan,nan,nan,nan,nan,nan,nan,nan,nan,nan,0.021908907496337292,0.11323403249965244,0.00032980187136919924,0,0,-0.03922398388385773,8.753371238708496,10.000617027282715,0.009996864013373852,0.47310471534729004,-0.0005466520669870079,-13,0,-1001,-2,-5,0,0.0020683887414634228,-0.010938470251858234,0.02069590613245964,0.0005970796337351203,3135,3135,0.019916057586669922,12.312,28.75,92,6,10,1.21,831,0.0037307925522327423,0.00019263090507593006,0.006882155314087868,1500,1500,1000,1500,1800,1000,1000,1800
1783904332.9763,17.6600,0.02003,49.93,884,77279,0.260,GUIDED,GUIDED,128,0.0,8.830023884773254,10.0,0.0,0.5,0.0,nan,nan,nan,nan,nan,nan,nan,nan,nan,nan,0.021813328006234495,0.11351108299756721,0.000316058143353665,0,0,-0.03914186730980873,8.76306438446045,10.000605583190918,0.010004636831581593,0.4731234312057495,-0.0005321098724380136,-13,0,-1001,-2,-5,0,0.0020683887414634228,-0.010938470251858234,0.02069590613245964,0.0005970796337351203,3135,3135,0.019964933395385742,12.312,28.75,92,6,10,1.21,831,0.0037307925522327423,0.00019263090507593006,0.006882155314087868,1500,1500,1000,1500,1800,1000,1000,1800
1783904332.9963,17.6801,0.02000,49.99,885,77299,0.280,GUIDED,GUIDED,128,0.0,8.840026140213013,10.0,0.0,0.5,0.0,nan,nan,nan,nan,nan,nan,nan,nan,nan,nan,0.02202662796792955,0.11334454578248397,0.00030028939532463644,0,0,-0.039172738790512085,8.772967338562012,10.000590324401855,0.009899311698973179,0.47327691316604614,-0.0005141961155459285,-13,0,-1001,-2,-5,0,0.0020683887414634228,-0.010938470251858234,0.02069590613245964,0.0005970796337351203,3135,3135,0.019939661026000977,12.312,28.75,92,6,10,1.21,831,0.0037307925522327423,0.00019263090507593006,0.006882155314087868,1500,1500,1000,1500,1800,1000,1000,1800
1783904333.0163,17.7001,0.02000,49.99,886,77319,0.300,GUIDED,GUIDED,128,0.0,8.850026845932007,10.0,0.0,0.5,0.0,nan,nan,nan,nan,nan,nan,nan,nan,nan,nan,0.02211268470346628,0.11281005060592945,0.0003006084072119165,0,0,-0.039174336940050125,8.783224105834961,10.000574111938477,0.009850549511611462,0.47343766689300537,-0.0005050200270488858,-13,0,-1001,-2,-5,0,0.0020683887414634228,-0.010938470251858234,0.02069590613245964,0.0005970796337351203,3135,3135,0.01993703842163086,12.312,28.75,92,6,10,1.21,831,0.0037307925522327423,0.00019263090507593006,0.006882155314087868,1500,1500,1000,1500,1800,1000,1000,1800
1783904333.0363,17.7201,0.02000,50.00,887,77339,0.320,GUIDED,GUIDED,128,0.0,8.860026121139526,10.0,0.0,0.5,0.0,nan,nan,nan,nan,nan,nan,nan,nan,nan,nan,0.021955444648776332,0.11310964683233046,0.00031453471544757986,0,0,-0.039073582738637924,8.792876243591309,10.000560760498047,0.009883161634206772,0.47346511483192444,-0.0005053519271314144,-13,0,-1001,-2,-5,0,0.0020683887414634228,-0.010938470251858234,0.02069590613245964,0.0005970796337351203,3135,3135,0.019933700561523438,12.312,28.75,92,6,10,1.21,831,0.0037307925522327423,0.00019263090507593006,0.006882155314087868,1500,1500,1000,1500,1800,1000,1000,1800
1783904333.0568,17.7400,0.02052,48.73,888,77359,0.341,GUIDED,GUIDED,128,0.0,8.870024561882019,10.0,0.0,0.5,0.0,nan,nan,nan,nan,nan,nan,nan,nan,nan,nan,0.022010734040474156,0.11307395219280326,0.0002974773037398451,0,0,-0.039055585861206055,8.802689552307129,10.000545501708984,0.009840849786996841,0.473592609167099,-0.0004866941599175334,-12,0,-1001,0,0,0,0.001835311995819211,-0.011612002737820148,0.020480450242757797,0.001233586110174656,3135,3135,0.020455598831176758,12.312,28.75,92,6,10,1.21,831,0.004308163188397884,0.00018492419621907175,0.006627495400607586,1500,1500,1000,1500,1800,1000,1000,1800
1783904333.0763,17.7600,0.01947,51.35,889,77379,0.360,GUIDED,GUIDED,128,0.0,8.880023717880249,10.0,0.0,0.5,0.0,nan,nan,nan,nan,nan,nan,nan,nan,nan,nan,0.02200100303345693,0.11302832540544248,0.00025326018018907996,0,0,-0.03902582824230194,8.81247329711914,10.000531196594238,0.00982928741723299,0.4737433195114136,-0.0004529063298832625,-12,0,-1001,0,0,0,0.001835311995819211,-0.011612002737820148,0.020480450242757797,0.001233586110174656,3135,3135,0.019410133361816406,12.312,28.75,92,6,10,1.21,831,0.004308163188397884,0.00018492419621907175,0.006627495400607586,1500,1500,1000,1500,1800,1000,1000,1800
1783904333.0963,17.7800,0.02000,50.00,890,77399,0.380,GUIDED,GUIDED,128,0.0,8.890023231506348,10.0,0.0,0.5,0.0,nan,nan,nan,nan,nan,nan,nan,nan,nan,nan,0.021878409278759278,0.1134017499588763,0.00022820237629424798,0,0,-0.03890938684344292,8.822092056274414,10.000516891479492,0.009832839481532574,0.4737475514411926,-0.0004301801382098347,-12,0,-1001,0,0,0,0.001835311995819211,-0.011612002737820148,0.020480450242757797,0.001233586110174656,3135,3135,0.019934892654418945,12.312,28.75,92,6,10,1.21,831,0.004308163188397884,0.00018492419621907175,0.006627495400607586,1500,1500,1000,1500,1800,1000,1000,1800
1783904333.1163,17.8000,0.02000,50.00,891,77419,0.400,GUIDED,GUIDED,128,0.0,8.900023221969604,10.0,0.0,0.5,0.0,nan,nan,nan,nan,nan,nan,nan,nan,nan,nan,0.02215954086805232,0.11240319589413622,0.0001741404227462545,0,0,-0.03899642080068588,8.832571983337402,10.000505447387695,0.009720777161419392,0.4740469753742218,-0.000392360205296427,-12,0,-1001,0,0,0,0.001835311995819211,-0.011612002737820148,0.020480450242757797,0.001233586110174656,3135,3135,0.01993584632873535,12.312,28.75,92,6,10,1.21,831,0.004308163188397884,0.00018492419621907175,0.006627495400607586,1500,1500,1000,1500,1800,1000,1000,1800
1783904333.1363,17.8200,0.02000,50.00,892,77439,0.420,GUIDED,GUIDED,128,0.0,8.91002345085144,10.0,0.0,0.5,0.0,nan,nan,nan,nan,nan,nan,nan,nan,nan,nan,0.022409083951979096,0.1118877242062987,0.00013138642607357024,0,0,-0.03906708583235741,8.842608451843262,10.000495910644531,0.009617501869797707,0.47432366013526917,-0.00036217013257555664,-12,0,-1001,0,0,0,0.001835311995819211,-0.011612002737820148,0.020480450242757797,0.001233586110174656,3135,3135,0.019936561584472656,12.312,28.75,92,6,10,1.21,831,0.004308163188397884,0.00018492419621907175,0.006627495400607586,1500,1500,1000,1500,1800,1000,1000,1800
1783904333.1563,17.8400,0.02000,50.00,893,77459,0.440,GUIDED,GUIDED,128,0.0,8.920023441314697,10.0,0.0,0.5,0.0,nan,nan,nan,nan,nan,nan,nan,nan,nan,nan,0.022375300586097026,0.111994173825402,0.000131962712206466,0,0,-0.03899815306067467,8.852352142333984,10.000486373901367,0.009597208350896835,0.47441017627716064,-0.0003569968102965504,-12,0,-1001,0,0,0,0.001835311995819211,-0.011612002737820148,0.020480450242757797,0.001233586110174656,3135,3135,0.019934415817260742,12.312,28.75,92,6,10,1.21,831,0.004308163188397884,0.00018492419621907175,0.006627495400607586,1500,1500,1000,1500,1800,1000,1000,1800
1783904333.1763,17.8600,0.02000,50.00,894,77479,0.460,GUIDED,GUIDED,128,0.0,8.930023312568665,10.0,0.0,0.5,0.0,nan,nan,nan,nan,nan,nan,nan,nan,nan,nan,0.022547877544249806,0.11158062079663661,0.00014210846173652993,0,0,-0.03903694450855255,8.862325668334961,10.00047492980957,0.009519967250525951,0.4746641516685486,-0.00035624721203930676,-12,0,-1001,0,0,0,0.001835311995819211,-0.011612002737820148,0.020480450242757797,0.001233586110174656,3135,3135,0.01993560791015625,12.312,28.75,92,6,10,1.21,831,0.004308163188397884,0.00018492419621907175,0.006627495400607586,1500,1500,1000,1500,1800,1000,1000,1800
1783904333.1963,17.8800,0.02000,50.00,895,77499,0.480,GUIDED,GUIDED,128,0.0,8.940023422241211,10.0,0.0,0.5,0.0,nan,nan,nan,nan,nan,nan,nan,nan,nan,nan,0.022484651397443583,0.11176701115682797,0.00015794624873559826,0,0,-0.03895892947912216,8.872044563293457,10.00046443939209,0.009511428885161877,0.4747188985347748,-0.0003593345172703266,-12,0,-1001,0,0,0,0.001835311995819211,-0.011612002737820148,0.020480450242757797,0.001233586110174656,3135,3135,0.019936084747314453,12.312,28.75,92,6,10,1.21,831,0.004308163188397884,0.00018492419621907175,0.006627495400607586,1500,1500,1000,1500,1800,1000,1000,1800
1783904333.2163,17.9000,0.02002,49.95,896,77519,0.500,GUIDED,GUIDED,128,0.0,8.950023293495178,10.0,0.0,0.5,0.0,nan,nan,nan,nan,nan,nan,nan,nan,nan,nan,0.022624529716890874,0.11150535320233597,0.00017436620486901782,0,0,-0.038978736847639084,8.881964683532715,10.00045108795166,0.009442105889320374,0.474916011095047,-0.0003611061256378889,-12,0,-1001,0,0,0,0.001835311995819211,-0.011612002737820148,0.020480450242757797,0.001233586110174656,3135,3135,0.01993560791015625,12.312,28.75,92,6,10,1.21,831,0.004308163188397884,0.00018492419621907175,0.006627495400607586,1500,1500,1000,1500,1800,1000,1000,1800
1783904333.2363,17.9200,0.01998,50.05,897,77539,0.520,GUIDED,GUIDED,128,0.0,8.960023283958435,10.0,0.0,0.5,0.0,nan,nan,nan,nan,nan,nan,nan,nan,nan,nan,0.022727615498197757,0.11132065381177059,0.00014819830655939798,0,0,-0.038979753851890564,8.891849517822266,10.00043773651123,0.009383176453411579,0.4750891327857971,-0.00033828962477855384,-12,0,-1001,0,0,0,0.001835311995819211,-0.011612002737820148,0.020480450242757797,0.001233586110174656,3135,3135,0.019915103912353516,12.312,28.75,92,6,10,1.21,831,0.004308163188397884,0.00018492419621907175,0.006627495400607586,1500,1500,1000,1500,1800,1000,1000,1800
1783904333.2563,17.9400,0.02000,50.00,898,77559,0.540,GUIDED,GUIDED,128,0.0,8.970023274421692,10.0,0.0,0.5,0.0,nan,nan,nan,nan,nan,nan,nan,nan,nan,nan,0.022576384208677414,0.11155286386552918,0.0001532045631227703,0,0,-0.03887946903705597,8.901528358459473,10.000428199768066,0.00941259041428566,0.4751404821872711,-0.00033567394712008536,-12,0,-1001,0,0,0,0.001835311995819211,-0.011612002737820148,0.020480450242757797,0.001233586110174656,3135,3135,0.01993584632873535,12.312,28.75,92,6,10,1.21,831,0.004308163188397884,0.00018492419621907175,0.006627495400607586,1500,1500,1000,1500,1800,1000,1000,1800
1783904333.2763,17.9600,0.02000,50.00,899,77579,0.560,GUIDED,GUIDED,128,0.0,8.98002314567566,10.0,0.0,0.5,0.0,nan,nan,nan,nan,nan,nan,nan,nan,nan,nan,0.022658881538944964,0.11146548726971758,0.00011969752251748001,0,0,-0.038854848593473434,8.91136360168457,10.000414848327637,0.009350745938718319,0.47528597712516785,-0.000308620190480724,-12,0,-1001,0,0,0,0.001835311995819211,-0.011612002737820148,0.020480450242757797,0.001233586110174656,3135,3135,0.019935131072998047,12.312,28.75,92,6,10,1.21,831,0.004308163188397884,0.00018492419621907175,0.006627495400607586,1500,1500,1000,1500,1800,1000,1000,1800
1783904333.2967,17.9800,0.02042,48.97,900,77599,0.580,GUIDED,GUIDED,128,0.0,8.990023136138916,10.0,0.0,0.5,0.0,nan,nan,nan,nan,nan,nan,nan,nan,nan,nan,0.022505915558510073,0.11175440116035584,1.1987672947167153e-05,0,0,-0.03874870762228966,8.92102336883545,10.000405311584473,0.009377780370414257,0.4753156006336212,-0.00024092783860396594,-13,0,-1001,0,3,1,0.0018204572843387723,-0.011655622161924839,0.020423630252480507,0.0016695267986506224,3135,3135,0.019936084747314453,12.312,28.78,92,6,10,1.21,831,0.0030716389883309603,0.00017465381824877113,0.006478725466877222,1500,1500,1000,1500,1800,1000,1000,1800
1783904333.3163,18.0001,0.01959,51.06,901,77619,0.600,GUIDED,GUIDED,128,0.0,9.000025749206543,10.0,0.0,0.5,0.0,nan,nan,nan,nan,nan,nan,nan,nan,nan,nan,0.02280521411779094,0.11121806158133979,-3.2459805120185346e-05,0,0,-0.03885252773761749,8.93108081817627,10.000396728515625,0.009264920838177204,0.47559359669685364,-0.00021031063806731254,-13,0,-1001,0,3,1,0.0018204572843387723,-0.011655622161924839,0.020423630252480507,0.0016695267986506224,3135,3135,0.019521474838256836,12.312,28.78,92,6,10,1.21,831,0.0030716389883309603,0.00017465381824877113,0.006478725466877222,1500,1500,1000,1500,1800,1000,1000,1800
1783904333.3363,18.0200,0.01999,50.02,902,77639,0.620,GUIDED,GUIDED,128,0.0,9.01002311706543,10.0,0.0,0.5,0.0,nan,nan,nan,nan,nan,nan,nan,nan,nan,nan,0.023044434406039784,0.11083307944696327,-4.364548504607777e-05,0,0,-0.038931965827941895,8.941092491149902,10.000389099121094,0.009172670543193817,0.4758076071739197,-0.0001994477497646585,-13,0,-1001,0,3,1,0.0018204572843387723,-0.011655622161924839,0.020423630252480507,0.0016695267986506224,3135,3135,0.019928932189941406,12.312,28.78,92,6,10,1.21,831,0.0030716389883309603,0.00017465381824877113,0.006478725466877222,1500,1500,1000,1500,1800,1000,1000,1800
1783904333.3563,18.0400,0.02000,50.00,903,77659,0.640,GUIDED,GUIDED,128,0.0,9.020022988319397,10.0,0.0,0.5,0.0,nan,nan,nan,nan,nan,nan,nan,nan,nan,nan,0.023014262684248953,0.11097064455323497,-3.961008435284419e-05,0,0,-0.03887180984020233,8.95083999633789,10.000383377075195,0.009155359119176865,0.4758738875389099,-0.00019847396470140666,-13,0,-1001,0,3,1,0.0018204572843387723,-0.011655622161924839,0.020423630252480507,0.0016695267986506224,3135,3135,0.019936323165893555,12.312,28.78,92,6,10,1.21,831,0.0030716389883309603,0.00017465381824877113,0.006478725466877222,1500,1500,1000,1500,1800,1000,1000,1800
1783904333.3763,18.0600,0.02000,50.00,904,77679,0.660,GUIDED,GUIDED,128,0.0,9.030022978782654,10.0,0.0,0.5,0.0,nan,nan,nan,nan,nan,nan,nan,nan,nan,nan,0.02315687878477415,0.110671081484668,1.4561994049791115e-05,0,0,-0.03891892731189728,8.960793495178223,10.000372886657715,0.009100222960114479,0.476073682308197,-0.00022369358339346945,-13,0,-1001,0,3,1,0.0018204572843387723,-0.011655622161924839,0.020423630252480507,0.0016695267986506224,3135,3135,0.019936084747314453,12.312,28.78,92,6,10,1.21,831,0.0030716389883309603,0.00017465381824877113,0.006478725466877222,1500,1500,1000,1500,1800,1000,1000,1800
1783904333.3963,18.0800,0.02000,50.00,905,77699,0.680,GUIDED,GUIDED,128,0.0,9.04002320766449,10.0,0.0,0.5,0.0,nan,nan,nan,nan,nan,nan,nan,nan,nan,nan,0.02304020010720882,0.11090480315308182,6.937072489355617e-05,0,0,-0.03884873166680336,8.9705171585083,10.000365257263184,0.009127059951424599,0.4760984182357788,-0.00025093258591368794,-13,0,-1001,0,3,1,0.0018204572843387723,-0.011655622161924839,0.020423630252480507,0.0016695267986506224,3135,3135,0.019936800003051758,12.312,28.78,92,6,10,1.21,831,0.0030716389883309603,0.00017465381824877113,0.006478725466877222,1500,1500,1000,1500,1800,1000,1000,1800
1783904333.4163,18.1000,0.02000,49.99,906,77719,0.700,GUIDED,GUIDED,128,0.0,9.050023317337036,10.0,0.0,0.5,0.0,nan,nan,nan,nan,nan,nan,nan,nan,nan,nan,0.02317710709257449,0.11072551371793372,4.937019867030739e-05,0,0,-0.03887590765953064,8.98042106628418,10.00035285949707,0.00906370673328638,0.47625747323036194,-0.00023222742311190814,-13,0,-1001,0,3,1,0.0018204572843387723,-0.011655622161924839,0.020423630252480507,0.0016695267986506224,3135,3135,0.01993846893310547,12.312,28.78,92,6,10,1.21,831,0.0030716389883309603,0.00017465381824877113,0.006478725466877222,1500,1500,1000,1500,1800,1000,1000,1800
1783904333.4363,18.1200,0.02000,50.01,907,77739,0.720,GUIDED,GUIDED,128,0.0,9.060023069381714,10.0,0.0,0.5,0.0,nan,nan,nan,nan,nan,nan,nan,nan,nan,nan,0.02327109620414534,0.11070119418640198,0.00014205940878247395,0,0,-0.03888391703367233,8.990290641784668,10.000341415405273,0.009014066308736801,0.4763466715812683,-0.00027913431404158473,-13,0,-1001,0,3,1,0.0018204572843387723,-0.011655622161924839,0.020423630252480507,0.0016695267986506224,3135,3135,0.01993250846862793,12.312,28.78,92,6,10,1.21,831,0.0030716389883309603,0.00017465381824877113,0.006478725466877222,1500,1500,1000,1500,1800,1000,1000,1800
1783904333.4563,18.1400,0.02000,49.99,908,77759,0.740,GUIDED,GUIDED,128,0.0,9.070024132728577,10.0,0.0,0.5,0.0,nan,nan,nan,nan,nan,nan,nan,nan,nan,nan,0.02314841052123915,0.111054317347838,0.00013354925355580749,0,0,-0.038790978491306305,8.999974250793457,10.000333786010742,0.009031240828335285,0.4763260781764984,-0.0002698161406442523,-13,0,-1001,0,3,1,0.0018204572843387723,-0.011655622161924839,0.020423630252480507,0.0016695267986506224,3135,3135,0.01993846893310547,12.312,28.78,92,6,10,1.21,831,0.0030716389883309603,0.00017465381824877113,0.006478725466877222,1500,1500,1000,1500,1800,1000,1000,1800
1783904333.4763,18.1600,0.02000,50.00,909,77779,0.760,GUIDED,GUIDED,128,0.0,9.080023169517517,10.0,0.0,0.5,0.0,nan,nan,nan,nan,nan,nan,nan,nan,nan,nan,0.02315362456364433,0.11109831206906637,0.00012706674649306816,0,0,-0.038772717118263245,9.009797096252441,10.000320434570312,0.009017687290906906,0.4764024019241333,-0.00025836500572040677,-13,0,-1001,0,3,1,0.0018204572843387723,-0.011655622161924839,0.020423630252480507,0.0016695267986506224,3135,3135,0.01993393898010254,12.312,28.78,92,6,10,1.21,831,0.0030716389883309603,0.00017465381824877113,0.006478725466877222,1500,1500,1000,1500,1800,1000,1000,1800
1783904333.4963,18.1800,0.02003,49.92,910,77799,0.780,GUIDED,GUIDED,128,0.0,9.090023040771484,10.0,0.0,0.5,0.0,nan,nan,nan,nan,nan,nan,nan,nan,nan,nan,0.02294895370814614,0.11145346954901139,0.00014197566055774882,0,0,-0.03867261856794357,9.019461631774902,10.000310897827148,0.009078062139451504,0.4763909578323364,-0.00026146663003601134,-13,0,-1001,0,3,1,0.0018204572843387723,-0.011655622161924839,0.020423630252480507,0.0016695267986506224,3135,3135,0.019934415817260742,12.312,28.78,92,6,10,1.21,831,0.0030716389883309603,0.00017465381824877113,0.006478725466877222,1500,1500,1000,1500,1800,1000,1000,1800
1783904333.5163,18.2000,0.01999,50.03,911,77819,0.800,GUIDED,GUIDED,128,0.0,9.100023865699768,10.0,0.0,0.5,0.0,nan,nan,nan,nan,nan,nan,nan,nan,nan,nan,0.02326497305881796,0.11098441847304755,0.00013265935157483557,0,0,-0.038789570331573486,9.029526710510254,10.000300407409668,0.008963130414485931,0.47662466764450073,-0.00025003121118061244,-13,0,-1001,0,3,1,0.0018204572843387723,-0.011655622161924839,0.020423630252480507,0.0016695267986506224,3135,3135,0.01992630958557129,12.312,28.78,92,6,10,1.21,831,0.0030716389883309603,0.00017465381824877113,0.006478725466877222,1500,1500,1000,1500,1800,1000,1000,1800
1783904333.5363,18.2200,0.01998,50.06,912,77839,0.820,GUIDED,GUIDED,128,0.0,9.110023021697998,10.0,0.0,0.5,0.0,nan,nan,nan,nan,nan,nan,nan,nan,nan,nan,0.02348827236677681,0.11062002664082113,5.317847099122689e-05,0,0,-0.03888148441910744,9.03954792022705,10.000289916992188,0.008887275122106075,0.4768223166465759,-0.00019808625802397728,-13,0,-1001,0,3,1,0.0018204572843387723,-0.011655622161924839,0.020423630252480507,0.0016695267986506224,3135,3135,0.019913196563720703,12.312,28.78,92,6,10,1.21,831,0.0030716389883309603,0.00017465381824877113,0.006478725466877222,1500,1500,1000,1500,1800,1000,1000,1800
1783904333.5567,18.2400,0.02043,48.94,913,77859,0.840,GUIDED,GUIDED,128,0.0,9.120023012161255,10.0,0.0,0.5,0.0,nan,nan,nan,nan,nan,nan,nan,nan,nan,nan,0.023392158450408262,0.11081773739828132,6.336940903735924e-05,0,0,-0.038829561322927475,9.049309730529785,10.000283241271973,0.008912788704037666,0.4768456816673279,-0.00020011576998513192,-13,0,-1001,3,2,1,0.0019252459751442075,-0.011523579247295856,0.020378611981868744,0.0016738185659050941,3135,3135,0.02036881446838379,12.312,28.78,91,6,10,1.21,831,0.003592413617298007,0.00016980228247120976,0.006514010485261679,1500,1500,1000,1500,1800,1000,1000,1800
1783904333.5763,18.2600,0.01957,51.10,914,77879,0.860,GUIDED,GUIDED,128,0.0,9.130023121833801,10.0,0.0,0.5,0.0,nan,nan,nan,nan,nan,nan,nan,nan,nan,nan,0.02354799173817598,0.11058127912328541,8.411938768304833e-05,0,0,-0.038887523114681244,9.059270858764648,10.000271797180176,0.008856282569468021,0.4770047068595886,-0.00020548852626234293,-13,0,-1001,3,2,1,0.0019252459751442075,-0.011523579247295856,0.020378611981868744,0.0016738185659050941,3135,3135,0.019504070281982422,12.312,28.78,91,6,10,1.21,831,0.003592413617298007,0.00016980228247120976,0.006514010485261679,1500,1500,1000,1500,1800,1000,1000,1800
1783904333.5963,18.2800,0.02000,50.00,915,77899,0.880,GUIDED,GUIDED,128,0.0,9.140023231506348,10.0,0.0,0.5,0.0,nan,nan,nan,nan,nan,nan,nan,nan,nan,nan,0.023443168112889663,0.11084589806956241,3.663147189933029e-05,0,0,-0.03882507234811783,9.069008827209473,10.000263214111328,0.00888074655085802,0.477003276348114,-0.00017311592819169164,-13,0,-1001,3,2,1,0.0019252459751442075,-0.011523579247295856,0.020378611981868744,0.0016738185659050941,3135,3135,0.01993536949157715,12.312,28.78,91,6,10,1.21,831,0.003592413617298007,0.00016980228247120976,0.006514010485261679,1500,1500,1000,1500,1800,1000,1000,1800
1783904333.6163,18.3000,0.02001,49.98,916,77919,0.900,GUIDED,GUIDED,128,0.0,9.150024890899658,10.0,0.0,0.5,0.0,nan,nan,nan,nan,nan,nan,nan,nan,nan,nan,0.023521325980346765,0.11069498601401032,5.0846840885562035e-05,0,0,-0.03886185586452484,9.0789213180542,10.000251770019531,0.008856859058141708,0.4771418869495392,-0.0001747159258229658,-13,0,-1001,3,2,1,0.0019252459751442075,-0.011523579247295856,0.020378611981868744,0.0016738185659050941,3135,3135,0.019943952560424805,12.312,28.78,91,6,10,1.21,831,0.003592413617298007,0.00016980228247120976,0.006514010485261679,1500,1500,1000,1500,1800,1000,1000,1800
1783904333.6363,18.3200,0.01999,50.02,917,77939,0.920,GUIDED,GUIDED,128,0.0,9.160023093223572,10.0,0.0,0.5,0.0,nan,nan,nan,nan,nan,nan,nan,nan,nan,nan,0.02363165605911343,0.11063093139776009,6.480398816571592e-05,0,0,-0.038878969848155975,9.088800430297852,10.000240325927734,0.008803040720522404,0.4772476255893707,-0.00017616683908272535,-13,0,-1001,3,2,1,0.0019252459751442075,-0.011523579247295856,0.020378611981868744,0.0016738185659050941,3135,3135,0.019927263259887695,12.312,28.78,91,6,10,1.21,831,0.003592413617298007,0.00016980228247120976,0.006514010485261679,1500,1500,1000,1500,1800,1000,1000,1800
1783904333.6563,18.3400,0.02002,49.96,918,77959,0.940,GUIDED,GUIDED,128,0.0,9.170024156570435,10.0,0.0,0.5,0.0,nan,nan,nan,nan,nan,nan,nan,nan,nan,nan,0.023447580104886213,0.11102283844669106,9.820738720612985e-05,0,0,-0.038792263716459274,9.09849739074707,10.000232696533203,0.008859257213771343,0.47719693183898926,-0.00019104746752418578,-13,0,-1001,3,2,1,0.0019252459751442075,-0.011523579247295856,0.020378611981868744,0.0016738185659050941,3135,3135,0.01993870735168457,12.312,28.78,91,6,10,1.21,831,0.003592413617298007,0.00016980228247120976,0.006514010485261679,1500,1500,1000,1500,1800,1000,1000,1800
1783904333.6763,18.3600,0.01998,50.04,919,77979,0.960,GUIDED,GUIDED,128,0.0,9.180022835731506,10.0,0.0,0.5,0.0,nan,nan,nan,nan,nan,nan,nan,nan,nan,nan,0.023451898757115744,0.1110837807478974,0.00014721083376466348,0,0,-0.03878205642104149,9.108329772949219,10.00022029876709,0.00885087065398693,0.47725775837898254,-0.00021218176698312163,-13,0,-1001,3,2,1,0.0019252459751442075,-0.011523579247295856,0.020378611981868744,0.0016738185659050941,3135,3135,0.01992034912109375,12.312,28.78,91,6,10,1.21,831,0.003592413617298007,0.00016980228247120976,0.006514010485261679,1500,1500,1000,1500,1800,1000,1000,1800
1783904333.6963,18.3800,0.02000,50.00,920,77999,0.980,GUIDED,GUIDED,128,0.0,9.190023064613342,10.0,0.0,0.5,0.0,nan,nan,nan,nan,nan,nan,nan,nan,nan,nan,0.023226963070900095,0.11152154305618872,0.00012272781290121367,0,0,-0.03868735581636429,9.11800765991211,10.000211715698242,0.008926061913371086,0.47719112038612366,-0.00019309105118736625,-13,0,-1001,3,2,1,0.0019252459751442075,-0.011523579247295856,0.020378611981868744,0.0016738185659050941,3135,3135,0.019936084747314453,12.312,28.78,91,6,10,1.21,831,0.003592413617298007,0.00016980228247120976,0.006514010485261679,1500,1500,1000,1500,1800,1000,1000,1800
1783904333.7163,18.4000,0.02004,49.89,921,78019,0.000,GUIDED,GUIDED,128,0.0,9.200023174285889,10.0,0.0,0.5,0.0,nan,nan,nan,nan,nan,nan,nan,nan,nan,nan,0.02350064914749285,0.11103119966928,8.014216385699314e-05,0,0,-0.03880816698074341,9.128106117248535,10.000201225280762,0.008837799541652203,0.4774174392223358,-0.00016244756989181042,-13,0,-1001,3,2,1,0.0019252459751442075,-0.011523579247295856,0.020378611981868744,0.0016738185659050941,3135,3135,0.019936561584472656,12.312,28.78,91,6,10,1.21,831,0.003592413617298007,0.00016980228247120976,0.006514010485261679,1500,1500,1000,1500,1800,1000,1000,1800
1783904333.7363,18.4200,0.01996,50.11,922,78039,0.020,GUIDED,GUIDED,128,0.0,9.210023045539856,10.0,0.0,0.5,0.0,nan,nan,nan,nan,nan,nan,nan,nan,nan,nan,0.023721010142767347,0.11060293688453693,0.00011536134301307164,0,0,-0.03890327736735344,9.138157844543457,10.000191688537598,0.00876548606902361,0.4776347577571869,-0.0001772753312252462,-13,0,-1001,3,2,1,0.0019252459751442075,-0.011523579247295856,0.020378611981868744,0.0016738185659050941,3135,3135,0.019893407821655273,12.312,28.78,91,6,10,1.21,831,0.003592413617298007,0.00016980228247120976,0.006514010485261679,1500,1500,1000,1500,1800,1000,1000,1800
1783904333.7563,18.4400,0.02000,50.00,923,78059,0.040,GUIDED,GUIDED,128,0.0,9.220023036003113,10.0,0.0,0.5,0.0,nan,nan,nan,nan,nan,nan,nan,nan,nan,nan,0.023606308624049596,0.11078674118816462,0.00015232791861859065,0,0,-0.03885404020547867,9.147942543029785,10.000185012817383,0.008803281933069229,0.4776529371738434,-0.00019476376473903656,-13,0,-1001,3,2,1,0.0019252459751442075,-0.011523579247295856,0.020378611981868744,0.0016738185659050941,3135,3135,0.019935131072998047,12.312,28.78,91,6,10,1.21,831,0.003592413617298007,0.00016980228247120976,0.006514010485261679,1500,1500,1000,1500,1800,1000,1000,1800
1783904333.7763,18.4600,0.02000,50.00,924,78079,0.060,GUIDED,GUIDED,128,0.0,9.23002290725708,10.0,0.0,0.5,0.0,nan,nan,nan,nan,nan,nan,nan,nan,nan,nan,0.023749086584925187,0.11053578694448071,0.00018703604013699322,0,0,-0.038914646953344345,9.157934188842773,10.00017261505127,0.008755840361118317,0.477802574634552,-0.0002076446544378996,-13,0,-1001,3,2,1,0.0019252459751442075,-0.011523579247295856,0.020378611981868744,0.0016738185659050941,3135,3135,0.019936084747314453,12.312,28.78,91,6,10,1.21,831,0.003592413617298007,0.00016980228247120976,0.006514010485261679,1500,1500,1000,1500,1800,1000,1000,1800
1783904333.7967,18.4800,0.02042,48.98,925,78099,0.080,GUIDED,GUIDED,128,0.0,9.240022778511047,10.0,0.0,0.5,0.0,nan,nan,nan,nan,nan,nan,nan,nan,nan,nan,0.023617236116668654,0.11077079980723677,0.00022722227002184943,0,0,-0.03885436803102493,9.167694091796875,10.000164031982422,0.00879716221243143,0.4778054356575012,-0.0002258907479699701,-13,0,-1000,1,2,1,0.0020037952344864607,-0.011470348574221134,0.02030607871711254,0.0016468289541080594,3135,3135,0.01993536949157715,12.312,28.73,91,6,10,1.21,831,0.004111450631171465,0.00016310247883666307,0.006514705717563629,1500,1500,1000,1500,1800,1000,1000,1800
1783904333.8163,18.5000,0.01958,51.06,926,78119,0.100,GUIDED,GUIDED,128,0.0,9.250023007392883,10.0,0.0,0.5,0.0,nan,nan,nan,nan,nan,nan,nan,nan,nan,nan,0.02367551762138794,0.11066446119290403,0.000247758479953551,0,0,-0.038893308490514755,9.177634239196777,10.000149726867676,0.008785995654761791,0.47790151834487915,-0.00022948827245272696,-13,0,-1000,1,2,1,0.0020037952344864607,-0.011470348574221134,0.02030607871711254,0.0016468289541080594,3135,3135,0.019519329071044922,12.312,28.73,91,6,10,1.21,831,0.004111450631171465,0.00016310247883666307,0.006514705717563629,1500,1500,1000,1500,1800,1000,1000,1800
1783904333.8363,18.5200,0.02000,50.00,927,78139,0.120,GUIDED,GUIDED,128,0.0,9.26002299785614,10.0,0.0,0.5,0.0,nan,nan,nan,nan,nan,nan,nan,nan,nan,nan,0.023729674426388972,0.1106225143091231,0.0002028369756165016,0,0,-0.03891144320368767,9.187538146972656,10.000137329101562,0.008765198290348053,0.47798120975494385,-0.00019639497622847557,-13,0,-1000,1,2,1,0.0020037952344864607,-0.011470348574221134,0.02030607871711254,0.0016468289541080594,3135,3135,0.019933700561523438,12.312,28.73,91,6,10,1.21,831,0.004111450631171465,0.00016310247883666307,0.006514705717563629,1500,1500,1000,1500,1800,1000,1000,1800
1783904333.8563,18.5400,0.02000,50.00,928,78159,0.140,GUIDED,GUIDED,128,0.0,9.270024180412292,10.0,0.0,0.5,0.0,nan,nan,nan,nan,nan,nan,nan,nan,nan,nan,0.02350413619479698,0.11095716568168867,0.00021552192015312824,0,0,-0.03882497176527977,9.197254180908203,10.000129699707031,0.008845488540828228,0.47795262932777405,-0.0001993137993849814,-13,0,-1000,1,2,1,0.0020037952344864607,-0.011470348574221134,0.02030607871711254,0.0016468289541080594,3135,3135,0.01993727684020996,12.312,28.73,91,6,10,1.21,831,0.004111450631171465,0.00016310247883666307,0.006514705717563629,1500,1500,1000,1500,1800,1000,1000,1800
1783904333.8763,18.5600,0.01997,50.07,929,78179,0.160,GUIDED,GUIDED,128,0.0,9.2800213098526,10.0,0.0,0.5,0.0,nan,nan,nan,nan,nan,nan,nan,nan,nan,nan,0.023520735977143,0.11099547674831668,0.0002315773722714594,0,0,-0.03881475701928139,9.207109451293945,10.000115394592285,0.008830007165670395,0.47801241278648376,-0.00020032435713801533,-13,0,-1000,1,2,1,0.0020037952344864607,-0.011470348574221134,0.02030607871711254,0.0016468289541080594,3135,3135,0.019917964935302734,12.312,28.73,91,6,10,1.21,831,0.004111450631171465,0.00016310247883666307,0.006514705717563629,1500,1500,1000,1500,1800,1000,1000,1800
1783904333.8963,18.5800,0.02003,49.93,930,78199,0.180,GUIDED,GUIDED,128,0.0,9.290022850036621,10.0,0.0,0.5,0.0,nan,nan,nan,nan,nan,nan,nan,nan,nan,nan,0.02348973136079538,0.11105153464256853,0.00032650039318281743,0,0,-0.038798652589321136,9.216939926147461,10.000100135803223,0.008838609792292118,0.47807881236076355,-0.0002463185228407383,-13,0,-1000,1,2,1,0.0020037952344864607,-0.011470348574221134,0.02030607871711254,0.0016468289541080594,3135,3135,0.019962549209594727,12.312,28.73,91,6,10,1.21,831,0.004111450631171465,0.00016310247883666307,0.006514705717563629,1500,1500,1000,1500,1800,1000,1000,1800
1783904333.9163,18.6000,0.02000,50.00,931,78219,0.200,GUIDED,GUIDED,128,0.0,9.300023198127747,10.0,0.0,0.5,0.0,nan,nan,nan,nan,nan,nan,nan,nan,nan,nan,0.023438715789804547,0.11117236863610694,0.0003419052535463538,0,0,-0.03877050429582596,9.226750373840332,10.000091552734375,0.008851812221109867,0.4781186878681183,-0.00025025708600878716,-13,0,-1000,1,2,1,0.0020037952344864607,-0.011470348574221134,0.02030607871711254,0.0016468289541080594,3135,3135,0.019936561584472656,12.312,28.73,91,6,10,1.21,831,0.004111450631171465,0.00016310247883666307,0.006514705717563629,1500,1500,1000,1500,1800,1000,1000,1800
1783904333.9363,18.6200,0.02000,50.00,932,78239,0.220,GUIDED,GUIDED,128,0.0,9.310022711753845,10.0,0.0,0.5,0.0,nan,nan,nan,nan,nan,nan,nan,nan,nan,nan,0.023691787471553143,0.11085748864685271,0.0003208445885375457,0,0,-0.03887253999710083,9.236781120300293,10.000080108642578,0.008764611557126045,0.47828245162963867,-0.00023149045591708273,-13,0,-1000,1,2,1,0.0020037952344864607,-0.011470348574221134,0.02030607871711254,0.0016468289541080594,3135,3135,0.01993393898010254,12.312,28.73,91,6,10,1.21,831,0.004111450631171465,0.00016310247883666307,0.006514705717563629,1500,1500,1000,1500,1800,1000,1000,1800
1783904333.9563,18.6400,0.02000,50.00,933,78259,0.240,GUIDED,GUIDED,128,0.0,9.32002341747284,10.0,0.0,0.5,0.0,nan,nan,nan,nan,nan,nan,nan,nan,nan,nan,0.02353962204833738,0.11104476599089383,0.00030078281156586885,0,0,-0.038826387375593185,9.246562957763672,10.000072479248047,0.008825818076729774,0.47830069065093994,-0.0002155029505956918,-13,0,-1000,1,2,1,0.0020037952344864607,-0.011470348574221134,0.02030607871711254,0.0016468289541080594,3135,3135,0.019936800003051758,12.312,28.73,91,6,10,1.21,831,0.004111450631171465,0.00016310247883666307,0.006514705717563629,1500,1500,1000,1500,1800,1000,1000,1800
1783904333.9763,18.6600,0.02000,50.00,934,78279,0.260,GUIDED,GUIDED,128,0.0,9.330022811889648,10.0,0.0,0.5,0.0,nan,nan,nan,nan,nan,nan,nan,nan,nan,nan,0.023691905029111025,0.11082092555391207,0.0002942705011440258,0,0,-0.038892898708581924,9.256535530090332,10.00006103515625,0.00877629779279232,0.4784454107284546,-0.00020513581694103777,-13,0,-1000,1,2,1,0.0020037952344864607,-0.011470348574221134,0.02030607871711254,0.0016468289541080594,3135,3135,0.01993417739868164,12.312,28.73,91,6,10,1.21,831,0.004111450631171465,0.00016310247883666307,0.006514705717563629,1500,1500,1000,1500,1800,1000,1000,1800
1783904333.9963,18.6800,0.02000,49.99,935,78299,0.280,GUIDED,GUIDED,128,0.0,9.34002423286438,10.0,0.0,0.5,0.0,nan,nan,nan,nan,nan,nan,nan,nan,nan,nan,0.023774989105655522,0.11067489923573996,0.000302515125296969,0,0,-0.038947030901908875,9.266477584838867,10.00004768371582,0.008759582415223122,0.47856399416923523,-0.00020218739518895745,-13,0,-1000,1,2,1,0.0020037952344864607,-0.011470348574221134,0.02030607871711254,0.0016468289541080594,3135,3135,0.019938230514526367,12.312,28.73,91,6,10,1.21,831,0.004111450631171465,0.00016310247883666307,0.006514705717563629,1500,1500,1000,1500,1800,1000,1000,1800
1783904334.0163,18.7000,0.02000,50.00,936,78319,0.300,GUIDED,GUIDED,128,0.0,9.350024223327637,10.0,0.0,0.5,0.0,nan,nan,nan,nan,nan,nan,nan,nan,nan,nan,0.023598863822686274,0.11102026418927695,0.0002876326027848835,0,0,-0.03887804597616196,9.27621841430664,10.000040054321289,0.008821439929306507,0.4785142242908478,-0.00018919013382401317,-13,0,-1000,1,2,1,0.0020037952344864607,-0.011470348574221134,0.02030607871711254,0.0016468289541080594,3135,3135,0.01993560791015625,12.312,28.73,91,6,10,1.21,831,0.004111450631171465,0.00016310247883666307,0.006514705717563629,1500,1500,1000,1500,1800,1000,1000,1800
1783904334.0363,18.7201,0.02000,49.99,937,78339,0.320,GUIDED,GUIDED,128,0.0,9.360025405883789,10.0,0.0,0.5,0.0,nan,nan,nan,nan,nan,nan,nan,nan,nan,nan,0.023677353437786326,0.1110364028602187,0.00031402258273895053,0,0,-0.03890134021639824,9.286109924316406,10.000027656555176,0.00878957286477089,0.4785682260990143,-0.00019726854225154966,-13,0,-1000,1,2,1,0.0020037952344864607,-0.011470348574221134,0.02030607871711254,0.0016468289541080594,3135,3135,0.019937753677368164,12.312,28.73,91,6,10,1.21,831,0.004111450631171465,0.00016310247883666307,0.006514705717563629,1500,1500,1000,1500,1800,1000,1000,1800
1783904334.0566,18.7400,0.02032,49.21,938,78359,0.340,GUIDED,GUIDED,128,0.0,9.370019793510437,10.0,0.0,0.5,0.0,nan,nan,nan,nan,nan,nan,nan,nan,nan,nan,0.023508896490413336,0.11140757031827278,0.00032275437853720204,0,0,-0.03881765156984329,9.295827865600586,10.000020027160645,0.008838513866066933,0.47851353883743286,-0.00019790501391980797,-13,0,-1001,0,1,1,0.002027152804657817,-0.011459178291261196,0.02021651342511177,0.001601955620571971,3135,3135,0.02026677131652832,12.312,28.73,91,6,10,1.21,831,0.0029672824312001467,0.00015848901239223778,0.006268860772252083,1500,1500,1000,1500,1800,1000,1000,1800
1783904334.0763,18.7600,0.01965,50.90,939,78379,0.360,GUIDED,GUIDED,128,0.0,9.380018711090088,10.0,0.0,0.5,0.0,nan,nan,nan,nan,nan,nan,nan,nan,nan,nan,0.023481658973248803,0.11147785392203173,0.00030887677484131126,0,0,-0.03881280869245529,9.305673599243164,10.000006675720215,0.00885144341737032,0.4785614013671875,-0.00018218431796412915,-13,0,-1001,0,1,1,0.002027152804657817,-0.011459178291261196,0.02021651342511177,0.001601955620571971,3135,3135,0.01958942413330078,12.312,28.73,91,6,10,1.21,831,0.0029672824312001467,0.00015848901239223778,0.006268860772252083,1500,1500,1000,1500,1800,1000,1000,1800
1783904334.0963,18.7801,0.02003,49.91,940,78399,0.380,GUIDED,GUIDED,128,0.0,9.390025854110718,10.0,0.0,0.5,0.0,nan,nan,nan,nan,nan,nan,nan,nan,nan,nan,0.02346146816490694,0.11162242927838512,0.0002421263549709324,0,0,-0.03880136087536812,9.315495491027832,9.999993324279785,0.008856491185724735,0.478584885597229,-0.00013593748735729605,-13,0,-1001,0,1,1,0.002027152804657817,-0.011459178291261196,0.02021651342511177,0.001601955620571971,3135,3135,0.019969701766967773,12.312,28.73,91,6,10,1.21,831,0.0029672824312001467,0.00015848901239223778,0.006268860772252083,1500,1500,1000,1500,1800,1000,1000,1800
1783904334.1163,18.8000,0.01998,50.04,941,78419,0.400,GUIDED,GUIDED,128,0.0,9.400022864341736,10.0,0.0,0.5,0.0,nan,nan,nan,nan,nan,nan,nan,nan,nan,nan,0.023342312931629333,0.11175628718302583,0.0002555029656918623,0,0,-0.03877432644367218,9.325324058532715,9.999985694885254,0.008909677155315876,0.47860485315322876,-0.00013925564417149872,-13,0,-1001,0,1,1,0.002027152804657817,-0.011459178291261196,0.02021651342511177,0.001601955620571971,3135,3135,0.019929885864257812,12.312,28.73,91,6,10,1.21,831,0.0029672824312001467,0.00015848901239223778,0.006268860772252083,1500,1500,1000,1500,1800,1000,1000,1800
1783904334.1363,18.8201,0.02001,49.96,942,78439,0.420,GUIDED,GUIDED,128,0.0,9.410025000572205,10.0,0.0,0.5,0.0,nan,nan,nan,nan,nan,nan,nan,nan,nan,nan,0.023558107602361926,0.11140184117631466,0.00025358572995028437,0,0,-0.03887863829731941,9.335381507873535,9.99997615814209,0.008845312520861626,0.47877755761146545,-0.0001326426863670349,-13,0,-1001,0,1,1,0.002027152804657817,-0.011459178291261196,0.02021651342511177,0.001601955620571971,3135,3135,0.019949913024902344,12.312,28.73,91,6,10,1.21,831,0.0029672824312001467,0.00015848901239223778,0.006268860772252083,1500,1500,1000,1500,1800,1000,1000,1800
1783904334.1563,18.8401,0.02000,49.99,943,78459,0.440,GUIDED,GUIDED,128,0.0,9.42002558708191,10.0,0.0,0.5,0.0,nan,nan,nan,nan,nan,nan,nan,nan,nan,nan,0.023425338204726483,0.11158917720325473,0.00025239777376255817,0,0,-0.03883283585309982,9.34518051147461,9.999969482421875,0.00889552291482687,0.47878578305244446,-0.00012810259067919105,-13,0,-1001,0,1,1,0.002027152804657817,-0.011459178291261196,0.02021651342511177,0.001601955620571971,3135,3135,0.01993703842163086,12.312,28.73,91,6,10,1.21,831,0.0029672824312001467,0.00015848901239223778,0.006268860772252083,1500,1500,1000,1500,1800,1000,1000,1800
1783904334.1763,18.8600,0.01997,50.07,944,78479,0.460,GUIDED,GUIDED,128,0.0,9.43002438545227,10.0,0.0,0.5,0.0,nan,nan,nan,nan,nan,nan,nan,nan,nan,nan,0.02353630582101561,0.11132456268490407,0.0002655305271371589,0,0,-0.03890091925859451,9.355177879333496,9.999958038330078,0.008870763704180717,0.47893938422203064,-0.00012907753989566118,-13,0,-1001,0,1,1,0.002027152804657817,-0.011459178291261196,0.02021651342511177,0.001601955620571971,3135,3135,0.01992034912109375,12.312,28.73,91,6,10,1.21,831,0.0029672824312001467,0.00015848901239223778,0.006268860772252083,1500,1500,1000,1500,1800,1000,1000,1800
1783904334.1963,18.8801,0.02003,49.93,945,78499,0.480,GUIDED,GUIDED,128,0.0,9.440025806427002,10.0,0.0,0.5,0.0,nan,nan,nan,nan,nan,nan,nan,nan,nan,nan,0.023618951611620864,0.11119433544627927,0.0003300526319448222,0,0,-0.03895619884133339,9.365141868591309,9.999945640563965,0.008854963816702366,0.4790361821651459,-0.00015917154087219387,-13,0,-1001,0,1,1,0.002027152804657817,-0.011459178291261196,0.02021651342511177,0.001601955620571971,3135,3135,0.019961833953857422,12.312,28.73,91,6,10,1.21,831,0.0029672824312001467,0.00015848901239223778,0.006268860772252083,1500,1500,1000,1500,1800,1000,1000,1800
1783904334.2163,18.9001,0.02002,49.95,946,78519,0.500,GUIDED,GUIDED,128,0.0,9.45002567768097,10.0,0.0,0.5,0.0,nan,nan,nan,nan,nan,nan,nan,nan,nan,nan,0.023446110916142668,0.11148021512898444,0.00034497590120862744,0,0,-0.03888697549700737,9.374898910522461,9.999938011169434,0.008914787322282791,0.47901132702827454,-0.00016338266141247004,-13,0,-1001,0,1,1,0.002027152804657817,-0.011459178291261196,0.02021651342511177,0.001601955620571971,3135,3135,0.019935131072998047,12.312,28.73,91,6,10,1.21,831,0.0029672824312001467,0.00015848901239223778,0.006268860772252083,1500,1500,1000,1500,1800,1000,1000,1800
1783904334.2363,18.9201,0.01998,50.05,947,78539,0.520,GUIDED,GUIDED,128,0.0,9.460026741027832,10.0,0.0,0.5,0.0,nan,nan,nan,nan,nan,nan,nan,nan,nan,nan,0.023520163935191258,0.1113791931019592,0.0003781438417808811,0,0,-0.03891099989414215,9.38481330871582,9.99992561340332,0.008885903283953667,0.4791196882724762,-0.00017537432722747326,-13,0,-1001,0,1,1,0.002027152804657817,-0.011459178291261196,0.02021651342511177,0.001601955620571971,3135,3135,0.019914865493774414,12.312,28.73,91,6,10,1.21,831,0.0029672824312001467,0.00015848901239223778,0.006268860772252083,1500,1500,1000,1500,1800,1000,1000,1800
1783904334.2563,18.9401,0.02000,50.01,948,78559,0.540,GUIDED,GUIDED,128,0.0,9.470025300979614,10.0,0.0,0.5,0.0,nan,nan,nan,nan,nan,nan,nan,nan,nan,nan,0.023325006843526966,0.1117273255456816,0.000374466175349363,0,0,-0.03882644325494766,9.394547462463379,9.999917984008789,0.008949758484959602,0.47907134890556335,-0.0001688461925368756,-13,0,-1001,0,1,1,0.002027152804657817,-0.011459178291261196,0.02021651342511177,0.001601955620571971,3135,3135,0.01993250846862793,12.312,28.73,91,6,10,1.21,831,0.0029672824312001467,0.00015848901239223778,0.006268860772252083,1500,1500,1000,1500,1800,1000,1000,1800
1783904334.2763,18.9600,0.02001,49.98,949,78579,0.560,GUIDED,GUIDED,128,0.0,9.480024933815002,10.0,0.0,0.5,0.0,nan,nan,nan,nan,nan,nan,nan,nan,nan,nan,0.023313849026531094,0.11178258419228759,0.0002827138841673078,0,0,-0.03882172331213951,9.404415130615234,9.999906539916992,0.008953475393354893,0.47911563515663147,-0.00010926573304459453,-13,0,-1001,0,1,1,0.002027152804657817,-0.011459178291261196,0.02021651342511177,0.001601955620571971,3135,3135,0.019934415817260742,12.312,28.73,91,6,10,1.21,831,0.0029672824312001467,0.00015848901239223778,0.006268860772252083,1500,1500,1000,1500,1800,1000,1000,1800
1783904334.2966,18.9800,0.02030,49.25,950,78599,0.580,GUIDED,GUIDED,128,0.0,9.49001920223236,10.0,0.0,0.5,0.0,nan,nan,nan,nan,nan,nan,nan,nan,nan,nan,0.023317212622976653,0.11189067153444404,0.00026038849875625555,0,0,-0.03881053999066353,9.414258003234863,9.999893188476562,0.00894507672637701,0.47914063930511475,-8.866770804161206e-05,-13,0,-1001,0,0,1,0.0020103221759200096,-0.01149529404938221,0.020129108801484108,0.001704358495771885,3135,3135,0.019900798797607422,12.312,28.78,91,6,10,1.21,831,0.003644930897280574,0.00015055800031404942,0.00641294289380312,1500,1500,1000,1500,1800,1000,1000,1800
1783904334.3163,19.0000,0.01968,50.81,951,78619,0.600,GUIDED,GUIDED,128,0.0,9.500022053718567,10.0,0.0,0.5,0.0,nan,nan,nan,nan,nan,nan,nan,nan,nan,nan,0.02323004640566813,0.11198704389202148,0.0003804780976907478,0,0,-0.038783226162195206,9.424111366271973,9.999887466430664,0.008979632519185543,0.4791713058948517,-0.00015469784557353705,-13,0,-1001,0,0,1,0.0020103221759200096,-0.01149529404938221,0.020129108801484108,0.001704358495771885,3135,3135,0.019617080688476562,12.312,28.78,91,6,10,1.21,831,0.003644930897280574,0.00015055800031404942,0.00641294289380312,1500,1500,1000,1500,1800,1000,1000,1800
1783904334.3363,19.0201,0.02001,49.99,952,78639,0.620,GUIDED,GUIDED,128,0.0,9.51002585887909,10.0,0.0,0.5,0.0,nan,nan,nan,nan,nan,nan,nan,nan,nan,nan,0.023423998590294946,0.11159098245891019,0.00037297500597055,0,0,-0.03888801112771034,9.434206008911133,9.9998779296875,0.008928151801228523,0.4793475270271301,-0.00014485989231616259,-13,0,-1001,0,0,1,0.0020103221759200096,-0.01149529404938221,0.020129108801484108,0.001704358495771885,3135,3135,0.019941091537475586,12.312,28.78,91,6,10,1.21,831,0.003644930897280574,0.00015055800031404942,0.00641294289380312,1500,1500,1000,1500,1800,1000,1000,1800
1783904334.3563,19.0401,0.02000,50.00,953,78659,0.640,GUIDED,GUIDED,128,0.0,9.520026326179504,10.0,0.0,0.5,0.0,nan,nan,nan,nan,nan,nan,nan,nan,nan,nan,0.023303493681813676,0.11174555507615733,0.00038202991401033236,0,0,-0.03884167969226837,9.4440279006958,9.999872207641602,0.008970975875854492,0.4793613851070404,-0.00014678412117064,-13,0,-1001,0,0,1,0.0020103221759200096,-0.01149529404938221,0.020129108801484108,0.001704358495771885,3135,3135,0.01993584632873535,12.312,28.78,91,6,10,1.21,831,0.003644930897280574,0.00015055800031404942,0.00641294289380312,1500,1500,1000,1500,1800,1000,1000,1800
1783904334.3763,19.0601,0.02000,50.00,954,78679,0.660,GUIDED,GUIDED,128,0.0,9.530025839805603,10.0,0.0,0.5,0.0,nan,nan,nan,nan,nan,nan,nan,nan,nan,nan,0.02343188580629345,0.11144766034225091,0.00036768469634398726,0,0,-0.03891019523143768,9.454060554504395,9.999861717224121,0.00893640611320734,0.4795142412185669,-0.00013244526053313166,-13,0,-1001,0,0,1,0.0020103221759200096,-0.01149529404938221,0.020129108801484108,0.001704358495771885,3135,3135,0.019934654235839844,12.312,28.78,91,6,10,1.21,831,0.003644930897280574,0.00015055800031404942,0.00641294289380312,1500,1500,1000,1500,1800,1000,1000,1800
1783904334.3963,19.0801,0.02000,50.00,955,78699,0.680,GUIDED,GUIDED,128,0.0,9.540025353431702,10.0,0.0,0.5,0.0,nan,nan,nan,nan,nan,nan,nan,nan,nan,nan,0.023597427057657827,0.11124751071328796,0.0003974190821720867,0,0,-0.0389661006629467,9.464057922363281,9.999849319458008,0.008873107843101025,0.4796310365200043,-0.00014245456259232014,-13,0,-1001,0,0,1,0.0020103221759200096,-0.01149529404938221,0.020129108801484108,0.001704358495771885,3135,3135,0.019934654235839844,12.312,28.78,91,6,10,1.21,831,0.003644930897280574,0.00015055800031404942,0.00641294289380312,1500,1500,1000,1500,1800,1000,1000,1800
1783904334.4163,19.1000,0.01997,50.07,956,78719,0.700,GUIDED,GUIDED,128,0.0,9.550024151802063,10.0,0.0,0.5,0.0,nan,nan,nan,nan,nan,nan,nan,nan,nan,nan,0.02345022930147212,0.11152623007803347,0.0004378441708592644,0,0,-0.038897234946489334,9.473836898803711,9.999841690063477,0.008918332867324352,0.4795970320701599,-0.0001613891654415056,-13,0,-1001,0,0,1,0.0020103221759200096,-0.01149529404938221,0.020129108801484108,0.001704358495771885,3135,3135,0.019920825958251953,12.312,28.78,91,6,10,1.21,831,0.003644930897280574,0.00015055800031404942,0.00641294289380312,1500,1500,1000,1500,1800,1000,1000,1800
1783904334.4363,19.1201,0.02003,49.93,957,78739,0.720,GUIDED,GUIDED,128,0.0,9.560025572776794,10.0,0.0,0.5,0.0,nan,nan,nan,nan,nan,nan,nan,nan,nan,nan,0.02351796251924603,0.1114249601106779,0.00041170738884535694,0,0,-0.03892252594232559,9.483780860900879,9.99983024597168,0.008893828839063644,0.4796886742115021,-0.000139691837830469,-13,0,-1001,0,0,1,0.0020103221759200096,-0.01149529404938221,0.020129108801484108,0.001704358495771885,3135,3135,0.019962310791015625,12.312,28.78,91,6,10,1.21,831,0.003644930897280574,0.00015055800031404942,0.00641294289380312,1500,1500,1000,1500,1800,1000,1000,1800
1783904334.4563,19.1401,0.01998,50.06,958,78759,0.740,GUIDED,GUIDED,128,0.0,9.57002568244934,10.0,0.0,0.5,0.0,nan,nan,nan,nan,nan,nan,nan,nan,nan,nan,0.023331049430878967,0.11165568831901446,0.0004169410498418957,0,0,-0.03883874788880348,9.493535995483398,9.999823570251465,0.00895337387919426,0.4796968996524811,-0.00013885926455259323,-13,0,-1001,0,0,1,0.0020103221759200096,-0.01149529404938221,0.020129108801484108,0.001704358495771885,3135,3135,0.019923686981201172,12.312,28.78,91,6,10,1.21,831,0.003644930897280574,0.00015055800031404942,0.00641294289380312,1500,1500,1000,1500,1800,1000,1000,1800
1783904334.4763,19.1601,0.02002,49.94,959,78779,0.760,GUIDED,GUIDED,128,0.0,9.580025434494019,10.0,0.0,0.5,0.0,nan,nan,nan,nan,nan,nan,nan,nan,nan,nan,0.02329132885650919,0.11167417235371002,0.00037569957085759173,0,0,-0.03883503004908562,9.503433227539062,9.999812126159668,0.008974160067737103,0.47974541783332825,-0.00010844123607967049,-13,0,-1001,0,0,1,0.0020103221759200096,-0.01149529404938221,0.020129108801484108,0.001704358495771885,3135,3135,0.019958019256591797,12.312,28.78,91,6,10,1.21,831,0.003644930897280574,0.00015055800031404942,0.00641294289380312,1500,1500,1000,1500,1800,1000,1000,1800
1783904334.4963,19.1800,0.02000,50.00,960,78799,0.780,GUIDED,GUIDED,128,0.0,9.59002435207367,10.0,0.0,0.5,0.0,nan,nan,nan,nan,nan,nan,nan,nan,nan,nan,0.023299395794400664,0.11174348393647435,0.0003031265167376695,0,0,-0.0388244092464447,9.513304710388184,9.999799728393555,0.008963370695710182,0.4797789752483368,-5.9383310144767165e-05,-13,0,-1001,0,0,1,0.0020103221759200096,-0.01149529404938221,0.020129108801484108,0.001704358495771885,3135,3135,0.019921541213989258,12.312,28.78,91,6,10,1.21,831,0.003644930897280574,0.00015055800031404942,0.00641294289380312,1500,1500,1000,1500,1800,1000,1000,1800
1783904334.5163,19.2000,0.02002,49.96,961,78819,0.800,GUIDED,GUIDED,128,0.0,9.600024580955505,10.0,0.0,0.5,0.0,nan,nan,nan,nan,nan,nan,nan,nan,nan,nan,0.023222262850963706,0.11184017960422576,0.0002927559628521287,0,0,-0.03879716619849205,9.52318000793457,9.999794006347656,0.00899217464029789,0.47979527711868286,-5.0092243327526376e-05,-13,0,-1001,0,0,1,0.0020103221759200096,-0.01149529404938221,0.020129108801484108,0.001704358495771885,3135,3135,0.019954204559326172,12.312,28.78,91,6,10,1.21,831,0.003644930897280574,0.00015055800031404942,0.00641294289380312,1500,1500,1000,1500,1800,1000,1000,1800
1783904334.5363,19.2201,0.01998,50.04,962,78839,0.820,GUIDED,GUIDED,128,0.0,9.610025405883789,10.0,0.0,0.5,0.0,nan,nan,nan,nan,nan,nan,nan,nan,nan,nan,0.023435943637714132,0.11134163010502963,0.0003150782102661899,0,0,-0.03890284523367882,9.533304214477539,9.999786376953125,0.00892981979995966,0.48001188039779663,-5.8575165894581005e-05,-13,0,-1001,0,0,1,0.0020103221759200096,-0.01149529404938221,0.020129108801484108,0.001704358495771885,3135,3135,0.019918441772460938,12.312,28.78,91,6,10,1.21,831,0.003644930897280574,0.00015055800031404942,0.00641294289380312,1500,1500,1000,1500,1800,1000,1000,1800
1783904334.5567,19.2400,0.02039,49.03,963,78859,0.840,GUIDED,GUIDED,128,0.0,9.620019555091858,10.0,0.0,0.5,0.0,nan,nan,nan,nan,nan,nan,nan,nan,nan,nan,0.023340209169979843,0.11145855543779948,0.00027789442664967587,0,0,-0.038856957107782364,9.543148040771484,9.999781608581543,0.008958598598837852,0.48003116250038147,-3.43540777976159e-05,-13,0,-1001,0,0,1,0.0019845350179821253,-0.011537326499819756,0.020046571269631386,0.0017067588632926345,3135,3135,0.02033209800720215,12.312,28.78,91,6,10,1.21,831,0.0042196460999548435,0.0001464734523324296,0.006342871114611626,1500,1500,1000,1500,1800,1000,1000,1800
1783904334.5763,19.2600,0.01960,51.02,964,78879,0.860,GUIDED,GUIDED,128,0.0,9.630022764205933,10.0,0.0,0.5,0.0,nan,nan,nan,nan,nan,nan,nan,nan,nan,nan,0.023469745314342087,0.11112671261347912,0.0003117245966618834,0,0,-0.03892642632126808,9.55320930480957,9.999773025512695,0.008923918940126896,0.4801892340183258,-4.893049845122732e-05,-13,0,-1001,0,0,1,0.0019845350179821253,-0.011537326499819756,0.020046571269631386,0.0017067588632926345,3135,3135,0.019535064697265625,12.312,28.78,91,6,10,1.21,831,0.0042196460999548435,0.0001464734523324296,0.006342871114611626,1500,1500,1000,1500,1800,1000,1000,1800
1783904334.5963,19.2800,0.02000,50.00,965,78899,0.880,GUIDED,GUIDED,128,0.0,9.64002251625061,10.0,0.0,0.5,0.0,nan,nan,nan,nan,nan,nan,nan,nan,nan,nan,0.023614921884069665,0.11092064293858639,0.00031914868494257347,0,0,-0.03898325189948082,9.563233375549316,9.999762535095215,0.008872909471392632,0.4802941679954529,-4.716015246231109e-05,-13,0,-1001,0,0,1,0.0019845350179821253,-0.011537326499819756,0.020046571269631386,0.0017067588632926345,3135,3135,0.01993536949157715,12.312,28.78,91,6,10,1.21,831,0.0042196460999548435,0.0001464734523324296,0.006342871114611626,1500,1500,1000,1500,1800,1000,1000,1800
1783904334.6163,19.3001,0.02001,49.99,966,78919,0.900,GUIDED,GUIDED,128,0.0,9.650025367736816,10.0,0.0,0.5,0.0,nan,nan,nan,nan,nan,nan,nan,nan,nan,nan,0.02342977560542879,0.11116243088908911,0.00032658377162275855,0,0,-0.038914527744054794,9.57303237915039,9.999756813049316,0.008940125815570354,0.4802722632884979,-4.814917701878585e-05,-13,0,-1001,0,0,1,0.0019845350179821253,-0.011537326499819756,0.020046571269631386,0.0017067588632926345,3135,3135,0.019941091537475586,12.312,28.78,91,6,10,1.21,831,0.0042196460999548435,0.0001464734523324296,0.006342871114611626,1500,1500,1000,1500,1800,1000,1000,1800
1783904334.6363,19.3201,0.02000,50.00,967,78939,0.920,GUIDED,GUIDED,128,0.0,9.660025000572205,10.0,0.0,0.5,0.0,nan,nan,nan,nan,nan,nan,nan,nan,nan,nan,0.023493196245643926,0.11099903875435278,0.00037666547510819675,0,0,-0.038939788937568665,9.583002090454102,9.999747276306152,0.00891809444874525,0.48038387298583984,-7.155782077461481e-05,-13,0,-1001,0,0,1,0.0019845350179821253,-0.011537326499819756,0.020046571269631386,0.0017067588632926345,3135,3135,0.019934654235839844,12.312,28.78,91,6,10,1.21,831,0.0042196460999548435,0.0001464734523324296,0.006342871114611626,1500,1500,1000,1500,1800,1000,1000,1800
1783904334.6563,19.3401,0.02000,50.00,968,78959,0.940,GUIDED,GUIDED,128,0.0,9.670025706291199,10.0,0.0,0.5,0.0,nan,nan,nan,nan,nan,nan,nan,nan,nan,nan,0.023280809637424717,0.11131075959895823,0.00038626594481320034,0,0,-0.03885554522275925,9.59277629852295,9.99974250793457,0.00899207778275013,0.48033466935157776,-7.434763392666355e-05,-13,0,-1001,0,0,1,0.0019845350179821253,-0.011537326499819756,0.020046571269631386,0.0017067588632926345,3135,3135,0.019937753677368164,12.312,28.78,91,6,10,1.21,831,0.0042196460999548435,0.0001464734523324296,0.006342871114611626,1500,1500,1000,1500,1800,1000,1000,1800
1783904334.6763,19.3601,0.02000,50.00,969,78979,0.960,GUIDED,GUIDED,128,0.0,9.680025219917297,10.0,0.0,0.5,0.0,nan,nan,nan,nan,nan,nan,nan,nan,nan,nan,0.02323591192651936,0.11172926942618443,0.0003574671483695806,0,0,-0.03885858878493309,9.602295875549316,9.99973201751709,0.009019756689667702,0.4803701341152191,-5.166399569134228e-05,-13,0,-1001,0,0,1,0.0019845350179821253,-0.011537326499819756,0.020046571269631386,0.0017067588632926345,3135,3135,0.01993393898010254,12.312,28.78,91,6,10,1.21,831,0.0042196460999548435,0.0001464734523324296,0.006342871114611626,1500,1500,1000,1500,1800,1000,1000,1800
1783904334.6963,19.3800,0.01998,50.06,970,78999,0.980,GUIDED,GUIDED,128,0.0,9.690024375915527,10.0,0.0,0.5,0.0,nan,nan,nan,nan,nan,nan,nan,nan,nan,nan,0.023252830349772362,0.11172505930514523,0.0002814513029492119,0,0,-0.03884735703468323,9.612189292907715,9.99972152709961,0.009003504179418087,0.4804336130619049,-1.7195815189552377e-06,-13,0,-1001,0,0,1,0.0019845350179821253,-0.011537326499819756,0.020046571269631386,0.0017067588632926345,3135,3135,0.019922256469726562,12.312,28.78,91,6,10,1.21,831,0.0042196460999548435,0.0001464734523324296,0.006342871114611626,1500,1500,1000,1500,1800,1000,1000,1800
1783904334.7163,19.4001,0.02007,49.83,971,79019,0.000,GUIDED,GUIDED,128,0.0,9.7000253200531,10.0,0.0,0.5,0.0,nan,nan,nan,nan,nan,nan,nan,nan,nan,nan,0.023192597376745967,0.11176130773499161,0.00023224393486365945,0,0,-0.0388193279504776,9.622088432312012,9.999717712402344,0.00902209710329771,0.4804714620113373,2.889272218453698e-05,-13,0,-1001,0,0,1,0.0019845350179821253,-0.011537326499819756,0.020046571269631386,0.0017067588632926345,3135,3135,0.019960880279541016,12.312,28.78,91,6,10,1.21,831,0.0042196460999548435,0.0001464734523324296,0.006342871114611626,1500,1500,1000,1500,1800,1000,1000,1800
1783904334.7363,19.4201,0.01996,50.10,972,79039,0.020,GUIDED,GUIDED,128,0.0,9.710025429725647,10.0,0.0,0.5,0.0,nan,nan,nan,nan,nan,nan,nan,nan,nan,nan,0.02344385785469382,0.11125635676603796,0.00021977841346246122,0,0,-0.03892429172992706,9.632245063781738,9.999711036682129,0.008937632665038109,0.4806726276874542,3.9943923184182495e-05,-13,0,-1001,0,0,1,0.0019845350179821253,-0.011537326499819756,0.020046571269631386,0.0017067588632926345,3135,3135,0.019894123077392578,12.312,28.78,91,6,10,1.21,831,0.0042196460999548435,0.0001464734523324296,0.006342871114611626,1500,1500,1000,1500,1800,1000,1000,1800
1783904334.7563,19.4401,0.02000,50.00,973,79059,0.040,GUIDED,GUIDED,128,0.0,9.720025539398193,10.0,0.0,0.5,0.0,nan,nan,nan,nan,nan,nan,nan,nan,nan,nan,0.023375708565359053,0.11135033947057252,0.0002045608168134821,0,0,-0.038878183811903,9.642110824584961,9.99970817565918,0.008950358256697655,0.4806959331035614,5.038161907577887e-05,-13,0,-1001,0,0,1,0.0019845350179821253,-0.011537326499819756,0.020046571269631386,0.0017067588632926345,3135,3135,0.019934415817260742,12.312,28.78,91,6,10,1.21,831,0.0042196460999548435,0.0001464734523324296,0.006342871114611626,1500,1500,1000,1500,1800,1000,1000,1800
1783904334.7763,19.4601,0.02001,49.97,974,79079,0.060,GUIDED,GUIDED,128,0.0,9.730026721954346,10.0,0.0,0.5,0.0,nan,nan,nan,nan,nan,nan,nan,nan,nan,nan,0.023547436777335853,0.1109566573704976,0.0001922402720229866,0,0,-0.03894782066345215,9.652201652526855,9.999700546264648,0.008891415782272816,0.4808714687824249,6.189972191350535e-05,-13,0,-1001,0,0,1,0.0019845350179821253,-0.011537326499819756,0.020046571269631386,0.0017067588632926345,3135,3135,0.01993870735168457,12.312,28.78,91,6,10,1.21,831,0.0042196460999548435,0.0001464734523324296,0.006342871114611626,1500,1500,1000,1500,1800,1000,1000,1800
1783904334.7966,19.4800,0.02028,49.30,975,79099,0.080,GUIDED,GUIDED,128,0.0,9.740018248558044,10.0,0.0,0.5,0.0,nan,nan,nan,nan,nan,nan,nan,nan,nan,nan,0.02371501560827218,0.11067594228731413,0.00020649545405866578,0,0,-0.03900505229830742,9.66225528717041,9.999692916870117,0.008827706798911095,0.4809976816177368,5.807432171422988e-05,-13,0,-1001,0,0,1,0.0019303073640912771,-0.011528638191521168,0.019949449226260185,0.0016831085085868835,3135,3135,0.01989293098449707,12.312,28.75,91,6,10,1.21,831,0.0044343662448227406,0.00014111549535300583,0.006443054415285587,1500,1500,1000,1500,1800,1000,1000,1800
1783904334.8163,19.5000,0.01970,50.77,976,79119,0.100,GUIDED,GUIDED,128,0.0,9.750022649765015,10.0,0.0,0.5,0.0,nan,nan,nan,nan,nan,nan,nan,nan,nan,nan,0.02358086020964891,0.1109368857079079,0.00016424507506967125,0,0,-0.03893764689564705,9.672076225280762,9.999689102172852,0.008866244927048683,0.4809529483318329,8.467000589007512e-05,-13,0,-1001,0,0,1,0.0019303073640912771,-0.011528638191521168,0.019949449226260185,0.0016831085085868835,3135,3135,0.019633769989013672,12.312,28.75,91,6,10,1.21,831,0.0044343662448227406,0.00014111549535300583,0.006443054415285587,1500,1500,1000,1500,1800,1000,1000,1800
1783904334.8363,19.5200,0.01997,50.07,977,79139,0.120,GUIDED,GUIDED,128,0.0,9.760021090507507,10.0,0.0,0.5,0.0,nan,nan,nan,nan,nan,nan,nan,nan,nan,nan,0.023631568225330905,0.11076952534892172,0.00018206003676937165,0,0,-0.03896418586373329,9.682073593139648,9.99968147277832,0.00885229092091322,0.48105019330978394,7.878936594352126e-05,-13,0,-1001,0,0,1,0.0019303073640912771,-0.011528638191521168,0.019949449226260185,0.0016831085085868835,3135,3135,0.019918441772460938,12.312,28.75,91,6,10,1.21,831,0.0044343662448227406,0.00014111549535300583,0.006443054415285587,1500,1500,1000,1500,1800,1000,1000,1800
1783904334.8562,19.5400,0.01999,50.02,978,79159,0.140,GUIDED,GUIDED,128,0.0,9.770017743110657,10.0,0.0,0.5,0.0,nan,nan,nan,nan,nan,nan,nan,nan,nan,nan,0.023478314533548192,0.11102294242949928,0.00012575389154540338,0,0,-0.03888124227523804,9.69186782836914,9.999679565429688,0.008892884477972984,0.4810207486152649,0.00011239894229220226,-13,0,-1001,0,0,1,0.0019303073640912771,-0.011528638191521168,0.019949449226260185,0.0016831085085868835,3135,3135,0.01993846893310547,12.312,28.75,91,6,10,1.21,831,0.0044343662448227406,0.00014111549535300583,0.006443054415285587,1500,1500,1000,1500,1800,1000,1000,1800
1783904334.8762,19.5600,0.01999,50.04,979,79179,0.160,GUIDED,GUIDED,128,0.0,9.780015468597412,10.0,0.0,0.5,0.0,nan,nan,nan,nan,nan,nan,nan,nan,nan,nan,0.0235064105680947,0.11099860862489272,0.00013191103855461536,0,0,-0.03887951374053955,9.701813697814941,9.999672889709473,0.008875665254890919,0.48106473684310913,0.0001126983406720683,-13,0,-1001,0,0,1,0.0019303073640912771,-0.011528638191521168,0.019949449226260185,0.0016831085085868835,3135,3135,0.01993703842163086,12.312,28.75,91,6,10,1.21,831,0.0044343662448227406,0.00014111549535300583,0.006443054415285587,1500,1500,1000,1500,1800,1000,1000,1800
1783904334.8963,19.5800,0.02002,49.94,980,79199,0.180,GUIDED,GUIDED,128,0.0,9.79002070426941,10.0,0.0,0.5,0.0,nan,nan,nan,nan,nan,nan,nan,nan,nan,nan,0.0235231539046794,0.11100505393409614,0.00017587601355703608,0,0,-0.03887096047401428,9.711731910705566,9.999664306640625,0.008861060254275799,0.4811112582683563,9.227058762917295e-05,-13,0,-1001,0,0,1,0.0019303073640912771,-0.011528638191521168,0.019949449226260185,0.0016831085085868835,3135,3135,0.019969463348388672,12.312,28.75,91,6,10,1.21,831,0.0044343662448227406,0.00014111549535300583,0.006443054415285587,1500,1500,1000,1500,1800,1000,1000,1800
1783904334.9163,19.6001,0.02007,49.83,981,79219,0.200,GUIDED,GUIDED,128,0.0,9.80003833770752,10.0,0.0,0.5,0.0,nan,nan,nan,nan,nan,nan,nan,nan,nan,nan,0.02347295379670305,0.11103709209735335,0.00019337643031258086,0,0,-0.03884563595056534,9.721654891967773,9.999661445617676,0.008875422179698944,0.4811474084854126,8.381852967431769e-05,-13,0,-1001,0,0,1,0.0019303073640912771,-0.011528638191521168,0.019949449226260185,0.0016831085085868835,3135,3135,0.019999265670776367,12.312,28.75,91,6,10,1.21,831,0.0044343662448227406,0.00014111549535300583,0.006443054415285587,1500,1500,1000,1500,1800,1000,1000,1800
1783904334.9363,19.6200,0.01996,50.09,982,79239,0.220,GUIDED,GUIDED,128,0.0,9.810024499893188,10.0,0.0,0.5,0.0,nan,nan,nan,nan,nan,nan,nan,nan,nan,nan,0.02367480509840912,0.11051557748641734,0.00017933777230321252,0,0,-0.03895246610045433,9.731842994689941,9.999653816223145,0.008820561692118645,0.4813319146633148,9.632858564145863e-05,-13,0,-1001,0,0,1,0.0019303073640912771,-0.011528638191521168,0.019949449226260185,0.0016831085085868835,3135,3135,0.019899606704711914,12.312,28.75,91,6,10,1.21,831,0.0044343662448227406,0.00014111549535300583,0.006443054415285587,1500,1500,1000,1500,1800,1000,1000,1800
1783904334.9563,19.6400,0.02001,49.98,983,79259,0.240,GUIDED,GUIDED,128,0.0,9.820023655891418,10.0,0.0,0.5,0.0,nan,nan,nan,nan,nan,nan,nan,nan,nan,nan,0.023528424704775192,0.11059418387143743,0.00017603619372092463,0,0,-0.03890777379274368,9.741731643676758,9.999650955200195,0.00887927133589983,0.4813503324985504,9.98865652945824e-05,-13,0,-1001,0,0,1,0.0019303073640912771,-0.011528638191521168,0.019949449226260185,0.0016831085085868835,3135,3135,0.019939661026000977,12.312,28.75,91,6,10,1.21,831,0.0044343662448227406,0.00014111549535300583,0.006443054415285587,1500,1500,1000,1500,1800,1000,1000,1800
1783904334.9763,19.6600,0.01999,50.02,984,79279,0.260,GUIDED,GUIDED,128,0.0,9.830024123191833,10.0,0.0,0.5,0.0,nan,nan,nan,nan,nan,nan,nan,nan,nan,nan,0.02365748472864635,0.11019345122326818,0.00017583993307396958,0,0,-0.0389777347445488,9.751852035522461,9.999643325805664,0.008845150470733643,0.4815124571323395,0.00010440470941830426,-13,0,-1001,0,0,1,0.0019303073640912771,-0.011528638191521168,0.019949449226260185,0.0016831085085868835,3135,3135,0.019926071166992188,12.312,28.75,91,6,10,1.21,831,0.0044343662448227406,0.00014111549535300583,0.006443054415285587,1500,1500,1000,1500,1800,1000,1000,1800
1783904334.9963,19.6800,0.01998,50.06,985,79299,0.280,GUIDED,GUIDED,128,0.0,9.8400239944458,10.0,0.0,0.5,0.0,nan,nan,nan,nan,nan,nan,nan,nan,nan,nan,0.0237572949763612,0.10983078569267304,0.00021016490830070777,0,0,-0.039034828543663025,9.761934280395508,9.999634742736816,0.00882048811763525,0.48167428374290466,8.954261284088716e-05,-13,0,-1001,0,0,1,0.0019303073640912771,-0.011528638191521168,0.019949449226260185,0.0016831085085868835,3135,3135,0.01992321014404297,12.312,28.75,91,6,10,1.21,831,0.0044343662448227406,0.00014111549535300583,0.006443054415285587,1500,1500,1000,1500,1800,1000,1000,1800
1783904335.0163,19.7000,0.02000,50.00,986,79319,0.300,GUIDED,GUIDED,128,0.0,9.850023746490479,10.0,0.0,0.5,0.0,nan,nan,nan,nan,nan,nan,nan,nan,nan,nan,0.023580556310493515,0.11003664911889652,0.00016686943770609814,0,0,-0.03896697238087654,9.771775245666504,9.999631881713867,0.00888335146009922,0.4816471040248871,0.00011619107681326568,-13,0,-1001,0,0,1,0.0019303073640912771,-0.011528638191521168,0.019949449226260185,0.0016831085085868835,3135,3135,0.019946575164794922,12.312,28.75,91,6,10,1.21,831,0.0044343662448227406,0.00014111549535300583,0.006443054415285587,1500,1500,1000,1500,1800,1000,1000,1800
1783904335.0363,19.7201,0.02003,49.93,987,79339,0.320,GUIDED,GUIDED,128,0.0,9.86002516746521,10.0,0.0,0.5,0.0,nan,nan,nan,nan,nan,nan,nan,nan,nan,nan,0.023670971042915136,0.10984745148948408,0.0001962421206776875,0,0,-0.038992755115032196,9.781800270080566,9.999624252319336,0.008846036158502102,0.4817427098751068,0.00010363758337916806,-13,0,-1001,0,0,1,0.0019303073640912771,-0.011528638191521168,0.019949449226260185,0.0016831085085868835,3135,3135,0.019962310791015625,12.312,28.75,91,6,10,1.21,831,0.0044343662448227406,0.00014111549535300583,0.006443054415285587,1500,1500,1000,1500,1800,1000,1000,1800
1783904335.0566,19.7400,0.02029,49.28,988,79359,0.340,GUIDED,GUIDED,128,0.0,9.870018243789673,10.0,0.0,0.5,0.0,nan,nan,nan,nan,nan,nan,nan,nan,nan,nan,0.02347434658875832,0.11009076225523082,0.00015189523783622235,0,0,-0.03890928626060486,9.791613578796387,9.999621391296387,0.008911366574466228,0.48170602321624756,0.0001308930804952979,-13,0,-1001,1,1,1,0.001971851335838437,-0.011531557887792587,0.019858507439494133,0.0017535267397761345,3135,3135,0.020241737365722656,12.312,28.78,91,6,10,1.21,831,0.004586055409163237,0.0001375616411678493,0.0065192789770662785,1500,1500,1000,1500,1800,1000,1000,1800
1783904335.0763,19.7600,0.01970,50.75,989,79379,0.360,GUIDED,GUIDED,128,0.0,9.88002336025238,10.0,0.0,0.5,0.0,nan,nan,nan,nan,nan,nan,nan,nan,nan,nan,0.023466601193309233,0.11000571799819671,0.00011143823087600869,0,0,-0.03890620917081833,9.801586151123047,9.999613761901855,0.008914061821997166,0.48177391290664673,0.00015865577734075487,-13,0,-1001,1,1,1,0.001971851335838437,-0.011531557887792587,0.019858507439494133,0.0017535267397761345,3135,3135,0.0196380615234375,12.312,28.78,91,6,10,1.21,831,0.004586055409163237,0.0001375616411678493,0.0065192789770662785,1500,1500,1000,1500,1800,1000,1000,1800
1783904335.0963,19.7800,0.02000,50.00,990,79399,0.380,GUIDED,GUIDED,128,0.0,9.89002239704132,10.0,0.0,0.5,0.0,nan,nan,nan,nan,nan,nan,nan,nan,nan,nan,0.02340636351044932,0.10961978007401627,4.975729575298644e-05,0,0,-0.038888752460479736,9.811930656433105,9.999605178833008,0.008938761427998543,0.4817972779273987,0.00019922271894756705,-13,0,-1001,1,1,1,0.001971851335838437,-0.011531557887792587,0.019858507439494133,0.0017535267397761345,3135,3135,0.01993393898010254,12.312,28.78,91,6,10,1.21,831,0.004586055409163237,0.0001375616411678493,0.0065192789770662785,1500,1500,1000,1500,1800,1000,1000,1800
1783904335.1163,19.8000,0.02000,50.00,991,79419,0.400,GUIDED,GUIDED,128,0.0,9.900022387504578,10.0,0.0,0.5,0.0,nan,nan,nan,nan,nan,nan,nan,nan,nan,nan,0.023337940725545726,0.10972244185725516,1.7014184238112434e-05,0,0,-0.038861408829689026,9.821813583374023,9.999604225158691,0.0089624784886837,0.48180559277534485,0.00021867756731808186,-13,0,-1001,1,1,1,0.001971851335838437,-0.011531557887792587,0.019858507439494133,0.0017535267397761345,3135,3135,0.01993536949157715,12.312,28.78,91,6,10,1.21,831,0.004586055409163237,0.0001375616411678493,0.0065192789770662785,1500,1500,1000,1500,1800,1000,1000,1800
1783904335.1363,19.8200,0.02000,49.99,992,79439,0.420,GUIDED,GUIDED,128,0.0,9.910024642944336,10.0,0.0,0.5,0.0,nan,nan,nan,nan,nan,nan,nan,nan,nan,nan,0.023589271796527315,0.1093348034344151,5.386177438773329e-05,0,0,-0.038966357707977295,9.831915855407715,9.99959659576416,0.008877964690327644,0.4819716513156891,0.00020180843421258032,-13,0,-1001,1,1,1,0.001971851335838437,-0.011531557887792587,0.019858507439494133,0.0017535267397761345,3135,3135,0.01994037628173828,12.312,28.78,91,6,10,1.21,831,0.004586055409163237,0.0001375616411678493,0.0065192789770662785,1500,1500,1000,1500,1800,1000,1000,1800
1783904335.1563,19.8400,0.02000,50.01,993,79459,0.440,GUIDED,GUIDED,128,0.0,9.920022368431091,10.0,0.0,0.5,0.0,nan,nan,nan,nan,nan,nan,nan,nan,nan,nan,0.02343608150451252,0.1094642234237372,8.77082369245404e-05,0,0,-0.03892046585679054,9.84177017211914,9.999594688415527,0.008939913474023342,0.48197972774505615,0.0001833683782024309,-13,0,-1001,1,1,1,0.001971851335838437,-0.011531557887792587,0.019858507439494133,0.0017535267397761345,3135,3135,0.01993107795715332,12.312,28.78,91,6,10,1.21,831,0.004586055409163237,0.0001375616411678493,0.0065192789770662785,1500,1500,1000,1500,1800,1000,1000,1800
1783904335.1763,19.8600,0.02000,50.00,994,79479,0.460,GUIDED,GUIDED,128,0.0,9.930022239685059,10.0,0.0,0.5,0.0,nan,nan,nan,nan,nan,nan,nan,nan,nan,nan,0.02357154998669777,0.10918337465532724,0.00012749400949901298,0,0,-0.038988906890153885,9.851814270019531,9.999587059020996,0.00890121515840292,0.48211634159088135,0.00016480288468301296,-13,0,-1001,1,1,1,0.001971851335838437,-0.011531557887792587,0.019858507439494133,0.0017535267397761345,3135,3135,0.01993560791015625,12.312,28.78,91,6,10,1.21,831,0.004586055409163237,0.0001375616411678493,0.0065192789770662785,1500,1500,1000,1500,1800,1000,1000,1800
1783904335.1963,19.8800,0.02000,50.00,995,79499,0.480,GUIDED,GUIDED,128,0.0,9.940022230148315,10.0,0.0,0.5,0.0,nan,nan,nan,nan,nan,nan,nan,nan,nan,nan,0.02370582459998361,0.10858023683520697,0.00011807082131734883,0,0,-0.039036817848682404,9.862227439880371,9.999578475952148,0.008851353079080582,0.48222601413726807,0.0001751988020259887,-13,0,-1001,1,1,1,0.001971851335838437,-0.011531557887792587,0.019858507439494133,0.0017535267397761345,3135,3135,0.019936323165893555,12.312,28.78,91,6,10,1.21,831,0.004586055409163237,0.0001375616411678493,0.0065192789770662785,1500,1500,1000,1500,1800,1000,1000,1800
1783904335.2163,19.9000,0.02002,49.95,996,79519,0.500,GUIDED,GUIDED,128,0.0,9.950022339820862,10.0,0.0,0.5,0.0,nan,nan,nan,nan,nan,nan,nan,nan,nan,nan,0.02355832578185993,0.10884258111857725,9.777993058480088e-05,0,0,-0.038967739790678024,9.872039794921875,9.9995756149292,0.008896629326045513,0.48218294978141785,0.00018856556562241167,-13,0,-1001,1,1,1,0.001971851335838437,-0.011531557887792587,0.019858507439494133,0.0017535267397761345,3135,3135,0.019934892654418945,12.312,28.78,91,6,10,1.21,831,0.004586055409163237,0.0001375616411678493,0.0065192789770662785,1500,1500,1000,1500,1800,1000,1000,1800
1783904335.2363,19.9200,0.01998,50.04,997,79539,0.520,GUIDED,GUIDED,128,0.0,9.96002447605133,10.0,0.0,0.5,0.0,nan,nan,nan,nan,nan,nan,nan,nan,nan,nan,0.02362288448094157,0.10879924344504527,9.65035060526791e-05,0,0,-0.038991935551166534,9.882000923156738,9.999568939208984,0.008873325772583485,0.48223164677619934,0.0001931567385327071,-13,0,-1001,1,1,1,0.001971851335838437,-0.011531557887792587,0.019858507439494133,0.0017535267397761345,3135,3135,0.01992011070251465,12.312,28.78,91,6,10,1.21,831,0.004586055409163237,0.0001375616411678493,0.0065192789770662785,1500,1500,1000,1500,1800,1000,1000,1800
1783904335.2563,19.9400,0.01996,50.09,998,79559,0.540,GUIDED,GUIDED,128,0.0,9.970018744468689,10.0,0.0,0.5,0.0,nan,nan,nan,nan,nan,nan,nan,nan,nan,nan,0.02360031314080171,0.10878000087235157,9.752858859409219e-05,0,0,-0.03899679332971573,9.891931533813477,9.999563217163086,0.008889161981642246,0.482279509305954,0.00019586853159125894,-13,0,-1001,1,1,1,0.001971851335838437,-0.011531557887792587,0.019858507439494133,0.0017535267397761345,3135,3135,0.019910573959350586,12.312,28.78,91,6,10,1.21,831,0.004586055409163237,0.0001375616411678493,0.0065192789770662785,1500,1500,1000,1500,1800,1000,1000,1800
1783904335.2763,19.9600,0.02004,49.91,999,79579,0.560,GUIDED,GUIDED,128,0.0,9.980024099349976,10.0,0.0,0.5,0.0,nan,nan,nan,nan,nan,nan,nan,nan,nan,nan,0.023350022550889735,0.10915521669492681,3.8458519065690444e-05,0,0,-0.03890278935432434,9.901705741882324,9.999560356140137,0.008979394100606441,0.4821963310241699,0.00023162446450442076,-13,0,-1001,1,1,1,0.001971851335838437,-0.011531557887792587,0.019858507439494133,0.0017535267397761345,3135,3135,0.019971132278442383,12.312,28.78,91,6,10,1.21,831,0.004586055409163237,0.0001375616411678493,0.0065192789770662785,1500,1500,1000,1500,1800,1000,1000,1800
1783904335.2967,19.9800,0.02038,49.07,1000,79599,0.580,GUIDED,GUIDED,128,0.0,9.99001920223236,10.0,0.0,0.5,0.0,nan,nan,nan,nan,nan,nan,nan,nan,nan,nan,0.023298092128401414,0.109245749925997,1.8067210687085537e-05,0,0,-0.03889043629169464,9.91159725189209,9.999553680419922,0.009002244099974632,0.482203871011734,0.00024725162074901164,-13,0,-1001,3,3,1,0.002048701513558626,-0.01148360874503851,0.01979725807905197,0.0018255590694025159,3135,3135,0.019922733306884766,12.312,28.78,91,6,10,1.21,831,0.0021952653769403696,0.00013302169099915773,0.006284337490797043,1500,1500,1000,1500,1800,1000,1000,1800
