wall_time,cur_time,cur_loop_dt,cur_ctrl_freq,loop_count,fc_time_boot_ms,hb_age_s,sent_mode,echoed_mode,armed,drone_px_ref,drone_py_ref,drone_pz_ref,drone_vx_ref,drone_vy_ref,drone_vz_ref,payload_px_ref,payload_py_ref,payload_pz_ref,payload_vx_ref,payload_vy_ref,payload_vz_ref,payload_alpha_x,payload_alpha_y,payload_alphadot_x,payload_alphadot_y,ux,uy,uz,yaw_ref,yaw_rate_ref,drone_px_meas,drone_py_meas,drone_pz_meas,drone_vx_meas,drone_vy_meas,drone_vz_meas,drone_ax_meas,drone_ay_meas,drone_az_meas,drone_roll,drone_pitch,drone_yaw,drone_yaw_rate,sent_setpoint_bitmask,echoed_setpoint_bitmask,setpoint_bitmask_callback_dt,batt_voltage,batt_current,batt_rem_percent,GPS_fix_type,sat_count,HDOP,ekf_flags,ekf_pos_horiz_var,ekf_pos_vert_var,ekf_vel_var,ch1,ch2,ch3,ch4,ch5,ch6,ch7,ch8
1783462076.3244,0.0000,nan,nan,1,3240621,nan,AUTOTUNE,?,0,1.0728836059570312e-06,0.0,10.0,0.5,0.0,0.0,nan,nan,nan,nan,nan,nan,nan,nan,nan,nan,7.458406427799987,2.0606672862461464,10.546298116914132,0,0,-6.567474842071533,-2.143798828125,-0.5369073748588562,-0.014378971420228481,0.04799601808190346,-0.005421747453510761,nan,nan,nan,-0.02977644093334675,-0.0060186199843883514,-3.136979579925537,-0.00042695135925896466,3135,,nan,24.424,3.21,93,4,23,0.66,895,0.009830878116190434,0.008634745143353939,0.0056725479662418365,1500,1500,1418,1498,1897,1500,1897,1115
1783462076.3444,0.0202,0.02007,49.83,2,3240641,nan,AUTOTUNE,?,0,0.010078787803649902,0.0,10.0,0.5,0.0,0.0,nan,nan,nan,nan,nan,nan,nan,nan,nan,nan,7.466267811596673,2.063568900950668,10.547524587060066,0,0,-6.566880226135254,-2.1439239978790283,-0.5379025340080261,-0.013442673720419407,0.04639303684234619,-0.005555294919759035,nan,nan,nan,-0.029801614582538605,-0.006042152643203735,-3.1369879245758057,-0.0005867573781870306,3135,,nan,24.424,3.21,93,4,23,0.66,895,0.009830878116190434,0.008634745143353939,0.0056725479662418365,1500,1500,1418,1498,1897,1500,1897,1115
1783462076.3644,0.0401,0.01992,50.19,3,3240661,nan,AUTOTUNE,?,0,0.020041823387145996,0.0,10.0,0.5,0.0,0.0,nan,nan,nan,nan,nan,nan,nan,nan,nan,nan,7.477423638150658,2.065278144203588,10.548783876632173,0,0,-6.566751480102539,-2.1435022354125977,-0.5384101271629333,-0.014205663464963436,0.04516270011663437,-0.005989287048578262,nan,nan,nan,-0.029812367632985115,-0.006067089736461639,-3.1369948387145996,-0.00022929260740056634,3135,,nan,24.424,3.21,93,4,23,0.66,895,0.009830878116190434,0.008634745143353939,0.0056725479662418365,1500,1500,1418,1498,1897,1500,1897,1115
1783462076.3853,0.0605,0.02092,47.81,4,3240681,nan,AUTOTUNE,?,0,0.030225276947021484,0.0,10.0,0.5,0.0,0.0,nan,nan,nan,nan,nan,nan,nan,nan,nan,nan,7.488549565313092,2.06664092919682,10.550215761962683,0,0,-6.566218852996826,-2.143568754196167,-0.5392531752586365,-0.01505731325596571,0.044414300471544266,-0.0063292523846030235,nan,nan,nan,-0.02981398068368435,-0.006090227514505386,-3.1369869709014893,0.0003600140626076609,3135,,nan,24.424,3.21,93,4,23,0.66,895,0.009830878116190434,0.008634745143353939,0.0056725479662418365,1500,1500,1418,1498,1897,1500,1897,1115
1783462076.4052,0.0804,0.01987,50.32,5,3240701,nan,AUTOTUNE,?,0,0.04022061824798584,0.0,10.0,0.5,0.0,0.0,nan,nan,nan,nan,nan,nan,nan,nan,nan,nan,7.497376756475296,2.0670271969030134,10.551149162884826,0,0,-6.565729141235352,-2.1435770988464355,-0.5400373339653015,-0.014665616676211357,0.04419610649347305,-0.006415417417883873,nan,nan,nan,-0.02982342429459095,-0.006112795323133469,-3.1369729042053223,0.0005051543703302741,3135,,nan,24.424,3.21,93,4,23,0.66,895,0.009830878116190434,0.008634745143353939,0.0056725479662418365,1500,1500,1418,1498,1897,1500,1897,1115
1783462076.4253,0.1004,0.02019,49.53,6,3240721,nan,AUTOTUNE,?,0,0.05018937587738037,0.0,10.0,0.5,0.0,0.0,nan,nan,nan,nan,nan,nan,nan,nan,nan,nan,7.506213549809229,2.0669305979867474,10.552211766601298,0,0,-6.565627098083496,-2.143134832382202,-0.5404728055000305,-0.014070991426706314,0.04399653524160385,-0.006777492351830006,nan,nan,nan,-0.029840297996997833,-0.006121695041656494,-3.1369707584381104,-0.00010471571295056492,3135,,nan,24.424,3.21,93,4,23,0.66,895,0.009830878116190434,0.008634745143353939,0.0056725479662418365,1500,1500,1418,1498,1897,1500,1897,1115
1783462076.4455,0.1205,0.02011,49.72,7,3240741,nan,AUTOTUNE,?,0,0.06024312973022461,0.0,10.0,0.5,0.0,0.0,nan,nan,nan,nan,nan,nan,nan,nan,nan,nan,7.514087839922999,2.067085709114554,10.55306188302004,0,0,-6.565177917480469,-2.143090009689331,-0.5410774350166321,-0.01307201199233532,0.04388110339641571,-0.006919224280864,nan,nan,nan,-0.02986070141196251,-0.006126420572400093,-3.1369810104370117,-0.0006155738374218345,3135,,nan,24.424,3.21,93,4,23,0.66,895,0.009830878116190434,0.008634745143353939,0.0056725479662418365,1500,1500,1418,1498,1897,1500,1897,1115
1783462076.4653,0.1404,0.01988,50.29,8,3240761,nan,AUTOTUNE,?,0,0.07020270824432373,0.0,10.0,0.5,0.0,0.0,nan,nan,nan,nan,nan,nan,nan,nan,nan,nan,7.5222628860981855,2.0670559355418634,10.553228831965743,0,0,-6.5650858879089355,-2.142634868621826,-0.5413841605186462,-0.012094845063984394,0.04363551735877991,-0.0068385242484509945,nan,nan,nan,-0.02990596927702427,-0.0061291977763175964,-3.1369874477386475,-0.000736794900149107,3135,,nan,24.424,3.21,93,4,23,0.66,895,0.009830878116190434,0.008634745143353939,0.0056725479662418365,1500,1500,1418,1498,1897,1500,1897,1115
1783462076.4853,0.1604,0.01997,50.08,9,3240781,nan,AUTOTUNE,?,0,0.08018696308135986,0.0,10.0,0.5,0.0,0.0,nan,nan,nan,nan,nan,nan,nan,nan,nan,nan,7.529915593240386,2.0693867150424192,10.554266795212433,0,0,-6.5646843910217285,-2.142547369003296,-0.5418415665626526,-0.010980529710650444,0.04223932325839996,-0.0071737091057002544,nan,nan,nan,-0.02991766482591629,-0.006125623360276222,-3.136984348297119,0.00021857532556168735,3135,,nan,24.424,3.21,93,4,23,0.66,895,0.009830878116190434,0.008634745143353939,0.0056725479662418365,1500,1500,1418,1498,1897,1500,1897,1115
1783462076.5055,0.1805,0.02014,49.65,10,3240801,nan,AUTOTUNE,?,0,0.09023821353912354,0.0,10.0,0.5,0.0,0.0,nan,nan,nan,nan,nan,nan,nan,nan,nan,nan,7.539727861588748,2.071374031530572,10.555212006427974,0,0,-6.564453601837158,-2.1424951553344727,-0.542468249797821,-0.010975799523293972,0.041061799973249435,-0.007357611320912838,nan,nan,nan,-0.0299077071249485,-0.0061294399201869965,-3.136981725692749,0.00021046197798568755,3135,,nan,24.424,3.21,93,4,23,0.66,895,0.009897459298372269,0.009928886778652668,0.013002405874431133,1500,1500,1418,1498,1897,1500,1897,1115
1783462076.5255,0.2004,0.02009,49.78,11,3240821,nan,AUTOTUNE,?,0,0.10019159317016602,0.0,10.0,0.5,0.0,0.0,nan,nan,nan,nan,nan,nan,nan,nan,nan,nan,7.550033795224055,2.0712030795179617,10.555282665370772,0,0,-6.564523220062256,-2.1420881748199463,-0.5429331660270691,-0.011139152571558952,0.0409255288541317,-0.007129986770451069,nan,nan,nan,-0.0299028642475605,-0.006169112399220467,-3.1369688510894775,0.0005909609608352184,3135,,nan,24.424,3.21,93,4,23,0.66,895,0.009897459298372269,0.009928886778652668,0.013002405874431133,1500,1500,1418,1498,1897,1500,1897,1115
1783462076.5453,0.2204,0.01978,50.55,12,3240841,nan,AUTOTUNE,?,0,0.11017894744873047,0.0,10.0,0.5,0.0,0.0,nan,nan,nan,nan,nan,nan,nan,nan,nan,nan,7.560037632529472,2.071954530587903,10.55611752093139,0,0,-6.564443588256836,-2.1420600414276123,-0.5436821579933167,-0.011194644495844841,0.04047543555498123,-0.007179560139775276,nan,nan,nan,-0.029896611347794533,-0.00620635412633419,-3.136976957321167,-0.00048717769095674157,3135,,nan,24.424,3.21,93,4,23,0.66,895,0.009897459298372269,0.009928886778652668,0.013002405874431133,1500,1500,1418,1498,1897,1500,1897,1115
1783462076.5654,0.2404,0.02011,49.73,13,3240863,nan,AUTOTUNE,?,0,0.12019765377044678,0.0,10.0,0.5,0.0,0.0,nan,nan,nan,nan,nan,nan,nan,nan,nan,nan,7.566111920316759,2.071099217903472,10.55701753040356,0,0,-6.564389705657959,-2.1419131755828857,-0.5443950295448303,-0.00894844252616167,0.040884457528591156,-0.00728760426864028,nan,nan,nan,-0.029886571690440178,-0.0062072668224573135,-3.13698410987854,-0.0005953697836957872,3135,,nan,24.424,3.21,93,4,23,0.66,895,0.009897459298372269,0.009928886778652668,0.013002405874431133,1500,1500,1418,1498,1897,1500,1897,1115
1783462076.5848,0.2601,0.01940,51.54,14,3240881,nan,AUTOTUNE,?,0,0.13004660606384277,0.0,10.0,0.5,0.0,0.0,nan,nan,nan,nan,nan,nan,nan,nan,nan,nan,7.579360897184973,2.0721321421735786,10.557739773439312,0,0,-6.564429759979248,-2.1415865421295166,-0.5447819828987122,-0.01088832225650549,0.04009951651096344,-0.007481183856725693,nan,nan,nan,-0.029934832826256752,-0.006221763789653778,-3.136974334716797,0.00014793436275795102,3135,,nan,24.424,3.21,93,4,23,0.66,895,0.009897459298372269,0.009928886778652668,0.013002405874431133,1500,1500,1418,1498,1897,1500,1897,1115
1783462076.6054,0.2805,0.02057,48.61,15,3240901,nan,AUTOTUNE,?,0,0.14024007320404053,0.0,10.0,0.5,0.0,0.0,nan,nan,nan,nan,nan,nan,nan,nan,nan,nan,7.587505445157018,2.0737758505957324,10.559189332075517,0,0,-6.564360618591309,-2.1414949893951416,-0.5454145073890686,-0.009745297022163868,0.03909766301512718,-0.007952898740768433,nan,nan,nan,-0.029958359897136688,-0.006212335079908371,-3.1369662284851074,0.00030257360776886344,3135,,nan,24.424,3.21,93,4,23,0.66,895,0.009897459298372269,0.009928886778652668,0.013002405874431133,1500,1500,1418,1498,1897,1500,1897,1115
1783462076.6252,0.3004,0.01982,50.45,16,3240921,nan,AUTOTUNE,?,0,0.15018248558044434,0.0,10.0,0.5,0.0,0.0,nan,nan,nan,nan,nan,nan,nan,nan,nan,nan,7.596050236623209,2.0742664283696377,10.559400733157643,0,0,-6.564428329467773,-2.1410508155822754,-0.5457921624183655,-0.008899287320673466,0.0385579839348793,-0.007856911979615688,nan,nan,nan,-0.029975585639476776,-0.006211468949913979,-3.136967420578003,0.0001568987063365057,3135,,nan,24.424,3.21,93,4,23,0.66,895,0.009897459298372269,0.009928886778652668,0.013002405874431133,1500,1500,1418,1498,1897,1500,1897,1115
1783462076.6454,0.3204,0.02012,49.71,17,3240941,nan,AUTOTUNE,?,0,0.16022467613220215,0.0,10.0,0.5,0.0,0.0,nan,nan,nan,nan,nan,nan,nan,nan,nan,nan,7.6055177325233165,2.0758584377178235,10.55989554839373,0,0,-6.5643630027771,-2.140937089920044,-0.5463350415229797,-0.008605203591287136,0.03757317736744881,-0.007829162292182446,nan,nan,nan,-0.029973769560456276,-0.00624270923435688,-3.1369643211364746,6.388236943166703e-05,3135,,nan,24.424,3.21,93,4,23,0.66,895,0.009897459298372269,0.009928886778652668,0.013002405874431133,1500,1500,1418,1498,1897,1500,1897,1115
1783462076.6653,0.3404,0.01998,50.05,18,3240963,nan,AUTOTUNE,?,0,0.17019283771514893,0.0,10.0,0.5,0.0,0.0,nan,nan,nan,nan,nan,nan,nan,nan,nan,nan,7.615684707474007,2.074389535386139,10.559835093867237,0,0,-6.564334869384766,-2.1406984329223633,-0.5468378663063049,-0.008736231364309788,0.03828345984220505,-0.007503952831029892,nan,nan,nan,-0.029961396008729935,-0.006292557343840599,-3.1369752883911133,-0.0006728931330144405,3135,,nan,24.424,3.21,93,4,23,0.66,895,0.009897459298372269,0.009928886778652668,0.013002405874431133,1500,1500,1418,1498,1897,1500,1897,1115
1783462076.6854,0.3604,0.02012,49.71,19,3240981,nan,AUTOTUNE,?,0,0.1801929473876953,0.0,10.0,0.5,0.0,0.0,nan,nan,nan,nan,nan,nan,nan,nan,nan,nan,7.6291136998192,2.076874220139709,10.560103246267467,0,0,-6.564383506774902,-2.1403443813323975,-0.5471252799034119,-0.010687816888093948,0.03664451465010643,-0.007492832373827696,nan,nan,nan,-0.029963819310069084,-0.0063059329986572266,-3.136976718902588,-0.0003525637148413807,3135,,nan,24.424,3.21,93,4,23,0.66,895,0.009897459298372269,0.009928886778652668,0.013002405874431133,1500,1500,1418,1498,1897,1500,1897,1115
1783462076.7056,0.3804,0.02019,49.53,20,3241001,nan,AUTOTUNE,?,0,0.190191388130188,0.0,10.0,0.5,0.0,0.0,nan,nan,nan,nan,nan,nan,nan,nan,nan,nan,7.638684519444675,2.0762174839233163,10.560840198429677,0,0,-6.5643439292907715,-2.1401607990264893,-0.5475632548332214,-0.010463779792189598,0.03691769018769264,-0.00766544695943594,nan,nan,nan,-0.029973840340971947,-0.006329730153083801,-3.136986494064331,-0.0001606721052667126,3135,,nan,24.424,3.21,93,4,23,0.66,895,0.009897459298372269,0.002776747802272439,0.013002405874431133,1500,1500,1418,1498,1897,1500,1897,1115
1783462076.7252,0.4004,0.01954,51.17,21,3241021,nan,AUTOTUNE,?,0,0.2001798152923584,0.0,10.0,0.5,0.0,0.0,nan,nan,nan,nan,nan,nan,nan,nan,nan,nan,7.645595423504644,2.074890658494926,10.561620566368584,0,0,-6.564413547515869,-2.139699697494507,-0.5478485226631165,-0.008646776899695396,0.037417516112327576,-0.007951293140649796,nan,nan,nan,-0.030003225430846214,-0.006314929574728012,-3.1369659900665283,0.0001676774409133941,3135,,nan,24.424,3.21,93,4,23,0.66,895,0.009897459298372269,0.002776747802272439,0.013002405874431133,1500,1500,1418,1498,1897,1500,1897,1115
1783462076.7452,0.4204,0.02001,49.97,22,3241041,nan,AUTOTUNE,?,0,0.21017873287200928,0.0,10.0,0.5,0.0,0.0,nan,nan,nan,nan,nan,nan,nan,nan,nan,nan,7.6540278285212215,2.075722721114003,10.561179241985814,0,0,-6.565184116363525,-2.1396894454956055,-0.5475805401802063,-0.007297462318092585,0.03693120554089546,-0.00785121414810419,nan,nan,nan,-0.029988881200551987,-0.006317157298326492,-3.1369693279266357,0.00010773276153486222,3135,,nan,24.424,3.21,93,4,23,0.66,895,0.009897459298372269,0.002776747802272439,0.013002405874431133,1500,1500,1418,1498,1897,1500,1897,1115
1783462076.7653,0.4404,0.02010,49.74,23,3241061,nan,AUTOTUNE,?,0,0.22018194198608398,0.0,10.0,0.5,0.0,0.0,nan,nan,nan,nan,nan,nan,nan,nan,nan,nan,7.665211290079188,2.0772374559467632,10.561067817567391,0,0,-6.565648555755615,-2.1393165588378906,-0.5475237965583801,-0.0077107371762394905,0.03584138676524162,-0.007819644175469875,nan,nan,nan,-0.029989223927259445,-0.006322385743260384,-3.1369614601135254,0.0002717921743169427,3135,,nan,24.424,3.21,93,4,23,0.66,895,0.009897459298372269,0.002776747802272439,0.013002405874431133,1500,1500,1418,1498,1897,1500,1897,1115
1783462076.7855,0.4604,0.02018,49.56,24,3241081,nan,AUTOTUNE,?,0,0.23018789291381836,0.0,10.0,0.5,0.0,0.0,nan,nan,nan,nan,nan,nan,nan,nan,nan,nan,7.678865084996141,2.0803823121105185,10.560428024799318,0,0,-6.566357612609863,-2.1392836570739746,-0.5472787022590637,-0.009407446719706059,0.03400670737028122,-0.007591764908283949,nan,nan,nan,-0.029986919835209846,-0.006342781707644463,-3.136962652206421,-8.437795622739941e-05,3135,,nan,24.424,3.21,93,4,23,0.66,895,0.009897459298372269,0.002776747802272439,0.013002405874431133,1500,1500,1418,1498,1897,1500,1897,1115
1783462076.8068,0.4803,0.02133,46.88,25,3241106,nan,AUTOTUNE,?,0,0.24016082286834717,0.0,10.0,0.5,0.0,0.0,nan,nan,nan,nan,nan,nan,nan,nan,nan,nan,7.686892461695948,2.076664580767025,10.56003552053096,0,0,-6.567078113555908,-2.1390421390533447,-0.547098696231842,-0.007868199609220028,0.03601370006799698,-0.007469078991562128,nan,nan,nan,-0.02994559146463871,-0.006373722106218338,-3.136958122253418,0.00023478423827327788,3135,,nan,24.43,3.05,93,4,23,0.66,895,0.009897459298372269,0.002776747802272439,0.013002405874431133,1500,1500,1418,1498,1897,1500,1897,1115
1783462076.8251,0.5005,0.01832,54.57,26,3241123,nan,AUTOTUNE,?,0,0.25022900104522705,0.0,10.0,0.5,0.0,0.0,nan,nan,nan,nan,nan,nan,nan,nan,nan,nan,7.7022345599527515,2.0788903233009823,10.559946157642408,0,0,-6.567477703094482,-2.138746738433838,-0.5470557808876038,-0.010682395659387112,0.034558117389678955,-0.00744226248934865,nan,nan,nan,-0.029956361278891563,-0.006389658898115158,-3.1369433403015137,0.0005660702008754015,3135,,nan,24.43,3.05,93,4,23,0.66,895,0.009897459298372269,0.002776747802272439,0.013002405874431133,1500,1500,1418,1498,1897,1500,1897,1115
1783462076.8450,0.5204,0.01990,50.24,27,3241141,nan,AUTOTUNE,?,0,0.26020681858062744,0.0,10.0,0.5,0.0,0.0,nan,nan,nan,nan,nan,nan,nan,nan,nan,nan,7.7124295973463095,2.0793875440447476,10.55997920202294,0,0,-6.568084716796875,-2.138723134994507,-0.5468189120292664,-0.010457348078489304,0.034257419407367706,-0.0075980969704687595,nan,nan,nan,-0.02997194416821003,-0.006399242207407951,-3.1369404792785645,0.0007386109791696072,3135,,nan,24.43,3.05,93,4,23,0.66,895,0.009897459298372269,0.002776747802272439,0.013002405874431133,1500,1500,1418,1498,1897,1500,1897,1115
1783462076.8650,0.5404,0.01995,50.13,28,3241163,nan,AUTOTUNE,?,0,0.27018535137176514,0.0,10.0,0.5,0.0,0.0,nan,nan,nan,nan,nan,nan,nan,nan,nan,nan,7.7200737888412725,2.079338332534483,10.559927938897893,0,0,-6.568708419799805,-2.1385157108306885,-0.5466046929359436,-0.008749520406126976,0.03416607528924942,-0.0076921796426177025,nan,nan,nan,-0.029966427013278008,-0.00637701153755188,-3.1369330883026123,-4.724661630461924e-05,3135,,nan,24.43,3.05,93,4,23,0.66,895,0.009897459298372269,0.002776747802272439,0.013002405874431133,1500,1500,1418,1498,1897,1500,1897,1115
1783462076.8853,0.5604,0.02036,49.12,29,3241181,nan,AUTOTUNE,?,0,0.28018367290496826,0.0,10.0,0.5,0.0,0.0,nan,nan,nan,nan,nan,nan,nan,nan,nan,nan,7.732573807018673,2.0789903239058236,10.559337442546703,0,0,-6.569082736968994,-2.138187885284424,-0.5465578436851501,-0.009977763518691063,0.03417772799730301,-0.007378304842859507,nan,nan,nan,-0.029909983277320862,-0.0064284298568964005,-3.1369502544403076,-0.0011701640905812383,3135,,nan,24.43,3.05,93,4,23,0.66,895,0.009897459298372269,0.002776747802272439,0.013002405874431133,1500,1500,1418,1498,1897,1500,1897,1115
1783462076.9056,0.5804,0.02023,49.42,30,3241201,nan,AUTOTUNE,?,0,0.2901792526245117,0.0,10.0,0.5,0.0,0.0,nan,nan,nan,nan,nan,nan,nan,nan,nan,nan,7.744086055576776,2.080973917139002,10.559028749537314,0,0,-6.569643974304199,-2.1380300521850586,-0.5463643670082092,-0.010529382154345512,0.03294137492775917,-0.007311784662306309,nan,nan,nan,-0.02993962913751602,-0.006407385692000389,-3.136945962905884,-0.00027972206589765847,3135,,nan,24.43,3.05,93,4,23,0.66,895,0.009747723117470741,0.003894007531926036,0.02142561785876751,1500,1500,1418,1498,1897,1500,1897,1115
1783462076.9250,0.6003,0.01941,51.52,31,3241223,nan,AUTOTUNE,?,0,0.3001481294631958,0.0,10.0,0.5,0.0,0.0,nan,nan,nan,nan,nan,nan,nan,nan,nan,nan,7.757503985771234,2.0839628124570853,10.558914684677307,0,0,-6.570051670074463,-2.137533187866211,-0.5463681817054749,-0.01228531077504158,0.030928870663046837,-0.007243726868182421,nan,nan,nan,-0.029958602041006088,-0.006407551467418671,-3.1369545459747314,-0.00016257911920547485,3135,,nan,24.43,3.05,93,4,23,0.66,895,0.009747723117470741,0.003894007531926036,0.02142561785876751,1500,1500,1418,1498,1897,1500,1897,1115
1783462076.9453,0.6205,0.02033,49.18,32,3241241,nan,AUTOTUNE,?,0,0.31023430824279785,0.0,10.0,0.5,0.0,0.0,nan,nan,nan,nan,nan,nan,nan,nan,nan,nan,7.761917603954705,2.0821675843976584,10.55887248288522,0,0,-6.570612907409668,-2.1380488872528076,-0.5464751124382019,-0.008686225861310959,0.03226308524608612,-0.007157625164836645,nan,nan,nan,-0.029937587678432465,-0.006420949473977089,-3.1369502544403076,2.9670371077372693e-05,3135,,nan,24.43,3.05,93,4,23,0.66,895,0.009747723117470741,0.003894007531926036,0.02142561785876751,1500,1500,1418,1498,1897,1500,1897,1115
1783462076.9654,0.6403,0.02011,49.74,33,3241261,nan,AUTOTUNE,?,0,0.3201702833175659,0.0,10.0,0.5,0.0,0.0,nan,nan,nan,nan,nan,nan,nan,nan,nan,nan,7.774722412438068,2.0834559616126467,10.558995287758831,0,0,-6.57100248336792,-2.137936592102051,-0.546550452709198,-0.010117625817656517,0.031454406678676605,-0.007185028865933418,nan,nan,nan,-0.029911741614341736,-0.0064474232494831085,-3.136962413787842,-0.00033043435541912913,3135,,nan,24.43,3.05,93,4,23,0.66,895,0.009747723117470741,0.003894007531926036,0.02142561785876751,1500,1500,1418,1498,1897,1500,1897,1115
1783462076.9851,0.6604,0.01965,50.89,34,3241281,nan,AUTOTUNE,?,0,0.3301849365234375,0.0,10.0,0.5,0.0,0.0,nan,nan,nan,nan,nan,nan,nan,nan,nan,nan,7.788441639793016,2.087091244222015,10.559094968345835,0,0,-6.571547508239746,-2.1382863521575928,-0.5465648770332336,-0.011941792443394661,0.02955750934779644,-0.007234251592308283,nan,nan,nan,-0.029948972165584564,-0.00645088218152523,-3.136976718902588,-0.000830694567412138,3135,,nan,24.43,3.05,93,4,23,0.66,895,0.009747723117470741,0.003894007531926036,0.02142561785876751,1500,1500,1418,1498,1897,1500,1897,1115
1783462077.0052,0.6804,0.02013,49.68,35,3241301,nan,AUTOTUNE,?,0,0.34019172191619873,0.0,10.0,0.5,0.0,0.0,nan,nan,nan,nan,nan,nan,nan,nan,nan,nan,7.799511985012322,2.0890120289071903,10.559985775038959,0,0,-6.572071075439453,-2.1385860443115234,-0.5465871691703796,-0.012253557331860065,0.028621571138501167,-0.007735688704997301,nan,nan,nan,-0.029969781637191772,-0.006444733589887619,-3.1370034217834473,-0.0012133574346080422,3135,,nan,24.43,3.05,93,4,23,0.66,895,0.009747723117470741,0.003894007531926036,0.02142561785876751,1500,1500,1418,1498,1897,1500,1897,1115
1783462077.0251,0.7004,0.01995,50.13,36,3241321,nan,AUTOTUNE,?,0,0.35019922256469727,0.0,10.0,0.5,0.0,0.0,nan,nan,nan,nan,nan,nan,nan,nan,nan,nan,7.806772560323551,2.0876909275293745,10.560266890793242,0,0,-6.57243537902832,-2.1384224891662598,-0.5466758608818054,-0.010457288473844528,0.029289880767464638,-0.00784678477793932,nan,nan,nan,-0.029938798397779465,-0.006473705172538757,-3.1369926929473877,0.00039516238030046225,3135,,nan,24.43,3.05,93,4,23,0.66,895,0.009747723117470741,0.003894007531926036,0.02142561785876751,1500,1500,1418,1498,1897,1500,1897,1115
1783462077.0454,0.7205,0.02029,49.28,37,3241341,nan,AUTOTUNE,?,0,0.3602313995361328,0.0,10.0,0.5,0.0,0.0,nan,nan,nan,nan,nan,nan,nan,nan,nan,nan,7.818792611641076,2.0880822208488286,10.559720957636344,0,0,-6.572930335998535,-2.138674259185791,-0.5467067360877991,-0.01131922472268343,0.029209326952695847,-0.007513764314353466,nan,nan,nan,-0.029906408861279488,-0.006526710465550423,-3.136984348297119,0.00037628167774528265,3135,,nan,24.43,3.05,93,4,23,0.66,895,0.009747723117470741,0.003894007531926036,0.02142561785876751,1500,1500,1418,1498,1897,1500,1897,1115
1783462077.0656,0.7405,0.02012,49.71,38,3241361,nan,AUTOTUNE,?,0,0.3702366352081299,0.0,10.0,0.5,0.0,0.0,nan,nan,nan,nan,nan,nan,nan,nan,nan,nan,7.8310592946011095,2.0900672985566686,10.559168199648145,0,0,-6.5732741355896,-2.1384968757629395,-0.546796977519989,-0.012426379136741161,0.027960829436779022,-0.007142528425902128,nan,nan,nan,-0.029922671616077423,-0.00652688555419445,-3.1369645595550537,0.0006369115435518324,3135,,nan,24.43,3.05,93,4,23,0.66,895,0.009747723117470741,0.003894007531926036,0.02142561785876751,1500,1500,1418,1498,1897,1500,1897,1115
1783462077.0851,0.7605,0.01952,51.23,39,3241381,nan,AUTOTUNE,?,0,0.38023197650909424,0.0,10.0,0.5,0.0,0.0,nan,nan,nan,nan,nan,nan,nan,nan,nan,nan,7.840118095773019,2.0898373680116316,10.559293453807623,0,0,-6.573736667633057,-2.138679265975952,-0.5468400120735168,-0.011618624441325665,0.028198882937431335,-0.007189997937530279,nan,nan,nan,-0.029942702502012253,-0.00651819072663784,-3.13698148727417,-0.0008111189818009734,3135,,nan,24.43,3.05,93,4,23,0.66,895,0.009747723117470741,0.003894007531926036,0.02142561785876751,1500,1500,1418,1498,1897,1500,1897,1115
1783462077.1053,0.7805,0.02027,49.33,40,3241401,nan,AUTOTUNE,?,0,0.3902326822280884,0.0,10.0,0.5,0.0,0.0,nan,nan,nan,nan,nan,nan,nan,nan,nan,nan,7.847653976345057,2.0887686294544947,10.559065137058857,0,0,-6.574186325073242,-2.1388378143310547,-0.5468842387199402,-0.009935947135090828,0.02890745736658573,-0.007032644934952259,nan,nan,nan,-0.02989698387682438,-0.006536530330777168,-3.136989116668701,-0.0005991861689835787,3135,,nan,24.43,3.05,93,4,23,0.66,895,0.00855968426913023,9.190918717649765e-06,0.021771933883428574,1500,1500,1418,1498,1897,1500,1897,1115
1783462077.1250,0.8003,0.01962,50.97,41,3241421,nan,AUTOTUNE,?,0,0.4001659154891968,0.0,10.0,0.5,0.0,0.0,nan,nan,nan,nan,nan,nan,nan,nan,nan,nan,7.858574443906627,2.0890938017554195,10.558654802474921,0,0,-6.574522495269775,-2.1386208534240723,-0.5469812750816345,-0.010311839170753956,0.028594456613063812,-0.006739714182913303,nan,nan,nan,-0.02988184243440628,-0.006553515791893005,-3.1369776725769043,-2.8306880267336965e-05,3135,,nan,24.43,3.05,93,4,23,0.66,895,0.00855968426913023,9.190918717649765e-06,0.021771933883428574,1500,1500,1418,1498,1897,1500,1897,1115
1783462077.1453,0.8205,0.02036,49.11,42,3241441,nan,AUTOTUNE,?,0,0.4102308750152588,0.0,10.0,0.5,0.0,0.0,nan,nan,nan,nan,nan,nan,nan,nan,nan,nan,7.87021966245838,2.093950480793313,10.557999795413062,0,0,-6.574563026428223,-2.1396193504333496,-0.5466757416725159,-0.011200801469385624,0.026366934180259705,-0.0065379454754292965,nan,nan,nan,-0.02992451749742031,-0.006559958681464195,-3.136970043182373,0.00014728703536093235,3135,,nan,24.43,3.05,93,4,23,0.66,895,0.00855968426913023,9.190918717649765e-06,0.021771933883428574,1500,1500,1418,1498,1897,1500,1897,1115
1783462077.1651,0.8404,0.01974,50.66,43,3241461,nan,AUTOTUNE,?,0,0.4201861619949341,0.0,10.0,0.5,0.0,0.0,nan,nan,nan,nan,nan,nan,nan,nan,nan,nan,7.876419346459812,2.0946647383808132,10.558820948243302,0,0,-6.574696063995361,-2.1398234367370605,-0.546600878238678,-0.008955693803727627,0.026072386652231216,-0.007055260706692934,nan,nan,nan,-0.029931362718343735,-0.00657208077609539,-3.136949062347412,0.0009150070254690945,3135,,nan,24.43,3.05,93,4,23,0.66,895,0.00855968426913023,9.190918717649765e-06,0.021771933883428574,1500,1500,1418,1498,1897,1500,1897,1115
1783462077.1854,0.8603,0.02029,49.29,44,3241481,nan,AUTOTUNE,?,0,0.43016552925109863,0.0,10.0,0.5,0.0,0.0,nan,nan,nan,nan,nan,nan,nan,nan,nan,nan,7.886586480197186,2.097257698166137,10.558308012360914,0,0,-6.574747562408447,-2.140699863433838,-0.5463374257087708,-0.009034368209540844,0.025081345811486244,-0.0069112214259803295,nan,nan,nan,-0.029919356107711792,-0.006613258272409439,-3.1369473934173584,-2.5972371076932177e-05,3135,,nan,24.43,3.05,93,4,23,0.66,895,0.00855968426913023,9.190918717649765e-06,0.021771933883428574,1500,1500,1418,1498,1897,1500,1897,1115
1783462077.2055,0.8804,0.02015,49.63,45,3241501,nan,AUTOTUNE,?,0,0.4402189254760742,0.0,10.0,0.5,0.0,0.0,nan,nan,nan,nan,nan,nan,nan,nan,nan,nan,7.8988750610558105,2.1023394667746134,10.557364608350717,0,0,-6.574794292449951,-2.141510009765625,-0.5461010336875916,-0.010297873057425022,0.02261512354016304,-0.006503027863800526,nan,nan,nan,-0.029943237081170082,-0.006620442494750023,-3.1369619369506836,-0.0008173254318535328,3135,,nan,24.43,3.05,93,4,23,0.66,895,0.00855968426913023,9.190918717649765e-06,0.021771933883428574,1500,1500,1418,1498,1897,1500,1897,1115
1783462077.2252,0.9005,0.01969,50.80,46,3241521,nan,AUTOTUNE,?,0,0.4502338171005249,0.0,10.0,0.5,0.0,0.0,nan,nan,nan,nan,nan,nan,nan,nan,nan,nan,7.907368639420323,2.103801529187553,10.557504681412638,0,0,-6.574919700622559,-2.141657590866089,-0.546059787273407,-0.009347137995064259,0.02185620740056038,-0.006607712712138891,nan,nan,nan,-0.029976563528180122,-0.0066353939473629,-3.136979818344116,-0.000761649978812784,3135,,nan,24.43,3.05,93,4,23,0.66,895,0.00855968426913023,9.190918717649765e-06,0.021771933883428574,1500,1500,1418,1498,1897,1500,1897,1115
1783462077.2452,0.9204,0.01998,50.06,47,3241541,nan,AUTOTUNE,?,0,0.4601869583129883,0.0,10.0,0.5,0.0,0.0,nan,nan,nan,nan,nan,nan,nan,nan,nan,nan,7.9169508077287745,2.104865860110299,10.557568900140266,0,0,-6.574973106384277,-2.1423842906951904,-0.545774519443512,-0.009102122858166695,0.02166127599775791,-0.006809488870203495,nan,nan,nan,-0.029950138181447983,-0.006685981526970863,-3.1369788646698,0.0001821694168029353,3135,,nan,24.43,3.05,93,4,23,0.66,895,0.00855968426913023,9.190918717649765e-06,0.021771933883428574,1500,1500,1418,1498,1897,1500,1897,1115
1783462077.2649,0.9404,0.01977,50.59,48,3241563,nan,AUTOTUNE,?,0,0.47017860412597656,0.0,10.0,0.5,0.0,0.0,nan,nan,nan,nan,nan,nan,nan,nan,nan,nan,7.928775158358942,2.1069038582905137,10.557089104070684,0,0,-6.575055122375488,-2.1429970264434814,-0.5454543232917786,-0.010112883523106575,0.020838400349020958,-0.00671734381467104,nan,nan,nan,-0.029948031529784203,-0.006743580102920532,-3.136960744857788,0.0005561381112784147,3135,,nan,24.43,3.05,93,4,23,0.66,895,0.00855968426913023,9.190918717649765e-06,0.021771933883428574,1500,1500,1418,1498,1897,1500,1897,1115
1783462077.2852,0.9605,0.02026,49.35,49,3241581,nan,AUTOTUNE,?,0,0.4802347421646118,0.0,10.0,0.5,0.0,0.0,nan,nan,nan,nan,nan,nan,nan,nan,nan,nan,7.938072764554212,2.109719066402692,10.557066612260314,0,0,-6.57514762878418,-2.143148183822632,-0.5453488230705261,-0.00962153635919094,0.0193003099411726,-0.0067652687430381775,nan,nan,nan,-0.03000844456255436,-0.0067206621170043945,-3.1369614601135254,0.00029540478135459125,3135,,nan,24.43,3.05,93,4,23,0.66,895,0.00855968426913023,9.190918717649765e-06,0.021771933883428574,1500,1500,1418,1498,1897,1500,1897,1115
1783462077.3065,0.9804,0.02133,46.89,50,3241606,0.002,AUTOTUNE,AUTOTUNE,128,0.490192174911499,0.0,10.0,0.5,0.0,0.0,nan,nan,nan,nan,nan,nan,nan,nan,nan,nan,7.946030789807795,2.109639819803005,10.555473563470533,0,0,-6.575240135192871,-2.1436398029327393,-0.5450945496559143,-0.00841376930475235,0.01962989941239357,-0.00599232641980052,nan,nan,nan,-0.029987270012497902,-0.006740359589457512,-3.136967182159424,-0.0005848571308888495,3135,,nan,24.433,2.79,93,4,23,0.66,895,0.00855968426913023,9.190918717649765e-06,0.021771933883428574,1500,1500,1418,1498,1897,1500,1897,1115
1783462077.3250,1.0004,0.01843,54.26,51,3241623,0.021,AUTOTUNE,AUTOTUNE,128,0.5002037286758423,0.0,10.0,0.5,0.0,0.0,nan,nan,nan,nan,nan,nan,nan,nan,nan,nan,7.957273626124087,2.1096720566361964,10.555829343054162,0,0,-6.5753254890441895,-2.1437859535217285,-0.5450095534324646,-0.00907537154853344,0.019695667549967766,-0.00624680845066905,nan,nan,nan,-0.029962671920657158,-0.006792765110731125,-3.136974573135376,-0.0007120955269783735,3135,,nan,24.433,2.79,93,4,23,0.66,895,0.008327092975378036,0.008007782511413097,0.03035096265375614,1500,1500,1418,1498,1897,1500,1897,1115
1783462077.3448,1.0202,0.01981,50.47,52,3241641,0.040,AUTOTUNE,AUTOTUNE,128,0.5101021528244019,0.0,10.0,0.5,0.0,0.0,nan,nan,nan,nan,nan,nan,nan,nan,nan,nan,7.96857507937921,2.114083184923532,10.556205626020962,0,0,-6.575983047485352,-2.1441690921783447,-0.5447477698326111,-0.009505769237875938,0.017370106652379036,-0.006615196354687214,nan,nan,nan,-0.03002234175801277,-0.006783775985240936,-3.136972427368164,0.00010496278991922736,3135,,nan,24.433,2.79,93,4,23,0.66,895,0.008327092975378036,0.008007782511413097,0.03035096265375614,1500,1500,1418,1498,1897,1500,1897,1115
1783462077.3652,1.0404,0.02042,48.97,53,3241661,0.061,AUTOTUNE,AUTOTUNE,128,0.5201784372329712,0.0,10.0,0.5,0.0,0.0,nan,nan,nan,nan,nan,nan,nan,nan,nan,nan,7.97834998430381,2.113024853362345,10.556187387924703,0,0,-6.576395034790039,-2.1441502571105957,-0.5446543097496033,-0.009093906730413437,0.017970260232686996,-0.006658625788986683,nan,nan,nan,-0.030002370476722717,-0.006805434823036194,-3.136960744857788,0.00017120776465162635,3135,,nan,24.433,2.79,93,4,23,0.66,895,0.008327092975378036,0.008007782511413097,0.03035096265375614,1500,1500,1418,1498,1897,1500,1897,1115
1783462077.3853,1.0605,0.02010,49.76,54,3241681,0.081,AUTOTUNE,AUTOTUNE,128,0.5302287340164185,0.0,10.0,0.5,0.0,0.0,nan,nan,nan,nan,nan,nan,nan,nan,nan,nan,7.990233342616908,2.1156262842507427,10.555199993932229,0,0,-6.577010631561279,-2.1444623470306396,-0.544361412525177,-0.009796810336411,0.016648508608341217,-0.006257657893002033,nan,nan,nan,-0.030028242617845535,-0.006822878494858742,-3.1369526386260986,0.00038334535202011466,3135,,nan,24.433,2.79,93,4,23,0.66,895,0.008327092975378036,0.008007782511413097,0.03035096265375614,1500,1500,1418,1498,1897,1500,1897,1115
1783462077.4055,1.0805,0.02020,49.50,55,3241701,0.101,AUTOTUNE,AUTOTUNE,128,0.5402389764785767,0.0,10.0,0.5,0.0,0.0,nan,nan,nan,nan,nan,nan,nan,nan,nan,nan,8.000274667061744,2.115154594929921,10.554971248366295,0,0,-6.577596664428711,-2.1447389125823975,-0.5441007018089294,-0.009476409293711185,0.017080513760447502,-0.0062761129811406136,nan,nan,nan,-0.03002612292766571,-0.006836729124188423,-3.1369566917419434,-0.0004904152592644095,3135,,nan,24.433,2.79,93,4,23,0.66,895,0.008327092975378036,0.008007782511413097,0.03035096265375614,1500,1500,1418,1498,1897,1500,1897,1115
1783462077.4250,1.1004,0.01953,51.21,56,3241723,0.121,AUTOTUNE,AUTOTUNE,128,0.5502184629440308,0.0,10.0,0.5,0.0,0.0,nan,nan,nan,nan,nan,nan,nan,nan,nan,nan,8.008345761055965,2.1150998832762995,10.55536764514976,0,0,-6.577989101409912,-2.1446633338928223,-0.5440618395805359,-0.008148024789988995,0.017068466171622276,-0.006527409888803959,nan,nan,nan,-0.030015969648957253,-0.00682845339179039,-3.1369590759277344,-0.00047857227036729455,3135,,nan,24.433,2.79,93,4,23,0.66,895,0.008327092975378036,0.008007782511413097,0.03035096265375614,1500,1500,1418,1498,1897,1500,1897,1115
1783462077.4450,1.1204,0.01999,50.04,57,3241741,0.141,AUTOTUNE,AUTOTUNE,128,0.560181736946106,0.0,10.0,0.5,0.0,0.0,nan,nan,nan,nan,nan,nan,nan,nan,nan,nan,8.020532494239914,2.11674671957654,10.554672603236163,0,0,-6.578506946563721,-2.1449503898620605,-0.5437690615653992,-0.009132761508226395,0.016283396631479263,-0.006295162718743086,nan,nan,nan,-0.03002055361866951,-0.006854955106973648,-3.136979818344116,-0.0007045433740131557,3135,,nan,24.433,2.79,93,4,23,0.66,895,0.008327092975378036,0.008007782511413097,0.03035096265375614,1500,1500,1418,1498,1897,1500,1897,1115
1783462077.4654,1.1405,0.02040,49.02,58,3241761,0.161,AUTOTUNE,AUTOTUNE,128,0.5702381134033203,0.0,10.0,0.5,0.0,0.0,nan,nan,nan,nan,nan,nan,nan,nan,nan,nan,8.031259244288625,2.1166298553401965,10.554521884146036,0,0,-6.578855037689209,-2.1449108123779297,-0.54367595911026,-0.009318831376731396,0.01632801815867424,-0.00626189773902297,nan,nan,nan,-0.030015787109732628,-0.006878627464175224,-3.136975049972534,-0.0004344840708654374,3135,,nan,24.433,2.79,93,4,23,0.66,895,0.008327092975378036,0.008007782511413097,0.03035096265375614,1500,1500,1418,1498,1897,1500,1897,1115
1783462077.4852,1.1604,0.01978,50.55,59,3241781,0.181,AUTOTUNE,AUTOTUNE,128,0.5801864862442017,0.0,10.0,0.5,0.0,0.0,nan,nan,nan,nan,nan,nan,nan,nan,nan,nan,8.04137193133392,2.118570723059387,10.554149799207416,0,0,-6.579355716705322,-2.1451215744018555,-0.543389618396759,-0.009124631062150002,0.015329141169786453,-0.0062123932875692844,nan,nan,nan,-0.03002190589904785,-0.006896985694766045,-3.1369757652282715,-0.00010678336548153311,3135,,nan,24.433,2.79,93,4,23,0.66,895,0.008327092975378036,0.008007782511413097,0.03035096265375614,1500,1500,1418,1498,1897,1500,1897,1115
1783462077.5055,1.1804,0.02035,49.14,60,3241801,0.201,AUTOTUNE,AUTOTUNE,128,0.5901875495910645,0.0,10.0,0.5,0.0,0.0,nan,nan,nan,nan,nan,nan,nan,nan,nan,nan,8.0512382832381,2.1190811041185222,10.554127676300965,0,0,-6.579840183258057,-2.1452994346618652,-0.5431402325630188,-0.008767148479819298,0.015137160196900368,-0.006343603599816561,nan,nan,nan,-0.029996119439601898,-0.0069068726152181625,-3.136972665786743,-0.00015449931379407644,3135,,nan,24.433,2.79,93,4,23,0.66,895,0.008902735076844692,0.0052111498080194,0.008353270590305328,1500,1500,1418,1498,1897,1500,1897,1115
1783462077.5250,1.2004,0.01947,51.35,61,3241821,0.221,AUTOTUNE,AUTOTUNE,128,0.6002181768417358,0.0,10.0,0.5,0.0,0.0,nan,nan,nan,nan,nan,nan,nan,nan,nan,nan,8.062175075827417,2.1199262910448824,10.553579084956231,0,0,-6.580163955688477,-2.145244598388672,-0.5430886149406433,-0.00910339318215847,0.014617531560361385,-0.006056675687432289,nan,nan,nan,-0.030006403103470802,-0.00690528005361557,-3.1369736194610596,-0.00034841240267269313,3135,,nan,24.433,2.79,93,4,23,0.66,895,0.008902735076844692,0.0052111498080194,0.008353270590305328,1500,1500,1418,1498,1897,1500,1897,1115
1783462077.5452,1.2205,0.02021,49.49,62,3241841,0.241,AUTOTUNE,AUTOTUNE,128,0.6102368831634521,0.0,10.0,0.5,0.0,0.0,nan,nan,nan,nan,nan,nan,nan,nan,nan,nan,8.071860975861021,2.121743998747294,10.55264880037467,0,0,-6.580680847167969,-2.1458568572998047,-0.5420755743980408,-0.008612819947302341,0.013921565376222134,-0.0061044548638165,nan,nan,nan,-0.030008943751454353,-0.006900327280163765,-3.1369898319244385,-0.0007618405506946146,3135,,nan,24.433,2.79,93,4,23,0.66,895,0.008902735076844692,0.0052111498080194,0.008353270590305328,1500,1500,1418,1498,1897,1500,1897,1115
1783462077.5653,1.2404,0.02004,49.91,63,3241861,0.261,AUTOTUNE,AUTOTUNE,128,0.6201941967010498,0.0,10.0,0.5,0.0,0.0,nan,nan,nan,nan,nan,nan,nan,nan,nan,nan,8.082922012653013,2.122930115456614,10.551732701417857,0,0,-6.581021308898926,-2.146022081375122,-0.5416232943534851,-0.009053489193320274,0.013332152739167213,-0.005836668889969587,nan,nan,nan,-0.030014319345355034,-0.006930932402610779,-3.1369991302490234,-0.000624489679466933,3135,,nan,24.433,2.79,93,4,23,0.66,895,0.008902735076844692,0.0052111498080194,0.008353270590305328,1500,1500,1418,1498,1897,1500,1897,1115
1783462077.5853,1.2605,0.02006,49.85,64,3241881,0.281,AUTOTUNE,AUTOTUNE,128,0.6302284002304077,0.0,10.0,0.5,0.0,0.0,nan,nan,nan,nan,nan,nan,nan,nan,nan,nan,8.092658632098585,2.1246370284348424,10.55077187796389,0,0,-6.5814995765686035,-2.1465723514556885,-0.540665328502655,-0.008605550974607468,0.012664364650845528,-0.005835019052028656,nan,nan,nan,-0.030018135905265808,-0.006933512166142464,-3.1369986534118652,-0.00013183454575482756,3135,,nan,24.433,2.79,93,4,23,0.66,895,0.008902735076844692,0.0052111498080194,0.008353270590305328,1500,1500,1418,1498,1897,1500,1897,1115
1783462077.6054,1.2804,0.02010,49.75,65,3241901,0.301,AUTOTUNE,AUTOTUNE,128,0.6401873826980591,0.0,10.0,0.5,0.0,0.0,nan,nan,nan,nan,nan,nan,nan,nan,nan,nan,8.103870697111073,2.1259731655368017,10.549585908749508,0,0,-6.581951141357422,-2.1470820903778076,-0.5397909283638,-0.009068307466804981,0.012187243439257145,-0.005655134562402964,nan,nan,nan,-0.03001418150961399,-0.006942907348275185,-3.136983871459961,0.0005502407439053059,3135,,nan,24.433,2.79,93,4,23,0.66,895,0.008902735076844692,0.0052111498080194,0.008353270590305328,1500,1500,1418,1498,1897,1500,1897,1115
1783462077.6253,1.3004,0.01993,50.16,66,3241921,0.321,AUTOTUNE,AUTOTUNE,128,0.6501997709274292,0.0,10.0,0.5,0.0,0.0,nan,nan,nan,nan,nan,nan,nan,nan,nan,nan,8.11313182011451,2.1278993915162165,10.549069952825056,0,0,-6.582266330718994,-2.147209644317627,-0.5394417643547058,-0.008452589623630047,0.011148779653012753,-0.005558837205171585,nan,nan,nan,-0.03001730516552925,-0.006944378837943077,-3.1369900703430176,-0.00017296626174356788,3135,,nan,24.433,2.79,93,4,23,0.66,895,0.008902735076844692,0.0052111498080194,0.008353270590305328,1500,1500,1418,1498,1897,1500,1897,1115
1783462077.6452,1.3204,0.01986,50.34,67,3241941,0.341,AUTOTUNE,AUTOTUNE,128,0.6602016687393188,0.0,10.0,0.5,0.0,0.0,nan,nan,nan,nan,nan,nan,nan,nan,nan,nan,8.124220691965846,2.1291992704621525,10.548535407598552,0,0,-6.58268404006958,-2.1476705074310303,-0.5385960936546326,-0.008838989771902561,0.010664373636245728,-0.005738465581089258,nan,nan,nan,-0.030009005218744278,-0.006956158205866814,-3.137010335922241,-0.0010700194397941232,3135,,nan,24.433,2.79,93,4,23,0.66,895,0.008902735076844692,0.0052111498080194,0.008353270590305328,1500,1500,1418,1498,1897,1500,1897,1115
1783462077.6651,1.3404,0.01991,50.22,68,3241961,0.361,AUTOTUNE,AUTOTUNE,128,0.6701979637145996,0.0,10.0,0.5,0.0,0.0,nan,nan,nan,nan,nan,nan,nan,nan,nan,nan,8.134064535106013,2.131166089918571,10.548228805184252,0,0,-6.582980632781982,-2.1477861404418945,-0.5382186770439148,-0.008579733781516552,0.009595590643584728,-0.00577935017645359,nan,nan,nan,-0.030014678835868835,-0.006952561438083649,-3.1370127201080322,-0.00027856274391524494,3135,,nan,24.433,2.79,93,4,23,0.66,895,0.008902735076844692,0.0052111498080194,0.008353270590305328,1500,1500,1418,1498,1897,1500,1897,1115
1783462077.6853,1.3604,0.02014,49.65,69,3241981,0.381,AUTOTUNE,AUTOTUNE,128,0.6801878213882446,0.0,10.0,0.5,0.0,0.0,nan,nan,nan,nan,nan,nan,nan,nan,nan,nan,8.144978510706547,2.1324255186270458,10.547799328547883,0,0,-6.583370208740234,-2.1482014656066895,-0.5374100804328918,-0.00888835173100233,0.009108247235417366,-0.005998235195875168,nan,nan,nan,-0.030012745410203934,-0.0069655925035476685,-3.1370091438293457,-0.00018955276755150408,3135,,nan,24.433,2.79,93,4,23,0.66,895,0.008902735076844692,0.0052111498080194,0.008353270590305328,1500,1500,1418,1498,1897,1500,1897,1115
1783462077.7055,1.3804,0.02020,49.50,70,3242001,0.401,AUTOTUNE,AUTOTUNE,128,0.6901881694793701,0.0,10.0,0.5,0.0,0.0,nan,nan,nan,nan,nan,nan,nan,nan,nan,nan,8.155268534460934,2.134865319154517,10.54696890744239,0,0,-6.583745002746582,-2.1485817432403564,-0.5366796851158142,-0.008839208632707596,0.007919181138277054,-0.005940485280007124,nan,nan,nan,-0.030034536495804787,-0.006964119151234627,-3.137002468109131,0.00020731333643198013,3135,,nan,24.433,2.79,93,4,23,0.66,895,0.00858226977288723,0.007451394107192755,0.022797252982854843,1500,1500,1418,1498,1897,1500,1897,1115
1783462077.7251,1.4002,0.01959,51.05,71,3242021,0.421,AUTOTUNE,AUTOTUNE,128,0.7000918388366699,0.0,10.0,0.5,0.0,0.0,nan,nan,nan,nan,nan,nan,nan,nan,nan,nan,8.165600152473006,2.135273402754528,10.54708487437461,0,0,-6.584020137786865,-2.148678779602051,-0.5363962054252625,-0.008927435614168644,0.00773959793150425,-0.006171105895191431,nan,nan,nan,-0.030024569481611252,-0.0069810934364795685,-3.1369948387145996,0.00020105953444726765,3135,,nan,24.433,2.79,93,4,23,0.66,895,0.00858226977288723,0.007451394107192755,0.022797252982854843,1500,1500,1418,1498,1897,1500,1897,1115
1783462077.7446,1.4203,0.01957,51.11,72,3242041,0.440,AUTOTUNE,AUTOTUNE,128,0.7101305723190308,0.0,10.0,0.5,0.0,0.0,nan,nan,nan,nan,nan,nan,nan,nan,nan,nan,8.176447783038736,2.138111916798492,10.545809489014827,0,0,-6.5844244956970215,-2.149306058883667,-0.5358052849769592,-0.009160996414721012,0.006462940946221352,-0.005775929894298315,nan,nan,nan,-0.03005068749189377,-0.006994431838393211,-3.1370115280151367,-0.0007319754222407937,3135,,nan,24.433,2.79,93,4,23,0.66,895,0.00858226977288723,0.007451394107192755,0.022797252982854843,1500,1500,1418,1498,1897,1500,1897,1115
1783462077.7652,1.4404,0.02061,48.53,73,3242061,0.461,AUTOTUNE,AUTOTUNE,128,0.7202211618423462,0.0,10.0,0.5,0.0,0.0,nan,nan,nan,nan,nan,nan,nan,nan,nan,nan,8.186511708696024,2.1389229953980142,10.54551280159247,0,0,-6.584710121154785,-2.149535655975342,-0.5355353951454163,-0.008980696089565754,0.006127222441136837,-0.005760458298027515,nan,nan,nan,-0.030047904700040817,-0.0070177726447582245,-3.137023448944092,-0.0006115976721048355,3135,,nan,24.433,2.79,93,4,23,0.66,895,0.00858226977288723,0.007451394107192755,0.022797252982854843,1500,1500,1418,1498,1897,1500,1897,1115
1783462077.7850,1.4604,0.01981,50.48,74,3242081,0.481,AUTOTUNE,AUTOTUNE,128,0.7301859855651855,0.0,10.0,0.5,0.0,0.0,nan,nan,nan,nan,nan,nan,nan,nan,nan,nan,8.197643054541986,2.1412861450487863,10.54406816704048,0,0,-6.585078716278076,-2.1501152515411377,-0.5349262356758118,-0.009441379457712173,0.005097487010061741,-0.005278096534311771,nan,nan,nan,-0.030067959800362587,-0.0070376526564359665,-3.1370272636413574,-0.0003033252141904086,3135,,nan,24.433,2.79,93,4,23,0.66,895,0.00858226977288723,0.007451394107192755,0.022797252982854843,1500,1500,1418,1498,1897,1500,1897,1115
1783462077.8061,1.4804,0.02110,47.40,75,3242106,0.502,AUTOTUNE,AUTOTUNE,128,0.7401789426803589,0.0,10.0,0.5,0.0,0.0,nan,nan,nan,nan,nan,nan,nan,nan,nan,nan,8.206474149683647,2.139956933594432,10.542965344820779,0,0,-6.585473537445068,-2.1506316661834717,-0.5343963503837585,-0.008542628027498722,0.006163059733808041,-0.004947311244904995,nan,nan,nan,-0.030036838725209236,-0.0070665013045072556,-3.137004852294922,0.0006753051420673728,3135,,nan,24.432,2.76,93,4,23,0.66,895,0.00858226977288723,0.007451394107192755,0.022797252982854843,1500,1500,1418,1498,1897,1500,1897,1115
1783462077.8251,1.5004,0.01901,52.60,76,3242123,0.521,AUTOTUNE,AUTOTUNE,128,0.7502245903015137,0.0,10.0,0.5,0.0,0.0,nan,nan,nan,nan,nan,nan,nan,nan,nan,nan,8.21883978106842,2.141448794348817,10.543083684527044,0,0,-6.585707664489746,-2.1508564949035645,-0.5341760516166687,-0.009746897965669632,0.005431538447737694,-0.00514282425865531,nan,nan,nan,-0.030041450634598732,-0.007096771150827408,-3.1370043754577637,8.055783109739423e-05,3135,,nan,24.432,2.76,93,4,23,0.66,895,0.00858226977288723,0.007451394107192755,0.022797252982854843,1500,1500,1418,1498,1897,1500,1897,1115
1783462077.8445,1.5202,0.01935,51.67,77,3242141,0.540,AUTOTUNE,AUTOTUNE,128,0.760090708732605,0.0,10.0,0.5,0.0,0.0,nan,nan,nan,nan,nan,nan,nan,nan,nan,nan,8.228314221362357,2.1450053535833775,10.54267015267727,0,0,-6.586004734039307,-2.1513707637786865,-0.5336065888404846,-0.009349249303340912,0.0036750712897628546,-0.005232851020991802,nan,nan,nan,-0.030057726427912712,-0.007088946178555489,-3.1370160579681396,-0.0005543858278542757,3135,,nan,24.432,2.76,93,4,23,0.66,895,0.00858226977288723,0.007451394107192755,0.022797252982854843,1500,1500,1418,1498,1897,1500,1897,1115
1783462077.8648,1.5403,0.02033,49.20,78,3242163,0.560,AUTOTUNE,AUTOTUNE,128,0.7701693773269653,0.0,10.0,0.5,0.0,0.0,nan,nan,nan,nan,nan,nan,nan,nan,nan,nan,8.238245942722324,2.1441939358781203,10.541542999709812,0,0,-6.5863356590271,-2.1518311500549316,-0.5330421328544617,-0.00907334964722395,0.004409347660839558,-0.004907977767288685,nan,nan,nan,-0.030023211613297462,-0.007105372846126556,-3.137019395828247,-0.0004725325561594218,3135,,nan,24.432,2.76,93,4,23,0.66,895,0.00858226977288723,0.007451394107192755,0.022797252982854843,1500,1500,1418,1498,1897,1500,1897,1115
1783462077.8853,1.5604,0.02043,48.94,79,3242181,0.581,AUTOTUNE,AUTOTUNE,128,0.7801992893218994,0.0,10.0,0.5,0.0,0.0,nan,nan,nan,nan,nan,nan,nan,nan,nan,nan,8.248739282429586,2.1471379286555154,10.541391778344554,0,0,-6.5865478515625,-2.1520323753356934,-0.5328100323677063,-0.009218400344252586,0.002825810108333826,-0.00495467334985733,nan,nan,nan,-0.03003883548080921,-0.007097823545336723,-3.1370251178741455,-0.00041389750549569726,3135,,nan,24.432,2.76,93,4,23,0.66,895,0.00858226977288723,0.007451394107192755,0.022797252982854843,1500,1500,1418,1498,1897,1500,1897,1115
1783462077.9054,1.5804,0.02012,49.70,80,3242201,0.601,AUTOTUNE,AUTOTUNE,128,0.7902021408081055,0.0,10.0,0.5,0.0,0.0,nan,nan,nan,nan,nan,nan,nan,nan,nan,nan,8.259841176286873,2.1481285580852783,10.541376731545524,0,0,-6.586831569671631,-2.1524722576141357,-0.5323116183280945,-0.009689128026366234,0.00250783609226346,-0.00523374555632472,nan,nan,nan,-0.030026502907276154,-0.007110254839062691,-3.137017011642456,0.00026017625350505114,3135,,nan,24.432,2.76,93,4,23,0.66,895,0.008494259789586067,0.006801123730838299,0.012916304171085358,1500,1500,1418,1498,1897,1500,1897,1115
1783462077.9252,1.6004,0.01983,50.44,81,3242223,0.621,AUTOTUNE,AUTOTUNE,128,0.8001794815063477,0.0,10.0,0.5,0.0,0.0,nan,nan,nan,nan,nan,nan,nan,nan,nan,nan,8.26749582025603,2.1469992029962515,10.539661957422213,0,0,-6.587078094482422,-2.1526505947113037,-0.5321440100669861,-0.008205787278711796,0.0032628325279802084,-0.0043404889293015,nan,nan,nan,-0.030003856867551804,-0.007117131724953651,-3.137009620666504,5.238881567493081e-05,3135,,nan,24.432,2.76,93,4,23,0.66,895,0.008494259789586067,0.006801123730838299,0.012916304171085358,1500,1500,1418,1498,1897,1500,1897,1115
1783462077.9449,1.6203,0.01971,50.73,82,3242241,0.641,AUTOTUNE,AUTOTUNE,128,0.810160756111145,0.0,10.0,0.5,0.0,0.0,nan,nan,nan,nan,nan,nan,nan,nan,nan,nan,8.279514371652574,2.1491681647236387,10.540129175685651,0,0,-6.587318420410156,-2.1528196334838867,-0.5317787528038025,-0.009243257343769073,0.0021081764716655016,-0.004821118898689747,nan,nan,nan,-0.03001927211880684,-0.007134865969419479,-3.1370139122009277,-0.00019845199130941182,3135,,nan,24.432,2.76,93,4,23,0.66,895,0.008494259789586067,0.006801123730838299,0.012916304171085358,1500,1500,1418,1498,1897,1500,1897,1115
1783462077.9655,1.6404,0.02054,48.67,83,3242261,0.661,AUTOTUNE,AUTOTUNE,128,0.8201905488967896,0.0,10.0,0.5,0.0,0.0,nan,nan,nan,nan,nan,nan,nan,nan,nan,nan,8.288460791767896,2.1496775950990257,10.539546594337352,0,0,-6.587526321411133,-2.1528828144073486,-0.5316475033760071,-0.008497740142047405,0.0018505342304706573,-0.004560542292892933,nan,nan,nan,-0.030026080086827278,-0.00713038444519043,-3.137028932571411,-0.0005716519081033766,3135,,nan,24.432,2.76,93,4,23,0.66,895,0.008494259789586067,0.006801123730838299,0.012916304171085358,1500,1500,1418,1498,1897,1500,1897,1115
1783462077.9854,1.6604,0.01992,50.19,84,3242281,0.681,AUTOTUNE,AUTOTUNE,128,0.8301999568939209,0.0,10.0,0.5,0.0,0.0,nan,nan,nan,nan,nan,nan,nan,nan,nan,nan,8.298894223934518,2.1496835965278156,10.539153487327255,0,0,-6.5877604484558105,-2.153045177459717,-0.5313168168067932,-0.008607377298176289,0.0019408096559345722,-0.004524503834545612,nan,nan,nan,-0.03002431057393551,-0.007141295820474625,-3.1370222568511963,-7.63457064749673e-05,3135,,nan,24.432,2.76,93,4,23,0.66,895,0.008494259789586067,0.006801123730838299,0.012916304171085358,1500,1500,1418,1498,1897,1500,1897,1115
1783462078.0051,1.6804,0.01974,50.67,85,3242301,0.701,AUTOTUNE,AUTOTUNE,128,0.8401776552200317,0.0,10.0,0.5,0.0,0.0,nan,nan,nan,nan,nan,nan,nan,nan,nan,nan,8.307814680939552,2.1505895866088856,10.538265153003794,0,0,-6.587979793548584,-2.1532015800476074,-0.5310208201408386,-0.007870339788496494,0.001508035114966333,-0.0041825175285339355,nan,nan,nan,-0.030033240094780922,-0.007134575396776199,-3.137021064758301,0.0001764878979884088,3135,,nan,24.432,2.76,93,4,23,0.66,895,0.008494259789586067,0.006801123730838299,0.012916304171085358,1500,1500,1418,1498,1897,1500,1897,1115
1783462078.0253,1.7004,0.02017,49.58,86,3242321,0.721,AUTOTUNE,AUTOTUNE,128,0.850193977355957,0.0,10.0,0.5,0.0,0.0,nan,nan,nan,nan,nan,nan,nan,nan,nan,nan,8.317386016402471,2.1503525487119717,10.53851865694659,0,0,-6.588162422180176,-2.153273105621338,-0.5309301018714905,-0.007507985923439264,0.001686184317804873,-0.004381254315376282,nan,nan,nan,-0.0300091952085495,-0.00713733583688736,-3.137007474899292,0.0002101522113662213,3135,,nan,24.432,2.76,93,4,23,0.66,895,0.008494259789586067,0.006801123730838299,0.012916304171085358,1500,1500,1418,1498,1897,1500,1897,1115
1783462078.0450,1.7204,0.01971,50.73,87,3242341,0.741,AUTOTUNE,AUTOTUNE,128,0.8601970672607422,0.0,10.0,0.5,0.0,0.0,nan,nan,nan,nan,nan,nan,nan,nan,nan,nan,8.327146176899685,2.151335775138525,10.5379307364699,0,0,-6.588356018066406,-2.1534225940704346,-0.5305474400520325,-0.007255957927554846,0.001204825472086668,-0.004262748174369335,nan,nan,nan,-0.030031748116016388,-0.007138533517718315,-3.137012004852295,-0.0002779725182335824,3135,,nan,24.432,2.76,93,4,23,0.66,895,0.008494259789586067,0.006801123730838299,0.012916304171085358,1500,1500,1418,1498,1897,1500,1897,1115
1783462078.0655,1.7404,0.02047,48.86,88,3242363,0.761,AUTOTUNE,AUTOTUNE,128,0.8702195882797241,0.0,10.0,0.5,0.0,0.0,nan,nan,nan,nan,nan,nan,nan,nan,nan,nan,8.335702006325711,2.1545105467762724,10.538436947295402,0,0,-6.588559150695801,-2.1535634994506836,-0.5300920605659485,-0.006291884463280439,-0.0005467780283652246,-0.0048179225996136665,nan,nan,nan,-0.030056089162826538,-0.007119940593838692,-3.1370081901550293,8.759816410019994e-05,3135,,nan,24.432,2.76,93,4,23,0.66,895,0.008494259789586067,0.006801123730838299,0.012916304171085358,1500,1500,1418,1498,1897,1500,1897,1115
1783462078.0854,1.7604,0.01994,50.16,89,3242381,0.781,AUTOTUNE,AUTOTUNE,128,0.8802021741867065,0.0,10.0,0.5,0.0,0.0,nan,nan,nan,nan,nan,nan,nan,nan,nan,nan,8.346495756956884,2.1530617799076834,10.537548813308339,0,0,-6.5887017250061035,-2.1536362171173096,-0.5299094319343567,-0.0066778953187167645,0.00033165147760882974,-0.0044105988927185535,nan,nan,nan,-0.030039239674806595,-0.007133562117815018,-3.137009620666504,-0.00020910789316985756,3135,,nan,24.432,2.76,93,4,23,0.66,895,0.008494259789586067,0.006801123730838299,0.012916304171085358,1500,1500,1418,1498,1897,1500,1897,1115
1783462078.1055,1.7803,0.02007,49.83,90,3242401,0.801,AUTOTUNE,AUTOTUNE,128,0.8901690244674683,0.0,10.0,0.5,0.0,0.0,nan,nan,nan,nan,nan,nan,nan,nan,nan,nan,8.355432601037924,2.1537237288798585,10.537693232864164,0,0,-6.588869094848633,-2.153773307800293,-0.5295111536979675,-0.005986589938402176,2.862440305761993e-05,-0.004723925609141588,nan,nan,nan,-0.03004077821969986,-0.007135763764381409,-3.1370065212249756,-0.00011211136734345928,3135,,nan,24.432,2.76,93,4,23,0.66,895,0.009249824099242687,0.01147536002099514,0.008062957786023617,1500,1500,1418,1498,1897,1500,1897,1115
1783462078.1249,1.8004,0.01945,51.43,91,3242421,0.821,AUTOTUNE,AUTOTUNE,128,0.9001790285110474,0.0,10.0,0.5,0.0,0.0,nan,nan,nan,nan,nan,nan,nan,nan,nan,nan,8.366051823752926,2.15547662158403,10.5371789826207,0,0,-6.5890212059021,-2.153851270675659,-0.5293754935264587,-0.006250501144677401,-0.0009383967844769359,-0.004505346529185772,nan,nan,nan,-0.030072534456849098,-0.007138244807720184,-3.136984348297119,0.0007497466285713017,3135,,nan,24.432,2.76,93,4,23,0.66,895,0.009249824099242687,0.01147536002099514,0.008062957786023617,1500,1500,1418,1498,1897,1500,1897,1115
1783462078.1453,1.8204,0.02035,49.15,92,3242441,0.841,AUTOTUNE,AUTOTUNE,128,0.9101972579956055,0.0,10.0,0.5,0.0,0.0,nan,nan,nan,nan,nan,nan,nan,nan,nan,nan,8.375172685570085,2.157576610017697,10.536949980878992,0,0,-6.589139938354492,-2.1542162895202637,-0.5288705229759216,-0.005663855466991663,-0.001940081943757832,-0.004664677195250988,nan,nan,nan,-0.030078435316681862,-0.007145598530769348,-3.136975049972534,0.0005237271543592215,3135,,nan,24.432,2.76,93,4,23,0.66,895,0.009249824099242687,0.01147536002099514,0.008062957786023617,1500,1500,1418,1498,1897,1500,1897,1115
1783462078.1653,1.8405,0.02002,49.96,93,3242463,0.861,AUTOTUNE,AUTOTUNE,128,0.9202368259429932,0.0,10.0,0.5,0.0,0.0,nan,nan,nan,nan,nan,nan,nan,nan,nan,nan,8.388715845600018,2.160049739279162,10.536745494007043,0,0,-6.589265823364258,-2.154574394226074,-0.5284203886985779,-0.007613975554704666,-0.003161191940307617,-0.004806501790881157,nan,nan,nan,-0.030102120712399483,-0.00716741569340229,-3.1369740962982178,0.00024175431462936103,3135,,nan,24.432,2.76,93,4,23,0.66,895,0.009249824099242687,0.01147536002099514,0.008062957786023617,1500,1500,1418,1498,1897,1500,1897,1115
1783462078.1853,1.8604,0.02002,49.95,94,3242481,0.881,AUTOTUNE,AUTOTUNE,128,0.9301931858062744,0.0,10.0,0.5,0.0,0.0,nan,nan,nan,nan,nan,nan,nan,nan,nan,nan,8.395619244214647,2.160312946493355,10.53628411337307,0,0,-6.589365482330322,-2.1547625064849854,-0.5282418131828308,-0.005793809425085783,-0.003204548032954335,-0.0046432241797447205,nan,nan,nan,-0.03010079823434353,-0.007151015102863312,-3.1369755268096924,1.7185706383315846e-05,3135,,nan,24.432,2.76,93,4,23,0.66,895,0.009249824099242687,0.01147536002099514,0.008062957786023617,1500,1500,1418,1498,1897,1500,1897,1115
1783462078.2055,1.8804,0.02022,49.46,95,3242501,0.901,AUTOTUNE,AUTOTUNE,128,0.9401887655258179,0.0,10.0,0.5,0.0,0.0,nan,nan,nan,nan,nan,nan,nan,nan,nan,nan,8.406657657864336,2.161427836741285,10.53574916415436,0,0,-6.5894598960876465,-2.1550958156585693,-0.5278468728065491,-0.006341380067169666,-0.0036557940766215324,-0.00456239003688097,nan,nan,nan,-0.030128642916679382,-0.007143322378396988,-3.1369781494140625,-0.0003304084821138531,3135,,nan,24.432,2.76,93,4,23,0.66,895,0.009249824099242687,0.01147536002099514,0.008062957786023617,1500,1500,1418,1498,1897,1500,1897,1115
1783462078.2251,1.9005,0.01961,51.00,96,3242521,0.921,AUTOTUNE,AUTOTUNE,128,0.9502264261245728,0.0,10.0,0.5,0.0,0.0,nan,nan,nan,nan,nan,nan,nan,nan,nan,nan,8.415931980222323,2.1626007605918227,10.53571965937031,0,0,-6.589565753936768,-2.155291795730591,-0.5277101397514343,-0.005839549470692873,-0.004219832830131054,-0.004624298308044672,nan,nan,nan,-0.03012901544570923,-0.0071465447545051575,-3.1369857788085938,-0.0001594914501765743,3135,,nan,24.432,2.76,93,4,23,0.66,895,0.009249824099242687,0.01147536002099514,0.008062957786023617,1500,1500,1418,1498,1897,1500,1897,1115
1783462078.2454,1.9204,0.02025,49.39,97,3242541,0.941,AUTOTUNE,AUTOTUNE,128,0.9601976871490479,0.0,10.0,0.5,0.0,0.0,nan,nan,nan,nan,nan,nan,nan,nan,nan,nan,8.426641165254749,2.1636697934444378,10.535855874082747,0,0,-6.589642524719238,-2.1556105613708496,-0.5273706316947937,-0.006221266463398933,-0.004652999807149172,-0.004898956976830959,nan,nan,nan,-0.03013424202799797,-0.007167976349592209,-3.136976718902588,0.00030162750044837594,3135,,nan,24.432,2.76,93,4,23,0.66,895,0.009249824099242687,0.01147536002099514,0.008062957786023617,1500,1500,1418,1498,1897,1500,1897,1115
1783462078.2653,1.9404,0.01995,50.11,98,3242561,0.961,AUTOTUNE,AUTOTUNE,128,0.9701906442642212,0.0,10.0,0.5,0.0,0.0,nan,nan,nan,nan,nan,nan,nan,nan,nan,nan,8.436148874667122,2.1652124644174413,10.535709909737236,0,0,-6.589735984802246,-2.155811309814453,-0.5272611975669861,-0.00588714936748147,-0.005427759140729904,-0.004877866245806217,nan,nan,nan,-0.03013727255165577,-0.007175147533416748,-3.136976718902588,0.0001084024115698412,3135,,nan,24.432,2.76,93,4,23,0.66,895,0.009249824099242687,0.01147536002099514,0.008062957786023617,1500,1500,1418,1498,1897,1500,1897,1115
1783462078.2854,1.9603,0.02002,49.95,99,3242581,0.981,AUTOTUNE,AUTOTUNE,128,0.9801695346832275,0.0,10.0,0.5,0.0,0.0,nan,nan,nan,nan,nan,nan,nan,nan,nan,nan,8.446759650348197,2.166077740786015,10.535543283613045,0,0,-6.589800834655762,-2.156120777130127,-0.5269723534584045,-0.006214527413249016,-0.0057486556470394135,-0.0049484288319945335,nan,nan,nan,-0.0301283597946167,-0.007184544578194618,-3.136979818344116,-0.00032029012800194323,3135,,nan,24.432,2.76,93,4,23,0.66,895,0.009249824099242687,0.01147536002099514,0.008062957786023617,1500,1500,1418,1498,1897,1500,1897,1115
1783462078.3071,1.9805,0.02173,46.02,100,3242606,0.003,AUTOTUNE,AUTOTUNE,128,0.9902384281158447,0.0,10.0,0.5,0.0,0.0,nan,nan,nan,nan,nan,nan,nan,nan,nan,nan,8.45530614852151,2.164840931587845,10.534038451712409,0,0,-6.5900750160217285,-2.1567201614379883,-0.5268847346305847,-0.005177273415029049,-0.004688528832048178,-0.004130200482904911,nan,nan,nan,-0.03011924959719181,-0.007198408246040344,-3.136990547180176,-0.0006319822277873755,3135,,nan,24.444,2.66,93,4,23,0.66,895,0.008377166464924812,0.00023790157865732908,0.017655305564403534,1500,1500,1418,1498,1897,1500,1897,1115
1783462078.3401,2.0153,0.03301,30.30,101,3242621,0.036,AUTOTUNE,AUTOTUNE,128,1.007667064666748,0.0,10.0,0.5,0.0,0.0,nan,nan,nan,nan,nan,nan,nan,nan,nan,nan,8.474841792311333,2.1690503526531018,10.53517178748851,0,0,-6.590309143066406,-2.1571638584136963,-0.5269318222999573,-0.0062585812993347645,-0.00686267064884305,-0.004757346119731665,nan,nan,nan,-0.030138980597257614,-0.007206503301858902,-3.136995553970337,-0.0002829089353326708,3135,,nan,24.444,2.66,93,4,23,0.66,895,0.008377166464924812,0.00023790157865732908,0.017655305564403534,1500,1500,1418,1498,1897,1500,1897,1115
1783462078.3447,2.0202,0.00464,215.68,102,3242641,0.040,AUTOTUNE,AUTOTUNE,128,1.0100935697555542,0.0,10.0,0.5,0.0,0.0,nan,nan,nan,nan,nan,nan,nan,nan,nan,nan,8.476964629300724,2.1717129449856163,10.534582379297769,0,0,-6.590696811676025,-2.157963991165161,-0.5269389748573303,-0.0058594378642737865,-0.00793796218931675,-0.0044129216112196445,nan,nan,nan,-0.030149932950735092,-0.007214507088065147,-3.1369822025299072,0.0005441327812150121,3135,,nan,24.444,2.66,93,4,23,0.66,895,0.008377166464924812,0.00023790157865732908,0.017655305564403534,1500,1500,1418,1498,1897,1500,1897,1115
1783462078.3648,2.0403,0.02009,49.77,103,3242663,0.060,AUTOTUNE,AUTOTUNE,128,1.020155906677246,0.0,10.0,0.5,0.0,0.0,nan,nan,nan,nan,nan,nan,nan,nan,nan,nan,8.486955251971414,2.1708207877101913,10.534177828204912,0,0,-6.591073036193848,-2.158747434616089,-0.5269262194633484,-0.005600820295512676,-0.006970553658902645,-0.004186718259006739,nan,nan,nan,-0.03011339157819748,-0.007242634892463684,-3.136958122253418,0.000747932237572968,3135,,nan,24.444,2.66,93,4,23,0.66,895,0.008377166464924812,0.00023790157865732908,0.017655305564403534,1500,1500,1418,1498,1897,1500,1897,1115
1783462078.3854,2.0605,0.02060,48.54,104,3242681,0.081,AUTOTUNE,AUTOTUNE,128,1.0302484035491943,0.0,10.0,0.5,0.0,0.0,nan,nan,nan,nan,nan,nan,nan,nan,nan,nan,8.49766135706721,2.174628272980908,10.534868293177366,0,0,-6.591281414031982,-2.159176826477051,-0.5269531607627869,-0.005834780167788267,-0.008920896798372269,-0.0045698038302361965,nan,nan,nan,-0.030159253627061844,-0.0072499848902225494,-3.1369590759277344,0.0002512063074391335,3135,,nan,24.444,2.66,93,4,23,0.66,895,0.008377166464924812,0.00023790157865732908,0.017655305564403534,1500,1500,1418,1498,1897,1500,1897,1115
1783462078.4053,2.0804,0.01990,50.25,105,3242701,0.101,AUTOTUNE,AUTOTUNE,128,1.0401859283447266,0.0,10.0,0.5,0.0,0.0,nan,nan,nan,nan,nan,nan,nan,nan,nan,nan,8.508751035997552,2.1755849444757187,10.534570356666002,0,0,-6.591610431671143,-2.1599056720733643,-0.5269487500190735,-0.006310018245130777,-0.009052432142198086,-0.004400336649268866,nan,nan,nan,-0.03014688566327095,-0.007272474467754364,-3.136969804763794,-0.0005180349107831717,3135,,nan,24.444,2.66,93,4,23,0.66,895,0.008377166464924812,0.00023790157865732908,0.017655305564403534,1500,1500,1418,1498,1897,1500,1897,1115
1783462078.4253,2.1004,0.01996,50.09,106,3242721,0.121,AUTOTUNE,AUTOTUNE,128,1.0501976013183594,0.0,10.0,0.5,0.0,0.0,nan,nan,nan,nan,nan,nan,nan,nan,nan,nan,8.518263464208859,2.1771455995111366,10.53434422226543,0,0,-6.591814041137695,-2.1603453159332275,-0.5269919037818909,-0.005904225166887045,-0.00969964824616909,-0.0042448630556464195,nan,nan,nan,-0.03015865571796894,-0.007286315783858299,-3.136981248855591,-0.00043422929593361914,3135,,nan,24.444,2.66,93,4,23,0.66,895,0.008377166464924812,0.00023790157865732908,0.017655305564403534,1500,1500,1418,1498,1897,1500,1897,1115
1783462078.4451,2.1204,0.01985,50.38,107,3242741,0.141,AUTOTUNE,AUTOTUNE,128,1.0602058172225952,0.0,10.0,0.5,0.0,0.0,nan,nan,nan,nan,nan,nan,nan,nan,nan,nan,8.529601681820406,2.1779939548959257,10.534676264830622,0,0,-6.592111587524414,-2.161034345626831,-0.5268962979316711,-0.006500313524156809,-0.009791634976863861,-0.004491765983402729,nan,nan,nan,-0.0301541518419981,-0.007294315844774246,-3.136967420578003,0.0002784410025924444,3135,,nan,24.444,2.66,93,4,23,0.66,895,0.008377166464924812,0.00023790157865732908,0.017655305564403534,1500,1500,1418,1498,1897,1500,1897,1115
1783462078.4652,2.1405,0.02006,49.84,108,3242761,0.161,AUTOTUNE,AUTOTUNE,128,1.070237636566162,0.0,10.0,0.5,0.0,0.0,nan,nan,nan,nan,nan,nan,nan,nan,nan,nan,8.53918574510297,2.179607338185641,10.534312325223368,0,0,-6.592306613922119,-2.1614696979522705,-0.5268521904945374,-0.006129202898591757,-0.010471771471202374,-0.004307110793888569,nan,nan,nan,-0.030166296288371086,-0.007303943857550621,-3.1369621753692627,0.0002932054048869759,3135,,nan,24.444,2.66,93,4,23,0.66,895,0.008377166464924812,0.00023790157865732908,0.017655305564403534,1500,1500,1418,1498,1897,1500,1897,1115
1783462078.4852,2.1605,0.02001,49.98,109,3242781,0.181,AUTOTUNE,AUTOTUNE,128,1.0802305936813354,0.0,10.0,0.5,0.0,0.0,nan,nan,nan,nan,nan,nan,nan,nan,nan,nan,8.549892449707448,2.1811368570935348,10.534579239155363,0,0,-6.592578887939453,-2.162128210067749,-0.5266885161399841,-0.006384087726473808,-0.010974647477269173,-0.004555711057037115,nan,nan,nan,-0.030160490423440933,-0.007316790521144867,-3.136950969696045,0.0003477943828329444,3135,,nan,24.444,2.66,93,4,23,0.66,895,0.008377166464924812,0.00023790157865732908,0.017655305564403534,1500,1500,1418,1498,1897,1500,1897,1115
1783462078.5056,2.1804,0.02035,49.15,110,3242801,0.201,AUTOTUNE,AUTOTUNE,128,1.0901892185211182,0.0,10.0,0.5,0.0,0.0,nan,nan,nan,nan,nan,nan,nan,nan,nan,nan,8.558778054751405,2.1831826558316583,10.534439145483345,0,0,-6.592830657958984,-2.162764072418213,-0.526547372341156,-0.005619219969958067,-0.011788674630224705,-0.00455631734803319,nan,nan,nan,-0.03016616590321064,-0.007321616634726524,-3.1369619369506836,-0.0004884572117589414,3135,,nan,24.444,2.66,93,4,23,0.66,895,0.008377166464924812,0.008753353729844093,0.017655305564403534,1500,1500,1418,1498,1897,1500,1897,1115
1783462078.5254,2.2004,0.01982,50.46,111,3242821,0.221,AUTOTUNE,AUTOTUNE,128,1.1001955270767212,0.0,10.0,0.5,0.0,0.0,nan,nan,nan,nan,nan,nan,nan,nan,nan,nan,8.569956815890635,2.183816836591481,10.534423786182122,0,0,-6.593005180358887,-2.163191318511963,-0.5265306830406189,-0.006195375230163336,-0.011908148415386677,-0.00455708522349596,nan,nan,nan,-0.030159752815961838,-0.007340103387832642,-3.1369619369506836,-0.0003132300334982574,3135,,nan,24.444,2.66,93,4,23,0.66,895,0.008377166464924812,0.008753353729844093,0.017655305564403534,1500,1500,1418,1498,1897,1500,1897,1115
1783462078.5453,2.2205,0.01989,50.27,112,3242841,0.241,AUTOTUNE,AUTOTUNE,128,1.110227346420288,0.0,10.0,0.5,0.0,0.0,nan,nan,nan,nan,nan,nan,nan,nan,nan,nan,8.57762873900375,2.1863995975252943,10.532952317518642,0,0,-6.59299373626709,-2.164135694503784,-0.5255586504936218,-0.0048394957557320595,-0.012854070402681828,-0.004268735647201538,nan,nan,nan,-0.030168019235134125,-0.007341690361499786,-3.1369688510894775,-0.0003470118099357933,3135,,nan,24.444,2.66,93,4,23,0.66,895,0.008377166464924812,0.008753353729844093,0.017655305564403534,1500,1500,1418,1498,1897,1500,1897,1115
1783462078.5655,2.2404,0.02021,49.49,113,3242861,0.261,AUTOTUNE,AUTOTUNE,128,1.1202136278152466,0.0,10.0,0.5,0.0,0.0,nan,nan,nan,nan,nan,nan,nan,nan,nan,nan,8.588139848081967,2.1878881481220507,10.532994240476462,0,0,-6.593032360076904,-2.164724826812744,-0.5251293778419495,-0.005120205692946911,-0.013373349793255329,-0.004540780559182167,nan,nan,nan,-0.03017505444586277,-0.007352624088525772,-3.136963129043579,0.00013837820733897388,3135,,nan,24.444,2.66,93,4,23,0.66,895,0.008377166464924812,0.008753353729844093,0.017655305564403534,1500,1500,1418,1498,1897,1500,1897,1115
1783462078.5849,2.2603,0.01947,51.36,114,3242881,0.280,AUTOTUNE,AUTOTUNE,128,1.1301655769348145,0.0,10.0,0.5,0.0,0.0,nan,nan,nan,nan,nan,nan,nan,nan,nan,nan,8.595921555480462,2.19011142291923,10.531891788878202,0,0,-6.593013286590576,-2.1656277179718018,-0.5242505669593811,-0.003878228133544326,-0.014135673642158508,-0.00441166153177619,nan,nan,nan,-0.030169213190674782,-0.007361074909567833,-3.136958360671997,0.00026714708656072617,3135,,nan,24.444,2.66,93,4,23,0.66,895,0.008377166464924812,0.008753353729844093,0.017655305564403534,1500,1500,1418,1498,1897,1500,1897,1115
1783462078.6053,2.2805,0.02033,49.19,115,3242901,0.301,AUTOTUNE,AUTOTUNE,128,1.1402318477630615,0.0,10.0,0.5,0.0,0.0,nan,nan,nan,nan,nan,nan,nan,nan,nan,nan,8.606323048568143,2.1921034345286134,10.530768213989758,0,0,-6.592992305755615,-2.1664931774139404,-0.5234491229057312,-0.004083882085978985,-0.014786088839173317,-0.004225679207593203,nan,nan,nan,-0.03016526997089386,-0.0073781367391347885,-3.1369643211364746,-0.00039453740464523435,3135,,nan,24.444,2.66,93,4,23,0.66,895,0.008377166464924812,0.008753353729844093,0.017655305564403534,1500,1500,1418,1498,1897,1500,1897,1115
1783462078.6250,2.3003,0.01968,50.82,116,3242923,0.320,AUTOTUNE,AUTOTUNE,128,1.1501715183258057,0.0,10.0,0.5,0.0,0.0,nan,nan,nan,nan,nan,nan,nan,nan,nan,nan,8.616303296708868,2.193368553453939,10.530450218389996,0,0,-6.593029499053955,-2.167095422744751,-0.5231257081031799,-0.004085836000740528,-0.015168799087405205,-0.004228807985782623,nan,nan,nan,-0.030187884345650673,-0.007404157891869545,-3.1369786262512207,-0.0007016868912614882,3135,,nan,24.444,2.66,93,4,23,0.66,895,0.008377166464924812,0.008753353729844093,0.017655305564403534,1500,1500,1418,1498,1897,1500,1897,1115
1783462078.6449,2.3203,0.01997,50.08,117,3242941,0.340,AUTOTUNE,AUTOTUNE,128,1.1601625680923462,0.0,10.0,0.5,0.0,0.0,nan,nan,nan,nan,nan,nan,nan,nan,nan,nan,8.624356683984693,2.195042261969263,10.529570988070942,0,0,-6.5929975509643555,-2.167891263961792,-0.5223298668861389,-0.002985571278259158,-0.015675636008381844,-0.004180663265287876,nan,nan,nan,-0.030171314254403114,-0.007405290380120277,-3.1369833946228027,-0.0006203573429957032,3135,,nan,24.444,2.66,93,4,23,0.66,895,0.008377166464924812,0.008753353729844093,0.017655305564403534,1500,1500,1418,1498,1897,1500,1897,1115
1783462078.6652,2.3404,0.02023,49.44,118,3242961,0.361,AUTOTUNE,AUTOTUNE,128,1.1701993942260742,0.0,10.0,0.5,0.0,0.0,nan,nan,nan,nan,nan,nan,nan,nan,nan,nan,8.633256471303485,2.1960281141089033,10.529031869402843,0,0,-6.593020915985107,-2.1684508323669434,-0.5219568610191345,-0.0023156118113547564,-0.01592175103724003,-0.004084757994860411,nan,nan,nan,-0.030150575563311577,-0.007416989654302597,-3.136970281600952,0.00046918459702283144,3135,,nan,24.444,2.66,93,4,23,0.66,895,0.008377166464924812,0.008753353729844093,0.017655305564403534,1500,1500,1418,1498,1897,1500,1897,1115
1783462078.6854,2.3604,0.02021,49.48,119,3242981,0.381,AUTOTUNE,AUTOTUNE,128,1.180220365524292,0.0,10.0,0.5,0.0,0.0,nan,nan,nan,nan,nan,nan,nan,nan,nan,nan,8.643668230388151,2.197838358547386,10.527458370538584,0,0,-6.5929951667785645,-2.1692538261413574,-0.521186888217926,-0.002556099556386471,-0.016503287479281425,-0.003620842006057501,nan,nan,nan,-0.030171846970915794,-0.0074318405240774155,-3.136960506439209,0.000527943717315793,3135,,nan,24.444,2.66,93,4,23,0.66,895,0.008377166464924812,0.008753353729844093,0.017655305564403534,1500,1500,1418,1498,1897,1500,1897,1115
1783462078.7056,2.3804,0.02027,49.34,120,3243001,0.401,AUTOTUNE,AUTOTUNE,128,1.190182089805603,0.0,10.0,0.5,0.0,0.0,nan,nan,nan,nan,nan,nan,nan,nan,nan,nan,8.653719456407087,2.198892709464655,10.526476727025925,0,0,-6.592970371246338,-2.170029640197754,-0.5204821228981018,-0.0026220891159027815,-0.01666410081088543,-0.0034609863068908453,nan,nan,nan,-0.03014969266951084,-0.007455231621861458,-3.1369454860687256,0.0005396667984314263,3135,,nan,24.444,2.66,93,4,23,0.66,895,0.00764181325212121,0.007697603665292263,0.024562722072005272,1500,1500,1418,1498,1897,1500,1897,1115
1783462078.7249,2.4004,0.01929,51.85,121,3243021,0.420,AUTOTUNE,AUTOTUNE,128,1.20017671585083,0.0,10.0,0.5,0.0,0.0,nan,nan,nan,nan,nan,nan,nan,nan,nan,nan,8.663661430788084,2.2002751452980136,10.525825024593116,0,0,-6.592986106872559,-2.170588970184326,-0.5201869606971741,-0.0025826056953519583,-0.017139321193099022,-0.0032551377080380917,nan,nan,nan,-0.0301620215177536,-0.00747111439704895,-3.136948347091675,-0.00013887451495975256,3135,,nan,24.444,2.66,93,4,23,0.66,895,0.00764181325212121,0.007697603665292263,0.024562722072005272,1500,1500,1418,1498,1897,1500,1897,1115
1783462078.7453,2.4205,0.02043,48.94,122,3243041,0.441,AUTOTUNE,AUTOTUNE,128,1.2102354764938354,0.0,10.0,0.5,0.0,0.0,nan,nan,nan,nan,nan,nan,nan,nan,nan,nan,8.674930305600142,2.2016046477973035,10.523756471503615,0,0,-6.593155384063721,-2.171247720718384,-0.5187447667121887,-0.0031835332047194242,-0.01752658002078533,-0.0028935091104358435,nan,nan,nan,-0.030166158452630043,-0.007475797086954117,-3.136946439743042,-0.0002561346918810159,3135,,nan,24.444,2.66,93,4,23,0.66,895,0.00764181325212121,0.007697603665292263,0.024562722072005272,1500,1500,1418,1498,1897,1500,1897,1115
1783462078.7654,2.4404,0.02006,49.85,123,3243063,0.461,AUTOTUNE,AUTOTUNE,128,1.2202167510986328,0.0,10.0,0.5,0.0,0.0,nan,nan,nan,nan,nan,nan,nan,nan,nan,nan,8.682378986988331,2.204810606912422,10.522214805605309,0,0,-6.593307971954346,-2.1719369888305664,-0.5174184441566467,-0.0016332431696355343,-0.018979592248797417,-0.0027691805735230446,nan,nan,nan,-0.030184242874383926,-0.007476842030882835,-3.1369361877441406,0.00034236640203744173,3135,,nan,24.444,2.66,93,4,23,0.66,895,0.00764181325212121,0.007697603665292263,0.024562722072005272,1500,1500,1418,1498,1897,1500,1897,1115
1783462078.7850,2.4603,0.01957,51.11,124,3243081,0.480,AUTOTUNE,AUTOTUNE,128,1.230168104171753,0.0,10.0,0.5,0.0,0.0,nan,nan,nan,nan,nan,nan,nan,nan,nan,nan,8.696344815916484,2.204486025939453,10.52070092498179,0,0,-6.5933966636657715,-2.172408103942871,-0.5168121457099915,-0.003899795701727271,-0.01852019689977169,-0.002245187759399414,nan,nan,nan,-0.0302075557410717,-0.007499983534216881,-3.136932373046875,0.00019483137293718755,3135,,nan,24.444,2.66,93,4,23,0.66,895,0.00764181325212121,0.007697603665292263,0.024562722072005272,1500,1500,1418,1498,1897,1500,1897,1115
1783462078.8064,2.4804,0.02143,46.66,125,3243106,0.502,AUTOTUNE,AUTOTUNE,128,1.2401914596557617,0.0,10.0,0.5,0.0,0.0,nan,nan,nan,nan,nan,nan,nan,nan,nan,nan,8.701653448070195,2.208662581177497,10.519915438994927,0,0,-6.5935282707214355,-2.1731443405151367,-0.5156545042991638,-0.0011017655488103628,-0.020506465807557106,-0.002460051793605089,nan,nan,nan,-0.03022177331149578,-0.007489435374736786,-3.1369106769561768,0.0004353443218860775,3135,,nan,24.436,2.57,93,4,23,0.66,895,0.00764181325212121,0.007697603665292263,0.024562722072005272,1500,1500,1418,1498,1897,1500,1897,1115
1783462078.8251,2.5004,0.01873,53.40,126,3243123,0.521,AUTOTUNE,AUTOTUNE,128,1.2501764297485352,0.0,10.0,0.5,0.0,0.0,nan,nan,nan,nan,nan,nan,nan,nan,nan,nan,8.71507395046155,2.2074035465998176,10.519181668808262,0,0,-6.593601226806641,-2.173604965209961,-0.5151217579841614,-0.003043149830773473,-0.01951362006366253,-0.002343990607187152,nan,nan,nan,-0.030210278928279877,-0.007509613409638405,-3.136906385421753,0.00037778346450068057,3135,,nan,24.436,2.57,93,4,23,0.66,895,0.00764181325212121,0.007697603665292263,0.024562722072005272,1500,1500,1418,1498,1897,1500,1897,1115
1783462078.8452,2.5205,0.02008,49.79,127,3243141,0.541,AUTOTUNE,AUTOTUNE,128,1.260229468345642,0.0,10.0,0.5,0.0,0.0,nan,nan,nan,nan,nan,nan,nan,nan,nan,nan,8.72443804690362,2.2101751169114023,10.517467829322914,0,0,-6.593693256378174,-2.1741890907287598,-0.5140406489372253,-0.0025922555942088366,-0.020776541903614998,-0.0019786835182458162,nan,nan,nan,-0.03026547096669674,-0.0075230710208415985,-3.136911392211914,-2.7417685487307608e-05,3135,,nan,24.436,2.57,93,4,23,0.66,895,0.00764181325212121,0.007697603665292263,0.024562722072005272,1500,1500,1418,1498,1897,1500,1897,1115
1783462078.8654,2.5405,0.02019,49.52,128,3243163,0.561,AUTOTUNE,AUTOTUNE,128,1.270239233970642,0.0,10.0,0.5,0.0,0.0,nan,nan,nan,nan,nan,nan,nan,nan,nan,nan,8.735616062452943,2.2113145095723112,10.516271912697999,0,0,-6.593784332275391,-2.1748669147491455,-0.513012707233429,-0.0032141623087227345,-0.02104302868247032,-0.001881703152321279,nan,nan,nan,-0.030234266072511673,-0.007522020488977432,-3.1369078159332275,-0.00012930216325912625,3135,,nan,24.436,2.57,93,4,23,0.66,895,0.00764181325212121,0.007697603665292263,0.024562722072005272,1500,1500,1418,1498,1897,1500,1897,1115
1783462078.8854,2.5604,0.02001,49.99,129,3243181,0.581,AUTOTUNE,AUTOTUNE,128,1.2801944017410278,0.0,10.0,0.5,0.0,0.0,nan,nan,nan,nan,nan,nan,nan,nan,nan,nan,8.743007565029895,2.213857889213957,10.51599937960875,0,0,-6.5938334465026855,-2.175346612930298,-0.512543261051178,-0.0017056734068319201,-0.022234495729207993,-0.0019953909795731306,nan,nan,nan,-0.03026856854557991,-0.007529284805059433,-3.1369102001190186,-0.00033154190168716013,3135,,nan,24.436,2.57,93,4,23,0.66,895,0.00764181325212121,0.007697603665292263,0.024562722072005272,1500,1500,1418,1498,1897,1500,1897,1115
1783462078.9055,2.5804,0.02012,49.71,130,3243201,0.601,AUTOTUNE,AUTOTUNE,128,1.290184736251831,0.0,10.0,0.5,0.0,0.0,nan,nan,nan,nan,nan,nan,nan,nan,nan,nan,8.75144624171773,2.2155803654488757,10.514692858536758,0,0,-6.593900680541992,-2.17596173286438,-0.5116365551948547,-0.0007710057543590665,-0.022873828187584877,-0.0017645575571805239,nan,nan,nan,-0.030278073623776436,-0.007532244548201561,-3.136910915374756,-9.36330616241321e-05,3135,,nan,24.436,2.57,93,4,23,0.66,895,0.008157185278832912,0.0042271395213902,0.01850907690823078,1500,1500,1418,1498,1897,1500,1897,1115
1783462078.9249,2.6003,0.01940,51.55,131,3243223,0.620,AUTOTUNE,AUTOTUNE,128,1.3001655340194702,0.0,10.0,0.5,0.0,0.0,nan,nan,nan,nan,nan,nan,nan,nan,nan,nan,8.762872754890537,2.216343955588135,10.514408202136414,0,0,-6.593948841094971,-2.1765499114990234,-0.5112320780754089,-0.0015778844244778156,-0.022975102066993713,-0.0018337360816076398,nan,nan,nan,-0.03027801774442196,-0.007533080875873566,-3.13690447807312,0.0005512349307537079,3135,,nan,24.436,2.57,93,4,23,0.66,895,0.008157185278832912,0.0042271395213902,0.01850907690823078,1500,1500,1418,1498,1897,1500,1897,1115
1783462078.9453,2.6205,0.02042,48.98,132,3243241,0.641,AUTOTUNE,AUTOTUNE,128,1.310240387916565,0.0,10.0,0.5,0.0,0.0,nan,nan,nan,nan,nan,nan,nan,nan,nan,nan,8.770492115641792,2.217537330293432,10.512117977681813,0,0,-6.594457626342773,-2.176974296569824,-0.509693443775177,0.00013354250404518098,-0.023419078439474106,-0.0013998053036630154,nan,nan,nan,-0.030244018882513046,-0.007530303671956062,-3.136906147003174,-0.00044909812277182937,3135,,nan,24.436,2.57,93,4,23,0.66,895,0.008157185278832912,0.0042271395213902,0.01850907690823078,1500,1500,1418,1498,1897,1500,1897,1115
1783462078.9651,2.6403,0.01976,50.61,133,3243263,0.661,AUTOTUNE,AUTOTUNE,128,1.320164442062378,0.0,10.0,0.5,0.0,0.0,nan,nan,nan,nan,nan,nan,nan,nan,nan,nan,8.782947213915767,2.2190651838183486,10.510707495230921,0,0,-6.594934940338135,-2.1775166988372803,-0.5081908106803894,-0.001052179140970111,-0.02398802898824215,-0.0014530085027217865,nan,nan,nan,-0.030269842594861984,-0.007530750706791878,-3.1369004249572754,4.945823093294166e-05,3135,,nan,24.436,2.57,93,4,23,0.66,895,0.008157185278832912,0.0042271395213902,0.01850907690823078,1500,1500,1418,1498,1897,1500,1897,1115
1783462078.9854,2.6604,0.02029,49.28,134,3243281,0.681,AUTOTUNE,AUTOTUNE,128,1.3301846981048584,0.0,10.0,0.5,0.0,0.0,nan,nan,nan,nan,nan,nan,nan,nan,nan,nan,8.792231031572642,2.2187995816494595,10.509256670100735,0,0,-6.59517240524292,-2.1779367923736572,-0.5074930787086487,-0.0004898958140984178,-0.023592142388224602,-0.001018209964968264,nan,nan,nan,-0.03022615984082222,-0.007532643154263496,-3.1368966102600098,0.000291451346129179,3135,,nan,24.436,2.57,93,4,23,0.66,895,0.008157185278832912,0.0042271395213902,0.01850907690823078,1500,1500,1418,1498,1897,1500,1897,1115
1783462079.0053,2.6804,0.01994,50.15,135,3243301,0.701,AUTOTUNE,AUTOTUNE,128,1.3401817083358765,0.0,10.0,0.5,0.0,0.0,nan,nan,nan,nan,nan,nan,nan,nan,nan,nan,8.804960190868577,2.2196671568495354,10.507307885819955,0,0,-6.5955963134765625,-2.1784324645996094,-0.5061697363853455,-0.0018225592793896794,-0.02380686067044735,-0.0006571108824573457,nan,nan,nan,-0.03023434244096279,-0.007543116807937622,-3.136894464492798,-8.720127516426146e-05,3135,,nan,24.436,2.57,93,4,23,0.66,895,0.008157185278832912,0.0042271395213902,0.01850907690823078,1500,1500,1418,1498,1897,1500,1897,1115
1783462079.0249,2.7002,0.01953,51.19,136,3243323,0.720,AUTOTUNE,AUTOTUNE,128,1.3500875234603882,0.0,10.0,0.5,0.0,0.0,nan,nan,nan,nan,nan,nan,nan,nan,nan,nan,8.81191758938483,2.2214677346706155,10.507281244145934,0,0,-6.595815658569336,-2.178981304168701,-0.50555819272995,6.34879143035505e-06,-0.024529552087187767,-0.0009948041988536716,nan,nan,nan,-0.0302130114287138,-0.007528703659772873,-3.136887788772583,-1.3313758245203644e-05,3135,,nan,24.436,2.57,93,4,23,0.66,895,0.008157185278832912,0.0042271395213902,0.01850907690823078,1500,1500,1418,1498,1897,1500,1897,1115
1783462079.0454,2.7205,0.02054,48.69,137,3243341,0.741,AUTOTUNE,AUTOTUNE,128,1.360234260559082,0.0,10.0,0.5,0.0,0.0,nan,nan,nan,nan,nan,nan,nan,nan,nan,nan,8.826819480740701,2.221553093839823,10.504744091534107,0,0,-6.596189022064209,-2.1794233322143555,-0.504347026348114,-0.0025234792847186327,-0.024323629215359688,-0.00022924569202587008,nan,nan,nan,-0.03023497387766838,-0.00754869170486927,-3.136897563934326,-0.00036174614797346294,3135,,nan,24.436,2.57,93,4,23,0.66,895,0.008157185278832912,0.0042271395213902,0.01850907690823078,1500,1500,1418,1498,1897,1500,1897,1115
1783462079.0653,2.7404,0.01989,50.27,138,3243361,0.761,AUTOTUNE,AUTOTUNE,128,1.3702032566070557,0.0,10.0,0.5,0.0,0.0,nan,nan,nan,nan,nan,nan,nan,nan,nan,nan,8.837769875968386,2.2225685340299792,10.50445210658616,0,0,-6.596384048461914,-2.179922342300415,-0.5037656426429749,-0.002977491822093725,-0.024621790274977684,-0.00039633014239370823,nan,nan,nan,-0.03025691956281662,-0.007551787421107292,-3.136894941329956,-0.00012378639075905085,3135,,nan,24.436,2.57,93,4,23,0.66,895,0.008157185278832912,0.0042271395213902,0.01850907690823078,1500,1500,1418,1498,1897,1500,1897,1115
1783462079.0848,2.7602,0.01946,51.40,139,3243381,0.780,AUTOTUNE,AUTOTUNE,128,1.3801227807998657,0.0,10.0,0.5,0.0,0.0,nan,nan,nan,nan,nan,nan,nan,nan,nan,nan,8.84772143577142,2.224317001582037,10.503068993910837,0,0,-6.596724033355713,-2.1804332733154297,-0.5026655793190002,-0.00279969722032547,-0.025336282327771187,-0.0002329115231987089,nan,nan,nan,-0.030288739129900932,-0.007554592564702034,-3.1369028091430664,-0.00012842586147598922,3135,,nan,24.436,2.57,93,4,23,0.66,895,0.008157185278832912,0.0042271395213902,0.01850907690823078,1500,1500,1418,1498,1897,1500,1897,1115
1783462079.1056,2.7805,0.02086,47.95,140,3243401,0.801,AUTOTUNE,AUTOTUNE,128,1.3902345895767212,0.0,10.0,0.5,0.0,0.0,nan,nan,nan,nan,nan,nan,nan,nan,nan,nan,8.858928747379576,2.2255711201023636,10.502076601521647,0,0,-6.597043514251709,-2.180945873260498,-0.5016574263572693,-0.0032477336935698986,-0.025764398276805878,-0.0002420108939986676,nan,nan,nan,-0.030293995514512062,-0.007566364482045174,-3.136889934539795,0.0002481545670889318,3135,,nan,24.436,2.57,93,4,23,0.66,895,0.008028795011341572,0.0037539347540587187,0.01488760206848383,1500,1500,1418,1498,1897,1500,1897,1115
1783462079.1249,2.8003,0.01931,51.79,141,3243421,0.820,AUTOTUNE,AUTOTUNE,128,1.4001659154891968,0.0,10.0,0.5,0.0,0.0,nan,nan,nan,nan,nan,nan,nan,nan,nan,nan,8.86651275673932,2.22739561837583,10.501537508625388,0,0,-6.597211837768555,-2.181450366973877,-0.5011900067329407,-0.0017953282222151756,-0.026526503264904022,-0.00020063031115569174,nan,nan,nan,-0.03029068000614643,-0.007560865953564644,-3.136892795562744,-0.00013134576147422194,3135,,nan,24.436,2.57,93,4,23,0.66,895,0.008028795011341572,0.0037539347540587187,0.01488760206848383,1500,1500,1418,1498,1897,1500,1897,1115
1783462079.1453,2.8204,0.02041,48.99,142,3243441,0.841,AUTOTUNE,AUTOTUNE,128,1.410191535949707,0.0,10.0,0.5,0.0,0.0,nan,nan,nan,nan,nan,nan,nan,nan,nan,nan,8.877947930212656,2.228524983679553,10.499544761020505,0,0,-6.597881317138672,-2.1816980838775635,-0.4995189309120178,-0.0022226099390536547,-0.02703552320599556,-1.4913020095264073e-05,nan,nan,nan,-0.030289234593510628,-0.007554957643151283,-3.1368887424468994,-0.00011182068556081504,3135,,nan,24.436,2.57,93,4,23,0.66,895,0.008028795011341572,0.0037539347540587187,0.01488760206848383,1500,1500,1418,1498,1897,1500,1897,1115
1783462079.1655,2.8404,0.02012,49.71,143,3243461,0.861,AUTOTUNE,AUTOTUNE,128,1.4202125072479248,0.0,10.0,0.5,0.0,0.0,nan,nan,nan,nan,nan,nan,nan,nan,nan,nan,8.885733023857124,2.2296879969438446,10.498522326409564,0,0,-6.598215579986572,-2.182090997695923,-0.4986693263053894,-0.0007387386285699904,-0.027480140328407288,8.487042941851541e-05,nan,nan,nan,-0.030277086421847343,-0.007547412067651749,-3.1368844509124756,0.0001943451788974926,3135,,nan,24.436,2.57,93,4,23,0.66,895,0.008028795011341572,0.0037539347540587187,0.01488760206848383,1500,1500,1418,1498,1897,1500,1897,1115
1783462079.1852,2.8604,0.01970,50.76,144,3243481,0.881,AUTOTUNE,AUTOTUNE,128,1.4301878213882446,0.0,10.0,0.5,0.0,0.0,nan,nan,nan,nan,nan,nan,nan,nan,nan,nan,8.896721503700698,2.2303533623649923,10.496300603745063,0,0,-6.598811149597168,-2.1823689937591553,-0.4970710873603821,-0.0009798378450796008,-0.02770378813147545,0.00044483892270363867,nan,nan,nan,-0.030255718156695366,-0.007551845163106918,-3.136894702911377,-0.0005073337815701962,3135,,nan,24.436,2.57,93,4,23,0.66,895,0.008028795011341572,0.0037539347540587187,0.01488760206848383,1500,1500,1418,1498,1897,1500,1897,1115
1783462079.2054,2.8804,0.02027,49.33,145,3243501,0.901,AUTOTUNE,AUTOTUNE,128,1.4402050971984863,0.0,10.0,0.5,0.0,0.0,nan,nan,nan,nan,nan,nan,nan,nan,nan,nan,8.907339191974629,2.2306374715375408,10.494593916409842,0,0,-6.599371910095215,-2.18265700340271,-0.4956030249595642,-0.0010027309181168675,-0.02770153619349003,0.0005826090928167105,nan,nan,nan,-0.030212126672267914,-0.007554803043603897,-3.1369011402130127,-0.0006383633590303361,3135,,nan,24.436,2.57,93,4,23,0.66,895,0.008028795011341572,0.0037539347540587187,0.01488760206848383,1500,1500,1418,1498,1897,1500,1897,1115
1783462079.2250,2.9003,0.01955,51.14,146,3243521,0.920,AUTOTUNE,AUTOTUNE,128,1.4501655101776123,0.0,10.0,0.5,0.0,0.0,nan,nan,nan,nan,nan,nan,nan,nan,nan,nan,8.91772215964017,2.231495592350422,10.493549457052511,0,0,-6.599660396575928,-2.183093786239624,-0.49490779638290405,-0.0010801352327689528,-0.027944795787334442,0.0007842375780455768,nan,nan,nan,-0.03021395392715931,-0.0075521934777498245,-3.1369104385375977,-0.00044797029113397,3135,,nan,24.436,2.57,93,4,23,0.66,895,0.008028795011341572,0.0037539347540587187,0.01488760206848383,1500,1500,1418,1498,1897,1500,1897,1115
1783462079.2453,2.9204,0.02036,49.11,147,3243541,0.941,AUTOTUNE,AUTOTUNE,128,1.4601839780807495,0.0,10.0,0.5,0.0,0.0,nan,nan,nan,nan,nan,nan,nan,nan,nan,nan,8.929981744123422,2.2316596544786305,10.49179026574191,0,0,-6.600169658660889,-2.18341326713562,-0.4936090111732483,-0.0020800218917429447,-0.02785506471991539,0.0010500531643629074,nan,nan,nan,-0.030200520530343056,-0.0075564756989479065,-3.1369118690490723,-0.0003087483055423945,3135,,nan,24.436,2.57,93,4,23,0.66,895,0.008028795011341572,0.0037539347540587187,0.01488760206848383,1500,1500,1418,1498,1897,1500,1897,1115
1783462079.2650,2.9403,0.01965,50.90,148,3243561,0.961,AUTOTUNE,AUTOTUNE,128,1.470166563987732,0.0,10.0,0.5,0.0,0.0,nan,nan,nan,nan,nan,nan,nan,nan,nan,nan,8.939795299440101,2.232058515862937,10.490564139409242,0,0,-6.600432395935059,-2.1838698387145996,-0.4929836392402649,-0.001830740598961711,-0.027821745723485947,0.0013968988787382841,nan,nan,nan,-0.030204372480511665,-0.007545981556177139,-3.136910915374756,4.743437239085324e-05,3135,,nan,24.436,2.57,93,4,23,0.66,895,0.008028795011341572,0.0037539347540587187,0.01488760206848383,1500,1500,1418,1498,1897,1500,1897,1115
1783462079.2851,2.9604,0.02011,49.73,149,3243581,0.981,AUTOTUNE,AUTOTUNE,128,1.4801875352859497,0.0,10.0,0.5,0.0,0.0,nan,nan,nan,nan,nan,nan,nan,nan,nan,nan,8.952999735399688,2.2325880069258157,10.488777361187514,0,0,-6.600889205932617,-2.1842150688171387,-0.49182671308517456,-0.003404975403100252,-0.027928128838539124,0.0017605441389605403,nan,nan,nan,-0.03021598421037197,-0.007560392841696739,-3.1369171142578125,-0.00033164743217639625,3135,,nan,24.436,2.57,93,4,23,0.66,895,0.008028795011341572,0.0037539347540587187,0.01488760206848383,1500,1500,1418,1498,1897,1500,1897,1115
1783462079.3067,2.9805,0.02161,46.28,150,3243606,0.002,AUTOTUNE,AUTOTUNE,128,1.4902307987213135,0.0,10.0,0.5,0.0,0.0,nan,nan,nan,nan,nan,nan,nan,nan,nan,nan,8.95962074198331,2.2363211563690655,10.488384726696312,0,0,-6.601324558258057,-2.184723377227783,-0.4907533526420593,-0.0011777837062254548,-0.029789991676807404,0.0013675268273800611,nan,nan,nan,-0.03023061901330948,-0.007546583190560341,-3.136920213699341,-0.0003905148187186569,3135,,nan,24.439,2.59,93,4,23,0.66,895,0.008028795011341572,0.0037539347540587187,0.01488760206848383,1500,1500,1418,1498,1897,1500,1897,1115
1783462079.3252,3.0005,0.01848,54.11,151,3243621,0.021,AUTOTUNE,AUTOTUNE,128,1.5002294778823853,0.0,10.0,0.5,0.0,0.0,nan,nan,nan,nan,nan,nan,nan,nan,nan,nan,8.974511133355154,2.234846820599783,10.486074083763448,0,0,-6.6015400886535645,-2.1850669384002686,-0.4902428984642029,-0.0038775785360485315,-0.028740428388118744,0.0024068662896752357,nan,nan,nan,-0.030233286321163177,-0.007562937214970589,-3.136924982070923,-0.00022096390603110194,3135,,nan,24.439,2.59,93,4,23,0.66,895,0.007928060367703438,0.0005543729639612138,0.015116804279386997,1500,1500,1418,1498,1897,1500,1897,1115
1783462079.3452,3.0204,0.02000,49.99,152,3243641,0.041,AUTOTUNE,AUTOTUNE,128,1.5101876258850098,0.0,10.0,0.5,0.0,0.0,nan,nan,nan,nan,nan,nan,nan,nan,nan,nan,8.984335354889867,2.235723974966932,10.483947938973454,0,0,-6.602263927459717,-2.1853578090667725,-0.4885374903678894,-0.003382347524166107,-0.02907891944050789,0.0026497787330299616,nan,nan,nan,-0.03023759461939335,-0.007571818307042122,-3.1369214057922363,0.00018071387603413314,3135,,nan,24.439,2.59,93,4,23,0.66,895,0.007928060367703438,0.0005543729639612138,0.015116804279386997,1500,1500,1418,1498,1897,1500,1897,1115
1783462079.3651,3.0404,0.01996,50.11,153,3243661,0.061,AUTOTUNE,AUTOTUNE,128,1.5201789140701294,0.0,10.0,0.5,0.0,0.0,nan,nan,nan,nan,nan,nan,nan,nan,nan,nan,8.994228388054308,2.2376325366515113,10.482447306233528,0,0,-6.602627277374268,-2.1858081817626953,-0.4876806139945984,-0.0031158397905528545,-0.029920805245637894,0.0030214516445994377,nan,nan,nan,-0.030261410400271416,-0.007561089470982552,-3.136922597885132,-0.00012019513815175742,3135,,nan,24.439,2.59,93,4,23,0.66,895,0.007928060367703438,0.0005543729639612138,0.015116804279386997,1500,1500,1418,1498,1897,1500,1897,1115
1783462079.3849,3.0603,0.01974,50.66,154,3243681,0.080,AUTOTUNE,AUTOTUNE,128,1.5301672220230103,0.0,10.0,0.5,0.0,0.0,nan,nan,nan,nan,nan,nan,nan,nan,nan,nan,9.005013610948447,2.2388481156281776,10.480625775311594,0,0,-6.603277206420898,-2.1861448287963867,-0.48610979318618774,-0.0032007021363824606,-0.03042825683951378,0.0031661991961300373,nan,nan,nan,-0.030246097594499588,-0.007564034312963486,-3.136932611465454,-0.00041971475002355874,3135,,nan,24.439,2.59,93,4,23,0.66,895,0.007928060367703438,0.0005543729639612138,0.015116804279386997,1500,1500,1418,1498,1897,1500,1897,1115
1783462079.4054,3.0804,0.02051,48.76,155,3243701,0.101,AUTOTUNE,AUTOTUNE,128,1.5401829481124878,0.0,10.0,0.5,0.0,0.0,nan,nan,nan,nan,nan,nan,nan,nan,nan,nan,9.013651949557683,2.24008872322144,10.478636108973923,0,0,-6.603882312774658,-2.1864912509918213,-0.4846647381782532,-0.0020561087876558304,-0.030944515019655228,0.0034806306939572096,nan,nan,nan,-0.030237097293138504,-0.007552267983555794,-3.136934995651245,-0.0001148378214566037,3135,,nan,24.439,2.59,93,4,23,0.66,895,0.007928060367703438,0.0005543729639612138,0.015116804279386997,1500,1500,1418,1498,1897,1500,1897,1115
1783462079.4251,3.1004,0.01976,50.62,156,3243721,0.121,AUTOTUNE,AUTOTUNE,128,1.5501816272735596,0.0,10.0,0.5,0.0,0.0,nan,nan,nan,nan,nan,nan,nan,nan,nan,nan,9.024263561152972,2.2407211516308996,10.4776788243797,0,0,-6.604199409484863,-2.186986207962036,-0.4839465022087097,-0.0022269096225500107,-0.031023884192109108,0.0036186454817652702,nan,nan,nan,-0.03021976538002491,-0.0075484272092580795,-3.1369378566741943,-0.00014166970504447818,3135,,nan,24.439,2.59,93,4,23,0.66,895,0.007928060367703438,0.0005543729639612138,0.015116804279386997,1500,1500,1418,1498,1897,1500,1897,1115
1783462079.4455,3.1205,0.02032,49.22,157,3243741,0.141,AUTOTUNE,AUTOTUNE,128,1.5602383613586426,0.0,10.0,0.5,0.0,0.0,nan,nan,nan,nan,nan,nan,nan,nan,nan,nan,9.033828680897072,2.2415825883810387,10.475804327025275,0,0,-6.6047515869140625,-2.187370538711548,-0.48262959718704224,-0.0016242761630564928,-0.03129934147000313,0.003940571565181017,nan,nan,nan,-0.030196886509656906,-0.00754619762301445,-3.1369359493255615,-0.0001416446757502854,3135,,nan,24.439,2.59,93,4,23,0.66,895,0.007928060367703438,0.0005543729639612138,0.015116804279386997,1500,1500,1418,1498,1897,1500,1897,1115
1783462079.4655,3.1405,0.01999,50.03,158,3243761,0.161,AUTOTUNE,AUTOTUNE,128,1.5702295303344727,0.0,10.0,0.5,0.0,0.0,nan,nan,nan,nan,nan,nan,nan,nan,nan,nan,9.04538684338119,2.242358509059084,10.475108039872211,0,0,-6.605045318603516,-2.1878745555877686,-0.48195749521255493,-0.0023593942169100046,-0.03145632520318031,0.003954534884542227,nan,nan,nan,-0.030186962336301804,-0.007547667250037193,-3.136932849884033,-6.311602191999555e-05,3135,,nan,24.439,2.59,93,4,23,0.66,895,0.007928060367703438,0.0005543729639612138,0.015116804279386997,1500,1500,1418,1498,1897,1500,1897,1115
1783462079.4852,3.1603,0.01970,50.76,159,3243781,0.181,AUTOTUNE,AUTOTUNE,128,1.580170750617981,0.0,10.0,0.5,0.0,0.0,nan,nan,nan,nan,nan,nan,nan,nan,nan,nan,9.055628322704697,2.2423601415311323,10.473995157695152,0,0,-6.605548858642578,-2.1882760524749756,-0.48076754808425903,-0.0022420298773795366,-0.03122546337544918,0.00391004141420126,nan,nan,nan,-0.03016415424644947,-0.00754869170486927,-3.136932134628296,0.0001615507062524557,3135,,nan,24.439,2.59,93,4,23,0.66,895,0.007928060367703438,0.0005543729639612138,0.015116804279386997,1500,1500,1418,1498,1897,1500,1897,1115
1783462079.5054,3.1803,0.02023,49.43,160,3243801,0.201,AUTOTUNE,AUTOTUNE,128,1.5901660919189453,0.0,10.0,0.5,0.0,0.0,nan,nan,nan,nan,nan,nan,nan,nan,nan,nan,9.067128035955744,2.2434965532251128,10.472278789226644,0,0,-6.606088638305664,-2.188814401626587,-0.479574978351593,-0.0027989374939352274,-0.03157075494527817,0.004212456755340099,nan,nan,nan,-0.030162539333105087,-0.0075490958988666534,-3.136929512023926,-0.00014490715693682432,3135,,nan,24.439,2.59,93,4,23,0.66,895,0.008124345913529396,0.0024016397073864937,0.010110513307154179,1500,1500,1418,1498,1897,1500,1897,1115
1783462079.5254,3.2004,0.02003,49.93,161,3243823,0.221,AUTOTUNE,AUTOTUNE,128,1.6001923084259033,0.0,10.0,0.5,0.0,0.0,nan,nan,nan,nan,nan,nan,nan,nan,nan,nan,9.07588132918166,2.2453575091891422,10.472546155976021,0,0,-6.60641622543335,-2.1895244121551514,-0.4789202809333801,-0.001874882378615439,-0.03223525360226631,0.0036801027599722147,nan,nan,nan,-0.03016267903149128,-0.00754324346780777,-3.1369259357452393,9.957677684724331e-05,3135,,nan,24.439,2.59,93,4,23,0.66,895,0.008124345913529396,0.0024016397073864937,0.010110513307154179,1500,1500,1418,1498,1897,1500,1897,1115
1783462079.5450,3.2204,0.01962,50.97,162,3243841,0.241,AUTOTUNE,AUTOTUNE,128,1.6102124452590942,0.0,10.0,0.5,0.0,0.0,nan,nan,nan,nan,nan,nan,nan,nan,nan,nan,9.090077129945948,2.245921559713447,10.470025570008843,0,0,-6.606949806213379,-2.1900808811187744,-0.4777293801307678,-0.003977640066295862,-0.032239630818367004,0.00444779684767127,nan,nan,nan,-0.030186498537659645,-0.00756547786295414,-3.1369259357452393,-2.1056021068943664e-05,3135,,nan,24.439,2.59,93,4,23,0.66,895,0.008124345913529396,0.0024016397073864937,0.010110513307154179,1500,1500,1418,1498,1897,1500,1897,1115
1783462079.5653,3.2402,0.02027,49.33,163,3243861,0.261,AUTOTUNE,AUTOTUNE,128,1.6200886964797974,0.0,10.0,0.5,0.0,0.0,nan,nan,nan,nan,nan,nan,nan,nan,nan,nan,9.101651181239417,2.247467085739817,10.46947955285855,0,0,-6.607240200042725,-2.190741539001465,-0.4770931601524353,-0.00479020643979311,-0.032750509679317474,0.004395718220621347,nan,nan,nan,-0.030185960233211517,-0.007577309384942055,-3.1369197368621826,0.00026651317602954805,3135,,nan,24.439,2.59,93,4,23,0.66,895,0.008124345913529396,0.0024016397073864937,0.010110513307154179,1500,1500,1418,1498,1897,1500,1897,1115
1783462079.5852,3.2604,0.01988,50.30,164,3243881,0.281,AUTOTUNE,AUTOTUNE,128,1.6302030086517334,0.0,10.0,0.5,0.0,0.0,nan,nan,nan,nan,nan,nan,nan,nan,nan,nan,9.111090610981648,2.249005358637645,10.468001820319488,0,0,-6.607728958129883,-2.1914026737213135,-0.4759734272956848,-0.004118378274142742,-0.03325692564249039,0.004602409433573484,nan,nan,nan,-0.030195115134119987,-0.007578520104289055,-3.1369240283966064,-0.00012517433788161725,3135,,nan,24.439,2.59,93,4,23,0.66,895,0.008124345913529396,0.0024016397073864937,0.010110513307154179,1500,1500,1418,1498,1897,1500,1897,1115
1783462079.6055,3.2804,0.02033,49.19,165,3243901,0.301,AUTOTUNE,AUTOTUNE,128,1.6401896476745605,0.0,10.0,0.5,0.0,0.0,nan,nan,nan,nan,nan,nan,nan,nan,nan,nan,9.122386970200498,2.250929495832556,10.466627232516702,0,0,-6.608180999755859,-2.1920602321624756,-0.4749414324760437,-0.004613559227436781,-0.03398818522691727,0.004800205584615469,nan,nan,nan,-0.030214492231607437,-0.007587475702166557,-3.1369211673736572,9.525445057079196e-05,3135,,nan,24.439,2.59,93,4,23,0.66,895,0.008124345913529396,0.0024016397073864937,0.010110513307154179,1500,1500,1418,1498,1897,1500,1897,1115
1783462079.6251,3.3004,0.01956,51.12,166,3243921,0.321,AUTOTUNE,AUTOTUNE,128,1.650179147720337,0.0,10.0,0.5,0.0,0.0,nan,nan,nan,nan,nan,nan,nan,nan,nan,nan,9.130949884717472,2.2528508718851157,10.466415402733995,0,0,-6.608428001403809,-2.1927318572998047,-0.4744120240211487,-0.0036473132204264402,-0.03470972925424576,0.004616851452738047,nan,nan,nan,-0.030212869867682457,-0.007593095302581787,-3.1369333267211914,-0.0004231920465826988,3135,,nan,24.439,2.59,93,4,23,0.66,895,0.008124345913529396,0.0024016397073864937,0.010110513307154179,1500,1500,1418,1498,1897,1500,1897,1115
1783462079.6451,3.3204,0.01997,50.07,167,3243941,0.341,AUTOTUNE,AUTOTUNE,128,1.6602239608764648,0.0,10.0,0.5,0.0,0.0,nan,nan,nan,nan,nan,nan,nan,nan,nan,nan,9.141553897826036,2.254672488891278,10.465269004956602,0,0,-6.608835697174072,-2.1934120655059814,-0.4734416604042053,-0.0037347842007875443,-0.035368721932172775,0.004718484822660685,nan,nan,nan,-0.030229048803448677,-0.007586611434817314,-3.1369285583496094,-9.190068522002548e-05,3135,,nan,24.439,2.59,93,4,23,0.66,895,0.008124345913529396,0.0024016397073864937,0.010110513307154179,1500,1500,1418,1498,1897,1500,1897,1115
1783462079.6653,3.3404,0.02029,49.29,168,3243961,0.361,AUTOTUNE,AUTOTUNE,128,1.6701867580413818,0.0,10.0,0.5,0.0,0.0,nan,nan,nan,nan,nan,nan,nan,nan,nan,nan,9.150504304854922,2.2559851897923573,10.465021943340133,0,0,-6.609066009521484,-2.1941089630126953,-0.47291237115859985,-0.0030173095874488354,-0.03572425618767738,0.0045555406250059605,nan,nan,nan,-0.030201759189367294,-0.007588446140289307,-3.1369268894195557,-1.813376002246514e-05,3135,,nan,24.439,2.59,93,4,23,0.66,895,0.008124345913529396,0.0024016397073864937,0.010110513307154179,1500,1500,1418,1498,1897,1500,1897,1115
1783462079.6854,3.3604,0.02007,49.83,169,3243981,0.381,AUTOTUNE,AUTOTUNE,128,1.6802011728286743,0.0,10.0,0.5,0.0,0.0,nan,nan,nan,nan,nan,nan,nan,nan,nan,nan,9.159552711431779,2.2574362246990476,10.463597100521666,0,0,-6.609435081481934,-2.1947953701019287,-0.47200220823287964,-0.0022465006913989782,-0.036165714263916016,0.004852691199630499,nan,nan,nan,-0.030201846733689308,-0.007582467049360275,-3.1369316577911377,-0.00040813471423462033,3135,,nan,24.439,2.59,93,4,23,0.66,895,0.008124345913529396,0.0024016397073864937,0.010110513307154179,1500,1500,1418,1498,1897,1500,1897,1115
1783462079.7053,3.3804,0.01991,50.22,170,3244001,0.401,AUTOTUNE,AUTOTUNE,128,1.6902000904083252,0.0,10.0,0.5,0.0,0.0,nan,nan,nan,nan,nan,nan,nan,nan,nan,nan,9.170424158202621,2.2583114330469876,10.462823247119083,0,0,-6.609781265258789,-2.195488214492798,-0.4711633324623108,-0.002550386358052492,-0.036271002143621445,0.0048151505179703236,nan,nan,nan,-0.030174512416124344,-0.007583042606711388,-3.136946201324463,-0.0007352475076913834,3135,,nan,24.439,2.59,93,4,23,0.66,895,0.008124345913529396,0.004448969382792711,0.010110513307154179,1500,1500,1418,1498,1897,1500,1897,1115
1783462079.7253,3.4004,0.02000,50.01,171,3244023,0.421,AUTOTUNE,AUTOTUNE,128,1.7001841068267822,0.0,10.0,0.5,0.0,0.0,nan,nan,nan,nan,nan,nan,nan,nan,nan,nan,9.180307085099754,2.2599894696792804,10.462207846856531,0,0,-6.609983444213867,-2.1962995529174805,-0.47070783376693726,-0.0023752942215651274,-0.036771390587091446,0.004907469730824232,nan,nan,nan,-0.030198045074939728,-0.007583709433674812,-3.1369450092315674,-9.354447684017941e-06,3135,,nan,24.439,2.59,93,4,23,0.66,895,0.008124345913529396,0.004448969382792711,0.010110513307154179,1500,1500,1418,1498,1897,1500,1897,1115
1783462079.7454,3.4205,0.02005,49.88,172,3244041,0.441,AUTOTUNE,AUTOTUNE,128,1.710235357284546,0.0,10.0,0.5,0.0,0.0,nan,nan,nan,nan,nan,nan,nan,nan,nan,nan,9.193945963731153,2.2606667605396367,10.460712015009301,0,0,-6.610971450805664,-2.1968746185302734,-0.4695715308189392,-0.003876186441630125,-0.03683041036128998,0.005115043837577105,nan,nan,nan,-0.030160164460539818,-0.0075890906155109406,-3.1369502544403076,-0.0003588766558095813,3135,,nan,24.439,2.59,93,4,23,0.66,895,0.008124345913529396,0.004448969382792711,0.010110513307154179,1500,1500,1418,1498,1897,1500,1897,1115
1783462079.7651,3.4404,0.01973,50.68,173,3244061,0.461,AUTOTUNE,AUTOTUNE,128,1.7201875448226929,0.0,10.0,0.5,0.0,0.0,nan,nan,nan,nan,nan,nan,nan,nan,nan,nan,9.205009724269804,2.2620388618421834,10.460219553339105,0,0,-6.611476898193359,-2.1975717544555664,-0.4689907431602478,-0.004226133227348328,-0.037220101803541183,0.005064048804342747,nan,nan,nan,-0.030167292803525925,-0.007590245455503464,-3.136945962905884,-0.00010734902753029019,3135,,nan,24.439,2.59,93,4,23,0.66,895,0.008124345913529396,0.004448969382792711,0.010110513307154179,1500,1500,1418,1498,1897,1500,1897,1115
1783462079.7848,3.4604,0.01974,50.66,174,3244081,0.480,AUTOTUNE,AUTOTUNE,128,1.7302016019821167,0.0,10.0,0.5,0.0,0.0,nan,nan,nan,nan,nan,nan,nan,nan,nan,nan,9.216544487867894,2.2638154987956143,10.458920941809483,0,0,-6.612368106842041,-2.198242664337158,-0.4679874777793884,-0.004589573945850134,-0.037858493626117706,0.005234566982835531,nan,nan,nan,-0.030182065442204475,-0.007588585838675499,-3.1369497776031494,-0.00017828153795562685,3135,,nan,24.439,2.59,93,4,23,0.66,895,0.008124345913529396,0.004448969382792711,0.010110513307154179,1500,1500,1418,1498,1897,1500,1897,1115
1783462079.8065,3.4804,0.02165,46.19,175,3244106,0.502,AUTOTUNE,AUTOTUNE,128,1.74022376537323,0.0,10.0,0.5,0.0,0.0,nan,nan,nan,nan,nan,nan,nan,nan,nan,nan,9.22720383725388,2.2647909084398608,10.457904407656407,0,0,-6.613226890563965,-2.1991214752197266,-0.46703487634658813,-0.004461634438484907,-0.03791426494717598,0.005271478556096554,nan,nan,nan,-0.03014404885470867,-0.007595205679535866,-3.136949062347412,-0.00010685665620258078,3135,,nan,24.454,2.02,93,4,23,0.66,895,0.008124345913529396,0.004448969382792711,0.010110513307154179,1500,1500,1418,1498,1897,1500,1897,1115
1783462079.8254,3.5004,0.01889,52.95,176,3244121,0.521,AUTOTUNE,AUTOTUNE,128,1.7502005100250244,0.0,10.0,0.5,0.0,0.0,nan,nan,nan,nan,nan,nan,nan,nan,nan,nan,9.235545191745683,2.2655125246711902,10.457537855091493,0,0,-6.613646984100342,-2.199669599533081,-0.46657103300094604,-0.003274900373071432,-0.038014430552721024,0.0052153076976537704,nan,nan,nan,-0.030151834711432457,-0.007596846669912338,-3.136943817138672,0.00013671419583261013,3135,,nan,24.454,2.02,93,4,23,0.66,895,0.008124345913529396,0.004448969382792711,0.010110513307154179,1500,1500,1418,1498,1897,1500,1897,1115
1783462079.8453,3.5203,0.01988,50.30,177,3244141,0.541,AUTOTUNE,AUTOTUNE,128,1.7601732015609741,0.0,10.0,0.5,0.0,0.0,nan,nan,nan,nan,nan,nan,nan,nan,nan,nan,9.24838828948798,2.267226078510045,10.456446616639198,0,0,-6.614410400390625,-2.2003679275512695,-0.46570807695388794,-0.004491371568292379,-0.03860057145357132,0.005347106605768204,nan,nan,nan,-0.030139870941638947,-0.0076093245297670364,-3.1369426250457764,0.00017858493083622307,3135,,nan,24.454,2.02,93,4,23,0.66,895,0.008124345913529396,0.004448969382792711,0.010110513307154179,1500,1500,1418,1498,1897,1500,1897,1115
1783462079.8652,3.5404,0.01996,50.10,178,3244161,0.561,AUTOTUNE,AUTOTUNE,128,1.7701802253723145,0.0,10.0,0.5,0.0,0.0,nan,nan,nan,nan,nan,nan,nan,nan,nan,nan,9.260877692385561,2.268801503970865,10.456321579347389,0,0,-6.614821910858154,-2.201115846633911,-0.4652281403541565,-0.0056869881227612495,-0.03907833248376846,0.005142205394804478,nan,nan,nan,-0.030148619785904884,-0.007608644664287567,-3.1369307041168213,0.00020842102821916342,3135,,nan,24.454,2.02,93,4,23,0.66,895,0.008124345913529396,0.004448969382792711,0.010110513307154179,1500,1500,1418,1498,1897,1500,1897,1115
1783462079.8852,3.5604,0.02001,49.98,179,3244181,0.581,AUTOTUNE,AUTOTUNE,128,1.7801940441131592,0.0,10.0,0.5,0.0,0.0,nan,nan,nan,nan,nan,nan,nan,nan,nan,nan,9.27047174552289,2.269731534350535,10.455517573333777,0,0,-6.615515232086182,-2.2018308639526367,-0.46442335844039917,-0.005044347140938044,-0.03920247033238411,0.005141757428646088,nan,nan,nan,-0.030167747288942337,-0.00759853795170784,-3.136934518814087,-0.00012588448589667678,3135,,nan,24.454,2.02,93,4,23,0.66,895,0.008124345913529396,0.004448969382792711,0.010110513307154179,1500,1500,1418,1498,1897,1500,1897,1115
1783462079.9054,3.5804,0.02017,49.58,180,3244201,0.601,AUTOTUNE,AUTOTUNE,128,1.7902005910873413,0.0,10.0,0.5,0.0,0.0,nan,nan,nan,nan,nan,nan,nan,nan,nan,nan,9.280530642344726,2.2710216939576506,10.454300506829886,0,0,-6.616170406341553,-2.202568531036377,-0.463678777217865,-0.004696306306868792,-0.03952145203948021,0.005414546933025122,nan,nan,nan,-0.030140988528728485,-0.007610701024532318,-3.136949062347412,-0.0007820506580173969,3135,,nan,24.454,2.02,93,4,23,0.66,895,0.00869361124932766,0.0035909758880734444,0.012812331318855286,1500,1500,1418,1498,1897,1500,1897,1115
1783462079.9252,3.6004,0.01979,50.53,181,3244221,0.621,AUTOTUNE,AUTOTUNE,128,1.8001779317855835,0.0,10.0,0.5,0.0,0.0,nan,nan,nan,nan,nan,nan,nan,nan,nan,nan,9.292091675982876,2.273098224613073,10.453651858943049,0,0,-6.616535186767578,-2.203331232070923,-0.4632750153541565,-0.005400045774877071,-0.040279991924762726,0.005555931944400072,nan,nan,nan,-0.030133835971355438,-0.007619423791766167,-3.136950731277466,-0.0002901600091718137,3135,,nan,24.454,2.02,93,4,23,0.66,895,0.00869361124932766,0.0035909758880734444,0.012812331318855286,1500,1500,1418,1498,1897,1500,1897,1115
1783462079.9448,3.6203,0.01966,50.88,182,3244241,0.640,AUTOTUNE,AUTOTUNE,128,1.8101662397384644,0.0,10.0,0.5,0.0,0.0,nan,nan,nan,nan,nan,nan,nan,nan,nan,nan,9.302706403288063,2.2730919393527227,10.452429909654281,0,0,-6.617149353027344,-2.203418254852295,-0.46206456422805786,-0.0054071201011538506,-0.04022612050175667,0.005562570411711931,nan,nan,nan,-0.030140617862343788,-0.007604377344250679,-3.1369566917419434,-0.0005361897055990994,3135,,nan,24.454,2.02,93,4,23,0.66,895,0.00869361124932766,0.0035909758880734444,0.012812331318855286,1500,1500,1418,1498,1897,1500,1897,1115
1783462079.9651,3.6404,0.02026,49.37,183,3244263,0.661,AUTOTUNE,AUTOTUNE,128,1.8201793432235718,0.0,10.0,0.5,0.0,0.0,nan,nan,nan,nan,nan,nan,nan,nan,nan,nan,9.312777293260138,2.2728378063696133,10.450980455757758,0,0,-6.617734432220459,-2.203643560409546,-0.46089357137680054,-0.005102687515318394,-0.039949316531419754,0.005723339971154928,nan,nan,nan,-0.030129827558994293,-0.007600555196404457,-3.136948347091675,0.0004183596756774932,3135,,nan,24.454,2.02,93,4,23,0.66,895,0.00869361124932766,0.0035909758880734444,0.012812331318855286,1500,1500,1418,1498,1897,1500,1897,1115
1783462079.9855,3.6605,0.02036,49.11,184,3244281,0.681,AUTOTUNE,AUTOTUNE,128,1.8302347660064697,0.0,10.0,0.5,0.0,0.0,nan,nan,nan,nan,nan,nan,nan,nan,nan,nan,9.32352803726488,2.274192661515072,10.45016470639384,0,0,-6.618048667907715,-2.2040369510650635,-0.4603033661842346,-0.00532270735129714,-0.040504418313503265,0.005853557959198952,nan,nan,nan,-0.030128484591841698,-0.0076050832867622375,-3.1369404792785645,0.0001910613791551441,3135,,nan,24.454,2.02,93,4,23,0.66,895,0.00869361124932766,0.0035909758880734444,0.012812331318855286,1500,1500,1418,1498,1897,1500,1897,1115
1783462080.0053,3.6803,0.01988,50.29,185,3244301,0.701,AUTOTUNE,AUTOTUNE,128,1.8401719331741333,0.0,10.0,0.5,0.0,0.0,nan,nan,nan,nan,nan,nan,nan,nan,nan,nan,9.334066529355244,2.273742122034813,10.448558209968395,0,0,-6.61856746673584,-2.204244613647461,-0.4592737555503845,-0.005370353814214468,-0.040124405175447464,0.006186623126268387,nan,nan,nan,-0.03014036826789379,-0.0075993649661540985,-3.1369338035583496,3.2534600904909894e-05,3135,,nan,24.454,2.02,93,4,23,0.66,895,0.00869361124932766,0.0035909758880734444,0.012812331318855286,1500,1500,1418,1498,1897,1500,1897,1115
1783462080.0248,3.7002,0.01946,51.39,186,3244323,0.720,AUTOTUNE,AUTOTUNE,128,1.8501076698303223,0.0,10.0,0.5,0.0,0.0,nan,nan,nan,nan,nan,nan,nan,nan,nan,nan,9.344030992807648,2.2747510294835123,10.448145977250098,0,0,-6.6188764572143555,-2.2048563957214355,-0.45871347188949585,-0.005208543501794338,-0.0403536856174469,0.006101145874708891,nan,nan,nan,-0.03012797236442566,-0.007589519023895264,-3.136951446533203,-0.0007213231874629855,3135,,nan,24.454,2.02,93,4,23,0.66,895,0.00869361124932766,0.0035909758880734444,0.012812331318855286,1500,1500,1418,1498,1897,1500,1897,1115
1783462080.0452,3.7205,0.02043,48.96,187,3244341,0.741,AUTOTUNE,AUTOTUNE,128,1.860231637954712,0.0,10.0,0.5,0.0,0.0,nan,nan,nan,nan,nan,nan,nan,nan,nan,nan,9.35483912402368,2.2754741264712512,10.446994417890396,0,0,-6.619332790374756,-2.2050271034240723,-0.4577867388725281,-0.005340081173926592,-0.040672607719898224,0.0062309494242072105,nan,nan,nan,-0.030120274052023888,-0.007591100409626961,-3.136946439743042,-0.00015036578406579792,3135,,nan,24.454,2.02,93,4,23,0.66,895,0.00869361124932766,0.0035909758880734444,0.012812331318855286,1500,1500,1418,1498,1897,1500,1897,1115
1783462080.0654,3.7405,0.02013,49.67,188,3244363,0.761,AUTOTUNE,AUTOTUNE,128,1.8702304363250732,0.0,10.0,0.5,0.0,0.0,nan,nan,nan,nan,nan,nan,nan,nan,nan,nan,9.3654168099557,2.275790080369901,10.445699798994823,0,0,-6.619782447814941,-2.2054216861724854,-0.4568740725517273,-0.005414692219346762,-0.04062721133232117,0.006451469846069813,nan,nan,nan,-0.03013322316110134,-0.0075849369168281555,-3.1369452476501465,0.00018694589380174875,3135,,nan,24.454,2.02,93,4,23,0.66,895,0.00869361124932766,0.0035909758880734444,0.012812331318855286,1500,1500,1418,1498,1897,1500,1897,1115
1783462080.0853,3.7605,0.01992,50.20,189,3244381,0.781,AUTOTUNE,AUTOTUNE,128,1.8802309036254883,0.0,10.0,0.5,0.0,0.0,nan,nan,nan,nan,nan,nan,nan,nan,nan,nan,9.375352250929074,2.276650279950544,10.444831673143874,0,0,-6.620031833648682,-2.2058985233306885,-0.456398069858551,-0.0052331662736833096,-0.04084854573011398,0.006677862256765366,nan,nan,nan,-0.030119342729449272,-0.007582398131489754,-3.136941909790039,0.0002697268791962415,3135,,nan,24.454,2.02,93,4,23,0.66,895,0.00869361124932766,0.0035909758880734444,0.012812331318855286,1500,1500,1418,1498,1897,1500,1897,1115
1783462080.1052,3.7803,0.01990,50.25,190,3244401,0.801,AUTOTUNE,AUTOTUNE,128,1.8901668787002563,0.0,10.0,0.5,0.0,0.0,nan,nan,nan,nan,nan,nan,nan,nan,nan,nan,9.385575204282505,2.2773481606889074,10.443844312118076,0,0,-6.620424270629883,-2.206242561340332,-0.4555961489677429,-0.005172279663383961,-0.041052836924791336,0.006784926168620586,nan,nan,nan,-0.03012133203446865,-0.0075785089284181595,-3.1369454860687256,-0.00045387225691229105,3135,,nan,24.454,2.02,93,4,23,0.66,895,0.00811850931495428,0.002186560770496726,0.01762460544705391,1500,1500,1418,1498,1897,1500,1897,1115
1783462080.1253,3.8004,0.02016,49.60,191,3244423,0.821,AUTOTUNE,AUTOTUNE,128,1.9001811742782593,0.0,10.0,0.5,0.0,0.0,nan,nan,nan,nan,nan,nan,nan,nan,nan,nan,9.395697914192615,2.2780923333265224,10.443354284305368,0,0,-6.6206769943237305,-2.2069454193115234,-0.45513099431991577,-0.005088962614536285,-0.04107668995857239,0.00679928669705987,nan,nan,nan,-0.030105626210570335,-0.007577095180749893,-3.136945962905884,-0.00019813312974292785,3135,,nan,24.454,2.02,93,4,23,0.66,895,0.00811850931495428,0.002186560770496726,0.01762460544705391,1500,1500,1418,1498,1897,1500,1897,1115
1783462080.1454,3.8204,0.02009,49.78,192,3244441,0.841,AUTOTUNE,AUTOTUNE,128,1.9101980924606323,0.0,10.0,0.5,0.0,0.0,nan,nan,nan,nan,nan,nan,nan,nan,nan,nan,9.405333814820567,2.278983502609175,10.442361900220085,0,0,-6.620954513549805,-2.2072360515594482,-0.4541546702384949,-0.004708756227046251,-0.041423410177230835,0.0068085589446127415,nan,nan,nan,-0.03010987862944603,-0.007579190656542778,-3.1369495391845703,-0.0003220167418476194,3135,,nan,24.454,2.02,93,4,23,0.66,895,0.00811850931495428,0.002186560770496726,0.01762460544705391,1500,1500,1418,1498,1897,1500,1897,1115
1783462080.1653,3.8404,0.01988,50.30,193,3244463,0.861,AUTOTUNE,AUTOTUNE,128,1.9201873540878296,0.0,10.0,0.5,0.0,0.0,nan,nan,nan,nan,nan,nan,nan,nan,nan,nan,9.415781828569653,2.279737669238932,10.440929999528231,0,0,-6.6212358474731445,-2.2077856063842773,-0.4530940651893616,-0.004811188671737909,-0.04154154285788536,0.0070229265838861465,nan,nan,nan,-0.03011414408683777,-0.007582135498523712,-3.1369502544403076,-1.3885441148886457e-05,3135,,nan,24.454,2.02,93,4,23,0.66,895,0.00811850931495428,0.002186560770496726,0.01762460544705391,1500,1500,1418,1498,1897,1500,1897,1115
1783462080.1852,3.8604,0.01985,50.39,194,3244481,0.881,AUTOTUNE,AUTOTUNE,128,1.930187463760376,0.0,10.0,0.5,0.0,0.0,nan,nan,nan,nan,nan,nan,nan,nan,nan,nan,9.425940532250669,2.2804277713444105,10.440471458060918,0,0,-6.621394634246826,-2.2083053588867188,-0.4525541663169861,-0.004811077378690243,-0.041639894247055054,0.006975954864174128,nan,nan,nan,-0.030108263716101646,-0.0075750816613435745,-3.1369564533233643,-0.0004414499271661043,3135,,nan,24.454,2.02,93,4,23,0.66,895,0.00811850931495428,0.002186560770496726,0.01762460544705391,1500,1500,1418,1498,1897,1500,1897,1115
1783462080.2054,3.8805,0.02022,49.46,195,3244501,0.901,AUTOTUNE,AUTOTUNE,128,1.940233588218689,0.0,10.0,0.5,0.0,0.0,nan,nan,nan,nan,nan,nan,nan,nan,nan,nan,9.435825034851625,2.281107601396987,10.439236746758262,0,0,-6.6216301918029785,-2.2087817192077637,-0.4516304135322571,-0.004581765737384558,-0.04175736755132675,0.007155486848205328,nan,nan,nan,-0.030119892209768295,-0.007580937817692757,-3.136953830718994,-0.00012448230700101703,3135,,nan,24.454,2.02,93,4,23,0.66,895,0.00811850931495428,0.002186560770496726,0.01762460544705391,1500,1500,1418,1498,1897,1500,1897,1115
1783462080.2252,3.9003,0.01985,50.38,196,3244523,0.921,AUTOTUNE,AUTOTUNE,128,1.9501620531082153,0.0,10.0,0.5,0.0,0.0,nan,nan,nan,nan,nan,nan,nan,nan,nan,nan,9.446179743446496,2.2827275052774363,10.439022874867499,0,0,-6.621799468994141,-2.2095425128936768,-0.45110756158828735,-0.0047301254235208035,-0.04225337505340576,0.0069770971313118935,nan,nan,nan,-0.030128687620162964,-0.007575303316116333,-3.136957883834839,-0.00031719953403808177,3135,,nan,24.454,2.02,93,4,23,0.66,895,0.00811850931495428,0.002186560770496726,0.01762460544705391,1500,1500,1418,1498,1897,1500,1897,1115
1783462080.2453,3.9204,0.02008,49.80,197,3244541,0.941,AUTOTUNE,AUTOTUNE,128,1.960180401802063,0.0,10.0,0.5,0.0,0.0,nan,nan,nan,nan,nan,nan,nan,nan,nan,nan,9.455765161089978,2.283741435012455,10.437815825880278,0,0,-6.6219940185546875,-2.2099602222442627,-0.45022159814834595,-0.004367849323898554,-0.04259760305285454,0.00716247595846653,nan,nan,nan,-0.030120307579636574,-0.007566383108496666,-3.136960983276367,-0.0003922611358575523,3135,,nan,24.454,2.02,93,4,23,0.66,895,0.00811850931495428,0.002186560770496726,0.01762460544705391,1500,1500,1418,1498,1897,1500,1897,1115
1783462080.2649,3.9403,0.01959,51.06,198,3244563,0.960,AUTOTUNE,AUTOTUNE,128,1.9701683521270752,0.0,10.0,0.5,0.0,0.0,nan,nan,nan,nan,nan,nan,nan,nan,nan,nan,9.465895842621373,2.285076647983285,10.436655150856568,0,0,-6.622188568115234,-2.210599660873413,-0.4492906928062439,-0.0043379319831728935,-0.04299930855631828,0.007295133545994759,nan,nan,nan,-0.03012675978243351,-0.007554538547992706,-3.136958599090576,7.241233106469736e-05,3135,,nan,24.454,2.02,93,4,23,0.66,895,0.00811850931495428,0.002186560770496726,0.01762460544705391,1500,1500,1418,1498,1897,1500,1897,1115
1783462080.2854,3.9605,0.02048,48.84,199,3244581,0.981,AUTOTUNE,AUTOTUNE,128,1.9802467823028564,0.0,10.0,0.5,0.0,0.0,nan,nan,nan,nan,nan,nan,nan,nan,nan,nan,9.475890687103306,2.285838656888923,10.435981217502423,0,0,-6.622306823730469,-2.211209774017334,-0.4488016963005066,-0.00422139884904027,-0.043087005615234375,0.007401906885206699,nan,nan,nan,-0.030128488317131996,-0.007561974227428436,-3.136950731277466,0.0004763805482070893,3135,,nan,24.454,2.02,93,4,23,0.66,895,0.00811850931495428,0.002186560770496726,0.01762460544705391,1500,1500,1418,1498,1897,1500,1897,1115
1783462080.3069,3.9804,0.02150,46.51,200,3244606,0.003,AUTOTUNE,AUTOTUNE,128,1.9901881217956543,0.0,10.0,0.5,0.0,0.0,nan,nan,nan,nan,nan,nan,nan,nan,nan,nan,9.485819433072711,2.2870558025133394,10.434736582081733,0,0,-6.622486591339111,-2.2120041847229004,-0.4479479193687439,-0.004110339097678661,-0.043331071734428406,0.007627569139003754,nan,nan,nan,-0.03013046644628048,-0.00757598876953125,-3.1369621753692627,-0.0003674929030239582,3135,,nan,24.489,0.88,93,4,23,0.66,895,0.008870191872119904,0.006519238464534283,0.010418827645480633,1500,1500,1418,1498,1897,1500,1897,1115
1783462080.3254,4.0004,0.01851,54.02,201,3244621,0.021,AUTOTUNE,AUTOTUNE,128,2.0001893043518066,0.0,10.0,0.5,0.0,0.0,nan,nan,nan,nan,nan,nan,nan,nan,nan,nan,9.495864650082149,2.287602512362309,10.434432933058327,0,0,-6.622581481933594,-2.212514877319336,-0.4475249648094177,-0.004080977290868759,-0.04335186630487442,0.0075586880557239056,nan,nan,nan,-0.030131269246339798,-0.007578682154417038,-3.136962413787842,-0.0005269908579066396,3135,,nan,24.489,0.88,93,4,23,0.66,895,0.008870191872119904,0.006519238464534283,0.010418827645480633,1500,1500,1418,1498,1897,1500,1897,1115
1783462080.3454,4.0204,0.02004,49.90,202,3244641,0.041,AUTOTUNE,AUTOTUNE,128,2.010181427001953,0.0,10.0,0.5,0.0,0.0,nan,nan,nan,nan,nan,nan,nan,nan,nan,nan,9.506156283321468,2.2887524139921447,10.433408468555966,0,0,-6.622715950012207,-2.2129032611846924,-0.44706910848617554,-0.004176264628767967,-0.043791528791189194,0.007886974141001701,nan,nan,nan,-0.030121764168143272,-0.007588930428028107,-3.1369826793670654,-0.000844055728521198,3135,,nan,24.489,0.88,93,4,23,0.66,895,0.008870191872119904,0.006519238464534283,0.010418827645480633,1500,1500,1418,1498,1897,1500,1897,1115
1783462080.3654,4.0404,0.02001,49.96,203,3244661,0.061,AUTOTUNE,AUTOTUNE,128,2.0201807022094727,0.0,10.0,0.5,0.0,0.0,nan,nan,nan,nan,nan,nan,nan,nan,nan,nan,9.516293040804433,2.2900603124415473,10.432193547433412,0,0,-6.622818470001221,-2.2135486602783203,-0.44676393270492554,-0.004196450114250183,-0.04417402297258377,0.008412215858697891,nan,nan,nan,-0.03012842871248722,-0.007591545581817627,-3.136983871459961,-0.0003503999614622444,3135,,nan,24.489,0.88,93,4,23,0.66,895,0.008870191872119904,0.006519238464534283,0.010418827645480633,1500,1500,1418,1498,1897,1500,1897,1115
1783462080.3848,4.0602,0.01937,51.63,204,3244681,0.080,AUTOTUNE,AUTOTUNE,128,2.030106544494629,0.0,10.0,0.5,0.0,0.0,nan,nan,nan,nan,nan,nan,nan,nan,nan,nan,9.526613625764355,2.291341605790836,10.43021865189334,0,0,-6.622933387756348,-2.213998317718506,-0.4463244080543518,-0.0043580071069300175,-0.04465416818857193,0.009298662655055523,nan,nan,nan,-0.030133835971355438,-0.0075905341655015945,-3.1369998455047607,-0.0006360323750413954,3135,,nan,24.489,0.88,93,4,23,0.66,895,0.008870191872119904,0.006519238464534283,0.010418827645480633,1500,1500,1418,1498,1897,1500,1897,1115
1783462080.4054,4.0804,0.02055,48.65,205,3244701,0.101,AUTOTUNE,AUTOTUNE,128,2.0401846170425415,0.0,10.0,0.5,0.0,0.0,nan,nan,nan,nan,nan,nan,nan,nan,nan,nan,9.537079177792673,2.2930627151466743,10.428552795178431,0,0,-6.623043060302734,-2.2145044803619385,-0.44588977098464966,-0.004518399015069008,-0.04535561800003052,0.010009507648646832,nan,nan,nan,-0.030145488679409027,-0.007588345557451248,-3.1370041370391846,-0.0005678283632732928,3135,,nan,24.489,0.88,93,4,23,0.66,895,0.008870191872119904,0.006519238464534283,0.010418827645480633,1500,1500,1418,1498,1897,1500,1897,1115
1783462080.4255,4.1005,0.02014,49.64,206,3244723,0.121,AUTOTUNE,AUTOTUNE,128,2.050244450569153,0.0,10.0,0.5,0.0,0.0,nan,nan,nan,nan,nan,nan,nan,nan,nan,nan,9.547569158521963,2.295072521251313,10.426447103408437,0,0,-6.623151779174805,-2.2153491973876953,-0.44554024934768677,-0.00470397574827075,-0.04602828249335289,0.011023432947695255,nan,nan,nan,-0.03016962669789791,-0.0075909048318862915,-3.1369993686676025,0.00015081040328368545,3135,,nan,24.489,0.88,93,4,23,0.66,895,0.008870191872119904,0.006519238464534283,0.010418827645480633,1500,1500,1418,1498,1897,1500,1897,1115
1783462080.4453,4.1204,0.01978,50.55,207,3244741,0.141,AUTOTUNE,AUTOTUNE,128,2.0601918697357178,0.0,10.0,0.5,0.0,0.0,nan,nan,nan,nan,nan,nan,nan,nan,nan,nan,9.557557152326112,2.296724532574076,10.42459829191028,0,0,-6.6232428550720215,-2.215797185897827,-0.4450530409812927,-0.004674818832427263,-0.04672342538833618,0.011809554882347584,nan,nan,nan,-0.030178450047969818,-0.00758822076022625,-3.137007236480713,-0.000480657909065485,3135,,nan,24.489,0.88,93,4,23,0.66,895,0.008870191872119904,0.006519238464534283,0.010418827645480633,1500,1500,1418,1498,1897,1500,1897,1115
1783462080.4649,4.1403,0.01965,50.89,208,3244761,0.161,AUTOTUNE,AUTOTUNE,128,2.0701372623443604,0.0,10.0,0.5,0.0,0.0,nan,nan,nan,nan,nan,nan,nan,nan,nan,nan,9.567883639332136,2.298459227924093,10.423127088241516,0,0,-6.623342037200928,-2.2165746688842773,-0.4446348547935486,-0.00483758095651865,-0.04727607220411301,0.012417514808475971,nan,nan,nan,-0.030185576528310776,-0.007583506405353546,-3.1369988918304443,0.00015098614676389843,3135,,nan,24.489,0.88,93,4,23,0.66,895,0.008870191872119904,0.006519238464534283,0.010418827645480633,1500,1500,1418,1498,1897,1500,1897,1115
1783462080.4850,4.1604,0.02003,49.93,209,3244781,0.181,AUTOTUNE,AUTOTUNE,128,2.080195188522339,0.0,10.0,0.5,0.0,0.0,nan,nan,nan,nan,nan,nan,nan,nan,nan,nan,9.578311938951604,2.300212723501718,10.42087704737025,0,0,-6.623442649841309,-2.2171998023986816,-0.44405168294906616,-0.0049933274276554585,-0.047927532345056534,0.013379882089793682,nan,nan,nan,-0.030190331861376762,-0.0075915902853012085,-3.137000799179077,-7.070029096212238e-05,3135,,nan,24.489,0.88,93,4,23,0.66,895,0.008870191872119904,0.006519238464534283,0.010418827645480633,1500,1500,1418,1498,1897,1500,1897,1115
1783462080.5056,4.1804,0.02067,48.37,210,3244801,0.201,AUTOTUNE,AUTOTUNE,128,2.090221881866455,0.0,10.0,0.5,0.0,0.0,nan,nan,nan,nan,nan,nan,nan,nan,nan,nan,9.588236814178378,2.301104272743597,10.418746012922899,0,0,-6.623469829559326,-2.217625617980957,-0.44369322061538696,-0.004918850492686033,-0.048196423798799515,0.014403277076780796,nan,nan,nan,-0.030187128111720085,-0.0076012685894966125,-3.1369986534118652,-8.465372957289219e-05,3135,,nan,24.489,0.88,93,4,23,0.66,895,0.008847718127071857,0.006056151352822781,0.016810951754450798,1500,1500,1418,1498,1897,1500,1897,1115
1783462080.5246,4.2002,0.01893,52.81,211,3244821,0.220,AUTOTUNE,AUTOTUNE,128,2.100092887878418,0.0,10.0,0.5,0.0,0.0,nan,nan,nan,nan,nan,nan,nan,nan,nan,nan,9.597897419579228,2.302274633863107,10.417246594671258,0,0,-6.623494625091553,-2.2182071208953857,-0.44347089529037476,-0.004783059936016798,-0.048536401242017746,0.01514060702174902,nan,nan,nan,-0.03019900806248188,-0.0076001957058906555,-3.1370010375976562,-0.00015324860578402877,3135,,nan,24.489,0.88,93,4,23,0.66,895,0.008847718127071857,0.006056151352822781,0.016810951754450798,1500,1500,1418,1498,1897,1500,1897,1115
1783462080.5453,4.2205,0.02076,48.18,212,3244841,0.241,AUTOTUNE,AUTOTUNE,128,2.1102253198623657,0.0,10.0,0.5,0.0,0.0,nan,nan,nan,nan,nan,nan,nan,nan,nan,nan,9.60815742738737,2.303379883593759,10.415807114706473,0,0,-6.623445987701416,-2.2184762954711914,-0.4432843327522278,-0.004884796682745218,-0.04901910945773125,0.01586397923529148,nan,nan,nan,-0.030206725001335144,-0.0075965747237205505,-3.137014865875244,-0.0006867985357530415,3135,,nan,24.489,0.88,93,4,23,0.66,895,0.008847718127071857,0.006056151352822781,0.016810951754450798,1500,1500,1418,1498,1897,1500,1897,1115
1783462080.5651,4.2404,0.01983,50.44,213,3244863,0.261,AUTOTUNE,AUTOTUNE,128,2.120214343070984,0.0,10.0,0.5,0.0,0.0,nan,nan,nan,nan,nan,nan,nan,nan,nan,nan,9.618394753144132,2.304690674454086,10.414007815183988,0,0,-6.623415946960449,-2.218932867050171,-0.4430282711982727,-0.005045498255640268,-0.04951229318976402,0.016754968091845512,nan,nan,nan,-0.030214278027415276,-0.007586536929011345,-3.137009382247925,-8.789781713858247e-05,3135,,nan,24.489,0.88,93,4,23,0.66,895,0.008847718127071857,0.006056151352822781,0.016810951754450798,1500,1500,1418,1498,1897,1500,1897,1115
1783462080.5849,4.2603,0.01975,50.64,214,3244881,0.281,AUTOTUNE,AUTOTUNE,128,2.1301568746566772,0.0,10.0,0.5,0.0,0.0,nan,nan,nan,nan,nan,nan,nan,nan,nan,nan,9.628597588319321,2.3059398864148255,10.413115376438268,0,0,-6.6234354972839355,-2.2194883823394775,-0.44278448820114136,-0.005184497218579054,-0.04991279914975166,0.01712946966290474,nan,nan,nan,-0.030229602009058,-0.007580550387501717,-3.137007713317871,0.0001621389528736472,3135,,nan,24.489,0.88,93,4,23,0.66,895,0.008847718127071857,0.006056151352822781,0.016810951754450798,1500,1500,1418,1498,1897,1500,1897,1115
1783462080.6052,4.2803,0.02033,49.19,215,3244901,0.301,AUTOTUNE,AUTOTUNE,128,2.140162944793701,0.0,10.0,0.5,0.0,0.0,nan,nan,nan,nan,nan,nan,nan,nan,nan,nan,9.638305791911272,2.3070841050361692,10.411628513844773,0,0,-6.623398780822754,-2.2198996543884277,-0.44252902269363403,-0.005033722147345543,-0.05033596605062485,0.017840417101979256,nan,nan,nan,-0.03023654967546463,-0.0075669437646865845,-3.137002468109131,1.570135646034032e-05,3135,,nan,24.489,0.88,93,4,23,0.66,895,0.008847718127071857,0.006056151352822781,0.016810951754450798,1500,1500,1418,1498,1897,1500,1897,1115
1783462080.6252,4.3002,0.01996,50.11,216,3244923,0.321,AUTOTUNE,AUTOTUNE,128,2.1501171588897705,0.0,10.0,0.5,0.0,0.0,nan,nan,nan,nan,nan,nan,nan,nan,nan,nan,9.648352120534645,2.3090028813826255,10.40982347845316,0,0,-6.623443126678467,-2.2207679748535156,-0.4421573281288147,-0.005061301402747631,-0.050942447036504745,0.018667956814169884,nan,nan,nan,-0.030253911390900612,-0.00756562314927578,-3.1369969844818115,0.00042983944877050817,3135,,nan,24.489,0.88,93,4,23,0.66,895,0.008847718127071857,0.006056151352822781,0.016810951754450798,1500,1500,1418,1498,1897,1500,1897,1115
1783462080.6453,4.3203,0.02011,49.74,217,3244941,0.341,AUTOTUNE,AUTOTUNE,128,2.1601680517196655,0.0,10.0,0.5,0.0,0.0,nan,nan,nan,nan,nan,nan,nan,nan,nan,nan,9.657956328267922,2.309677513141864,10.408213875199902,0,0,-6.6233978271484375,-2.2211368083953857,-0.4418562054634094,-0.004829561337828636,-0.05111899971961975,0.019423408433794975,nan,nan,nan,-0.03025873750448227,-0.007565027102828026,-3.13700532913208,-0.0005884659476578236,3135,,nan,24.489,0.88,93,4,23,0.66,895,0.008847718127071857,0.006056151352822781,0.016810951754450798,1500,1500,1418,1498,1897,1500,1897,1115
1783462080.6653,4.3404,0.02004,49.90,218,3244961,0.361,AUTOTUNE,AUTOTUNE,128,2.170178174972534,0.0,10.0,0.5,0.0,0.0,nan,nan,nan,nan,nan,nan,nan,nan,nan,nan,9.668055593000764,2.311501501013928,10.406688518045733,0,0,-6.623432636260986,-2.2219254970550537,-0.44145137071609497,-0.004860930144786835,-0.05171672999858856,0.02007034234702587,nan,nan,nan,-0.03026818297803402,-0.007561692968010902,-3.137000322341919,0.00014449414447881281,3135,,nan,24.489,0.88,93,4,23,0.66,895,0.008847718127071857,0.006056151352822781,0.016810951754450798,1500,1500,1418,1498,1897,1500,1897,1115
1783462080.6855,4.3604,0.02014,49.65,219,3244981,0.381,AUTOTUNE,AUTOTUNE,128,2.180194139480591,0.0,10.0,0.5,0.0,0.0,nan,nan,nan,nan,nan,nan,nan,nan,nan,nan,9.678160299993404,2.312398230050321,10.404858869358458,0,0,-6.623403549194336,-2.222506284713745,-0.44102245569229126,-0.00492895906791091,-0.05189913883805275,0.020879056304693222,nan,nan,nan,-0.03029087372124195,-0.007555270567536354,-3.1369988918304443,-2.3947730369400233e-05,3135,,nan,24.489,0.88,93,4,23,0.66,895,0.008847718127071857,0.006056151352822781,0.016810951754450798,1500,1500,1418,1498,1897,1500,1897,1115
1783462080.7055,4.3804,0.02000,50.00,220,3245001,0.401,AUTOTUNE,AUTOTUNE,128,2.1901966333389282,0.0,10.0,0.5,0.0,0.0,nan,nan,nan,nan,nan,nan,nan,nan,nan,nan,9.688266492061743,2.313819736777396,10.403177306453784,0,0,-6.623378753662109,-2.2231268882751465,-0.44057899713516235,-0.0050031449645757675,-0.052361540496349335,0.02159387618303299,nan,nan,nan,-0.030291186645627022,-0.007544355466961861,-3.137009620666504,-0.0006126114749349654,3135,,nan,24.489,0.88,93,4,23,0.66,895,0.008847718127071857,0.003245720872655511,0.016810951754450798,1500,1500,1418,1498,1897,1500,1897,1115
1783462080.7253,4.4005,0.01982,50.46,221,3245023,0.421,AUTOTUNE,AUTOTUNE,128,2.200228691101074,0.0,10.0,0.5,0.0,0.0,nan,nan,nan,nan,nan,nan,nan,nan,nan,nan,9.698775434949193,2.3157611618307805,10.401500021532643,0,0,-6.623432159423828,-2.224095582962036,-0.4400826096534729,-0.005247640889137983,-0.05292314663529396,0.022275667637586594,nan,nan,nan,-0.030298469588160515,-0.007535215467214584,-3.137012004852295,-3.1850267987465486e-05,3135,,nan,24.489,0.88,93,4,23,0.66,895,0.008847718127071857,0.003245720872655511,0.016810951754450798,1500,1500,1418,1498,1897,1500,1897,1115
1783462080.7453,4.4204,0.02002,49.94,222,3245041,0.441,AUTOTUNE,AUTOTUNE,128,2.210192322731018,0.0,10.0,0.5,0.0,0.0,nan,nan,nan,nan,nan,nan,nan,nan,nan,nan,9.710106332075698,2.3137348078297397,10.400221405582341,0,0,-6.624023914337158,-2.223585605621338,-0.43965965509414673,-0.005695382133126259,-0.052047666162252426,0.022769683972001076,nan,nan,nan,-0.030304234474897385,-0.007521813735365868,-3.137011766433716,-0.00021703382662963122,3135,,nan,24.489,0.88,93,4,23,0.66,895,0.008847718127071857,0.003245720872655511,0.016810951754450798,1500,1500,1418,1498,1897,1500,1897,1115
1783462080.7654,4.4405,0.02012,49.69,223,3245061,0.461,AUTOTUNE,AUTOTUNE,128,2.2202271223068237,0.0,10.0,0.5,0.0,0.0,nan,nan,nan,nan,nan,nan,nan,nan,nan,nan,9.720799469112144,2.314051634505514,10.398357163110914,0,0,-6.6243720054626465,-2.2239596843719482,-0.4391941428184509,-0.0058745029382407665,-0.052014611661434174,0.023577241227030754,nan,nan,nan,-0.030315198004245758,-0.0075116585940122604,-3.1370177268981934,-0.0001510794390924275,3135,,nan,24.489,0.88,93,4,23,0.66,895,0.008847718127071857,0.003245720872655511,0.016810951754450798,1500,1500,1418,1498,1897,1500,1897,1115
1783462080.7853,4.4604,0.01990,50.25,224,3245081,0.481,AUTOTUNE,AUTOTUNE,128,2.230212688446045,0.0,10.0,0.5,0.0,0.0,nan,nan,nan,nan,nan,nan,nan,nan,nan,nan,9.732260208423135,2.312968123526727,10.396833983924257,0,0,-6.624932289123535,-2.2237188816070557,-0.43871456384658813,-0.006402714643627405,-0.051528073847293854,0.024179764091968536,nan,nan,nan,-0.030311789363622665,-0.007507802918553352,-3.137030839920044,-0.0007069299463182688,3135,,nan,24.489,0.88,93,4,23,0.66,895,0.008847718127071857,0.003245720872655511,0.016810951754450798,1500,1500,1418,1498,1897,1500,1897,1115
1783462080.8067,4.4804,0.02136,46.82,225,3245106,0.502,AUTOTUNE,AUTOTUNE,128,2.2401806116104126,0.0,10.0,0.5,0.0,0.0,nan,nan,nan,nan,nan,nan,nan,nan,nan,nan,9.743355608961085,2.312469287825475,10.39473448524892,0,0,-6.625497817993164,-2.223806381225586,-0.43810147047042847,-0.006727155763655901,-0.05118955299258232,0.025037940591573715,nan,nan,nan,-0.030306100845336914,-0.007496759295463562,-3.1370315551757812,-2.0702755136881024e-06,3135,,nan,24.481,0.97,93,4,23,0.66,895,0.008847718127071857,0.003245720872655511,0.016810951754450798,1500,1500,1418,1498,1897,1500,1897,1115
1783462080.8252,4.5004,0.01853,53.96,226,3245123,0.521,AUTOTUNE,AUTOTUNE,128,2.250222086906433,0.0,10.0,0.5,0.0,0.0,nan,nan,nan,nan,nan,nan,nan,nan,nan,nan,9.75410769915357,2.312662059043896,10.393370782136563,0,0,-6.625802516937256,-2.224109649658203,-0.43766850233078003,-0.006961511448025703,-0.05112575739622116,0.0255753006786108,nan,nan,nan,-0.030307244509458542,-0.007486885413527489,-3.1370222568511963,0.0003858487179968506,3135,,nan,24.481,0.97,93,4,23,0.66,895,0.008847718127071857,0.003245720872655511,0.016810951754450798,1500,1500,1418,1498,1897,1500,1897,1115
1783462080.8450,4.5203,0.01974,50.65,227,3245141,0.541,AUTOTUNE,AUTOTUNE,128,2.2601722478866577,0.0,10.0,0.5,0.0,0.0,nan,nan,nan,nan,nan,nan,nan,nan,nan,nan,9.765398112592518,2.3115458644121936,10.391735639449326,0,0,-6.626285552978516,-2.223923444747925,-0.4372478127479553,-0.007456425577402115,-0.05058882758021355,0.026276465505361557,nan,nan,nan,-0.030298005789518356,-0.007474010810256004,-3.1370182037353516,0.0002905291912611574,3135,,nan,24.481,0.97,93,4,23,0.66,895,0.008847718127071857,0.003245720872655511,0.016810951754450798,1500,1500,1418,1498,1897,1500,1897,1115
1783462080.8653,4.5404,0.02031,49.25,228,3245161,0.561,AUTOTUNE,AUTOTUNE,128,2.2701845169067383,0.0,10.0,0.5,0.0,0.0,nan,nan,nan,nan,nan,nan,nan,nan,nan,nan,9.776299388873873,2.311869152345957,10.390210615462985,0,0,-6.626605987548828,-2.2244255542755127,-0.43674856424331665,-0.007784691173583269,-0.05048558488488197,0.026868697255849838,nan,nan,nan,-0.030293384566903114,-0.007457053288817406,-3.137019634246826,-0.0003569107793737203,3135,,nan,24.481,0.97,93,4,23,0.66,895,0.008847718127071857,0.003245720872655511,0.016810951754450798,1500,1500,1418,1498,1897,1500,1897,1115
1783462080.8853,4.5604,0.02008,49.81,229,3245181,0.581,AUTOTUNE,AUTOTUNE,128,2.280188202857971,0.0,10.0,0.5,0.0,0.0,nan,nan,nan,nan,nan,nan,nan,nan,nan,nan,9.787184448043178,2.311614698853164,10.388687496721955,0,0,-6.627078533172607,-2.224437713623047,-0.4362792372703552,-0.008020727895200253,-0.05033165588974953,0.02747710421681404,nan,nan,nan,-0.030306687578558922,-0.007442532107234001,-3.1370184421539307,-0.000108157197246328,3135,,nan,24.481,0.97,93,4,23,0.66,895,0.008847718127071857,0.003245720872655511,0.016810951754450798,1500,1500,1418,1498,1897,1500,1897,1115
1783462080.9056,4.5804,0.02028,49.31,230,3245201,0.601,AUTOTUNE,AUTOTUNE,128,2.290184259414673,0.0,10.0,0.5,0.0,0.0,nan,nan,nan,nan,nan,nan,nan,nan,nan,nan,9.797629720802828,2.31046873918157,10.386514223221985,0,0,-6.6274518966674805,-2.224294900894165,-0.43554216623306274,-0.008064521476626396,-0.04975248873233795,0.028306296095252037,nan,nan,nan,-0.030311476439237595,-0.007427778095006943,-3.137014627456665,-0.00012628687545657158,3135,,nan,24.481,0.97,93,4,23,0.66,895,0.00913558155298233,0.00270117842592299,0.016938382759690285,1500,1500,1418,1498,1897,1500,1897,1115
1783462080.9247,4.6002,0.01912,52.30,231,3245221,0.620,AUTOTUNE,AUTOTUNE,128,2.30010449886322,0.0,10.0,0.5,0.0,0.0,nan,nan,nan,nan,nan,nan,nan,nan,nan,nan,9.807944345142523,2.3103210211389493,10.384258789250369,0,0,-6.62766695022583,-2.2246196269989014,-0.4347706437110901,-0.008168058469891548,-0.04947972297668457,0.02916303277015686,nan,nan,nan,-0.03031700849533081,-0.00740695558488369,-3.13702130317688,-7.469997217413038e-05,3135,,nan,24.481,0.97,93,4,23,0.66,895,0.00913558155298233,0.00270117842592299,0.016938382759690285,1500,1500,1418,1498,1897,1500,1897,1115
1783462080.9454,4.6205,0.02064,48.44,232,3245241,0.641,AUTOTUNE,AUTOTUNE,128,2.3102301359176636,0.0,10.0,0.5,0.0,0.0,nan,nan,nan,nan,nan,nan,nan,nan,nan,nan,9.817482098124154,2.3092752395329605,10.381613915794588,0,0,-6.627922534942627,-2.224348306655884,-0.433738648891449,-0.007681081537157297,-0.04903258755803108,0.03009422868490219,nan,nan,nan,-0.030326593667268753,-0.007402654737234116,-3.137007713317871,0.00032611540518701077,3135,,nan,24.481,0.97,93,4,23,0.66,895,0.00913558155298233,0.00270117842592299,0.016938382759690285,1500,1500,1418,1498,1897,1500,1897,1115
1783462080.9651,4.6404,0.01969,50.80,233,3245263,0.661,AUTOTUNE,AUTOTUNE,128,2.3201801776885986,0.0,10.0,0.5,0.0,0.0,nan,nan,nan,nan,nan,nan,nan,nan,nan,nan,9.827717044754612,2.3083909282051835,10.379283083582223,0,0,-6.628177165985107,-2.2242603302001953,-0.43260079622268677,-0.007698560133576393,-0.04857282340526581,0.030782995745539665,nan,nan,nan,-0.030339349061250687,-0.007376698777079582,-3.1370036602020264,0.00027680740458890796,3135,,nan,24.481,0.97,93,4,23,0.66,895,0.00913558155298233,0.00270117842592299,0.016938382759690285,1500,1500,1418,1498,1897,1500,1897,1115
1783462080.9851,4.6604,0.01999,50.02,234,3245281,0.681,AUTOTUNE,AUTOTUNE,128,2.3302146196365356,0.0,10.0,0.5,0.0,0.0,nan,nan,nan,nan,nan,nan,nan,nan,nan,nan,9.838043408348913,2.308332151635923,10.377385800326223,0,0,-6.62834358215332,-2.2245357036590576,-0.4318477511405945,-0.007771020755171776,-0.04837990179657936,0.03144362196326256,nan,nan,nan,-0.03033418394625187,-0.00737052783370018,-3.1370086669921875,-0.00032267344067804515,3135,,nan,24.481,0.97,93,4,23,0.66,895,0.00913558155298233,0.00270117842592299,0.016938382759690285,1500,1500,1418,1498,1897,1500,1897,1115
1783462081.0053,4.6805,0.02021,49.48,235,3245301,0.701,AUTOTUNE,AUTOTUNE,128,2.3402260541915894,0.0,10.0,0.5,0.0,0.0,nan,nan,nan,nan,nan,nan,nan,nan,nan,nan,9.847606600155357,2.3072883342398622,10.374638091791065,0,0,-6.628551483154297,-2.2244162559509277,-0.4308086037635803,-0.007392195984721184,-0.04784621670842171,0.03243006020784378,nan,nan,nan,-0.030348507687449455,-0.007363773882389069,-3.1370105743408203,-0.00024126657808665186,3135,,nan,24.481,0.97,93,4,23,0.66,895,0.00913558155298233,0.00270117842592299,0.016938382759690285,1500,1500,1418,1498,1897,1500,1897,1115
1783462081.0252,4.7005,0.01994,50.15,236,3245323,0.721,AUTOTUNE,AUTOTUNE,128,2.350233793258667,0.0,10.0,0.5,0.0,0.0,nan,nan,nan,nan,nan,nan,nan,nan,nan,nan,9.857818441608451,2.307440554226388,10.372539100422413,0,0,-6.628736972808838,-2.2249584197998047,-0.4298943877220154,-0.0074029420502483845,-0.04762108251452446,0.03311409056186676,nan,nan,nan,-0.0303477942943573,-0.007330717518925667,-3.137016534805298,-0.00046546634985134006,3135,,nan,24.481,0.97,93,4,23,0.66,895,0.00913558155298233,0.00270117842592299,0.016938382759690285,1500,1500,1418,1498,1897,1500,1897,1115
1783462081.0450,4.7204,0.01980,50.51,237,3245341,0.741,AUTOTUNE,AUTOTUNE,128,2.3602038621902466,0.0,10.0,0.5,0.0,0.0,nan,nan,nan,nan,nan,nan,nan,nan,nan,nan,9.867134782235038,2.3068271822468893,10.370099762024282,0,0,-6.6288933753967285,-2.2248005867004395,-0.42886918783187866,-0.0069352127611637115,-0.04735807701945305,0.033930543810129166,nan,nan,nan,-0.030363887548446655,-0.007324265316128731,-3.137009382247925,0.00031979542109183967,3135,,nan,24.481,0.97,93,4,23,0.66,895,0.00913558155298233,0.00270117842592299,0.016938382759690285,1500,1500,1418,1498,1897,1500,1897,1115
1783462081.0652,4.7403,0.02014,49.66,238,3245363,0.761,AUTOTUNE,AUTOTUNE,128,2.370153546333313,0.0,10.0,0.5,0.0,0.0,nan,nan,nan,nan,nan,nan,nan,nan,nan,nan,9.87679924789039,2.306226940061297,10.367353832087954,0,0,-6.629063606262207,-2.224912643432617,-0.4276297688484192,-0.006672258954495192,-0.04694683104753494,0.03480032831430435,nan,nan,nan,-0.03035668656229973,-0.007308479398488998,-3.137012481689453,-9.642513032304123e-05,3135,,nan,24.481,0.97,93,4,23,0.66,895,0.00913558155298233,0.00270117842592299,0.016938382759690285,1500,1500,1418,1498,1897,1500,1897,1115
1783462081.0854,4.7605,0.02023,49.43,239,3245381,0.781,AUTOTUNE,AUTOTUNE,128,2.3802298307418823,0.0,10.0,0.5,0.0,0.0,nan,nan,nan,nan,nan,nan,nan,nan,nan,nan,9.886974138794164,2.3065386026377652,10.36540292085871,0,0,-6.629184246063232,-2.2252931594848633,-0.42678695917129517,-0.006659538019448519,-0.046907078474760056,0.03544009104371071,nan,nan,nan,-0.030358752235770226,-0.007303545251488686,-3.1370067596435547,8.404346590396017e-05,3135,,nan,24.481,0.97,93,4,23,0.66,895,0.00913558155298233,0.00270117842592299,0.016938382759690285,1500,1500,1418,1498,1897,1500,1897,1115
1783462081.1052,4.7804,0.01981,50.48,240,3245401,0.801,AUTOTUNE,AUTOTUNE,128,2.390177607536316,0.0,10.0,0.5,0.0,0.0,nan,nan,nan,nan,nan,nan,nan,nan,nan,nan,9.896587649870998,2.3062271018994562,10.36272203552594,0,0,-6.629310131072998,-2.2253594398498535,-0.4256595969200134,-0.006393869873136282,-0.04668896645307541,0.03633701801300049,nan,nan,nan,-0.030368519946932793,-0.007285736501216888,-3.1369967460632324,0.00033147193607874215,3135,,nan,24.481,0.97,93,4,23,0.66,895,0.00913558155298233,0.0062257032841444016,0.016938382759690285,1500,1500,1418,1498,1897,1500,1897,1115
1783462081.1252,4.8004,0.02001,49.97,241,3245423,0.821,AUTOTUNE,AUTOTUNE,128,2.400191903114319,0.0,10.0,0.5,0.0,0.0,nan,nan,nan,nan,nan,nan,nan,nan,nan,nan,9.906810996781392,2.307264431818423,10.360250360485058,0,0,-6.629449367523193,-2.2260003089904785,-0.42463475465774536,-0.00643417751416564,-0.0469178631901741,0.0371723473072052,nan,nan,nan,-0.030376048758625984,-0.007269741967320442,-3.137007236480713,-0.000563074485398829,3135,,nan,24.481,0.97,93,4,23,0.66,895,0.00913558155298233,0.0062257032841444016,0.016938382759690285,1500,1500,1418,1498,1897,1500,1897,1115
1783462081.1450,4.8203,0.01980,50.49,242,3245441,0.841,AUTOTUNE,AUTOTUNE,128,2.4101642370224,0.0,10.0,0.5,0.0,0.0,nan,nan,nan,nan,nan,nan,nan,nan,nan,nan,9.915437365962145,2.3055225650158646,10.358928564824637,0,0,-6.629440784454346,-2.2255423069000244,-0.42412787675857544,-0.00566203985363245,-0.04617662355303764,0.037642840296030045,nan,nan,nan,-0.030392352491617203,-0.007256390526890755,-3.137000799179077,0.00021608681709039956,3135,,nan,24.481,0.97,93,4,23,0.66,895,0.00913558155298233,0.0062257032841444016,0.016938382759690285,1500,1500,1418,1498,1897,1500,1897,1115
1783462081.1653,4.8404,0.02027,49.34,243,3245463,0.861,AUTOTUNE,AUTOTUNE,128,2.4201862812042236,0.0,10.0,0.5,0.0,0.0,nan,nan,nan,nan,nan,nan,nan,nan,nan,nan,9.923980900099195,2.3043899897910736,10.357237592166124,0,0,-6.629436016082764,-2.225393056869507,-0.4233782887458801,-0.00481117470189929,-0.04560890048742294,0.03818634897470474,nan,nan,nan,-0.03040275163948536,-0.007258767262101173,-3.1370038986206055,-0.0002451709005981684,3135,,nan,24.481,0.97,93,4,23,0.66,895,0.00913558155298233,0.0062257032841444016,0.016938382759690285,1500,1500,1418,1498,1897,1500,1897,1115
1783462081.1849,4.8604,0.01964,50.91,244,3245481,0.881,AUTOTUNE,AUTOTUNE,128,2.430175542831421,0.0,10.0,0.5,0.0,0.0,nan,nan,nan,nan,nan,nan,nan,nan,nan,nan,9.933843857453088,2.30364894570389,10.356224409660829,0,0,-6.629451274871826,-2.225614070892334,-0.4227643609046936,-0.004729443229734898,-0.04505345597863197,0.03841685876250267,nan,nan,nan,-0.030413107946515083,-0.00723918154835701,-3.137007713317871,-0.0001591579639352858,3135,,nan,24.481,0.97,93,4,23,0.66,895,0.00913558155298233,0.0062257032841444016,0.016938382759690285,1500,1500,1418,1498,1897,1500,1897,1115
1783462081.2050,4.8803,0.02007,49.82,245,3245501,0.901,AUTOTUNE,AUTOTUNE,128,2.4401649236679077,0.0,10.0,0.5,0.0,0.0,nan,nan,nan,nan,nan,nan,nan,nan,nan,nan,9.942374303516377,2.302364655061305,10.355000705593072,0,0,-6.629389762878418,-2.225436210632324,-0.4220922589302063,-0.003922640811651945,-0.04441465809941292,0.03873532637953758,nan,nan,nan,-0.030418740585446358,-0.007233649492263794,-3.137014627456665,-0.0005292826099321246,3135,,nan,24.481,0.97,93,4,23,0.66,895,0.00913558155298233,0.0062257032841444016,0.016938382759690285,1500,1500,1418,1498,1897,1500,1897,1115
1783462081.2254,4.9004,0.02043,48.95,246,3245523,0.921,AUTOTUNE,AUTOTUNE,128,2.450192928314209,0.0,10.0,0.5,0.0,0.0,nan,nan,nan,nan,nan,nan,nan,nan,nan,nan,9.951850203740026,2.30288478014588,10.353081465611938,0,0,-6.629395961761475,-2.225923538208008,-0.421264111995697,-0.0036003042478114367,-0.04443359375,0.039365269243717194,nan,nan,nan,-0.03041553869843483,-0.007218342274427414,-3.1370198726654053,-0.00019518534827511758,3135,,nan,24.481,0.97,93,4,23,0.66,895,0.00913558155298233,0.0062257032841444016,0.016938382759690285,1500,1500,1418,1498,1897,1500,1897,1115
1783462081.2453,4.9205,0.01990,50.24,247,3245541,0.941,AUTOTUNE,AUTOTUNE,128,2.4602314233779907,0.0,10.0,0.5,0.0,0.0,nan,nan,nan,nan,nan,nan,nan,nan,nan,nan,9.960643716484233,2.3012625254653507,10.352254598331808,0,0,-6.629284858703613,-2.2256884574890137,-0.42069166898727417,-0.002945658750832081,-0.04363270848989487,0.039512161165475845,nan,nan,nan,-0.0304256621748209,-0.007216690108180046,-3.1370320320129395,-0.0006260069785639644,3135,,nan,24.481,0.97,93,4,23,0.66,895,0.00913558155298233,0.0062257032841444016,0.016938382759690285,1500,1500,1418,1498,1897,1500,1897,1115
1783462081.2650,4.9403,0.01967,50.85,248,3245563,0.961,AUTOTUNE,AUTOTUNE,128,2.470172643661499,0.0,10.0,0.5,0.0,0.0,nan,nan,nan,nan,nan,nan,nan,nan,nan,nan,9.969347586364318,2.3009136211161527,10.350917389288217,0,0,-6.62916898727417,-2.2257492542266846,-0.4198928475379944,-0.002298172563314438,-0.04339616745710373,0.03982299938797951,nan,nan,nan,-0.030424226075410843,-0.00720030814409256,-3.1370315551757812,-0.0001410461263731122,3135,,nan,24.481,0.97,93,4,23,0.66,895,0.00913558155298233,0.0062257032841444016,0.016938382759690285,1500,1500,1418,1498,1897,1500,1897,1115
1783462081.2851,4.9604,0.02010,49.75,249,3245581,0.981,AUTOTUNE,AUTOTUNE,128,2.480206251144409,0.0,10.0,0.5,0.0,0.0,nan,nan,nan,nan,nan,nan,nan,nan,nan,nan,9.979035022683915,2.30107894119473,10.349298401498421,0,0,-6.6291184425354,-2.226073741912842,-0.41923314332962036,-0.002127492567524314,-0.04330427199602127,0.04037684202194214,nan,nan,nan,-0.03043009340763092,-0.007190782576799393,-3.1370177268981934,0.0004956451011821628,3135,,nan,24.481,0.97,93,4,23,0.66,895,0.00913558155298233,0.0062257032841444016,0.016938382759690285,1500,1500,1418,1498,1897,1500,1897,1115
1783462081.3070,4.9805,0.02186,45.74,250,3245606,0.002,AUTOTUNE,AUTOTUNE,128,2.4902431964874268,0.0,10.0,0.5,0.0,0.0,nan,nan,nan,nan,nan,nan,nan,nan,nan,nan,9.987914785212421,2.300368014421993,10.347371023574913,0,0,-6.628974437713623,-2.226306200027466,-0.41831713914871216,-0.0015425339806824923,-0.04275960847735405,0.04096075892448425,nan,nan,nan,-0.030430953949689865,-0.007187267765402794,-3.1370275020599365,-0.0002701453340705484,3135,,nan,24.493,1.0,93,4,23,0.66,895,0.00913558155298233,0.0062257032841444016,0.016938382759690285,1500,1500,1418,1498,1897,1500,1897,1115
1783462081.3251,5.0005,0.01817,55.04,251,3245621,0.021,AUTOTUNE,AUTOTUNE,128,2.500235915184021,0.0,10.0,0.5,0.0,0.0,nan,nan,nan,nan,nan,nan,nan,nan,nan,nan,9.997293744018329,2.3000100851146152,10.346270409642887,0,0,-6.628898620605469,-2.22653865814209,-0.4177548289299011,-0.0012319525703787804,-0.04241874814033508,0.041271548718214035,nan,nan,nan,-0.030435936525464058,-0.007178841158747673,-3.13703989982605,-0.000554704456590116,3135,,nan,24.493,1.0,93,4,23,0.66,895,0.009445742703974247,0.00042069869232364,0.015840919688344002,1500,1500,1418,1498,1897,1500,1897,1115
1783462081.3453,5.0204,0.02019,49.52,252,3245641,0.041,AUTOTUNE,AUTOTUNE,128,2.510186553001404,0.0,10.0,0.5,0.0,0.0,nan,nan,nan,nan,nan,nan,nan,nan,nan,nan,10.007991431663019,2.295515225251131,10.34431938766836,0,0,-6.629303932189941,-2.22562575340271,-0.41677576303482056,-0.0014292552368715405,-0.04035070538520813,0.041832707822322845,nan,nan,nan,-0.03044402040541172,-0.00716605968773365,-3.1370363235473633,-6.241175287868828e-05,3135,,nan,24.493,1.0,93,4,23,0.66,895,0.009445742703974247,0.00042069869232364,0.015840919688344002,1500,1500,1418,1498,1897,1500,1897,1115
1783462081.3653,5.0404,0.01998,50.04,253,3245663,0.061,AUTOTUNE,AUTOTUNE,128,2.52020001411438,0.0,10.0,0.5,0.0,0.0,nan,nan,nan,nan,nan,nan,nan,nan,nan,nan,10.0181905599359,2.291390931987833,10.342144400111707,0,0,-6.629670143127441,-2.224876880645752,-0.41566914319992065,-0.0013250182382762432,-0.038401905447244644,0.042449530214071274,nan,nan,nan,-0.030446641147136688,-0.00715283490717411,-3.137026786804199,0.00036946122418157756,3135,,nan,24.493,1.0,93,4,23,0.66,895,0.009445742703974247,0.00042069869232364,0.015840919688344002,1500,1500,1418,1498,1897,1500,1897,1115
1783462081.3852,5.0603,0.01990,50.26,254,3245681,0.081,AUTOTUNE,AUTOTUNE,128,2.530134439468384,0.0,10.0,0.5,0.0,0.0,nan,nan,nan,nan,nan,nan,nan,nan,nan,nan,10.028260841923942,2.2897772768633606,10.340329722106974,0,0,-6.629847526550293,-2.2247390747070312,-0.41486912965774536,-0.0013010427355766296,-0.03754982352256775,0.043035347014665604,nan,nan,nan,-0.030446749180555344,-0.007140053436160088,-3.137026071548462,5.776374018751085e-05,3135,,nan,24.493,1.0,93,4,23,0.66,895,0.009445742703974247,0.00042069869232364,0.015840919688344002,1500,1500,1418,1498,1897,1500,1897,1115
1783462081.4053,5.0803,0.02009,49.77,255,3245701,0.101,AUTOTUNE,AUTOTUNE,128,2.5401692390441895,0.0,10.0,0.5,0.0,0.0,nan,nan,nan,nan,nan,nan,nan,nan,nan,nan,10.039131171297749,2.286052351952366,10.33840612615642,0,0,-6.630157470703125,-2.223972797393799,-0.4138731360435486,-0.0016044897492974997,-0.035841647535562515,0.04357089847326279,nan,nan,nan,-0.030445054173469543,-0.007135380059480667,-3.137036085128784,-0.0005713015561923385,3135,,nan,24.493,1.0,93,4,23,0.66,895,0.009445742703974247,0.00042069869232364,0.015840919688344002,1500,1500,1418,1498,1897,1500,1897,1115
1783462081.4250,5.1004,0.01971,50.75,256,3245723,0.121,AUTOTUNE,AUTOTUNE,128,2.550210475921631,0.0,10.0,0.5,0.0,0.0,nan,nan,nan,nan,nan,nan,nan,nan,nan,nan,10.049419012585789,2.2848750667943856,10.335917869025447,0,0,-6.630324840545654,-2.224050521850586,-0.4128262400627136,-0.0016502358485013247,-0.03511706739664078,0.0444030687212944,nan,nan,nan,-0.030449800193309784,-0.0071246325969696045,-3.13703989982605,-0.00021948901121504605,3135,,nan,24.493,1.0,93,4,23,0.66,895,0.009445742703974247,0.00042069869232364,0.015840919688344002,1500,1500,1418,1498,1897,1500,1897,1115
1783462081.4453,5.1204,0.02027,49.33,257,3245741,0.141,AUTOTUNE,AUTOTUNE,128,2.5601967573165894,0.0,10.0,0.5,0.0,0.0,nan,nan,nan,nan,nan,nan,nan,nan,nan,nan,10.060076958503833,2.2815402681707577,10.334641641745298,0,0,-6.6305952072143555,-2.223268508911133,-0.4119599461555481,-0.0018819252727553248,-0.0336432158946991,0.044639743864536285,nan,nan,nan,-0.03045658767223358,-0.007121682167053223,-3.1370460987091064,-0.000432708504376933,3135,,nan,24.493,1.0,93,4,23,0.66,895,0.009445742703974247,0.00042069869232364,0.015840919688344002,1500,1500,1418,1498,1897,1500,1897,1115
1783462081.4653,5.1404,0.01999,50.03,258,3245761,0.161,AUTOTUNE,AUTOTUNE,128,2.570186972618103,0.0,10.0,0.5,0.0,0.0,nan,nan,nan,nan,nan,nan,nan,nan,nan,nan,10.070049441889427,2.280245714350571,10.33295729444881,0,0,-6.630740165710449,-2.223261833190918,-0.4110429883003235,-0.001787995919585228,-0.032899659126996994,0.04508279636502266,nan,nan,nan,-0.03046686388552189,-0.007111085578799248,-3.137038469314575,0.00026666169287636876,3135,,nan,24.493,1.0,93,4,23,0.66,895,0.009445742703974247,0.00042069869232364,0.015840919688344002,1500,1500,1418,1498,1897,1500,1897,1115
1783462081.4860,5.1603,0.02072,48.26,259,3245781,0.182,AUTOTUNE,AUTOTUNE,128,2.580161929130554,0.0,10.0,0.5,0.0,0.0,nan,nan,nan,nan,nan,nan,nan,nan,nan,nan,10.080301693608423,2.2775424926222914,10.33094883128444,0,0,-6.630981922149658,-2.222621202468872,-0.4101014733314514,-0.001808514236472547,-0.03170882165431976,0.045698799192905426,nan,nan,nan,-0.030463209375739098,-0.007099585607647896,-3.13704252243042,-0.00016808912914711982,3135,,nan,24.493,1.0,93,4,23,0.66,895,0.009445742703974247,0.00042069869232364,0.015840919688344002,1500,1500,1418,1498,1897,1500,1897,1115
1783462081.5054,5.1805,0.01945,51.42,260,3245801,0.201,AUTOTUNE,AUTOTUNE,128,2.5902310609817505,0.0,10.0,0.5,0.0,0.0,nan,nan,nan,nan,nan,nan,nan,nan,nan,nan,10.090840054542047,2.2747456031511457,10.329051946561343,0,0,-6.63120698928833,-2.2220394611358643,-0.40914279222488403,-0.001949481200426817,-0.030429905280470848,0.04624047130346298,nan,nan,nan,-0.030456077307462692,-0.007089558988809586,-3.137030601501465,0.0005639822920784354,3135,,nan,24.493,1.0,93,4,23,0.66,895,0.009705273434519768,0.0014126800233498216,0.017592351883649826,1500,1500,1418,1498,1897,1500,1897,1115
1783462081.5253,5.2004,0.01989,50.27,261,3245823,0.221,AUTOTUNE,AUTOTUNE,128,2.600206971168518,0.0,10.0,0.5,0.0,0.0,nan,nan,nan,nan,nan,nan,nan,nan,nan,nan,10.100725074053564,2.2738768709843824,10.326685337762331,0,0,-6.6313371658325195,-2.2221391201019287,-0.40807563066482544,-0.0018218479817733169,-0.029870804399251938,0.04699070751667023,nan,nan,nan,-0.03046400472521782,-0.007092783227562904,-3.1370370388031006,-0.00038046849658712745,3135,,nan,24.493,1.0,93,4,23,0.66,895,0.009705273434519768,0.0014126800233498216,0.017592351883649826,1500,1500,1418,1498,1897,1500,1897,1115
1783462081.5452,5.2204,0.01990,50.25,262,3245841,0.241,AUTOTUNE,AUTOTUNE,128,2.610178589820862,0.0,10.0,0.5,0.0,0.0,nan,nan,nan,nan,nan,nan,nan,nan,nan,nan,10.11272194764306,2.2728862152554363,10.326520424722878,0,0,-6.632131099700928,-2.221855878829956,-0.4077988266944885,-0.0025327515322715044,-0.029462378472089767,0.0469261072576046,nan,nan,nan,-0.03046516887843609,-0.007084334269165993,-3.137042284011841,-0.00024200015468522906,3135,,nan,24.493,1.0,93,4,23,0.66,895,0.009705273434519768,0.0014126800233498216,0.017592351883649826,1500,1500,1418,1498,1897,1500,1897,1115
1783462081.5655,5.2404,0.02024,49.41,263,3245861,0.261,AUTOTUNE,AUTOTUNE,128,2.62018883228302,0.0,10.0,0.5,0.0,0.0,nan,nan,nan,nan,nan,nan,nan,nan,nan,nan,10.123993244762651,2.273010001327595,10.3251290595108,0,0,-6.632541656494141,-2.22206974029541,-0.4071043133735657,-0.0030237867031246424,-0.02941037341952324,0.04732843488454819,nan,nan,nan,-0.030470242723822594,-0.007083851844072342,-3.137040615081787,-3.4820532164303586e-05,3135,,nan,24.493,1.0,93,4,23,0.66,895,0.009705273434519768,0.0014126800233498216,0.017592351883649826,1500,1500,1418,1498,1897,1500,1897,1115
1783462081.5852,5.2604,0.01971,50.73,264,3245881,0.281,AUTOTUNE,AUTOTUNE,128,2.630177140235901,0.0,10.0,0.5,0.0,0.0,nan,nan,nan,nan,nan,nan,nan,nan,nan,nan,10.135344375726284,2.2731062465256273,10.324851384448774,0,0,-6.63328218460083,-2.2219293117523193,-0.406654417514801,-0.003383068833500147,-0.029547017067670822,0.04722900316119194,nan,nan,nan,-0.030461663380265236,-0.007075835019350052,-3.1370372772216797,0.00020086199219804257,3135,,nan,24.493,1.0,93,4,23,0.66,895,0.009705273434519768,0.0014126800233498216,0.017592351883649826,1500,1500,1418,1498,1897,1500,1897,1115
1783462081.6055,5.2804,0.02030,49.25,265,3245901,0.301,AUTOTUNE,AUTOTUNE,128,2.640190005302429,0.0,10.0,0.5,0.0,0.0,nan,nan,nan,nan,nan,nan,nan,nan,nan,nan,10.147172585023002,2.272582987461084,10.324474896678563,0,0,-6.633983612060547,-2.221837282180786,-0.40617865324020386,-0.0040261889807879925,-0.029298046603798866,0.047171685844659805,nan,nan,nan,-0.03046022541821003,-0.0070738159120082855,-3.137042999267578,-0.00035147456219419837,3135,,nan,24.493,1.0,93,4,23,0.66,895,0.009705273434519768,0.0014126800233498216,0.017592351883649826,1500,1500,1418,1498,1897,1500,1897,1115
1783462081.6255,5.3004,0.02001,49.98,266,3245921,0.321,AUTOTUNE,AUTOTUNE,128,2.650189161300659,0.0,10.0,0.5,0.0,0.0,nan,nan,nan,nan,nan,nan,nan,nan,nan,nan,10.157774970424503,2.272914703820434,10.323175496340063,0,0,-6.634364604949951,-2.222109794616699,-0.40544646978378296,-0.004154497291892767,-0.029332228004932404,0.047499168664216995,nan,nan,nan,-0.030450711026787758,-0.007073447108268738,-3.1370410919189453,1.6368430806323886e-05,3135,,nan,24.493,1.0,93,4,23,0.66,895,0.009705273434519768,0.0014126800233498216,0.017592351883649826,1500,1500,1418,1498,1897,1500,1897,1115
1783462081.6449,5.3203,0.01941,51.51,267,3245941,0.340,AUTOTUNE,AUTOTUNE,128,2.66016685962677,0.0,10.0,0.5,0.0,0.0,nan,nan,nan,nan,nan,nan,nan,nan,nan,nan,10.16937428684996,2.2728794970605963,10.322279391915371,0,0,-6.635023593902588,-2.2220876216888428,-0.4049531817436218,-0.004710271488875151,-0.02932470291852951,0.047731734812259674,nan,nan,nan,-0.030440835282206535,-0.007066167891025543,-3.137040853500366,-0.00011229699157411233,3135,,nan,24.493,1.0,93,4,23,0.66,895,0.009705273434519768,0.0014126800233498216,0.017592351883649826,1500,1500,1418,1498,1897,1500,1897,1115
1783462081.6652,5.3404,0.02028,49.30,268,3245963,0.361,AUTOTUNE,AUTOTUNE,128,2.6701819896698,0.0,10.0,0.5,0.0,0.0,nan,nan,nan,nan,nan,nan,nan,nan,nan,nan,10.180955596017917,2.2729480405141347,10.32132708945881,0,0,-6.635666370391846,-2.222203254699707,-0.40430670976638794,-0.0052433982491493225,-0.029297515749931335,0.04790830612182617,nan,nan,nan,-0.03043820895254612,-0.007055899128317833,-3.1370387077331543,0.0001608414895599708,3135,,nan,24.493,1.0,93,4,23,0.66,895,0.009705273434519768,0.0014126800233498216,0.017592351883649826,1500,1500,1418,1498,1897,1500,1897,1115
1783462081.6854,5.3605,0.02024,49.41,269,3245981,0.381,AUTOTUNE,AUTOTUNE,128,2.6802337169647217,0.0,10.0,0.5,0.0,0.0,nan,nan,nan,nan,nan,nan,nan,nan,nan,nan,10.191441325898637,2.273232459930546,10.320509155323926,0,0,-6.636010646820068,-2.222452402114868,-0.4036887288093567,-0.005295201670378447,-0.029317880049347878,0.04802374914288521,nan,nan,nan,-0.030436383560299873,-0.007058301940560341,-3.1370418071746826,-0.00038105458952486515,3135,,nan,24.493,1.0,93,4,23,0.66,895,0.009705273434519768,0.0014126800233498216,0.017592351883649826,1500,1500,1418,1498,1897,1500,1897,1115
1783462081.7052,5.3804,0.01974,50.66,270,3246001,0.401,AUTOTUNE,AUTOTUNE,128,2.690195083618164,0.0,10.0,0.5,0.0,0.0,nan,nan,nan,nan,nan,nan,nan,nan,nan,nan,10.20239457117003,2.2717244119341644,10.319616652281283,0,0,-6.636608123779297,-2.222073554992676,-0.4030793309211731,-0.005522909574210644,-0.02866593562066555,0.04818719998002052,nan,nan,nan,-0.03042416088283062,-0.0070566534996032715,-3.137040615081787,-0.00010654775542207062,3135,,nan,24.493,1.0,93,4,23,0.66,895,0.01029157917946577,0.0015023774467408657,0.01712394692003727,1500,1500,1418,1498,1897,1500,1897,1115
1783462081.7253,5.4004,0.02013,49.67,271,3246021,0.421,AUTOTUNE,AUTOTUNE,128,2.7001832723617554,0.0,10.0,0.5,0.0,0.0,nan,nan,nan,nan,nan,nan,nan,nan,nan,nan,10.21277717963349,2.2705964809159167,10.318048326121197,0,0,-6.636950492858887,-2.221961498260498,-0.4022364020347595,-0.005552961025387049,-0.02807942032814026,0.04860600829124451,nan,nan,nan,-0.03043162263929844,-0.007052628323435783,-3.137040853500366,-0.00018705274851527065,3135,,nan,24.493,1.0,93,4,23,0.66,895,0.01029157917946577,0.0015023774467408657,0.01712394692003727,1500,1500,1418,1498,1897,1500,1897,1115
1783462081.7447,5.4203,0.01944,51.45,272,3246041,0.440,AUTOTUNE,AUTOTUNE,128,2.710168719291687,0.0,10.0,0.5,0.0,0.0,nan,nan,nan,nan,nan,nan,nan,nan,nan,nan,10.222961667553374,2.2681844543764544,10.316909062449598,0,0,-6.637495040893555,-2.2212088108062744,-0.4015105366706848,-0.005353482440114021,-0.027121400460600853,0.04884468391537666,nan,nan,nan,-0.030435211956501007,-0.007047126069664955,-3.1370432376861572,-0.00024358619702979922,3135,,nan,24.493,1.0,93,4,23,0.66,895,0.01029157917946577,0.0015023774467408657,0.01712394692003727,1500,1500,1418,1498,1897,1500,1897,1115
1783462081.7652,5.4404,0.02045,48.90,273,3246063,0.461,AUTOTUNE,AUTOTUNE,128,2.720178961753845,0.0,10.0,0.5,0.0,0.0,nan,nan,nan,nan,nan,nan,nan,nan,nan,nan,10.233813486390984,2.2653552326322957,10.315342735352775,0,0,-6.6380157470703125,-2.220600128173828,-0.40062040090560913,-0.0055387369357049465,-0.025839371606707573,0.049235083162784576,nan,nan,nan,-0.03043990023434162,-0.007032375782728195,-3.137056827545166,-0.0006449211505241692,3135,,nan,24.493,1.0,93,4,23,0.66,895,0.01029157917946577,0.0015023774467408657,0.01712394692003727,1500,1500,1418,1498,1897,1500,1897,1115
1783462081.7854,5.4605,0.02020,49.50,274,3246081,0.481,AUTOTUNE,AUTOTUNE,128,2.7302392721176147,0.0,10.0,0.5,0.0,0.0,nan,nan,nan,nan,nan,nan,nan,nan,nan,nan,10.243820877384778,2.2643398711642817,10.314215659473772,0,0,-6.638294696807861,-2.220472812652588,-0.3998686671257019,-0.005347132217139006,-0.02532665804028511,0.049451787024736404,nan,nan,nan,-0.030433950945734978,-0.007035210728645325,-3.137057065963745,-0.00023018867068458349,3135,,nan,24.493,1.0,93,4,23,0.66,895,0.01029157917946577,0.0015023774467408657,0.01712394692003727,1500,1500,1418,1498,1897,1500,1897,1115
1783462081.8066,5.4804,0.02124,47.07,275,3246106,0.502,AUTOTUNE,AUTOTUNE,128,2.74018931388855,0.0,10.0,0.5,0.0,0.0,nan,nan,nan,nan,nan,nan,nan,nan,nan,nan,10.254057932611984,2.2619475685511787,10.312200367002106,0,0,-6.6387739181518555,-2.2199997901916504,-0.3988329768180847,-0.005236160941421986,-0.024218561127781868,0.05001736059784889,nan,nan,nan,-0.03042374551296234,-0.007025822997093201,-3.1370720863342285,-0.0006409737397916615,3135,,nan,24.487,1.03,93,4,23,0.66,895,0.01029157917946577,0.0015023774467408657,0.01712394692003727,1500,1500,1418,1498,1897,1500,1897,1115
1783462081.8251,5.5003,0.01842,54.28,276,3246123,0.521,AUTOTUNE,AUTOTUNE,128,2.750174880027771,0.0,10.0,0.5,0.0,0.0,nan,nan,nan,nan,nan,nan,nan,nan,nan,nan,10.263897765430993,2.2612212497750064,10.310822564335009,0,0,-6.639024257659912,-2.219905138015747,-0.39804738759994507,-0.005007488187402487,-0.02385386824607849,0.050359275192022324,nan,nan,nan,-0.030423326417803764,-0.0070252008736133575,-3.1370668411254883,-9.041044540936127e-05,3135,,nan,24.487,1.03,93,4,23,0.66,895,0.01029157917946577,0.0015023774467408657,0.01712394692003727,1500,1500,1418,1498,1897,1500,1897,1115
1783462081.8453,5.5204,0.02022,49.47,277,3246141,0.541,AUTOTUNE,AUTOTUNE,128,2.760196805000305,0.0,10.0,0.5,0.0,0.0,nan,nan,nan,nan,nan,nan,nan,nan,nan,nan,10.273874448424545,2.2586533772143254,10.309728083729734,0,0,-6.639404296875,-2.2193145751953125,-0.3973141312599182,-0.0047619519755244255,-0.02271226793527603,0.05056782811880112,nan,nan,nan,-0.030423695221543312,-0.0070193372666835785,-3.137065887451172,2.057703022728674e-05,3135,,nan,24.487,1.03,93,4,23,0.66,895,0.01029157917946577,0.0015023774467408657,0.01712394692003727,1500,1500,1418,1498,1897,1500,1897,1115
1783462081.8651,5.5403,0.01988,50.31,278,3246161,0.561,AUTOTUNE,AUTOTUNE,128,2.770159959793091,0.0,10.0,0.5,0.0,0.0,nan,nan,nan,nan,nan,nan,nan,nan,nan,nan,10.284293573986506,2.257681717729545,10.307652496378248,0,0,-6.639638423919678,-2.2192955017089844,-0.3963196873664856,-0.004890033509582281,-0.022162292152643204,0.0511920265853405,nan,nan,nan,-0.030422542244195938,-0.0070259105414152145,-3.137078046798706,-0.0006276185158640146,3135,,nan,24.487,1.03,93,4,23,0.66,895,0.01029157917946577,0.0015023774467408657,0.01712394692003727,1500,1500,1418,1498,1897,1500,1897,1115
1783462081.8853,5.5604,0.02018,49.56,279,3246181,0.581,AUTOTUNE,AUTOTUNE,128,2.780187726020813,0.0,10.0,0.5,0.0,0.0,nan,nan,nan,nan,nan,nan,nan,nan,nan,nan,10.29451191020513,2.2554763568603646,10.30610136036327,0,0,-6.639985084533691,-2.218834638595581,-0.39534860849380493,-0.004799914546310902,-0.021155105903744698,0.05152692273259163,nan,nan,nan,-0.03040650300681591,-0.007027760148048401,-3.1370811462402344,-0.0003233572351746261,3135,,nan,24.487,1.03,93,4,23,0.66,895,0.01029157917946577,0.0015023774467408657,0.01712394692003727,1500,1500,1418,1498,1897,1500,1897,1115
1783462081.9054,5.5804,0.02009,49.78,280,3246201,0.601,AUTOTUNE,AUTOTUNE,128,2.790177822113037,0.0,10.0,0.5,0.0,0.0,nan,nan,nan,nan,nan,nan,nan,nan,nan,nan,10.304766720929482,2.2537554007447578,10.304201224565869,0,0,-6.6403069496154785,-2.218413829803467,-0.3943724036216736,-0.00476691871881485,-0.02040446549654007,0.05206035450100899,nan,nan,nan,-0.030418578535318375,-0.007020551711320877,-3.1370840072631836,-0.00022730841010343283,3135,,nan,24.487,1.03,93,4,23,0.66,895,0.01029157917946577,0.005123268347233534,0.01712394692003727,1500,1500,1418,1498,1897,1500,1897,1115
1783462081.9252,5.6004,0.01978,50.55,281,3246223,0.621,AUTOTUNE,AUTOTUNE,128,2.800188660621643,0.0,10.0,0.5,0.0,0.0,nan,nan,nan,nan,nan,nan,nan,nan,nan,nan,10.315064894391433,2.2532030907872573,10.302246035847741,0,0,-6.640515327453613,-2.2184677124023438,-0.3932263255119324,-0.004812504630535841,-0.02005448006093502,0.052527494728565216,nan,nan,nan,-0.030422421172261238,-0.0070139504969120026,-3.137080430984497,-4.2924868466798216e-05,3135,,nan,24.487,1.03,93,4,23,0.66,895,0.01029157917946577,0.005123268347233534,0.01712394692003727,1500,1500,1418,1498,1897,1500,1897,1115
1783462081.9452,5.6204,0.02002,49.94,282,3246241,0.641,AUTOTUNE,AUTOTUNE,128,2.8102025985717773,0.0,10.0,0.5,0.0,0.0,nan,nan,nan,nan,nan,nan,nan,nan,nan,nan,10.325959064430657,2.251988946390979,10.30256534856434,0,0,-6.641214370727539,-2.2180356979370117,-0.39289456605911255,-0.004917114041745663,-0.01960291713476181,0.052151598036289215,nan,nan,nan,-0.030432801693677902,-0.007016291841864586,-3.137078046798706,7.938795897644013e-05,3135,,nan,24.487,1.03,93,4,23,0.66,895,0.01029157917946577,0.005123268347233534,0.01712394692003727,1500,1500,1418,1498,1897,1500,1897,1115
1783462081.9649,5.6403,0.01965,50.90,283,3246261,0.660,AUTOTUNE,AUTOTUNE,128,2.820173501968384,0.0,10.0,0.5,0.0,0.0,nan,nan,nan,nan,nan,nan,nan,nan,nan,nan,10.336453708653371,2.251672233847867,10.301777917829682,0,0,-6.641600131988525,-2.218055009841919,-0.39212292432785034,-0.004996776580810547,-0.01940891332924366,0.05216071382164955,nan,nan,nan,-0.030418528243899345,-0.00701679103076458,-3.1370890140533447,-0.0005752946599386632,3135,,nan,24.487,1.03,93,4,23,0.66,895,0.01029157917946577,0.005123268347233534,0.01712394692003727,1500,1500,1418,1498,1897,1500,1897,1115
1783462081.9851,5.6604,0.02028,49.30,284,3246281,0.681,AUTOTUNE,AUTOTUNE,128,2.8301960229873657,0.0,10.0,0.5,0.0,0.0,nan,nan,nan,nan,nan,nan,nan,nan,nan,nan,10.347406030757021,2.2506349279879054,10.301616740643254,0,0,-6.642237186431885,-2.217744827270508,-0.3915817141532898,-0.0051657939329743385,-0.018989108502864838,0.05194130167365074,nan,nan,nan,-0.030414961278438568,-0.007010664790868759,-3.137101650238037,-0.0007801324245519936,3135,,nan,24.487,1.03,93,4,23,0.66,895,0.01029157917946577,0.005123268347233534,0.01712394692003727,1500,1500,1418,1498,1897,1500,1897,1115
1783462082.0053,5.6805,0.02013,49.69,285,3246301,0.701,AUTOTUNE,AUTOTUNE,128,2.8402299880981445,0.0,10.0,0.5,0.0,0.0,nan,nan,nan,nan,nan,nan,nan,nan,nan,nan,10.358031764185997,2.2496406033027334,10.301024173371506,0,0,-6.6428303718566895,-2.2174789905548096,-0.3910183310508728,-0.005164975766092539,-0.01856851577758789,0.051958151161670685,nan,nan,nan,-0.030410200357437134,-0.007008228451013565,-3.1371009349823,-7.888129039201885e-05,3135,,nan,24.487,1.03,93,4,23,0.66,895,0.01029157917946577,0.005123268347233534,0.01712394692003727,1500,1500,1418,1498,1897,1500,1897,1115
1783462082.0246,5.7002,0.01930,51.82,286,3246321,0.720,AUTOTUNE,AUTOTUNE,128,2.8500806093215942,0.0,10.0,0.5,0.0,0.0,nan,nan,nan,nan,nan,nan,nan,nan,nan,nan,10.36859454289044,2.249468914834596,10.30007439677164,0,0,-6.643161773681641,-2.217536687850952,-0.3902350068092346,-0.005384805146604776,-0.01843607984483242,0.05205425247550011,nan,nan,nan,-0.030411411076784134,-0.006999611854553223,-3.1370913982391357,0.0003169093979522586,3135,,nan,24.487,1.03,93,4,23,0.66,895,0.01029157917946577,0.005123268347233534,0.01712394692003727,1500,1500,1418,1498,1897,1500,1897,1115
1783462082.0448,5.7203,0.02026,49.36,287,3246341,0.740,AUTOTUNE,AUTOTUNE,128,2.8601735830307007,0.0,10.0,0.5,0.0,0.0,nan,nan,nan,nan,nan,nan,nan,nan,nan,nan,10.3791321718187,2.2488706390753155,10.299206712077508,0,0,-6.6436967849731445,-2.2173397541046143,-0.38958531618118286,-0.005332638043910265,-0.01820436492562294,0.05218011140823364,nan,nan,nan,-0.030422141775488853,-0.006995068863034248,-3.137097120285034,-0.0002866201975848526,3135,,nan,24.487,1.03,93,4,23,0.66,895,0.01029157917946577,0.005123268347233534,0.01712394692003727,1500,1500,1418,1498,1897,1500,1897,1115
1783462082.0654,5.7405,0.02054,48.69,288,3246363,0.761,AUTOTUNE,AUTOTUNE,128,2.8702327013015747,0.0,10.0,0.5,0.0,0.0,nan,nan,nan,nan,nan,nan,nan,nan,nan,nan,10.389731048599105,2.2482810758396687,10.298250810209518,0,0,-6.6442060470581055,-2.2172160148620605,-0.3887866139411926,-0.005350245162844658,-0.01793542131781578,0.05227087065577507,nan,nan,nan,-0.030416615307331085,-0.00699918158352375,-3.1371042728424072,-0.0002759375493042171,3135,,nan,24.487,1.03,93,4,23,0.66,895,0.01029157917946577,0.005123268347233534,0.01712394692003727,1500,1500,1418,1498,1897,1500,1897,1115
1783462082.0850,5.7604,0.01961,50.99,289,3246381,0.781,AUTOTUNE,AUTOTUNE,128,2.880212187767029,0.0,10.0,0.5,0.0,0.0,nan,nan,nan,nan,nan,nan,nan,nan,nan,nan,10.400165723325923,2.2481130518249777,10.297124881763478,0,0,-6.64448356628418,-2.2172861099243164,-0.38803809881210327,-0.005452822428196669,-0.017797943204641342,0.052488770335912704,nan,nan,nan,-0.030414681881666183,-0.006997620686888695,-3.1371090412139893,-0.00012725056149065495,3135,,nan,24.487,1.03,93,4,23,0.66,895,0.01029157917946577,0.005123268347233534,0.01712394692003727,1500,1500,1418,1498,1897,1500,1897,1115
1783462082.1052,5.7804,0.02020,49.51,290,3246401,0.801,AUTOTUNE,AUTOTUNE,128,2.8902026414871216,0.0,10.0,0.5,0.0,0.0,nan,nan,nan,nan,nan,nan,nan,nan,nan,nan,10.410578393435973,2.2476781883968573,10.296211367483384,0,0,-6.644933700561523,-2.2171764373779297,-0.3873438239097595,-0.0054367040283977985,-0.01761019416153431,0.05261534824967384,nan,nan,nan,-0.030415762215852737,-0.006997980177402496,-3.1371090412139893,-9.579646575730294e-05,3135,,nan,24.487,1.03,93,4,23,0.66,895,0.009860008023679256,0.0025383958127349615,0.010923522524535656,1500,1500,1418,1498,1897,1500,1897,1115
1783462082.1248,5.8002,0.01966,50.88,291,3246421,0.820,AUTOTUNE,AUTOTUNE,128,2.9000813961029053,0.0,10.0,0.5,0.0,0.0,nan,nan,nan,nan,nan,nan,nan,nan,nan,nan,10.421025278596682,2.247719959838278,10.29496373578901,0,0,-6.645205497741699,-2.2173144817352295,-0.3864521384239197,-0.005607792176306248,-0.01755461096763611,0.052820853888988495,nan,nan,nan,-0.03041878342628479,-0.0070042964071035385,-3.137108087539673,-0.0002147727063857019,3135,,nan,24.487,1.03,93,4,23,0.66,895,0.009860008023679256,0.0025383958127349615,0.010923522524535656,1500,1500,1418,1498,1897,1500,1897,1115
1783462082.1454,5.8205,0.02061,48.52,292,3246441,0.841,AUTOTUNE,AUTOTUNE,128,2.9102370738983154,0.0,10.0,0.5,0.0,0.0,nan,nan,nan,nan,nan,nan,nan,nan,nan,nan,10.430928376544049,2.247019984189886,10.294669805770559,0,0,-6.645691871643066,-2.2170722484588623,-0.385808527469635,-0.0051811570301651955,-0.017290333285927773,0.05261896550655365,nan,nan,nan,-0.0304181519895792,-0.0070044416934251785,-3.137108564376831,-0.0001974508340936154,3135,,nan,24.487,1.03,93,4,23,0.66,895,0.009860008023679256,0.0025383958127349615,0.010923522524535656,1500,1500,1418,1498,1897,1500,1897,1115
1783462082.1654,5.8404,0.01996,50.10,293,3246463,0.861,AUTOTUNE,AUTOTUNE,128,2.9202017784118652,0.0,10.0,0.5,0.0,0.0,nan,nan,nan,nan,nan,nan,nan,nan,nan,nan,10.44043476711806,2.246706492065353,10.293499895945066,0,0,-6.646144866943359,-2.2169227600097656,-0.3849796652793884,-0.004655012395232916,-0.017195645719766617,0.05281586945056915,nan,nan,nan,-0.03041193075478077,-0.007002109661698341,-3.1371123790740967,-0.00035418232437223196,3135,,nan,24.487,1.03,93,4,23,0.66,895,0.009860008023679256,0.0025383958127349615,0.010923522524535656,1500,1500,1418,1498,1897,1500,1897,1115
1783462082.1853,5.8603,0.01988,50.30,294,3246481,0.881,AUTOTUNE,AUTOTUNE,128,2.9301671981811523,0.0,10.0,0.5,0.0,0.0,nan,nan,nan,nan,nan,nan,nan,nan,nan,nan,10.451048250455194,2.2461319032777456,10.292169634211298,0,0,-6.646386623382568,-2.216975688934326,-0.38421112298965454,-0.004889593925327063,-0.01683334819972515,0.05314017832279205,nan,nan,nan,-0.030410312116146088,-0.006999654695391655,-3.13710880279541,7.842599006835371e-05,3135,,nan,24.487,1.03,93,4,23,0.66,895,0.009860008023679256,0.0025383958127349615,0.010923522524535656,1500,1500,1418,1498,1897,1500,1897,1115
1783462082.2053,5.8805,0.02000,50.00,295,3246501,0.901,AUTOTUNE,AUTOTUNE,128,2.940233588218689,0.0,10.0,0.5,0.0,0.0,nan,nan,nan,nan,nan,nan,nan,nan,nan,nan,10.460822670499377,2.245836864677732,10.29134907983207,0,0,-6.6467671394348145,-2.21685528755188,-0.38347095251083374,-0.004501333925873041,-0.01673252135515213,0.05318658798933029,nan,nan,nan,-0.030414050444960594,-0.006999380886554718,-3.13712215423584,-0.0006641731597483158,3135,,nan,24.487,1.03,93,4,23,0.66,895,0.009860008023679256,0.0025383958127349615,0.010923522524535656,1500,1500,1418,1498,1897,1500,1897,1115
1783462082.2250,5.9003,0.01970,50.75,296,3246521,0.921,AUTOTUNE,AUTOTUNE,128,2.9501596689224243,0.0,10.0,0.5,0.0,0.0,nan,nan,nan,nan,nan,nan,nan,nan,nan,nan,10.470811868086281,2.2457540988973768,10.290094139950016,0,0,-6.646987438201904,-2.2169713973999023,-0.3825750946998596,-0.004410584922879934,-0.016617700457572937,0.053393904119729996,nan,nan,nan,-0.03041965141892433,-0.006993554532527924,-3.1371190547943115,2.7507339837029576e-06,3135,,nan,24.487,1.03,93,4,23,0.66,895,0.009860008023679256,0.0025383958127349615,0.010923522524535656,1500,1500,1418,1498,1897,1500,1897,1115
1783462082.2448,5.9202,0.01977,50.57,297,3246541,0.940,AUTOTUNE,AUTOTUNE,128,2.9601073265075684,0.0,10.0,0.5,0.0,0.0,nan,nan,nan,nan,nan,nan,nan,nan,nan,nan,10.480825760577886,2.245510203269794,10.288839121730188,0,0,-6.647313594818115,-2.2169101238250732,-0.38165587186813354,-0.004260519053786993,-0.01651226356625557,0.05358777567744255,nan,nan,nan,-0.03042338602244854,-0.00699576735496521,-3.1371116638183594,0.00013916418538428843,3135,,nan,24.487,1.03,93,4,23,0.66,895,0.009860008023679256,0.0025383958127349615,0.010923522524535656,1500,1500,1418,1498,1897,1500,1897,1115
1783462082.2652,5.9404,0.02043,48.94,298,3246561,0.961,AUTOTUNE,AUTOTUNE,128,2.9701818227767944,0.0,10.0,0.5,0.0,0.0,nan,nan,nan,nan,nan,nan,nan,nan,nan,nan,10.490619266864979,2.245765227363513,10.287344470690423,0,0,-6.647506237030029,-2.217059373855591,-0.3805784583091736,-0.003987067379057407,-0.016573332250118256,0.05382866784930229,nan,nan,nan,-0.03042314574122429,-0.007004657760262489,-3.137120246887207,-0.00039569774526171386,3135,,nan,24.487,1.03,93,4,23,0.66,895,0.009860008023679256,0.0025383958127349615,0.010923522524535656,1500,1500,1418,1498,1897,1500,1897,1115
1783462082.2852,5.9603,0.02000,50.00,299,3246581,0.981,AUTOTUNE,AUTOTUNE,128,2.980170965194702,0.0,10.0,0.5,0.0,0.0,nan,nan,nan,nan,nan,nan,nan,nan,nan,nan,10.50094956906488,2.245266613405182,10.285813075362036,0,0,-6.647780895233154,-2.2170417308807373,-0.3795427680015564,-0.004025462083518505,-0.016295643523335457,0.05411486327648163,nan,nan,nan,-0.03042060136795044,-0.0070015061646699905,-3.1371243000030518,-0.0003991599369328469,3135,,nan,24.487,1.03,93,4,23,0.66,895,0.009860008023679256,0.0025383958127349615,0.010923522524535656,1500,1500,1418,1498,1897,1500,1897,1115
1783462082.3071,5.9804,0.02190,45.67,300,3246606,0.003,AUTOTUNE,AUTOTUNE,128,2.9901857376098633,0.0,10.0,0.5,0.0,0.0,nan,nan,nan,nan,nan,nan,nan,nan,nan,nan,10.511725894478413,2.2432030334390705,10.284038050744135,0,0,-6.6483869552612305,-2.2165729999542236,-0.3782328963279724,-0.0041152359917759895,-0.015374857001006603,0.05438341945409775,nan,nan,nan,-0.03041602484881878,-0.006994090974330902,-3.137122631072998,7.485579408239573e-05,3135,,nan,24.502,1.0,93,4,23,0.66,895,0.011920320801436901,0.01119992695748806,0.01848454400897026,1500,1500,1418,1498,1897,1500,1897,1115
1783462082.3254,6.0004,0.01830,54.64,301,3246623,0.021,AUTOTUNE,AUTOTUNE,128,3.000201106071472,0.0,10.0,0.5,0.0,0.0,nan,nan,nan,nan,nan,nan,nan,nan,nan,nan,10.522027460227706,2.241558467671507,10.282630173518935,0,0,-6.648857116699219,-2.216137409210205,-0.37733668088912964,-0.004009024240076542,-0.014676854945719242,0.05467882752418518,nan,nan,nan,-0.030416419729590416,-0.006977267563343048,-3.1371278762817383,-0.00015386843006126583,3135,,nan,24.502,1.0,93,4,23,0.66,895,0.011920320801436901,0.01119992695748806,0.01848454400897026,1500,1500,1418,1498,1897,1500,1897,1115
1783462082.3450,6.0203,0.01961,50.99,302,3246641,0.041,AUTOTUNE,AUTOTUNE,128,3.010173201560974,0.0,10.0,0.5,0.0,0.0,nan,nan,nan,nan,nan,nan,nan,nan,nan,nan,10.53351152288981,2.2378002110829995,10.281493709162488,0,0,-6.6496782302856445,-2.215064764022827,-0.37652021646499634,-0.0044078887440264225,-0.013126316480338573,0.0548635795712471,nan,nan,nan,-0.030423138290643692,-0.006972271949052811,-3.1371262073516846,-9.977294394047931e-05,3135,,nan,24.502,1.0,93,4,23,0.66,895,0.011920320801436901,0.01119992695748806,0.01848454400897026,1500,1500,1418,1498,1897,1500,1897,1115
1783462082.3652,6.0404,0.02024,49.41,303,3246663,0.061,AUTOTUNE,AUTOTUNE,128,3.0201865434646606,0.0,10.0,0.5,0.0,0.0,nan,nan,nan,nan,nan,nan,nan,nan,nan,nan,10.544618035162015,2.2345932205975543,10.2798706300625,0,0,-6.650461673736572,-2.2141222953796387,-0.3754882216453552,-0.004586709663271904,-0.011818894185125828,0.0552048422396183,nan,nan,nan,-0.030427148565649986,-0.00697128102183342,-3.13713002204895,-0.0003060934250243008,3135,,nan,24.502,1.0,93,4,23,0.66,895,0.011920320801436901,0.01119992695748806,0.01848454400897026,1500,1500,1418,1498,1897,1500,1897,1115
1783462082.3850,6.0604,0.01975,50.63,304,3246681,0.081,AUTOTUNE,AUTOTUNE,128,3.0301800966262817,0.0,10.0,0.5,0.0,0.0,nan,nan,nan,nan,nan,nan,nan,nan,nan,nan,10.555691559603288,2.233062302764257,10.278337833861615,0,0,-6.650866985321045,-2.213745355606079,-0.3746045231819153,-0.00497622461989522,-0.011152644641697407,0.05557959899306297,nan,nan,nan,-0.030427172780036926,-0.006958777084946632,-3.137125015258789,0.0002515328233130276,3135,,nan,24.502,1.0,93,4,23,0.66,895,0.011920320801436901,0.01119992695748806,0.01848454400897026,1500,1500,1418,1498,1897,1500,1897,1115
1783462082.4049,6.0803,0.01993,50.18,305,3246701,0.101,AUTOTUNE,AUTOTUNE,128,3.040133237838745,0.0,10.0,0.5,0.0,0.0,nan,nan,nan,nan,nan,nan,nan,nan,nan,nan,10.566729757638708,2.2298792334881186,10.277479705904895,0,0,-6.651566028594971,-2.2128541469573975,-0.37369221448898315,-0.0051990896463394165,-0.009829438291490078,0.05554831773042679,nan,nan,nan,-0.0304274782538414,-0.006954845041036606,-3.137129783630371,-0.00023995568335521966,3135,,nan,24.502,1.0,93,4,23,0.66,895,0.011920320801436901,0.01119992695748806,0.01848454400897026,1500,1500,1418,1498,1897,1500,1897,1115
1783462082.4254,6.1005,0.02044,48.92,306,3246723,0.121,AUTOTUNE,AUTOTUNE,128,3.0502285957336426,0.0,10.0,0.5,0.0,0.0,nan,nan,nan,nan,nan,nan,nan,nan,nan,nan,10.577176944605853,2.228466163244228,10.275648146403093,0,0,-6.651963710784912,-2.2125461101531982,-0.3725258708000183,-0.005172616336494684,-0.00919144693762064,0.05593238025903702,nan,nan,nan,-0.03042200393974781,-0.006950410082936287,-3.1371476650238037,-0.0009535728604532778,3135,,nan,24.502,1.0,93,4,23,0.66,895,0.011920320801436901,0.01119992695748806,0.01848454400897026,1500,1500,1418,1498,1897,1500,1897,1115
1783462082.4450,6.1203,0.01962,50.98,307,3246741,0.141,AUTOTUNE,AUTOTUNE,128,3.060166597366333,0.0,10.0,0.5,0.0,0.0,nan,nan,nan,nan,nan,nan,nan,nan,nan,nan,10.588356347052764,2.2254384215668774,10.274374543890733,0,0,-6.652586936950684,-2.2116951942443848,-0.3716966509819031,-0.005529519636183977,-0.007934655994176865,0.05618894472718239,nan,nan,nan,-0.03043423406779766,-0.006952550262212753,-3.1371395587921143,0.0002633379481267184,3135,,nan,24.502,1.0,93,4,23,0.66,895,0.011920320801436901,0.01119992695748806,0.01848454400897026,1500,1500,1418,1498,1897,1500,1897,1115
1783462082.4650,6.1403,0.01997,50.08,308,3246763,0.161,AUTOTUNE,AUTOTUNE,128,3.0701593160629272,0.0,10.0,0.5,0.0,0.0,nan,nan,nan,nan,nan,nan,nan,nan,nan,nan,10.599360038796991,2.2228528849108287,10.27270529724464,0,0,-6.653201103210449,-2.210930824279785,-0.37053292989730835,-0.005758616141974926,-0.006883204914629459,0.056480810046195984,nan,nan,nan,-0.030444636940956116,-0.006955374032258987,-3.1371593475341797,-0.0008428487344644964,3135,,nan,24.502,1.0,93,4,23,0.66,895,0.011920320801436901,0.01119992695748806,0.01848454400897026,1500,1500,1418,1498,1897,1500,1897,1115
1783462082.4850,6.1604,0.02005,49.88,309,3246781,0.181,AUTOTUNE,AUTOTUNE,128,3.0802043676376343,0.0,10.0,0.5,0.0,0.0,nan,nan,nan,nan,nan,nan,nan,nan,nan,nan,10.609509271349681,2.2218137206998145,10.271465057454389,0,0,-6.653530597686768,-2.2106008529663086,-0.3696022629737854,-0.0056285313330590725,-0.006473752204328775,0.05665954202413559,nan,nan,nan,-0.03044253960251808,-0.0069585684686899185,-3.137164354324341,-0.00039605851634405553,3135,,nan,24.502,1.0,93,4,23,0.66,895,0.011920320801436901,0.01119992695748806,0.01848454400897026,1500,1500,1418,1498,1897,1500,1897,1115
1783462082.5052,6.1803,0.02015,49.63,310,3246801,0.201,AUTOTUNE,AUTOTUNE,128,3.090172052383423,0.0,10.0,0.5,0.0,0.0,nan,nan,nan,nan,nan,nan,nan,nan,nan,nan,10.620153725822648,2.219492431945753,10.270129149421804,0,0,-6.654082298278809,-2.209867238998413,-0.36856478452682495,-0.005700740031898022,-0.005557107739150524,0.05683184042572975,nan,nan,nan,-0.030438100919127464,-0.006949633359909058,-3.137162923812866,-0.00013946476974524558,3135,,nan,24.502,1.0,93,4,23,0.66,895,0.011920320801436901,0.0026362352073192596,0.01848454400897026,1500,1500,1418,1498,1897,1500,1897,1115
1783462082.5253,6.2005,0.02014,49.66,311,3246821,0.221,AUTOTUNE,AUTOTUNE,128,3.100240468978882,0.0,10.0,0.5,0.0,0.0,nan,nan,nan,nan,nan,nan,nan,nan,nan,nan,10.630442097752766,2.2184969591240637,10.2680570745886,0,0,-6.654402256011963,-2.209564447402954,-0.3674843907356262,-0.00564300362020731,-0.005157188046723604,0.05740438774228096,nan,nan,nan,-0.030438190326094627,-0.006945136934518814,-3.1371777057647705,-0.0006986301159486175,3135,,nan,24.502,1.0,93,4,23,0.66,895,0.011920320801436901,0.0026362352073192596,0.01848454400897026,1500,1500,1418,1498,1897,1500,1897,1115
1783462082.5453,6.2203,0.02004,49.90,312,3246841,0.241,AUTOTUNE,AUTOTUNE,128,3.1101603507995605,0.0,10.0,0.5,0.0,0.0,nan,nan,nan,nan,nan,nan,nan,nan,nan,nan,10.643968638585559,2.217467320421363,10.270472326898735,0,0,-6.655925273895264,-2.209091901779175,-0.36775654554367065,-0.006845994386821985,-0.004835550207644701,0.05616706982254982,nan,nan,nan,-0.030430033802986145,-0.0069490112364292145,-3.1371772289276123,3.433296296861954e-05,3135,,nan,24.502,1.0,93,4,23,0.66,895,0.011920320801436901,0.0026362352073192596,0.01848454400897026,1500,1500,1418,1498,1897,1500,1897,1115
1783462082.5655,6.2404,0.02016,49.59,313,3246863,0.261,AUTOTUNE,AUTOTUNE,128,3.120180368423462,0.0,10.0,0.5,0.0,0.0,nan,nan,nan,nan,nan,nan,nan,nan,nan,nan,10.656936194272806,2.2165122766358567,10.27241727685377,0,0,-6.657385349273682,-2.2086713314056396,-0.36776453256607056,-0.0077047813683748245,-0.004526971839368343,0.05504876375198364,nan,nan,nan,-0.030432650819420815,-0.0069531966000795364,-3.1371731758117676,-0.00019662591512314975,3135,,nan,24.502,1.0,93,4,23,0.66,895,0.011920320801436901,0.0026362352073192596,0.01848454400897026,1500,1500,1418,1498,1897,1500,1897,1115
1783462082.5854,6.2605,0.01996,50.11,314,3246881,0.281,AUTOTUNE,AUTOTUNE,128,3.130245804786682,0.0,10.0,0.5,0.0,0.0,nan,nan,nan,nan,nan,nan,nan,nan,nan,nan,10.668565388986497,2.216202252636846,10.272733403178384,0,0,-6.658142566680908,-2.2085044384002686,-0.3674007058143616,-0.00817043799906969,-0.004444335121661425,0.054656192660331726,nan,nan,nan,-0.030426185578107834,-0.006960537284612656,-3.1371631622314453,0.000566314032766968,3135,,nan,24.502,1.0,93,4,23,0.66,895,0.011920320801436901,0.0026362352073192596,0.01848454400897026,1500,1500,1418,1498,1897,1500,1897,1115
1783462082.6052,6.2804,0.01980,50.50,315,3246901,0.301,AUTOTUNE,AUTOTUNE,128,3.1401888132095337,0.0,10.0,0.5,0.0,0.0,nan,nan,nan,nan,nan,nan,nan,nan,nan,nan,10.681630985383391,2.2155120299114994,10.274794476364551,0,0,-6.65947961807251,-2.2081310749053955,-0.36751002073287964,-0.00920131802558899,-0.004261396359652281,0.053529344499111176,nan,nan,nan,-0.030434951186180115,-0.006953973323106766,-3.1371679306030273,-0.00024225657398346812,3135,,nan,24.502,1.0,93,4,23,0.66,895,0.011920320801436901,0.0026362352073192596,0.01848454400897026,1500,1500,1418,1498,1897,1500,1897,1115
1783462082.6252,6.3003,0.01994,50.15,316,3246921,0.321,AUTOTUNE,AUTOTUNE,128,3.1501307487487793,0.0,10.0,0.5,0.0,0.0,nan,nan,nan,nan,nan,nan,nan,nan,nan,nan,10.692945463112444,2.2150664790070222,10.274967047374542,0,0,-6.660222053527832,-2.2080020904541016,-0.3669965863227844,-0.009565110318362713,-0.00407862663269043,0.0531332790851593,nan,nan,nan,-0.030435044318437576,-0.00695008784532547,-3.1371707916259766,-0.0002631769166328013,3135,,nan,24.502,1.0,93,4,23,0.66,895,0.011920320801436901,0.0026362352073192596,0.01848454400897026,1500,1500,1418,1498,1897,1500,1897,1115
1783462082.6450,6.3203,0.01977,50.58,317,3246941,0.341,AUTOTUNE,AUTOTUNE,128,3.160157561302185,0.0,10.0,0.5,0.0,0.0,nan,nan,nan,nan,nan,nan,nan,nan,nan,nan,10.70587380730492,2.214376665111469,10.276460579899851,0,0,-6.6614766120910645,-2.2076849937438965,-0.3669889569282532,-0.010515990667045116,-0.0038634382653981447,0.05226658284664154,nan,nan,nan,-0.030423523858189583,-0.00694095715880394,-3.137169599533081,-0.00012015467655146495,3135,,nan,24.502,1.0,93,4,23,0.66,895,0.011920320801436901,0.0026362352073192596,0.01848454400897026,1500,1500,1418,1498,1897,1500,1897,1115
1783462082.6649,6.3403,0.01997,50.08,318,3246963,0.361,AUTOTUNE,AUTOTUNE,128,3.1701619625091553,0.0,10.0,0.5,0.0,0.0,nan,nan,nan,nan,nan,nan,nan,nan,nan,nan,10.718501858884991,2.2137990521365416,10.277582195216171,0,0,-6.662705421447754,-2.207413673400879,-0.36676353216171265,-0.011321302503347397,-0.0036866001319140196,0.05148886889219284,nan,nan,nan,-0.030411027371883392,-0.006941692903637886,-3.1371703147888184,0.00014572744839824736,3135,,nan,24.502,1.0,93,4,23,0.66,895,0.011920320801436901,0.0026362352073192596,0.01848454400897026,1500,1500,1418,1498,1897,1500,1897,1115
1783462082.6853,6.3604,0.02034,49.17,319,3246981,0.381,AUTOTUNE,AUTOTUNE,128,3.180177927017212,0.0,10.0,0.5,0.0,0.0,nan,nan,nan,nan,nan,nan,nan,nan,nan,nan,10.729476214710177,2.2136340710163007,10.27755047049014,0,0,-6.663371562957764,-2.2073147296905518,-0.36632710695266724,-0.011490033008158207,-0.0036484734155237675,0.05125521495938301,nan,nan,nan,-0.030410435050725937,-0.006949417293071747,-3.137167453765869,-0.00016375805716961622,3135,,nan,24.502,1.0,93,4,23,0.66,895,0.011920320801436901,0.0026362352073192596,0.01848454400897026,1500,1500,1418,1498,1897,1500,1897,1115
1783462082.7053,6.3804,0.02008,49.80,320,3247001,0.401,AUTOTUNE,AUTOTUNE,128,3.190194845199585,0.0,10.0,0.5,0.0,0.0,nan,nan,nan,nan,nan,nan,nan,nan,nan,nan,10.74248529047184,2.2121508496237294,10.280218857588089,0,0,-6.664754390716553,-2.206648111343384,-0.3666730523109436,-0.012419180013239384,-0.0031770074274390936,0.04991435259580612,nan,nan,nan,-0.030402755364775658,-0.006955796852707863,-3.137173891067505,-0.00027353549376130104,3135,,nan,24.502,1.0,93,4,23,0.66,895,0.012679721228778362,0.0028667475562542677,0.021603817120194435,1500,1500,1418,1498,1897,1500,1897,1115
1783462082.7250,6.4003,0.01961,51.00,321,3247023,0.421,AUTOTUNE,AUTOTUNE,128,3.200164556503296,0.0,10.0,0.5,0.0,0.0,nan,nan,nan,nan,nan,nan,nan,nan,nan,nan,10.754424807473546,2.210337193549423,10.280933674301147,0,0,-6.66570520401001,-2.206151008605957,-0.36645084619522095,-0.013007495552301407,-0.002416895003989339,0.049373362213373184,nan,nan,nan,-0.03039468266069889,-0.006951622664928436,-3.1371817588806152,-0.0005202653701417148,3135,,nan,24.502,1.0,93,4,23,0.66,895,0.012679721228778362,0.0028667475562542677,0.021603817120194435,1500,1500,1418,1498,1897,1500,1897,1115
1783462082.7453,6.4204,0.02030,49.27,322,3247041,0.441,AUTOTUNE,AUTOTUNE,128,3.210218906402588,0.0,10.0,0.5,0.0,0.0,nan,nan,nan,nan,nan,nan,nan,nan,nan,nan,10.767183232456471,2.2078220517933556,10.284371790169265,0,0,-6.667205333709717,-2.205132007598877,-0.36719805002212524,-0.013702593743801117,-0.001553097739815712,0.04781976342201233,nan,nan,nan,-0.030400600284337997,-0.006950598210096359,-3.13718318939209,-0.00015740198432467878,3135,,nan,24.502,1.0,93,4,23,0.66,895,0.012679721228778362,0.0028667475562542677,0.021603817120194435,1500,1500,1418,1498,1897,1500,1897,1115
1783462082.7652,6.4404,0.02000,50.01,323,3247063,0.461,AUTOTUNE,AUTOTUNE,128,3.220192074775696,0.0,10.0,0.5,0.0,0.0,nan,nan,nan,nan,nan,nan,nan,nan,nan,nan,10.780045992422902,2.2052535284968515,10.287051649034302,0,0,-6.668697834014893,-2.204188585281372,-0.36754924058914185,-0.014509204775094986,-0.0006148452521301806,0.046475306153297424,nan,nan,nan,-0.030414478853344917,-0.006953516975045204,-3.137180805206299,0.00017286615911871195,3135,,nan,24.502,1.0,93,4,23,0.66,895,0.012679721228778362,0.0028667475562542677,0.021603817120194435,1500,1500,1418,1498,1897,1500,1897,1115
1783462082.7854,6.4605,0.02013,49.68,324,3247081,0.481,AUTOTUNE,AUTOTUNE,128,3.230239510536194,0.0,10.0,0.5,0.0,0.0,nan,nan,nan,nan,nan,nan,nan,nan,nan,nan,10.791365341647529,2.203897300892302,10.287924817562772,0,0,-6.669515132904053,-2.2037391662597656,-0.3674084544181824,-0.014771676622331142,-9.129907266469672e-05,0.045889899134635925,nan,nan,nan,-0.03041819855570793,-0.006956007331609726,-3.1371867656707764,-9.172001591650769e-05,3135,,nan,24.502,1.0,93,4,23,0.66,895,0.012679721228778362,0.0028667475562542677,0.021603817120194435,1500,1500,1418,1498,1897,1500,1897,1115
1783462082.8069,6.4804,0.02154,46.43,325,3247106,0.503,AUTOTUNE,AUTOTUNE,128,3.2401905059814453,0.0,10.0,0.5,0.0,0.0,nan,nan,nan,nan,nan,nan,nan,nan,nan,nan,10.80392379171759,2.201075643055754,10.289884356768805,0,0,-6.670950889587402,-2.202871799468994,-0.36759406328201294,-0.015448156744241714,0.0010370113886892796,0.044865719974040985,nan,nan,nan,-0.030414285138249397,-0.0069656409323215485,-3.137166976928711,0.0005725006340071559,3135,,nan,24.486,0.97,93,4,23,0.66,895,0.012679721228778362,0.0028667475562542677,0.021603817120194435,1500,1500,1418,1498,1897,1500,1897,1115
1783462082.8250,6.5004,0.01809,55.29,326,3247123,0.521,AUTOTUNE,AUTOTUNE,128,3.2501795291900635,0.0,10.0,0.5,0.0,0.0,nan,nan,nan,nan,nan,nan,nan,nan,nan,nan,10.815286314753735,2.1999911706005286,10.290545055730032,0,0,-6.671730995178223,-2.202446222305298,-0.3674355149269104,-0.015790753066539764,0.001417424762621522,0.04439272731542587,nan,nan,nan,-0.030411751940846443,-0.006962034851312637,-3.137171506881714,-0.0002396953059360385,3135,,nan,24.486,0.97,93,4,23,0.66,895,0.012679721228778362,0.0028667475562542677,0.021603817120194435,1500,1500,1418,1498,1897,1500,1897,1115
1783462082.8454,6.5205,0.02039,49.05,327,3247141,0.541,AUTOTUNE,AUTOTUNE,128,3.2602357864379883,0.0,10.0,0.5,0.0,0.0,nan,nan,nan,nan,nan,nan,nan,nan,nan,nan,10.82769758709675,2.197728060973249,10.292775008076578,0,0,-6.6729655265808105,-2.201655864715576,-0.3678784966468811,-0.01643766462802887,0.0022677185479551554,0.04336101934313774,nan,nan,nan,-0.030407113954424858,-0.006961442530155182,-3.1371877193450928,-0.0007563726394437253,3135,,nan,24.486,0.97,93,4,23,0.66,895,0.012679721228778362,0.0028667475562542677,0.021603817120194435,1500,1500,1418,1498,1897,1500,1897,1115
1783462082.8653,6.5403,0.01988,50.30,328,3247163,0.561,AUTOTUNE,AUTOTUNE,128,3.270168423652649,0.0,10.0,0.5,0.0,0.0,nan,nan,nan,nan,nan,nan,nan,nan,nan,nan,10.840019596797763,2.195920277604175,10.294154753139468,0,0,-6.674230098724365,-2.200899839401245,-0.3680412173271179,-0.017087068408727646,0.002874951343983412,0.04265836998820305,nan,nan,nan,-0.030404962599277496,-0.006966037675738335,-3.1371867656707764,-0.00025566696422174573,3135,,nan,24.486,0.97,93,4,23,0.66,895,0.012679721228778362,0.0028667475562542677,0.021603817120194435,1500,1500,1418,1498,1897,1500,1897,1115
1783462082.8852,6.5603,0.01989,50.27,329,3247181,0.581,AUTOTUNE,AUTOTUNE,128,3.280163884162903,0.0,10.0,0.5,0.0,0.0,nan,nan,nan,nan,nan,nan,nan,nan,nan,nan,10.851375884550501,2.1947083188812,10.294424991324796,0,0,-6.67494535446167,-2.2005183696746826,-0.3678615689277649,-0.017459789291024208,0.0033544343896210194,0.04239862784743309,nan,nan,nan,-0.030412791296839714,-0.006972193717956543,-3.1371846199035645,-6.136542651802301e-06,3135,,nan,24.486,0.97,93,4,23,0.66,895,0.012679721228778362,0.0028667475562542677,0.021603817120194435,1500,1500,1418,1498,1897,1500,1897,1115
1783462082.9053,6.5804,0.02013,49.68,330,3247201,0.601,AUTOTUNE,AUTOTUNE,128,3.2901875972747803,0.0,10.0,0.5,0.0,0.0,nan,nan,nan,nan,nan,nan,nan,nan,nan,nan,10.863404139821508,2.1930775541391987,10.296023940335811,0,0,-6.6760969161987305,-2.1998260021209717,-0.3680723309516907,-0.01795225776731968,0.0038962182588875294,0.0415971577167511,nan,nan,nan,-0.03041211888194084,-0.006976323202252388,-3.137183666229248,-2.9591730708489195e-05,3135,,nan,24.486,0.97,93,4,23,0.66,895,0.012679721228778362,0.0007170183816924691,0.021603817120194435,1500,1500,1418,1498,1897,1500,1897,1115
1783462082.9250,6.6003,0.01966,50.86,331,3247223,0.621,AUTOTUNE,AUTOTUNE,128,3.3001630306243896,0.0,10.0,0.5,0.0,0.0,nan,nan,nan,nan,nan,nan,nan,nan,nan,nan,10.874816303322419,2.191845359200986,10.295953738849201,0,0,-6.676886558532715,-2.19943904876709,-0.3676343560218811,-0.01832585409283638,0.004384218715131283,0.041384823620319366,nan,nan,nan,-0.03042134828865528,-0.00697452574968338,-3.1371822357177734,8.820067887427285e-05,3135,,nan,24.486,0.97,93,4,23,0.66,895,0.012679721228778362,0.0007170183816924691,0.021603817120194435,1500,1500,1418,1498,1897,1500,1897,1115
1783462082.9454,6.6204,0.02046,48.89,332,3247241,0.641,AUTOTUNE,AUTOTUNE,128,3.3102246522903442,0.0,10.0,0.5,0.0,0.0,nan,nan,nan,nan,nan,nan,nan,nan,nan,nan,10.885232961638039,2.188494909014028,10.301986716134794,0,0,-6.677763938903809,-2.19804310798645,-0.3696536421775818,-0.018024278804659843,0.00551265524700284,0.03906751796603203,nan,nan,nan,-0.030428344383835793,-0.006964301690459251,-3.1371824741363525,-8.90585215529427e-05,3135,,nan,24.486,0.97,93,4,23,0.66,895,0.012679721228778362,0.0007170183816924691,0.021603817120194435,1500,1500,1418,1498,1897,1500,1897,1115
1783462082.9654,6.6405,0.02001,49.98,333,3247261,0.661,AUTOTUNE,AUTOTUNE,128,3.3202308416366577,0.0,10.0,0.5,0.0,0.0,nan,nan,nan,nan,nan,nan,nan,nan,nan,nan,10.895681580511392,2.186831939078614,10.304366590672563,0,0,-6.678390026092529,-2.1973066329956055,-0.370172917842865,-0.017918244004249573,0.00604756735265255,0.03799330070614815,nan,nan,nan,-0.030415689572691917,-0.006958853453397751,-3.1371772289276123,0.0001453548320569098,3135,,nan,24.486,0.97,93,4,23,0.66,895,0.012679721228778362,0.0007170183816924691,0.021603817120194435,1500,1500,1418,1498,1897,1500,1897,1115
1783462082.9854,6.6604,0.02003,49.92,334,3247281,0.681,AUTOTUNE,AUTOTUNE,128,3.330223798751831,0.0,10.0,0.5,0.0,0.0,nan,nan,nan,nan,nan,nan,nan,nan,nan,nan,10.906106825217233,2.183437490886443,10.309648658854753,0,0,-6.679238796234131,-2.196000814437866,-0.3719030022621155,-0.01767778769135475,0.007253438234329224,0.03594256192445755,nan,nan,nan,-0.03041750006377697,-0.006959652528166771,-3.1371829509735107,-0.00026133283972740173,3135,,nan,24.486,0.97,93,4,23,0.66,895,0.012679721228778362,0.0007170183816924691,0.021603817120194435,1500,1500,1418,1498,1897,1500,1897,1115
1783462083.0053,6.6803,0.01987,50.31,335,3247301,0.701,AUTOTUNE,AUTOTUNE,128,3.340156078338623,0.0,10.0,0.5,0.0,0.0,nan,nan,nan,nan,nan,nan,nan,nan,nan,nan,10.916485863184285,2.18048861374276,10.31452663349389,0,0,-6.6800312995910645,-2.194765090942383,-0.37352699041366577,-0.01747817173600197,0.008242527954280376,0.03406387194991112,nan,nan,nan,-0.030415447428822517,-0.006956789642572403,-3.1371819972991943,-0.0001485648681409657,3135,,nan,24.486,0.97,93,4,23,0.66,895,0.012679721228778362,0.0007170183816924691,0.021603817120194435,1500,1500,1418,1498,1897,1500,1897,1115
1783462083.0253,6.7004,0.01998,50.05,336,3247323,0.721,AUTOTUNE,AUTOTUNE,128,3.350219488143921,0.0,10.0,0.5,0.0,0.0,nan,nan,nan,nan,nan,nan,nan,nan,nan,nan,10.927152315163893,2.17873866673223,10.316457259122206,0,0,-6.680631160736084,-2.194060802459717,-0.3738763928413391,-0.01748000830411911,0.008846239186823368,0.03315095230937004,nan,nan,nan,-0.030428536236286163,-0.006966201588511467,-3.137181520462036,0.00010350351658416912,3135,,nan,24.486,0.97,93,4,23,0.66,895,0.012679721228778362,0.0007170183816924691,0.021603817120194435,1500,1500,1418,1498,1897,1500,1897,1115
1783462083.0454,6.7205,0.02015,49.62,337,3247341,0.741,AUTOTUNE,AUTOTUNE,128,3.3602291345596313,0.0,10.0,0.5,0.0,0.0,nan,nan,nan,nan,nan,nan,nan,nan,nan,nan,10.937919018708193,2.175890509400555,10.320823690401996,0,0,-6.681308269500732,-2.1929311752319336,-0.37541693449020386,-0.017526166513562202,0.009838433004915714,0.03151942417025566,nan,nan,nan,-0.030426055192947388,-0.006952764466404915,-3.1371877193450928,-0.0004276889667380601,3135,,nan,24.486,0.97,93,4,23,0.66,895,0.012679721228778362,0.0007170183816924691,0.021603817120194435,1500,1500,1418,1498,1897,1500,1897,1115
1783462083.0651,6.7404,0.01966,50.87,338,3247361,0.761,AUTOTUNE,AUTOTUNE,128,3.37019944190979,0.0,10.0,0.5,0.0,0.0,nan,nan,nan,nan,nan,nan,nan,nan,nan,nan,10.948296464349065,2.1742056678574397,10.323057180438102,0,0,-6.681830883026123,-2.1922719478607178,-0.3757888674736023,-0.01745949685573578,0.010430571623146534,0.03044465370476246,nan,nan,nan,-0.030415339395403862,-0.00695250928401947,-3.137192487716675,-0.0003319875104352832,3135,,nan,24.486,0.97,93,4,23,0.66,895,0.012679721228778362,0.0007170183816924691,0.021603817120194435,1500,1500,1418,1498,1897,1500,1897,1115
1783462083.0853,6.7605,0.02020,49.51,339,3247381,0.781,AUTOTUNE,AUTOTUNE,128,3.3802331686019897,0.0,10.0,0.5,0.0,0.0,nan,nan,nan,nan,nan,nan,nan,nan,nan,nan,10.95870330998944,2.1713320283149518,10.32691821048643,0,0,-6.68248987197876,-2.191190481185913,-0.37709730863571167,-0.017294449731707573,0.0114652831107378,0.02897091582417488,nan,nan,nan,-0.030427323654294014,-0.006948666647076607,-3.137193441390991,-0.0002066587912850082,3135,,nan,24.486,0.97,93,4,23,0.66,895,0.012679721228778362,0.0007170183816924691,0.021603817120194435,1500,1500,1418,1498,1897,1500,1897,1115
1783462083.1048,6.7801,0.01945,51.41,340,3247401,0.800,AUTOTUNE,AUTOTUNE,128,3.390044689178467,0.0,10.0,0.5,0.0,0.0,nan,nan,nan,nan,nan,nan,nan,nan,nan,nan,10.969138855387069,2.1689435541235067,10.330388692273104,0,0,-6.683099746704102,-2.1901652812957764,-0.3783368468284607,-0.0173026192933321,0.01225236989557743,0.02768287993967533,nan,nan,nan,-0.030436957255005836,-0.006941130384802818,-3.13718843460083,6.114013376645744e-05,3135,,nan,24.486,0.97,93,4,23,0.66,895,0.013558108359575272,0.0014759345212951303,0.033977389335632324,1500,1500,1418,1498,1897,1500,1897,1115
1783462083.1251,6.8003,0.02031,49.24,341,3247423,0.821,AUTOTUNE,AUTOTUNE,128,3.400125741958618,0.0,10.0,0.5,0.0,0.0,nan,nan,nan,nan,nan,nan,nan,nan,nan,nan,10.979765230832658,2.1674219764836926,10.331764294908101,0,0,-6.68361759185791,-2.1895055770874023,-0.37857168912887573,-0.0173184834420681,0.012749972753226757,0.02702426165342331,nan,nan,nan,-0.03043678030371666,-0.006938580423593521,-3.137179136276245,0.0005080241826362908,3135,,nan,24.486,0.97,93,4,23,0.66,895,0.013558108359575272,0.0014759345212951303,0.033977389335632324,1500,1500,1418,1498,1897,1500,1897,1115
1783462083.1451,6.8204,0.02003,49.92,342,3247441,0.841,AUTOTUNE,AUTOTUNE,128,3.4101803302764893,0.0,10.0,0.5,0.0,0.0,nan,nan,nan,nan,nan,nan,nan,nan,nan,nan,10.990052271203385,2.162470684780748,10.334634493706263,0,0,-6.684256076812744,-2.1873972415924072,-0.37959545850753784,-0.017084060236811638,0.014391354285180569,0.02595822513103485,nan,nan,nan,-0.0304389838129282,-0.006935076788067818,-3.1371753215789795,8.688594971317798e-05,3135,,nan,24.486,0.97,93,4,23,0.66,895,0.013558108359575272,0.0014759345212951303,0.033977389335632324,1500,1500,1418,1498,1897,1500,1897,1115
1783462083.1652,6.8405,0.02011,49.72,343,3247463,0.861,AUTOTUNE,AUTOTUNE,128,3.4202369451522827,0.0,10.0,0.5,0.0,0.0,nan,nan,nan,nan,nan,nan,nan,nan,nan,nan,10.999641173260608,2.1574167326841334,10.33704524531697,0,0,-6.68492317199707,-2.185323476791382,-0.38039666414260864,-0.016428878530859947,0.016111966222524643,0.025028953328728676,nan,nan,nan,-0.03043883480131626,-0.006938092410564423,-3.137187957763672,-0.0005885743303224444,3135,,nan,24.486,0.97,93,4,23,0.66,895,0.013558108359575272,0.0014759345212951303,0.033977389335632324,1500,1500,1418,1498,1897,1500,1897,1115
1783462083.1853,6.8604,0.02006,49.84,344,3247481,0.881,AUTOTUNE,AUTOTUNE,128,3.4301857948303223,0.0,10.0,0.5,0.0,0.0,nan,nan,nan,nan,nan,nan,nan,nan,nan,nan,11.009880400811047,2.155126788109852,10.33771262526402,0,0,-6.685343265533447,-2.1842105388641357,-0.3806111216545105,-0.016353987157344818,0.016791511327028275,0.02476745843887329,nan,nan,nan,-0.030431510880589485,-0.006933102384209633,-3.137188673019409,-0.00040521041955798864,3135,,nan,24.486,0.97,93,4,23,0.66,895,0.013558108359575272,0.0014759345212951303,0.033977389335632324,1500,1500,1418,1498,1897,1500,1897,1115
1783462083.2054,6.8804,0.02015,49.62,345,3247501,0.901,AUTOTUNE,AUTOTUNE,128,3.440187454223633,0.0,10.0,0.5,0.0,0.0,nan,nan,nan,nan,nan,nan,nan,nan,nan,nan,11.019734025379686,2.1506677909596643,10.339968348525812,0,0,-6.685899257659912,-2.1822972297668457,-0.3813738226890564,-0.01594751700758934,0.018261265009641647,0.02390546165406704,nan,nan,nan,-0.03042265772819519,-0.006921965628862381,-3.137194871902466,-0.00021068906062282622,3135,,nan,24.486,0.97,93,4,23,0.66,895,0.013558108359575272,0.0014759345212951303,0.033977389335632324,1500,1500,1418,1498,1897,1500,1897,1115
1783462083.2254,6.9005,0.02002,49.96,346,3247523,0.921,AUTOTUNE,AUTOTUNE,128,3.450234055519104,0.0,10.0,0.5,0.0,0.0,nan,nan,nan,nan,nan,nan,nan,nan,nan,nan,11.03026428126391,2.147401143339448,10.340724316333425,0,0,-6.686361312866211,-2.1811323165893555,-0.3814370036125183,-0.01595998741686344,0.019474701955914497,0.023505480960011482,nan,nan,nan,-0.030422817915678024,-0.006924748420715332,-3.137190103530884,9.585555380908772e-05,3135,,nan,24.486,0.97,93,4,23,0.66,895,0.013558108359575272,0.0014759345212951303,0.033977389335632324,1500,1500,1418,1498,1897,1500,1897,1115
1783462083.2454,6.9204,0.01999,50.03,347,3247541,0.941,AUTOTUNE,AUTOTUNE,128,3.4601964950561523,0.0,10.0,0.5,0.0,0.0,nan,nan,nan,nan,nan,nan,nan,nan,nan,nan,11.039868998153542,2.143413312620221,10.342168848556208,0,0,-6.68681001663208,-2.179377794265747,-0.38206952810287476,-0.015494396910071373,0.020764103159308434,0.023036668077111244,nan,nan,nan,-0.030418282374739647,-0.006914947181940079,-3.137194871902466,-0.00028038385789841413,3135,,nan,24.486,0.97,93,4,23,0.66,895,0.013558108359575272,0.0014759345212951303,0.033977389335632324,1500,1500,1418,1498,1897,1500,1897,1115
1783462083.2653,6.9404,0.01988,50.31,348,3247563,0.961,AUTOTUNE,AUTOTUNE,128,3.470186710357666,0.0,10.0,0.5,0.0,0.0,nan,nan,nan,nan,nan,nan,nan,nan,nan,nan,11.049840449271837,2.13920432392018,10.343080802574251,0,0,-6.687297344207764,-2.177596092224121,-0.38242870569229126,-0.015202204696834087,0.02216549776494503,0.022717522457242012,nan,nan,nan,-0.03042805753648281,-0.006907081231474876,-3.1371989250183105,-0.00012598265311680734,3135,,nan,24.486,0.97,93,4,23,0.66,895,0.013558108359575272,0.0014759345212951303,0.033977389335632324,1500,1500,1418,1498,1897,1500,1897,1115
1783462083.2852,6.9604,0.01985,50.37,349,3247581,0.981,AUTOTUNE,AUTOTUNE,128,3.4801881313323975,0.0,10.0,0.5,0.0,0.0,nan,nan,nan,nan,nan,nan,nan,nan,nan,nan,11.059854602278293,2.137169186692217,10.343451241976684,0,0,-6.687626838684082,-2.1765799522399902,-0.38244229555130005,-0.01501932181417942,0.022753816097974777,0.022511495277285576,nan,nan,nan,-0.03042422980070114,-0.00690048560500145,-3.137211322784424,-0.0006092448020353913,3135,,nan,24.486,0.97,93,4,23,0.66,895,0.013558108359575272,0.0014759345212951303,0.033977389335632324,1500,1500,1418,1498,1897,1500,1897,1115
1783462083.3067,6.9804,0.02151,46.49,350,3247606,0.002,AUTOTUNE,AUTOTUNE,128,3.4901872873306274,0.0,10.0,0.5,0.0,0.0,nan,nan,nan,nan,nan,nan,nan,nan,nan,nan,11.069925874287904,2.1333362300996597,10.34461626354427,0,0,-6.6881022453308105,-2.1748201847076416,-0.38267773389816284,-0.014786481857299805,0.023950772359967232,0.021974800154566765,nan,nan,nan,-0.03042512945830822,-0.0069063883274793625,-3.137206792831421,7.601091056130826e-05,3135,,nan,24.493,0.98,93,4,23,0.66,895,0.013558108359575272,0.0014759345212951303,0.033977389335632324,1500,1500,1418,1498,1897,1500,1897,1115
1783462083.3254,7.0004,0.01872,53.41,351,3247621,0.021,AUTOTUNE,AUTOTUNE,128,3.500177502632141,0.0,10.0,0.5,0.0,0.0,nan,nan,nan,nan,nan,nan,nan,nan,nan,nan,11.080268183148556,2.131550764113928,10.345560652690791,0,0,-6.688365936279297,-2.173900842666626,-0.3827299475669861,-0.014837521128356457,0.02445082925260067,0.021459702402353287,nan,nan,nan,-0.030420130118727684,-0.006906347349286079,-3.1372110843658447,-0.00010326350457035005,3135,,nan,24.493,0.98,93,4,23,0.66,895,0.013540900312364101,0.00733071519061923,0.017000485211610794,1500,1500,1418,1498,1897,1500,1897,1115
1783462083.3453,7.0204,0.01990,50.26,352,3247641,0.041,AUTOTUNE,AUTOTUNE,128,3.510184645652771,0.0,10.0,0.5,0.0,0.0,nan,nan,nan,nan,nan,nan,nan,nan,nan,nan,11.089404087610585,2.129881949927123,10.349817885893508,0,0,-6.68861198425293,-2.172636032104492,-0.3842087388038635,-0.01419245544821024,0.024684080854058266,0.019855568185448647,nan,nan,nan,-0.030428074300289154,-0.006893588230013847,-3.1372015476226807,0.00047049744171090424,3135,,nan,24.493,0.98,93,4,23,0.66,895,0.013540900312364101,0.00733071519061923,0.017000485211610794,1500,1500,1418,1498,1897,1500,1897,1115
1783462083.3653,7.0404,0.02002,49.95,353,3247661,0.061,AUTOTUNE,AUTOTUNE,128,3.5201929807662964,0.0,10.0,0.5,0.0,0.0,nan,nan,nan,nan,nan,nan,nan,nan,nan,nan,11.098981254129356,2.1283911950089505,10.351511081292186,0,0,-6.688862323760986,-2.1717734336853027,-0.3846915364265442,-0.013798986561596394,0.02504674717783928,0.019156744703650475,nan,nan,nan,-0.030426789075136185,-0.006894374266266823,-3.1372077465057373,-0.00025313341757282615,3135,,nan,24.493,0.98,93,4,23,0.66,895,0.013540900312364101,0.00733071519061923,0.017000485211610794,1500,1500,1418,1498,1897,1500,1897,1115
1783462083.3856,7.0604,0.02034,49.17,354,3247681,0.081,AUTOTUNE,AUTOTUNE,128,3.53017795085907,0.0,10.0,0.5,0.0,0.0,nan,nan,nan,nan,nan,nan,nan,nan,nan,nan,11.108375532771666,2.1265975654393987,10.355086155747632,0,0,-6.689051628112793,-2.170595407485962,-0.385991632938385,-0.0133486557751894,0.025402165949344635,0.01784328557550907,nan,nan,nan,-0.030426423996686935,-0.006888303905725479,-3.1372079849243164,-0.00025111628929153085,3135,,nan,24.493,0.98,93,4,23,0.66,895,0.013540900312364101,0.00733071519061923,0.017000485211610794,1500,1500,1418,1498,1897,1500,1897,1115
1783462083.4053,7.0804,0.01966,50.86,355,3247701,0.101,AUTOTUNE,AUTOTUNE,128,3.5401790142059326,0.0,10.0,0.5,0.0,0.0,nan,nan,nan,nan,nan,nan,nan,nan,nan,nan,11.117578406428185,2.124915032149135,10.358635422198136,0,0,-6.689216136932373,-2.169471025466919,-0.38720160722732544,-0.012792841531336308,0.025724414736032486,0.01649269461631775,nan,nan,nan,-0.030424371361732483,-0.00689350999891758,-3.137223958969116,-0.000664798601064831,3135,,nan,24.493,0.98,93,4,23,0.66,895,0.013540900312364101,0.00733071519061923,0.017000485211610794,1500,1500,1418,1498,1897,1500,1897,1115
1783462083.4255,7.1004,0.02017,49.58,356,3247723,0.121,AUTOTUNE,AUTOTUNE,128,3.5502214431762695,0.0,10.0,0.5,0.0,0.0,nan,nan,nan,nan,nan,nan,nan,nan,nan,nan,11.127287931680327,2.1230298178661875,10.360183235726188,0,0,-6.689447402954102,-2.168597936630249,-0.3875736594200134,-0.012467117980122566,0.02630876563489437,0.01581386849284172,nan,nan,nan,-0.030418045818805695,-0.006895342841744423,-3.1372244358062744,-0.00038119361852295697,3135,,nan,24.493,0.98,93,4,23,0.66,895,0.013540900312364101,0.00733071519061923,0.017000485211610794,1500,1500,1418,1498,1897,1500,1897,1115
1783462083.4453,7.1204,0.01979,50.52,357,3247741,0.141,AUTOTUNE,AUTOTUNE,128,3.560179114341736,0.0,10.0,0.5,0.0,0.0,nan,nan,nan,nan,nan,nan,nan,nan,nan,nan,11.136291189617358,2.1214125987956796,10.362961623665466,0,0,-6.689540863037109,-2.1676058769226074,-0.3887318968772888,-0.011862128041684628,0.02666970156133175,0.014878474175930023,nan,nan,nan,-0.030411554500460625,-0.00689498707652092,-3.1372182369232178,2.2112115402705967e-05,3135,,nan,24.493,0.98,93,4,23,0.66,895,0.013540900312364101,0.00733071519061923,0.017000485211610794,1500,1500,1418,1498,1897,1500,1897,1115
1783462083.4650,7.1404,0.01971,50.75,358,3247763,0.161,AUTOTUNE,AUTOTUNE,128,3.5702096223831177,0.0,10.0,0.5,0.0,0.0,nan,nan,nan,nan,nan,nan,nan,nan,nan,nan,11.146019763345468,2.119634075753502,10.366064903262915,0,0,-6.689673900604248,-2.166530132293701,-0.38976210355758667,-0.011610996909439564,0.027075450867414474,0.013681584969162941,nan,nan,nan,-0.03040810488164425,-0.006903737783432007,-3.1372129917144775,0.0001431230193702504,3135,,nan,24.493,0.98,93,4,23,0.66,895,0.013540900312364101,0.00733071519061923,0.017000485211610794,1500,1500,1418,1498,1897,1500,1897,1115
1783462083.4850,7.1604,0.02005,49.88,359,3247781,0.181,AUTOTUNE,AUTOTUNE,128,3.580192446708679,0.0,10.0,0.5,0.0,0.0,nan,nan,nan,nan,nan,nan,nan,nan,nan,nan,11.155667757476808,2.118473109597345,10.367407761266247,0,0,-6.689809322357178,-2.165830612182617,-0.3901655077934265,-0.011339496821165085,0.027341866865754128,0.013139191083610058,nan,nan,nan,-0.0304024089127779,-0.006895555183291435,-3.1372127532958984,-5.484513530973345e-05,3135,,nan,24.493,0.98,93,4,23,0.66,895,0.013540900312364101,0.00733071519061923,0.017000485211610794,1500,1500,1418,1498,1897,1500,1897,1115
1783462083.5051,7.1804,0.02007,49.83,360,3247801,0.201,AUTOTUNE,AUTOTUNE,128,3.5901920795440674,0.0,10.0,0.5,0.0,0.0,nan,nan,nan,nan,nan,nan,nan,nan,nan,nan,11.165017633004204,2.1174296764555454,10.371507605135864,0,0,-6.690054416656494,-2.164883852005005,-0.39177244901657104,-0.01082285400480032,0.027397681027650833,0.011699913069605827,nan,nan,nan,-0.03041052259504795,-0.006900152191519737,-3.1372036933898926,0.00022212398471310735,3135,,nan,24.493,0.98,93,4,23,0.66,895,0.012741622515022755,0.0015510296216234565,0.02447347342967987,1500,1500,1418,1498,1897,1500,1897,1115
1783462083.5250,7.2003,0.01994,50.14,361,3247823,0.221,AUTOTUNE,AUTOTUNE,128,3.60016131401062,0.0,10.0,0.5,0.0,0.0,nan,nan,nan,nan,nan,nan,nan,nan,nan,nan,11.17527399673969,2.1164009249762015,10.374130420680846,0,0,-6.690375804901123,-2.1640987396240234,-0.39272540807724,-0.010803074575960636,0.027538346126675606,0.010735820978879929,nan,nan,nan,-0.0304205771535635,-0.006903097033500671,-3.1372225284576416,-0.0009514025878161192,3135,,nan,24.493,0.98,93,4,23,0.66,895,0.012741622515022755,0.0015510296216234565,0.02447347342967987,1500,1500,1418,1498,1897,1500,1897,1115
1783462083.5454,7.2205,0.02040,49.03,362,3247841,0.241,AUTOTUNE,AUTOTUNE,128,3.610234260559082,0.0,10.0,0.5,0.0,0.0,nan,nan,nan,nan,nan,nan,nan,nan,nan,nan,11.185199566862002,2.115787124591379,10.379433622180013,0,0,-6.690697193145752,-2.1633152961730957,-0.39482325315475464,-0.010532433167099953,0.027440402656793594,0.008885207585990429,nan,nan,nan,-0.030417222529649734,-0.006905285641551018,-3.1372201442718506,-0.0003264873812440783,3135,,nan,24.493,0.98,93,4,23,0.66,895,0.012741622515022755,0.0015510296216234565,0.02447347342967987,1500,1500,1418,1498,1897,1500,1897,1115
1783462083.5652,7.2404,0.01979,50.53,363,3247861,0.261,AUTOTUNE,AUTOTUNE,128,3.620200753211975,0.0,10.0,0.5,0.0,0.0,nan,nan,nan,nan,nan,nan,nan,nan,nan,nan,11.194990365813572,2.1145923180129134,10.3819980677939,0,0,-6.690962791442871,-2.162626028060913,-0.395720899105072,-0.010277653113007545,0.027732275426387787,0.007922880351543427,nan,nan,nan,-0.030407827347517014,-0.006904527544975281,-3.1372170448303223,0.00011851366434711963,3135,,nan,24.493,0.98,93,4,23,0.66,895,0.012741622515022755,0.0015510296216234565,0.02447347342967987,1500,1500,1418,1498,1897,1500,1897,1115
1783462083.5851,7.2603,0.01984,50.41,364,3247881,0.281,AUTOTUNE,AUTOTUNE,128,3.630128860473633,0.0,10.0,0.5,0.0,0.0,nan,nan,nan,nan,nan,nan,nan,nan,nan,nan,11.204581192442353,2.1136103278979186,10.38662352799813,0,0,-6.691256999969482,-2.1618330478668213,-0.39761000871658325,-0.009913062676787376,0.02784140035510063,0.006343047600239515,nan,nan,nan,-0.030409839004278183,-0.006896685808897018,-3.137213945388794,7.854323484934866e-06,3135,,nan,24.493,0.98,93,4,23,0.66,895,0.012741622515022755,0.0015510296216234565,0.02447347342967987,1500,1500,1418,1498,1897,1500,1897,1115
1783462083.6055,7.2805,0.02048,48.83,365,3247901,0.301,AUTOTUNE,AUTOTUNE,128,3.640235662460327,0.0,10.0,0.5,0.0,0.0,nan,nan,nan,nan,nan,nan,nan,nan,nan,nan,11.21486462005206,2.11291448215178,10.39107841508008,0,0,-6.69152307510376,-2.161080837249756,-0.3993898034095764,-0.009861418977379799,0.027808858081698418,0.004798582289367914,nan,nan,nan,-0.03040599450469017,-0.006896398961544037,-3.137199878692627,0.0006177115137688816,3135,,nan,24.493,0.98,93,4,23,0.66,895,0.012741622515022755,0.0015510296216234565,0.02447347342967987,1500,1500,1418,1498,1897,1500,1897,1115
1783462083.6253,7.3004,0.01976,50.60,366,3247923,0.321,AUTOTUNE,AUTOTUNE,128,3.6501948833465576,0.0,10.0,0.5,0.0,0.0,nan,nan,nan,nan,nan,nan,nan,nan,nan,nan,11.224854826430953,2.111858233759168,10.393401230612309,0,0,-6.691763877868652,-2.1603775024414062,-0.40019315481185913,-0.009740280918776989,0.028012612834572792,0.003921319264918566,nan,nan,nan,-0.030394284054636955,-0.006889117881655693,-3.1372108459472656,-0.0003701198729686439,3135,,nan,24.493,0.98,93,4,23,0.66,895,0.012741622515022755,0.0015510296216234565,0.02447347342967987,1500,1500,1418,1498,1897,1500,1897,1115
1783462083.6453,7.3203,0.02000,50.01,367,3247941,0.341,AUTOTUNE,AUTOTUNE,128,3.660170793533325,0.0,10.0,0.5,0.0,0.0,nan,nan,nan,nan,nan,nan,nan,nan,nan,nan,11.234565976622509,2.111254107259936,10.397007893321263,0,0,-6.691967487335205,-2.1597490310668945,-0.4018149971961975,-0.009469867683947086,0.027998557314276695,0.0027753827162086964,nan,nan,nan,-0.030393337830901146,-0.006898313760757446,-3.1372170448303223,-0.0005234002601355314,3135,,nan,24.493,0.98,93,4,23,0.66,895,0.012741622515022755,0.0015510296216234565,0.02447347342967987,1500,1500,1418,1498,1897,1500,1897,1115
1783462083.6648,7.3402,0.01950,51.27,368,3247963,0.360,AUTOTUNE,AUTOTUNE,128,3.6700961589813232,0.0,10.0,0.5,0.0,0.0,nan,nan,nan,nan,nan,nan,nan,nan,nan,nan,11.24452007551681,2.1103041917799317,10.400537727428027,0,0,-6.692193984985352,-2.1590235233306885,-0.4033002257347107,-0.009355688467621803,0.028128119185566902,0.0015949291409924626,nan,nan,nan,-0.0304001085460186,-0.00690065324306488,-3.137218952178955,-0.00029696160345338285,3135,,nan,24.493,0.98,93,4,23,0.66,895,0.012741622515022755,0.0015510296216234565,0.02447347342967987,1500,1500,1418,1498,1897,1500,1897,1115
1783462083.6852,7.3604,0.02038,49.06,369,3247981,0.381,AUTOTUNE,AUTOTUNE,128,3.6801759004592896,0.0,10.0,0.5,0.0,0.0,nan,nan,nan,nan,nan,nan,nan,nan,nan,nan,11.254154595094171,2.1095168735341803,10.402339416145072,0,0,-6.69235897064209,-2.1584854125976562,-0.40400761365890503,-0.009003384970128536,0.028271999210119247,0.0009631342836655676,nan,nan,nan,-0.03039970062673092,-0.006903262808918953,-3.137230396270752,-0.0003278382064308971,3135,,nan,24.493,0.98,93,4,23,0.66,895,0.012741622515022755,0.0015510296216234565,0.02447347342967987,1500,1500,1418,1498,1897,1500,1897,1115
1783462083.7054,7.3804,0.02025,49.38,370,3248001,0.401,AUTOTUNE,AUTOTUNE,128,3.6901772022247314,0.0,10.0,0.5,0.0,0.0,nan,nan,nan,nan,nan,nan,nan,nan,nan,nan,11.263988991925142,2.1077663909219515,10.4049770352107,0,0,-6.692707061767578,-2.1572906970977783,-0.405148446559906,-0.008706051856279373,0.028592871502041817,9.896438859868795e-05,nan,nan,nan,-0.03039267286658287,-0.006891345605254173,-3.1372201442718506,0.00020772378775291145,3135,,nan,24.493,0.98,93,4,23,0.66,895,0.013660726137459278,0.002309290459379554,0.018173756077885628,1500,1500,1418,1498,1897,1500,1897,1115
1783462083.7250,7.4004,0.01957,51.09,371,3248023,0.421,AUTOTUNE,AUTOTUNE,128,3.700194835662842,0.0,10.0,0.5,0.0,0.0,nan,nan,nan,nan,nan,nan,nan,nan,nan,nan,11.274132388748907,2.105824766802975,10.405851497924633,0,0,-6.693061828613281,-2.156064033508301,-0.40557926893234253,-0.008573836646974087,0.02900565415620804,-0.00015717148198746145,nan,nan,nan,-0.030399063602089882,-0.006877817213535309,-3.1372084617614746,0.0004061075742356479,3135,,nan,24.493,0.98,93,4,23,0.66,895,0.013660726137459278,0.002309290459379554,0.018173756077885628,1500,1500,1418,1498,1897,1500,1897,1115
1783462083.7450,7.4204,0.01994,50.14,372,3248041,0.441,AUTOTUNE,AUTOTUNE,128,3.7101751565933228,0.0,10.0,0.5,0.0,0.0,nan,nan,nan,nan,nan,nan,nan,nan,nan,nan,11.283941169084363,2.10260281077743,10.407949370232949,0,0,-6.693500995635986,-2.1544766426086426,-0.4064181447029114,-0.008221244439482689,0.0299493707716465,-0.0008840534719638526,nan,nan,nan,-0.030397798866033554,-0.006873667240142822,-3.1372203826904297,-0.0005952927167527378,3135,,nan,24.493,0.98,93,4,23,0.66,895,0.013660726137459278,0.002309290459379554,0.018173756077885628,1500,1500,1418,1498,1897,1500,1897,1115
1783462083.7649,7.4403,0.01992,50.19,373,3248063,0.461,AUTOTUNE,AUTOTUNE,128,3.720156669616699,0.0,10.0,0.5,0.0,0.0,nan,nan,nan,nan,nan,nan,nan,nan,nan,nan,11.294008253872496,2.0993818349739297,10.409712506566196,0,0,-6.693942070007324,-2.1528127193450928,-0.4072231650352478,-0.008015994913876057,0.030848335474729538,-0.001437222003005445,nan,nan,nan,-0.030401598662137985,-0.006882112473249435,-3.137211561203003,0.0001716426049824804,3135,,nan,24.493,0.98,93,4,23,0.66,895,0.013660726137459278,0.002309290459379554,0.018173756077885628,1500,1500,1418,1498,1897,1500,1897,1115
1783462083.7852,7.4604,0.02035,49.14,374,3248081,0.481,AUTOTUNE,AUTOTUNE,128,3.7302236557006836,0.0,10.0,0.5,0.0,0.0,nan,nan,nan,nan,nan,nan,nan,nan,nan,nan,11.304097414229444,2.0972130947042165,10.410354138877244,0,0,-6.694197654724121,-2.151813268661499,-0.40761882066726685,-0.00788123533129692,0.03152342513203621,-0.0015792367048561573,nan,nan,nan,-0.030404016375541687,-0.00687439925968647,-3.137209892272949,6.220386421773583e-05,3135,,nan,24.493,0.98,93,4,23,0.66,895,0.013660726137459278,0.002309290459379554,0.018173756077885628,1500,1500,1418,1498,1897,1500,1897,1115
1783462083.8067,7.4805,0.02146,46.59,375,3248106,0.502,AUTOTUNE,AUTOTUNE,128,3.7402405738830566,0.0,10.0,0.5,0.0,0.0,nan,nan,nan,nan,nan,nan,nan,nan,nan,nan,11.313980701356488,2.094429237002872,10.411632787402153,0,0,-6.694604873657227,-2.150163173675537,-0.40835875272750854,-0.007568975444883108,0.03217800334095955,-0.0018902648007497191,nan,nan,nan,-0.030418874695897102,-0.00686882808804512,-3.1372103691101074,-0.0003566662489902228,3135,,nan,24.494,1.01,93,4,23,0.66,895,0.013660726137459278,0.002309290459379554,0.018173756077885628,1500,1500,1418,1498,1897,1500,1897,1115
1783462083.8254,7.5004,0.01870,53.46,376,3248123,0.521,AUTOTUNE,AUTOTUNE,128,3.750186800956726,0.0,10.0,0.5,0.0,0.0,nan,nan,nan,nan,nan,nan,nan,nan,nan,nan,11.32425776743292,2.0923645682739207,10.412412273093238,0,0,-6.694835186004639,-2.1491870880126953,-0.4087222218513489,-0.00762701453641057,0.03280649706721306,-0.0021304520778357983,nan,nan,nan,-0.030411969870328903,-0.006860721856355667,-3.1372170448303223,-0.0003014664398506284,3135,,nan,24.494,1.01,93,4,23,0.66,895,0.013660726137459278,0.002309290459379554,0.018173756077885628,1500,1500,1418,1498,1897,1500,1897,1115
1783462083.8452,7.5204,0.01981,50.49,377,3248141,0.541,AUTOTUNE,AUTOTUNE,128,3.760183572769165,0.0,10.0,0.5,0.0,0.0,nan,nan,nan,nan,nan,nan,nan,nan,nan,nan,11.33404026000342,2.0898435563177973,10.413511526736919,0,0,-6.695137023925781,-2.1478631496429443,-0.40934497117996216,-0.007329034153372049,0.03349762782454491,-0.0024055619724094868,nan,nan,nan,-0.030410893261432648,-0.006857678294181824,-3.13722825050354,-0.0005481321713887155,3135,,nan,24.494,1.01,93,4,23,0.66,895,0.013660726137459278,0.002309290459379554,0.018173756077885628,1500,1500,1418,1498,1897,1500,1897,1115
1783462083.8652,7.5403,0.01999,50.03,378,3248163,0.561,AUTOTUNE,AUTOTUNE,128,3.7701616287231445,0.0,10.0,0.5,0.0,0.0,nan,nan,nan,nan,nan,nan,nan,nan,nan,nan,11.34416058040495,2.0871585018786147,10.41490489335264,0,0,-6.6954522132873535,-2.146416664123535,-0.40990668535232544,-0.007229195907711983,0.03421271592378616,-0.0028857167344540358,nan,nan,nan,-0.030410978943109512,-0.0068495068699121475,-3.1372222900390625,-0.00012899671855848283,3135,,nan,24.494,1.01,93,4,23,0.66,895,0.013660726137459278,0.002309290459379554,0.018173756077885628,1500,1500,1418,1498,1897,1500,1897,1115
1783462083.8852,7.5604,0.02003,49.92,379,3248181,0.581,AUTOTUNE,AUTOTUNE,128,3.7801767587661743,0.0,10.0,0.5,0.0,0.0,nan,nan,nan,nan,nan,nan,nan,nan,nan,nan,11.35443157934332,2.085486970952343,10.415773828938278,0,0,-6.695646286010742,-2.145498275756836,-0.41019338369369507,-0.007264873944222927,0.03464754298329353,-0.0032218715641647577,nan,nan,nan,-0.03041212633252144,-0.0068445391952991486,-3.1372225284576416,-6.234175089048222e-06,3135,,nan,24.494,1.01,93,4,23,0.66,895,0.013660726137459278,0.002309290459379554,0.018173756077885628,1500,1500,1418,1498,1897,1500,1897,1115
1783462083.9055,7.5804,0.02025,49.37,380,3248201,0.601,AUTOTUNE,AUTOTUNE,128,3.7901822328567505,0.0,10.0,0.5,0.0,0.0,nan,nan,nan,nan,nan,nan,nan,nan,nan,nan,11.36440035960911,2.0833560437468557,10.416683138590761,0,0,-6.695914268493652,-2.1441943645477295,-0.4106941819190979,-0.007088968995958567,0.035125020891427994,-0.0034577257465571165,nan,nan,nan,-0.030405012890696526,-0.0068460628390312195,-3.137223720550537,-7.937024929560721e-05,3135,,nan,24.494,1.01,93,4,23,0.66,895,0.013660726137459278,0.002151628490537405,0.018173756077885628,1500,1500,1418,1498,1897,1500,1897,1115
1783462083.9254,7.6004,0.01991,50.24,381,3248201,0.621,AUTOTUNE,AUTOTUNE,128,3.8002054691314697,0.0,10.0,0.5,0.0,0.0,nan,nan,nan,nan,nan,nan,nan,nan,nan,nan,11.37442359588383,2.0833560437468557,10.416683138590761,0,0,-6.695914268493652,-2.1441943645477295,-0.4106941819190979,-0.007088968995958567,0.035125020891427994,-0.0034577257465571165,nan,nan,nan,-0.03041016310453415,-0.006835540756583214,-3.1372246742248535,-0.0002396213822066784,3135,,nan,24.494,1.01,93,4,23,0.66,895,0.013660726137459278,0.002151628490537405,0.018173756077885628,1500,1500,1418,1498,1897,1500,1897,1115
1783462083.9452,7.6203,0.01981,50.49,382,3248241,0.641,AUTOTUNE,AUTOTUNE,128,3.810166358947754,0.0,10.0,0.5,0.0,0.0,nan,nan,nan,nan,nan,nan,nan,nan,nan,nan,11.383954402073394,2.0792904540381203,10.421035842893245,0,0,-6.696407318115234,-2.142075300216675,-0.4125135540962219,-0.006555997766554356,0.03624884784221649,-0.004920345731079578,nan,nan,nan,-0.03041861578822136,-0.006830105558037758,-3.137218475341797,0.0001413677236996591,3135,,nan,24.494,1.01,93,4,23,0.66,895,0.013660726137459278,0.002151628490537405,0.018173756077885628,1500,1500,1418,1498,1897,1500,1897,1115
1783462083.9651,7.6402,0.01992,50.19,383,3248261,0.661,AUTOTUNE,AUTOTUNE,128,3.8201123476028442,0.0,10.0,0.5,0.0,0.0,nan,nan,nan,nan,nan,nan,nan,nan,nan,nan,11.393686343281825,2.0781452429211082,10.42289363518075,0,0,-6.696608543395996,-2.1411678791046143,-0.4133031964302063,-0.006316239945590496,0.03638613596558571,-0.005537042394280434,nan,nan,nan,-0.030421603471040726,-0.006825430318713188,-3.137216091156006,5.74885998503305e-05,3135,,nan,24.494,1.01,93,4,23,0.66,895,0.013660726137459278,0.002151628490537405,0.018173756077885628,1500,1500,1418,1498,1897,1500,1897,1115
1783462083.9853,7.6605,0.02018,49.55,384,3248281,0.681,AUTOTUNE,AUTOTUNE,128,3.8302277326583862,0.0,10.0,0.5,0.0,0.0,nan,nan,nan,nan,nan,nan,nan,nan,nan,nan,11.40375772682342,2.0766123895073885,10.42580165921642,0,0,-6.696859359741211,-2.1400887966156006,-0.41471487283706665,-0.006146026775240898,0.03664812073111534,-0.006400959100574255,nan,nan,nan,-0.030420152470469475,-0.006823236122727394,-3.137208938598633,0.0003542999620549381,3135,,nan,24.494,1.01,93,4,23,0.66,895,0.013660726137459278,0.002151628490537405,0.018173756077885628,1500,1500,1418,1498,1897,1500,1897,1115
1783462084.0053,7.6804,0.01995,50.13,385,3248301,0.701,AUTOTUNE,AUTOTUNE,128,3.8402098417282104,0.0,10.0,0.5,0.0,0.0,nan,nan,nan,nan,nan,nan,nan,nan,nan,nan,11.413297092857384,2.074877148929021,10.428848023628241,0,0,-6.697082996368408,-2.1390540599823,-0.416037380695343,-0.005761292297393084,0.03705255687236786,-0.0073962281458079815,nan,nan,nan,-0.030418837442994118,-0.006829576566815376,-3.1372129917144775,-0.00013841116742696613,3135,,nan,24.494,1.01,93,4,23,0.66,895,0.013660726137459278,0.002151628490537405,0.018173756077885628,1500,1500,1418,1498,1897,1500,1897,1115
1783462084.0251,7.7004,0.01989,50.27,386,3248323,0.721,AUTOTUNE,AUTOTUNE,128,3.850186824798584,0.0,10.0,0.5,0.0,0.0,nan,nan,nan,nan,nan,nan,nan,nan,nan,nan,11.42321555631003,2.073336696687915,10.43045746913107,0,0,-6.697257041931152,-2.1380743980407715,-0.41676801443099976,-0.005627020727843046,0.03737632930278778,-0.007903610356152058,nan,nan,nan,-0.030417921021580696,-0.006829814985394478,-3.1372082233428955,-5.382776726037264e-05,3135,,nan,24.494,1.01,93,4,23,0.66,895,0.013660726137459278,0.002151628490537405,0.018173756077885628,1500,1500,1418,1498,1897,1500,1897,1115
1783462084.0454,7.7205,0.02027,49.34,387,3248341,0.741,AUTOTUNE,AUTOTUNE,128,3.8602354526519775,0.0,10.0,0.5,0.0,0.0,nan,nan,nan,nan,nan,nan,nan,nan,nan,nan,11.432913832337347,2.0717378876349155,10.433194639922322,0,0,-6.697428226470947,-2.1371726989746094,-0.41791969537734985,-0.005325911566615105,0.03777880594134331,-0.008818993344902992,nan,nan,nan,-0.03041655570268631,-0.0068183280527591705,-3.1372101306915283,-0.00016834893904160708,3135,,nan,24.494,1.01,93,4,23,0.66,895,0.013660726137459278,0.002151628490537405,0.018173756077885628,1500,1500,1418,1498,1897,1500,1897,1115
1783462084.0652,7.7404,0.01975,50.64,388,3248361,0.761,AUTOTUNE,AUTOTUNE,128,3.8702129125595093,0.0,10.0,0.5,0.0,0.0,nan,nan,nan,nan,nan,nan,nan,nan,nan,nan,11.442684704983066,2.070612374128225,10.434332112005196,0,0,-6.697566032409668,-2.1363000869750977,-0.41855257749557495,-0.005127076059579849,0.03792481869459152,-0.00911031849682331,nan,nan,nan,-0.03041018359363079,-0.006820447742938995,-3.1372103691101074,-9.676824265625328e-05,3135,,nan,24.494,1.01,93,4,23,0.66,895,0.013660726137459278,0.002151628490537405,0.018173756077885628,1500,1500,1418,1498,1897,1500,1897,1115
1783462084.0853,7.7604,0.02016,49.59,389,3248381,0.781,AUTOTUNE,AUTOTUNE,128,3.8802247047424316,0.0,10.0,0.5,0.0,0.0,nan,nan,nan,nan,nan,nan,nan,nan,nan,nan,11.452693835164036,2.0689932949600474,10.436437891223612,0,0,-6.697717189788818,-2.135347843170166,-0.41958945989608765,-0.005038268398493528,0.038309816271066666,-0.009727446362376213,nan,nan,nan,-0.03041302226483822,-0.006813185289502144,-3.1371984481811523,0.0004677766701206565,3135,,nan,24.494,1.01,93,4,23,0.66,895,0.013660726137459278,0.002151628490537405,0.018173756077885628,1500,1500,1418,1498,1897,1500,1897,1115
1783462084.1052,7.7804,0.01993,50.19,390,3248401,0.801,AUTOTUNE,AUTOTUNE,128,3.890193462371826,0.0,10.0,0.5,0.0,0.0,nan,nan,nan,nan,nan,nan,nan,nan,nan,nan,11.462198141134772,2.0672451439020687,10.438358395050589,0,0,-6.69785213470459,-2.134408712387085,-0.42057329416275024,-0.004692206624895334,0.038776904344558716,-0.01026823278516531,nan,nan,nan,-0.030420774593949318,-0.0068062059581279755,-3.1371958255767822,0.00021945382468402386,3135,,nan,24.494,1.01,93,4,23,0.66,895,0.012614824809134007,0.00316784530878067,0.022619502618908882,1500,1500,1418,1498,1897,1500,1897,1115
1783462084.1249,7.8003,0.01963,50.95,391,3248423,0.821,AUTOTUNE,AUTOTUNE,128,3.9001684188842773,0.0,10.0,0.5,0.0,0.0,nan,nan,nan,nan,nan,nan,nan,nan,nan,nan,11.472240777993932,2.0660029932154975,10.439670249665301,0,0,-6.697973251342773,-2.1334619522094727,-0.4211795926094055,-0.004661355167627335,0.0389474481344223,-0.010675585828721523,nan,nan,nan,-0.030415676534175873,-0.006810765713453293,-3.1371970176696777,-0.00019369258370716125,3135,,nan,24.494,1.01,93,4,23,0.66,895,0.012614824809134007,0.00316784530878067,0.022619502618908882,1500,1500,1418,1498,1897,1500,1897,1115
1783462084.1452,7.8204,0.02037,49.10,392,3248441,0.841,AUTOTUNE,AUTOTUNE,128,3.910182476043701,0.0,10.0,0.5,0.0,0.0,nan,nan,nan,nan,nan,nan,nan,nan,nan,nan,11.48232171730343,2.065121050635694,10.44074303694624,0,0,-6.6982197761535645,-2.1326377391815186,-0.4217075705528259,-0.004557638429105282,0.03898077830672264,-0.01099013164639473,nan,nan,nan,-0.030410919338464737,-0.006806429475545883,-3.137204885482788,-0.0005044822464697063,3135,,nan,24.494,1.01,93,4,23,0.66,895,0.012614824809134007,0.00316784530878067,0.022619502618908882,1500,1500,1418,1498,1897,1500,1897,1115
1783462084.1649,7.8403,0.01964,50.91,393,3248463,0.861,AUTOTUNE,AUTOTUNE,128,3.920168161392212,0.0,10.0,0.5,0.0,0.0,nan,nan,nan,nan,nan,nan,nan,nan,nan,nan,11.492165645037497,2.0639150677891975,10.44194689513578,0,0,-6.698461532592773,-2.131655693054199,-0.4222570061683655,-0.004336216486990452,0.03911006823182106,-0.011367962695658207,nan,nan,nan,-0.030404359102249146,-0.006792312487959862,-3.137209892272949,-0.00020053255138918757,3135,,nan,24.494,1.01,93,4,23,0.66,895,0.012614824809134007,0.00316784530878067,0.022619502618908882,1500,1500,1418,1498,1897,1500,1897,1115
1783462084.1853,7.8604,0.02037,49.09,394,3248481,0.881,AUTOTUNE,AUTOTUNE,128,3.93018114566803,0.0,10.0,0.5,0.0,0.0,nan,nan,nan,nan,nan,nan,nan,nan,nan,nan,11.502001649659062,2.0633419630449774,10.442778500447004,0,0,-6.698599338531494,-2.1309080123901367,-0.42260438203811646,-0.004154474940150976,0.039009276777505875,-0.011647532694041729,nan,nan,nan,-0.030410390347242355,-0.0067995283752679825,-3.137212038040161,-0.0002581073495093733,3135,,nan,24.494,1.01,93,4,23,0.66,895,0.012614824809134007,0.00316784530878067,0.022619502618908882,1500,1500,1418,1498,1897,1500,1897,1115
1783462084.2052,7.8805,0.01996,50.09,395,3248501,0.901,AUTOTUNE,AUTOTUNE,128,3.940232515335083,0.0,10.0,0.5,0.0,0.0,nan,nan,nan,nan,nan,nan,nan,nan,nan,nan,11.511679417273292,2.0624713545432516,10.443732698170418,0,0,-6.698784828186035,-2.1300666332244873,-0.42309707403182983,-0.0038316831924021244,0.03902615234255791,-0.011913983151316643,nan,nan,nan,-0.03040427714586258,-0.006804732605814934,-3.1372079849243164,-3.72727336070966e-05,3135,,nan,24.494,1.01,93,4,23,0.66,895,0.012614824809134007,0.00316784530878067,0.022619502618908882,1500,1500,1418,1498,1897,1500,1897,1115
1783462084.2252,7.9004,0.01999,50.03,396,3248523,0.921,AUTOTUNE,AUTOTUNE,128,3.950178623199463,0.0,10.0,0.5,0.0,0.0,nan,nan,nan,nan,nan,nan,nan,nan,nan,nan,11.521194886755618,2.0610800593258163,10.444477357782734,0,0,-6.698912620544434,-2.1291708946228027,-0.4234839081764221,-0.0035092730540782213,0.03931226208806038,-0.012120573781430721,nan,nan,nan,-0.030407890677452087,-0.006811274215579033,-3.137214422225952,-0.00022785634791944176,3135,,nan,24.494,1.01,93,4,23,0.66,895,0.012614824809134007,0.00316784530878067,0.022619502618908882,1500,1500,1418,1498,1897,1500,1897,1115
1783462084.2451,7.9204,0.01993,50.17,397,3248541,0.941,AUTOTUNE,AUTOTUNE,128,3.960215449333191,0.0,10.0,0.5,0.0,0.0,nan,nan,nan,nan,nan,nan,nan,nan,nan,nan,11.531050417224655,2.0604451144853555,10.445225244482003,0,0,-6.699049949645996,-2.1284475326538086,-0.4238496422767639,-0.003325314959511161,0.039261214435100555,-0.012341209687292576,nan,nan,nan,-0.030400753021240234,-0.006812112405896187,-3.137216567993164,-0.00036129503860138357,3135,,nan,24.494,1.01,93,4,23,0.66,895,0.012614824809134007,0.00316784530878067,0.022619502618908882,1500,1500,1418,1498,1897,1500,1897,1115
1783462084.2652,7.9404,0.02009,49.78,398,3248561,0.961,AUTOTUNE,AUTOTUNE,128,3.970185160636902,0.0,10.0,0.5,0.0,0.0,nan,nan,nan,nan,nan,nan,nan,nan,nan,nan,11.540521164346657,2.0592035853789916,10.445529955714818,0,0,-6.6991448402404785,-2.1276626586914062,-0.42412835359573364,-0.002982452744618058,0.0395248644053936,-0.012356220744550228,nan,nan,nan,-0.030400538817048073,-0.00681816041469574,-3.1372389793395996,-0.0010431930422782898,3135,,nan,24.494,1.01,93,4,23,0.66,895,0.012614824809134007,0.00316784530878067,0.022619502618908882,1500,1500,1418,1498,1897,1500,1897,1115
1783462084.2853,7.9604,0.02003,49.91,399,3248581,0.981,AUTOTUNE,AUTOTUNE,128,3.9801868200302124,0.0,10.0,0.5,0.0,0.0,nan,nan,nan,nan,nan,nan,nan,nan,nan,nan,11.550090064918816,2.058486929304827,10.44625459670562,0,0,-6.699256420135498,-2.126875400543213,-0.42443710565567017,-0.002668178640305996,0.03948410227894783,-0.01259633433073759,nan,nan,nan,-0.030402857810258865,-0.006815755739808083,-3.1372499465942383,-0.0007899118936620653,3135,,nan,24.494,1.01,93,4,23,0.66,895,0.012614824809134007,0.00316784530878067,0.022619502618908882,1500,1500,1418,1498,1897,1500,1897,1115
1783462084.3068,7.9804,0.02153,46.45,400,3248606,0.002,AUTOTUNE,AUTOTUNE,128,3.990183472633362,0.0,10.0,0.5,0.0,0.0,nan,nan,nan,nan,nan,nan,nan,nan,nan,nan,11.559634866938238,2.0573263198947354,10.446685598737053,0,0,-6.699358940124512,-2.1259124279022217,-0.42479294538497925,-0.0023481126409024,0.03959820792078972,-0.012639729306101799,nan,nan,nan,-0.030401550233364105,-0.006804225966334343,-3.1372568607330322,-0.000423724006395787,3135,,nan,24.492,0.97,93,4,23,0.66,895,0.012614824809134007,0.00316784530878067,0.022619502618908882,1500,1500,1418,1498,1897,1500,1897,1115
1783462084.3252,8.0004,0.01841,54.31,401,3248621,0.021,AUTOTUNE,AUTOTUNE,128,4.000190258026123,0.0,10.0,0.5,0.0,0.0,nan,nan,nan,nan,nan,nan,nan,nan,nan,nan,11.569328356096033,2.0563812706014533,10.447121953251237,0,0,-6.699407577514648,-2.125339984893799,-0.42499715089797974,-0.0021391501650214195,0.039813332259655,-0.012773760594427586,nan,nan,nan,-0.030405959114432335,-0.006806550547480583,-3.1372625827789307,-0.00045257803867571056,3135,,nan,24.492,0.97,93,4,23,0.66,895,0.012961591593921185,0.004516882821917534,0.01049613393843174,1500,1500,1418,1498,1897,1500,1897,1115
1783462084.3451,8.0204,0.01987,50.33,402,3248641,0.041,AUTOTUNE,AUTOTUNE,128,4.010181188583374,0.0,10.0,0.5,0.0,0.0,nan,nan,nan,nan,nan,nan,nan,nan,nan,nan,11.579798413168218,2.0579331462512527,10.446882470343292,0,0,-6.699860095977783,-2.125413656234741,-0.42484384775161743,-0.002154512330889702,0.038959890604019165,-0.012724004685878754,nan,nan,nan,-0.030409276485443115,-0.006808215752243996,-3.137266159057617,-0.00016107237024698406,3135,,nan,24.492,0.97,93,4,23,0.66,895,0.012961591593921185,0.004516882821917534,0.01049613393843174,1500,1500,1418,1498,1897,1500,1897,1115
1783462084.3653,8.0404,0.02023,49.44,403,3248661,0.061,AUTOTUNE,AUTOTUNE,128,4.02018678188324,0.0,10.0,0.5,0.0,0.0,nan,nan,nan,nan,nan,nan,nan,nan,nan,nan,11.589743548525725,2.058046366445065,10.446744972459314,0,0,-6.700088977813721,-2.12507700920105,-0.42488759756088257,-0.001987461932003498,0.0387001596391201,-0.012619361281394958,nan,nan,nan,-0.03040841966867447,-0.006806014105677605,-3.137282609939575,-0.0008312538848258555,3135,,nan,24.492,0.97,93,4,23,0.66,895,0.012961591593921185,0.004516882821917534,0.01049613393843174,1500,1500,1418,1498,1897,1500,1897,1115
1783462084.3853,8.0604,0.02004,49.89,404,3248681,0.081,AUTOTUNE,AUTOTUNE,128,4.030182242393494,0.0,10.0,0.5,0.0,0.0,nan,nan,nan,nan,nan,nan,nan,nan,nan,nan,11.599887895313843,2.0595976217561587,10.446398702423792,0,0,-6.700477600097656,-2.1251273155212402,-0.4247451424598694,-0.0018490502843633294,0.03783358633518219,-0.012501688674092293,nan,nan,nan,-0.030402090400457382,-0.006809750571846962,-3.1372811794281006,-0.00022864603670313954,3135,,nan,24.492,0.97,93,4,23,0.66,895,0.012961591593921185,0.004516882821917534,0.01049613393843174,1500,1500,1418,1498,1897,1500,1897,1115
1783462084.4053,8.0804,0.01998,50.05,405,3248701,0.101,AUTOTUNE,AUTOTUNE,128,4.040181279182434,0.0,10.0,0.5,0.0,0.0,nan,nan,nan,nan,nan,nan,nan,nan,nan,nan,11.610216414118245,2.060787231581513,10.445907710034621,0,0,-6.700828552246094,-2.125159740447998,-0.4246135354042053,-0.0018366544973105192,0.03716548532247543,-0.012294197455048561,nan,nan,nan,-0.03040940687060356,-0.00680963508784771,-3.1372807025909424,-0.00019267907191533595,3135,,nan,24.492,0.97,93,4,23,0.66,895,0.012961591593921185,0.004516882821917534,0.01049613393843174,1500,1500,1418,1498,1897,1500,1897,1115
1783462084.4251,8.1002,0.01974,50.66,406,3248723,0.121,AUTOTUNE,AUTOTUNE,128,4.050091743469238,0.0,10.0,0.5,0.0,0.0,nan,nan,nan,nan,nan,nan,nan,nan,nan,nan,11.620267293025108,2.060823930073599,10.44602447981003,0,0,-6.701014518737793,-2.1247193813323975,-0.42470186948776245,-0.0018103551119565964,0.03689005598425865,-0.012310614809393883,nan,nan,nan,-0.030411485582590103,-0.0068139806389808655,-3.1372809410095215,-0.00011077558156102896,3135,,nan,24.492,0.97,93,4,23,0.66,895,0.012961591593921185,0.004516882821917534,0.01049613393843174,1500,1500,1418,1498,1897,1500,1897,1115
1783462084.4448,8.1203,0.01976,50.60,407,3248741,0.140,AUTOTUNE,AUTOTUNE,128,4.060171127319336,0.0,10.0,0.5,0.0,0.0,nan,nan,nan,nan,nan,nan,nan,nan,nan,nan,11.630605785547793,2.061978041245058,10.445741954537255,0,0,-6.701314926147461,-2.1248221397399902,-0.4245137572288513,-0.001786511274985969,0.03628305718302727,-0.012256105430424213,nan,nan,nan,-0.030404619872570038,-0.006811821833252907,-3.137270450592041,0.0003689629375003278,3135,,nan,24.492,0.97,93,4,23,0.66,895,0.012961591593921185,0.004516882821917534,0.01049613393843174,1500,1500,1418,1498,1897,1500,1897,1115
1783462084.4654,8.1404,0.02052,48.73,408,3248763,0.161,AUTOTUNE,AUTOTUNE,128,4.070221900939941,0.0,10.0,0.5,0.0,0.0,nan,nan,nan,nan,nan,nan,nan,nan,nan,nan,11.640801209080907,2.0627607163399113,10.445246823322673,0,0,-6.701595783233643,-2.1247308254241943,-0.4243590235710144,-0.0017078720265999436,0.035778459161520004,-0.01205957680940628,nan,nan,nan,-0.030401131138205528,-0.006808482110500336,-3.1372740268707275,-0.00015487171185668558,3135,,nan,24.492,0.97,93,4,23,0.66,895,0.012961591593921185,0.004516882821917534,0.01049613393843174,1500,1500,1418,1498,1897,1500,1897,1115
1783462084.4852,8.1604,0.01988,50.31,409,3248781,0.181,AUTOTUNE,AUTOTUNE,128,4.0802165269851685,0.0,10.0,0.5,0.0,0.0,nan,nan,nan,nan,nan,nan,nan,nan,nan,nan,11.650889685845762,2.0627950516756233,10.44532086985432,0,0,-6.701737880706787,-2.124464750289917,-0.42435985803604126,-0.0016800167504698038,0.035605017095804214,-0.012101845815777779,nan,nan,nan,-0.030395369976758957,-0.006812771782279015,-3.1372721195220947,-2.3693330149399117e-05,3135,,nan,24.492,0.97,93,4,23,0.66,895,0.012961591593921185,0.004516882821917534,0.01049613393843174,1500,1500,1418,1498,1897,1500,1897,1115
1783462084.5055,8.1804,0.02029,49.30,410,3248802,0.201,AUTOTUNE,AUTOTUNE,128,4.090192556381226,0.0,10.0,0.5,0.0,0.0,nan,nan,nan,nan,nan,nan,nan,nan,nan,nan,11.661899741061255,2.0636541091265865,10.44547501605868,0,0,-6.702272415161133,-2.124422311782837,-0.4244607090950012,-0.0019683982245624065,0.03508453816175461,-0.0121326157823205,nan,nan,nan,-0.030394161120057106,-0.006799895316362381,-3.1372663974761963,0.00026827878900803626,3135,,nan,24.492,0.97,93,4,23,0.66,895,0.012961040250957012,0.0026788513641804457,0.01223595067858696,1500,1500,1418,1498,1897,1500,1897,1115
1783462084.5254,8.2004,0.01994,50.16,411,3248823,0.221,AUTOTUNE,AUTOTUNE,128,4.100215435028076,0.0,10.0,0.5,0.0,0.0,nan,nan,nan,nan,nan,nan,nan,nan,nan,nan,11.672657507639608,2.0632976518493384,10.446611295562857,0,0,-6.702693462371826,-2.1239616870880127,-0.42479223012924194,-0.002149594249203801,0.03502439707517624,-0.012597243301570415,nan,nan,nan,-0.030405638739466667,-0.006791090592741966,-3.137270450592041,-0.0002641001483425498,3135,,nan,24.492,0.97,93,4,23,0.66,895,0.012961040250957012,0.0026788513641804457,0.01223595067858696,1500,1500,1418,1498,1897,1500,1897,1115
1783462084.5449,8.2203,0.01942,51.48,412,3248841,0.241,AUTOTUNE,AUTOTUNE,128,4.110165238380432,0.0,10.0,0.5,0.0,0.0,nan,nan,nan,nan,nan,nan,nan,nan,nan,nan,11.6833121961387,2.0643429416072783,10.447486682765627,0,0,-6.703438758850098,-2.1239888668060303,-0.4251245856285095,-0.002126262756064534,0.03443659096956253,-0.012910762801766396,nan,nan,nan,-0.030415385961532593,-0.006793493404984474,-3.1372687816619873,-0.00014327628014143556,3135,,nan,24.492,0.97,93,4,23,0.66,895,0.012961040250957012,0.0026788513641804457,0.01223595067858696,1500,1500,1418,1498,1897,1500,1897,1115
1783462084.5654,8.2404,0.02055,48.66,413,3248861,0.261,AUTOTUNE,AUTOTUNE,128,4.120197892189026,0.0,10.0,0.5,0.0,0.0,nan,nan,nan,nan,nan,nan,nan,nan,nan,nan,11.694084374954208,2.0642292526040076,10.44819118414848,0,0,-6.703815460205078,-2.1236073970794678,-0.42544060945510864,-0.0023357390891760588,0.03428198769688606,-0.013135050423443317,nan,nan,nan,-0.030423656105995178,-0.006792731583118439,-3.137277364730835,-0.0004706509644165635,3135,,nan,24.492,0.97,93,4,23,0.66,895,0.012961040250957012,0.0026788513641804457,0.01223595067858696,1500,1500,1418,1498,1897,1500,1897,1115
1783462084.5848,8.2603,0.01941,51.53,414,3248881,0.280,AUTOTUNE,AUTOTUNE,128,4.130161285400391,0.0,10.0,0.5,0.0,0.0,nan,nan,nan,nan,nan,nan,nan,nan,nan,nan,11.704674478424822,2.065015695791272,10.449343442364889,0,0,-6.7044854164123535,-2.123535394668579,-0.42580145597457886,-0.0023107710294425488,0.033786363899707794,-0.013591972179710865,nan,nan,nan,-0.030406659469008446,-0.006797049194574356,-3.1372714042663574,0.00018933182582259178,3135,,nan,24.492,0.97,93,4,23,0.66,895,0.012961040250957012,0.0026788513641804457,0.01223595067858696,1500,1500,1418,1498,1897,1500,1897,1115
1783462084.6055,8.2805,0.02066,48.41,415,3248901,0.301,AUTOTUNE,AUTOTUNE,128,4.140238523483276,0.0,10.0,0.5,0.0,0.0,nan,nan,nan,nan,nan,nan,nan,nan,nan,nan,11.715689440231648,2.0656921917096183,10.450278195949128,0,0,-6.70510721206665,-2.123452663421631,-0.42614978551864624,-0.002493172185495496,0.033348023891448975,-0.013930544257164001,nan,nan,nan,-0.030393216758966446,-0.006789032369852066,-3.137267589569092,5.054660141468048e-05,3135,,nan,24.492,0.97,93,4,23,0.66,895,0.012961040250957012,0.0026788513641804457,0.01223595067858696,1500,1500,1418,1498,1897,1500,1897,1115
1783462084.6253,8.3003,0.01985,50.38,416,3248921,0.321,AUTOTUNE,AUTOTUNE,128,4.15015983581543,0.0,10.0,0.5,0.0,0.0,nan,nan,nan,nan,nan,nan,nan,nan,nan,nan,11.726015450411523,2.0654596392483406,10.45083412343087,0,0,-6.705423831939697,-2.123093366622925,-0.4264522194862366,-0.0025440240278840065,0.03327484801411629,-0.0140768988057971,nan,nan,nan,-0.030402828007936478,-0.00678643025457859,-3.137258768081665,0.0002538760600145906,3135,,nan,24.492,0.97,93,4,23,0.66,895,0.012961040250957012,0.0026788513641804457,0.01223595067858696,1500,1500,1418,1498,1897,1500,1897,1115
1783462084.6451,8.3203,0.01971,50.73,417,3248941,0.341,AUTOTUNE,AUTOTUNE,128,4.160167098045349,0.0,10.0,0.5,0.0,0.0,nan,nan,nan,nan,nan,nan,nan,nan,nan,nan,11.736889956020159,2.0662156814281496,10.451589022084416,0,0,-6.7059831619262695,-2.123000144958496,-0.42673033475875854,-0.0027217979077249765,0.03278452530503273,-0.014352169819176197,nan,nan,nan,-0.030395373702049255,-0.006787676364183426,-3.137251615524292,0.0003529641544446349,3135,,nan,24.492,0.97,93,4,23,0.66,895,0.012961040250957012,0.0026788513641804457,0.01223595067858696,1500,1500,1418,1498,1897,1500,1897,1115
1783462084.6653,8.3404,0.02027,49.33,418,3248963,0.361,AUTOTUNE,AUTOTUNE,128,4.170179724693298,0.0,10.0,0.5,0.0,0.0,nan,nan,nan,nan,nan,nan,nan,nan,nan,nan,11.747901680898764,2.066474380256236,10.452296035521059,0,0,-6.706511974334717,-2.1228151321411133,-0.4269871115684509,-0.0029933175537735224,0.0325283482670784,-0.014612114056944847,nan,nan,nan,-0.030388429760932922,-0.006783518940210342,-3.1372568607330322,-9.599617624189705e-05,3135,,nan,24.492,0.97,93,4,23,0.66,895,0.012961040250957012,0.0026788513641804457,0.01223595067858696,1500,1500,1418,1498,1897,1500,1897,1115
1783462084.6852,8.3603,0.01991,50.24,419,3248981,0.381,AUTOTUNE,AUTOTUNE,128,4.180154323577881,0.0,10.0,0.5,0.0,0.0,nan,nan,nan,nan,nan,nan,nan,nan,nan,nan,11.75791494854834,2.066597356523828,10.452586548765682,0,0,-6.70678186416626,-2.122512102127075,-0.42721015214920044,-0.0028598220087587833,0.03228239342570305,-0.014651069417595863,nan,nan,nan,-0.03039928711950779,-0.006778143346309662,-3.137253522872925,-2.1296069462550804e-05,3135,,nan,24.492,0.97,93,4,23,0.66,895,0.012961040250957012,0.0026788513641804457,0.01223595067858696,1500,1500,1418,1498,1897,1500,1897,1115
1783462084.7053,8.3804,0.02009,49.78,420,3249001,0.401,AUTOTUNE,AUTOTUNE,128,4.190205454826355,0.0,10.0,0.5,0.0,0.0,nan,nan,nan,nan,nan,nan,nan,nan,nan,nan,11.76869449949324,2.0670810953224508,10.453889536670207,0,0,-6.707399845123291,-2.1223175525665283,-0.427659809589386,-0.002923583844676614,0.031890783458948135,-0.015143739990890026,nan,nan,nan,-0.03039846196770668,-0.006772508844733238,-3.1372592449188232,-0.0004270898934919387,3135,,nan,24.492,0.97,93,4,23,0.66,895,0.013598324730992317,0.0035947237629443407,0.009810256771743298,1500,1500,1418,1498,1897,1500,1897,1115
1783462084.7253,8.4003,0.01998,50.06,421,3249021,0.421,AUTOTUNE,AUTOTUNE,128,4.200173616409302,0.0,10.0,0.5,0.0,0.0,nan,nan,nan,nan,nan,nan,nan,nan,nan,nan,11.779188501026852,2.066654669211537,10.455023900337949,0,0,-6.70779275894165,-2.1218514442443848,-0.42815202474594116,-0.0030003287829458714,0.031867872923612595,-0.015514484606683254,nan,nan,nan,-0.030396178364753723,-0.006765646860003471,-3.137260913848877,-0.00015320451348088682,3135,,nan,24.492,0.97,93,4,23,0.66,895,0.013598324730992317,0.0035947237629443407,0.009810256771743298,1500,1500,1418,1498,1897,1500,1897,1115
1783462084.7454,8.4204,0.02008,49.81,422,3249041,0.441,AUTOTUNE,AUTOTUNE,128,4.210186958312988,0.0,10.0,0.5,0.0,0.0,nan,nan,nan,nan,nan,nan,nan,nan,nan,nan,11.789575540707068,2.0669037768424374,10.45639969014799,0,0,-6.70847749710083,-2.121577262878418,-0.4287775158882141,-0.002820749534294009,0.03156575188040733,-0.015947669744491577,nan,nan,nan,-0.030395399779081345,-0.006761610507965088,-3.1372592449188232,-0.00012356396473478526,3135,,nan,24.492,0.97,93,4,23,0.66,895,0.013598324730992317,0.0035947237629443407,0.009810256771743298,1500,1500,1418,1498,1897,1500,1897,1115
1783462084.7656,8.4405,0.02024,49.40,423,3249063,0.461,AUTOTUNE,AUTOTUNE,128,4.220227956771851,0.0,10.0,0.5,0.0,0.0,nan,nan,nan,nan,nan,nan,nan,nan,nan,nan,11.80097058003408,2.0672995779980288,10.457894346044323,0,0,-6.709122180938721,-2.121217727661133,-0.429399311542511,-0.0032302970066666603,0.031129658222198486,-0.01645161584019661,nan,nan,nan,-0.03039609082043171,-0.006757223978638649,-3.1372439861297607,0.000606452755164355,3135,,nan,24.492,0.97,93,4,23,0.66,895,0.013598324730992317,0.0035947237629443407,0.009810256771743298,1500,1500,1418,1498,1897,1500,1897,1115
1783462084.7851,8.4603,0.01944,51.45,424,3249081,0.481,AUTOTUNE,AUTOTUNE,128,4.230174422264099,0.0,10.0,0.5,0.0,0.0,nan,nan,nan,nan,nan,nan,nan,nan,nan,nan,11.81098718023702,2.0670239159301804,10.458618885434355,0,0,-6.709446430206299,-2.120840072631836,-0.42981022596359253,-0.0030835838988423347,0.0310707725584507,-0.01663268730044365,nan,nan,nan,-0.030392805114388466,-0.0067612044513225555,-3.1372458934783936,-9.714938641991466e-05,3135,,nan,24.492,0.97,93,4,23,0.66,895,0.013598324730992317,0.0035947237629443407,0.009810256771743298,1500,1500,1418,1498,1897,1500,1897,1115
1783462084.8070,8.4804,0.02197,45.53,425,3249106,0.503,AUTOTUNE,AUTOTUNE,128,4.2401862144470215,0.0,10.0,0.5,0.0,0.0,nan,nan,nan,nan,nan,nan,nan,nan,nan,nan,11.821500869600525,2.066678378797467,10.46010742363783,0,0,-6.710028648376465,-2.1204183101654053,-0.4304446578025818,-0.0030372105538845062,0.03102676384150982,-0.017125805839896202,nan,nan,nan,-0.03039870597422123,-0.006763435900211334,-3.137255907058716,-0.0004449138941708952,3135,,nan,24.5,1.0,93,4,23,0.66,895,0.013598324730992317,0.0035947237629443407,0.009810256771743298,1500,1500,1418,1498,1897,1500,1897,1115
1783462084.8249,8.5004,0.01790,55.85,426,3249123,0.521,AUTOTUNE,AUTOTUNE,128,4.250205159187317,0.0,10.0,0.5,0.0,0.0,nan,nan,nan,nan,nan,nan,nan,nan,nan,nan,11.831871318775459,2.066536092927149,10.461042178947542,0,0,-6.7103190422058105,-2.120048761367798,-0.43084579706192017,-0.003072492778301239,0.030895553529262543,-0.01743388921022415,nan,nan,nan,-0.03037933073937893,-0.006753738969564438,-3.137269973754883,-0.000846127572003752,3135,,nan,24.5,1.0,93,4,23,0.66,895,0.013598324730992317,0.0035947237629443407,0.009810256771743298,1500,1500,1418,1498,1897,1500,1897,1115
1783462084.8453,8.5205,0.02035,49.14,427,3249141,0.541,AUTOTUNE,AUTOTUNE,128,4.260227084159851,0.0,10.0,0.5,0.0,0.0,nan,nan,nan,nan,nan,nan,nan,nan,nan,nan,11.842470621418364,2.066631666403376,10.462065408535402,0,0,-6.710815906524658,-2.1198487281799316,-0.4313510060310364,-0.0031189771834760904,0.030724884942173958,-0.01773296855390072,nan,nan,nan,-0.030381644144654274,-0.006760690361261368,-3.1372644901275635,7.3910960054490715e-06,3135,,nan,24.5,1.0,93,4,23,0.66,895,0.013598324730992317,0.0035947237629443407,0.009810256771743298,1500,1500,1418,1498,1897,1500,1897,1115
1783462084.8650,8.5403,0.01978,50.56,428,3249161,0.561,AUTOTUNE,AUTOTUNE,128,4.270158767700195,0.0,10.0,0.5,0.0,0.0,nan,nan,nan,nan,nan,nan,nan,nan,nan,nan,11.852646584606271,2.0661484839067117,10.463032822793794,0,0,-6.711086273193359,-2.1193954944610596,-0.4318097233772278,-0.003103915834799409,0.03074217587709427,-0.01802666485309601,nan,nan,nan,-0.030365949496626854,-0.006757570430636406,-3.1372692584991455,-0.00027404510183259845,3135,,nan,24.5,1.0,93,4,23,0.66,895,0.013598324730992317,0.0035947237629443407,0.009810256771743298,1500,1500,1418,1498,1897,1500,1897,1115
1783462084.8853,8.5604,0.02023,49.44,429,3249181,0.581,AUTOTUNE,AUTOTUNE,128,4.280178904533386,0.0,10.0,0.5,0.0,0.0,nan,nan,nan,nan,nan,nan,nan,nan,nan,nan,11.863180263680142,2.0663993849019167,10.463870839937336,0,0,-6.7115349769592285,-2.119114398956299,-0.4323508143424988,-0.003141350345686078,0.030435027554631233,-0.01819809526205063,nan,nan,nan,-0.030370671302080154,-0.0067594945430755615,-3.137268543243408,-0.00012296935892663896,3135,,nan,24.5,1.0,93,4,23,0.66,895,0.013598324730992317,0.0035947237629443407,0.009810256771743298,1500,1500,1418,1498,1897,1500,1897,1115
1783462084.9054,8.5804,0.02008,49.81,430,3249201,0.601,AUTOTUNE,AUTOTUNE,128,4.290184259414673,0.0,10.0,0.5,0.0,0.0,nan,nan,nan,nan,nan,nan,nan,nan,nan,nan,11.874698583630401,2.066430361910322,10.464763995690236,0,0,-6.712466239929199,-2.11868953704834,-0.4327647089958191,-0.0034771962091326714,0.030171848833560944,-0.018474796786904335,nan,nan,nan,-0.0303762536495924,-0.006760476157069206,-3.137270927429199,5.500787665368989e-06,3135,,nan,24.5,1.0,93,4,23,0.66,895,0.012735600583255291,0.0009729308076202869,0.014160982333123684,1500,1500,1418,1498,1897,1500,1897,1115
1783462084.9249,8.6002,0.01950,51.28,431,3249223,0.620,AUTOTUNE,AUTOTUNE,128,4.300117015838623,0.0,10.0,0.5,0.0,0.0,nan,nan,nan,nan,nan,nan,nan,nan,nan,nan,11.885982707273179,2.06592075020853,10.465002229937264,0,0,-6.71320915222168,-2.118046522140503,-0.4331356883049011,-0.0038284878246486187,0.030094828456640244,-0.018398156389594078,nan,nan,nan,-0.030370179563760757,-0.006744740530848503,-3.1372835636138916,-0.0006712056347168982,3135,,nan,24.5,1.0,93,4,23,0.66,895,0.012735600583255291,0.0009729308076202869,0.014160982333123684,1500,1500,1418,1498,1897,1500,1897,1115
1783462084.9452,8.6204,0.02032,49.22,432,3249241,0.641,AUTOTUNE,AUTOTUNE,128,4.310219168663025,0.0,10.0,0.5,0.0,0.0,nan,nan,nan,nan,nan,nan,nan,nan,nan,nan,11.898238032685729,2.0651919572493256,10.465675312655364,0,0,-6.7145233154296875,-2.117607831954956,-0.4333774447441101,-0.004312890116125345,0.03026231937110424,-0.01864718273282051,nan,nan,nan,-0.030384689569473267,-0.006740611046552658,-3.13728404045105,-1.539895310997963e-05,3135,,nan,24.5,1.0,93,4,23,0.66,895,0.012735600583255291,0.0009729308076202869,0.014160982333123684,1500,1500,1418,1498,1897,1500,1897,1115
1783462084.9652,8.6404,0.01999,50.03,433,3249261,0.661,AUTOTUNE,AUTOTUNE,128,4.320186614990234,0.0,10.0,0.5,0.0,0.0,nan,nan,nan,nan,nan,nan,nan,nan,nan,nan,11.90912552512447,2.0643585327154206,10.466148831135039,0,0,-6.715195655822754,-2.117063045501709,-0.4337068200111389,-0.0044559030793607235,0.030428964644670486,-0.018730403855443,nan,nan,nan,-0.030382508412003517,-0.006738429889082909,-3.137270212173462,0.0006194846355356276,3135,,nan,24.5,1.0,93,4,23,0.66,895,0.012735600583255291,0.0009729308076202869,0.014160982333123684,1500,1500,1418,1498,1897,1500,1897,1115
1783462084.9855,8.6605,0.02030,49.27,434,3249281,0.681,AUTOTUNE,AUTOTUNE,128,4.330232262611389,0.0,10.0,0.5,0.0,0.0,nan,nan,nan,nan,nan,nan,nan,nan,nan,nan,11.92133595870759,2.063839432517512,10.466849595395832,0,0,-6.7163987159729,-2.1165404319763184,-0.43401771783828735,-0.0050111557357013226,0.030426936224102974,-0.018955493345856667,nan,nan,nan,-0.030391862615942955,-0.006740037351846695,-3.137256383895874,0.0007473452133126557,3135,,nan,24.5,1.0,93,4,23,0.66,895,0.012735600583255291,0.0009729308076202869,0.014160982333123684,1500,1500,1418,1498,1897,1500,1897,1115
1783462085.0054,8.6804,0.01995,50.13,435,3249301,0.701,AUTOTUNE,AUTOTUNE,128,4.340176939964294,0.0,10.0,0.5,0.0,0.0,nan,nan,nan,nan,nan,nan,nan,nan,nan,nan,11.932894805783619,2.063234413202789,10.46755327488349,0,0,-6.71752405166626,-2.1160435676574707,-0.43431752920150757,-0.0052933841943740845,0.030489379540085793,-0.019188666716217995,nan,nan,nan,-0.03038960136473179,-0.006741821765899658,-3.137258529663086,-0.00034482727642171085,3135,,nan,24.5,1.0,93,4,23,0.66,895,0.012735600583255291,0.0009729308076202869,0.014160982333123684,1500,1500,1418,1498,1897,1500,1897,1115
1783462085.0251,8.7003,0.01966,50.86,436,3249323,0.721,AUTOTUNE,AUTOTUNE,128,4.350152015686035,0.0,10.0,0.5,0.0,0.0,nan,nan,nan,nan,nan,nan,nan,nan,nan,nan,11.94402187136114,2.062311796550224,10.467946228855876,0,0,-6.718132972717285,-2.115407943725586,-0.434709370136261,-0.005606925114989281,0.03065507486462593,-0.01918930932879448,nan,nan,nan,-0.030379896983504295,-0.0067332349717617035,-3.137273073196411,-0.0006339901592582464,3135,,nan,24.5,1.0,93,4,23,0.66,895,0.012735600583255291,0.0009729308076202869,0.014160982333123684,1500,1500,1418,1498,1897,1500,1897,1115
1783462085.0454,8.7205,0.02030,49.26,437,3249341,0.741,AUTOTUNE,AUTOTUNE,128,4.3602375984191895,0.0,10.0,0.5,0.0,0.0,nan,nan,nan,nan,nan,nan,nan,nan,nan,nan,11.955617254470537,2.062229156693631,10.46825348114976,0,0,-6.719146728515625,-2.114990234375,-0.4349120259284973,-0.005893316585570574,0.030461622402071953,-0.019249698147177696,nan,nan,nan,-0.03038264811038971,-0.006722470745444298,-3.137282609939575,-0.0005468176677823067,3135,,nan,24.5,1.0,93,4,23,0.66,895,0.012735600583255291,0.0009729308076202869,0.014160982333123684,1500,1500,1418,1498,1897,1500,1897,1115
1783462085.0653,8.7405,0.01991,50.23,438,3249361,0.761,AUTOTUNE,AUTOTUNE,128,4.370234370231628,0.0,10.0,0.5,0.0,0.0,nan,nan,nan,nan,nan,nan,nan,nan,nan,nan,11.966316057318723,2.0620230858680664,10.468663480652214,0,0,-6.719701290130615,-2.1144354343414307,-0.4352113604545593,-0.005978458095341921,0.03026028349995613,-0.019313590601086617,nan,nan,nan,-0.030380714684724808,-0.006721265614032745,-3.1372735500335693,0.00019662069098558277,3135,,nan,24.5,1.0,93,4,23,0.66,895,0.012735600583255291,0.0009729308076202869,0.014160982333123684,1500,1500,1418,1498,1897,1500,1897,1115
1783462085.0853,8.7604,0.02004,49.90,439,3249381,0.781,AUTOTUNE,AUTOTUNE,128,4.380198836326599,0.0,10.0,0.5,0.0,0.0,nan,nan,nan,nan,nan,nan,nan,nan,nan,nan,11.978237687988312,2.0614678885133895,10.468841137851886,0,0,-6.720644950866699,-2.113950729370117,-0.43542033433914185,-0.006563604809343815,0.030300982296466827,-0.01929550990462303,nan,nan,nan,-0.03037470020353794,-0.006715511903166771,-3.137275218963623,-0.00012181481724837795,3135,,nan,24.5,1.0,93,4,23,0.66,895,0.012735600583255291,0.0009729308076202869,0.014160982333123684,1500,1500,1418,1498,1897,1500,1897,1115
1783462085.1055,8.7805,0.02020,49.50,440,3249401,0.801,AUTOTUNE,AUTOTUNE,128,4.390226125717163,0.0,10.0,0.5,0.0,0.0,nan,nan,nan,nan,nan,nan,nan,nan,nan,nan,11.989752918151291,2.0610086510528123,10.468992869900875,0,0,-6.721541881561279,-2.1134588718414307,-0.43563610315322876,-0.006904824636876583,0.030282149091362953,-0.019258538261055946,nan,nan,nan,-0.03036913275718689,-0.006713142618536949,-3.1372830867767334,-0.00035823052166961133,3135,,nan,24.5,1.0,93,4,23,0.66,895,0.012735600583255291,0.0029883200768381357,0.014160982333123684,1500,1500,1418,1498,1897,1500,1897,1115
1783462085.1249,8.8003,0.01939,51.56,441,3249421,0.821,AUTOTUNE,AUTOTUNE,128,4.400160312652588,0.0,10.0,0.5,0.0,0.0,nan,nan,nan,nan,nan,nan,nan,nan,nan,nan,12.000501744262777,2.0600088164211563,10.469185902680337,0,0,-6.722041606903076,-2.1129138469696045,-0.4359319806098938,-0.007086640223860741,0.030544733628630638,-0.019199160858988762,nan,nan,nan,-0.030369173735380173,-0.006716996431350708,-3.137279987335205,0.00018015102250501513,3135,,nan,24.5,1.0,93,4,23,0.66,895,0.012735600583255291,0.0029883200768381357,0.014160982333123684,1500,1500,1418,1498,1897,1500,1897,1115
1783462085.1451,8.8204,0.02023,49.44,442,3249441,0.841,AUTOTUNE,AUTOTUNE,128,4.410179018974304,0.0,10.0,0.5,0.0,0.0,nan,nan,nan,nan,nan,nan,nan,nan,nan,nan,12.013029321351313,2.058913494081446,10.469347900425014,0,0,-6.723361492156982,-2.1120216846466064,-0.4360852837562561,-0.007773101329803467,0.03066202811896801,-0.01920418068766594,nan,nan,nan,-0.030369671061635017,-0.006711916998028755,-3.137282133102417,4.274093953426927e-06,3135,,nan,24.5,1.0,93,4,23,0.66,895,0.012735600583255291,0.0029883200768381357,0.014160982333123684,1500,1500,1418,1498,1897,1500,1897,1115
1783462085.1651,8.8404,0.01992,50.19,443,3249461,0.861,AUTOTUNE,AUTOTUNE,128,4.420184850692749,0.0,10.0,0.5,0.0,0.0,nan,nan,nan,nan,nan,nan,nan,nan,nan,nan,12.023907463202397,2.057935254011444,10.469973620588119,0,0,-6.724071979522705,-2.1112782955169678,-0.43635016679763794,-0.007866529747843742,0.030797619372606277,-0.019412510097026825,nan,nan,nan,-0.03036409057676792,-0.006711147725582123,-3.1372790336608887,7.013685535639524e-05,3135,,nan,24.5,1.0,93,4,23,0.66,895,0.012735600583255291,0.0029883200768381357,0.014160982333123684,1500,1500,1418,1498,1897,1500,1897,1115
1783462085.1855,8.8605,0.02041,49.00,444,3249481,0.881,AUTOTUNE,AUTOTUNE,128,4.430226683616638,0.0,10.0,0.5,0.0,0.0,nan,nan,nan,nan,nan,nan,nan,nan,nan,nan,12.035464662344136,2.056773148379518,10.470476178384828,0,0,-6.725272178649902,-2.1104373931884766,-0.4364941716194153,-0.008048491552472115,0.03098306618630886,-0.019619520753622055,nan,nan,nan,-0.03037131391465664,-0.006699690595269203,-3.1372647285461426,0.0004323765460867435,3135,,nan,24.5,1.0,93,4,23,0.66,895,0.012735600583255291,0.0029883200768381357,0.014160982333123684,1500,1500,1418,1498,1897,1500,1897,1115
1783462085.2054,8.8805,0.01996,50.10,445,3249501,0.901,AUTOTUNE,AUTOTUNE,128,4.440240383148193,0.0,10.0,0.5,0.0,0.0,nan,nan,nan,nan,nan,nan,nan,nan,nan,nan,12.047197370871714,2.055457682882015,10.470900638482094,0,0,-6.726397514343262,-2.1096200942993164,-0.4366486668586731,-0.008391248993575573,0.03127068281173706,-0.019775385037064552,nan,nan,nan,-0.030362296849489212,-0.00669613853096962,-3.137265205383301,0.00024993758415803313,3135,,nan,24.5,1.0,93,4,23,0.66,895,0.012735600583255291,0.0029883200768381357,0.014160982333123684,1500,1500,1418,1498,1897,1500,1897,1115
1783462085.2253,8.9004,0.01989,50.29,446,3249521,0.921,AUTOTUNE,AUTOTUNE,128,4.450183033943176,0.0,10.0,0.5,0.0,0.0,nan,nan,nan,nan,nan,nan,nan,nan,nan,nan,12.058084310823297,2.054533403769329,10.471237212800538,0,0,-6.727023124694824,-2.108898639678955,-0.436931312084198,-0.008575238287448883,0.03138778358697891,-0.019806521013379097,nan,nan,nan,-0.030367400497198105,-0.006689826026558876,-3.137261390686035,4.646393426810391e-05,3135,,nan,24.5,1.0,93,4,23,0.66,895,0.012735600583255291,0.0029883200768381357,0.014160982333123684,1500,1500,1418,1498,1897,1500,1897,1115
1783462085.2450,8.9203,0.01969,50.79,447,3249541,0.941,AUTOTUNE,AUTOTUNE,128,4.46016263961792,0.0,10.0,0.5,0.0,0.0,nan,nan,nan,nan,nan,nan,nan,nan,nan,nan,12.069939464954903,2.0532868701122964,10.471582112719496,0,0,-6.728055000305176,-2.108107089996338,-0.4371066689491272,-0.009062333032488823,0.031650468707084656,-0.019904406741261482,nan,nan,nan,-0.030367812141776085,-0.006691964343190193,-3.137255907058716,0.00020903749100398272,3135,,nan,24.5,1.0,93,4,23,0.66,895,0.012735600583255291,0.0029883200768381357,0.014160982333123684,1500,1500,1418,1498,1897,1500,1897,1115
1783462085.2653,8.9404,0.02035,49.15,448,3249561,0.961,AUTOTUNE,AUTOTUNE,128,4.470183491706848,0.0,10.0,0.5,0.0,0.0,nan,nan,nan,nan,nan,nan,nan,nan,nan,nan,12.080164391857341,2.0521815795392966,10.47183085286575,0,0,-6.728641510009766,-2.1073923110961914,-0.43740206956863403,-0.00884153414517641,0.03187593072652817,-0.019877467304468155,nan,nan,nan,-0.03035457618534565,-0.006689228117465973,-3.1372628211975098,-0.0004038983606733382,3135,,nan,24.5,1.0,93,4,23,0.66,895,0.012735600583255291,0.0029883200768381357,0.014160982333123684,1500,1500,1418,1498,1897,1500,1897,1115
1783462085.2854,8.9603,0.02001,49.98,449,3249581,0.981,AUTOTUNE,AUTOTUNE,128,4.480174779891968,0.0,10.0,0.5,0.0,0.0,nan,nan,nan,nan,nan,nan,nan,nan,nan,nan,12.091766685601218,2.0511830401599522,10.472078806769009,0,0,-6.729588985443115,-2.1066129207611084,-0.43759578466415405,-0.009224623441696167,0.03200245648622513,-0.019908782094717026,nan,nan,nan,-0.030353032052516937,-0.0066878702491521835,-3.137260913848877,-0.00016215760842896998,3135,,nan,24.5,1.0,93,4,23,0.66,895,0.012735600583255291,0.0029883200768381357,0.014160982333123684,1500,1500,1418,1498,1897,1500,1897,1115
1783462085.3069,8.9804,0.02156,46.37,450,3249606,0.003,AUTOTUNE,AUTOTUNE,128,4.490180492401123,0.0,10.0,0.5,0.0,0.0,nan,nan,nan,nan,nan,nan,nan,nan,nan,nan,12.103804219548191,2.0494480030203834,10.472224161265165,0,0,-6.730784893035889,-2.1055948734283447,-0.4377822279930115,-0.009707238525152206,0.032416410744190216,-0.01988505944609642,nan,nan,nan,-0.030341895297169685,-0.006674259901046753,-3.1372718811035156,-0.0005294792936183512,3135,,nan,24.506,1.0,93,4,23,0.66,895,0.012923677451908588,0.00048259063623845577,0.006326211616396904,1500,1500,1418,1498,1897,1500,1897,1115
1783462085.3249,9.0003,0.01795,55.73,451,3249623,0.021,AUTOTUNE,AUTOTUNE,128,4.500171184539795,0.0,10.0,0.5,0.0,0.0,nan,nan,nan,nan,nan,nan,nan,nan,nan,nan,12.114665786899472,2.04842868518679,10.472687211331316,0,0,-6.731532096862793,-2.104888916015625,-0.4379212260246277,-0.009778640232980251,0.03259732946753502,-0.020072150975465775,nan,nan,nan,-0.03033868968486786,-0.006678622215986252,-3.137281894683838,-0.0004727109335362911,3135,,nan,24.506,1.0,93,4,23,0.66,895,0.012923677451908588,0.00048259063623845577,0.006326211616396904,1500,1500,1418,1498,1897,1500,1897,1115
1783462085.3453,9.0204,0.02039,49.04,452,3249641,0.041,AUTOTUNE,AUTOTUNE,128,4.510223865509033,0.0,10.0,0.5,0.0,0.0,nan,nan,nan,nan,nan,nan,nan,nan,nan,nan,12.126975489168471,2.0471870729944577,10.47242958311451,0,0,-6.732792854309082,-2.104060173034668,-0.43780606985092163,-0.010353833436965942,0.0328356996178627,-0.019989894703030586,nan,nan,nan,-0.03034001588821411,-0.006672989577054977,-3.1372947692871094,-0.0006513837724924088,3135,,nan,24.506,1.0,93,4,23,0.66,895,0.012923677451908588,0.00048259063623845577,0.006326211616396904,1500,1500,1418,1498,1897,1500,1897,1115
1783462085.3649,9.0404,0.01968,50.82,453,3249663,0.061,AUTOTUNE,AUTOTUNE,128,4.520183205604553,0.0,10.0,0.5,0.0,0.0,nan,nan,nan,nan,nan,nan,nan,nan,nan,nan,12.138710068562615,2.046073056199818,10.47235010705021,0,0,-6.734029293060303,-2.1030876636505127,-0.4377618432044983,-0.010664910078048706,0.03291739895939827,-0.01996954344213009,nan,nan,nan,-0.030336905270814896,-0.00668337382376194,-3.1373088359832764,-0.0007605879218317568,3135,,nan,24.506,1.0,93,4,23,0.66,895,0.012923677451908588,0.00048259063623845577,0.006326211616396904,1500,1500,1418,1498,1897,1500,1897,1115
1783462085.3851,9.0604,0.02019,49.52,454,3249681,0.081,AUTOTUNE,AUTOTUNE,128,4.530195116996765,0.0,10.0,0.5,0.0,0.0,nan,nan,nan,nan,nan,nan,nan,nan,nan,nan,12.14979460823337,2.0450845058264755,10.472465379207009,0,0,-6.734690189361572,-2.1023991107940674,-0.4378771185874939,-0.010902623645961285,0.03309060260653496,-0.01996954157948494,nan,nan,nan,-0.030341042205691338,-0.006691593676805496,-3.137316942214966,-0.0003745643189176917,3135,,nan,24.506,1.0,93,4,23,0.66,895,0.012923677451908588,0.00048259063623845577,0.006326211616396904,1500,1500,1418,1498,1897,1500,1897,1115
1783462085.4050,9.0804,0.01991,50.23,455,3249701,0.101,AUTOTUNE,AUTOTUNE,128,4.540210127830505,0.0,10.0,0.5,0.0,0.0,nan,nan,nan,nan,nan,nan,nan,nan,nan,nan,12.161431227628995,2.0439965778804887,10.472349393959455,0,0,-6.735790252685547,-2.10155987739563,-0.4378100037574768,-0.011203737929463387,0.033234186470508575,-0.01994132623076439,nan,nan,nan,-0.030343245714902878,-0.006694985553622246,-3.1373109817504883,4.116657510166988e-05,3135,,nan,24.506,1.0,93,4,23,0.66,895,0.012923677451908588,0.00048259063623845577,0.006326211616396904,1500,1500,1418,1498,1897,1500,1897,1115
1783462085.4248,9.1002,0.01972,50.72,456,3249723,0.120,AUTOTUNE,AUTOTUNE,128,4.550104975700378,0.0,10.0,0.5,0.0,0.0,nan,nan,nan,nan,nan,nan,nan,nan,nan,nan,12.172134864960425,2.0423949197019526,10.472349769076871,0,0,-6.73646354675293,-2.1007089614868164,-0.4380449652671814,-0.011281966231763363,0.03366762772202492,-0.01980588771402836,nan,nan,nan,-0.03033801168203354,-0.006696365773677826,-3.137315511703491,-0.00016078997578006238,3135,,nan,24.506,1.0,93,4,23,0.66,895,0.012923677451908588,0.00048259063623845577,0.006326211616396904,1500,1500,1418,1498,1897,1500,1897,1115
1783462085.4450,9.1204,0.02027,49.32,457,3249741,0.141,AUTOTUNE,AUTOTUNE,128,4.560197830200195,0.0,10.0,0.5,0.0,0.0,nan,nan,nan,nan,nan,nan,nan,nan,nan,nan,12.183899611501019,2.041372303625417,10.47261052953124,0,0,-6.737448215484619,-2.0999653339385986,-0.4379248023033142,-0.011678734794259071,0.033828701823949814,-0.020025813952088356,nan,nan,nan,-0.030332913622260094,-0.006692066788673401,-3.137314558029175,-9.527571819489822e-05,3135,,nan,24.506,1.0,93,4,23,0.66,895,0.012923677451908588,0.00048259063623845577,0.006326211616396904,1500,1500,1418,1498,1897,1500,1897,1115
1783462085.4654,9.1405,0.02033,49.18,458,3249761,0.161,AUTOTUNE,AUTOTUNE,128,4.5702327489852905,0.0,10.0,0.5,0.0,0.0,nan,nan,nan,nan,nan,nan,nan,nan,nan,nan,12.194347213989579,2.0403576381756223,10.472678125046926,0,0,-6.738048076629639,-2.0992207527160645,-0.43807607889175415,-0.01157066784799099,0.03398463502526283,-0.019977500662207603,nan,nan,nan,-0.030335500836372375,-0.006692696362733841,-3.137324571609497,-0.00038811855483800173,3135,,nan,24.506,1.0,93,4,23,0.66,895,0.012923677451908588,0.00048259063623845577,0.006326211616396904,1500,1500,1418,1498,1897,1500,1897,1115
1783462085.4850,9.1604,0.01967,50.84,459,3249781,0.181,AUTOTUNE,AUTOTUNE,128,4.580200910568237,0.0,10.0,0.5,0.0,0.0,nan,nan,nan,nan,nan,nan,nan,nan,nan,nan,12.205821588363847,2.0396648320051436,10.472347680391357,0,0,-6.738985538482666,-2.098398447036743,-0.4380123019218445,-0.011899036355316639,0.0339098684489727,-0.01982354000210762,nan,nan,nan,-0.030338408425450325,-0.006688287481665611,-3.137307643890381,0.000645603344310075,3135,,nan,24.506,1.0,93,4,23,0.66,895,0.012923677451908588,0.00048259063623845577,0.006326211616396904,1500,1500,1418,1498,1897,1500,1897,1115
1783462085.5055,9.1804,0.02051,48.76,460,3249801,0.201,AUTOTUNE,AUTOTUNE,128,4.590195536613464,0.0,10.0,0.5,0.0,0.0,nan,nan,nan,nan,nan,nan,nan,nan,nan,nan,12.21735060681756,2.037837870277845,10.472376308134534,0,0,-6.73987340927124,-2.0971572399139404,-0.4380062222480774,-0.01227230578660965,0.03424805402755737,-0.019843578338623047,nan,nan,nan,-0.030344421043992043,-0.006679808720946312,-3.1373157501220703,-0.0002069963957183063,3135,,nan,24.506,1.0,93,4,23,0.66,895,0.013267611153423786,0.002831373829394579,0.013828563503921032,1500,1500,1418,1498,1897,1500,1897,1115
1783462085.5251,9.2004,0.01953,51.21,461,3249821,0.221,AUTOTUNE,AUTOTUNE,128,4.600210905075073,0.0,10.0,0.5,0.0,0.0,nan,nan,nan,nan,nan,nan,nan,nan,nan,nan,12.227603230114916,2.0359395784837773,10.472685142146622,0,0,-6.740421295166016,-2.095987319946289,-0.43822985887527466,-0.012092962861061096,0.03466857969760895,-0.019892767071723938,nan,nan,nan,-0.030350910499691963,-0.006676791235804558,-3.1373097896575928,8.7476619228255e-05,3135,,nan,24.506,1.0,93,4,23,0.66,895,0.013267611153423786,0.002831373829394579,0.013828563503921032,1500,1500,1418,1498,1897,1500,1897,1115
1783462085.5454,9.2204,0.02033,49.18,462,3249841,0.241,AUTOTUNE,AUTOTUNE,128,4.610185861587524,0.0,10.0,0.5,0.0,0.0,nan,nan,nan,nan,nan,nan,nan,nan,nan,nan,12.238218632821685,2.033416272590241,10.472902151882316,0,0,-6.741234302520752,-2.094367742538452,-0.4382854104042053,-0.011993334628641605,0.03519034758210182,-0.01998598501086235,nan,nan,nan,-0.03035253845155239,-0.0066806860268116,-3.1373062133789062,3.191409632563591e-05,3135,,nan,24.506,1.0,93,4,23,0.66,895,0.013267611153423786,0.002831373829394579,0.013828563503921032,1500,1500,1418,1498,1897,1500,1897,1115
1783462085.5658,9.2404,0.02039,49.05,463,3249863,0.261,AUTOTUNE,AUTOTUNE,128,4.620181560516357,0.0,10.0,0.5,0.0,0.0,nan,nan,nan,nan,nan,nan,nan,nan,nan,nan,12.24916069554179,2.030396737271014,10.472872759140932,0,0,-6.7420196533203125,-2.0927350521087646,-0.438385546207428,-0.012086295522749424,0.03599104285240173,-0.019911201670765877,nan,nan,nan,-0.03035813756287098,-0.006676817312836647,-3.1373095512390137,1.817287557059899e-05,3135,,nan,24.506,1.0,93,4,23,0.66,895,0.013267611153423786,0.002831373829394579,0.013828563503921032,1500,1500,1418,1498,1897,1500,1897,1115
1783462085.5853,9.2603,0.01947,51.35,464,3249881,0.281,AUTOTUNE,AUTOTUNE,128,4.630154252052307,0.0,10.0,0.5,0.0,0.0,nan,nan,nan,nan,nan,nan,nan,nan,nan,nan,12.25957640603357,2.028764541074075,10.473175869957327,0,0,-6.742474555969238,-2.091700553894043,-0.43857306241989136,-0.012079434469342232,0.03633612394332886,-0.019977940246462822,nan,nan,nan,-0.03035745397210121,-0.006688864901661873,-3.1373133659362793,-0.00045621811295859516,3135,,nan,24.506,1.0,93,4,23,0.66,895,0.013267611153423786,0.002831373829394579,0.013828563503921032,1500,1500,1418,1498,1897,1500,1897,1115
1783462085.6056,9.2805,0.02034,49.17,465,3249901,0.301,AUTOTUNE,AUTOTUNE,128,4.640231490135193,0.0,10.0,0.5,0.0,0.0,nan,nan,nan,nan,nan,nan,nan,nan,nan,nan,12.270436138628757,2.0259722792315844,10.473344490540914,0,0,-6.743162155151367,-2.090230703353882,-0.43864983320236206,-0.012134222313761711,0.03709961846470833,-0.020030969753861427,nan,nan,nan,-0.030368441715836525,-0.006691461428999901,-3.1373085975646973,0.00016343386960215867,3135,,nan,24.506,1.0,93,4,23,0.66,895,0.013267611153423786,0.002831373829394579,0.013828563503921032,1500,1500,1418,1498,1897,1500,1897,1115
1783462085.6249,9.3003,0.01934,51.70,466,3249923,0.321,AUTOTUNE,AUTOTUNE,128,4.650174975395203,0.0,10.0,0.5,0.0,0.0,nan,nan,nan,nan,nan,nan,nan,nan,nan,nan,12.28061312749091,2.024013588299546,10.473699491772926,0,0,-6.743640899658203,-2.0890402793884277,-0.43894773721694946,-0.011992632411420345,0.03754317760467529,-0.020063934847712517,nan,nan,nan,-0.030364328995347023,-0.006694359704852104,-3.137319803237915,-0.000551546283531934,3135,,nan,24.506,1.0,93,4,23,0.66,895,0.013267611153423786,0.002831373829394579,0.013828563503921032,1500,1500,1418,1498,1897,1500,1897,1115
1783462085.6452,9.3204,0.02028,49.30,467,3249941,0.341,AUTOTUNE,AUTOTUNE,128,4.660190582275391,0.0,10.0,0.5,0.0,0.0,nan,nan,nan,nan,nan,nan,nan,nan,nan,nan,12.291097446700482,2.0218649082162976,10.473523843820013,0,0,-6.744234085083008,-2.087728500366211,-0.4389219880104065,-0.011920767836272717,0.038026362657547,-0.0199773907661438,nan,nan,nan,-0.030362866818904877,-0.006696408614516258,-3.1373131275177,6.48901768727228e-05,3135,,nan,24.506,1.0,93,4,23,0.66,895,0.013267611153423786,0.002831373829394579,0.013828563503921032,1500,1500,1418,1498,1897,1500,1897,1115
1783462085.6653,9.3404,0.02009,49.78,468,3249963,0.361,AUTOTUNE,AUTOTUNE,128,4.67020320892334,0.0,10.0,0.5,0.0,0.0,nan,nan,nan,nan,nan,nan,nan,nan,nan,nan,12.302024094866,2.019370900145207,10.473662059686928,0,0,-6.744849681854248,-2.0862598419189453,-0.4389490485191345,-0.012093063443899155,0.03861834853887558,-0.020041566342115402,nan,nan,nan,-0.030371597036719322,-0.006690816953778267,-3.1373231410980225,-0.0004270726931281388,3135,,nan,24.506,1.0,93,4,23,0.66,895,0.013267611153423786,0.002831373829394579,0.013828563503921032,1500,1500,1418,1498,1897,1500,1897,1115
1783462085.6855,9.3604,0.02018,49.56,469,3249981,0.381,AUTOTUNE,AUTOTUNE,128,4.680208683013916,0.0,10.0,0.5,0.0,0.0,nan,nan,nan,nan,nan,nan,nan,nan,nan,nan,12.311830409396295,2.0176974042201326,10.473801425479534,0,0,-6.745218753814697,-2.0852911472320557,-0.43910008668899536,-0.011764994822442532,0.03902526572346687,-0.020034827291965485,nan,nan,nan,-0.030371427536010742,-0.006688758730888367,-3.1373202800750732,-4.045919195050374e-05,3135,,nan,24.506,1.0,93,4,23,0.66,895,0.013267611153423786,0.002831373829394579,0.013828563503921032,1500,1500,1418,1498,1897,1500,1897,1115
1783462085.7056,9.3804,0.02006,49.85,470,3250001,0.401,AUTOTUNE,AUTOTUNE,128,4.690175294876099,0.0,10.0,0.5,0.0,0.0,nan,nan,nan,nan,nan,nan,nan,nan,nan,nan,12.322432689145653,2.015765307368594,10.47388540008385,0,0,-6.745747089385986,-2.083977699279785,-0.439109742641449,-0.011826963163912296,0.0393824428319931,-0.02007773518562317,nan,nan,nan,-0.03036736510694027,-0.006684867665171623,-3.1373276710510254,-0.0003102965129073709,3135,,nan,24.506,1.0,93,4,23,0.66,895,0.013267611153423786,0.005025977268815041,0.013828563503921032,1500,1500,1418,1498,1897,1500,1897,1115
1783462085.7247,9.4002,0.01910,52.36,471,3250023,0.420,AUTOTUNE,AUTOTUNE,128,4.700080513954163,0.0,10.0,0.5,0.0,0.0,nan,nan,nan,nan,nan,nan,nan,nan,nan,nan,12.332539157655534,2.0134465685908833,10.474409535279722,0,0,-6.7461442947387695,-2.082828998565674,-0.4393783211708069,-0.011713827960193157,0.040057964622974396,-0.0202252808958292,nan,nan,nan,-0.03036918118596077,-0.00668703019618988,-3.1373231410980225,-3.507772271404974e-05,3135,,nan,24.506,1.0,93,4,23,0.66,895,0.013267611153423786,0.005025977268815041,0.013828563503921032,1500,1500,1418,1498,1897,1500,1897,1115
1783462085.7450,9.4203,0.02033,49.18,472,3250041,0.441,AUTOTUNE,AUTOTUNE,128,4.710166931152344,0.0,10.0,0.5,0.0,0.0,nan,nan,nan,nan,nan,nan,nan,nan,nan,nan,12.343844164594609,2.0130010397287794,10.47559805626384,0,0,-6.747373580932617,-2.0819520950317383,-0.4400250315666199,-0.011707652360200882,0.039808910340070724,-0.020538095384836197,nan,nan,nan,-0.030367756262421608,-0.006693437695503235,-3.1373305320739746,-0.0004040498461108655,3135,,nan,24.506,1.0,93,4,23,0.66,895,0.013267611153423786,0.005025977268815041,0.013828563503921032,1500,1500,1418,1498,1897,1500,1897,1115
1783462085.7651,9.4404,0.02011,49.72,473,3250061,0.461,AUTOTUNE,AUTOTUNE,128,4.720204591751099,0.0,10.0,0.5,0.0,0.0,nan,nan,nan,nan,nan,nan,nan,nan,nan,nan,12.355322133388595,2.011814523492453,10.476748499110425,0,0,-6.74809455871582,-2.081061601638794,-0.4405582547187805,-0.012122957967221737,0.03997981920838356,-0.020894447341561317,nan,nan,nan,-0.030379539355635643,-0.006697557866573334,-3.1373260021209717,0.00010823982302099466,3135,,nan,24.506,1.0,93,4,23,0.66,895,0.013267611153423786,0.005025977268815041,0.013828563503921032,1500,1500,1418,1498,1897,1500,1897,1115
1783462085.7854,9.4604,0.02029,49.29,474,3250081,0.481,AUTOTUNE,AUTOTUNE,128,4.730181336402893,0.0,10.0,0.5,0.0,0.0,nan,nan,nan,nan,nan,nan,nan,nan,nan,nan,12.366613886799463,2.010795075518536,10.478291155952567,0,0,-6.749234199523926,-2.080116033554077,-0.44119328260421753,-0.012224206700921059,0.04002247378230095,-0.021418467164039612,nan,nan,nan,-0.030379174277186394,-0.006700359284877777,-3.1373167037963867,0.0004443008510861546,3135,,nan,24.506,1.0,93,4,23,0.66,895,0.013267611153423786,0.005025977268815041,0.013828563503921032,1500,1500,1418,1498,1897,1500,1897,1115
1783462085.8069,9.4804,0.02148,46.57,475,3250106,0.503,AUTOTUNE,AUTOTUNE,128,4.74018406867981,0.0,10.0,0.5,0.0,0.0,nan,nan,nan,nan,nan,nan,nan,nan,nan,nan,12.378517663705018,2.009579181354574,10.480137069474244,0,0,-6.750368595123291,-2.0789804458618164,-0.4419335722923279,-0.012666831724345684,0.040068838745355606,-0.02205679938197136,nan,nan,nan,-0.030390823259949684,-0.006699478253722191,-3.1373276710510254,-0.00024158155429176986,3135,,nan,24.489,1.03,93,4,24,0.66,895,0.013267611153423786,0.005025977268815041,0.013828563503921032,1500,1500,1418,1498,1897,1500,1897,1115
1783462085.8247,9.5002,0.01781,56.14,476,3250121,0.520,AUTOTUNE,AUTOTUNE,128,4.7500773668289185,0.0,10.0,0.5,0.0,0.0,nan,nan,nan,nan,nan,nan,nan,nan,nan,nan,12.389110145347388,2.008616118252962,10.48113774461012,0,0,-6.750942707061768,-2.0783205032348633,-0.4423571228981018,-0.012739041820168495,0.04024384543299675,-0.022390002384781837,nan,nan,nan,-0.030392631888389587,-0.006708547472953796,-3.137324094772339,-0.0004446865350473672,3135,,nan,24.489,1.03,93,4,24,0.66,895,0.013267611153423786,0.005025977268815041,0.013828563503921032,1500,1500,1418,1498,1897,1500,1897,1115
1783462085.8446,9.5202,0.01989,50.29,477,3250141,0.540,AUTOTUNE,AUTOTUNE,128,4.760083913803101,0.0,10.0,0.5,0.0,0.0,nan,nan,nan,nan,nan,nan,nan,nan,nan,nan,12.399956607035557,2.007380272250267,10.482333994362554,0,0,-6.751919746398926,-2.077406883239746,-0.4430263638496399,-0.012659872882068157,0.04042988270521164,-0.022694271057844162,nan,nan,nan,-0.030393091961741447,-0.006710989400744438,-3.137317419052124,0.0002851414610631764,3135,,nan,24.489,1.03,93,4,24,0.66,895,0.013267611153423786,0.005025977268815041,0.013828563503921032,1500,1500,1418,1498,1897,1500,1897,1115
1783462085.8651,9.5404,0.02053,48.72,478,3250163,0.561,AUTOTUNE,AUTOTUNE,128,4.77021324634552,0.0,10.0,0.5,0.0,0.0,nan,nan,nan,nan,nan,nan,nan,nan,nan,nan,12.411524058436983,2.0061259499481054,10.483911684932917,0,0,-6.752865791320801,-2.07641863822937,-0.4437740445137024,-0.012943971902132034,0.04058350250124931,-0.02317347750067711,nan,nan,nan,-0.03039213828742504,-0.006711438298225403,-3.137322425842285,-0.00031667191069573164,3135,,nan,24.489,1.03,93,4,24,0.66,895,0.013267611153423786,0.005025977268815041,0.013828563503921032,1500,1500,1418,1498,1897,1500,1897,1115
1783462085.8850,9.5604,0.01995,50.12,479,3250181,0.581,AUTOTUNE,AUTOTUNE,128,4.780198097229004,0.0,10.0,0.5,0.0,0.0,nan,nan,nan,nan,nan,nan,nan,nan,nan,nan,12.422259454090641,2.00486560598952,10.484890846977835,0,0,-6.753403663635254,-2.07566237449646,-0.44429677724838257,-0.013066758401691914,0.04087453335523605,-0.023436997085809708,nan,nan,nan,-0.030394751578569412,-0.006718780845403671,-3.137326955795288,-0.0002816451305989176,3135,,nan,24.489,1.03,93,4,24,0.66,895,0.013267611153423786,0.005025977268815041,0.013828563503921032,1500,1500,1418,1498,1897,1500,1897,1115
1783462085.9053,9.5804,0.02027,49.34,480,3250201,0.601,AUTOTUNE,AUTOTUNE,128,4.790184497833252,0.0,10.0,0.5,0.0,0.0,nan,nan,nan,nan,nan,nan,nan,nan,nan,nan,12.432983375133825,2.004587508120557,10.486463538673899,0,0,-6.754268646240234,-2.0748255252838135,-0.4450119137763977,-0.012993168085813522,0.040551938116550446,-0.02393210679292679,nan,nan,nan,-0.030399208888411522,-0.006711065769195557,-3.1373302936553955,-0.00035409186966717243,3135,,nan,24.489,1.03,93,4,24,0.66,895,0.01301706861704588,0.002920961007475853,0.012067205272614956,1500,1500,1418,1498,1897,1500,1897,1115
1783462085.9247,9.6002,0.01943,51.47,481,3250223,0.620,AUTOTUNE,AUTOTUNE,128,4.800115942955017,0.0,10.0,0.5,0.0,0.0,nan,nan,nan,nan,nan,nan,nan,nan,nan,nan,12.443826787030007,2.0037248898057674,10.487266694570783,0,0,-6.754857540130615,-2.0739152431488037,-0.44568687677383423,-0.013179694302380085,0.04052441939711571,-0.02400611899793148,nan,nan,nan,-0.030402205884456635,-0.006711948662996292,-3.1373379230499268,-0.00047716405242681503,3135,,nan,24.489,1.03,93,4,24,0.66,895,0.01301706861704588,0.002920961007475853,0.012067205272614956,1500,1500,1418,1498,1897,1500,1897,1115
1783462085.9453,9.6204,0.02056,48.64,482,3250241,0.641,AUTOTUNE,AUTOTUNE,128,4.810176610946655,0.0,10.0,0.5,0.0,0.0,nan,nan,nan,nan,nan,nan,nan,nan,nan,nan,12.45415953218962,2.0036819539680946,10.488294471853207,0,0,-6.755639553070068,-2.0732288360595703,-0.4462963938713074,-0.01288528274744749,0.040152911096811295,-0.024247601628303528,nan,nan,nan,-0.03040788695216179,-0.006712961941957474,-3.1373372077941895,-0.0003010093350894749,3135,,nan,24.489,1.03,93,4,24,0.66,895,0.01301706861704588,0.002920961007475853,0.012067205272614956,1500,1500,1418,1498,1897,1500,1897,1115
1783462085.9652,9.6404,0.01989,50.28,483,3250263,0.661,AUTOTUNE,AUTOTUNE,128,4.820189595222473,0.0,10.0,0.5,0.0,0.0,nan,nan,nan,nan,nan,nan,nan,nan,nan,nan,12.465156405169877,2.0030025671165146,10.489546897301462,0,0,-6.756430149078369,-2.072374105453491,-0.44694072008132935,-0.01299688033759594,0.04005167633295059,-0.024598687887191772,nan,nan,nan,-0.03040258400142193,-0.006715821102261543,-3.1373305320739746,0.00024184548237826675,3135,,nan,24.489,1.03,93,4,24,0.66,895,0.01301706861704588,0.002920961007475853,0.012067205272614956,1500,1500,1418,1498,1897,1500,1897,1115
1783462085.9849,9.6603,0.01976,50.62,484,3250281,0.681,AUTOTUNE,AUTOTUNE,128,4.830159425735474,0.0,10.0,0.5,0.0,0.0,nan,nan,nan,nan,nan,nan,nan,nan,nan,nan,12.47574256174411,2.0021941289769383,10.490279395804128,0,0,-6.756889343261719,-2.071699857711792,-0.4474164843559265,-0.013087600469589233,0.040129151195287704,-0.024746913462877274,nan,nan,nan,-0.030396154150366783,-0.006710255518555641,-3.13732647895813,0.00016767506895121187,3135,,nan,24.489,1.03,93,4,24,0.66,895,0.01301706861704588,0.002920961007475853,0.012067205272614956,1500,1500,1418,1498,1897,1500,1897,1115
1783462086.0054,9.6804,0.02044,48.93,485,3250301,0.701,AUTOTUNE,AUTOTUNE,128,4.840191125869751,0.0,10.0,0.5,0.0,0.0,nan,nan,nan,nan,nan,nan,nan,nan,nan,nan,12.486179012162939,2.001868197935304,10.491598128293454,0,0,-6.757585525512695,-2.070950746536255,-0.4480038285255432,-0.012919342145323753,0.03988482803106308,-0.02516918070614338,nan,nan,nan,-0.030386464670300484,-0.0067120511084795,-3.1373305320739746,-0.0002944287844002247,3135,,nan,24.489,1.03,93,4,24,0.66,895,0.01301706861704588,0.002920961007475853,0.012067205272614956,1500,1500,1418,1498,1897,1500,1897,1115
1783462086.0251,9.7004,0.01972,50.70,486,3250323,0.721,AUTOTUNE,AUTOTUNE,128,4.850194096565247,0.0,10.0,0.5,0.0,0.0,nan,nan,nan,nan,nan,nan,nan,nan,nan,nan,12.49689811325708,2.0008946571407074,10.492466624490781,0,0,-6.758075714111328,-2.0700929164886475,-0.44860655069351196,-0.01304978970438242,0.0399516336619854,-0.025322625413537025,nan,nan,nan,-0.030393734574317932,-0.006711598485708237,-3.1373348236083984,-0.000187503537745215,3135,,nan,24.489,1.03,93,4,24,0.66,895,0.01301706861704588,0.002920961007475853,0.012067205272614956,1500,1500,1418,1498,1897,1500,1897,1115
1783462086.0452,9.7204,0.02014,49.66,487,3250341,0.741,AUTOTUNE,AUTOTUNE,128,4.860222101211548,0.0,10.0,0.5,0.0,0.0,nan,nan,nan,nan,nan,nan,nan,nan,nan,nan,12.507558189416535,2.000166193952229,10.493432574273106,0,0,-6.758677959442139,-2.0694589614868164,-0.44909876585006714,-0.01306700985878706,0.04000619798898697,-0.0255961362272501,nan,nan,nan,-0.030394164845347404,-0.006718043237924576,-3.1373441219329834,-0.0005709779215976596,3135,,nan,24.489,1.03,93,4,24,0.66,895,0.01301706861704588,0.002920961007475853,0.012067205272614956,1500,1500,1418,1498,1897,1500,1897,1115
1783462086.0650,9.7404,0.01979,50.53,488,3250363,0.761,AUTOTUNE,AUTOTUNE,128,4.870198845863342,0.0,10.0,0.5,0.0,0.0,nan,nan,nan,nan,nan,nan,nan,nan,nan,nan,12.517993567164954,1.9995576955379173,10.494561100268085,0,0,-6.759304046630859,-2.068650484085083,-0.4496738314628601,-0.012970330193638802,0.03989074006676674,-0.02591567672789097,nan,nan,nan,-0.030391696840524673,-0.006724439561367035,-3.1373395919799805,3.5296499845571816e-05,3135,,nan,24.489,1.03,93,4,24,0.66,895,0.01301706861704588,0.002920961007475853,0.012067205272614956,1500,1500,1418,1498,1897,1500,1897,1115
1783462086.0851,9.7604,0.02011,49.73,489,3250381,0.781,AUTOTUNE,AUTOTUNE,128,4.880223631858826,0.0,10.0,0.5,0.0,0.0,nan,nan,nan,nan,nan,nan,nan,nan,nan,nan,12.528422813426722,1.9985840756291817,10.495305997680404,0,0,-6.759687423706055,-2.067986249923706,-0.4501346945762634,-0.012982502579689026,0.04006936401128769,-0.026079664006829262,nan,nan,nan,-0.030388301238417625,-0.006720749661326408,-3.1373372077941895,-1.479010097682476e-05,3135,,nan,24.489,1.03,93,4,24,0.66,895,0.01301706861704588,0.002920961007475853,0.012067205272614956,1500,1500,1418,1498,1897,1500,1897,1115
1783462086.1055,9.7803,0.02034,49.17,490,3250401,0.801,AUTOTUNE,AUTOTUNE,128,4.890158772468567,0.0,10.0,0.5,0.0,0.0,nan,nan,nan,nan,nan,nan,nan,nan,nan,nan,12.538681999610711,1.9981633375698689,10.496369135474742,0,0,-6.760229587554932,-2.067286729812622,-0.45065420866012573,-0.012856571935117245,0.039908409118652344,-0.026393525302410126,nan,nan,nan,-0.030389709398150444,-0.006719151511788368,-3.1373398303985596,-4.0061058825813234e-05,3135,,nan,24.489,1.03,93,4,24,0.66,895,0.01301706861704588,0.0020727168302983046,0.012067205272614956,1500,1500,1418,1498,1897,1500,1897,1115
1783462086.1249,9.8003,0.01942,51.48,491,3250421,0.821,AUTOTUNE,AUTOTUNE,128,4.900158762931824,0.0,10.0,0.5,0.0,0.0,nan,nan,nan,nan,nan,nan,nan,nan,nan,nan,12.549289761816317,1.9974402093219727,10.496942956491795,0,0,-6.760626316070557,-2.066519021987915,-0.4511926770210266,-0.012978417798876762,0.03988267108798027,-0.0264139361679554,nan,nan,nan,-0.03038669005036354,-0.006713651120662689,-3.1373467445373535,-0.00023304513888433576,3135,,nan,24.489,1.03,93,4,24,0.66,895,0.01301706861704588,0.0020727168302983046,0.012067205272614956,1500,1500,1418,1498,1897,1500,1897,1115
1783462086.1453,9.8204,0.02040,49.03,492,3250441,0.841,AUTOTUNE,AUTOTUNE,128,4.910182952880859,0.0,10.0,0.5,0.0,0.0,nan,nan,nan,nan,nan,nan,nan,nan,nan,nan,12.559398405885142,1.9958200139663833,10.498114989892436,0,0,-6.7611165046691895,-2.0652878284454346,-0.4519440531730652,-0.012744166888296604,0.04010726138949394,-0.026656802743673325,nan,nan,nan,-0.03039739839732647,-0.006709475070238113,-3.1373536586761475,-0.0005017687799409032,3135,,nan,24.489,1.03,93,4,24,0.66,895,0.01301706861704588,0.0020727168302983046,0.012067205272614956,1500,1500,1418,1498,1897,1500,1897,1115
1783462086.1651,9.8403,0.01984,50.40,493,3250461,0.861,AUTOTUNE,AUTOTUNE,128,4.920157313346863,0.0,10.0,0.5,0.0,0.0,nan,nan,nan,nan,nan,nan,nan,nan,nan,nan,12.569233902340585,1.9947005265537663,10.499103737371156,0,0,-6.761475086212158,-2.0642905235290527,-0.45251697301864624,-0.012456966564059258,0.04017780348658562,-0.026896880939602852,nan,nan,nan,-0.030408725142478943,-0.006712442263960838,-3.1373484134674072,6.089758244343102e-05,3135,,nan,24.489,1.03,93,4,24,0.66,895,0.01301706861704588,0.0020727168302983046,0.012067205272614956,1500,1500,1418,1498,1897,1500,1897,1115
1783462086.1854,9.8604,0.02023,49.44,494,3250481,0.881,AUTOTUNE,AUTOTUNE,128,4.930222868919373,0.0,10.0,0.5,0.0,0.0,nan,nan,nan,nan,nan,nan,nan,nan,nan,nan,12.57976840049917,1.9931672487108993,10.500509550014996,0,0,-6.7619171142578125,-2.0631093978881836,-0.45314377546310425,-0.012472505681216717,0.04038111865520477,-0.027346642687916756,nan,nan,nan,-0.03040437400341034,-0.006720494478940964,-3.1373438835144043,2.9051276214886457e-05,3135,,nan,24.489,1.03,93,4,24,0.66,895,0.01301706861704588,0.0020727168302983046,0.012067205272614956,1500,1500,1418,1498,1897,1500,1897,1115
1783462086.2056,9.8805,0.02019,49.53,495,3250501,0.901,AUTOTUNE,AUTOTUNE,128,4.94023585319519,0.0,10.0,0.5,0.0,0.0,nan,nan,nan,nan,nan,nan,nan,nan,nan,nan,12.590056198396788,1.9915706873048173,10.501740855341206,0,0,-6.762327194213867,-2.0619752407073975,-0.4537603259086609,-0.012394409626722336,0.04064808785915375,-0.027701571583747864,nan,nan,nan,-0.030403373762965202,-0.006712192669510841,-3.137338638305664,0.00019104708917438984,3135,,nan,24.489,1.03,93,4,24,0.66,895,0.01301706861704588,0.0020727168302983046,0.012067205272614956,1500,1500,1418,1498,1897,1500,1897,1115
1783462086.2253,9.9003,0.01975,50.64,496,3250523,0.921,AUTOTUNE,AUTOTUNE,128,4.9501731395721436,0.0,10.0,0.5,0.0,0.0,nan,nan,nan,nan,nan,nan,nan,nan,nan,nan,12.600391389726482,1.9901991615042256,10.502524188021495,0,0,-6.762681484222412,-2.0609021186828613,-0.4544195532798767,-0.012419590726494789,0.040820371359586716,-0.02777322381734848,nan,nan,nan,-0.030398976057767868,-0.00670572929084301,-3.137341260910034,-0.0002626191999297589,3135,,nan,24.489,1.03,93,4,24,0.66,895,0.01301706861704588,0.0020727168302983046,0.012067205272614956,1500,1500,1418,1498,1897,1500,1897,1115
1783462086.2453,9.9204,0.01998,50.05,497,3250541,0.941,AUTOTUNE,AUTOTUNE,128,4.96017599105835,0.0,10.0,0.5,0.0,0.0,nan,nan,nan,nan,nan,nan,nan,nan,nan,nan,12.61049088253845,1.9886569911656646,10.503449009325468,0,0,-6.763022422790527,-2.0599093437194824,-0.45492929220199585,-0.012278545647859573,0.041137564927339554,-0.028012871742248535,nan,nan,nan,-0.030408950522542,-0.006695101037621498,-3.1373355388641357,-7.772771641612053e-05,3135,,nan,24.489,1.03,93,4,24,0.66,895,0.01301706861704588,0.0020727168302983046,0.012067205272614956,1500,1500,1418,1498,1897,1500,1897,1115
1783462086.2651,9.9404,0.01987,50.34,498,3250563,0.961,AUTOTUNE,AUTOTUNE,128,4.970176339149475,0.0,10.0,0.5,0.0,0.0,nan,nan,nan,nan,nan,nan,nan,nan,nan,nan,12.620134971614897,1.9872355241040296,10.504595632952904,0,0,-6.763405799865723,-2.0587158203125,-0.45555824041366577,-0.011851516552269459,0.04126916825771332,-0.028311751782894135,nan,nan,nan,-0.03040143847465515,-0.006698669865727425,-3.1373331546783447,2.4032378860283643e-05,3135,,nan,24.489,1.03,93,4,24,0.66,895,0.01301706861704588,0.0020727168302983046,0.012067205272614956,1500,1500,1418,1498,1897,1500,1897,1115
1783462086.2850,9.9602,0.01989,50.28,499,3250581,0.981,AUTOTUNE,AUTOTUNE,128,4.980113625526428,0.0,10.0,0.5,0.0,0.0,nan,nan,nan,nan,nan,nan,nan,nan,nan,nan,12.630768665935424,1.9860413727207311,10.50547096318071,0,0,-6.763660907745361,-2.057879686355591,-0.45604485273361206,-0.012106301262974739,0.041475869715213776,-0.028536178171634674,nan,nan,nan,-0.030406180769205093,-0.006693333387374878,-3.137338399887085,-0.00028038889286108315,3135,,nan,24.489,1.03,93,4,24,0.66,895,0.01301706861704588,0.0020727168302983046,0.012067205272614956,1500,1500,1418,1498,1897,1500,1897,1115
1783462086.3069,9.9805,0.02187,45.73,500,3250606,0.002,AUTOTUNE,AUTOTUNE,128,4.990233898162842,0.0,10.0,0.5,0.0,0.0,nan,nan,nan,nan,nan,nan,nan,nan,nan,nan,12.641193353782805,1.9841595861236903,10.506854522571098,0,0,-6.764323711395264,-2.0565078258514404,-0.4567357897758484,-0.01189938560128212,0.04177027568221092,-0.02893606387078762,nan,nan,nan,-0.030400723218917847,-0.006698621436953545,-3.1373534202575684,-0.000684632919728756,3135,,nan,24.509,1.01,93,4,24,0.66,895,0.012599876150488853,0.00234786095097661,0.004889063071459532,1500,1500,1418,1498,1897,1500,1897,1115
1783462086.3251,10.0003,0.01822,54.88,501,3250623,0.021,AUTOTUNE,AUTOTUNE,128,5.000160217285156,0.0,10.0,0.5,0.0,0.0,nan,nan,nan,nan,nan,nan,nan,nan,nan,nan,12.65184649398769,1.9834019006569865,10.507831741483095,0,0,-6.764845848083496,-2.055556058883667,-0.4572303891181946,-0.012017560191452503,0.041658222675323486,-0.029214704409241676,nan,nan,nan,-0.030396802350878716,-0.00669354572892189,-3.137346029281616,1.9200895621906966e-05,3135,,nan,24.509,1.01,93,4,24,0.66,895,0.012599876150488853,0.00234786095097661,0.004889063071459532,1500,1500,1418,1498,1897,1500,1897,1115
1783462086.3450,10.0204,0.01989,50.27,502,3250641,0.041,AUTOTUNE,AUTOTUNE,128,5.010175466537476,0.0,10.0,0.5,0.0,0.0,nan,nan,nan,nan,nan,nan,nan,nan,nan,nan,12.6630715337504,1.9816799674041374,10.508521825658564,0,0,-6.765637397766113,-2.054399251937866,-0.4576336741447449,-0.012259031645953655,0.041984498500823975,-0.02938028797507286,nan,nan,nan,-0.0304049514234066,-0.00668855756521225,-3.137333869934082,0.0006594238802790642,3135,,nan,24.509,1.01,93,4,24,0.66,895,0.012599876150488853,0.00234786095097661,0.004889063071459532,1500,1500,1418,1498,1897,1500,1897,1115
1783462086.3650,10.0404,0.01997,50.06,503,3250661,0.061,AUTOTUNE,AUTOTUNE,128,5.020201683044434,0.0,10.0,0.5,0.0,0.0,nan,nan,nan,nan,nan,nan,nan,nan,nan,nan,12.673438346840534,1.9802221076948374,10.509154650383323,0,0,-6.766149044036865,-2.0533604621887207,-0.45812660455703735,-0.012160276062786579,0.04222644865512848,-0.029461055994033813,nan,nan,nan,-0.030405135825276375,-0.006684351712465286,-3.137336492538452,-0.00023528265592176467,3135,,nan,24.509,1.01,93,4,24,0.66,895,0.012599876150488853,0.00234786095097661,0.004889063071459532,1500,1500,1418,1498,1897,1500,1897,1115
1783462086.3853,10.0604,0.02029,49.28,504,3250681,0.081,AUTOTUNE,AUTOTUNE,128,5.030189275741577,0.0,10.0,0.5,0.0,0.0,nan,nan,nan,nan,nan,nan,nan,nan,nan,nan,12.68451664024171,1.9791145307900808,10.50951345171144,0,0,-6.766888618469238,-2.05216646194458,-0.45852094888687134,-0.01236299891024828,0.04217655211687088,-0.029440535232424736,nan,nan,nan,-0.030396265909075737,-0.006685312837362289,-3.137349843978882,-0.0005894027417525649,3135,,nan,24.509,1.01,93,4,24,0.66,895,0.012599876150488853,0.00234786095097661,0.004889063071459532,1500,1500,1418,1498,1897,1500,1897,1115
1783462086.4051,10.0803,0.01981,50.47,505,3250701,0.101,AUTOTUNE,AUTOTUNE,128,5.0401691198349,0.0,10.0,0.5,0.0,0.0,nan,nan,nan,nan,nan,nan,nan,nan,nan,nan,12.695289985122791,1.9773066824417418,10.510028344405042,0,0,-6.767585754394531,-2.0509915351867676,-0.4589381814002991,-0.012418635189533234,0.04254196956753731,-0.029496919363737106,nan,nan,nan,-0.030398273840546608,-0.006698578596115112,-3.137352466583252,-0.00018232488946523517,3135,,nan,24.509,1.01,93,4,24,0.66,895,0.012599876150488853,0.00234786095097661,0.004889063071459532,1500,1500,1418,1498,1897,1500,1897,1115
1783462086.4250,10.1004,0.01993,50.18,506,3250723,0.121,AUTOTUNE,AUTOTUNE,128,5.050202488899231,0.0,10.0,0.5,0.0,0.0,nan,nan,nan,nan,nan,nan,nan,nan,nan,nan,12.705875758976125,1.9757274357937422,10.510997926866562,0,0,-6.768073081970215,-2.049893617630005,-0.4595145583152771,-0.012456207536160946,0.04281986504793167,-0.029723936691880226,nan,nan,nan,-0.030396807938814163,-0.0067039187997579575,-3.1373488903045654,0.00028961332282051444,3135,,nan,24.509,1.01,93,4,24,0.66,895,0.012599876150488853,0.00234786095097661,0.004889063071459532,1500,1500,1418,1498,1897,1500,1897,1115
1783462086.4452,10.1203,0.02019,49.53,507,3250741,0.141,AUTOTUNE,AUTOTUNE,128,5.060153007507324,0.0,10.0,0.5,0.0,0.0,nan,nan,nan,nan,nan,nan,nan,nan,nan,nan,12.716708559371044,1.9746707361776181,10.511667103977276,0,0,-6.768680572509766,-2.048858165740967,-0.45984429121017456,-0.012614858336746693,0.042832132428884506,-0.02991991490125656,nan,nan,nan,-0.030398830771446228,-0.006692562252283096,-3.137348175048828,-0.00014100599219091237,3135,,nan,24.509,1.01,93,4,24,0.66,895,0.012599876150488853,0.00234786095097661,0.004889063071459532,1500,1500,1418,1498,1897,1500,1897,1115
1783462086.4651,10.1403,0.01984,50.40,508,3250763,0.161,AUTOTUNE,AUTOTUNE,128,5.070171475410461,0.0,10.0,0.5,0.0,0.0,nan,nan,nan,nan,nan,nan,nan,nan,nan,nan,12.727349265664875,1.9724567472845538,10.51241612377443,0,0,-6.769311428070068,-2.047636032104492,-0.46030086278915405,-0.012609883211553097,0.04340478032827377,-0.03008875995874405,nan,nan,nan,-0.0304010808467865,-0.006690286099910736,-3.137342929840088,0.0001585491991136223,3135,,nan,24.509,1.01,93,4,24,0.66,895,0.012599876150488853,0.00234786095097661,0.004889063071459532,1500,1500,1418,1498,1897,1500,1897,1115
1783462086.4854,10.1605,0.02033,49.19,509,3250781,0.181,AUTOTUNE,AUTOTUNE,128,5.080231547355652,0.0,10.0,0.5,0.0,0.0,nan,nan,nan,nan,nan,nan,nan,nan,nan,nan,12.737606871888701,1.9719591041590236,10.513042311219426,0,0,-6.7696919441223145,-2.046767473220825,-0.4607200026512146,-0.01250423863530159,0.04319063201546669,-0.030208298936486244,nan,nan,nan,-0.03039585053920746,-0.0066779907792806625,-3.137343645095825,8.106898894766346e-05,3135,,nan,24.509,1.01,93,4,24,0.66,895,0.012599876150488853,0.00234786095097661,0.004889063071459532,1500,1500,1418,1498,1897,1500,1897,1115
1783462086.5052,10.1803,0.01979,50.52,510,3250801,0.201,AUTOTUNE,AUTOTUNE,128,5.090153694152832,0.0,10.0,0.5,0.0,0.0,nan,nan,nan,nan,nan,nan,nan,nan,nan,nan,12.74901973240887,1.9700586841843752,10.513515956317436,0,0,-6.770420551300049,-2.0454957485198975,-0.46101993322372437,-0.012944241054356098,0.043553609400987625,-0.030308593064546585,nan,nan,nan,-0.03039354458451271,-0.006683478131890297,-3.1373391151428223,0.00021215069864410907,3135,,nan,24.509,1.01,93,4,24,0.66,895,0.012664185836911201,0.0023995921947062016,0.0037414440885186195,1500,1500,1418,1498,1897,1500,1897,1115
1783462086.5253,10.2005,0.02016,49.60,511,3250823,0.221,AUTOTUNE,AUTOTUNE,128,5.10023045539856,0.0,10.0,0.5,0.0,0.0,nan,nan,nan,nan,nan,nan,nan,nan,nan,nan,12.759462402715158,1.9682031026804756,10.514148312071745,0,0,-6.771023750305176,-2.0442090034484863,-0.4615233540534973,-0.012807241640985012,0.04388202726840973,-0.0303830336779356,nan,nan,nan,-0.030395254492759705,-0.006681831553578377,-3.1373398303985596,-0.00024118962755892426,3135,,nan,24.509,1.01,93,4,24,0.66,895,0.012664185836911201,0.0023995921947062016,0.0037414440885186195,1500,1500,1418,1498,1897,1500,1897,1115
1783462086.5450,10.2203,0.01964,50.92,512,3250841,0.241,AUTOTUNE,AUTOTUNE,128,5.1101449728012085,0.0,10.0,0.5,0.0,0.0,nan,nan,nan,nan,nan,nan,nan,nan,nan,nan,12.770542696049846,1.966302479425429,10.51433882000379,0,0,-6.771823406219482,-2.0429060459136963,-0.4616740345954895,-0.013018621131777763,0.04422708973288536,-0.030406028032302856,nan,nan,nan,-0.03038889728486538,-0.0066688042134046555,-3.1373391151428223,8.419130608672276e-05,3135,,nan,24.509,1.01,93,4,24,0.66,895,0.012664185836911201,0.0023995921947062016,0.0037414440885186195,1500,1500,1418,1498,1897,1500,1897,1115
1783462086.5653,10.2404,0.02030,49.26,513,3250863,0.261,AUTOTUNE,AUTOTUNE,128,5.12019407749176,0.0,10.0,0.5,0.0,0.0,nan,nan,nan,nan,nan,nan,nan,nan,nan,nan,12.781248233709311,1.964597933573648,10.51454038823362,0,0,-6.772636890411377,-2.0414187908172607,-0.4619899392127991,-0.0129279475659132,0.044352542608976364,-0.03034001588821411,nan,nan,nan,-0.030391836538910866,-0.006664682179689407,-3.137343645095825,-0.00024845535517670214,3135,,nan,24.509,1.01,93,4,24,0.66,895,0.012664185836911201,0.0023995921947062016,0.0037414440885186195,1500,1500,1418,1498,1897,1500,1897,1115
1783462086.5853,10.2604,0.02005,49.89,514,3250881,0.281,AUTOTUNE,AUTOTUNE,128,5.130194425582886,0.0,10.0,0.5,0.0,0.0,nan,nan,nan,nan,nan,nan,nan,nan,nan,nan,12.792069693349012,1.96332266829878,10.515011998834055,0,0,-6.773106098175049,-2.040419816970825,-0.462341845035553,-0.013131119310855865,0.0445120595395565,-0.030409127473831177,nan,nan,nan,-0.03039512410759926,-0.006666041910648346,-3.137345790863037,-0.00027208655956201255,3135,,nan,24.509,1.01,93,4,24,0.66,895,0.012664185836911201,0.0023995921947062016,0.0037414440885186195,1500,1500,1418,1498,1897,1500,1897,1115
1783462086.6054,10.2803,0.02003,49.92,515,3250901,0.301,AUTOTUNE,AUTOTUNE,128,5.140164256095886,0.0,10.0,0.5,0.0,0.0,nan,nan,nan,nan,nan,nan,nan,nan,nan,nan,12.803275575053116,1.961548552508378,10.515520947872222,0,0,-6.773819923400879,-2.0391106605529785,-0.46261316537857056,-0.013432626612484455,0.04478050395846367,-0.030546322464942932,nan,nan,nan,-0.030405448749661446,-0.006664145737886429,-3.137347936630249,-7.674298831261694e-05,3135,,nan,24.509,1.01,93,4,24,0.66,895,0.012664185836911201,0.0023995921947062016,0.0037414440885186195,1500,1500,1418,1498,1897,1500,1897,1115
1783462086.6253,10.3003,0.01994,50.16,516,3250921,0.321,AUTOTUNE,AUTOTUNE,128,5.1501624584198,0.0,10.0,0.5,0.0,0.0,nan,nan,nan,nan,nan,nan,nan,nan,nan,nan,12.813558160037129,1.9600150552397189,10.51601610734212,0,0,-6.774299621582031,-2.038011312484741,-0.46307021379470825,-0.013319861143827438,0.04503116011619568,-0.030568325892090797,nan,nan,nan,-0.030401762574911118,-0.006666403263807297,-3.1373486518859863,-0.00024013718939386308,3135,,nan,24.509,1.01,93,4,24,0.66,895,0.012664185836911201,0.0023995921947062016,0.0037414440885186195,1500,1500,1418,1498,1897,1500,1897,1115
1783462086.6455,10.3204,0.02023,49.44,517,3250941,0.341,AUTOTUNE,AUTOTUNE,128,5.160180330276489,0.0,10.0,0.5,0.0,0.0,nan,nan,nan,nan,nan,nan,nan,nan,nan,nan,12.8246236864684,1.958433371915933,10.516185611862085,0,0,-6.774956703186035,-2.036748170852661,-0.4632576107978821,-0.013545358553528786,0.045215070247650146,-0.030557995662093163,nan,nan,nan,-0.03039993718266487,-0.006666233763098717,-3.137342691421509,0.0002130671200575307,3135,,nan,24.509,1.01,93,4,24,0.66,895,0.012664185836911201,0.0023995921947062016,0.0037414440885186195,1500,1500,1418,1498,1897,1500,1897,1115
1783462086.6650,10.3404,0.01946,51.38,518,3250961,0.361,AUTOTUNE,AUTOTUNE,128,5.170207619667053,0.0,10.0,0.5,0.0,0.0,nan,nan,nan,nan,nan,nan,nan,nan,nan,nan,12.835363209582225,1.9564676248511401,10.516729570496178,0,0,-6.775411605834961,-2.035661458969116,-0.4636186957359314,-0.013693928718566895,0.04572258144617081,-0.03066357783973217,nan,nan,nan,-0.030409449711441994,-0.006660155951976776,-3.137347936630249,-0.00013532530283555388,3135,,nan,24.509,1.01,93,4,24,0.66,895,0.012664185836911201,0.0023995921947062016,0.0037414440885186195,1500,1500,1418,1498,1897,1500,1897,1115
1783462086.6852,10.3604,0.02020,49.50,519,3250981,0.381,AUTOTUNE,AUTOTUNE,128,5.18020224571228,0.0,10.0,0.5,0.0,0.0,nan,nan,nan,nan,nan,nan,nan,nan,nan,nan,12.846031521977865,1.9552435601344296,10.51688321913696,0,0,-6.776025772094727,-2.034421443939209,-0.46375495195388794,-0.013728292658925056,0.04571337252855301,-0.030673619359731674,nan,nan,nan,-0.03040470741689205,-0.006654391065239906,-3.1373636722564697,-0.0008481697295792401,3135,,nan,24.509,1.01,93,4,24,0.66,895,0.012664185836911201,0.0023995921947062016,0.0037414440885186195,1500,1500,1418,1498,1897,1500,1897,1115
1783462086.7055,10.3804,0.02033,49.18,520,3251001,0.401,AUTOTUNE,AUTOTUNE,128,5.19018280506134,0.0,10.0,0.5,0.0,0.0,nan,nan,nan,nan,nan,nan,nan,nan,nan,nan,12.857544717307707,1.9536113014696475,10.51757797143746,0,0,-6.776877403259277,-2.0331690311431885,-0.46421366930007935,-0.014121470972895622,0.04593267664313316,-0.03080989420413971,nan,nan,nan,-0.03040592186152935,-0.006637228652834892,-3.13736629486084,-0.00044524134136736393,3135,,nan,24.509,1.01,93,4,24,0.66,895,0.012763026170432568,0.007290130015462637,0.0126334922388196,1500,1500,1418,1498,1897,1500,1897,1115
1783462086.7251,10.4005,0.01962,50.98,521,3251023,0.421,AUTOTUNE,AUTOTUNE,128,5.200230121612549,0.0,10.0,0.5,0.0,0.0,nan,nan,nan,nan,nan,nan,nan,nan,nan,nan,12.868370886679257,1.9523198323475548,10.518895002755094,0,0,-6.777596950531006,-2.0319454669952393,-0.4649868607521057,-0.01415571104735136,0.04597188159823418,-0.031123880296945572,nan,nan,nan,-0.030402610078454018,-0.006640003994107246,-3.1373801231384277,-0.0005406635464169085,3135,,nan,24.509,1.01,93,4,24,0.66,895,0.012763026170432568,0.007290130015462637,0.0126334922388196,1500,1500,1418,1498,1897,1500,1897,1115
1783462086.7448,10.4202,0.01965,50.88,522,3251041,0.440,AUTOTUNE,AUTOTUNE,128,5.210110068321228,0.0,10.0,0.5,0.0,0.0,nan,nan,nan,nan,nan,nan,nan,nan,nan,nan,12.87966938437408,1.9510041670306657,10.519971402997744,0,0,-6.778597831726074,-2.0308034420013428,-0.46559566259384155,-0.014396852813661098,0.046072132885456085,-0.03139384835958481,nan,nan,nan,-0.030404141172766685,-0.006643800064921379,-3.1373796463012695,-7.647094753338024e-05,3135,,nan,24.509,1.01,93,4,24,0.66,895,0.012763026170432568,0.007290130015462637,0.0126334922388196,1500,1500,1418,1498,1897,1500,1897,1115
1783462086.7654,10.4405,0.02064,48.45,523,3251063,0.461,AUTOTUNE,AUTOTUNE,128,5.220250368118286,0.0,10.0,0.5,0.0,0.0,nan,nan,nan,nan,nan,nan,nan,nan,nan,nan,12.891297712982755,1.949559049696968,10.521197405932083,0,0,-6.779605865478516,-2.0294673442840576,-0.4662856459617615,-0.014673978090286255,0.0461350753903389,-0.031703319400548935,nan,nan,nan,-0.030403466895222664,-0.006633022800087929,-3.137371301651001,0.00019701593555510044,3135,,nan,24.509,1.01,93,4,24,0.66,895,0.012763026170432568,0.007290130015462637,0.0126334922388196,1500,1500,1418,1498,1897,1500,1897,1115
1783462086.7853,10.4604,0.01989,50.27,524,3251081,0.481,AUTOTUNE,AUTOTUNE,128,5.230178952217102,0.0,10.0,0.5,0.0,0.0,nan,nan,nan,nan,nan,nan,nan,nan,nan,nan,12.901965883642093,1.9483212834346024,10.521879317237332,0,0,-6.780190944671631,-2.028494119644165,-0.4668506979942322,-0.01476318296045065,0.04628780856728554,-0.03177078813314438,nan,nan,nan,-0.030400030314922333,-0.006634529680013657,-3.1373822689056396,-0.0006153242429718375,3135,,nan,24.509,1.01,93,4,24,0.66,895,0.012763026170432568,0.007290130015462637,0.0126334922388196,1500,1500,1418,1498,1897,1500,1897,1115
1783462086.8068,10.4803,0.02143,46.66,525,3251106,0.502,AUTOTUNE,AUTOTUNE,128,5.2401580810546875,0.0,10.0,0.5,0.0,0.0,nan,nan,nan,nan,nan,nan,nan,nan,nan,nan,12.912991168426373,1.9467154997709462,10.523215984837517,0,0,-6.78115701675415,-2.0270872116088867,-0.46762746572494507,-0.01480941940099001,0.04640262946486473,-0.03209404647350311,nan,nan,nan,-0.030393483117222786,-0.006623219698667526,-3.1374049186706543,-0.0009375828667543828,3135,,nan,24.505,1.03,93,4,24,0.66,895,0.012763026170432568,0.007290130015462637,0.0126334922388196,1500,1500,1418,1498,1897,1500,1897,1115
1783462086.8249,10.5003,0.01814,55.14,526,3251121,0.520,AUTOTUNE,AUTOTUNE,128,5.250166058540344,0.0,10.0,0.5,0.0,0.0,nan,nan,nan,nan,nan,nan,nan,nan,nan,nan,12.923881184216233,1.945352496274868,10.523883038646982,0,0,-6.78165864944458,-2.0262699127197266,-0.4681017994880676,-0.015029046684503555,0.04671769216656685,-0.03220531344413757,nan,nan,nan,-0.030407749116420746,-0.006621997803449631,-3.1374011039733887,-0.0001046729157678783,3135,,nan,24.505,1.03,93,4,24,0.66,895,0.012763026170432568,0.007290130015462637,0.0126334922388196,1500,1500,1418,1498,1897,1500,1897,1115
1783462086.8450,10.5204,0.02006,49.84,527,3251141,0.540,AUTOTUNE,AUTOTUNE,128,5.26020872592926,0.0,10.0,0.5,0.0,0.0,nan,nan,nan,nan,nan,nan,nan,nan,nan,nan,12.934643619136274,1.9444362089619491,10.524680567169582,0,0,-6.782484531402588,-2.0251080989837646,-0.46869808435440063,-0.014967781491577625,0.046575937420129776,-0.0323215015232563,nan,nan,nan,-0.030406411737203598,-0.006637467071413994,-3.1374027729034424,-0.00012769638851750642,3135,,nan,24.505,1.03,93,4,24,0.66,895,0.012763026170432568,0.007290130015462637,0.0126334922388196,1500,1500,1418,1498,1897,1500,1897,1115
1783462086.8651,10.5403,0.02015,49.62,528,3251163,0.561,AUTOTUNE,AUTOTUNE,128,5.270140647888184,0.0,10.0,0.5,0.0,0.0,nan,nan,nan,nan,nan,nan,nan,nan,nan,nan,12.945682826614958,1.9428532543046828,10.52585348816232,0,0,-6.783301830291748,-2.0238547325134277,-0.469340980052948,-0.01513520535081625,0.04676622524857521,-0.03262751176953316,nan,nan,nan,-0.030395910143852234,-0.006630199030041695,-3.137399196624756,3.9020007534418255e-05,3135,,nan,24.505,1.03,93,4,24,0.66,895,0.012763026170432568,0.007290130015462637,0.0126334922388196,1500,1500,1418,1498,1897,1500,1897,1115
1783462086.8849,10.5603,0.01974,50.65,529,3251181,0.580,AUTOTUNE,AUTOTUNE,128,5.280163049697876,0.0,10.0,0.5,0.0,0.0,nan,nan,nan,nan,nan,nan,nan,nan,nan,nan,12.956361880312887,1.9419890329711549,10.526554406504156,0,0,-6.783788681030273,-2.022951364517212,-0.46986883878707886,-0.015233240090310574,0.04674362391233444,-0.032727427780628204,nan,nan,nan,-0.030394306406378746,-0.006622785702347755,-3.1373989582061768,0.00015214100130833685,3135,,nan,24.505,1.03,93,4,24,0.66,895,0.012763026170432568,0.007290130015462637,0.0126334922388196,1500,1500,1418,1498,1897,1500,1897,1115
1783462086.9053,10.5802,0.02043,48.95,530,3251201,0.601,AUTOTUNE,AUTOTUNE,128,5.290123105049133,0.0,10.0,0.5,0.0,0.0,nan,nan,nan,nan,nan,nan,nan,nan,nan,nan,12.967096692575995,1.9403801158233986,10.52797348107542,0,0,-6.784514427185059,-2.021840810775757,-0.47045308351516724,-0.015261536464095116,0.047031354159116745,-0.0332094170153141,nan,nan,nan,-0.03038366138935089,-0.0066265929490327835,-3.137410879135132,-0.0004875904996879399,3135,,nan,24.505,1.03,93,4,24,0.66,895,0.012763026170432568,0.002605859190225601,0.0126334922388196,1500,1500,1418,1498,1897,1500,1897,1115
1783462086.9251,10.6004,0.01981,50.47,531,3251221,0.621,AUTOTUNE,AUTOTUNE,128,5.300206184387207,0.0,10.0,0.5,0.0,0.0,nan,nan,nan,nan,nan,nan,nan,nan,nan,nan,12.97734068662726,1.9393889357190437,10.52901587705346,0,0,-6.785010814666748,-2.0208327770233154,-0.47107642889022827,-0.015067851170897484,0.04702162370085716,-0.03345135599374771,nan,nan,nan,-0.03038927912712097,-0.006623674184083939,-3.137401819229126,0.0002738820621743798,3135,,nan,24.505,1.03,93,4,24,0.66,895,0.012763026170432568,0.002605859190225601,0.0126334922388196,1500,1500,1418,1498,1897,1500,1897,1115
1783462086.9449,10.6204,0.01983,50.44,532,3251241,0.640,AUTOTUNE,AUTOTUNE,128,5.310175895690918,0.0,10.0,0.5,0.0,0.0,nan,nan,nan,nan,nan,nan,nan,nan,nan,nan,12.987273079509297,1.9389787983952242,10.529519584290934,0,0,-6.785635471343994,-2.0200278759002686,-0.4715443253517151,-0.014685659669339657,0.046793706715106964,-0.033472031354904175,nan,nan,nan,-0.030383344739675522,-0.006626175716519356,-3.1374080181121826,-0.0001575412752572447,3135,,nan,24.505,1.03,93,4,24,0.66,895,0.012763026170432568,0.002605859190225601,0.0126334922388196,1500,1500,1418,1498,1897,1500,1897,1115
1783462086.9653,10.6404,0.02035,49.14,533,3251261,0.661,AUTOTUNE,AUTOTUNE,128,5.320179343223572,0.0,10.0,0.5,0.0,0.0,nan,nan,nan,nan,nan,nan,nan,nan,nan,nan,12.998036967505767,1.9380067536465209,10.530587046605403,0,0,-6.786086082458496,-2.019146680831909,-0.47210365533828735,-0.014864539727568626,0.04684615880250931,-0.03376540169119835,nan,nan,nan,-0.030373292043805122,-0.006635630503296852,-3.137403726577759,0.00017776187451090664,3135,,nan,24.505,1.03,93,4,24,0.66,895,0.012763026170432568,0.002605859190225601,0.0126334922388196,1500,1500,1418,1498,1897,1500,1897,1115
1783462086.9852,10.6603,0.01993,50.19,534,3251281,0.681,AUTOTUNE,AUTOTUNE,128,5.330164194107056,0.0,10.0,0.5,0.0,0.0,nan,nan,nan,nan,nan,nan,nan,nan,nan,nan,13.008419534139623,1.9372238871763074,10.531473828758537,0,0,-6.786655902862549,-2.0183467864990234,-0.4725525975227356,-0.014765175059437752,0.04683632776141167,-0.03401818871498108,nan,nan,nan,-0.030382605269551277,-0.006644722074270248,-3.1373982429504395,-2.192199826822616e-05,3135,,nan,24.505,1.03,93,4,24,0.66,895,0.012763026170432568,0.002605859190225601,0.0126334922388196,1500,1500,1418,1498,1897,1500,1897,1115
1783462087.0051,10.6804,0.01989,50.28,535,3251301,0.701,AUTOTUNE,AUTOTUNE,128,5.3402063846588135,0.0,10.0,0.5,0.0,0.0,nan,nan,nan,nan,nan,nan,nan,nan,nan,nan,13.01890368742424,1.9365701097135792,10.532264904556632,0,0,-6.7871994972229,-2.017535448074341,-0.47303372621536255,-0.014706498011946678,0.046745359897613525,-0.034197136759757996,nan,nan,nan,-0.030379977077245712,-0.006636457517743111,-3.1374013423919678,4.4414366129785776e-05,3135,,nan,24.505,1.03,93,4,24,0.66,895,0.012763026170432568,0.002605859190225601,0.0126334922388196,1500,1500,1418,1498,1897,1500,1897,1115
1783462087.0249,10.7001,0.01979,50.53,536,3251321,0.720,AUTOTUNE,AUTOTUNE,128,5.350074291229248,0.0,10.0,0.5,0.0,0.0,nan,nan,nan,nan,nan,nan,nan,nan,nan,nan,13.029349528730988,1.9355323274084555,10.533359389546057,0,0,-6.787609100341797,-2.0166594982147217,-0.47362667322158813,-0.014803684316575527,0.04683879390358925,-0.03448669984936714,nan,nan,nan,-0.0303836390376091,-0.006644710898399353,-3.1374032497406006,-0.00040812123916111887,3135,,nan,24.505,1.03,93,4,24,0.66,895,0.012763026170432568,0.002605859190225601,0.0126334922388196,1500,1500,1418,1498,1897,1500,1897,1115
1783462087.0452,10.7203,0.02033,49.18,537,3251341,0.741,AUTOTUNE,AUTOTUNE,128,5.360173583030701,0.0,10.0,0.5,0.0,0.0,nan,nan,nan,nan,nan,nan,nan,nan,nan,nan,13.039493583789497,1.9349382983518815,10.533936231229873,0,0,-6.78810453414917,-2.0158679485321045,-0.47404903173446655,-0.014543489553034306,0.04672475531697273,-0.03457589074969292,nan,nan,nan,-0.030384231358766556,-0.006642863154411316,-3.1374154090881348,-0.0005879035452380776,3135,,nan,24.505,1.03,93,4,24,0.66,895,0.012763026170432568,0.002605859190225601,0.0126334922388196,1500,1500,1418,1498,1897,1500,1897,1115
1783462087.0655,10.7405,0.02034,49.17,538,3251363,0.761,AUTOTUNE,AUTOTUNE,128,5.370254874229431,0.0,10.0,0.5,0.0,0.0,nan,nan,nan,nan,nan,nan,nan,nan,nan,nan,13.049755683453258,1.9345499441866245,10.534892826079552,0,0,-6.7886061668396,-2.0149669647216797,-0.47450441122055054,-0.014358261600136757,0.04642878845334053,-0.03486526757478714,nan,nan,nan,-0.03038705512881279,-0.0066533926874399185,-3.1374106407165527,0.00014031448517926037,3135,,nan,24.505,1.03,93,4,24,0.66,895,0.012763026170432568,0.002605859190225601,0.0126334922388196,1500,1500,1418,1498,1897,1500,1897,1115
1783462087.0853,10.7605,0.01978,50.56,539,3251381,0.781,AUTOTUNE,AUTOTUNE,128,5.38023042678833,0.0,10.0,0.5,0.0,0.0,nan,nan,nan,nan,nan,nan,nan,nan,nan,nan,13.060006419451634,1.933691354901068,10.535403835638329,0,0,-6.788938999176025,-2.0142133235931396,-0.4749712347984314,-0.014324977993965149,0.04648938030004501,-0.03489077836275101,nan,nan,nan,-0.030403409153223038,-0.006655888631939888,-3.1374034881591797,0.00021000966080464423,3135,,nan,24.505,1.03,93,4,24,0.66,895,0.012763026170432568,0.002605859190225601,0.0126334922388196,1500,1500,1418,1498,1897,1500,1897,1115
1783462087.1053,10.7804,0.01997,50.08,540,3251401,0.801,AUTOTUNE,AUTOTUNE,128,5.39018189907074,0.0,10.0,0.5,0.0,0.0,nan,nan,nan,nan,nan,nan,nan,nan,nan,nan,13.069768468812725,1.9332864455637468,10.536004095504701,0,0,-6.789363384246826,-2.0134313106536865,-0.47538214921951294,-0.01397059578448534,0.046271659433841705,-0.03500009700655937,nan,nan,nan,-0.03040763922035694,-0.006662849336862564,-3.1374082565307617,-0.00026668640202842653,3135,,nan,24.505,1.03,93,4,24,0.66,895,0.012001586146652699,0.004930518101900816,0.015966609120368958,1500,1500,1418,1498,1897,1500,1897,1115
1783462087.1252,10.8004,0.01990,50.25,541,3251423,0.821,AUTOTUNE,AUTOTUNE,128,5.400220036506653,0.0,10.0,0.5,0.0,0.0,nan,nan,nan,nan,nan,nan,nan,nan,nan,nan,13.080030930498838,1.931775668193698,10.536974277834258,0,0,-6.789740562438965,-2.012451410293579,-0.47604042291641235,-0.013882345519959927,0.04657816141843796,-0.03518017753958702,nan,nan,nan,-0.030413394793868065,-0.0066665783524513245,-3.137408971786499,-9.46641230257228e-05,3135,,nan,24.505,1.03,93,4,24,0.66,895,0.012001586146652699,0.004930518101900816,0.015966609120368958,1500,1500,1418,1498,1897,1500,1897,1115
1783462087.1450,10.8204,0.01979,50.52,542,3251441,0.841,AUTOTUNE,AUTOTUNE,128,5.410182356834412,0.0,10.0,0.5,0.0,0.0,nan,nan,nan,nan,nan,nan,nan,nan,nan,nan,13.08991516518133,1.9296864697071485,10.537882060172933,0,0,-6.7903900146484375,-2.0109591484069824,-0.4766954779624939,-0.013462301343679428,0.04692280292510986,-0.03532608970999718,nan,nan,nan,-0.03041773848235607,-0.006671316921710968,-3.1374099254608154,-0.00033441430423408747,3135,,nan,24.505,1.03,93,4,24,0.66,895,0.012001586146652699,0.004930518101900816,0.015966609120368958,1500,1500,1418,1498,1897,1500,1897,1115
1783462087.1654,10.8405,0.02044,48.91,543,3251463,0.861,AUTOTUNE,AUTOTUNE,128,5.420228600502014,0.0,10.0,0.5,0.0,0.0,nan,nan,nan,nan,nan,nan,nan,nan,nan,nan,13.100556941499132,1.9275579262761602,10.539469810722483,0,0,-6.791055202484131,-2.0093069076538086,-0.4775051474571228,-0.013422085903584957,0.047197796404361725,-0.0357753150165081,nan,nan,nan,-0.030417131260037422,-0.0066815335303545,-3.137406826019287,-3.19876016874332e-05,3135,,nan,24.505,1.03,93,4,24,0.66,895,0.012001586146652699,0.004930518101900816,0.015966609120368958,1500,1500,1418,1498,1897,1500,1897,1115
1783462087.1848,10.8602,0.01941,51.53,544,3251481,0.880,AUTOTUNE,AUTOTUNE,128,5.430107951164246,0.0,10.0,0.5,0.0,0.0,nan,nan,nan,nan,nan,nan,nan,nan,nan,nan,13.110523288834175,1.9259678503254907,10.540515410048664,0,0,-6.791458606719971,-2.0081865787506104,-0.4781479239463806,-0.013239407911896706,0.04746900498867035,-0.03600788488984108,nan,nan,nan,-0.03042391687631607,-0.006681675091385841,-3.13740873336792,-0.00023663924366701394,3135,,nan,24.505,1.03,93,4,24,0.66,895,0.012001586146652699,0.004930518101900816,0.015966609120368958,1500,1500,1418,1498,1897,1500,1897,1115
1783462087.2055,10.8804,0.02066,48.41,545,3251501,0.901,AUTOTUNE,AUTOTUNE,128,5.440196871757507,0.0,10.0,0.5,0.0,0.0,nan,nan,nan,nan,nan,nan,nan,nan,nan,nan,13.120959606198252,1.9236519866669852,10.541681752997029,0,0,-6.792028427124023,-2.0067176818847656,-0.4788772463798523,-0.013110991567373276,0.047958001494407654,-0.036260198801755905,nan,nan,nan,-0.03042074479162693,-0.006685081869363785,-3.137411594390869,-0.0002204444317612797,3135,,nan,24.505,1.03,93,4,24,0.66,895,0.012001586146652699,0.004930518101900816,0.015966609120368958,1500,1500,1418,1498,1897,1500,1897,1115
1783462087.2252,10.9004,0.01966,50.85,546,3251523,0.921,AUTOTUNE,AUTOTUNE,128,5.450188755989075,0.0,10.0,0.5,0.0,0.0,nan,nan,nan,nan,nan,nan,nan,nan,nan,nan,13.131362230772485,1.921939907797703,10.54291828537028,0,0,-6.792465686798096,-2.0053865909576416,-0.47970491647720337,-0.013095680624246597,0.048177964985370636,-0.03649625554680824,nan,nan,nan,-0.03042629174888134,-0.006679864600300789,-3.137403726577759,0.00022792545496486127,3135,,nan,24.505,1.03,93,4,24,0.66,895,0.012001586146652699,0.004930518101900816,0.015966609120368958,1500,1500,1418,1498,1897,1500,1897,1115
1783462087.2452,10.9204,0.02001,49.97,547,3251541,0.941,AUTOTUNE,AUTOTUNE,128,5.4601898193359375,0.0,10.0,0.5,0.0,0.0,nan,nan,nan,nan,nan,nan,nan,nan,nan,nan,13.141805355884786,1.919815829887162,10.543782708825374,0,0,-6.7929511070251465,-2.004089832305908,-0.48027974367141724,-0.013070647604763508,0.048655617982149124,-0.03666345402598381,nan,nan,nan,-0.030425554141402245,-0.0066883135586977005,-3.1374051570892334,-0.00011565933527890593,3135,,nan,24.505,1.03,93,4,24,0.66,895,0.012001586146652699,0.004930518101900816,0.015966609120368958,1500,1500,1418,1498,1897,1500,1897,1115
1783462087.2651,10.9403,0.01989,50.27,548,3251563,0.961,AUTOTUNE,AUTOTUNE,128,5.4701642990112305,0.0,10.0,0.5,0.0,0.0,nan,nan,nan,nan,nan,nan,nan,nan,nan,nan,13.151956676379665,1.9176914891646955,10.544830554150904,0,0,-6.793475151062012,-2.002575397491455,-0.480987012386322,-0.012870189733803272,0.04900774732232094,-0.036860086023807526,nan,nan,nan,-0.030428752303123474,-0.0066878534853458405,-3.137407064437866,-0.00020000476797576994,3135,,nan,24.505,1.03,93,4,24,0.66,895,0.012001586146652699,0.004930518101900816,0.015966609120368958,1500,1500,1418,1498,1897,1500,1897,1115
1783462087.2853,10.9604,0.02024,49.41,549,3251581,0.981,AUTOTUNE,AUTOTUNE,128,5.480182886123657,0.0,10.0,0.5,0.0,0.0,nan,nan,nan,nan,nan,nan,nan,nan,nan,nan,13.16250101748519,1.9163004813022366,10.545685380580297,0,0,-6.7938055992126465,-2.001528024673462,-0.4815707802772522,-0.012982949614524841,0.049206145107746124,-0.03701658174395561,nan,nan,nan,-0.030437229201197624,-0.006691824644804001,-3.1374001502990723,0.0003537576412782073,3135,,nan,24.505,1.03,93,4,24,0.66,895,0.012001586146652699,0.004930518101900816,0.015966609120368958,1500,1500,1418,1498,1897,1500,1897,1115
1783462087.3069,10.9804,0.02163,46.24,550,3251606,0.003,AUTOTUNE,AUTOTUNE,128,5.490188002586365,0.0,10.0,0.5,0.0,0.0,nan,nan,nan,nan,nan,nan,nan,nan,nan,nan,13.172615909803255,1.913717998655305,10.546763333980241,0,0,-6.794321537017822,-1.9999146461486816,-0.48239976167678833,-0.01274845190346241,0.049765657633543015,-0.037160325795412064,nan,nan,nan,-0.030440563336014748,-0.0066892728209495544,-3.137392044067383,0.00013751022925134748,3135,,nan,24.496,0.98,93,4,24,0.66,895,0.012248902581632137,0.004352840129286051,0.011133024469017982,1500,1500,1418,1498,1897,1500,1897,1115
1783462087.3250,11.0003,0.01805,55.40,551,3251621,0.021,AUTOTUNE,AUTOTUNE,128,5.500149726867676,0.0,10.0,0.5,0.0,0.0,nan,nan,nan,nan,nan,nan,nan,nan,nan,nan,13.182415273719286,1.9129176178210867,10.547276388231376,0,0,-6.794597148895264,-1.9990012645721436,-0.4829031825065613,-0.012495588511228561,0.04970041662454605,-0.03716588765382767,nan,nan,nan,-0.030438879504799843,-0.006685417145490646,-3.1373937129974365,4.9932954425457865e-05,3135,,nan,24.496,0.98,93,4,24,0.66,895,0.012248902581632137,0.004352840129286051,0.011133024469017982,1500,1500,1418,1498,1897,1500,1897,1115
1783462087.3449,11.0203,0.01994,50.14,552,3251641,0.041,AUTOTUNE,AUTOTUNE,128,5.510151386260986,0.0,10.0,0.5,0.0,0.0,nan,nan,nan,nan,nan,nan,nan,nan,nan,nan,13.193700403573144,1.9093355917807247,10.547729785829192,0,0,-6.795681953430176,-1.9968494176864624,-0.48319822549819946,-0.012610288336873055,0.05052613094449043,-0.03725731372833252,nan,nan,nan,-0.030440427362918854,-0.006674114614725113,-3.1373934745788574,-7.586892024846748e-05,3135,,nan,24.496,0.98,93,4,24,0.66,895,0.012248902581632137,0.004352840129286051,0.011133024469017982,1500,1500,1418,1498,1897,1500,1897,1115
1783462087.3649,11.0403,0.02001,49.99,553,3251663,0.061,AUTOTUNE,AUTOTUNE,128,5.520153641700745,0.0,10.0,0.5,0.0,0.0,nan,nan,nan,nan,nan,nan,nan,nan,nan,nan,13.205084877424191,1.9059462218710286,10.548058778856166,0,0,-6.79672908782959,-1.994651436805725,-0.4835047125816345,-0.012803749181330204,0.051213979721069336,-0.037270307540893555,nan,nan,nan,-0.030443847179412842,-0.006664112210273743,-3.1373982429504395,-0.0003726427967194468,3135,,nan,24.496,0.98,93,4,24,0.66,895,0.012248902581632137,0.004352840129286051,0.011133024469017982,1500,1500,1418,1498,1897,1500,1897,1115
1783462087.3851,11.0604,0.02013,49.67,554,3251681,0.081,AUTOTUNE,AUTOTUNE,128,5.530223846435547,0.0,10.0,0.5,0.0,0.0,nan,nan,nan,nan,nan,nan,nan,nan,nan,nan,13.216072115647362,1.9040904432890149,10.548791931736641,0,0,-6.79731559753418,-1.9932398796081543,-0.48391836881637573,-0.012994577176868916,0.051470451056957245,-0.037454769015312195,nan,nan,nan,-0.030429670587182045,-0.006654500961303711,-3.1374058723449707,-0.00011898366938112304,3135,,nan,24.496,0.98,93,4,24,0.66,895,0.012248902581632137,0.004352840129286051,0.011133024469017982,1500,1500,1418,1498,1897,1500,1897,1115
1783462087.4055,11.0804,0.02040,49.02,555,3251701,0.101,AUTOTUNE,AUTOTUNE,128,5.540214657783508,0.0,10.0,0.5,0.0,0.0,nan,nan,nan,nan,nan,nan,nan,nan,nan,nan,13.227335599574351,1.9008343121520175,10.54902001622852,0,0,-6.798246383666992,-1.991250991821289,-0.48420530557632446,-0.013191965408623219,0.052202094346284866,-0.037420790642499924,nan,nan,nan,-0.030432796105742455,-0.006649140268564224,-3.1373984813690186,-2.039521132246591e-05,3135,,nan,24.496,0.98,93,4,24,0.66,895,0.012248902581632137,0.004352840129286051,0.011133024469017982,1500,1500,1418,1498,1897,1500,1897,1115
1783462087.4255,11.1004,0.02005,49.88,556,3251723,0.121,AUTOTUNE,AUTOTUNE,128,5.550188422203064,0.0,10.0,0.5,0.0,0.0,nan,nan,nan,nan,nan,nan,nan,nan,nan,nan,13.237801023164426,1.8986250981183512,10.550040500576788,0,0,-6.79885721206665,-1.9896224737167358,-0.4848329424858093,-0.013123163022100925,0.05253735929727554,-0.03764760121703148,nan,nan,nan,-0.03042440302670002,-0.0066437311470508575,-3.1374080181121826,-0.0003715551283676177,3135,,nan,24.496,0.98,93,4,24,0.66,895,0.012248902581632137,0.004352840129286051,0.011133024469017982,1500,1500,1418,1498,1897,1500,1897,1115
1783462087.4452,11.1204,0.01972,50.71,557,3251741,0.141,AUTOTUNE,AUTOTUNE,128,5.560216784477234,0.0,10.0,0.5,0.0,0.0,nan,nan,nan,nan,nan,nan,nan,nan,nan,nan,13.249481470617287,1.8958941334624433,10.550661942506254,0,0,-6.7996745109558105,-1.9878621101379395,-0.48505717515945435,-0.013605127111077309,0.05309773609042168,-0.037876930087804794,nan,nan,nan,-0.030424771830439568,-0.0066285524517297745,-3.1374025344848633,0.00012272698222659528,3135,,nan,24.496,0.98,93,4,24,0.66,895,0.012248902581632137,0.004352840129286051,0.011133024469017982,1500,1500,1418,1498,1897,1500,1897,1115
1783462087.4653,11.1405,0.02010,49.76,558,3251763,0.161,AUTOTUNE,AUTOTUNE,128,5.57022500038147,0.0,10.0,0.5,0.0,0.0,nan,nan,nan,nan,nan,nan,nan,nan,nan,nan,13.260254821622674,1.8926370642230181,10.551294731630483,0,0,-6.800514221191406,-1.985879898071289,-0.48549729585647583,-0.01356207113713026,0.05383377522230148,-0.03798816725611687,nan,nan,nan,-0.030422182753682137,-0.0066230520606040955,-3.137408494949341,-0.00039603974437341094,3135,,nan,24.496,0.98,93,4,24,0.66,895,0.012248902581632137,0.004352840129286051,0.011133024469017982,1500,1500,1418,1498,1897,1500,1897,1115
1783462087.4853,11.1604,0.01995,50.12,559,3251781,0.181,AUTOTUNE,AUTOTUNE,128,5.580185294151306,0.0,10.0,0.5,0.0,0.0,nan,nan,nan,nan,nan,nan,nan,nan,nan,nan,13.270950443883596,1.8907846656394893,10.551869801630552,0,0,-6.80100154876709,-1.9845749139785767,-0.4859609007835388,-0.013705254532396793,0.054149825125932693,-0.0380525216460228,nan,nan,nan,-0.030430946499109268,-0.006614698097109795,-3.137413263320923,-0.00027444883016869426,3135,,nan,24.496,0.98,93,4,24,0.66,895,0.012248902581632137,0.004352840129286051,0.011133024469017982,1500,1500,1418,1498,1897,1500,1897,1115
1783462087.5052,11.1802,0.01992,50.19,560,3251801,0.201,AUTOTUNE,AUTOTUNE,128,5.5901124477386475,0.0,10.0,0.5,0.0,0.0,nan,nan,nan,nan,nan,nan,nan,nan,nan,nan,13.28178152954091,1.888084579569481,10.552207015334332,0,0,-6.801745414733887,-1.9827876091003418,-0.48635369539260864,-0.013797668740153313,0.05467681959271431,-0.038020431995391846,nan,nan,nan,-0.030428603291511536,-0.00661684013903141,-3.1374168395996094,-0.00016861829499248415,3135,,nan,24.496,0.98,93,4,24,0.66,895,0.011943263001739979,0.0011001023231074214,0.014010238461196423,1500,1500,1418,1498,1897,1500,1897,1115
1783462087.5253,11.2004,0.02014,49.66,561,3251823,0.221,AUTOTUNE,AUTOTUNE,128,5.600194334983826,0.0,10.0,0.5,0.0,0.0,nan,nan,nan,nan,nan,nan,nan,nan,nan,nan,13.292284075532212,1.8856511422251778,10.5530340104743,0,0,-6.8022780418396,-1.9812211990356445,-0.48703521490097046,-0.013733023777604103,0.05517739802598953,-0.03810442239046097,nan,nan,nan,-0.03042607381939888,-0.006618320941925049,-3.137413263320923,0.00021925874170847237,3135,,nan,24.496,0.98,93,4,24,0.66,895,0.011943263001739979,0.0011001023231074214,0.014010238461196423,1500,1500,1418,1498,1897,1500,1897,1115
1783462087.5450,11.2203,0.01962,50.98,562,3251841,0.241,AUTOTUNE,AUTOTUNE,128,5.61015522480011,0.0,10.0,0.5,0.0,0.0,nan,nan,nan,nan,nan,nan,nan,nan,nan,nan,13.304150018736996,1.8856482609147833,10.553641435365838,0,0,-6.803516864776611,-1.9805073738098145,-0.4873574376106262,-0.014117672108113766,0.0547669343650341,-0.03826908394694328,nan,nan,nan,-0.030414961278438568,-0.006614604964852333,-3.1374006271362305,0.0006288730655796826,3135,,nan,24.496,0.98,93,4,24,0.66,895,0.011943263001739979,0.0011001023231074214,0.014010238461196423,1500,1500,1418,1498,1897,1500,1897,1115
1783462087.5653,11.2403,0.02034,49.17,563,3251861,0.261,AUTOTUNE,AUTOTUNE,128,5.620161056518555,0.0,10.0,0.5,0.0,0.0,nan,nan,nan,nan,nan,nan,nan,nan,nan,nan,13.31465216405577,1.884474800389169,10.554234870622054,0,0,-6.804270267486572,-1.9795116186141968,-0.4879615902900696,-0.01396924164146185,0.05486953258514404,-0.03826289623975754,nan,nan,nan,-0.03042120486497879,-0.006607554852962494,-3.13741135597229,-0.0005714356084354222,3135,,nan,24.496,0.98,93,4,24,0.66,895,0.011943263001739979,0.0011001023231074214,0.014010238461196423,1500,1500,1418,1498,1897,1500,1897,1115
1783462087.5853,11.2603,0.02000,50.01,564,3251881,0.281,AUTOTUNE,AUTOTUNE,128,5.6301716566085815,0.0,10.0,0.5,0.0,0.0,nan,nan,nan,nan,nan,nan,nan,nan,nan,nan,13.326485238012788,1.8841047993895055,10.554672968201155,0,0,-6.805434703826904,-1.9786375761032104,-0.4884043335914612,-0.01434915978461504,0.054578524082899094,-0.038260214030742645,nan,nan,nan,-0.03041602112352848,-0.006604541093111038,-3.1374170780181885,-0.0003135146398562938,3135,,nan,24.496,0.98,93,4,24,0.66,895,0.011943263001739979,0.0011001023231074214,0.014010238461196423,1500,1500,1418,1498,1897,1500,1897,1115
1783462087.6052,11.2803,0.01989,50.28,565,3251901,0.301,AUTOTUNE,AUTOTUNE,128,5.6401671171188354,0.0,10.0,0.5,0.0,0.0,nan,nan,nan,nan,nan,nan,nan,nan,nan,nan,13.338321023205985,1.8837507863752816,10.555338866899397,0,0,-6.806537628173828,-1.9777426719665527,-0.4888811707496643,-0.014774898067116737,0.05426624044775963,-0.03836936876177788,nan,nan,nan,-0.030415024608373642,-0.0066010840237140656,-3.1374120712280273,0.0001748792128637433,3135,,nan,24.496,0.98,93,4,24,0.66,895,0.011943263001739979,0.0011001023231074214,0.014010238461196423,1500,1500,1418,1498,1897,1500,1897,1115
1783462087.6252,11.3005,0.02008,49.81,566,3251923,0.321,AUTOTUNE,AUTOTUNE,128,5.650226473808289,0.0,10.0,0.5,0.0,0.0,nan,nan,nan,nan,nan,nan,nan,nan,nan,nan,13.349401387683201,1.8826349139431962,10.556339720201022,0,0,-6.807250022888184,-1.9766335487365723,-0.48959749937057495,-0.014953075908124447,0.05427013710141182,-0.038533639162778854,nan,nan,nan,-0.03039887547492981,-0.006618188694119453,-3.137413740158081,-2.7607711672317237e-05,3135,,nan,24.496,0.98,93,4,24,0.66,895,0.011943263001739979,0.0011001023231074214,0.014010238461196423,1500,1500,1418,1498,1897,1500,1897,1115
1783462087.6450,11.3204,0.01971,50.74,567,3251941,0.341,AUTOTUNE,AUTOTUNE,128,5.660197019577026,0.0,10.0,0.5,0.0,0.0,nan,nan,nan,nan,nan,nan,nan,nan,nan,nan,13.361029522792451,1.8821805946422658,10.556528464461577,0,0,-6.808234214782715,-1.9758689403533936,-0.48991328477859497,-0.015341862104833126,0.054090991616249084,-0.03846029192209244,nan,nan,nan,-0.030400395393371582,-0.006610218435525894,-3.1374130249023438,-8.46684561111033e-05,3135,,nan,24.496,0.98,93,4,24,0.66,895,0.011943263001739979,0.0011001023231074214,0.014010238461196423,1500,1500,1418,1498,1897,1500,1897,1115
1783462087.6651,11.3404,0.02017,49.57,568,3251963,0.361,AUTOTUNE,AUTOTUNE,128,5.670185685157776,0.0,10.0,0.5,0.0,0.0,nan,nan,nan,nan,nan,nan,nan,nan,nan,nan,13.372676879008253,1.8812045144942644,10.556900107172787,0,0,-6.809235572814941,-1.9748526811599731,-0.4903356432914734,-0.01572137326002121,0.05406779423356056,-0.03843101114034653,nan,nan,nan,-0.030408950522542,-0.006617950275540352,-3.1374213695526123,-0.00029113300843164325,3135,,nan,24.496,0.98,93,4,24,0.66,895,0.011943263001739979,0.0011001023231074214,0.014010238461196423,1500,1500,1418,1498,1897,1500,1897,1115
1783462087.6856,11.3605,0.02042,48.97,569,3251981,0.381,AUTOTUNE,AUTOTUNE,128,5.680225968360901,0.0,10.0,0.5,0.0,0.0,nan,nan,nan,nan,nan,nan,nan,nan,nan,nan,13.383347880480235,1.8805907722523536,10.557740836820322,0,0,-6.809822082519531,-1.9739898443222046,-0.49081236124038696,-0.01574689708650112,0.05392397940158844,-0.038641173392534256,nan,nan,nan,-0.03040408156812191,-0.006625406444072723,-3.137422561645508,-0.00030777600477449596,3135,,nan,24.496,0.98,93,4,24,0.66,895,0.011943263001739979,0.0011001023231074214,0.014010238461196423,1500,1500,1418,1498,1897,1500,1897,1115
1783462087.7057,11.3805,0.02018,49.54,570,3252001,0.401,AUTOTUNE,AUTOTUNE,128,5.690234899520874,0.0,10.0,0.5,0.0,0.0,nan,nan,nan,nan,nan,nan,nan,nan,nan,nan,13.394766929498935,1.8798526148757397,10.558390190616135,0,0,-6.8107218742370605,-1.9730886220932007,-0.4912033677101135,-0.016041534021496773,0.05382983386516571,-0.03879033029079437,nan,nan,nan,-0.03041437827050686,-0.0066288672387599945,-3.1374247074127197,7.787035428918898e-05,3135,,nan,24.496,0.98,93,4,24,0.66,895,0.010373822413384914,0.0063552455976605415,0.025222696363925934,1500,1500,1418,1498,1897,1500,1897,1115
1783462087.7249,11.4003,0.01921,52.05,571,3252021,0.421,AUTOTUNE,AUTOTUNE,128,5.7001707553863525,0.0,10.0,0.5,0.0,0.0,nan,nan,nan,nan,nan,nan,nan,nan,nan,nan,13.405010258814523,1.8789477355722888,10.559286987803336,0,0,-6.811310291290283,-1.9721142053604126,-0.4917910695075989,-0.015879331156611443,0.053789686411619186,-0.03896878659725189,nan,nan,nan,-0.030408773571252823,-0.006631806492805481,-3.13743257522583,-0.0005648286896757782,3135,,nan,24.496,0.98,93,4,24,0.66,895,0.010373822413384914,0.0063552455976605415,0.025222696363925934,1500,1500,1418,1498,1897,1500,1897,1115
1783462087.7454,11.4204,0.02042,48.97,572,3252041,0.441,AUTOTUNE,AUTOTUNE,128,5.710219979286194,0.0,10.0,0.5,0.0,0.0,nan,nan,nan,nan,nan,nan,nan,nan,nan,nan,13.416829459211362,1.880351779621874,10.55977185654591,0,0,-6.8125834465026855,-1.972012996673584,-0.4921080470085144,-0.016166171059012413,0.0529206283390522,-0.03906571865081787,nan,nan,nan,-0.030409473925828934,-0.006642632186412811,-3.1374313831329346,-0.00013439261238090694,3135,,nan,24.496,0.98,93,4,24,0.66,895,0.010373822413384914,0.0063552455976605415,0.025222696363925934,1500,1500,1418,1498,1897,1500,1897,1115
1783462087.7654,11.4405,0.02001,49.98,573,3252063,0.461,AUTOTUNE,AUTOTUNE,128,5.720236778259277,0.0,10.0,0.5,0.0,0.0,nan,nan,nan,nan,nan,nan,nan,nan,nan,nan,13.428765050328762,1.8810979758317508,10.56033822985563,0,0,-6.813822269439697,-1.9717391729354858,-0.4924578070640564,-0.016558751463890076,0.05233171954751015,-0.039190780371427536,nan,nan,nan,-0.030413778498768806,-0.006650911644101143,-3.1374354362487793,-0.00021146134531591088,3135,,nan,24.496,0.98,93,4,24,0.66,895,0.010373822413384914,0.0063552455976605415,0.025222696363925934,1500,1500,1418,1498,1897,1500,1897,1115
1783462087.7852,11.4604,0.01979,50.53,574,3252081,0.481,AUTOTUNE,AUTOTUNE,128,5.730183720588684,0.0,10.0,0.5,0.0,0.0,nan,nan,nan,nan,nan,nan,nan,nan,nan,nan,13.4395183359591,1.880665040483106,10.56081021203708,0,0,-6.814518928527832,-1.9712673425674438,-0.4928886294364929,-0.01662207767367363,0.05230926349759102,-0.039214543998241425,nan,nan,nan,-0.030408991500735283,-0.006657009944319725,-3.1374497413635254,-0.000771296676248312,3135,,nan,24.496,0.98,93,4,24,0.66,895,0.010373822413384914,0.0063552455976605415,0.025222696363925934,1500,1500,1418,1498,1897,1500,1897,1115
1783462087.8066,11.4804,0.02143,46.67,575,3252106,0.502,AUTOTUNE,AUTOTUNE,128,5.740176320075989,0.0,10.0,0.5,0.0,0.0,nan,nan,nan,nan,nan,nan,nan,nan,nan,nan,13.451167147489182,1.88095022813902,10.561216609926136,0,0,-6.815700054168701,-1.9708237648010254,-0.49338358640670776,-0.01689636893570423,0.05188851058483124,-0.039163414388895035,nan,nan,nan,-0.03041086345911026,-0.006680779159069061,-3.1374499797821045,-6.409327033907175e-05,3135,,nan,24.494,1.01,93,4,24,0.66,895,0.010373822413384914,0.0063552455976605415,0.025222696363925934,1500,1500,1418,1498,1897,1500,1897,1115
1783462087.8253,11.5004,0.01866,53.60,576,3252123,0.521,AUTOTUNE,AUTOTUNE,128,5.750181078910828,0.0,10.0,0.5,0.0,0.0,nan,nan,nan,nan,nan,nan,nan,nan,nan,nan,13.461887361439372,1.8806739202841602,10.561672684005712,0,0,-6.8163580894470215,-1.9703118801116943,-0.4938526749610901,-0.016929520294070244,0.05175250023603439,-0.03915590047836304,nan,nan,nan,-0.03040848858654499,-0.00668858177959919,-3.1374447345733643,0.0002830383600667119,3135,,nan,24.494,1.01,93,4,24,0.66,895,0.010373822413384914,0.0063552455976605415,0.025222696363925934,1500,1500,1418,1498,1897,1500,1897,1115
1783462087.8449,11.5203,0.01969,50.78,577,3252141,0.541,AUTOTUNE,AUTOTUNE,128,5.760157823562622,0.0,10.0,0.5,0.0,0.0,nan,nan,nan,nan,nan,nan,nan,nan,nan,nan,13.473317033206559,1.8815785535303522,10.561606359246532,0,0,-6.817334175109863,-1.9701809883117676,-0.494026243686676,-0.017204824835062027,0.051154639571905136,-0.03901739791035652,nan,nan,nan,-0.030409760773181915,-0.006706418469548225,-3.1374542713165283,-0.00034579401835799217,3135,,nan,24.494,1.01,93,4,24,0.66,895,0.010373822413384914,0.0063552455976605415,0.025222696363925934,1500,1500,1418,1498,1897,1500,1897,1115
1783462087.8651,11.5404,0.02020,49.51,578,3252161,0.561,AUTOTUNE,AUTOTUNE,128,5.77018404006958,0.0,10.0,0.5,0.0,0.0,nan,nan,nan,nan,nan,nan,nan,nan,nan,nan,13.484195681993343,1.8811818969511653,10.562301735458783,0,0,-6.817990303039551,-1.9695407152175903,-0.4945104718208313,-0.017318161204457283,0.05101398751139641,-0.03913930431008339,nan,nan,nan,-0.030427128076553345,-0.006707416847348213,-3.1374504566192627,-5.1303868531249464e-05,3135,,nan,24.494,1.01,93,4,24,0.66,895,0.010373822413384914,0.0063552455976605415,0.025222696363925934,1500,1500,1418,1498,1897,1500,1897,1115
1783462087.8849,11.5603,0.01977,50.57,579,3252181,0.581,AUTOTUNE,AUTOTUNE,128,5.780172228813171,0.0,10.0,0.5,0.0,0.0,nan,nan,nan,nan,nan,nan,nan,nan,nan,nan,13.495392733078283,1.8816458327884904,10.562405362953047,0,0,-6.818925380706787,-1.9692528247833252,-0.49473732709884644,-0.01747623085975647,0.050579920411109924,-0.039068158715963364,nan,nan,nan,-0.03041914291679859,-0.006716867908835411,-3.137465476989746,-0.000768854864872992,3135,,nan,24.494,1.01,93,4,24,0.66,895,0.010373822413384914,0.0063552455976605415,0.025222696363925934,1500,1500,1418,1498,1897,1500,1897,1115
1783462087.9052,11.5804,0.02030,49.25,580,3252201,0.601,AUTOTUNE,AUTOTUNE,128,5.7901833057403564,0.0,10.0,0.5,0.0,0.0,nan,nan,nan,nan,nan,nan,nan,nan,nan,nan,13.506581859770538,1.882012193734801,10.563257486011137,0,0,-6.81981897354126,-1.9689182043075562,-0.49502283334732056,-0.017640462145209312,0.05017520859837532,-0.0393952950835228,nan,nan,nan,-0.03041473776102066,-0.0067251697182655334,-3.1374711990356445,-0.0005626289639621973,3135,,nan,24.494,1.01,93,4,24,0.66,895,0.011077008210122585,0.006130464840680361,0.023419762030243874,1500,1500,1418,1498,1897,1500,1897,1115
1783462087.9250,11.6003,0.01975,50.64,581,3252223,0.621,AUTOTUNE,AUTOTUNE,128,5.800172328948975,0.0,10.0,0.5,0.0,0.0,nan,nan,nan,nan,nan,nan,nan,nan,nan,nan,13.517162322371384,1.8812923714272103,10.56429071511658,0,0,-6.820467948913574,-1.9681127071380615,-0.4956783652305603,-0.017607243731617928,0.05012574419379234,-0.03961335867643356,nan,nan,nan,-0.030418239533901215,-0.006740927696228027,-3.137467622756958,-5.507343666977249e-05,3135,,nan,24.494,1.01,93,4,24,0.66,895,0.011077008210122585,0.006130464840680361,0.023419762030243874,1500,1500,1418,1498,1897,1500,1897,1115
1783462087.9451,11.6204,0.02008,49.79,582,3252241,0.641,AUTOTUNE,AUTOTUNE,128,5.8101783990859985,0.0,10.0,0.5,0.0,0.0,nan,nan,nan,nan,nan,nan,nan,nan,nan,nan,13.5275805740103,1.8834161994156622,10.564266893509279,0,0,-6.820992469787598,-1.9685618877410889,-0.49553364515304565,-0.017542384564876556,0.049158886075019836,-0.039683159440755844,nan,nan,nan,-0.030413812026381493,-0.006756875663995743,-3.1374728679656982,-0.0002519648405723274,3135,,nan,24.494,1.01,93,4,24,0.66,895,0.011077008210122585,0.006130464840680361,0.023419762030243874,1500,1500,1418,1498,1897,1500,1897,1115
1783462087.9649,11.6403,0.01982,50.46,583,3252261,0.660,AUTOTUNE,AUTOTUNE,128,5.820167779922485,0.0,10.0,0.5,0.0,0.0,nan,nan,nan,nan,nan,nan,nan,nan,nan,nan,13.537926677871054,1.883651956078207,10.564832018067326,0,0,-6.821444988250732,-1.9682018756866455,-0.49587875604629517,-0.01748707704246044,0.04881491884589195,-0.0398101843893528,nan,nan,nan,-0.030412139371037483,-0.006767440587282181,-3.137458324432373,0.0006322753033600748,3135,,nan,24.494,1.01,93,4,24,0.66,895,0.011077008210122585,0.006130464840680361,0.023419762030243874,1500,1500,1418,1498,1897,1500,1897,1115
1783462087.9853,11.6604,0.02039,49.06,584,3252281,0.681,AUTOTUNE,AUTOTUNE,128,5.830177307128906,0.0,10.0,0.5,0.0,0.0,nan,nan,nan,nan,nan,nan,nan,nan,nan,nan,13.548098142790945,1.8850735470448574,10.564617453493657,0,0,-6.821967601776123,-1.9684399366378784,-0.495811402797699,-0.017278840765357018,0.048131607472896576,-0.03972519189119339,nan,nan,nan,-0.0304114893078804,-0.006788704544305801,-3.1374635696411133,-0.00041890612919814885,3135,,nan,24.494,1.01,93,4,24,0.66,895,0.011077008210122585,0.006130464840680361,0.023419762030243874,1500,1500,1418,1498,1897,1500,1897,1115
1783462088.0050,11.6803,0.01976,50.60,585,3252301,0.701,AUTOTUNE,AUTOTUNE,128,5.8401652574539185,0.0,10.0,0.5,0.0,0.0,nan,nan,nan,nan,nan,nan,nan,nan,nan,nan,13.558384693530884,1.886695147946442,10.564774958785103,0,0,-6.822467803955078,-1.9686044454574585,-0.49582403898239136,-0.017162445932626724,0.04729035496711731,-0.03980883210897446,nan,nan,nan,-0.030407048761844635,-0.006798291578888893,-3.1374683380126953,-0.0003724076959770173,3135,,nan,24.494,1.01,93,4,24,0.66,895,0.011077008210122585,0.006130464840680361,0.023419762030243874,1500,1500,1418,1498,1897,1500,1897,1115
1783462088.0251,11.7004,0.02011,49.73,586,3252323,0.721,AUTOTUNE,AUTOTUNE,128,5.850187540054321,0.0,10.0,0.5,0.0,0.0,nan,nan,nan,nan,nan,nan,nan,nan,nan,nan,13.568821903544235,1.886576355886792,10.565669435236712,0,0,-6.822915077209473,-1.9680925607681274,-0.49634283781051636,-0.017143771052360535,0.04706340283155441,-0.040025729686021805,nan,nan,nan,-0.030401788651943207,-0.006815522909164429,-3.137453317642212,0.0007807112415321171,3135,,nan,24.494,1.01,93,4,24,0.66,895,0.011077008210122585,0.006130464840680361,0.023419762030243874,1500,1500,1418,1498,1897,1500,1897,1115
1783462088.0455,11.7205,0.02037,49.10,587,3252341,0.741,AUTOTUNE,AUTOTUNE,128,5.860227942466736,0.0,10.0,0.5,0.0,0.0,nan,nan,nan,nan,nan,nan,nan,nan,nan,nan,13.578951051109692,1.8879214745122561,10.564831554381591,0,0,-6.823336601257324,-1.968298316001892,-0.496185839176178,-0.01695164106786251,0.04640559107065201,-0.03963262215256691,nan,nan,nan,-0.030411018058657646,-0.006832864135503769,-3.137455463409424,8.367882401216775e-05,3135,,nan,24.494,1.01,93,4,24,0.66,895,0.011077008210122585,0.006130464840680361,0.023419762030243874,1500,1500,1418,1498,1897,1500,1897,1115
1783462088.0651,11.7404,0.01960,51.01,588,3252363,0.761,AUTOTUNE,AUTOTUNE,128,5.870203256607056,0.0,10.0,0.5,0.0,0.0,nan,nan,nan,nan,nan,nan,nan,nan,nan,nan,13.58932576533142,1.8886650233183493,10.564917147221866,0,0,-6.823814868927002,-1.9682399034500122,-0.49612194299697876,-0.01690610684454441,0.045942578464746475,-0.039718929678201675,nan,nan,nan,-0.03040917031466961,-0.006847333163022995,-3.1374576091766357,-0.000296889862511307,3135,,nan,24.494,1.01,93,4,24,0.66,895,0.011077008210122585,0.006130464840680361,0.023419762030243874,1500,1500,1418,1498,1897,1500,1897,1115
1783462088.0853,11.7604,0.02017,49.58,589,3252381,0.781,AUTOTUNE,AUTOTUNE,128,5.880185484886169,0.0,10.0,0.5,0.0,0.0,nan,nan,nan,nan,nan,nan,nan,nan,nan,nan,13.59939191660475,1.8890728267245727,10.56524798088165,0,0,-6.824153900146484,-1.967894196510315,-0.4963790774345398,-0.016758820042014122,0.04550753906369209,-0.03976147994399071,nan,nan,nan,-0.03040366619825363,-0.006847357377409935,-3.1374480724334717,0.00018748859292827547,3135,,nan,24.494,1.01,93,4,24,0.66,895,0.011077008210122585,0.006130464840680361,0.023419762030243874,1500,1500,1418,1498,1897,1500,1897,1115
1783462088.1057,11.7804,0.02044,48.91,590,3252401,0.801,AUTOTUNE,AUTOTUNE,128,5.890181541442871,0.0,10.0,0.5,0.0,0.0,nan,nan,nan,nan,nan,nan,nan,nan,nan,nan,13.60967941612995,1.890112439733274,10.56508373355642,0,0,-6.824556827545166,-1.9678843021392822,-0.4963298439979553,-0.016694454476237297,0.04490160569548607,-0.039695076644420624,nan,nan,nan,-0.030395163223147392,-0.006860505789518356,-3.137463092803955,-0.000649257272016257,3135,,nan,24.494,1.01,93,4,24,0.66,895,0.01023485604673624,0.010244159959256649,0.025429248809814453,1500,1500,1418,1498,1897,1500,1897,1115
1783462088.1253,11.8004,0.01957,51.10,591,3252421,0.821,AUTOTUNE,AUTOTUNE,128,5.900219917297363,0.0,10.0,0.5,0.0,0.0,nan,nan,nan,nan,nan,nan,nan,nan,nan,nan,13.619993725531085,1.8901356079551903,10.565676955595723,0,0,-6.824919700622559,-1.9674075841903687,-0.4967370629310608,-0.01664425991475582,0.04461299628019333,-0.039802465587854385,nan,nan,nan,-0.03039543889462948,-0.006871413439512253,-3.137455701828003,8.503902063239366e-05,3135,,nan,24.494,1.01,93,4,24,0.66,895,0.01023485604673624,0.010244159959256649,0.025429248809814453,1500,1500,1418,1498,1897,1500,1897,1115
1783462088.1449,11.8204,0.01960,51.01,592,3252441,0.841,AUTOTUNE,AUTOTUNE,128,5.910197854042053,0.0,10.0,0.5,0.0,0.0,nan,nan,nan,nan,nan,nan,nan,nan,nan,nan,13.630162580908225,1.8934532182768598,10.564407210939228,0,0,-6.825442314147949,-1.968595266342163,-0.4958338141441345,-0.01645275577902794,0.04338328167796135,-0.03959086909890175,nan,nan,nan,-0.030389538034796715,-0.006893156096339226,-3.1374590396881104,-0.0002282460918650031,3135,,nan,24.494,1.01,93,4,24,0.66,895,0.01023485604673624,0.010244159959256649,0.025429248809814453,1500,1500,1418,1498,1897,1500,1897,1115
1783462088.1649,11.8403,0.02007,49.83,593,3252461,0.861,AUTOTUNE,AUTOTUNE,128,5.920170187950134,0.0,10.0,0.5,0.0,0.0,nan,nan,nan,nan,nan,nan,nan,nan,nan,nan,13.64054250737522,1.8946236941843297,10.56404556155739,0,0,-6.825852394104004,-1.9687281847000122,-0.4957851767539978,-0.016451319679617882,0.04278424754738808,-0.03941015154123306,nan,nan,nan,-0.030395392328500748,-0.006914803758263588,-3.137449026107788,0.00037471577525138855,3135,,nan,24.494,1.01,93,4,24,0.66,895,0.01023485604673624,0.010244159959256649,0.025429248809814453,1500,1500,1418,1498,1897,1500,1897,1115
1783462088.1851,11.8604,0.02013,49.69,594,3252481,0.881,AUTOTUNE,AUTOTUNE,128,5.930193543434143,0.0,10.0,0.5,0.0,0.0,nan,nan,nan,nan,nan,nan,nan,nan,nan,nan,13.650506586197627,1.8980317393234094,10.562643487978358,0,0,-6.826324939727783,-1.9697610139846802,-0.4950069785118103,-0.016144271939992905,0.04141291603446007,-0.03904995694756508,nan,nan,nan,-0.030397364869713783,-0.0069532375782728195,-3.1374428272247314,3.353906504344195e-05,3135,,nan,24.494,1.01,93,4,24,0.66,895,0.01023485604673624,0.010244159959256649,0.025429248809814453,1500,1500,1418,1498,1897,1500,1897,1115
1783462088.2054,11.8805,0.02030,49.26,595,3252501,0.901,AUTOTUNE,AUTOTUNE,128,5.94023334980011,0.0,10.0,0.5,0.0,0.0,nan,nan,nan,nan,nan,nan,nan,nan,nan,nan,13.660570855309235,1.9005952325877618,10.56166547566946,0,0,-6.82676362991333,-1.9707036018371582,-0.49433428049087524,-0.015905117616057396,0.04047708585858345,-0.03887368366122246,nan,nan,nan,-0.030393322929739952,-0.0069809723645448685,-3.1374523639678955,-0.00039590508094988763,3135,,nan,24.494,1.01,93,4,24,0.66,895,0.01023485604673624,0.010244159959256649,0.025429248809814453,1500,1500,1418,1498,1897,1500,1897,1115
1783462088.2252,11.9005,0.01986,50.35,596,3252523,0.921,AUTOTUNE,AUTOTUNE,128,5.950229644775391,0.0,10.0,0.5,0.0,0.0,nan,nan,nan,nan,nan,nan,nan,nan,nan,nan,13.670804184844279,1.9013893463894873,10.5613024219053,0,0,-6.827175140380859,-1.970632553100586,-0.49452680349349976,-0.015804383903741837,0.03997758403420448,-0.03855292126536369,nan,nan,nan,-0.03039528802037239,-0.007002869620919228,-3.137456178665161,-0.0002127843035850674,3135,,nan,24.494,1.01,93,4,24,0.66,895,0.01023485604673624,0.010244159959256649,0.025429248809814453,1500,1500,1418,1498,1897,1500,1897,1115
1783462088.2453,11.9204,0.02009,49.76,597,3252541,0.941,AUTOTUNE,AUTOTUNE,128,5.96017599105835,0.0,10.0,0.5,0.0,0.0,nan,nan,nan,nan,nan,nan,nan,nan,nan,nan,13.680959555927537,1.9042288258433104,10.560230376726476,0,0,-6.827536106109619,-1.9715429544448853,-0.4938485026359558,-0.015716660767793655,0.038863830268383026,-0.03832559287548065,nan,nan,nan,-0.030407177284359932,-0.0070251356810331345,-3.1374568939208984,-0.00039800367085263133,3135,,nan,24.494,1.01,93,4,24,0.66,895,0.01023485604673624,0.010244159959256649,0.025429248809814453,1500,1500,1418,1498,1897,1500,1897,1115
1783462088.2651,11.9403,0.01980,50.49,598,3252563,0.961,AUTOTUNE,AUTOTUNE,128,5.970162510871887,0.0,10.0,0.5,0.0,0.0,nan,nan,nan,nan,nan,nan,nan,nan,nan,nan,13.691118214528958,1.906600759177787,10.55946614157745,0,0,-6.827959060668945,-1.9721691608428955,-0.4934092164039612,-0.015571852214634418,0.03785593435168266,-0.03813798353075981,nan,nan,nan,-0.030418142676353455,-0.0070379748940467834,-3.1374502182006836,0.00012848703772760928,3135,,nan,24.494,1.01,93,4,24,0.66,895,0.01023485604673624,0.010244159959256649,0.025429248809814453,1500,1500,1418,1498,1897,1500,1897,1115
1783462088.2853,11.9604,0.02016,49.59,599,3252581,0.981,AUTOTUNE,AUTOTUNE,128,5.980223894119263,0.0,10.0,0.5,0.0,0.0,nan,nan,nan,nan,nan,nan,nan,nan,nan,nan,13.701329285066272,1.9069233779861525,10.55978318202835,0,0,-6.828260898590088,-1.9722130298614502,-0.49347251653671265,-0.015484008006751537,0.03769499808549881,-0.038284480571746826,nan,nan,nan,-0.030422747135162354,-0.0070544760674238205,-3.137453317642212,-0.000265743670752272,3135,,nan,24.494,1.01,93,4,24,0.66,895,0.01023485604673624,0.010244159959256649,0.025429248809814453,1500,1500,1418,1498,1897,1500,1897,1115
1783462088.3069,11.9804,0.02162,46.24,600,3252606,0.003,AUTOTUNE,AUTOTUNE,128,5.990175843238831,0.0,10.0,0.5,0.0,0.0,nan,nan,nan,nan,nan,nan,nan,nan,nan,nan,13.711404771943554,1.9089012434265593,10.559029001276977,0,0,-6.828683853149414,-1.9726548194885254,-0.4932580590248108,-0.01531113963574171,0.03680814430117607,-0.03797287121415138,nan,nan,nan,-0.030441217124462128,-0.007084174081683159,-3.137462615966797,-0.0006169005064293742,3135,,nan,24.497,0.99,93,4,24,0.7,895,0.009466426447033882,0.003965938929468393,0.03727536275982857,1500,1500,1418,1498,1897,1500,1897,1115
1783462088.3253,12.0003,0.01839,54.38,601,3252623,0.021,AUTOTUNE,AUTOTUNE,128,6.0001747608184814,0.0,10.0,0.5,0.0,0.0,nan,nan,nan,nan,nan,nan,nan,nan,nan,nan,13.721711203081048,1.9094282409238716,10.558853691076656,0,0,-6.828967094421387,-1.9726680517196655,-0.49337249994277954,-0.01532515324652195,0.03651152178645134,-0.03780558332800865,nan,nan,nan,-0.030448660254478455,-0.007107498124241829,-3.1374714374542236,-0.0005590553628280759,3135,,nan,24.497,0.99,93,4,24,0.7,895,0.009466426447033882,0.003965938929468393,0.03727536275982857,1500,1500,1418,1498,1897,1500,1897,1115
1783462088.3457,12.0205,0.02035,49.15,602,3252641,0.041,AUTOTUNE,AUTOTUNE,128,6.0102314949035645,0.0,10.0,0.5,0.0,0.0,nan,nan,nan,nan,nan,nan,nan,nan,nan,nan,13.731198690785389,1.9127076106070786,10.556500264407303,0,0,-6.829261779785156,-1.9738224744796753,-0.49205297231674194,-0.014826362021267414,0.03528468310832977,-0.03720866143703461,nan,nan,nan,-0.030464032664895058,-0.0071236006915569305,-3.137479305267334,-0.0007953483145684004,3135,,nan,24.497,0.99,93,4,24,0.7,895,0.009466426447033882,0.003965938929468393,0.03727536275982857,1500,1500,1418,1498,1897,1500,1897,1115
1783462088.3651,12.0403,0.01941,51.53,603,3252661,0.061,AUTOTUNE,AUTOTUNE,128,6.020173072814941,0.0,10.0,0.5,0.0,0.0,nan,nan,nan,nan,nan,nan,nan,nan,nan,nan,13.74077149268541,1.9137330886291661,10.55565122631793,0,0,-6.829559326171875,-1.9739792346954346,-0.4918174147605896,-0.014441660605370998,0.03478312864899635,-0.036854468286037445,nan,nan,nan,-0.030458437278866768,-0.007138840854167938,-3.137482166290283,-0.0002757752954494208,3135,,nan,24.497,0.99,93,4,24,0.7,895,0.009466426447033882,0.003965938929468393,0.03727536275982857,1500,1500,1418,1498,1897,1500,1897,1115
1783462088.3850,12.0604,0.01993,50.19,604,3252681,0.081,AUTOTUNE,AUTOTUNE,128,6.0302029848098755,0.0,10.0,0.5,0.0,0.0,nan,nan,nan,nan,nan,nan,nan,nan,nan,nan,13.75090241790963,1.9167586927741391,10.553502266405818,0,0,-6.829850673675537,-1.9749144315719604,-0.49072378873825073,-0.014331771060824394,0.03357623144984245,-0.03624517098069191,nan,nan,nan,-0.03045336715877056,-0.00715755857527256,-3.137476921081543,9.614032751414925e-05,3135,,nan,24.497,0.99,93,4,24,0.7,895,0.009466426447033882,0.003965938929468393,0.03727536275982857,1500,1500,1418,1498,1897,1500,1897,1115
1783462088.4054,12.0804,0.02043,48.95,605,3252701,0.101,AUTOTUNE,AUTOTUNE,128,6.040176153182983,0.0,10.0,0.5,0.0,0.0,nan,nan,nan,nan,nan,nan,nan,nan,nan,nan,13.760471827664864,1.9190853721218846,10.551880698185455,0,0,-6.830120086669922,-1.9757715463638306,-0.4897535443305969,-0.013943115249276161,0.03272777795791626,-0.03586912900209427,nan,nan,nan,-0.030466530472040176,-0.007180927321314812,-3.1374764442443848,-0.00012289249571040273,3135,,nan,24.497,0.99,93,4,24,0.7,895,0.009466426447033882,0.003965938929468393,0.03727536275982857,1500,1500,1418,1498,1897,1500,1897,1115
1783462088.4253,12.1004,0.01988,50.29,606,3252723,0.121,AUTOTUNE,AUTOTUNE,128,6.050187468528748,0.0,10.0,0.5,0.0,0.0,nan,nan,nan,nan,nan,nan,nan,nan,nan,nan,13.77033224981543,1.9201502959451113,10.551759602278992,0,0,-6.830422401428223,-1.9757630825042725,-0.48976844549179077,-0.01368145551532507,0.03210805729031563,-0.03579061105847359,nan,nan,nan,-0.030468743294477463,-0.007193755358457565,-3.13747239112854,0.00023407064145430923,3135,,nan,24.497,0.99,93,4,24,0.7,895,0.009466426447033882,0.003965938929468393,0.03727536275982857,1500,1500,1418,1498,1897,1500,1897,1115
1783462088.4453,12.1204,0.01998,50.05,607,3252741,0.141,AUTOTUNE,AUTOTUNE,128,6.060179829597473,0.0,10.0,0.5,0.0,0.0,nan,nan,nan,nan,nan,nan,nan,nan,nan,nan,13.78020934964085,1.922785310789134,10.550188397430468,0,0,-6.830630779266357,-1.9765806198120117,-0.4887867569923401,-0.013494602404534817,0.03105873614549637,-0.03545025363564491,nan,nan,nan,-0.03047088161110878,-0.007217785343527794,-3.1374728679656982,-0.0001113407124648802,3135,,nan,24.497,0.99,93,4,24,0.7,895,0.009466426447033882,0.003965938929468393,0.03727536275982857,1500,1500,1418,1498,1897,1500,1897,1115
1783462088.4650,12.1403,0.01969,50.78,608,3252761,0.161,AUTOTUNE,AUTOTUNE,128,6.070170640945435,0.0,10.0,0.5,0.0,0.0,nan,nan,nan,nan,nan,nan,nan,nan,nan,nan,13.78989928807962,1.9228728390649683,10.549774108547288,0,0,-6.83087682723999,-1.9766203165054321,-0.4886738657951355,-0.013178837485611439,0.03103112056851387,-0.03527624160051346,nan,nan,nan,-0.030469881370663643,-0.007229352369904518,-3.13747501373291,-0.0002387901331530884,3135,,nan,24.497,0.99,93,4,24,0.7,895,0.009466426447033882,0.003965938929468393,0.03727536275982857,1500,1500,1418,1498,1897,1500,1897,1115
1783462088.4852,12.1603,0.02020,49.51,609,3252781,0.181,AUTOTUNE,AUTOTUNE,128,6.080170154571533,0.0,10.0,0.5,0.0,0.0,nan,nan,nan,nan,nan,nan,nan,nan,nan,nan,13.799885710665862,1.924992773188173,10.54845673868662,0,0,-6.831096172332764,-1.9772545099258423,-0.48784762620925903,-0.01304464042186737,0.030173327773809433,-0.03499268740415573,nan,nan,nan,-0.030471432954072952,-0.007247501984238625,-3.1374802589416504,-0.00030674802837893367,3135,,nan,24.497,0.99,93,4,24,0.7,895,0.009466426447033882,0.003965938929468393,0.03727536275982857,1500,1500,1418,1498,1897,1500,1897,1115
1783462088.5054,12.1804,0.02023,49.44,610,3252801,0.201,AUTOTUNE,AUTOTUNE,128,6.090177059173584,0.0,10.0,0.5,0.0,0.0,nan,nan,nan,nan,nan,nan,nan,nan,nan,nan,13.8104250528066,1.9271794208387343,10.547171629037644,0,0,-6.831554889678955,-1.9779447317123413,-0.48712366819381714,-0.013087202794849873,0.029309365898370743,-0.034668706357479095,nan,nan,nan,-0.030476124957203865,-0.007258284837007523,-3.137484312057495,-0.00042737709009088576,3135,,nan,24.497,0.99,93,4,24,0.7,895,0.011071134358644485,0.007066992111504078,0.010786953382194042,1500,1500,1418,1498,1897,1500,1897,1115
1783462088.5251,12.2004,0.01967,50.84,611,3252823,0.221,AUTOTUNE,AUTOTUNE,128,6.100210905075073,0.0,10.0,0.5,0.0,0.0,nan,nan,nan,nan,nan,nan,nan,nan,nan,nan,13.820738478218736,1.927932226861858,10.54751404560614,0,0,-6.832064151763916,-1.9779551029205322,-0.487243115901947,-0.012954595498740673,0.02888072095811367,-0.034797437489032745,nan,nan,nan,-0.03047752007842064,-0.007281210273504257,-3.1374833583831787,-0.0001688536285655573,3135,,nan,24.497,0.99,93,4,24,0.7,895,0.011071134358644485,0.007066992111504078,0.010786953382194042,1500,1500,1418,1498,1897,1500,1897,1115
1783462088.5452,12.2203,0.02010,49.76,612,3252841,0.241,AUTOTUNE,AUTOTUNE,128,6.110155701637268,0.0,10.0,0.5,0.0,0.0,nan,nan,nan,nan,nan,nan,nan,nan,nan,nan,13.831477937444415,1.9299799532931043,10.546237396348237,0,0,-6.832686424255371,-1.978723168373108,-0.4865061640739441,-0.013054125010967255,0.02814190834760666,-0.034485843032598495,nan,nan,nan,-0.03049074113368988,-0.007298145443201065,-3.1374785900115967,-1.722171509754844e-05,3135,,nan,24.497,0.99,93,4,24,0.7,895,0.011071134358644485,0.007066992111504078,0.010786953382194042,1500,1500,1418,1498,1897,1500,1897,1115
1783462088.5657,12.2405,0.02050,48.77,613,3252863,0.261,AUTOTUNE,AUTOTUNE,128,6.120235085487366,0.0,10.0,0.5,0.0,0.0,nan,nan,nan,nan,nan,nan,nan,nan,nan,nan,13.841800325621666,1.9316423826283058,10.5455932722782,0,0,-6.833327770233154,-1.9792836904525757,-0.48594921827316284,-0.01282414235174656,0.027505721896886826,-0.03443551063537598,nan,nan,nan,-0.030492587015032768,-0.007324671372771263,-3.1374740600585938,3.159591506118886e-05,3135,,nan,24.497,0.99,93,4,24,0.7,895,0.011071134358644485,0.007066992111504078,0.010786953382194042,1500,1500,1418,1498,1897,1500,1897,1115
1783462088.5853,12.2603,0.01962,50.97,614,3252881,0.281,AUTOTUNE,AUTOTUNE,128,6.130170583724976,0.0,10.0,0.5,0.0,0.0,nan,nan,nan,nan,nan,nan,nan,nan,nan,nan,13.851917783343163,1.9327180662538652,10.54554225552967,0,0,-6.833707332611084,-1.979385495185852,-0.48591142892837524,-0.012710056267678738,0.026943452656269073,-0.03442787379026413,nan,nan,nan,-0.030494248494505882,-0.007344275712966919,-3.1374707221984863,0.0002701384073588997,3135,,nan,24.497,0.99,93,4,24,0.7,895,0.011071134358644485,0.007066992111504078,0.010786953382194042,1500,1500,1418,1498,1897,1500,1897,1115
1783462088.6054,12.2804,0.02013,49.68,615,3252901,0.301,AUTOTUNE,AUTOTUNE,128,6.140184640884399,0.0,10.0,0.5,0.0,0.0,nan,nan,nan,nan,nan,nan,nan,nan,nan,nan,13.862488848493571,1.9346139093501937,10.544788623041955,0,0,-6.83425760269165,-1.979925513267517,-0.4854230284690857,-0.012713946402072906,0.026160666719079018,-0.034274742007255554,nan,nan,nan,-0.03049592487514019,-0.007362907752394676,-3.1374621391296387,0.00010443970677442849,3135,,nan,24.497,0.99,93,4,24,0.7,895,0.011071134358644485,0.007066992111504078,0.010786953382194042,1500,1500,1418,1498,1897,1500,1897,1115
1783462088.6250,12.3003,0.01954,51.19,616,3252921,0.321,AUTOTUNE,AUTOTUNE,128,6.150145769119263,0.0,10.0,0.5,0.0,0.0,nan,nan,nan,nan,nan,nan,nan,nan,nan,nan,13.87267371647806,1.9350598415244753,10.544742862797587,0,0,-6.83464241027832,-1.9799200296401978,-0.4855479598045349,-0.012620953842997551,0.025900041684508324,-0.03417619317770004,nan,nan,nan,-0.0305013470351696,-0.007374221459031105,-3.1374616622924805,-7.102394010871649e-05,3135,,nan,24.497,0.99,93,4,24,0.7,895,0.011071134358644485,0.007066992111504078,0.010786953382194042,1500,1500,1418,1498,1897,1500,1897,1115
1783462088.6454,12.3204,0.02040,49.03,617,3252941,0.341,AUTOTUNE,AUTOTUNE,128,6.160175919532776,0.0,10.0,0.5,0.0,0.0,nan,nan,nan,nan,nan,nan,nan,nan,nan,nan,13.88298779907284,1.936411296319409,10.543943147648765,0,0,-6.835141658782959,-1.98037588596344,-0.48508816957473755,-0.012496640905737877,0.02538296766579151,-0.03397993743419647,nan,nan,nan,-0.030507612973451614,-0.007383456453680992,-3.137453317642212,0.00022059414186514914,3135,,nan,24.497,0.99,93,4,24,0.7,895,0.011071134358644485,0.007066992111504078,0.010786953382194042,1500,1500,1418,1498,1897,1500,1897,1115
1783462088.6654,12.3404,0.02000,50.01,618,3252963,0.361,AUTOTUNE,AUTOTUNE,128,6.170192837715149,0.0,10.0,0.5,0.0,0.0,nan,nan,nan,nan,nan,nan,nan,nan,nan,nan,13.893227363283048,1.9375817641444584,10.543339362698358,0,0,-6.835637092590332,-1.9807215929031372,-0.4846932291984558,-0.012339146807789803,0.024906791746616364,-0.033859360963106155,nan,nan,nan,-0.030517736449837685,-0.007397854700684547,-3.1374545097351074,-3.783121064770967e-05,3135,,nan,24.497,0.99,93,4,24,0.7,895,0.011071134358644485,0.007066992111504078,0.010786953382194042,1500,1500,1418,1498,1897,1500,1897,1115
1783462088.6850,12.3604,0.01969,50.80,619,3252981,0.381,AUTOTUNE,AUTOTUNE,128,6.180205941200256,0.0,10.0,0.5,0.0,0.0,nan,nan,nan,nan,nan,nan,nan,nan,nan,nan,13.903654542624704,1.937886236954347,10.543387405616325,0,0,-6.835955619812012,-1.980713963508606,-0.4847521185874939,-0.012394311837852001,0.02472659945487976,-0.03385309875011444,nan,nan,nan,-0.03051709197461605,-0.0074068401008844376,-3.1374599933624268,-0.0004413150018081069,3135,,nan,24.497,0.99,93,4,24,0.7,895,0.011071134358644485,0.007066992111504078,0.010786953382194042,1500,1500,1418,1498,1897,1500,1897,1115
1783462088.7057,12.3805,0.02069,48.34,620,3253001,0.401,AUTOTUNE,AUTOTUNE,128,6.190230369567871,0.0,10.0,0.5,0.0,0.0,nan,nan,nan,nan,nan,nan,nan,nan,nan,nan,13.913942361842572,1.9390051154230148,10.543099429349787,0,0,-6.836385250091553,-1.9810398817062378,-0.4844200015068054,-0.012298333458602428,0.024268783628940582,-0.03387858346104622,nan,nan,nan,-0.030520210042595863,-0.007425084710121155,-3.1374542713165283,0.00016608499572612345,3135,,nan,24.497,0.99,93,4,24,0.7,895,0.011071134358644485,0.006371255498379469,0.010786953382194042,1500,1500,1418,1498,1897,1500,1897,1115
1783462088.7251,12.4004,0.01933,51.73,621,3253023,0.421,AUTOTUNE,AUTOTUNE,128,6.200223803520203,0.0,10.0,0.5,0.0,0.0,nan,nan,nan,nan,nan,nan,nan,nan,nan,nan,13.923893080437832,1.939410868563164,10.542954727422,0,0,-6.8367390632629395,-1.980892539024353,-0.4846969246864319,-0.0120693976059556,0.023949453607201576,-0.033635158091783524,nan,nan,nan,-0.030517159029841423,-0.00742759183049202,-3.1374306678771973,0.0011030544992536306,3135,,nan,24.497,0.99,93,4,24,0.7,895,0.011071134358644485,0.006371255498379469,0.010786953382194042,1500,1500,1418,1498,1897,1500,1897,1115
1783462088.7449,12.4203,0.01989,50.28,622,3253041,0.441,AUTOTUNE,AUTOTUNE,128,6.210161209106445,0.0,10.0,0.5,0.0,0.0,nan,nan,nan,nan,nan,nan,nan,nan,nan,nan,13.93518546325592,1.9415044182500782,10.540561298437114,0,0,-6.837601661682129,-1.9816017150878906,-0.48321443796157837,-0.01235367264598608,0.023150185123085976,-0.03310922533273697,nan,nan,nan,-0.030508071184158325,-0.007438085973262787,-3.137432098388672,0.00015732993779238313,3135,,nan,24.497,0.99,93,4,24,0.7,895,0.011071134358644485,0.006371255498379469,0.010786953382194042,1500,1500,1418,1498,1897,1500,1897,1115
1783462088.7653,12.4403,0.02033,49.19,623,3253063,0.461,AUTOTUNE,AUTOTUNE,128,6.220172047615051,0.0,10.0,0.5,0.0,0.0,nan,nan,nan,nan,nan,nan,nan,nan,nan,nan,13.946399890774519,1.9432348136940572,10.53868774495584,0,0,-6.838469505310059,-1.9821335077285767,-0.4820590615272522,-0.012547515332698822,0.022458171471953392,-0.032694585621356964,nan,nan,nan,-0.03052225522696972,-0.007453003898262978,-3.1374289989471436,-0.00022661166440229863,3135,,nan,24.497,0.99,93,4,24,0.7,895,0.011071134358644485,0.006371255498379469,0.010786953382194042,1500,1500,1418,1498,1897,1500,1897,1115
1783462088.7851,12.4602,0.01985,50.39,624,3253081,0.481,AUTOTUNE,AUTOTUNE,128,6.230087757110596,0.0,10.0,0.5,0.0,0.0,nan,nan,nan,nan,nan,nan,nan,nan,nan,nan,13.956764556803659,1.9438765493438588,10.538154495296945,0,0,-6.838960647583008,-1.9822416305541992,-0.4817355275154114,-0.012523159384727478,0.022150089964270592,-0.032573506236076355,nan,nan,nan,-0.030522126704454422,-0.007462041452527046,-3.137437582015991,-0.00010157662472920492,3135,,nan,24.497,0.99,93,4,24,0.7,895,0.011071134358644485,0.006371255498379469,0.010786953382194042,1500,1500,1418,1498,1897,1500,1897,1115
1783462088.8069,12.4804,0.02178,45.92,625,3253106,0.503,AUTOTUNE,AUTOTUNE,128,6.240221619606018,0.0,10.0,0.5,0.0,0.0,nan,nan,nan,nan,nan,nan,nan,nan,nan,nan,13.967617819016937,1.9454042652195365,10.53676362626044,0,0,-6.839784145355225,-1.982636570930481,-0.480868399143219,-0.012463058345019817,0.021496081724762917,-0.0322711244225502,nan,nan,nan,-0.030504023656249046,-0.007470468059182167,-3.137453079223633,-0.0009403121075592935,3135,,nan,24.487,0.99,93,4,24,0.7,895,0.011071134358644485,0.006371255498379469,0.010786953382194042,1500,1500,1418,1498,1897,1500,1897,1115
1783462088.8249,12.5004,0.01796,55.67,626,3253123,0.521,AUTOTUNE,AUTOTUNE,128,6.250202655792236,0.0,10.0,0.5,0.0,0.0,nan,nan,nan,nan,nan,nan,nan,nan,nan,nan,13.978208050677452,1.946122648964652,10.536290463633057,0,0,-6.84023904800415,-1.9827133417129517,-0.4806392788887024,-0.012552139349281788,0.02112564630806446,-0.032130226492881775,nan,nan,nan,-0.03050958551466465,-0.007481362670660019,-3.1374573707580566,-0.0004928167327307165,3135,,nan,24.487,0.99,93,4,24,0.7,895,0.011071134358644485,0.006371255498379469,0.010786953382194042,1500,1500,1418,1498,1897,1500,1897,1115
1783462088.8453,12.5204,0.02041,49.00,627,3253141,0.541,AUTOTUNE,AUTOTUNE,128,6.260215163230896,0.0,10.0,0.5,0.0,0.0,nan,nan,nan,nan,nan,nan,nan,nan,nan,nan,13.988773853047514,1.9477002984991865,10.534692593892718,0,0,-6.840900897979736,-1.9831982851028442,-0.47958093881607056,-0.012489465065300465,0.020494772121310234,-0.031818728893995285,nan,nan,nan,-0.030499393120408058,-0.007494106888771057,-3.1374523639678955,0.00012045432231388986,3135,,nan,24.487,0.99,93,4,24,0.7,895,0.011071134358644485,0.006371255498379469,0.010786953382194042,1500,1500,1418,1498,1897,1500,1897,1115
1783462088.8650,12.5404,0.01977,50.58,628,3253163,0.561,AUTOTUNE,AUTOTUNE,128,6.270175814628601,0.0,10.0,0.5,0.0,0.0,nan,nan,nan,nan,nan,nan,nan,nan,nan,nan,13.999809983057624,1.9487418274513215,10.533520151603206,0,0,-6.841589450836182,-1.983522891998291,-0.4786894917488098,-0.012712856754660606,0.02008085697889328,-0.03165649622678757,nan,nan,nan,-0.030504466965794563,-0.007514316588640213,-3.1374495029449463,8.940343832364306e-05,3135,,nan,24.487,0.99,93,4,24,0.7,895,0.011071134358644485,0.006371255498379469,0.010786953382194042,1500,1500,1418,1498,1897,1500,1897,1115
1783462088.8854,12.5605,0.02033,49.18,629,3253181,0.581,AUTOTUNE,AUTOTUNE,128,6.280229091644287,0.0,10.0,0.5,0.0,0.0,nan,nan,nan,nan,nan,nan,nan,nan,nan,nan,14.010174585222414,1.949095757475783,10.532895265512254,0,0,-6.842001438140869,-1.9835395812988281,-0.4784906506538391,-0.012654739432036877,0.01988615095615387,-0.031410519033670425,nan,nan,nan,-0.030506566166877747,-0.007527193054556847,-3.137450933456421,-0.0002049327886197716,3135,,nan,24.487,0.99,93,4,24,0.7,895,0.011071134358644485,0.006371255498379469,0.010786953382194042,1500,1500,1418,1498,1897,1500,1897,1115
1783462088.9054,12.5803,0.02000,50.01,630,3253201,0.601,AUTOTUNE,AUTOTUNE,128,6.2901692390441895,0.0,10.0,0.5,0.0,0.0,nan,nan,nan,nan,nan,nan,nan,nan,nan,nan,14.02083197519521,1.950739327325752,10.53141870051148,0,0,-6.842643737792969,-1.9841331243515015,-0.47751182317733765,-0.012698007747530937,0.01927991770207882,-0.031123150140047073,nan,nan,nan,-0.030505871400237083,-0.007543843239545822,-3.137439727783203,0.00032243423629552126,3135,,nan,24.487,0.99,93,4,24,0.7,895,0.009693260304629803,0.008119848556816578,0.019214188680052757,1500,1500,1418,1498,1897,1500,1897,1115
1783462088.9253,12.6004,0.01989,50.27,631,3253223,0.621,AUTOTUNE,AUTOTUNE,128,6.300177454948425,0.0,10.0,0.5,0.0,0.0,nan,nan,nan,nan,nan,nan,nan,nan,nan,nan,14.031483862081467,1.9520750583574826,10.53089022900228,0,0,-6.843132019042969,-1.9843095541000366,-0.47737330198287964,-0.012787722051143646,0.018610594794154167,-0.030898012220859528,nan,nan,nan,-0.03050970658659935,-0.007562240585684776,-3.1374447345733643,-0.00012397460523061454,3135,,nan,24.487,0.99,93,4,24,0.7,895,0.009693260304629803,0.008119848556816578,0.019214188680052757,1500,1500,1418,1498,1897,1500,1897,1115
1783462088.9449,12.6204,0.01969,50.79,632,3253241,0.641,AUTOTUNE,AUTOTUNE,128,6.3101948499679565,0.0,10.0,0.5,0.0,0.0,nan,nan,nan,nan,nan,nan,nan,nan,nan,nan,14.041692577202328,1.9542361362867302,10.529551325563132,0,0,-6.843723297119141,-1.9851408004760742,-0.4763032793998718,-0.012556806206703186,0.017842816188931465,-0.030742773786187172,nan,nan,nan,-0.03050975315272808,-0.007571646943688393,-3.1374404430389404,6.68570792186074e-05,3135,,nan,24.487,0.99,93,4,24,0.7,895,0.009693260304629803,0.008119848556816578,0.019214188680052757,1500,1500,1418,1498,1897,1500,1897,1115
1783462088.9652,12.6403,0.02023,49.43,633,3253263,0.661,AUTOTUNE,AUTOTUNE,128,6.3201584815979,0.0,10.0,0.5,0.0,0.0,nan,nan,nan,nan,nan,nan,nan,nan,nan,nan,14.051938220159695,1.956410053152368,10.528156716198088,0,0,-6.844338893890381,-1.9858119487762451,-0.47548991441726685,-0.012364210560917854,0.016975192353129387,-0.030407192185521126,nan,nan,nan,-0.030511299148201942,-0.007586613297462463,-3.1374456882476807,-0.0003710936871357262,3135,,nan,24.487,0.99,93,4,24,0.7,895,0.009693260304629803,0.008119848556816578,0.019214188680052757,1500,1500,1418,1498,1897,1500,1897,1115
1783462088.9852,12.6602,0.01999,50.03,634,3253281,0.681,AUTOTUNE,AUTOTUNE,128,6.330086350440979,0.0,10.0,0.5,0.0,0.0,nan,nan,nan,nan,nan,nan,nan,nan,nan,nan,14.06220733958217,1.9572036590582687,10.527557358999488,0,0,-6.844711780548096,-1.986018419265747,-0.47531992197036743,-0.012345945462584496,0.016636209562420845,-0.030159298330545425,nan,nan,nan,-0.030498415231704712,-0.007603270933032036,-3.1374502182006836,-0.0004335534176789224,3135,,nan,24.487,0.99,93,4,24,0.7,895,0.009693260304629803,0.008119848556816578,0.019214188680052757,1500,1500,1418,1498,1897,1500,1897,1115
1783462089.0045,12.6802,0.01932,51.76,635,3253301,0.700,AUTOTUNE,AUTOTUNE,128,6.340087413787842,0.0,10.0,0.5,0.0,0.0,nan,nan,nan,nan,nan,nan,nan,nan,nan,nan,14.072560024252363,1.958935435165131,10.526085925276627,0,0,-6.845239639282227,-1.9866513013839722,-0.4745851159095764,-0.012244194746017456,0.016001762822270393,-0.02973400615155697,nan,nan,nan,-0.030508020892739296,-0.007617246359586716,-3.137460470199585,-0.0006546578952111304,3135,,nan,24.487,0.99,93,4,24,0.7,895,0.009693260304629803,0.008119848556816578,0.019214188680052757,1500,1500,1418,1498,1897,1500,1897,1115
1783462089.0251,12.7005,0.02060,48.54,636,3253321,0.721,AUTOTUNE,AUTOTUNE,128,6.350231766700745,0.0,10.0,0.5,0.0,0.0,nan,nan,nan,nan,nan,nan,nan,nan,nan,nan,14.083126737872565,1.9594646777351845,10.52588430311175,0,0,-6.845613479614258,-1.9867898225784302,-0.4745498299598694,-0.012272207997739315,0.01577617973089218,-0.02963797189295292,nan,nan,nan,-0.030506430193781853,-0.007626907899975777,-3.1374545097351074,-3.672492312034592e-05,3135,,nan,24.487,0.99,93,4,24,0.7,895,0.009693260304629803,0.008119848556816578,0.019214188680052757,1500,1500,1418,1498,1897,1500,1897,1115
1783462089.0452,12.7204,0.02016,49.59,637,3253341,0.741,AUTOTUNE,AUTOTUNE,128,6.360200643539429,0.0,10.0,0.5,0.0,0.0,nan,nan,nan,nan,nan,nan,nan,nan,nan,nan,14.093568147925158,1.9607166973520325,10.524894482261715,0,0,-6.8461012840271,-1.987336277961731,-0.4739040732383728,-0.01226339116692543,0.015368822030723095,-0.029439326375722885,nan,nan,nan,-0.030513182282447815,-0.0076469071209430695,-3.1374521255493164,1.3309658243088052e-05,3135,,nan,24.487,0.99,93,4,24,0.7,895,0.009693260304629803,0.008119848556816578,0.019214188680052757,1500,1500,1418,1498,1897,1500,1897,1115
1783462089.0652,12.7404,0.01990,50.24,638,3253361,0.761,AUTOTUNE,AUTOTUNE,128,6.370207190513611,0.0,10.0,0.5,0.0,0.0,nan,nan,nan,nan,nan,nan,nan,nan,nan,nan,14.103847494088852,1.961494524415534,10.52452523148369,0,0,-6.846454620361328,-1.9874426126480103,-0.4738702178001404,-0.012216893024742603,0.014981135725975037,-0.029245685786008835,nan,nan,nan,-0.03050743229687214,-0.0076667070388793945,-3.1374478340148926,4.879377956967801e-05,3135,,nan,24.487,0.99,93,4,24,0.7,895,0.009693260304629803,0.008119848556816578,0.019214188680052757,1500,1500,1418,1498,1897,1500,1897,1115
1783462089.0854,12.7605,0.02024,49.41,639,3253381,0.781,AUTOTUNE,AUTOTUNE,128,6.38022780418396,0.0,10.0,0.5,0.0,0.0,nan,nan,nan,nan,nan,nan,nan,nan,nan,nan,14.114340589202781,1.9630726271229268,10.52351100065626,0,0,-6.846900463104248,-1.9879180192947388,-0.47330182790756226,-0.012232272885739803,0.014344493858516216,-0.028988279402256012,nan,nan,nan,-0.03052162192761898,-0.0076875630766153336,-3.137451648712158,-0.000243696995312348,3135,,nan,24.487,0.99,93,4,24,0.7,895,0.009693260304629803,0.008119848556816578,0.019214188680052757,1500,1500,1418,1498,1897,1500,1897,1115
1783462089.1056,12.7805,0.02023,49.43,640,3253401,0.801,AUTOTUNE,AUTOTUNE,128,6.39022696018219,0.0,10.0,0.5,0.0,0.0,nan,nan,nan,nan,nan,nan,nan,nan,nan,nan,14.124639381589255,1.964331158684382,10.522660304034819,0,0,-6.847318649291992,-1.9883527755737305,-0.47281402349472046,-0.012163828127086163,0.013868886977434158,-0.028778763487935066,nan,nan,nan,-0.030532484874129295,-0.007704341784119606,-3.137451410293579,-8.033822814468294e-05,3135,,nan,24.487,0.99,93,4,24,0.7,895,0.009693260304629803,0.004144968464970589,0.019214188680052757,1500,1500,1418,1498,1897,1500,1897,1115
1783462089.1247,12.8002,0.01913,52.28,641,3253421,0.820,AUTOTUNE,AUTOTUNE,128,6.400091528892517,0.0,10.0,0.5,0.0,0.0,nan,nan,nan,nan,nan,nan,nan,nan,nan,nan,14.134963260037802,1.964800639497734,10.52283600350544,0,0,-6.847640037536621,-1.9884177446365356,-0.47288793325424194,-0.01224345713853836,0.013635342009365559,-0.028837531805038452,nan,nan,nan,-0.030535662546753883,-0.007717931643128395,-3.137449264526367,-8.892474579624832e-05,3135,,nan,24.487,0.99,93,4,24,0.7,895,0.009693260304629803,0.004144968464970589,0.019214188680052757,1500,1500,1418,1498,1897,1500,1897,1115
1783462089.1454,12.8205,0.02070,48.31,642,3253441,0.841,AUTOTUNE,AUTOTUNE,128,6.410228133201599,0.0,10.0,0.5,0.0,0.0,nan,nan,nan,nan,nan,nan,nan,nan,nan,nan,14.146245431894382,1.9656202276122203,10.519781721226613,0,0,-6.848570346832275,-1.9886133670806885,-0.47123903036117554,-0.012367736548185349,0.013275095261633396,-0.02802613563835621,nan,nan,nan,-0.030531223863363266,-0.007726458832621574,-3.137444496154785,-5.5076161515899e-06,3135,,nan,24.487,0.99,93,4,24,0.7,895,0.009693260304629803,0.004144968464970589,0.019214188680052757,1500,1500,1418,1498,1897,1500,1897,1115
1783462089.1652,12.8404,0.01979,50.53,643,3253463,0.861,AUTOTUNE,AUTOTUNE,128,6.420179724693298,0.0,10.0,0.5,0.0,0.0,nan,nan,nan,nan,nan,nan,nan,nan,nan,nan,14.157044820448602,1.966710975417661,10.517506846817907,0,0,-6.849471092224121,-1.988752841949463,-0.4697938561439514,-0.01233716681599617,0.012725877575576305,-0.027547108009457588,nan,nan,nan,-0.030522597953677177,-0.007743574678897858,-3.137439012527466,7.273653318407014e-05,3135,,nan,24.487,0.99,93,4,24,0.7,895,0.009693260304629803,0.004144968464970589,0.019214188680052757,1500,1500,1418,1498,1897,1500,1897,1115
1783462089.1849,12.8603,0.01965,50.89,644,3253481,0.881,AUTOTUNE,AUTOTUNE,128,6.430168509483337,0.0,10.0,0.5,0.0,0.0,nan,nan,nan,nan,nan,nan,nan,nan,nan,nan,14.167662062641854,1.967038770797814,10.516890293372468,0,0,-6.849976539611816,-1.98873770236969,-0.4692973494529724,-0.012408186681568623,0.012527883984148502,-0.027477798983454704,nan,nan,nan,-0.030514629557728767,-0.007753543555736542,-3.1374289989471436,0.0003654097963590175,3135,,nan,24.487,0.99,93,4,24,0.7,895,0.009693260304629803,0.004144968464970589,0.019214188680052757,1500,1500,1418,1498,1897,1500,1897,1115
1783462089.2053,12.8804,0.02046,48.88,645,3253501,0.901,AUTOTUNE,AUTOTUNE,128,6.440176606178284,0.0,10.0,0.5,0.0,0.0,nan,nan,nan,nan,nan,nan,nan,nan,nan,nan,14.178602216948986,1.967875267399466,10.514686615848648,0,0,-6.850767612457275,-1.9888756275177002,-0.46801477670669556,-0.012489584274590015,0.012124563567340374,-0.026945998892188072,nan,nan,nan,-0.030533842742443085,-0.007758157327771187,-3.13742733001709,1.3586941349785775e-05,3135,,nan,24.487,0.99,93,4,24,0.7,895,0.009693260304629803,0.004144968464970589,0.019214188680052757,1500,1500,1418,1498,1897,1500,1897,1115
1783462089.2248,12.9003,0.01950,51.29,646,3253523,0.921,AUTOTUNE,AUTOTUNE,128,6.45015811920166,0.0,10.0,0.5,0.0,0.0,nan,nan,nan,nan,nan,nan,nan,nan,nan,nan,14.189135714587673,1.9679631415175207,10.514217139854265,0,0,-6.851301193237305,-1.988786220550537,-0.467762291431427,-0.012500209733843803,0.012022210285067558,-0.026820719242095947,nan,nan,nan,-0.03053349256515503,-0.007770076394081116,-3.137432813644409,-0.00041476654587313533,3135,,nan,24.487,0.99,93,4,24,0.7,895,0.009693260304629803,0.004144968464970589,0.019214188680052757,1500,1500,1418,1498,1897,1500,1897,1115
1783462089.2454,12.9205,0.02053,48.70,647,3253541,0.941,AUTOTUNE,AUTOTUNE,128,6.4602367877960205,0.0,10.0,0.5,0.0,0.0,nan,nan,nan,nan,nan,nan,nan,nan,nan,nan,14.200273660477807,1.9685777104933853,10.512348228354458,0,0,-6.851989269256592,-1.988922357559204,-0.46653276681900024,-0.012714522890746593,0.011745987460017204,-0.02645156905055046,nan,nan,nan,-0.03053351119160652,-0.007775170728564262,-3.1374335289001465,-0.0003124463255517185,3135,,nan,24.487,0.99,93,4,24,0.7,895,0.009693260304629803,0.004144968464970589,0.019214188680052757,1500,1500,1418,1498,1897,1500,1897,1115
1783462089.2651,12.9403,0.01969,50.78,648,3253563,0.961,AUTOTUNE,AUTOTUNE,128,6.470162630081177,0.0,10.0,0.5,0.0,0.0,nan,nan,nan,nan,nan,nan,nan,nan,nan,nan,14.210958347941363,1.9690437000946333,10.510789413133,0,0,-6.852703094482422,-1.9889744520187378,-0.4654998183250427,-0.012740515172481537,0.011507024988532066,-0.026147959753870964,nan,nan,nan,-0.030530229210853577,-0.007783697918057442,-3.1374332904815674,-6.590405973838642e-05,3135,,nan,24.487,0.99,93,4,24,0.7,895,0.009693260304629803,0.004144968464970589,0.019214188680052757,1500,1500,1418,1498,1897,1500,1897,1115
1783462089.2854,12.9604,0.02030,49.25,649,3253581,0.981,AUTOTUNE,AUTOTUNE,128,6.480194568634033,0.0,10.0,0.5,0.0,0.0,nan,nan,nan,nan,nan,nan,nan,nan,nan,nan,14.221581545275217,1.9696205517253713,10.510258688041368,0,0,-6.853128433227539,-1.9889205694198608,-0.4651966691017151,-0.012836309149861336,0.011142870411276817,-0.026016568765044212,nan,nan,nan,-0.030529893934726715,-0.007779767736792564,-3.137415885925293,0.0007592784240841866,3135,,nan,24.487,0.99,93,4,24,0.7,895,0.009693260304629803,0.004144968464970589,0.019214188680052757,1500,1500,1418,1498,1897,1500,1897,1115
1783462089.3069,12.9804,0.02154,46.42,650,3253606,0.003,AUTOTUNE,AUTOTUNE,128,6.490185976028442,0.0,10.0,0.5,0.0,0.0,nan,nan,nan,nan,nan,nan,nan,nan,nan,nan,14.232529683404865,1.9695334386064303,10.509066078570658,0,0,-6.853817939758301,-1.9889189004898071,-0.46439915895462036,-0.012990591116249561,0.011192201636731625,-0.025788458064198494,nan,nan,nan,-0.030519146472215652,-0.007784556597471237,-3.137417793273926,-0.00011744591756723821,3135,,nan,24.502,1.0,93,4,24,0.7,895,0.009693260304629803,0.004144968464970589,0.019214188680052757,1500,1500,1418,1498,1897,1500,1897,1115
1783462089.3252,13.0003,0.01826,54.75,651,3253621,0.021,AUTOTUNE,AUTOTUNE,128,6.500172138214111,0.0,10.0,0.5,0.0,0.0,nan,nan,nan,nan,nan,nan,nan,nan,nan,nan,14.242864013720242,1.9699935810109908,10.508609503383553,0,0,-6.854185581207275,-1.9888818264007568,-0.46410876512527466,-0.012979348190128803,0.010905133560299873,-0.025692513212561607,nan,nan,nan,-0.03050980158150196,-0.007784966379404068,-3.1374125480651855,3.519687379593961e-05,3135,,nan,24.502,1.0,93,4,24,0.7,895,0.010383279994130135,0.004675848875194788,0.02389402501285076,1500,1500,1418,1498,1897,1500,1897,1115
1783462089.3454,13.0204,0.02020,49.51,652,3253641,0.041,AUTOTUNE,AUTOTUNE,128,6.510182023048401,0.0,10.0,0.5,0.0,0.0,nan,nan,nan,nan,nan,nan,nan,nan,nan,nan,14.252435936332212,1.972283316308311,10.506692075387647,0,0,-6.854387283325195,-1.989618182182312,-0.46312278509140015,-0.012610037811100483,0.010008289478719234,-0.02515474148094654,nan,nan,nan,-0.030512971803545952,-0.007792377844452858,-3.1374106407165527,4.165522477705963e-05,3135,,nan,24.502,1.0,93,4,24,0.7,895,0.010383279994130135,0.004675848875194788,0.02389402501285076,1500,1500,1418,1498,1897,1500,1897,1115
1783462089.3651,13.0404,0.01973,50.68,653,3253661,0.061,AUTOTUNE,AUTOTUNE,128,6.520206093788147,0.0,10.0,0.5,0.0,0.0,nan,nan,nan,nan,nan,nan,nan,nan,nan,nan,14.26211424490839,1.9730164882880357,10.506078487885052,0,0,-6.854608058929443,-1.9898661375045776,-0.4628923535346985,-0.012282947078347206,0.009728149510920048,-0.024933526292443275,nan,nan,nan,-0.03052569180727005,-0.007804740220308304,-3.1374168395996094,-0.0005357356276363134,3135,,nan,24.502,1.0,93,4,24,0.7,895,0.010383279994130135,0.004675848875194788,0.02389402501285076,1500,1500,1418,1498,1897,1500,1897,1115
1783462089.3850,13.0603,0.01987,50.32,654,3253681,0.081,AUTOTUNE,AUTOTUNE,128,6.530164003372192,0.0,10.0,0.5,0.0,0.0,nan,nan,nan,nan,nan,nan,nan,nan,nan,nan,14.271776965026557,1.9754083013529455,10.504778298604842,0,0,-6.85478401184082,-1.9905272722244263,-0.4620051980018616,-0.01201093290001154,0.008728941902518272,-0.024695061147212982,nan,nan,nan,-0.03052692860364914,-0.007820814847946167,-3.137418746948242,-0.0004330479714553803,3135,,nan,24.502,1.0,93,4,24,0.7,895,0.010383279994130135,0.004675848875194788,0.02389402501285076,1500,1500,1418,1498,1897,1500,1897,1115
1783462089.4053,13.0804,0.02033,49.18,655,3253701,0.101,AUTOTUNE,AUTOTUNE,128,6.540180802345276,0.0,10.0,0.5,0.0,0.0,nan,nan,nan,nan,nan,nan,nan,nan,nan,nan,14.281649282307798,1.9769176475579369,10.503328648873538,0,0,-6.854950904846191,-1.9911335706710815,-0.46123379468917847,-0.011831160634756088,0.008207567036151886,-0.02430347539484501,nan,nan,nan,-0.030538838356733322,-0.00783327966928482,-3.137409210205078,0.00021863364963792264,3135,,nan,24.502,1.0,93,4,24,0.7,895,0.010383279994130135,0.004675848875194788,0.02389402501285076,1500,1500,1418,1498,1897,1500,1897,1115
1783462089.4254,13.1005,0.02009,49.78,656,3253723,0.121,AUTOTUNE,AUTOTUNE,128,6.550225257873535,0.0,10.0,0.5,0.0,0.0,nan,nan,nan,nan,nan,nan,nan,nan,nan,nan,14.291381243286603,1.9776641209238535,10.502932686657376,0,0,-6.855175971984863,-1.991319179534912,-0.46118682622909546,-0.01152079924941063,0.007883751764893532,-0.02410198375582695,nan,nan,nan,-0.03054678440093994,-0.007857898250222206,-3.1374099254608154,-3.499206286505796e-05,3135,,nan,24.502,1.0,93,4,24,0.7,895,0.010383279994130135,0.004675848875194788,0.02389402501285076,1500,1500,1418,1498,1897,1500,1897,1115
1783462089.4454,13.1204,0.02000,50.00,657,3253741,0.141,AUTOTUNE,AUTOTUNE,128,6.560197114944458,0.0,10.0,0.5,0.0,0.0,nan,nan,nan,nan,nan,nan,nan,nan,nan,nan,14.301103032715762,1.9791977634330693,10.501910169097837,0,0,-6.855288028717041,-1.9918811321258545,-0.46042507886886597,-0.0113117266446352,0.007322746329009533,-0.02395142801105976,nan,nan,nan,-0.030548926442861557,-0.00786895863711834,-3.137413501739502,-0.0002758360933512449,3135,,nan,24.502,1.0,93,4,24,0.7,895,0.010383279994130135,0.004675848875194788,0.02389402501285076,1500,1500,1418,1498,1897,1500,1897,1115
1783462089.4651,13.1404,0.01972,50.70,658,3253761,0.161,AUTOTUNE,AUTOTUNE,128,6.5701799392700195,0.0,10.0,0.5,0.0,0.0,nan,nan,nan,nan,nan,nan,nan,nan,nan,nan,14.31073624395513,1.9796792492543023,10.501755665812803,0,0,-6.855468273162842,-1.9920612573623657,-0.46032947301864624,-0.011005813255906105,0.007148755714297295,-0.0239174235612154,nan,nan,nan,-0.030559180304408073,-0.007879680022597313,-3.137420177459717,-0.000574362522456795,3135,,nan,24.502,1.0,93,4,24,0.7,895,0.010383279994130135,0.004675848875194788,0.02389402501285076,1500,1500,1418,1498,1897,1500,1897,1115
1783462089.4848,13.1602,0.01966,50.87,659,3253781,0.180,AUTOTUNE,AUTOTUNE,128,6.580122709274292,0.0,10.0,0.5,0.0,0.0,nan,nan,nan,nan,nan,nan,nan,nan,nan,nan,14.320338426510672,1.9814193772060642,10.50080197367026,0,0,-6.855594158172607,-1.992539644241333,-0.45972567796707153,-0.01073649525642395,0.0064202891662716866,-0.023715410381555557,nan,nan,nan,-0.030570434406399727,-0.007891464978456497,-3.137415885925293,-9.370778570882976e-07,3135,,nan,24.502,1.0,93,4,24,0.7,895,0.010383279994130135,0.004675848875194788,0.02389402501285076,1500,1500,1418,1498,1897,1500,1897,1115
1783462089.5053,13.1804,0.02047,48.86,660,3253801,0.201,AUTOTUNE,AUTOTUNE,128,6.590217471122742,0.0,10.0,0.5,0.0,0.0,nan,nan,nan,nan,nan,nan,nan,nan,nan,nan,14.330195529334084,1.9825837437850826,10.499826082375186,0,0,-6.855708122253418,-1.992983102798462,-0.4592058062553406,-0.010533485561609268,0.006004072725772858,-0.02345212735235691,nan,nan,nan,-0.030575726181268692,-0.007901990786194801,-3.1374194622039795,-0.00022655390785075724,3135,,nan,24.502,1.0,93,4,24,0.7,895,0.008864902891218662,0.0036006192676723003,0.025548549368977547,1500,1500,1418,1498,1897,1500,1897,1115
1783462089.5251,13.2003,0.01990,50.26,661,3253823,0.221,AUTOTUNE,AUTOTUNE,128,6.600154757499695,0.0,10.0,0.5,0.0,0.0,nan,nan,nan,nan,nan,nan,nan,nan,nan,nan,14.33993725676555,1.9830549497943906,10.499854739641835,0,0,-6.855893135070801,-1.993118405342102,-0.45927149057388306,-0.010313762351870537,0.0058101387694478035,-0.023430749773979187,nan,nan,nan,-0.030573535710573196,-0.00790831632912159,-3.137418746948242,-0.0002543875598348677,3135,,nan,24.502,1.0,93,4,24,0.7,895,0.008864902891218662,0.0036006192676723003,0.025548549368977547,1500,1500,1418,1498,1897,1500,1897,1115
1783462089.5451,13.2204,0.01996,50.10,662,3253841,0.241,AUTOTUNE,AUTOTUNE,128,6.6101754903793335,0.0,10.0,0.5,0.0,0.0,nan,nan,nan,nan,nan,nan,nan,nan,nan,nan,14.348562406404639,1.9864813816067395,10.499143313061413,0,0,-6.855532646179199,-1.9944170713424683,-0.45888346433639526,-0.009716150350868702,0.004581672605127096,-0.023244034498929977,nan,nan,nan,-0.03057711571455002,-0.00793246366083622,-3.1374127864837646,7.079493661876768e-05,3135,,nan,24.502,1.0,93,4,24,0.7,895,0.008864902891218662,0.0036006192676723003,0.025548549368977547,1500,1500,1418,1498,1897,1500,1897,1115
1783462089.5652,13.2404,0.02012,49.69,663,3253861,0.261,AUTOTUNE,AUTOTUNE,128,6.620194911956787,0.0,10.0,0.5,0.0,0.0,nan,nan,nan,nan,nan,nan,nan,nan,nan,nan,14.357969048645343,1.9880800191824206,10.499390218383049,0,0,-6.855459690093994,-1.9949897527694702,-0.45894259214401245,-0.009404483251273632,0.003989336546510458,-0.023352447897195816,nan,nan,nan,-0.030602116137742996,-0.007949108257889748,-3.1374285221099854,-0.0007489623967558146,3135,,nan,24.502,1.0,93,4,24,0.7,895,0.008864902891218662,0.0036006192676723003,0.025548549368977547,1500,1500,1418,1498,1897,1500,1897,1115
1783462089.5852,13.2604,0.01997,50.08,664,3253881,0.281,AUTOTUNE,AUTOTUNE,128,6.630189776420593,0.0,10.0,0.5,0.0,0.0,nan,nan,nan,nan,nan,nan,nan,nan,nan,nan,14.366364862433528,1.9912382866641527,10.498990456668082,0,0,-6.855131149291992,-1.9961658716201782,-0.4586520791053772,-0.008670954033732414,0.0028449425008147955,-0.023289373144507408,nan,nan,nan,-0.030613481998443604,-0.007969368249177933,-3.1374197006225586,-4.9015568947652355e-05,3135,,nan,24.502,1.0,93,4,24,0.7,895,0.008864902891218662,0.0036006192676723003,0.025548549368977547,1500,1500,1418,1498,1897,1500,1897,1115
1783462089.6052,13.2804,0.01996,50.09,665,3253901,0.301,AUTOTUNE,AUTOTUNE,128,6.640175223350525,0.0,10.0,0.5,0.0,0.0,nan,nan,nan,nan,nan,nan,nan,nan,nan,nan,14.374766351247043,1.9942656609058078,10.498569654456368,0,0,-6.85481071472168,-1.9972692728042603,-0.4584283232688904,-0.007941458374261856,0.001734136138111353,-0.02317560836672783,nan,nan,nan,-0.030617645010352135,-0.007987894117832184,-3.137413501739502,0.00010957540507661179,3135,,nan,24.502,1.0,93,4,24,0.7,895,0.008864902891218662,0.0036006192676723003,0.025548549368977547,1500,1500,1418,1498,1897,1500,1897,1115
1783462089.6252,13.3005,0.02007,49.83,666,3253923,0.321,AUTOTUNE,AUTOTUNE,128,6.650243759155273,0.0,10.0,0.5,0.0,0.0,nan,nan,nan,nan,nan,nan,nan,nan,nan,nan,14.3845089305821,1.9952016265340164,10.498762278405495,0,0,-6.854752540588379,-1.9977785348892212,-0.4586321711540222,-0.007786854170262814,0.0014877787325531244,-0.023169128224253654,nan,nan,nan,-0.030644096434116364,-0.00800812616944313,-3.1374027729034424,0.0003675332700368017,3135,,nan,24.502,1.0,93,4,24,0.7,895,0.008864902891218662,0.0036006192676723003,0.025548549368977547,1500,1500,1418,1498,1897,1500,1897,1115
1783462089.6452,13.3204,0.02001,49.96,667,3253941,0.341,AUTOTUNE,AUTOTUNE,128,6.660183429718018,0.0,10.0,0.5,0.0,0.0,nan,nan,nan,nan,nan,nan,nan,nan,nan,nan,14.393064144151607,1.9980304490694507,10.498511855898487,0,0,-6.854426383972168,-1.9987919330596924,-0.4584028124809265,-0.00717584416270256,0.00043964298674836755,-0.023156967014074326,nan,nan,nan,-0.030656438320875168,-0.008020635694265366,-3.137408971786499,-0.00032941531389951706,3135,,nan,24.502,1.0,93,4,24,0.7,895,0.008864902891218662,0.0036006192676723003,0.025548549368977547,1500,1500,1418,1498,1897,1500,1897,1115
1783462089.6651,13.3403,0.01983,50.42,668,3253961,0.361,AUTOTUNE,AUTOTUNE,128,6.670156359672546,0.0,10.0,0.5,0.0,0.0,nan,nan,nan,nan,nan,nan,nan,nan,nan,nan,14.402520552753229,1.999275418346387,10.498945107459148,0,0,-6.854345321655273,-1.999272346496582,-0.45855003595352173,-0.006924431771039963,-1.7735333130985964e-06,-0.023322105407714844,nan,nan,nan,-0.030669894069433212,-0.008036360144615173,-3.1374151706695557,-0.00046977383317425847,3135,,nan,24.502,1.0,93,4,24,0.7,895,0.008864902891218662,0.0036006192676723003,0.025548549368977547,1500,1500,1418,1498,1897,1500,1897,1115
1783462089.6854,13.3605,0.02028,49.30,669,3253981,0.381,AUTOTUNE,AUTOTUNE,128,6.680230259895325,0.0,10.0,0.5,0.0,0.0,nan,nan,nan,nan,nan,nan,nan,nan,nan,nan,14.411152906960272,2.0012474758680114,10.49885641398343,0,0,-6.8540449142456055,-2.0002005100250244,-0.4584193825721741,-0.006265595089644194,-0.0006044660112820566,-0.02334633097052574,nan,nan,nan,-0.030687810853123665,-0.008054349571466446,-3.1374144554138184,-0.0002584302856121212,3135,,nan,24.502,1.0,93,4,24,0.7,895,0.008864902891218662,0.0036006192676723003,0.025548549368977547,1500,1500,1418,1498,1897,1500,1897,1115
1783462089.7054,13.3803,0.02007,49.83,670,3254001,0.401,AUTOTUNE,AUTOTUNE,128,6.690170764923096,0.0,10.0,0.5,0.0,0.0,nan,nan,nan,nan,nan,nan,nan,nan,nan,nan,14.420013498459038,2.0037579776328163,10.498848687636801,0,0,-6.853754043579102,-2.001075267791748,-0.4583541750907898,-0.005810040980577469,-0.001548863248899579,-0.02337951771914959,nan,nan,nan,-0.0306952353566885,-0.00806640088558197,-3.1374149322509766,-0.00013195765495765954,3135,,nan,24.502,1.0,93,4,24,0.7,895,0.008960125967860222,0.0028215390630066395,0.029079457744956017,1500,1500,1418,1498,1897,1500,1897,1115
1783462089.7249,13.4004,0.01949,51.30,671,3254021,0.421,AUTOTUNE,AUTOTUNE,128,6.70020854473114,0.0,10.0,0.5,0.0,0.0,nan,nan,nan,nan,nan,nan,nan,nan,nan,nan,14.4295082741301,2.0046819618211797,10.499127098753322,0,0,-6.85366678237915,-2.001513719558716,-0.4585753083229065,-0.005546917673200369,-0.0018291855230927467,-0.023412587121129036,nan,nan,nan,-0.030707936733961105,-0.00807914324104786,-3.137422561645508,-0.0005613278481177986,3135,,nan,24.502,1.0,93,4,24,0.7,895,0.008960125967860222,0.0028215390630066395,0.029079457744956017,1500,1500,1418,1498,1897,1500,1897,1115
1783462089.7444,13.4201,0.01950,51.28,672,3254041,0.440,AUTOTUNE,AUTOTUNE,128,6.710073828697205,0.0,10.0,0.5,0.0,0.0,nan,nan,nan,nan,nan,nan,nan,nan,nan,nan,14.438842326670747,2.0063877065924363,10.498279182780086,0,0,-6.853908061981201,-2.0021495819091797,-0.4582151770591736,-0.005100908223539591,-0.002446882426738739,-0.02313096448779106,nan,nan,nan,-0.03071526251733303,-0.008083298802375793,-3.137416362762451,-2.3645425244467333e-05,3135,,nan,24.502,1.0,93,4,24,0.7,895,0.008960125967860222,0.0028215390630066395,0.029079457744956017,1500,1500,1418,1498,1897,1500,1897,1115
1783462089.7652,13.4404,0.02080,48.08,673,3254061,0.461,AUTOTUNE,AUTOTUNE,128,6.720221638679504,0.0,10.0,0.5,0.0,0.0,nan,nan,nan,nan,nan,nan,nan,nan,nan,nan,14.449051870077875,2.0071168170937397,10.498175371743844,0,0,-6.854065418243408,-2.002481460571289,-0.45827656984329224,-0.00504570035263896,-0.002676224336028099,-0.023035584017634392,nan,nan,nan,-0.030713064596056938,-0.00809657946228981,-3.1374144554138184,-4.3363048462197185e-05,3135,,nan,24.502,1.0,93,4,24,0.7,895,0.008960125967860222,0.0028215390630066395,0.029079457744956017,1500,1500,1418,1498,1897,1500,1897,1115
1783462089.7852,13.4603,0.02001,49.98,674,3254081,0.481,AUTOTUNE,AUTOTUNE,128,6.730159163475037,0.0,10.0,0.5,0.0,0.0,nan,nan,nan,nan,nan,nan,nan,nan,nan,nan,14.458646072530927,2.0087340630968984,10.497830037264182,0,0,-6.8542585372924805,-2.00307297706604,-0.45800191164016724,-0.004735985770821571,-0.0032684295438230038,-0.02299477905035019,nan,nan,nan,-0.030718782916665077,-0.008115103468298912,-3.1374361515045166,-0.0011382984230294824,3135,,nan,24.502,1.0,93,4,24,0.7,895,0.008960125967860222,0.0028215390630066395,0.029079457744956017,1500,1500,1418,1498,1897,1500,1897,1115
1783462089.8068,13.4803,0.02156,46.38,675,3254106,0.502,AUTOTUNE,AUTOTUNE,128,6.740153789520264,0.0,10.0,0.5,0.0,0.0,nan,nan,nan,nan,nan,nan,nan,nan,nan,nan,14.4681398229769,2.0103512533969163,10.49765578144742,0,0,-6.854448318481445,-2.003652811050415,-0.45790761709213257,-0.004337234888225794,-0.003867347491905093,-0.0229486133903265,nan,nan,nan,-0.030731787905097008,-0.008126417174935341,-3.1374239921569824,0.0004113167233299464,3135,,nan,24.507,1.02,93,4,24,0.7,895,0.008960125967860222,0.0028215390630066395,0.029079457744956017,1500,1500,1418,1498,1897,1500,1897,1115
1783462089.8246,13.5002,0.01785,56.03,676,3254121,0.520,AUTOTUNE,AUTOTUNE,128,6.750091075897217,0.0,10.0,0.5,0.0,0.0,nan,nan,nan,nan,nan,nan,nan,nan,nan,nan,14.47821461557831,2.0112563794401965,10.497466968674452,0,0,-6.854543209075928,-2.0039429664611816,-0.45793861150741577,-0.004361839033663273,-0.004222400952130556,-0.022821707651019096,nan,nan,nan,-0.030737709254026413,-0.008136166259646416,-3.137425184249878,-7.921789074316621e-05,3135,,nan,24.507,1.02,93,4,24,0.7,895,0.008960125967860222,0.0028215390630066395,0.029079457744956017,1500,1500,1418,1498,1897,1500,1897,1115
1783462089.8451,13.5203,0.02050,48.77,677,3254141,0.541,AUTOTUNE,AUTOTUNE,128,6.760162353515625,0.0,10.0,0.5,0.0,0.0,nan,nan,nan,nan,nan,nan,nan,nan,nan,nan,14.488000761218862,2.0125622875398417,10.4973545042395,0,0,-6.854674816131592,-2.0044643878936768,-0.4578058123588562,-0.004121234640479088,-0.0046753245405852795,-0.0228334479033947,nan,nan,nan,-0.0307537280023098,-0.008144460618495941,-3.137420654296875,0.00016157246136572212,3135,,nan,24.507,1.02,93,4,24,0.7,895,0.008960125967860222,0.0028215390630066395,0.029079457744956017,1500,1500,1418,1498,1897,1500,1897,1115
1783462089.8650,13.5404,0.01988,50.31,678,3254163,0.561,AUTOTUNE,AUTOTUNE,128,6.770205616950989,0.0,10.0,0.5,0.0,0.0,nan,nan,nan,nan,nan,nan,nan,nan,nan,nan,14.498099144193901,2.0139236145733657,10.497393710491027,0,0,-6.854801654815674,-2.004970073699951,-0.457783043384552,-0.004079827573150396,-0.005169329233467579,-0.022869229316711426,nan,nan,nan,-0.03075586073100567,-0.008145835250616074,-3.1374099254608154,0.0002366300323046744,3135,,nan,24.507,1.02,93,4,24,0.7,895,0.008960125967860222,0.0028215390630066395,0.029079457744956017,1500,1500,1418,1498,1897,1500,1897,1115
1783462089.8850,13.5603,0.01993,50.17,679,3254181,0.581,AUTOTUNE,AUTOTUNE,128,6.7801573276519775,0.0,10.0,0.5,0.0,0.0,nan,nan,nan,nan,nan,nan,nan,nan,nan,nan,14.50812593133843,2.014385536379017,10.497323755005393,0,0,-6.854883670806885,-2.005246639251709,-0.4579311013221741,-0.0040758210234344006,-0.00527634471654892,-0.022743359208106995,nan,nan,nan,-0.030765412375330925,-0.0081590935587883,-3.1374096870422363,-0.00022328007617034018,3135,,nan,24.507,1.02,93,4,24,0.7,895,0.008960125967860222,0.0028215390630066395,0.029079457744956017,1500,1500,1418,1498,1897,1500,1897,1115
1783462089.9055,13.5804,0.02051,48.76,680,3254201,0.601,AUTOTUNE,AUTOTUNE,128,6.790180444717407,0.0,10.0,0.5,0.0,0.0,nan,nan,nan,nan,nan,nan,nan,nan,nan,nan,14.517922308987517,2.015544248084535,10.497436115627345,0,0,-6.854981899261475,-2.005704641342163,-0.45792728662490845,-0.0038882007356733084,-0.005680899601429701,-0.0228104330599308,nan,nan,nan,-0.03076096437871456,-0.008158266544342041,-3.1374101638793945,-0.00012537158909253776,3135,,nan,24.507,1.02,93,4,24,0.7,895,0.009647076018154621,0.0005028918385505676,0.007406972348690033,1500,1500,1418,1498,1897,1500,1897,1115
1783462089.9249,13.6003,0.01942,51.48,681,3254223,0.621,AUTOTUNE,AUTOTUNE,128,6.800170540809631,0.0,10.0,0.5,0.0,0.0,nan,nan,nan,nan,nan,nan,nan,nan,nan,nan,14.527747999959356,2.016302595543205,10.4979065658315,0,0,-6.855072498321533,-2.0059971809387207,-0.4582279324531555,-0.0037409740034490824,-0.005949833896011114,-0.022908469662070274,nan,nan,nan,-0.030759388580918312,-0.008166776970028877,-3.1374144554138184,-0.0004067518166266382,3135,,nan,24.507,1.02,93,4,24,0.7,895,0.009647076018154621,0.0005028918385505676,0.007406972348690033,1500,1500,1418,1498,1897,1500,1897,1115
1783462089.9454,13.6204,0.02055,48.66,682,3254241,0.641,AUTOTUNE,AUTOTUNE,128,6.81018602848053,0.0,10.0,0.5,0.0,0.0,nan,nan,nan,nan,nan,nan,nan,nan,nan,nan,14.538250827461075,2.0166669859421456,10.496921073019232,0,0,-6.855623722076416,-2.0062637329101562,-0.45760494470596313,-0.003704090602695942,-0.006006320938467979,-0.022699177265167236,nan,nan,nan,-0.03075764887034893,-0.008177733048796654,-3.1374032497406006,0.00046997665776871145,3135,,nan,24.507,1.02,93,4,24,0.7,895,0.009647076018154621,0.0005028918385505676,0.007406972348690033,1500,1500,1418,1498,1897,1500,1897,1115
1783462089.9651,13.6404,0.01968,50.81,683,3254263,0.661,AUTOTUNE,AUTOTUNE,128,6.820182681083679,0.0,10.0,0.5,0.0,0.0,nan,nan,nan,nan,nan,nan,nan,nan,nan,nan,14.54874780520465,2.0177091720872595,10.495920470850617,0,0,-6.856149196624756,-2.006546974182129,-0.4571005702018738,-0.0036895705852657557,-0.006444497965276241,-0.022412680089473724,nan,nan,nan,-0.030753476545214653,-0.008192736655473709,-3.137399435043335,-0.00018171686679124832,3135,,nan,24.507,1.02,93,4,24,0.7,895,0.009647076018154621,0.0005028918385505676,0.007406972348690033,1500,1500,1418,1498,1897,1500,1897,1115
1783462089.9853,13.6604,0.02015,49.62,684,3254281,0.681,AUTOTUNE,AUTOTUNE,128,6.830191373825073,0.0,10.0,0.5,0.0,0.0,nan,nan,nan,nan,nan,nan,nan,nan,nan,nan,14.558951510257149,2.0178717753462925,10.495981059577234,0,0,-6.856418132781982,-2.0067250728607178,-0.4570254683494568,-0.0036468906328082085,-0.006435551680624485,-0.02249102108180523,nan,nan,nan,-0.030760370194911957,-0.0081841591745615,-3.1374080181121826,-0.00038597433012910187,3135,,nan,24.507,1.02,93,4,24,0.7,895,0.009647076018154621,0.0005028918385505676,0.007406972348690033,1500,1500,1418,1498,1897,1500,1897,1115
1783462090.0052,13.6803,0.01992,50.19,685,3254301,0.701,AUTOTUNE,AUTOTUNE,128,6.840162396430969,0.0,10.0,0.5,0.0,0.0,nan,nan,nan,nan,nan,nan,nan,nan,nan,nan,14.569510563018028,2.019024888886104,10.49549064848345,0,0,-6.856871128082275,-2.006976842880249,-0.45658808946609497,-0.003724853042513132,-0.00695594260469079,-0.02246040292084217,nan,nan,nan,-0.030764102935791016,-0.008190030232071877,-3.1373918056488037,0.0004396455769892782,3135,,nan,24.507,1.02,93,4,24,0.7,895,0.009647076018154621,0.0005028918385505676,0.007406972348690033,1500,1500,1418,1498,1897,1500,1897,1115
1783462090.0250,13.7003,0.01984,50.41,686,3254323,0.721,AUTOTUNE,AUTOTUNE,128,6.850155711174011,0.0,10.0,0.5,0.0,0.0,nan,nan,nan,nan,nan,nan,nan,nan,nan,nan,14.579887772617344,2.0196093002294515,10.49537018798546,0,0,-6.857131004333496,-2.007188081741333,-0.4566752314567566,-0.003796455217525363,-0.00717139383777976,-0.022340543568134308,nan,nan,nan,-0.03075774386525154,-0.00819922611117363,-3.1373918056488037,7.787485810695216e-05,3135,,nan,24.507,1.02,93,4,24,0.7,895,0.009647076018154621,0.0005028918385505676,0.007406972348690033,1500,1500,1418,1498,1897,1500,1897,1115
1783462090.0454,13.7205,0.02033,49.18,687,3254341,0.741,AUTOTUNE,AUTOTUNE,128,6.8602495193481445,0.0,10.0,0.5,0.0,0.0,nan,nan,nan,nan,nan,nan,nan,nan,nan,nan,14.590248932533482,2.0198319722240345,10.494502827790724,0,0,-6.857525825500488,-2.0074117183685303,-0.456149160861969,-0.003722860710695386,-0.00717083690688014,-0.022143499925732613,nan,nan,nan,-0.030755842104554176,-0.008206769824028015,-3.137387752532959,-4.2769483115989715e-05,3135,,nan,24.507,1.02,93,4,24,0.7,895,0.009647076018154621,0.0005028918385505676,0.007406972348690033,1500,1500,1418,1498,1897,1500,1897,1115
1783462090.0651,13.7404,0.01973,50.70,688,3254361,0.761,AUTOTUNE,AUTOTUNE,128,6.870200514793396,0.0,10.0,0.5,0.0,0.0,nan,nan,nan,nan,nan,nan,nan,nan,nan,nan,14.60043118752115,2.02024117230433,10.494257267898956,0,0,-6.857754707336426,-2.007599353790283,-0.4560851454734802,-0.003724233480170369,-0.007298757322132587,-0.022038685157895088,nan,nan,nan,-0.030748633667826653,-0.008198507130146027,-3.137396812438965,-0.0005221113678999245,3135,,nan,24.507,1.02,93,4,24,0.7,895,0.009647076018154621,0.0005028918385505676,0.007406972348690033,1500,1500,1418,1498,1897,1500,1897,1115
1783462090.0854,13.7605,0.02031,49.23,689,3254381,0.781,AUTOTUNE,AUTOTUNE,128,6.880231142044067,0.0,10.0,0.5,0.0,0.0,nan,nan,nan,nan,nan,nan,nan,nan,nan,nan,14.610827253051413,2.0207307916634636,10.493215641502324,0,0,-6.858115196228027,-2.0078201293945312,-0.4555879235267639,-0.003727091010659933,-0.007453974336385727,-0.02172437310218811,nan,nan,nan,-0.030758289620280266,-0.008204765617847443,-3.1373941898345947,-0.00017009851580951363,3135,,nan,24.507,1.02,93,4,24,0.7,895,0.009647076018154621,0.0005028918385505676,0.007406972348690033,1500,1500,1418,1498,1897,1500,1897,1115
1783462090.1051,13.7804,0.01974,50.66,690,3254401,0.801,AUTOTUNE,AUTOTUNE,128,6.890208125114441,0.0,10.0,0.5,0.0,0.0,nan,nan,nan,nan,nan,nan,nan,nan,nan,nan,14.621059329092233,2.0214801577702226,10.492745754750223,0,0,-6.858449935913086,-2.0080318450927734,-0.45517271757125854,-0.003681106958538294,-0.00776438694447279,-0.021692803129553795,nan,nan,nan,-0.030742552131414413,-0.008201051503419876,-3.1374077796936035,-0.0006719429511576891,3135,,nan,24.507,1.02,93,4,24,0.7,895,0.00889606587588787,0.009227978996932507,0.010652638040482998,1500,1500,1418,1498,1897,1500,1897,1115
1783462090.1252,13.8005,0.02006,49.85,691,3254421,0.821,AUTOTUNE,AUTOTUNE,128,6.900230050086975,0.0,10.0,0.5,0.0,0.0,nan,nan,nan,nan,nan,nan,nan,nan,nan,nan,14.631260369836872,2.021863535423003,10.49292440090672,0,0,-6.858645439147949,-2.008209228515625,-0.45520728826522827,-0.003671645652502775,-0.007883317768573761,-0.02177598513662815,nan,nan,nan,-0.03073137439787388,-0.00820912979543209,-3.1374027729034424,-4.637767415260896e-05,3135,,nan,24.507,1.02,93,4,24,0.7,895,0.00889606587588787,0.009227978996932507,0.010652638040482998,1500,1500,1418,1498,1897,1500,1897,1115
1783462090.1452,13.8205,0.02001,49.97,692,3254441,0.841,AUTOTUNE,AUTOTUNE,128,6.9102325439453125,0.0,10.0,0.5,0.0,0.0,nan,nan,nan,nan,nan,nan,nan,nan,nan,nan,14.64168545605094,2.0208350581943835,10.492978647198017,0,0,-6.8591628074646,-2.0077691078186035,-0.45512717962265015,-0.0036169267259538174,-0.007543629966676235,-0.021853554993867874,nan,nan,nan,-0.030730241909623146,-0.008211301639676094,-3.137395143508911,0.0003460733569227159,3135,,nan,24.507,1.02,93,4,24,0.7,895,0.00889606587588787,0.009227978996932507,0.010652638040482998,1500,1500,1418,1498,1897,1500,1897,1115
1783462090.1650,13.8403,0.01978,50.55,693,3254463,0.861,AUTOTUNE,AUTOTUNE,128,6.920160174369812,0.0,10.0,0.5,0.0,0.0,nan,nan,nan,nan,nan,nan,nan,nan,nan,nan,14.65176384269299,2.0203652408018935,10.49311652535646,0,0,-6.8596510887146,-2.0073821544647217,-0.45517510175704956,-0.003422056557610631,-0.007495788391679525,-0.02190549112856388,nan,nan,nan,-0.03072548843920231,-0.008202169090509415,-3.1373910903930664,1.6133290046127513e-05,3135,,nan,24.507,1.02,93,4,24,0.7,895,0.00889606587588787,0.009227978996932507,0.010652638040482998,1500,1500,1418,1498,1897,1500,1897,1115
1783462090.1853,13.8604,0.02027,49.32,694,3254481,0.881,AUTOTUNE,AUTOTUNE,128,6.930175065994263,0.0,10.0,0.5,0.0,0.0,nan,nan,nan,nan,nan,nan,nan,nan,nan,nan,14.662277435935081,2.0203462064905713,10.49367847577338,0,0,-6.859903335571289,-2.007246732711792,-0.4553588032722473,-0.003564347280189395,-0.007562984712421894,-0.022123873233795166,nan,nan,nan,-0.03071545623242855,-0.008184768259525299,-3.1373863220214844,7.191077747847885e-05,3135,,nan,24.507,1.02,93,4,24,0.7,895,0.00889606587588787,0.009227978996932507,0.010652638040482998,1500,1500,1418,1498,1897,1500,1897,1115
1783462090.2054,13.8805,0.02013,49.68,695,3254501,0.901,AUTOTUNE,AUTOTUNE,128,6.940234422683716,0.0,10.0,0.5,0.0,0.0,nan,nan,nan,nan,nan,nan,nan,nan,nan,nan,14.672143230676443,2.019766241388817,10.493553979753994,0,0,-6.86032247543335,-2.0068836212158203,-0.455414354801178,-0.0032106037251651287,-0.0074377842247486115,-0.022019922733306885,nan,nan,nan,-0.030714353546500206,-0.008177494630217552,-3.137373208999634,0.0005668454105034471,3135,,nan,24.507,1.02,93,4,24,0.7,895,0.00889606587588787,0.009227978996932507,0.010652638040482998,1500,1500,1418,1498,1897,1500,1897,1115
1783462090.2253,13.9004,0.01988,50.30,696,3254523,0.921,AUTOTUNE,AUTOTUNE,128,6.950178623199463,0.0,10.0,0.5,0.0,0.0,nan,nan,nan,nan,nan,nan,nan,nan,nan,nan,14.681972982133402,2.019688058605117,10.49403265803931,0,0,-6.86055850982666,-2.0068018436431885,-0.4557284712791443,-0.0030082520097494125,-0.007439859677106142,-0.022114932537078857,nan,nan,nan,-0.03071431815624237,-0.008168268948793411,-3.137364387512207,0.00018350558821111917,3135,,nan,24.507,1.02,93,4,24,0.7,895,0.00889606587588787,0.009227978996932507,0.010652638040482998,1500,1500,1418,1498,1897,1500,1897,1115
1783462090.2449,13.9203,0.01960,51.03,697,3254541,0.941,AUTOTUNE,AUTOTUNE,128,6.960163712501526,0.0,10.0,0.5,0.0,0.0,nan,nan,nan,nan,nan,nan,nan,nan,nan,nan,14.692343756487904,2.018923939696023,10.494180045850074,0,0,-6.860916614532471,-2.0064568519592285,-0.4557724595069885,-0.0030241755302995443,-0.007197876460850239,-0.02217463031411171,nan,nan,nan,-0.030713491141796112,-0.008156917989253998,-3.137357234954834,0.0003473963588476181,3135,,nan,24.507,1.02,93,4,24,0.7,895,0.00889606587588787,0.009227978996932507,0.010652638040482998,1500,1500,1418,1498,1897,1500,1897,1115
1783462090.2649,13.9402,0.02005,49.88,698,3254561,0.961,AUTOTUNE,AUTOTUNE,128,6.9701247215271,0.0,10.0,0.5,0.0,0.0,nan,nan,nan,nan,nan,nan,nan,nan,nan,nan,14.702239889945838,2.018915430301594,10.494850528257297,0,0,-6.861117362976074,-2.0063729286193848,-0.4560430645942688,-0.0028708174359053373,-0.007241416722536087,-0.02240549959242344,nan,nan,nan,-0.03071698732674122,-0.00815613940358162,-3.137356758117676,1.2436383258318529e-05,3135,,nan,24.507,1.02,93,4,24,0.7,895,0.00889606587588787,0.009227978996932507,0.010652638040482998,1500,1500,1418,1498,1897,1500,1897,1115
1783462090.2844,13.9602,0.01949,51.31,699,3254581,0.980,AUTOTUNE,AUTOTUNE,128,6.980082750320435,0.0,10.0,0.5,0.0,0.0,nan,nan,nan,nan,nan,nan,nan,nan,nan,nan,14.712863295323656,2.018767666558571,10.494974297656926,0,0,-6.861441135406494,-2.0060789585113525,-0.4561803936958313,-0.0030680426862090826,-0.00732582900673151,-0.02239767089486122,nan,nan,nan,-0.030706612393260002,-0.0081548523157835,-3.137364387512207,-0.0007057977491058409,3135,,nan,24.507,1.02,93,4,24,0.7,895,0.00889606587588787,0.009227978996932507,0.010652638040482998,1500,1500,1418,1498,1897,1500,1897,1115
1783462090.3055,13.9802,0.02107,47.46,700,3254606,0.001,AUTOTUNE,AUTOTUNE,128,6.9900970458984375,0.0,10.0,0.5,0.0,0.0,nan,nan,nan,nan,nan,nan,nan,nan,nan,nan,14.722915686194806,2.018007948365237,10.495084555736272,0,0,-6.861752510070801,-2.005836009979248,-0.45645958185195923,-0.002910264767706394,-0.007027471903711557,-0.02230013906955719,nan,nan,nan,-0.030695071443915367,-0.008137330412864685,-3.1373627185821533,-0.00010549505532253534,3135,,nan,24.499,1.02,93,4,24,0.7,895,0.00889606587588787,0.009227978996932507,0.010652638040482998,1500,1500,1418,1498,1897,1500,1897,1115
1783462090.3245,14.0002,0.01905,52.49,701,3254623,0.021,AUTOTUNE,AUTOTUNE,128,7.000075101852417,0.0,10.0,0.5,0.0,0.0,nan,nan,nan,nan,nan,nan,nan,nan,nan,nan,14.73267853056094,2.017975116092888,10.495033413038964,0,0,-6.861913681030273,-2.0057573318481445,-0.4567248225212097,-0.002692960202693939,-0.007053941022604704,-0.022117475047707558,nan,nan,nan,-0.030696045607328415,-0.00813298486173153,-3.1373581886291504,0.0005162035813555121,3135,,nan,24.499,1.02,93,4,24,0.7,895,0.009637380950152874,0.0014158531557768583,0.0122876837849617,1500,1500,1418,1498,1897,1500,1897,1115
1783462090.3444,14.0201,0.01984,50.41,702,3254641,0.040,AUTOTUNE,AUTOTUNE,128,7.010067701339722,0.0,10.0,0.5,0.0,0.0,nan,nan,nan,nan,nan,nan,nan,nan,nan,nan,14.744457911821332,2.0171687566683176,10.493845633078818,0,0,-6.862795829772949,-2.005189895629883,-0.45618945360183716,-0.003215250326320529,-0.00691599864512682,-0.021740805357694626,nan,nan,nan,-0.03069344162940979,-0.008122598752379417,-3.1373581886291504,-0.0002155112597392872,3135,,nan,24.499,1.02,93,4,24,0.7,895,0.009637380950152874,0.0014158531557768583,0.0122876837849617,1500,1500,1418,1498,1897,1500,1897,1115
1783462090.3645,14.0402,0.02011,49.72,703,3254663,0.060,AUTOTUNE,AUTOTUNE,128,7.020092487335205,0.0,10.0,0.5,0.0,0.0,nan,nan,nan,nan,nan,nan,nan,nan,nan,nan,14.755641499283538,2.01629155434604,10.493238309870378,0,0,-6.863631725311279,-2.004694938659668,-0.45578664541244507,-0.003401680151000619,-0.006695309188216925,-0.021622728556394577,nan,nan,nan,-0.03068588487803936,-0.008115317672491074,-3.137359380722046,-0.00019862715271301568,3135,,nan,24.499,1.02,93,4,24,0.7,895,0.009637380950152874,0.0014158531557768583,0.0122876837849617,1500,1500,1418,1498,1897,1500,1897,1115
1783462090.3845,14.0602,0.01998,50.05,704,3254681,0.080,AUTOTUNE,AUTOTUNE,128,7.030088901519775,0.0,10.0,0.5,0.0,0.0,nan,nan,nan,nan,nan,nan,nan,nan,nan,nan,14.76635062749076,2.016030198150945,10.49324586164463,0,0,-6.86405086517334,-2.0044987201690674,-0.4557487368583679,-0.0035711752716451883,-0.006657701916992664,-0.02164897508919239,nan,nan,nan,-0.030672475695610046,-0.008101264014840126,-3.1373584270477295,-0.00022982692462392151,3135,,nan,24.499,1.02,93,4,24,0.7,895,0.009637380950152874,0.0014158531557768583,0.0122876837849617,1500,1500,1418,1498,1897,1500,1897,1115
1783462090.4046,14.0802,0.02012,49.70,705,3254701,0.101,AUTOTUNE,AUTOTUNE,128,7.040089130401611,0.0,10.0,0.5,0.0,0.0,nan,nan,nan,nan,nan,nan,nan,nan,nan,nan,14.77751229736096,2.014805308991576,10.492928020427554,0,0,-6.864794731140137,-2.004031181335449,-0.4554118514060974,-0.003812262322753668,-0.00622044550254941,-0.0216599702835083,nan,nan,nan,-0.030668798834085464,-0.00809646025300026,-3.1373603343963623,-0.00023562030401080847,3135,,nan,24.499,1.02,93,4,24,0.7,895,0.009637380950152874,0.0014158531557768583,0.0122876837849617,1500,1500,1418,1498,1897,1500,1897,1115
1783462090.4244,14.1002,0.01985,50.38,706,3254723,0.120,AUTOTUNE,AUTOTUNE,128,7.050086617469788,0.0,10.0,0.5,0.0,0.0,nan,nan,nan,nan,nan,nan,nan,nan,nan,nan,14.787879856623752,2.014911614541479,10.493219233292804,0,0,-6.865195274353027,-2.0038857460021973,-0.4555366635322571,-0.003794669872149825,-0.006365788169205189,-0.021756041795015335,nan,nan,nan,-0.030662648379802704,-0.008084209635853767,-3.1373653411865234,-0.0004403915081638843,3135,,nan,24.499,1.02,93,4,24,0.7,895,0.009637380950152874,0.0014158531557768583,0.0122876837849617,1500,1500,1418,1498,1897,1500,1897,1115
1783462090.4445,14.1202,0.02006,49.84,707,3254741,0.140,AUTOTUNE,AUTOTUNE,128,7.060087203979492,0.0,10.0,0.5,0.0,0.0,nan,nan,nan,nan,nan,nan,nan,nan,nan,nan,14.799176143467674,2.014153191851041,10.493030573550072,0,0,-6.865859508514404,-2.0034449100494385,-0.45519155263900757,-0.004159247037023306,-0.006182429380714893,-0.02184636890888214,nan,nan,nan,-0.030662938952445984,-0.00807717815041542,-3.137376308441162,-0.0007614247733727098,3135,,nan,24.499,1.02,93,4,24,0.7,895,0.009637380950152874,0.0014158531557768583,0.0122876837849617,1500,1500,1418,1498,1897,1500,1897,1115
1783462090.4650,14.1404,0.02054,48.68,708,3254761,0.161,AUTOTUNE,AUTOTUNE,128,7.070214629173279,0.0,10.0,0.5,0.0,0.0,nan,nan,nan,nan,nan,nan,nan,nan,nan,nan,14.809744914731043,2.013726845843411,10.493169712992763,0,0,-6.866219520568848,-2.0033013820648193,-0.4552540183067322,-0.004206205252557993,-0.00601914431899786,-0.021890636533498764,nan,nan,nan,-0.03066256083548069,-0.008067358285188675,-3.13737154006958,-2.9011353035457432e-05,3135,,nan,24.499,1.02,93,4,24,0.7,895,0.009637380950152874,0.0014158531557768583,0.0122876837849617,1500,1500,1418,1498,1897,1500,1897,1115
1783462090.4851,14.1603,0.02003,49.93,709,3254781,0.181,AUTOTUNE,AUTOTUNE,128,7.080145239830017,0.0,10.0,0.5,0.0,0.0,nan,nan,nan,nan,nan,nan,nan,nan,nan,nan,14.820321077975217,2.0131095341669174,10.492890598909229,0,0,-6.866829872131348,-2.0029125213623047,-0.4550061821937561,-0.004226528573781252,-0.005887248087674379,-0.02187257818877697,nan,nan,nan,-0.030663233250379562,-0.008059721440076828,-3.1373631954193115,0.000350352784153074,3135,,nan,24.499,1.02,93,4,24,0.7,895,0.009637380950152874,0.0014158531557768583,0.0122876837849617,1500,1500,1418,1498,1897,1500,1897,1115
1783462090.5049,14.1804,0.01983,50.43,710,3254801,0.201,AUTOTUNE,AUTOTUNE,128,7.090200662612915,0.0,10.0,0.5,0.0,0.0,nan,nan,nan,nan,nan,nan,nan,nan,nan,nan,14.831496494803302,2.0125639589678825,10.49262333835607,0,0,-6.867394924163818,-2.002544403076172,-0.45481568574905396,-0.004546924494206905,-0.0057847932912409306,-0.02182825841009617,nan,nan,nan,-0.030674414709210396,-0.008046234026551247,-3.137354612350464,0.0004280222347006202,3135,,nan,24.499,1.02,93,4,24,0.7,895,0.009017623029649258,0.003648984245955944,0.014188377186655998,1500,1500,1418,1498,1897,1500,1897,1115
1783462090.5254,14.2004,0.02054,48.68,711,3254821,0.221,AUTOTUNE,AUTOTUNE,128,7.100223064422607,0.0,10.0,0.5,0.0,0.0,nan,nan,nan,nan,nan,nan,nan,nan,nan,nan,14.841540201625994,2.0127361076627834,10.49263423891521,0,0,-6.867711067199707,-2.0024304389953613,-0.45496290922164917,-0.004376699682325125,-0.005949980579316616,-0.021749552339315414,nan,nan,nan,-0.03067008964717388,-0.008047956973314285,-3.1373531818389893,-0.0001837205927586183,3135,,nan,24.499,1.02,93,4,24,0.7,895,0.009017623029649258,0.003648984245955944,0.014188377186655998,1500,1500,1418,1498,1897,1500,1897,1115
1783462090.5452,14.2203,0.01977,50.58,712,3254841,0.241,AUTOTUNE,AUTOTUNE,128,7.110163927078247,0.0,10.0,0.5,0.0,0.0,nan,nan,nan,nan,nan,nan,nan,nan,nan,nan,14.853099537485136,2.012246527818164,10.490925576913368,0,0,-6.868727207183838,-2.0019662380218506,-0.45393210649490356,-0.004724456928670406,-0.005935328081250191,-0.02135819010436535,nan,nan,nan,-0.030663128942251205,-0.008040443062782288,-3.137354612350464,-0.0001664806331973523,3135,,nan,24.499,1.02,93,4,24,0.7,895,0.009017623029649258,0.003648984245955944,0.014188377186655998,1500,1500,1418,1498,1897,1500,1897,1115
1783462090.5654,14.2403,0.02019,49.54,713,3254861,0.261,AUTOTUNE,AUTOTUNE,128,7.1201722621917725,0.0,10.0,0.5,0.0,0.0,nan,nan,nan,nan,nan,nan,nan,nan,nan,nan,14.86383155033404,2.0119270771083366,10.490531014549825,0,0,-6.869257926940918,-2.0018057823181152,-0.453671395778656,-0.004835861269384623,-0.005843532271683216,-0.021280910819768906,nan,nan,nan,-0.03066944144666195,-0.008033551275730133,-3.1373534202575684,-0.00018085463671013713,3135,,nan,24.499,1.02,93,4,24,0.7,895,0.009017623029649258,0.003648984245955944,0.014188377186655998,1500,1500,1418,1498,1897,1500,1897,1115
1783462090.5852,14.2604,0.01984,50.40,714,3254881,0.281,AUTOTUNE,AUTOTUNE,128,7.1301761865615845,0.0,10.0,0.5,0.0,0.0,nan,nan,nan,nan,nan,nan,nan,nan,nan,nan,14.875411112125668,2.0115987346676287,10.488744776068257,0,0,-6.870177268981934,-2.001387119293213,-0.45279639959335327,-0.0052147735841572285,-0.005895678885281086,-0.020754804834723473,nan,nan,nan,-0.030661193653941154,-0.008029939606785774,-3.1373484134674072,-3.588230174500495e-05,3135,,nan,24.499,1.02,93,4,24,0.7,895,0.009017623029649258,0.003648984245955944,0.014188377186655998,1500,1500,1418,1498,1897,1500,1897,1115
1783462090.6054,14.2804,0.02018,49.56,715,3254901,0.301,AUTOTUNE,AUTOTUNE,128,7.1402223110198975,0.0,10.0,0.5,0.0,0.0,nan,nan,nan,nan,nan,nan,nan,nan,nan,nan,14.886990609051693,2.0106301499006354,10.4875230900694,0,0,-6.871038436889648,-2.0009958744049072,-0.452031672000885,-0.0056028710678219795,-0.005562351550906897,-0.0204909797757864,nan,nan,nan,-0.030656352639198303,-0.008024090901017189,-3.137342691421509,0.000224022485781461,3135,,nan,24.499,1.02,93,4,24,0.7,895,0.009017623029649258,0.003648984245955944,0.014188377186655998,1500,1500,1418,1498,1897,1500,1897,1115
1783462090.6252,14.3003,0.01976,50.60,716,3254921,0.321,AUTOTUNE,AUTOTUNE,128,7.150156259536743,0.0,10.0,0.5,0.0,0.0,nan,nan,nan,nan,nan,nan,nan,nan,nan,nan,14.896915060670686,2.01052708532122,10.486864319166983,0,0,-6.871500492095947,-2.000864028930664,-0.45188337564468384,-0.0053306203335523605,-0.005578968208283186,-0.020196257159113884,nan,nan,nan,-0.030655940994620323,-0.008020751178264618,-3.1373403072357178,-0.00014610294601880014,3135,,nan,24.499,1.02,93,4,24,0.7,895,0.009017623029649258,0.003648984245955944,0.014188377186655998,1500,1500,1418,1498,1897,1500,1897,1115
1783462090.6453,14.3205,0.02016,49.61,717,3254941,0.341,AUTOTUNE,AUTOTUNE,128,7.160231947898865,0.0,10.0,0.5,0.0,0.0,nan,nan,nan,nan,nan,nan,nan,nan,nan,nan,14.90815595221253,2.010183838401548,10.485651731340205,0,0,-6.872276782989502,-2.0005080699920654,-0.45117372274398804,-0.005555158946663141,-0.005586307495832443,-0.01990588754415512,nan,nan,nan,-0.0306442528963089,-0.008015928789973259,-3.137341260910034,1.6019817849155515e-05,3135,,nan,24.499,1.02,93,4,24,0.7,895,0.009017623029649258,0.003648984245955944,0.014188377186655998,1500,1500,1418,1498,1897,1500,1897,1115
1783462090.6651,14.3403,0.01973,50.69,718,3254961,0.361,AUTOTUNE,AUTOTUNE,128,7.170167684555054,0.0,10.0,0.5,0.0,0.0,nan,nan,nan,nan,nan,nan,nan,nan,nan,nan,14.918799988589637,2.0100388114057575,10.485112570349152,0,0,-6.872704982757568,-2.000396728515625,-0.45102399587631226,-0.0057168747298419476,-0.0055668591521680355,-0.019681047648191452,nan,nan,nan,-0.03064589388668537,-0.008009575307369232,-3.1373329162597656,0.0002272638084832579,3135,,nan,24.499,1.02,93,4,24,0.7,895,0.009017623029649258,0.003648984245955944,0.014188377186655998,1500,1500,1418,1498,1897,1500,1897,1115
1783462090.6849,14.3604,0.01986,50.34,719,3254981,0.381,AUTOTUNE,AUTOTUNE,128,7.180207967758179,0.0,10.0,0.5,0.0,0.0,nan,nan,nan,nan,nan,nan,nan,nan,nan,nan,14.929491654220039,2.0096111859990233,10.484125347999678,0,0,-6.873410224914551,-2.000077247619629,-0.4503747820854187,-0.005685778800398111,-0.005504421889781952,-0.019485898315906525,nan,nan,nan,-0.030636824667453766,-0.008011417463421822,-3.137324333190918,0.00023347229580394924,3135,,nan,24.499,1.02,93,4,24,0.7,895,0.009017623029649258,0.003648984245955944,0.014188377186655998,1500,1500,1418,1498,1897,1500,1897,1115
1783462090.7055,14.3804,0.02053,48.71,720,3255001,0.401,AUTOTUNE,AUTOTUNE,128,7.190178871154785,0.0,10.0,0.5,0.0,0.0,nan,nan,nan,nan,nan,nan,nan,nan,nan,nan,14.941556779264186,2.0094121770445077,10.482782766026803,0,0,-6.874414443969727,-1.9998412132263184,-0.44951683282852173,-0.0063150920905172825,-0.005525798536837101,-0.01920609548687935,nan,nan,nan,-0.030643975362181664,-0.008008534088730812,-3.137321710586548,5.538212280953303e-05,3135,,nan,24.499,1.02,93,4,24,0.7,895,0.009688567370176315,0.0044677709229290485,0.015215747058391571,1500,1500,1418,1498,1897,1500,1897,1115
1783462090.7255,14.4003,0.02003,49.91,721,3255023,0.421,AUTOTUNE,AUTOTUNE,128,7.200168967247009,0.0,10.0,0.5,0.0,0.0,nan,nan,nan,nan,nan,nan,nan,nan,nan,nan,14.951986294752539,2.0093660382402057,10.482037567554904,0,0,-6.8751325607299805,-1.9998263120651245,-0.44920819997787476,-0.006154186092317104,-0.005507763475179672,-0.018954044207930565,nan,nan,nan,-0.030651235952973366,-0.008016010746359825,-3.137312889099121,0.0001334934786427766,3135,,nan,24.499,1.02,93,4,24,0.7,895,0.009688567370176315,0.0044677709229290485,0.015215747058391571,1500,1500,1418,1498,1897,1500,1897,1115
1783462090.7450,14.4203,0.01952,51.23,722,3255041,0.441,AUTOTUNE,AUTOTUNE,128,7.210165023803711,0.0,10.0,0.5,0.0,0.0,nan,nan,nan,nan,nan,nan,nan,nan,nan,nan,14.96376695545874,2.0090942401784946,10.480059610076278,0,0,-6.876341342926025,-1.999662160873413,-0.4480440020561218,-0.0064866370521485806,-0.0054456135258078575,-0.018484219908714294,nan,nan,nan,-0.030640773475170135,-0.008027538657188416,-3.1373250484466553,-0.000561058521270752,3135,,nan,24.499,1.02,93,4,24,0.7,895,0.009688567370176315,0.0044677709229290485,0.015215747058391571,1500,1500,1418,1498,1897,1500,1897,1115
1783462090.7653,14.4403,0.02027,49.34,723,3255063,0.461,AUTOTUNE,AUTOTUNE,128,7.220172762870789,0.0,10.0,0.5,0.0,0.0,nan,nan,nan,nan,nan,nan,nan,nan,nan,nan,14.975721092787444,2.0091805178854765,10.478255744410585,0,0,-6.877498149871826,-1.9995362758636475,-0.4469640851020813,-0.006942507810890675,-0.005568105727434158,-0.018066247925162315,nan,nan,nan,-0.030626026913523674,-0.008031580597162247,-3.137319803237915,-8.637028804514557e-05,3135,,nan,24.499,1.02,93,4,24,0.7,895,0.009688567370176315,0.0044677709229290485,0.015215747058391571,1500,1500,1418,1498,1897,1500,1897,1115
1783462090.7852,14.4603,0.01994,50.15,724,3255081,0.481,AUTOTUNE,AUTOTUNE,128,7.230173707008362,0.0,10.0,0.5,0.0,0.0,nan,nan,nan,nan,nan,nan,nan,nan,nan,nan,14.986138220357482,2.0091581351218353,10.477589089966676,0,0,-6.878093719482422,-1.9995166063308716,-0.4465864300727844,-0.006838939152657986,-0.005566539242863655,-0.017899394035339355,nan,nan,nan,-0.030623234808444977,-0.008029317483305931,-3.137320041656494,-5.537026299862191e-05,3135,,nan,24.499,1.02,93,4,24,0.7,895,0.009688567370176315,0.0044677709229290485,0.015215747058391571,1500,1500,1418,1498,1897,1500,1897,1115
1783462090.8067,14.4804,0.02152,46.46,725,3255106,0.503,AUTOTUNE,AUTOTUNE,128,7.240212798118591,0.0,10.0,0.5,0.0,0.0,nan,nan,nan,nan,nan,nan,nan,nan,nan,nan,14.99747825709741,2.0097797855207027,10.476137251398484,0,0,-6.87916374206543,-1.9994316101074219,-0.4457271695137024,-0.0069722626358270645,-0.0059745218604803085,-0.01755726896226406,nan,nan,nan,-0.030610954388976097,-0.008026771247386932,-3.1373178958892822,-8.357314072782174e-05,3135,,nan,24.506,0.99,93,4,23,0.7,895,0.009688567370176315,0.0044677709229290485,0.015215747058391571,1500,1500,1418,1498,1897,1500,1897,1115
1783462090.8250,14.5003,0.01825,54.79,726,3255123,0.521,AUTOTUNE,AUTOTUNE,128,7.250169396400452,0.0,10.0,0.5,0.0,0.0,nan,nan,nan,nan,nan,nan,nan,nan,nan,nan,15.008457782315595,2.009563167353197,10.475686625155339,0,0,-6.879708766937256,-1.9994250535964966,-0.4454224705696106,-0.007248179521411657,-0.005853242706507444,-0.017473017796874046,nan,nan,nan,-0.030612142756581306,-0.008031308650970459,-3.137312173843384,0.00019037989841308445,3135,,nan,24.506,0.99,93,4,23,0.7,895,0.009688567370176315,0.0044677709229290485,0.015215747058391571,1500,1500,1418,1498,1897,1500,1897,1115
1783462090.8446,14.5201,0.01960,51.01,727,3255141,0.541,AUTOTUNE,AUTOTUNE,128,7.260064125061035,0.0,10.0,0.5,0.0,0.0,nan,nan,nan,nan,nan,nan,nan,nan,nan,nan,15.019497803716167,2.0098083731848395,10.47420519828965,0,0,-6.8806304931640625,-1.9993189573287964,-0.4445590376853943,-0.007377255707979202,-0.006056067068129778,-0.01711621880531311,nan,nan,nan,-0.030613062903285027,-0.008035846054553986,-3.1373116970062256,-5.520354170585051e-05,3135,,nan,24.506,0.99,93,4,23,0.7,895,0.009688567370176315,0.0044677709229290485,0.015215747058391571,1500,1500,1418,1498,1897,1500,1897,1115
1783462090.8652,14.5404,0.02062,48.49,728,3255161,0.561,AUTOTUNE,AUTOTUNE,128,7.270217776298523,0.0,10.0,0.5,0.0,0.0,nan,nan,nan,nan,nan,nan,nan,nan,nan,nan,15.030411926400808,2.0103437456680857,10.473893290167274,0,0,-6.881153583526611,-1.999341368675232,-0.444347083568573,-0.007514307741075754,-0.0063522253185510635,-0.017058510333299637,nan,nan,nan,-0.030591316521167755,-0.008023366332054138,-3.137315511703491,-0.0004238571273162961,3135,,nan,24.506,0.99,93,4,23,0.7,895,0.009688567370176315,0.0044677709229290485,0.015215747058391571,1500,1500,1418,1498,1897,1500,1897,1115
1783462090.8852,14.5603,0.01998,50.04,729,3255181,0.581,AUTOTUNE,AUTOTUNE,128,7.280154466629028,0.0,10.0,0.5,0.0,0.0,nan,nan,nan,nan,nan,nan,nan,nan,nan,nan,15.0412652103266,2.010481657402802,10.472622624307196,0,0,-6.882011413574219,-1.999277114868164,-0.4436470866203308,-0.007548234891146421,-0.006468945648521185,-0.01672903448343277,nan,nan,nan,-0.030586406588554382,-0.008014626801013947,-3.1373074054718018,9.343231795355678e-05,3135,,nan,24.506,0.99,93,4,23,0.7,895,0.009688567370176315,0.0044677709229290485,0.015215747058391571,1500,1500,1418,1498,1897,1500,1897,1115
1783462090.9054,14.5803,0.02020,49.51,730,3255201,0.601,AUTOTUNE,AUTOTUNE,128,7.290155649185181,0.0,10.0,0.5,0.0,0.0,nan,nan,nan,nan,nan,nan,nan,nan,nan,nan,15.052426022158636,2.0107771061773816,10.471747661824747,0,0,-6.882815837860107,-1.9992228746414185,-0.4430282711982727,-0.007753312587738037,-0.006670838687568903,-0.01658114790916443,nan,nan,nan,-0.03058239445090294,-0.008008699864149094,-3.137300491333008,0.00020592837245203555,3135,,nan,24.506,0.99,93,4,23,0.7,895,0.009688567370176315,0.0014624245231971145,0.015215747058391571,1500,1500,1418,1498,1897,1500,1897,1115
1783462090.9250,14.6003,0.01959,51.04,731,3255223,0.621,AUTOTUNE,AUTOTUNE,128,7.3001707792282104,0.0,10.0,0.5,0.0,0.0,nan,nan,nan,nan,nan,nan,nan,nan,nan,nan,15.063191973138736,2.010359265910983,10.471386900204346,0,0,-6.883296966552734,-1.9992825984954834,-0.4429575800895691,-0.007909019477665424,-0.006395116914063692,-0.016413675621151924,nan,nan,nan,-0.030570881441235542,-0.008016342297196388,-3.1373097896575928,-0.0004942173836752772,3135,,nan,24.506,0.99,93,4,23,0.7,895,0.009688567370176315,0.0014624245231971145,0.015215747058391571,1500,1500,1418,1498,1897,1500,1897,1115
1783462090.9451,14.6205,0.02010,49.74,732,3255241,0.641,AUTOTUNE,AUTOTUNE,128,7.310230016708374,0.0,10.0,0.5,0.0,0.0,nan,nan,nan,nan,nan,nan,nan,nan,nan,nan,15.073300552228286,2.012218528856649,10.469904105756498,0,0,-6.884040355682373,-1.9999433755874634,-0.4418943524360657,-0.007508310955017805,-0.007087063044309616,-0.016171438619494438,nan,nan,nan,-0.03056884929537773,-0.008023055270314217,-3.1373131275177,-0.0002443847479298711,3135,,nan,24.506,0.99,93,4,23,0.7,895,0.009688567370176315,0.0014624245231971145,0.015215747058391571,1500,1500,1418,1498,1897,1500,1897,1115
1783462090.9654,14.6405,0.02033,49.18,733,3255263,0.661,AUTOTUNE,AUTOTUNE,128,7.320232033729553,0.0,10.0,0.5,0.0,0.0,nan,nan,nan,nan,nan,nan,nan,nan,nan,nan,15.08443494581927,2.013935012337732,10.468346143565244,0,0,-6.884768009185791,-2.0006072521209717,-0.440934956073761,-0.007741977926343679,-0.007694785948842764,-0.01582585647702217,nan,nan,nan,-0.030560951679944992,-0.008037442341446877,-3.1373164653778076,-0.0003563526552170515,3135,,nan,24.506,0.99,93,4,23,0.7,895,0.009688567370176315,0.0014624245231971145,0.015215747058391571,1500,1500,1418,1498,1897,1500,1897,1115
1783462090.9852,14.6603,0.01978,50.56,734,3255281,0.681,AUTOTUNE,AUTOTUNE,128,7.3301626443862915,0.0,10.0,0.5,0.0,0.0,nan,nan,nan,nan,nan,nan,nan,nan,nan,nan,15.094539682137823,2.01493005496342,10.467483005201732,0,0,-6.885164260864258,-2.0009829998016357,-0.4405973553657532,-0.007613733410835266,-0.008052336052060127,-0.015522437170147896,nan,nan,nan,-0.030564291402697563,-0.008042803034186363,-3.1373074054718018,0.00022497371537610888,3135,,nan,24.506,0.99,93,4,23,0.7,895,0.009688567370176315,0.0014624245231971145,0.015215747058391571,1500,1500,1418,1498,1897,1500,1897,1115
1783462091.0054,14.6804,0.02022,49.47,735,3255301,0.701,AUTOTUNE,AUTOTUNE,128,7.340187072753906,0.0,10.0,0.5,0.0,0.0,nan,nan,nan,nan,nan,nan,nan,nan,nan,nan,15.10514565668676,2.0166633573524497,10.466459179544929,0,0,-6.885806083679199,-2.001598834991455,-0.4397609829902649,-0.0075789326801896095,-0.008697506040334702,-0.015414210967719555,nan,nan,nan,-0.030569743365049362,-0.008070260286331177,-3.1373093128204346,-7.456227467628196e-05,3135,,nan,24.506,0.99,93,4,23,0.7,895,0.009688567370176315,0.0014624245231971145,0.015215747058391571,1500,1500,1418,1498,1897,1500,1897,1115
1783462091.0250,14.7003,0.01957,51.10,736,3255323,0.721,AUTOTUNE,AUTOTUNE,128,7.350167632102966,0.0,10.0,0.5,0.0,0.0,nan,nan,nan,nan,nan,nan,nan,nan,nan,nan,15.116115041911188,2.017427857512854,10.465902577920305,0,0,-6.886207580566406,-2.0020077228546143,-0.43957024812698364,-0.007918027229607105,-0.008902818895876408,-0.015202977694571018,nan,nan,nan,-0.03057127073407173,-0.008089236915111542,-3.137312650680542,-0.00042337499326094985,3135,,nan,24.506,0.99,93,4,23,0.7,895,0.009688567370176315,0.0014624245231971145,0.015215747058391571,1500,1500,1418,1498,1897,1500,1897,1115
1783462091.0451,14.7204,0.02008,49.81,737,3255341,0.741,AUTOTUNE,AUTOTUNE,128,7.360214471817017,0.0,10.0,0.5,0.0,0.0,nan,nan,nan,nan,nan,nan,nan,nan,nan,nan,15.126304677135273,2.0186385116455243,10.46485790792173,0,0,-6.886768341064453,-2.002568006515503,-0.4387722611427307,-0.0076767150312662125,-0.00927831046283245,-0.015060555189847946,nan,nan,nan,-0.030573131516575813,-0.008098851889371872,-3.137312650680542,-0.00038565954309888184,3135,,nan,24.506,0.99,93,4,23,0.7,895,0.009688567370176315,0.0014624245231971145,0.015215747058391571,1500,1500,1418,1498,1897,1500,1897,1115
1783462091.0652,14.7404,0.02016,49.59,738,3255361,0.761,AUTOTUNE,AUTOTUNE,128,7.370221972465515,0.0,10.0,0.5,0.0,0.0,nan,nan,nan,nan,nan,nan,nan,nan,nan,nan,15.136618315509864,2.0197102556489996,10.46433624786276,0,0,-6.887121200561523,-2.0029454231262207,-0.43854647874832153,-0.00764974020421505,-0.009679180569946766,-0.014889730140566826,nan,nan,nan,-0.030563779175281525,-0.008113695308566093,-3.1373050212860107,0.00019103148952126503,3135,,nan,24.506,0.99,93,4,23,0.7,895,0.009688567370176315,0.0014624245231971145,0.015215747058391571,1500,1500,1418,1498,1897,1500,1897,1115
1783462091.0849,14.7604,0.01971,50.73,739,3255381,0.781,AUTOTUNE,AUTOTUNE,128,7.380198836326599,0.0,10.0,0.5,0.0,0.0,nan,nan,nan,nan,nan,nan,nan,nan,nan,nan,15.147440545440645,2.020962205090917,10.46327628750747,0,0,-6.887645721435547,-2.0035057067871094,-0.4378661513328552,-0.007834980264306068,-0.010078513994812965,-0.01467054896056652,nan,nan,nan,-0.030569184571504593,-0.0081314817070961,-3.137302875518799,-0.00028385361656546593,3135,,nan,24.506,0.99,93,4,23,0.7,895,0.009688567370176315,0.0014624245231971145,0.015215747058391571,1500,1500,1418,1498,1897,1500,1897,1115
1783462091.1053,14.7804,0.02037,49.10,740,3255401,0.801,AUTOTUNE,AUTOTUNE,128,7.3901777267456055,0.0,10.0,0.5,0.0,0.0,nan,nan,nan,nan,nan,nan,nan,nan,nan,nan,15.15757384970707,2.0224896998682187,10.46250570868006,0,0,-6.888134956359863,-2.0040485858917236,-0.4372689127922058,-0.007641671225428581,-0.010646982118487358,-0.01457047089934349,nan,nan,nan,-0.03056628257036209,-0.008149385452270508,-3.1372976303100586,1.6210164176300168e-05,3135,,nan,24.506,0.99,93,4,23,0.7,895,0.008276794105768204,0.003529534675180912,0.022193660959601402,1500,1500,1418,1498,1897,1500,1897,1115
1783462091.1251,14.8003,0.01979,50.53,741,3255421,0.821,AUTOTUNE,AUTOTUNE,128,7.400160551071167,0.0,10.0,0.5,0.0,0.0,nan,nan,nan,nan,nan,nan,nan,nan,nan,nan,15.168025894010384,2.0230859318645327,10.462437688895802,0,0,-6.8884429931640625,-2.0044198036193848,-0.43714410066604614,-0.007734730374068022,-0.01077689416706562,-0.014603259973227978,nan,nan,nan,-0.03057217225432396,-0.008166490122675896,-3.1372928619384766,2.7669222617987543e-05,3135,,nan,24.506,0.99,93,4,23,0.7,895,0.008276794105768204,0.003529534675180912,0.022193660959601402,1500,1500,1418,1498,1897,1500,1897,1115
1783462091.1452,14.8203,0.02011,49.72,742,3255441,0.841,AUTOTUNE,AUTOTUNE,128,7.410150527954102,0.0,10.0,0.5,0.0,0.0,nan,nan,nan,nan,nan,nan,nan,nan,nan,nan,15.17916539319915,2.022820072201073,10.461231730336873,0,0,-6.8894524574279785,-2.0042359828948975,-0.4361415505409241,-0.007815592922270298,-0.010729528963565826,-0.014485822059214115,nan,nan,nan,-0.030574040487408638,-0.008178172633051872,-3.1372897624969482,3.115660001640208e-05,3135,,nan,24.506,0.99,93,4,23,0.7,895,0.008276794105768204,0.003529534675180912,0.022193660959601402,1500,1500,1418,1498,1897,1500,1897,1115
1783462091.1650,14.8403,0.01980,50.50,743,3255461,0.861,AUTOTUNE,AUTOTUNE,128,7.420159816741943,0.0,10.0,0.5,0.0,0.0,nan,nan,nan,nan,nan,nan,nan,nan,nan,nan,15.189558288807643,2.022871101266812,10.460779275862972,0,0,-6.890010833740234,-2.0042645931243896,-0.4357988238334656,-0.007714689709246159,-0.010742472484707832,-0.014422470703721046,nan,nan,nan,-0.030571918934583664,-0.00817447155714035,-3.137298345565796,-0.0004626852460205555,3135,,nan,24.506,0.99,93,4,23,0.7,895,0.008276794105768204,0.003529534675180912,0.022193660959601402,1500,1500,1418,1498,1897,1500,1897,1115
1783462091.1849,14.8604,0.01990,50.24,744,3255481,0.881,AUTOTUNE,AUTOTUNE,128,7.430176019668579,0.0,10.0,0.5,0.0,0.0,nan,nan,nan,nan,nan,nan,nan,nan,nan,nan,15.20135857966631,2.0227774141987243,10.458943808093544,0,0,-6.8909173011779785,-2.0041263103485107,-0.43489915132522583,-0.008221384137868881,-0.010768219828605652,-0.013882189057767391,nan,nan,nan,-0.030582230538129807,-0.008178826421499252,-3.1372952461242676,1.494452590122819e-05,3135,,nan,24.506,0.99,93,4,23,0.7,895,0.008276794105768204,0.003529534675180912,0.022193660959601402,1500,1500,1418,1498,1897,1500,1897,1115
1783462091.2053,14.8803,0.02037,49.09,745,3255501,0.901,AUTOTUNE,AUTOTUNE,128,7.44017493724823,0.0,10.0,0.5,0.0,0.0,nan,nan,nan,nan,nan,nan,nan,nan,nan,nan,15.21205409862505,2.02262852590598,10.457793964836746,0,0,-6.891760349273682,-2.0040128231048584,-0.4340946078300476,-0.00813683308660984,-0.01074778102338314,-0.013682830147445202,nan,nan,nan,-0.030568145215511322,-0.008182335644960403,-3.1372857093811035,0.0004373408737592399,3135,,nan,24.506,0.99,93,4,23,0.7,895,0.008276794105768204,0.003529534675180912,0.022193660959601402,1500,1500,1418,1498,1897,1500,1897,1115
1783462091.2250,14.9004,0.01967,50.83,746,3255521,0.921,AUTOTUNE,AUTOTUNE,128,7.450207710266113,0.0,10.0,0.5,0.0,0.0,nan,nan,nan,nan,nan,nan,nan,nan,nan,nan,15.222831011181857,2.022673542052595,10.45740541985221,0,0,-6.892246246337891,-2.004075765609741,-0.4338659644126892,-0.008285929448902607,-0.010737431235611439,-0.013590510934591293,nan,nan,nan,-0.030570538714528084,-0.00817018747329712,-3.1372787952423096,9.130872058449313e-05,3135,,nan,24.506,0.99,93,4,23,0.7,895,0.008276794105768204,0.003529534675180912,0.022193660959601402,1500,1500,1418,1498,1897,1500,1897,1115
1783462091.2452,14.9204,0.02022,49.47,747,3255541,0.941,AUTOTUNE,AUTOTUNE,128,7.460195064544678,0.0,10.0,0.5,0.0,0.0,nan,nan,nan,nan,nan,nan,nan,nan,nan,nan,15.233830580789316,2.0226791914862416,10.456505401759063,0,0,-6.893006324768066,-2.0039937496185303,-0.43313246965408325,-0.008431500755250454,-0.010788044892251492,-0.013494368642568588,nan,nan,nan,-0.030568385496735573,-0.00816146470606327,-3.137277126312256,0.00014962392742745578,3135,,nan,24.506,0.99,93,4,23,0.7,895,0.008276794105768204,0.003529534675180912,0.022193660959601402,1500,1500,1418,1498,1897,1500,1897,1115
1783462091.2649,14.9403,0.01969,50.80,748,3255563,0.961,AUTOTUNE,AUTOTUNE,128,7.470153331756592,0.0,10.0,0.5,0.0,0.0,nan,nan,nan,nan,nan,nan,nan,nan,nan,nan,15.244341001720715,2.0228320977109666,10.455459518792154,0,0,-6.893744468688965,-2.003966808319092,-0.43247026205062866,-0.00832411926239729,-0.01089187990874052,-0.013272853568196297,nan,nan,nan,-0.03057137504220009,-0.008156726136803627,-3.1372756958007812,-0.00010708745685406029,3135,,nan,24.506,0.99,93,4,23,0.7,895,0.008276794105768204,0.003529534675180912,0.022193660959601402,1500,1500,1418,1498,1897,1500,1897,1115
1783462091.2854,14.9604,0.02053,48.71,749,3255581,0.981,AUTOTUNE,AUTOTUNE,128,7.480178475379944,0.0,10.0,0.5,0.0,0.0,nan,nan,nan,nan,nan,nan,nan,nan,nan,nan,15.255088869118245,2.023191561200052,10.455218201265236,0,0,-6.894148826599121,-2.004031181335449,-0.4322560429573059,-0.008507927879691124,-0.011062250472605228,-0.013257208280265331,nan,nan,nan,-0.030580446124076843,-0.00816325843334198,-3.13727068901062,0.0001380078319925815,3135,,nan,24.506,0.99,93,4,23,0.7,895,0.008276794105768204,0.003529534675180912,0.022193660959601402,1500,1500,1418,1498,1897,1500,1897,1115
1783462091.3070,14.9804,0.02156,46.37,750,3255606,0.003,AUTOTUNE,AUTOTUNE,128,7.490180611610413,0.0,10.0,0.5,0.0,0.0,nan,nan,nan,nan,nan,nan,nan,nan,nan,nan,15.265687770035155,2.023290453763317,10.454507958006014,0,0,-6.894838333129883,-2.0040576457977295,-0.43174952268600464,-0.008454383350908756,-0.011104066856205463,-0.013139588758349419,nan,nan,nan,-0.030589716508984566,-0.008157800883054733,-3.1372663974761963,-3.287658910267055e-05,3135,,nan,24.505,0.98,93,4,23,0.7,895,0.008276794105768204,0.003529534675180912,0.022193660959601402,1500,1500,1418,1498,1897,1500,1897,1115
1783462091.3251,15.0003,0.01810,55.26,751,3255621,0.021,AUTOTUNE,AUTOTUNE,128,7.500157594680786,0.0,10.0,0.5,0.0,0.0,nan,nan,nan,nan,nan,nan,nan,nan,nan,nan,15.275917226593243,2.023110841929578,10.45402728906413,0,0,-6.8951897621154785,-2.0041019916534424,-0.43155568838119507,-0.00839725136756897,-0.010974764823913574,-0.012973984703421593,nan,nan,nan,-0.030592696741223335,-0.008162440732121468,-3.1372668743133545,-0.0002003483532462269,3135,,nan,24.505,0.98,93,4,23,0.7,895,0.010018648579716682,0.0035532405599951744,0.015644922852516174,1500,1500,1418,1498,1897,1500,1897,1115
1783462091.3450,15.0204,0.01996,50.09,752,3255641,0.041,AUTOTUNE,AUTOTUNE,128,7.510201811790466,0.0,10.0,0.5,0.0,0.0,nan,nan,nan,nan,nan,nan,nan,nan,nan,nan,15.287407009993187,2.0219514740740103,10.45234914044879,0,0,-6.896114349365234,-2.003406286239624,-0.4306270480155945,-0.008698038756847382,-0.0107070691883564,-0.012541255913674831,nan,nan,nan,-0.030603189021348953,-0.008158629760146141,-3.137263774871826,-3.132547135464847e-06,3135,,nan,24.505,0.98,93,4,23,0.7,895,0.010018648579716682,0.0035532405599951744,0.015644922852516174,1500,1500,1418,1498,1897,1500,1897,1115
1783462091.3650,15.0403,0.02002,49.94,753,3255663,0.061,AUTOTUNE,AUTOTUNE,128,7.520151615142822,0.0,10.0,0.5,0.0,0.0,nan,nan,nan,nan,nan,nan,nan,nan,nan,nan,15.29805546448355,2.0205816811106465,10.451168808875945,0,0,-6.896999835968018,-2.0027945041656494,-0.4299120306968689,-0.008590169250965118,-0.01026943139731884,-0.01227260660380125,nan,nan,nan,-0.030592819675803185,-0.008141998201608658,-3.137277603149414,-0.0007031899294815958,3135,,nan,24.505,0.98,93,4,23,0.7,895,0.010018648579716682,0.0035532405599951744,0.015644922852516174,1500,1500,1418,1498,1897,1500,1897,1115
1783462091.3852,15.0603,0.02018,49.56,754,3255681,0.081,AUTOTUNE,AUTOTUNE,128,7.530166149139404,0.0,10.0,0.5,0.0,0.0,nan,nan,nan,nan,nan,nan,nan,nan,nan,nan,15.30869390912946,2.02076818654555,10.450426644580368,0,0,-6.897469997406006,-2.0025668144226074,-0.42965513467788696,-0.008678936399519444,-0.010508567094802856,-0.011992436833679676,nan,nan,nan,-0.030591817572712898,-0.008134294301271439,-3.1372737884521484,-0.0002048322930932045,3135,,nan,24.505,0.98,93,4,23,0.7,895,0.010018648579716682,0.0035532405599951744,0.015644922852516174,1500,1500,1418,1498,1897,1500,1897,1115
1783462091.4055,15.0804,0.02029,49.29,755,3255701,0.101,AUTOTUNE,AUTOTUNE,128,7.540194153785706,0.0,10.0,0.5,0.0,0.0,nan,nan,nan,nan,nan,nan,nan,nan,nan,nan,15.319475082522333,2.0198964336814407,10.449179589643789,0,0,-6.8982462882995605,-2.0020084381103516,-0.429027259349823,-0.008665586821734905,-0.010327639058232307,-0.011634953320026398,nan,nan,nan,-0.03058307245373726,-0.008131366223096848,-3.137268304824829,0.00021528832439798862,3135,,nan,24.505,0.98,93,4,23,0.7,895,0.010018648579716682,0.0035532405599951744,0.015644922852516174,1500,1500,1418,1498,1897,1500,1897,1115
1783462091.4255,15.1005,0.01995,50.11,756,3255723,0.121,AUTOTUNE,AUTOTUNE,128,7.5502341985702515,0.0,10.0,0.5,0.0,0.0,nan,nan,nan,nan,nan,nan,nan,nan,nan,nan,15.329968319061408,2.019830187410958,10.448579319247951,0,0,-6.898725986480713,-2.001875877380371,-0.4288838505744934,-0.008650283329188824,-0.01036592572927475,-0.011371184140443802,nan,nan,nan,-0.030568545684218407,-0.008135601878166199,-3.1372668743133545,-0.0002790513099171221,3135,,nan,24.505,0.98,93,4,23,0.7,895,0.010018648579716682,0.0035532405599951744,0.015644922852516174,1500,1500,1418,1498,1897,1500,1897,1115
1783462091.4451,15.1203,0.01959,51.03,757,3255741,0.141,AUTOTUNE,AUTOTUNE,128,7.560170292854309,0.0,10.0,0.5,0.0,0.0,nan,nan,nan,nan,nan,nan,nan,nan,nan,nan,15.340963417000589,2.018826443606078,10.447653448840516,0,0,-6.89940881729126,-2.0013601779937744,-0.4282218813896179,-0.008867466822266579,-0.010084153153002262,-0.011218820698559284,nan,nan,nan,-0.030561961233615875,-0.008128469809889793,-3.137267589569092,-3.592445864342153e-06,3135,,nan,24.505,0.98,93,4,23,0.7,895,0.010018648579716682,0.0035532405599951744,0.015644922852516174,1500,1500,1418,1498,1897,1500,1897,1115
1783462091.4650,15.1404,0.01993,50.18,758,3255761,0.161,AUTOTUNE,AUTOTUNE,128,7.570207118988037,0.0,10.0,0.5,0.0,0.0,nan,nan,nan,nan,nan,nan,nan,nan,nan,nan,15.351007652632202,2.018574840455308,10.447342357516725,0,0,-6.89982795715332,-2.0012292861938477,-0.42798906564712524,-0.008629754185676575,-0.010014460422098637,-0.011173628270626068,nan,nan,nan,-0.03055550903081894,-0.008124023675918579,-3.1372718811035156,-0.0005313959554769099,3135,,nan,24.505,0.98,93,4,23,0.7,895,0.010018648579716682,0.0035532405599951744,0.015644922852516174,1500,1500,1418,1498,1897,1500,1897,1115
1783462091.4852,15.1605,0.02024,49.40,759,3255781,0.181,AUTOTUNE,AUTOTUNE,128,7.58022677898407,0.0,10.0,0.5,0.0,0.0,nan,nan,nan,nan,nan,nan,nan,nan,nan,nan,15.362189329157573,2.0179725828110264,10.446245066479598,0,0,-6.900463581085205,-2.000793695449829,-0.4273619055747986,-0.008933667093515396,-0.00991823524236679,-0.010902198031544685,nan,nan,nan,-0.03055015206336975,-0.008122032508254051,-3.1372628211975098,0.0002199366281274706,3135,,nan,24.505,0.98,93,4,23,0.7,895,0.010018648579716682,0.0035532405599951744,0.015644922852516174,1500,1500,1418,1498,1897,1500,1897,1115
1783462091.5055,15.1804,0.02022,49.44,760,3255801,0.201,AUTOTUNE,AUTOTUNE,128,7.590220332145691,0.0,10.0,0.5,0.0,0.0,nan,nan,nan,nan,nan,nan,nan,nan,nan,nan,15.37281937805904,2.0161196746675163,10.445119499148065,0,0,-6.9009928703308105,-2.000033140182495,-0.42667967081069946,-0.00899556279182434,-0.009287565015256405,-0.01064623985439539,nan,nan,nan,-0.030542226508259773,-0.008108897134661674,-3.1372647285461426,-0.0001881992066046223,3135,,nan,24.505,0.98,93,4,23,0.7,895,0.009540818631649017,0.006541330832988024,0.017216194421052933,1500,1500,1418,1498,1897,1500,1897,1115
1783462091.5253,15.2003,0.01988,50.29,761,3255821,0.221,AUTOTUNE,AUTOTUNE,128,7.600171089172363,0.0,10.0,0.5,0.0,0.0,nan,nan,nan,nan,nan,nan,nan,nan,nan,nan,15.382546674423246,2.0153113300453365,10.444554491220782,0,0,-6.9012956619262695,-1.9995837211608887,-0.4264063239097595,-0.008691730909049511,-0.009080339223146439,-0.010477849282324314,nan,nan,nan,-0.030549174174666405,-0.008097955957055092,-3.1372625827789307,5.8936151617672294e-05,3135,,nan,24.505,0.98,93,4,23,0.7,895,0.009540818631649017,0.006541330832988024,0.017216194421052933,1500,1500,1418,1498,1897,1500,1897,1115
1783462091.5454,15.2205,0.02004,49.91,762,3255841,0.241,AUTOTUNE,AUTOTUNE,128,7.610229015350342,0.0,10.0,0.5,0.0,0.0,nan,nan,nan,nan,nan,nan,nan,nan,nan,nan,15.39299637153447,2.0131806734170516,10.443322170023187,0,0,-6.901702404022217,-1.9985566139221191,-0.42560917139053345,-0.008683087304234505,-0.008443204686045647,-0.010226604528725147,nan,nan,nan,-0.030559256672859192,-0.008090082556009293,-3.137253522872925,0.0004012978170067072,3135,,nan,24.505,0.98,93,4,23,0.7,895,0.009540818631649017,0.006541330832988024,0.017216194421052933,1500,1500,1418,1498,1897,1500,1897,1115
1783462091.5657,15.2405,0.02033,49.19,763,3255863,0.261,AUTOTUNE,AUTOTUNE,128,7.620245695114136,0.0,10.0,0.5,0.0,0.0,nan,nan,nan,nan,nan,nan,nan,nan,nan,nan,15.402998015881124,2.0112652065269763,10.442082655329399,0,0,-6.902097702026367,-1.9976190328598022,-0.4248221516609192,-0.008446181192994118,-0.00787862204015255,-0.009965356439352036,nan,nan,nan,-0.030565151944756508,-0.008072637021541595,-3.137255907058716,-0.00018309391452930868,3135,,nan,24.505,0.98,93,4,23,0.7,895,0.009540818631649017,0.006541330832988024,0.017216194421052933,1500,1500,1418,1498,1897,1500,1897,1115
1783462091.5851,15.2604,0.01936,51.66,764,3255881,0.281,AUTOTUNE,AUTOTUNE,128,7.63020396232605,0.0,10.0,0.5,0.0,0.0,nan,nan,nan,nan,nan,nan,nan,nan,nan,nan,15.412969400605428,2.0106633609733557,10.441946852334405,0,0,-6.902337074279785,-1.9972213506698608,-0.42452365159988403,-0.008315552957355976,-0.007760748267173767,-0.010059289634227753,nan,nan,nan,-0.03056376613676548,-0.008061176165938377,-3.1372485160827637,6.757114897482097e-05,3135,,nan,24.505,0.98,93,4,23,0.7,895,0.009540818631649017,0.006541330832988024,0.017216194421052933,1500,1500,1418,1498,1897,1500,1897,1115
1783462091.6055,15.2805,0.02043,48.94,765,3255901,0.301,AUTOTUNE,AUTOTUNE,128,7.6402428150177,0.0,10.0,0.5,0.0,0.0,nan,nan,nan,nan,nan,nan,nan,nan,nan,nan,15.423244062933513,2.0091512123427266,10.441050124780585,0,0,-6.902668476104736,-1.9963587522506714,-0.4238455891609192,-0.008260362781584263,-0.007385730277746916,-0.009933043271303177,nan,nan,nan,-0.03058130294084549,-0.008043661713600159,-3.13724946975708,5.0182647100882605e-05,3135,,nan,24.505,0.98,93,4,23,0.7,895,0.009540818631649017,0.006541330832988024,0.017216194421052933,1500,1500,1418,1498,1897,1500,1897,1115
1783462091.6250,15.3003,0.01950,51.29,766,3255923,0.321,AUTOTUNE,AUTOTUNE,128,7.650167346000671,0.0,10.0,0.5,0.0,0.0,nan,nan,nan,nan,nan,nan,nan,nan,nan,nan,15.43287519746398,2.008610227432597,10.440930233516525,0,0,-6.902920722961426,-1.996038556098938,-0.4236587882041931,-0.00794533547013998,-0.007258257828652859,-0.009971673600375652,nan,nan,nan,-0.030581194907426834,-0.008028160780668259,-3.1372358798980713,0.00028108039987273514,3135,,nan,24.505,0.98,93,4,23,0.7,895,0.009540818631649017,0.006541330832988024,0.017216194421052933,1500,1500,1418,1498,1897,1500,1897,1115
1783462091.6453,15.3204,0.02028,49.31,767,3255941,0.341,AUTOTUNE,AUTOTUNE,128,7.660180330276489,0.0,10.0,0.5,0.0,0.0,nan,nan,nan,nan,nan,nan,nan,nan,nan,nan,15.44330473444309,2.0072556943763447,10.43991968954406,0,0,-6.903190612792969,-1.9952410459518433,-0.4229009747505188,-0.00803001131862402,-0.006936660502105951,-0.009825759567320347,nan,nan,nan,-0.030590014532208443,-0.008015276864171028,-3.1372318267822266,0.0004182216653134674,3135,,nan,24.505,0.98,93,4,23,0.7,895,0.009540818631649017,0.006541330832988024,0.017216194421052933,1500,1500,1418,1498,1897,1500,1897,1115
1783462091.6649,15.3402,0.01958,51.08,768,3255963,0.361,AUTOTUNE,AUTOTUNE,128,7.670124769210815,0.0,10.0,0.5,0.0,0.0,nan,nan,nan,nan,nan,nan,nan,nan,nan,nan,15.453297315985628,2.006111252242354,10.438718739238418,0,0,-6.903478145599365,-1.9945353269577026,-0.4221187233924866,-0.007891799323260784,-0.006683363579213619,-0.009584023617208004,nan,nan,nan,-0.03059263899922371,-0.0080088060349226,-3.13722825050354,-8.374444587389007e-05,3135,,nan,24.505,0.98,93,4,23,0.7,895,0.009540818631649017,0.006541330832988024,0.017216194421052933,1500,1500,1418,1498,1897,1500,1897,1115
1783462091.6851,15.3604,0.02028,49.31,769,3255981,0.381,AUTOTUNE,AUTOTUNE,128,7.680191159248352,0.0,10.0,0.5,0.0,0.0,nan,nan,nan,nan,nan,nan,nan,nan,nan,nan,15.463501501875399,2.005448347753902,10.438535041457182,0,0,-6.903665542602539,-1.9942421913146973,-0.42182284593582153,-0.007863162085413933,-0.006469877436757088,-0.009648790583014488,nan,nan,nan,-0.030602730810642242,-0.007997116073966026,-3.1372270584106445,-0.00014281063340604305,3135,,nan,24.505,0.98,93,4,23,0.7,895,0.009540818631649017,0.006541330832988024,0.017216194421052933,1500,1500,1418,1498,1897,1500,1897,1115
1783462091.7054,15.3803,0.02028,49.32,770,3256001,0.401,AUTOTUNE,AUTOTUNE,128,7.690168976783752,0.0,10.0,0.5,0.0,0.0,nan,nan,nan,nan,nan,nan,nan,nan,nan,nan,15.473694922664931,2.0041000657543777,10.437512805079432,0,0,-6.903904914855957,-1.9935857057571411,-0.42114847898483276,-0.007849439047276974,-0.006070468574762344,-0.009447948075830936,nan,nan,nan,-0.03061436489224434,-0.007974736392498016,-3.1372318267822266,-0.0002474439097568393,3135,,nan,24.505,0.98,93,4,23,0.7,895,0.009540818631649017,0.010050133801996708,0.017216194421052933,1500,1500,1418,1498,1897,1500,1897,1115
1783462091.7250,15.4003,0.01963,50.93,771,3256023,0.421,AUTOTUNE,AUTOTUNE,128,7.700169205665588,0.0,10.0,0.5,0.0,0.0,nan,nan,nan,nan,nan,nan,nan,nan,nan,nan,15.483354281414572,2.003900257669758,10.437341265255819,0,0,-6.904110431671143,-1.993349552154541,-0.42095595598220825,-0.0075339823961257935,-0.006091452669352293,-0.009460062719881535,nan,nan,nan,-0.0306291151791811,-0.007959652692079544,-3.137232542037964,-0.00012631388381123543,3135,,nan,24.505,0.98,93,4,23,0.7,895,0.009540818631649017,0.010050133801996708,0.017216194421052933,1500,1500,1418,1498,1897,1500,1897,1115
1783462091.7450,15.4204,0.01992,50.21,772,3256041,0.441,AUTOTUNE,AUTOTUNE,128,7.710207104682922,0.0,10.0,0.5,0.0,0.0,nan,nan,nan,nan,nan,nan,nan,nan,nan,nan,15.493120187316606,2.0028051212862965,10.435848214791825,0,0,-6.90435791015625,-1.9926115274429321,-0.4198409914970398,-0.00723406532779336,-0.005885274149477482,-0.009241774678230286,nan,nan,nan,-0.030632909387350082,-0.007956886664032936,-3.13723087310791,-0.00029317050939425826,3135,,nan,24.505,0.98,93,4,23,0.7,895,0.009540818631649017,0.010050133801996708,0.017216194421052933,1500,1500,1418,1498,1897,1500,1897,1115
1783462091.7652,15.4403,0.02021,49.49,773,3256061,0.461,AUTOTUNE,AUTOTUNE,128,7.720155835151672,0.0,10.0,0.5,0.0,0.0,nan,nan,nan,nan,nan,nan,nan,nan,nan,nan,15.503160757668851,2.0024938494036895,10.435036761963287,0,0,-6.904551029205322,-1.9923311471939087,-0.4194551110267639,-0.00717559177428484,-0.005867438856512308,-0.008996070362627506,nan,nan,nan,-0.030649324879050255,-0.007938586175441742,-3.1372270584106445,0.0001114151964429766,3135,,nan,24.505,0.98,93,4,23,0.7,895,0.009540818631649017,0.010050133801996708,0.017216194421052933,1500,1500,1418,1498,1897,1500,1897,1115
1783462091.7850,15.4603,0.01988,50.29,774,3256081,0.481,AUTOTUNE,AUTOTUNE,128,7.730160713195801,0.0,10.0,0.5,0.0,0.0,nan,nan,nan,nan,nan,nan,nan,nan,nan,nan,15.512530708512708,2.0018836793048593,10.433741432814362,0,0,-6.904775619506836,-1.9916913509368896,-0.41857045888900757,-0.006679349113255739,-0.005884543526917696,-0.008758965879678726,nan,nan,nan,-0.0306710172444582,-0.007930202409625053,-3.1372230052948,-0.00010771145753096789,3135,,nan,24.505,0.98,93,4,23,0.7,895,0.009540818631649017,0.010050133801996708,0.017216194421052933,1500,1500,1418,1498,1897,1500,1897,1115
1783462091.8064,15.4805,0.02136,46.82,775,3256106,0.502,AUTOTUNE,AUTOTUNE,128,7.740225434303284,0.0,10.0,0.5,0.0,0.0,nan,nan,nan,nan,nan,nan,nan,nan,nan,nan,15.522688618651063,2.001169830285424,10.432339454343936,0,0,-6.905007362365723,-1.9911274909973145,-0.4178151488304138,-0.006599355023354292,-0.0057979472912848,-0.008385611698031425,nan,nan,nan,-0.03067198023200035,-0.00791919231414795,-3.1372318267822266,-0.0004796410503331572,3135,,nan,24.487,1.0,93,4,23,0.7,895,0.009540818631649017,0.010050133801996708,0.017216194421052933,1500,1500,1418,1498,1897,1500,1897,1115
1783462091.8253,15.5004,0.01885,53.06,776,3256123,0.521,AUTOTUNE,AUTOTUNE,128,7.750218510627747,0.0,10.0,0.5,0.0,0.0,nan,nan,nan,nan,nan,nan,nan,nan,nan,nan,15.532341392039815,2.000470412829518,10.431769478351178,0,0,-6.905144214630127,-1.990890622138977,-0.41750913858413696,-0.006323869340121746,-0.005530894733965397,-0.008233211003243923,nan,nan,nan,-0.03067891299724579,-0.007914504036307335,-3.137239933013916,-0.0006964909844100475,3135,,nan,24.487,1.0,93,4,23,0.7,895,0.009540818631649017,0.010050133801996708,0.017216194421052933,1500,1500,1418,1498,1897,1500,1897,1115
1783462091.8453,15.5204,0.02006,49.84,777,3256141,0.541,AUTOTUNE,AUTOTUNE,128,7.760188579559326,0.0,10.0,0.5,0.0,0.0,nan,nan,nan,nan,nan,nan,nan,nan,nan,nan,15.542184614145405,1.9999966435502237,10.430514370166598,0,0,-6.905296325683594,-1.9903502464294434,-0.4167940020561218,-0.0061628129333257675,-0.005569349974393845,-0.007921458221971989,nan,nan,nan,-0.030686797574162483,-0.007913690060377121,-3.1372272968292236,0.0001347131037618965,3135,,nan,24.487,1.0,93,4,23,0.7,895,0.009540818631649017,0.010050133801996708,0.017216194421052933,1500,1500,1418,1498,1897,1500,1897,1115
1783462091.8651,15.5404,0.01975,50.63,778,3256163,0.561,AUTOTUNE,AUTOTUNE,128,7.770198702812195,0.0,10.0,0.5,0.0,0.0,nan,nan,nan,nan,nan,nan,nan,nan,nan,nan,15.552293311282629,1.9991171050375314,10.42964624328639,0,0,-6.905457496643066,-1.9898748397827148,-0.4161697030067444,-0.0061266724951565266,-0.005336024332791567,-0.007780684158205986,nan,nan,nan,-0.0306989923119545,-0.00790388509631157,-3.137233257293701,-0.0002636515418998897,3135,,nan,24.487,1.0,93,4,23,0.7,895,0.009540818631649017,0.010050133801996708,0.017216194421052933,1500,1500,1418,1498,1897,1500,1897,1115
1783462091.8853,15.5604,0.02025,49.37,779,3256181,0.581,AUTOTUNE,AUTOTUNE,128,7.780195355415344,0.0,10.0,0.5,0.0,0.0,nan,nan,nan,nan,nan,nan,nan,nan,nan,nan,15.561869922353043,1.9989659893416147,10.42930923623632,0,0,-6.905571460723877,-1.9896866083145142,-0.4159354567527771,-0.005818364210426807,-0.005357453133910894,-0.007721355184912682,nan,nan,nan,-0.0307052843272686,-0.007898641750216484,-3.1372365951538086,-0.00044074299512431026,3135,,nan,24.487,1.0,93,4,23,0.7,895,0.009540818631649017,0.010050133801996708,0.017216194421052933,1500,1500,1418,1498,1897,1500,1897,1115
1783462091.9054,15.5803,0.02007,49.83,780,3256202,0.601,AUTOTUNE,AUTOTUNE,128,7.790150761604309,0.0,10.0,0.5,0.0,0.0,nan,nan,nan,nan,nan,nan,nan,nan,nan,nan,15.571961004274119,1.9985402048674255,10.427949392326573,0,0,-6.905856609344482,-1.9893157482147217,-0.4150620102882385,-0.005732065998017788,-0.005325742531567812,-0.007440533488988876,nan,nan,nan,-0.030717454850673676,-0.00788077525794506,-3.137237787246704,-0.0002459654351696372,3135,,nan,24.487,1.0,93,4,23,0.7,895,0.010411745868623257,0.001301674055866897,0.015253027901053429,1500,1500,1418,1498,1897,1500,1897,1115
1783462091.9251,15.6003,0.01967,50.84,781,3256221,0.621,AUTOTUNE,AUTOTUNE,128,7.800159335136414,0.0,10.0,0.5,0.0,0.0,nan,nan,nan,nan,nan,nan,nan,nan,nan,nan,15.581917395100204,1.9986258462978603,10.427027052261918,0,0,-6.906117916107178,-1.9892264604568481,-0.4145640730857849,-0.005551072768867016,-0.005426737945526838,-0.007195504382252693,nan,nan,nan,-0.03072616457939148,-0.007872804999351501,-3.1372363567352295,-0.0002012539334828034,3135,,nan,24.487,1.0,93,4,23,0.7,895,0.010411745868623257,0.001301674055866897,0.015253027901053429,1500,1500,1418,1498,1897,1500,1897,1115
1783462091.9452,15.6203,0.02019,49.54,782,3256241,0.641,AUTOTUNE,AUTOTUNE,128,7.810174942016602,0.0,10.0,0.5,0.0,0.0,nan,nan,nan,nan,nan,nan,nan,nan,nan,nan,15.59192932152567,1.9983769863930831,10.425012632774452,0,0,-6.906502723693848,-1.988968014717102,-0.4135119318962097,-0.005326779093593359,-0.005432272329926491,-0.006639932747930288,nan,nan,nan,-0.030744465067982674,-0.00788799300789833,-3.1372287273406982,4.4224056182429194e-05,3135,,nan,24.487,1.0,93,4,23,0.7,895,0.010411745868623257,0.001301674055866897,0.015253027901053429,1500,1500,1418,1498,1897,1500,1897,1115
1783462091.9650,15.6403,0.01975,50.62,783,3256263,0.661,AUTOTUNE,AUTOTUNE,128,7.82016909122467,0.0,10.0,0.5,0.0,0.0,nan,nan,nan,nan,nan,nan,nan,nan,nan,nan,15.60196499338239,1.9984950407813462,10.423477600294751,0,0,-6.906864643096924,-1.9887511730194092,-0.41258174180984497,-0.005141797941178083,-0.005625624675303698,-0.006290726829320192,nan,nan,nan,-0.030746236443519592,-0.007888196036219597,-3.1372294425964355,-3.131875564577058e-05,3135,,nan,24.487,1.0,93,4,23,0.7,895,0.010411745868623257,0.001301674055866897,0.015253027901053429,1500,1500,1418,1498,1897,1500,1897,1115
1783462091.9850,15.6603,0.01996,50.10,784,3256281,0.681,AUTOTUNE,AUTOTUNE,128,7.83016037940979,0.0,10.0,0.5,0.0,0.0,nan,nan,nan,nan,nan,nan,nan,nan,nan,nan,15.612317487430332,1.9981430502887543,10.422702038322987,0,0,-6.9070634841918945,-1.9886865615844727,-0.4121878743171692,-0.00523553928360343,-0.005459706299006939,-0.006070355419069529,nan,nan,nan,-0.03075779601931572,-0.00790046714246273,-3.137235164642334,-0.0006364181754179299,3135,,nan,24.487,1.0,93,4,23,0.7,895,0.010411745868623257,0.001301674055866897,0.015253027901053429,1500,1500,1418,1498,1897,1500,1897,1115
1783462092.0052,15.6804,0.02028,49.32,785,3256301,0.701,AUTOTUNE,AUTOTUNE,128,7.8401795625686646,0.0,10.0,0.5,0.0,0.0,nan,nan,nan,nan,nan,nan,nan,nan,nan,nan,15.622538097524894,1.9983119974359738,10.421679295783864,0,0,-6.9073662757873535,-1.988498330116272,-0.41137319803237915,-0.005177016369998455,-0.005665923468768597,-0.005950228311121464,nan,nan,nan,-0.03074834495782852,-0.007905635982751846,-3.1372458934783936,-0.0008056046208366752,3135,,nan,24.487,1.0,93,4,23,0.7,895,0.010411745868623257,0.001301674055866897,0.015253027901053429,1500,1500,1418,1498,1897,1500,1897,1115
1783462092.0252,15.7004,0.01999,50.02,786,3256321,0.721,AUTOTUNE,AUTOTUNE,128,7.850199103355408,0.0,10.0,0.5,0.0,0.0,nan,nan,nan,nan,nan,nan,nan,nan,nan,nan,15.63292683988718,1.9983602714974695,10.421193132656443,0,0,-6.907557010650635,-1.9884703159332275,-0.4110531210899353,-0.005280054174363613,-0.0057099685072898865,-0.0058543384075164795,nan,nan,nan,-0.030761754140257835,-0.007907535880804062,-3.137251377105713,-0.0003757862141355872,3135,,nan,24.487,1.0,93,4,23,0.7,895,0.010411745868623257,0.001301674055866897,0.015253027901053429,1500,1500,1418,1498,1897,1500,1897,1115
1783462092.0452,15.7205,0.01998,50.06,787,3256341,0.741,AUTOTUNE,AUTOTUNE,128,7.8602294921875,0.0,10.0,0.5,0.0,0.0,nan,nan,nan,nan,nan,nan,nan,nan,nan,nan,15.642584652151633,1.9985671244457313,10.419602821131118,0,0,-6.907817363739014,-1.9883190393447876,-0.4103415608406067,-0.0049146320670843124,-0.00591673469170928,-0.005346991121768951,nan,nan,nan,-0.030760597437620163,-0.007906753569841385,-3.137253522872925,-0.000303835840895772,3135,,nan,24.487,1.0,93,4,23,0.7,895,0.010411745868623257,0.001301674055866897,0.015253027901053429,1500,1500,1418,1498,1897,1500,1897,1115
1783462092.0652,15.7404,0.01998,50.04,788,3256361,0.761,AUTOTUNE,AUTOTUNE,128,7.87021791934967,0.0,10.0,0.5,0.0,0.0,nan,nan,nan,nan,nan,nan,nan,nan,nan,nan,15.652835948785327,1.9988189988355218,10.419051958366126,0,0,-6.907987594604492,-1.988313913345337,-0.4100598692893982,-0.004968116991221905,-0.006065113935619593,-0.005191585049033165,nan,nan,nan,-0.030766721814870834,-0.007906714454293251,-3.1372580528259277,-0.00016710790805518627,3135,,nan,24.487,1.0,93,4,23,0.7,895,0.010411745868623257,0.001301674055866897,0.015253027901053429,1500,1500,1418,1498,1897,1500,1897,1115
1783462092.0852,15.7605,0.02000,50.01,789,3256381,0.781,AUTOTUNE,AUTOTUNE,128,7.880237698554993,0.0,10.0,0.5,0.0,0.0,nan,nan,nan,nan,nan,nan,nan,nan,nan,nan,15.662535599261213,1.9989764089670345,10.418347797320854,0,0,-6.908209800720215,-1.9881991147994995,-0.4094415307044983,-0.004654999822378159,-0.00622227368876338,-0.00514203542843461,nan,nan,nan,-0.03077036514878273,-0.007919905707240105,-3.1372594833374023,-0.00029275432461872697,3135,,nan,24.487,1.0,93,4,23,0.7,895,0.010411745868623257,0.001301674055866897,0.015253027901053429,1500,1500,1418,1498,1897,1500,1897,1115
1783462092.1055,15.7804,0.02032,49.20,790,3256401,0.801,AUTOTUNE,AUTOTUNE,128,7.890184283256531,0.0,10.0,0.5,0.0,0.0,nan,nan,nan,nan,nan,nan,nan,nan,nan,nan,15.672258557466902,1.9991419240588204,10.417399361530192,0,0,-6.908411979675293,-1.9881083965301514,-0.40888696908950806,-0.004409160930663347,-0.006370210088789463,-0.0049146320670843124,nan,nan,nan,-0.030781550332903862,-0.007932879030704498,-3.137256383895874,-7.185974391177297e-05,3135,,nan,24.487,1.0,93,4,23,0.7,895,0.010411745868623257,0.0005690334946848452,0.015253027901053429,1500,1500,1418,1498,1897,1500,1897,1115
1783462092.1253,15.8004,0.01979,50.53,791,3256421,0.821,AUTOTUNE,AUTOTUNE,128,7.900195598602295,0.0,10.0,0.5,0.0,0.0,nan,nan,nan,nan,nan,nan,nan,nan,nan,nan,15.681782286742097,1.9992971971171791,10.417194989347824,0,0,-6.908546447753906,-1.9881328344345093,-0.4086795449256897,-0.004050017800182104,-0.006445747800171375,-0.004916394129395485,nan,nan,nan,-0.030787207186222076,-0.007926903665065765,-3.137254238128662,-0.00011864068073919043,3135,,nan,24.487,1.0,93,4,23,0.7,895,0.010411745868623257,0.0005690334946848452,0.015253027901053429,1500,1500,1418,1498,1897,1500,1897,1115
1783462092.1449,15.8203,0.01965,50.90,792,3256441,0.841,AUTOTUNE,AUTOTUNE,128,7.910174489021301,0.0,10.0,0.5,0.0,0.0,nan,nan,nan,nan,nan,nan,nan,nan,nan,nan,15.692025486926019,1.9994835569318457,10.415313083076626,0,0,-6.909148693084717,-1.9881374835968018,-0.40732353925704956,-0.003854910610243678,-0.006550658494234085,-0.004612765274941921,nan,nan,nan,-0.030794279649853706,-0.00794266164302826,-3.1372604370117188,-0.00036641815677285194,3135,,nan,24.487,1.0,93,4,23,0.7,895,0.010411745868623257,0.0005690334946848452,0.015253027901053429,1500,1500,1418,1498,1897,1500,1897,1115
1783462092.1651,15.8404,0.02013,49.67,793,3256461,0.861,AUTOTUNE,AUTOTUNE,128,7.920216202735901,0.0,10.0,0.5,0.0,0.0,nan,nan,nan,nan,nan,nan,nan,nan,nan,nan,15.70249234942577,1.9997951865467456,10.414607475937656,0,0,-6.909472465515137,-1.9882131814956665,-0.4067237973213196,-0.003913440275937319,-0.006686873733997345,-0.004551643971353769,nan,nan,nan,-0.030787909403443336,-0.007968254387378693,-3.1372478008270264,0.0003423459129408002,3135,,nan,24.487,1.0,93,4,23,0.7,895,0.010411745868623257,0.0005690334946848452,0.015253027901053429,1500,1500,1418,1498,1897,1500,1897,1115
1783462092.1846,15.8603,0.01955,51.14,794,3256481,0.880,AUTOTUNE,AUTOTUNE,128,7.930152535438538,0.0,10.0,0.5,0.0,0.0,nan,nan,nan,nan,nan,nan,nan,nan,nan,nan,15.713092156765901,2.0002203429493832,10.412770726981991,0,0,-6.910001277923584,-1.988247275352478,-0.40551847219467163,-0.003991187550127506,-0.006912653800100088,-0.004187091253697872,nan,nan,nan,-0.030795292928814888,-0.007971569895744324,-3.137232542037964,0.0007416254957206547,3135,,nan,24.487,1.0,93,4,23,0.7,895,0.010411745868623257,0.0005690334946848452,0.015253027901053429,1500,1500,1418,1498,1897,1500,1897,1115
1783462092.2053,15.8804,0.02067,48.39,795,3256501,0.901,AUTOTUNE,AUTOTUNE,128,7.940197706222534,0.0,10.0,0.5,0.0,0.0,nan,nan,nan,nan,nan,nan,nan,nan,nan,nan,15.723568744954681,2.000716754238958,10.410599707866997,0,0,-6.910485744476318,-1.9882949590682983,-0.40441709756851196,-0.003960559610277414,-0.007171726785600185,-0.0035695317201316357,nan,nan,nan,-0.030796732753515244,-0.00798908993601799,-3.137227773666382,4.036490281578153e-06,3135,,nan,24.487,1.0,93,4,23,0.7,895,0.010411745868623257,0.0005690334946848452,0.015253027901053429,1500,1500,1418,1498,1897,1500,1897,1115
1783462092.2249,15.9003,0.01963,50.95,796,3256523,0.921,AUTOTUNE,AUTOTUNE,128,7.950152516365051,0.0,10.0,0.5,0.0,0.0,nan,nan,nan,nan,nan,nan,nan,nan,nan,nan,15.733999618320235,2.001075193263823,10.409672792519027,0,0,-6.910765171051025,-1.9884177446365356,-0.4039430022239685,-0.004074087832123041,-0.007307781372219324,-0.003308095969259739,nan,nan,nan,-0.03080078214406967,-0.007999781519174576,-3.1372199058532715,0.00018585723591968417,3135,,nan,24.487,1.0,93,4,23,0.7,895,0.010411745868623257,0.0005690334946848452,0.015253027901053429,1500,1500,1418,1498,1897,1500,1897,1115
1783462092.2452,15.9204,0.02032,49.21,797,3256541,0.941,AUTOTUNE,AUTOTUNE,128,7.960182547569275,0.0,10.0,0.5,0.0,0.0,nan,nan,nan,nan,nan,nan,nan,nan,nan,nan,15.744583340811884,2.001682622772896,10.407884736436714,0,0,-6.9111857414245605,-1.9884774684906006,-0.4029213786125183,-0.0041509452275931835,-0.0076239993795752525,-0.0028655959758907557,nan,nan,nan,-0.030804475769400597,-0.008016441017389297,-3.1372170448303223,1.2390133633743972e-05,3135,,nan,24.487,1.0,93,4,23,0.7,895,0.010411745868623257,0.0005690334946848452,0.015253027901053429,1500,1500,1418,1498,1897,1500,1897,1115
1783462092.2650,15.9404,0.01973,50.67,798,3256563,0.961,AUTOTUNE,AUTOTUNE,128,7.970197677612305,0.0,10.0,0.5,0.0,0.0,nan,nan,nan,nan,nan,nan,nan,nan,nan,nan,15.754963311143682,2.0020332855305463,10.406387407813249,0,0,-6.911594867706299,-1.9885854721069336,-0.40195804834365845,-0.00412537669762969,-0.007764098700135946,-0.0025572918821126223,nan,nan,nan,-0.03080495446920395,-0.008028309792280197,-3.137216567993164,-0.00014514834037981927,3135,,nan,24.487,1.0,93,4,23,0.7,895,0.010411745868623257,0.0005690334946848452,0.015253027901053429,1500,1500,1418,1498,1897,1500,1897,1115
1783462092.2852,15.9603,0.02021,49.49,799,3256581,0.981,AUTOTUNE,AUTOTUNE,128,7.980169177055359,0.0,10.0,0.5,0.0,0.0,nan,nan,nan,nan,nan,nan,nan,nan,nan,nan,15.765348031177194,2.002635253801581,10.405659719706604,0,0,-6.911813259124756,-1.9886939525604248,-0.40152305364608765,-0.00423786137253046,-0.008049014024436474,-0.002388305263593793,nan,nan,nan,-0.030812572687864304,-0.008034894242882729,-3.137213706970215,-4.4384622015058994e-05,3135,,nan,24.487,1.0,93,4,23,0.7,895,0.010411745868623257,0.0005690334946848452,0.015253027901053429,1500,1500,1418,1498,1897,1500,1897,1115
1783462092.3067,15.9804,0.02149,46.53,800,3256606,0.002,AUTOTUNE,AUTOTUNE,128,7.990209341049194,0.0,10.0,0.5,0.0,0.0,nan,nan,nan,nan,nan,nan,nan,nan,nan,nan,15.775690145897268,2.0030081215585596,10.40460692613914,0,0,-6.912190914154053,-1.9888501167297363,-0.40068870782852173,-0.004194153472781181,-0.008174127899110317,-0.0022621843963861465,nan,nan,nan,-0.030795559287071228,-0.008043462410569191,-3.1372222900390625,-0.0006546197691932321,3135,,nan,24.492,1.0,93,4,23,0.7,895,0.010411745868623257,0.0005690334946848452,0.015253027901053429,1500,1500,1418,1498,1897,1500,1897,1115
1783462092.3250,16.0003,0.01836,54.45,801,3256621,0.021,AUTOTUNE,AUTOTUNE,128,8.00016987323761,0.0,10.0,0.5,0.0,0.0,nan,nan,nan,nan,nan,nan,nan,nan,nan,nan,15.78585013736267,2.003707277311476,10.403766774474112,0,0,-6.912379264831543,-1.9889532327651978,-0.40030568838119507,-0.004200567025691271,-0.008518251590430737,-0.001998258987441659,nan,nan,nan,-0.03078543394804001,-0.008056359365582466,-3.1372199058532715,-0.00027632457204163074,3135,,nan,24.492,1.0,93,4,23,0.7,895,0.010994227603077888,0.0028729578480124474,0.018062645569443703,1500,1500,1418,1498,1897,1500,1897,1115
1783462092.3449,16.0203,0.01988,50.30,802,3256641,0.041,AUTOTUNE,AUTOTUNE,128,8.010162353515625,0.0,10.0,0.5,0.0,0.0,nan,nan,nan,nan,nan,nan,nan,nan,nan,nan,15.796167556185699,2.003026383693572,10.403154441654566,0,0,-6.912746429443359,-1.9884724617004395,-0.3997623324394226,-0.0041761877946555614,-0.008402710780501366,-0.001958435168489814,nan,nan,nan,-0.03077230043709278,-0.008069895207881927,-3.1372172832489014,-0.00010287933400832117,3135,,nan,24.492,1.0,93,4,23,0.7,895,0.010994227603077888,0.0028729578480124474,0.018062645569443703,1500,1500,1418,1498,1897,1500,1897,1115
1783462092.3653,16.0404,0.02035,49.14,803,3256663,0.061,AUTOTUNE,AUTOTUNE,128,8.020192980766296,0.0,10.0,0.5,0.0,0.0,nan,nan,nan,nan,nan,nan,nan,nan,nan,nan,15.8059033371919,2.0027564356822056,10.402259858178853,0,0,-6.913089752197266,-1.9880644083023071,-0.3992154002189636,-0.0038077407516539097,-0.00848244596272707,-0.0017577186226844788,nan,nan,nan,-0.03077523037791252,-0.008071312680840492,-3.137218713760376,-0.0003096500295214355,3135,,nan,24.492,1.0,93,4,23,0.7,895,0.010994227603077888,0.0028729578480124474,0.018062645569443703,1500,1500,1418,1498,1897,1500,1897,1115
1783462092.3850,16.0603,0.01972,50.71,804,3256681,0.081,AUTOTUNE,AUTOTUNE,128,8.030157923698425,0.0,10.0,0.5,0.0,0.0,nan,nan,nan,nan,nan,nan,nan,nan,nan,nan,15.81597372652139,2.002533781468003,10.401949545810563,0,0,-6.913271427154541,-1.9879297018051147,-0.39897459745407104,-0.0037637301720678806,-0.00843166932463646,-0.0017175872344523668,nan,nan,nan,-0.03078143671154976,-0.008062189444899559,-3.137218475341797,-7.520750659750775e-05,3135,,nan,24.492,1.0,93,4,23,0.7,895,0.010994227603077888,0.0028729578480124474,0.018062645569443703,1500,1500,1418,1498,1897,1500,1897,1115
1783462092.4050,16.0803,0.01996,50.10,805,3256701,0.101,AUTOTUNE,AUTOTUNE,128,8.040154933929443,0.0,10.0,0.5,0.0,0.0,nan,nan,nan,nan,nan,nan,nan,nan,nan,nan,15.825936464849356,2.0020041413452274,10.401554932698478,0,0,-6.913555145263672,-1.9875693321228027,-0.3985052704811096,-0.0035801385529339314,-0.008333940990269184,-0.001760723302140832,nan,nan,nan,-0.03078027069568634,-0.008063262328505516,-3.137202739715576,0.0003663637035060674,3135,,nan,24.492,1.0,93,4,23,0.7,895,0.010994227603077888,0.0028729578480124474,0.018062645569443703,1500,1500,1418,1498,1897,1500,1897,1115
1783462092.4254,16.1004,0.02043,48.94,806,3256723,0.121,AUTOTUNE,AUTOTUNE,128,8.050223708152771,0.0,10.0,0.5,0.0,0.0,nan,nan,nan,nan,nan,nan,nan,nan,nan,nan,15.836114467894474,2.001986143790587,10.401218362838893,0,0,-6.913732528686523,-1.9875069856643677,-0.3983103632926941,-0.0035407894756644964,-0.008359545841813087,-0.001678934320807457,nan,nan,nan,-0.030789969488978386,-0.008068056777119637,-3.137202501296997,-9.227873670170084e-05,3135,,nan,24.492,1.0,93,4,23,0.7,895,0.010994227603077888,0.0028729578480124474,0.018062645569443703,1500,1500,1418,1498,1897,1500,1897,1115
1783462092.4454,16.1204,0.01997,50.08,807,3256741,0.141,AUTOTUNE,AUTOTUNE,128,8.060191869735718,0.0,10.0,0.5,0.0,0.0,nan,nan,nan,nan,nan,nan,nan,nan,nan,nan,15.846420708687896,2.001298319000706,10.400525272703605,0,0,-6.913968086242676,-1.9871822595596313,-0.39781492948532104,-0.003599980380386114,-0.008149910718202591,-0.0015648173866793513,nan,nan,nan,-0.03079337626695633,-0.008065177127718925,-3.1372077465057373,-0.0003121591580566019,3135,,nan,24.492,1.0,93,4,23,0.7,895,0.010994227603077888,0.0028729578480124474,0.018062645569443703,1500,1500,1418,1498,1897,1500,1897,1115
1783462092.4650,16.1403,0.01961,51.01,808,3256763,0.161,AUTOTUNE,AUTOTUNE,128,8.070155143737793,0.0,10.0,0.5,0.0,0.0,nan,nan,nan,nan,nan,nan,nan,nan,nan,nan,15.85597035297086,2.0010900428368985,10.399891508299012,0,0,-6.914195537567139,-1.9869353771209717,-0.397288978099823,-0.0032298520673066378,-0.008172200061380863,-0.0015025715110823512,nan,nan,nan,-0.030791321769356728,-0.008068148046731949,-3.1372087001800537,-0.00013193651102483273,3135,,nan,24.492,1.0,93,4,23,0.7,895,0.010994227603077888,0.0028729578480124474,0.018062645569443703,1500,1500,1418,1498,1897,1500,1897,1115
1783462092.4852,16.1603,0.02023,49.43,809,3256781,0.181,AUTOTUNE,AUTOTUNE,128,8.080153346061707,0.0,10.0,0.5,0.0,0.0,nan,nan,nan,nan,nan,nan,nan,nan,nan,nan,15.866534983185648,2.0012092636519987,10.39955805932514,0,0,-6.9143218994140625,-1.986875295639038,-0.3970569968223572,-0.0034839243162423372,-0.008275720290839672,-0.001443989109247923,nan,nan,nan,-0.03079652599990368,-0.00806894525885582,-3.1372082233428955,-5.334668094292283e-05,3135,,nan,24.492,1.0,93,4,23,0.7,895,0.010994227603077888,0.0028729578480124474,0.018062645569443703,1500,1500,1418,1498,1897,1500,1897,1115
1783462092.5055,16.1805,0.02031,49.24,810,3256801,0.201,AUTOTUNE,AUTOTUNE,128,8.09022569656372,0.0,10.0,0.5,0.0,0.0,nan,nan,nan,nan,nan,nan,nan,nan,nan,nan,15.876402827744327,2.001239514422232,10.399162228995788,0,0,-6.914632797241211,-1.9867199659347534,-0.3966507315635681,-0.00318635581061244,-0.008382865227758884,-0.0014500137185677886,nan,nan,nan,-0.030792802572250366,-0.008073767647147179,-3.137200355529785,0.0002136083203367889,3135,,nan,24.492,1.0,93,4,23,0.7,895,0.010873137041926384,0.00570665393024683,0.009703835472464561,1500,1500,1418,1498,1897,1500,1897,1115
1783462092.5251,16.2004,0.01955,51.14,811,3256823,0.221,AUTOTUNE,AUTOTUNE,128,8.100195050239563,0.0,10.0,0.5,0.0,0.0,nan,nan,nan,nan,nan,nan,nan,nan,nan,nan,15.886099429288409,2.0021030251694376,10.398948459904057,0,0,-6.914875507354736,-1.9867932796478271,-0.3965032696723938,-0.002888753544539213,-0.008839085698127747,-0.001411731238476932,nan,nan,nan,-0.030783668160438538,-0.008080068975687027,-3.137200117111206,-0.0001030035491567105,3135,,nan,24.492,1.0,93,4,23,0.7,895,0.010873137041926384,0.00570665393024683,0.009703835472464561,1500,1500,1418,1498,1897,1500,1897,1115
1783462092.5453,16.2204,0.02020,49.50,812,3256841,0.241,AUTOTUNE,AUTOTUNE,128,8.110177040100098,0.0,10.0,0.5,0.0,0.0,nan,nan,nan,nan,nan,nan,nan,nan,nan,nan,15.896538591473824,2.0024242071748533,10.39845057629503,0,0,-6.915241718292236,-1.986721396446228,-0.3961551785469055,-0.002941270126029849,-0.009066022001206875,-0.0013252485077828169,nan,nan,nan,-0.03079194389283657,-0.00807962752878666,-3.137197256088257,2.2146970877656713e-05,3135,,nan,24.492,1.0,93,4,23,0.7,895,0.010873137041926384,0.00570665393024683,0.009703835472464561,1500,1500,1418,1498,1897,1500,1897,1115
1783462092.5654,16.2403,0.02019,49.52,813,3256863,0.261,AUTOTUNE,AUTOTUNE,128,8.120129704475403,0.0,10.0,0.5,0.0,0.0,nan,nan,nan,nan,nan,nan,nan,nan,nan,nan,15.90654554830298,2.002471085389418,10.398018686991364,0,0,-6.915585517883301,-1.986719012260437,-0.3958147168159485,-0.002774123102426529,-0.009094463661313057,-0.0012724627740681171,nan,nan,nan,-0.030794374644756317,-0.008079977706074715,-3.137197494506836,4.177118535153568e-05,3135,,nan,24.492,1.0,93,4,23,0.7,895,0.010873137041926384,0.00570665393024683,0.009703835472464561,1500,1500,1418,1498,1897,1500,1897,1115
1783462092.5852,16.2603,0.01978,50.55,814,3256881,0.281,AUTOTUNE,AUTOTUNE,128,8.130159258842468,0.0,10.0,0.5,0.0,0.0,nan,nan,nan,nan,nan,nan,nan,nan,nan,nan,15.91635065407451,2.003278322144817,10.397720271019383,0,0,-6.915760517120361,-1.986783504486084,-0.39566677808761597,-0.002543501788750291,-0.009523287415504456,-0.0011855846969410777,nan,nan,nan,-0.03079603984951973,-0.008075403049588203,-3.1372008323669434,-0.00043345062294974923,3135,,nan,24.492,1.0,93,4,23,0.7,895,0.010873137041926384,0.00570665393024683,0.009703835472464561,1500,1500,1418,1498,1897,1500,1897,1115
1783462092.6051,16.2803,0.01989,50.26,815,3256901,0.301,AUTOTUNE,AUTOTUNE,128,8.14017140865326,0.0,10.0,0.5,0.0,0.0,nan,nan,nan,nan,nan,nan,nan,nan,nan,nan,15.926391942725541,2.0037895191870843,10.397280949026007,0,0,-6.916046142578125,-1.9867968559265137,-0.3953818678855896,-0.0023954191710799932,-0.009810718707740307,-0.0010964350076392293,nan,nan,nan,-0.030810505151748657,-0.008069859817624092,-3.137197732925415,-1.030663406709209e-05,3135,,nan,24.492,1.0,93,4,23,0.7,895,0.010873137041926384,0.00570665393024683,0.009703835472464561,1500,1500,1418,1498,1897,1500,1897,1115
1783462092.6252,16.3004,0.02005,49.87,816,3256923,0.321,AUTOTUNE,AUTOTUNE,128,8.150175094604492,0.0,10.0,0.5,0.0,0.0,nan,nan,nan,nan,nan,nan,nan,nan,nan,nan,15.936158969310767,2.0041940777853866,10.39700413015042,0,0,-6.916204929351807,-1.9869314432144165,-0.39526718854904175,-0.0021671082358807325,-0.009966586716473103,-0.0010028237011283636,nan,nan,nan,-0.030821973457932472,-0.00806950032711029,-3.137197256088257,-8.164111932273954e-05,3135,,nan,24.492,1.0,93,4,23,0.7,895,0.010873137041926384,0.00570665393024683,0.009703835472464561,1500,1500,1418,1498,1897,1500,1897,1115
1783462092.6453,16.3204,0.02009,49.77,817,3256941,0.341,AUTOTUNE,AUTOTUNE,128,8.160181164741516,0.0,10.0,0.5,0.0,0.0,nan,nan,nan,nan,nan,nan,nan,nan,nan,nan,15.946057974081677,2.0045602290141984,10.396829533791795,0,0,-6.916439056396484,-1.9869526624679565,-0.39503568410873413,-0.001970120705664158,-0.01016573328524828,-0.0010356795974075794,nan,nan,nan,-0.03082086145877838,-0.008075419813394547,-3.1371920108795166,0.00024401277187280357,3135,,nan,24.492,1.0,93,4,23,0.7,895,0.010873137041926384,0.00570665393024683,0.009703835472464561,1500,1500,1418,1498,1897,1500,1897,1115
1783462092.6653,16.3404,0.02006,49.85,818,3256963,0.361,AUTOTUNE,AUTOTUNE,128,8.170211791992188,0.0,10.0,0.5,0.0,0.0,nan,nan,nan,nan,nan,nan,nan,nan,nan,nan,15.955978855790145,2.0054191534322974,10.396583091312975,0,0,-6.916654109954834,-1.987043023109436,-0.3948412537574768,-0.0017825978575274348,-0.010609463788568974,-0.0010056503815576434,nan,nan,nan,-0.03083510883152485,-0.008078580722212791,-3.137197494506836,-0.0003441534354351461,3135,,nan,24.492,1.0,93,4,23,0.7,895,0.010873137041926384,0.00570665393024683,0.009703835472464561,1500,1500,1418,1498,1897,1500,1897,1115
1783462092.6854,16.3604,0.02002,49.94,819,3256981,0.381,AUTOTUNE,AUTOTUNE,128,8.180182456970215,0.0,10.0,0.5,0.0,0.0,nan,nan,nan,nan,nan,nan,nan,nan,nan,nan,15.966083265366613,2.0057460152703817,10.396555885923055,0,0,-6.91676664352417,-1.9871670007705688,-0.39476197957992554,-0.0017948440508916974,-0.010726599022746086,-0.0010357123101130128,nan,nan,nan,-0.0308371614664793,-0.008085431531071663,-3.137197971343994,-0.00023397651966661215,3135,,nan,24.492,1.0,93,4,23,0.7,895,0.010873137041926384,0.00570665393024683,0.009703835472464561,1500,1500,1418,1498,1897,1500,1897,1115
1783462092.7056,16.3804,0.02029,49.28,820,3257001,0.401,AUTOTUNE,AUTOTUNE,128,8.190190553665161,0.0,10.0,0.5,0.0,0.0,nan,nan,nan,nan,nan,nan,nan,nan,nan,nan,15.975884901864529,2.005918804850864,10.395776352928388,0,0,-6.916796684265137,-1.987167477607727,-0.39425569772720337,-0.00165830017067492,-0.010826083831489086,-0.0008779506897553802,nan,nan,nan,-0.03084414452314377,-0.00809480994939804,-3.1371963024139404,-0.0002455070789437741,3135,,nan,24.492,1.0,93,4,23,0.7,895,0.01081171166151762,6.703710823785514e-05,0.020327145233750343,1500,1500,1418,1498,1897,1500,1897,1115
1783462092.7250,16.4003,0.01931,51.79,821,3257023,0.421,AUTOTUNE,AUTOTUNE,128,8.200154542922974,0.0,10.0,0.5,0.0,0.0,nan,nan,nan,nan,nan,nan,nan,nan,nan,nan,15.985077731297645,2.006489484918827,10.395153652228682,0,0,-6.916749477386475,-1.9872697591781616,-0.3938574194908142,-0.0012403257424011827,-0.011096513830125332,-0.0007483803201466799,nan,nan,nan,-0.030865328386425972,-0.00810721144080162,-3.1372053623199463,-0.0005595003603957593,3135,,nan,24.492,1.0,93,4,23,0.7,895,0.01081171166151762,6.703710823785514e-05,0.020327145233750343,1500,1500,1418,1498,1897,1500,1897,1115
1783462092.7453,16.4204,0.02036,49.12,822,3257041,0.441,AUTOTUNE,AUTOTUNE,128,8.210179448127747,0.0,10.0,0.5,0.0,0.0,nan,nan,nan,nan,nan,nan,nan,nan,nan,nan,15.994383869222107,2.0065024267560223,10.394173562140903,0,0,-6.9166083335876465,-1.9871940612792969,-0.3931125998497009,-0.0009068346698768437,-0.011147690005600452,-0.0006125468644313514,nan,nan,nan,-0.030872588977217674,-0.008114775642752647,-3.137200355529785,-0.0002400553785264492,3135,,nan,24.492,1.0,93,4,23,0.7,895,0.01081171166151762,6.703710823785514e-05,0.020327145233750343,1500,1500,1418,1498,1897,1500,1897,1115
1783462092.7651,16.4404,0.01982,50.46,823,3257061,0.461,AUTOTUNE,AUTOTUNE,128,8.220177054405212,0.0,10.0,0.5,0.0,0.0,nan,nan,nan,nan,nan,nan,nan,nan,nan,nan,16.00372333176685,2.007105510603918,10.393538683589941,0,0,-6.916540145874023,-1.987298846244812,-0.3927813172340393,-0.0005662234034389257,-0.01143538299947977,-0.0004372656694613397,nan,nan,nan,-0.03087911196053028,-0.008127080276608467,-3.13720440864563,-0.00037181496736593544,3135,,nan,24.492,1.0,93,4,23,0.7,895,0.01081171166151762,6.703710823785514e-05,0.020327145233750343,1500,1500,1418,1498,1897,1500,1897,1115
1783462092.7854,16.4604,0.02024,49.41,824,3257081,0.481,AUTOTUNE,AUTOTUNE,128,8.23021674156189,0.0,10.0,0.5,0.0,0.0,nan,nan,nan,nan,nan,nan,nan,nan,nan,nan,16.012712721559527,2.0075014632698447,10.392753478801685,0,0,-6.916384696960449,-1.9873000383377075,-0.3921545147895813,-4.958240970154293e-05,-0.01166329812258482,-0.0003458120336290449,nan,nan,nan,-0.030882705003023148,-0.008141042664647102,-3.137213945388794,-0.0007435275474563241,3135,,nan,24.492,1.0,93,4,23,0.7,895,0.01081171166151762,6.703710823785514e-05,0.020327145233750343,1500,1500,1418,1498,1897,1500,1897,1115
1783462092.8067,16.4804,0.02128,46.99,825,3257106,0.502,AUTOTUNE,AUTOTUNE,128,8.240196108818054,0.0,10.0,0.5,0.0,0.0,nan,nan,nan,nan,nan,nan,nan,nan,nan,nan,16.02169006384809,2.0076092517415414,10.391884620244285,0,0,-6.916218280792236,-1.987383246421814,-0.39158815145492554,0.0004328565555624664,-0.01167748961597681,-0.0001711663353489712,nan,nan,nan,-0.030895011499524117,-0.008142724633216858,-3.137208938598633,1.2384072761051357e-05,3135,,nan,24.507,0.98,93,4,23,0.7,895,0.01081171166151762,6.703710823785514e-05,0.020327145233750343,1500,1500,1418,1498,1897,1500,1897,1115
1783462092.8248,16.5003,0.01819,54.98,826,3257123,0.521,AUTOTUNE,AUTOTUNE,128,8.250168085098267,0.0,10.0,0.5,0.0,0.0,nan,nan,nan,nan,nan,nan,nan,nan,nan,nan,16.031100054074066,2.007956138363045,10.391375364965095,0,0,-6.916126728057861,-1.9874881505966187,-0.39132553339004517,0.0007044613594189286,-0.011817198246717453,-2.8770273274858482e-05,nan,nan,nan,-0.030909765511751175,-0.008143099024891853,-3.1372058391571045,-4.7608657041564584e-05,3135,,nan,24.507,0.98,93,4,23,0.7,895,0.01081171166151762,6.703710823785514e-05,0.020327145233750343,1500,1500,1418,1498,1897,1500,1897,1115
1783462092.8455,16.5204,0.02066,48.40,827,3257141,0.541,AUTOTUNE,AUTOTUNE,128,8.260224223136902,0.0,10.0,0.5,0.0,0.0,nan,nan,nan,nan,nan,nan,nan,nan,nan,nan,16.040311678296362,2.0084162955728506,10.390707070920774,0,0,-6.915949821472168,-1.987519383430481,-0.39075225591659546,0.0010899045737460256,-0.012064837850630283,2.608756949484814e-05,nan,nan,nan,-0.030911240726709366,-0.008153138682246208,-3.1372034549713135,0.00016124325338751078,3135,,nan,24.507,0.98,93,4,23,0.7,895,0.01081171166151762,6.703710823785514e-05,0.020327145233750343,1500,1500,1418,1498,1897,1500,1897,1115
1783462092.8649,16.5403,0.01944,51.44,828,3257161,0.561,AUTOTUNE,AUTOTUNE,128,8.270152926445007,0.0,10.0,0.5,0.0,0.0,nan,nan,nan,nan,nan,nan,nan,nan,nan,nan,16.04966553889669,2.0088697602130163,10.390431832227083,0,0,-6.915843963623047,-1.9876803159713745,-0.3904457688331604,0.001360673108138144,-0.012233731336891651,8.046303264563903e-06,nan,nan,nan,-0.030932119116187096,-0.008156141266226768,-3.1372101306915283,-0.0005760618951171637,3135,,nan,24.507,0.98,93,4,23,0.7,895,0.01081171166151762,6.703710823785514e-05,0.020327145233750343,1500,1500,1418,1498,1897,1500,1897,1115
1783462092.8852,16.5603,0.02027,49.34,829,3257181,0.581,AUTOTUNE,AUTOTUNE,128,8.280169606208801,0.0,10.0,0.5,0.0,0.0,nan,nan,nan,nan,nan,nan,nan,nan,nan,nan,16.05880958872558,2.009281416264481,10.38977722964189,0,0,-6.915650844573975,-1.9877705574035645,-0.3898792862892151,0.001752988900989294,-0.012419300153851509,5.892243279959075e-05,nan,nan,nan,-0.03093593567609787,-0.008154226467013359,-3.1372194290161133,-0.0005846054409630597,3135,,nan,24.507,0.98,93,4,23,0.7,895,0.01081171166151762,6.703710823785514e-05,0.020327145233750343,1500,1500,1418,1498,1897,1500,1897,1115
1783462092.9051,16.5803,0.01992,50.21,830,3257201,0.601,AUTOTUNE,AUTOTUNE,128,8.290148735046387,0.0,10.0,0.5,0.0,0.0,nan,nan,nan,nan,nan,nan,nan,nan,nan,nan,16.06806376646936,2.0099105454606154,10.38901527464621,0,0,-6.915450572967529,-1.987884759902954,-0.3893668055534363,0.002055912744253874,-0.012716593220829964,0.00020295646390877664,nan,nan,nan,-0.030941709876060486,-0.008158465847373009,-3.137209892272949,0.0001793359697330743,3135,,nan,24.507,0.98,93,4,23,0.7,895,0.01081171166151762,0.004929287359118462,0.020327145233750343,1500,1500,1418,1498,1897,1500,1897,1115
1783462092.9253,16.6003,0.02016,49.60,831,3257223,0.621,AUTOTUNE,AUTOTUNE,128,8.300172448158264,0.0,10.0,0.5,0.0,0.0,nan,nan,nan,nan,nan,nan,nan,nan,nan,nan,16.077535708815077,2.010538144238366,10.388661717949725,0,0,-6.915319919586182,-1.9881068468093872,-0.38912659883499146,0.002299044979736209,-0.012950715608894825,0.0002683991042431444,nan,nan,nan,-0.030950548127293587,-0.008154209703207016,-3.137219190597534,-0.0006802257266826928,3135,,nan,24.507,0.98,93,4,23,0.7,895,0.01081171166151762,0.004929287359118462,0.020327145233750343,1500,1500,1418,1498,1897,1500,1897,1115
1783462092.9448,16.6202,0.01949,51.30,832,3257241,0.640,AUTOTUNE,AUTOTUNE,128,8.310120105743408,0.0,10.0,0.5,0.0,0.0,nan,nan,nan,nan,nan,nan,nan,nan,nan,nan,16.087100871822066,2.0092938474373914,10.389506861938578,0,0,-6.915512561798096,-1.987398624420166,-0.3896999955177307,0.002631100360304117,-0.012641212902963161,0.00011150572390761226,nan,nan,nan,-0.03095657378435135,-0.008163820952177048,-3.137228012084961,-0.00043054265552200377,3135,,nan,24.507,0.98,93,4,23,0.7,895,0.01081171166151762,0.004929287359118462,0.020327145233750343,1500,1500,1418,1498,1897,1500,1897,1115
1783462092.9651,16.6403,0.02035,49.15,833,3257263,0.661,AUTOTUNE,AUTOTUNE,128,8.320172905921936,0.0,10.0,0.5,0.0,0.0,nan,nan,nan,nan,nan,nan,nan,nan,nan,nan,16.09674440958175,2.008091356151678,10.390506868526343,0,0,-6.915654182434082,-1.986817479133606,-0.39016956090927124,0.0029491528403013945,-0.012282478623092175,-0.00019474464352242649,nan,nan,nan,-0.030955499038100243,-0.008143890649080276,-3.137227773666382,-0.0002058882382698357,3135,,nan,24.507,0.98,93,4,23,0.7,895,0.01081171166151762,0.004929287359118462,0.020327145233750343,1500,1500,1418,1498,1897,1500,1897,1115
1783462092.9855,16.6604,0.02034,49.17,834,3257281,0.681,AUTOTUNE,AUTOTUNE,128,8.330204486846924,0.0,10.0,0.5,0.0,0.0,nan,nan,nan,nan,nan,nan,nan,nan,nan,nan,16.106785091396638,2.007586433535125,10.390777070868452,0,0,-6.9156928062438965,-1.9866290092468262,-0.39039820432662964,0.002966197906062007,-0.012099774554371834,-0.00021873869991395622,nan,nan,nan,-0.030962875112891197,-0.008141662925481796,-3.137230634689331,-0.0004449911939445883,3135,,nan,24.507,0.98,93,4,23,0.7,895,0.01081171166151762,0.004929287359118462,0.020327145233750343,1500,1500,1418,1498,1897,1500,1897,1115
1783462093.0057,16.6804,0.02023,49.44,835,3257301,0.701,AUTOTUNE,AUTOTUNE,128,8.340224146842957,0.0,10.0,0.5,0.0,0.0,nan,nan,nan,nan,nan,nan,nan,nan,nan,nan,16.11662250288659,2.0067912169366493,10.391627473929864,0,0,-6.915795803070068,-1.9861069917678833,-0.3908385634422302,0.003130884375423193,-0.011942042969167233,-0.0004554776824079454,nan,nan,nan,-0.030972857028245926,-0.008131470531225204,-3.137237787246704,-0.000367553235264495,3135,,nan,24.507,0.98,93,4,23,0.7,895,0.01081171166151762,0.004929287359118462,0.020327145233750343,1500,1500,1418,1498,1897,1500,1897,1115
1783462093.0251,16.7003,0.01938,51.61,836,3257321,0.721,AUTOTUNE,AUTOTUNE,128,8.350155234336853,0.0,10.0,0.5,0.0,0.0,nan,nan,nan,nan,nan,nan,nan,nan,nan,nan,16.126643239717122,2.00639659175712,10.391992609177427,0,0,-6.915806770324707,-1.9859832525253296,-0.39105695486068726,0.0030854572542011738,-0.01178564690053463,-0.0005402002716436982,nan,nan,nan,-0.030986238270998,-0.008129537105560303,-3.137232780456543,-7.459807238774374e-05,3135,,nan,24.507,0.98,93,4,23,0.7,895,0.01081171166151762,0.004929287359118462,0.020327145233750343,1500,1500,1418,1498,1897,1500,1897,1115
1783462093.0452,16.7204,0.02015,49.64,837,3257341,0.741,AUTOTUNE,AUTOTUNE,128,8.360187292098999,0.0,10.0,0.5,0.0,0.0,nan,nan,nan,nan,nan,nan,nan,nan,nan,nan,16.13602732126535,2.00585723529575,10.392662094443363,0,0,-6.915872573852539,-1.985536813735962,-0.3914574980735779,0.003497558180242777,-0.011732000857591629,-0.0006954740383662283,nan,nan,nan,-0.03101440519094467,-0.00812063179910183,-3.13722825050354,0.00015467259800061584,3135,,nan,24.507,0.98,93,4,23,0.7,895,0.01081171166151762,0.004929287359118462,0.020327145233750343,1500,1500,1418,1498,1897,1500,1897,1115
1783462093.0653,16.7405,0.02010,49.76,838,3257361,0.761,AUTOTUNE,AUTOTUNE,128,8.370226502418518,0.0,10.0,0.5,0.0,0.0,nan,nan,nan,nan,nan,nan,nan,nan,nan,nan,16.145934594883705,2.005682501282921,10.393262425866217,0,0,-6.9158616065979,-1.985450267791748,-0.39165550470352173,0.003567399922758341,-0.0116810854524374,-0.0009277563658542931,nan,nan,nan,-0.031031131744384766,-0.008114948868751526,-3.137227773666382,6.931899406481534e-05,3135,,nan,24.507,0.98,93,4,23,0.7,895,0.01081171166151762,0.004929287359118462,0.020327145233750343,1500,1500,1418,1498,1897,1500,1897,1115
1783462093.0854,16.7605,0.02005,49.88,839,3257381,0.781,AUTOTUNE,AUTOTUNE,128,8.380244255065918,0.0,10.0,0.5,0.0,0.0,nan,nan,nan,nan,nan,nan,nan,nan,nan,nan,16.1555855435764,2.004809860994499,10.39383127034026,0,0,-6.915891647338867,-1.985072374343872,-0.3920266032218933,0.003796518314629793,-0.011395443230867386,-0.0010419250465929508,nan,nan,nan,-0.03104427270591259,-0.00809502974152565,-3.137223482131958,1.641672133700922e-05,3135,,nan,24.507,0.98,93,4,23,0.7,895,0.01081171166151762,0.004929287359118462,0.020327145233750343,1500,1500,1418,1498,1897,1500,1897,1115
1783462093.1055,16.7804,0.02013,49.69,840,3257401,0.801,AUTOTUNE,AUTOTUNE,128,8.39018428325653,0.0,10.0,0.5,0.0,0.0,nan,nan,nan,nan,nan,nan,nan,nan,nan,nan,16.165244728923515,2.004273349356842,10.394471082832888,0,0,-6.915900707244873,-1.9847370386123657,-0.39238637685775757,0.003963893745094538,-0.011279294267296791,-0.0012036055559292436,nan,nan,nan,-0.031055225059390068,-0.00808638334274292,-3.137220621109009,0.00021810662292409688,3135,,nan,24.507,0.98,93,4,23,0.7,895,0.01275362353771925,0.0007589969900436699,0.023909611627459526,1500,1500,1418,1498,1897,1500,1897,1115
1783462093.1250,16.8003,0.01948,51.34,841,3257423,0.821,AUTOTUNE,AUTOTUNE,128,8.400160908699036,0.0,10.0,0.5,0.0,0.0,nan,nan,nan,nan,nan,nan,nan,nan,nan,nan,16.17497456154193,2.004198384357925,10.394454388108741,0,0,-6.915847301483154,-1.9847246408462524,-0.39257508516311646,0.004075545817613602,-0.01124317105859518,-0.001085016061551869,nan,nan,nan,-0.031056856736540794,-0.008085563778877258,-3.1372218132019043,-6.762356497347355e-05,3135,,nan,24.507,0.98,93,4,23,0.7,895,0.01275362353771925,0.0007589969900436699,0.023909611627459526,1500,1500,1418,1498,1897,1500,1897,1115
1783462093.1450,16.8203,0.02006,49.85,842,3257441,0.841,AUTOTUNE,AUTOTUNE,128,8.410168409347534,0.0,10.0,0.5,0.0,0.0,nan,nan,nan,nan,nan,nan,nan,nan,nan,nan,16.186206120136724,2.0028147341701326,10.394891067488276,0,0,-6.916859149932861,-1.9839354753494263,-0.3928353190422058,0.003953026607632637,-0.01089994516223669,-0.0011868869187310338,nan,nan,nan,-0.03105749562382698,-0.00808083824813366,-3.1372156143188477,2.6379588234703988e-05,3135,,nan,24.507,0.98,93,4,23,0.7,895,0.01275362353771925,0.0007589969900436699,0.023909611627459526,1500,1500,1418,1498,1897,1500,1897,1115
1783462093.1653,16.8405,0.02031,49.24,843,3257463,0.861,AUTOTUNE,AUTOTUNE,128,8.420225501060486,0.0,10.0,0.5,0.0,0.0,nan,nan,nan,nan,nan,nan,nan,nan,nan,nan,16.19772148394822,2.001931738241061,10.39522783817496,0,0,-6.917769432067871,-1.9832687377929688,-0.3930584788322449,0.0036366444546729326,-0.010775088332593441,-0.0012524802004918456,nan,nan,nan,-0.031053705140948296,-0.008077351376414299,-3.137211561203003,0.00017476305947639048,3135,,nan,24.507,0.98,93,4,23,0.7,895,0.01275362353771925,0.0007589969900436699,0.023909611627459526,1500,1500,1418,1498,1897,1500,1897,1115
1783462093.1850,16.8603,0.01964,50.91,844,3257481,0.881,AUTOTUNE,AUTOTUNE,128,8.430168747901917,0.0,10.0,0.5,0.0,0.0,nan,nan,nan,nan,nan,nan,nan,nan,nan,nan,16.208491910629142,2.001367870337694,10.395762283277563,0,0,-6.918172359466553,-1.9830281734466553,-0.3931799530982971,0.0033917021937668324,-0.010588428936898708,-0.0014909090241417289,nan,nan,nan,-0.031049460172653198,-0.008082369342446327,-3.137202739715576,0.00020723199122585356,3135,,nan,24.507,0.98,93,4,23,0.7,895,0.01275362353771925,0.0007589969900436699,0.023909611627459526,1500,1500,1418,1498,1897,1500,1897,1115
1783462093.2053,16.8803,0.02032,49.22,845,3257501,0.901,AUTOTUNE,AUTOTUNE,128,8.440169095993042,0.0,10.0,0.5,0.0,0.0,nan,nan,nan,nan,nan,nan,nan,nan,nan,nan,16.219893811952005,2.0005083912521635,10.396337138143197,0,0,-6.91898250579834,-1.982430338859558,-0.39340537786483765,0.0030502532608807087,-0.010437368415296078,-0.0016926525859162211,nan,nan,nan,-0.03103986755013466,-0.008077798411250114,-3.1372008323669434,-7.84537842264399e-05,3135,,nan,24.507,0.98,93,4,23,0.7,895,0.01275362353771925,0.0007589969900436699,0.023909611627459526,1500,1500,1418,1498,1897,1500,1897,1115
1783462093.2251,16.9004,0.01978,50.57,846,3257523,0.921,AUTOTUNE,AUTOTUNE,128,8.450209736824036,0.0,10.0,0.5,0.0,0.0,nan,nan,nan,nan,nan,nan,nan,nan,nan,nan,16.230031581431057,2.000500533662662,10.396740052688152,0,0,-6.919323921203613,-1.9822850227355957,-0.3935413956642151,0.0031912922859191895,-0.010516730137169361,-0.0018467454938217998,nan,nan,nan,-0.03102714754641056,-0.008070845156908035,-3.137202024459839,-0.00014425961126107723,3135,,nan,24.507,0.98,93,4,23,0.7,895,0.01275362353771925,0.0007589969900436699,0.023909611627459526,1500,1500,1418,1498,1897,1500,1897,1115
1783462093.2447,16.9203,0.01964,50.91,847,3257541,0.940,AUTOTUNE,AUTOTUNE,128,8.4601571559906,0.0,10.0,0.5,0.0,0.0,nan,nan,nan,nan,nan,nan,nan,nan,nan,nan,16.241582621616097,1.9994174083818141,10.397094947342508,0,0,-6.920048236846924,-1.9817447662353516,-0.39373284578323364,0.002683625090867281,-0.010203304700553417,-0.0019411102402955294,nan,nan,nan,-0.03101903200149536,-0.008074501529335976,-3.1372101306915283,-0.0004715858958661556,3135,,nan,24.507,0.98,93,4,23,0.7,895,0.01275362353771925,0.0007589969900436699,0.023909611627459526,1500,1500,1418,1498,1897,1500,1897,1115
1783462093.2652,16.9404,0.02044,48.91,848,3257561,0.961,AUTOTUNE,AUTOTUNE,128,8.470222234725952,0.0,10.0,0.5,0.0,0.0,nan,nan,nan,nan,nan,nan,nan,nan,nan,nan,16.252224646031344,1.9994186457065835,10.39709812895944,0,0,-6.920359134674072,-1.9816088676452637,-0.3938348889350891,0.0025300222914665937,-0.010282480157911777,-0.0018840325064957142,nan,nan,nan,-0.03100709803402424,-0.008070332929491997,-3.137202024459839,0.00011976144014624879,3135,,nan,24.507,0.98,93,4,23,0.7,895,0.01275362353771925,0.0007589969900436699,0.023909611627459526,1500,1500,1418,1498,1897,1500,1897,1115
1783462093.2852,16.9603,0.02001,49.98,849,3257581,0.981,AUTOTUNE,AUTOTUNE,128,8.480151653289795,0.0,10.0,0.5,0.0,0.0,nan,nan,nan,nan,nan,nan,nan,nan,nan,nan,16.26274726018316,1.9987356737967292,10.397299126688008,0,0,-6.920995235443115,-1.981173038482666,-0.3940017819404602,0.0025547936093062162,-0.01013979222625494,-0.0019037228776142001,nan,nan,nan,-0.03099818155169487,-0.008084919303655624,-3.137202024459839,-1.744949258863926e-05,3135,,nan,24.507,0.98,93,4,23,0.7,895,0.01275362353771925,0.0007589969900436699,0.023909611627459526,1500,1500,1418,1498,1897,1500,1897,1115
1783462093.3069,16.9805,0.02173,46.01,850,3257606,0.002,AUTOTUNE,AUTOTUNE,128,8.49022912979126,0.0,10.0,0.5,0.0,0.0,nan,nan,nan,nan,nan,nan,nan,nan,nan,nan,16.273871472160987,1.9980885886146391,10.397759800291084,0,0,-6.9217848777771,-1.980763554573059,-0.39440447092056274,0.002406360814347863,-0.010002613067626953,-0.00193720031529665,nan,nan,nan,-0.03097546100616455,-0.008067511022090912,-3.137183904647827,0.0004846579395234585,3135,,nan,24.503,1.0,93,4,23,0.7,895,0.011509977281093597,0.0018721072701737285,0.009540582075715065,1500,1500,1418,1498,1897,1500,1897,1115
1783462093.3253,17.0003,0.01839,54.38,851,3257621,0.021,AUTOTUNE,AUTOTUNE,128,8.500144481658936,0.0,10.0,0.5,0.0,0.0,nan,nan,nan,nan,nan,nan,nan,nan,nan,nan,16.28453953234942,1.9979557265086214,10.39818781451345,0,0,-6.922256946563721,-1.9805694818496704,-0.394714891910553,0.002244333503767848,-0.010037953034043312,-0.0020050927996635437,nan,nan,nan,-0.030964795500040054,-0.008071307092905045,-3.137176752090454,0.00045241398038342595,3135,,nan,24.503,1.0,93,4,23,0.7,895,0.011509977281093597,0.0018721072701737285,0.009540582075715065,1500,1500,1418,1498,1897,1500,1897,1115
1783462093.3452,17.0204,0.01989,50.28,852,3257641,0.041,AUTOTUNE,AUTOTUNE,128,8.510178089141846,0.0,10.0,0.5,0.0,0.0,nan,nan,nan,nan,nan,nan,nan,nan,nan,nan,16.296139481319706,1.9978837342290234,10.398787419423275,0,0,-6.923171520233154,-1.9801232814788818,-0.3952295184135437,0.0018680351786315441,-0.010254002176225185,-0.0020541551057249308,nan,nan,nan,-0.030947864055633545,-0.008064329624176025,-3.1371753215789795,2.62618123088032e-05,3135,,nan,24.503,1.0,93,4,23,0.7,895,0.011509977281093597,0.0018721072701737285,0.009540582075715065,1500,1500,1418,1498,1897,1500,1897,1115
1783462093.3651,17.0404,0.01989,50.28,853,3257663,0.061,AUTOTUNE,AUTOTUNE,128,8.520199656486511,0.0,10.0,0.5,0.0,0.0,nan,nan,nan,nan,nan,nan,nan,nan,nan,nan,16.307401582898784,1.9970912105212706,10.399293631425074,0,0,-6.924014091491699,-1.9797570705413818,-0.3956640362739563,0.0016382711473852396,-0.010007870383560658,-0.0020955477375537157,nan,nan,nan,-0.03092808462679386,-0.008073130622506142,-3.137186050415039,-0.0007185142021626234,3135,,nan,24.503,1.0,93,4,23,0.7,895,0.011509977281093597,0.0018721072701737285,0.009540582075715065,1500,1500,1418,1498,1897,1500,1897,1115
1783462093.3848,17.0603,0.01979,50.54,854,3257681,0.080,AUTOTUNE,AUTOTUNE,128,8.530163168907166,0.0,10.0,0.5,0.0,0.0,nan,nan,nan,nan,nan,nan,nan,nan,nan,nan,16.317949076003277,1.9969639522867642,10.399946089433254,0,0,-6.924403667449951,-1.9796459674835205,-0.3958877921104431,0.0015260315267369151,-0.009998543187975883,-0.0023430590517818928,nan,nan,nan,-0.030914679169654846,-0.008069805800914764,-3.137188673019409,-0.00041855574818328023,3135,,nan,24.503,1.0,93,4,23,0.7,895,0.011509977281093597,0.0018721072701737285,0.009540582075715065,1500,1500,1418,1498,1897,1500,1897,1115
1783462093.4055,17.0805,0.02061,48.51,855,3257701,0.101,AUTOTUNE,AUTOTUNE,128,8.540236592292786,0.0,10.0,0.5,0.0,0.0,nan,nan,nan,nan,nan,nan,nan,nan,nan,nan,16.329092218688544,1.996405366936636,10.400504754073728,0,0,-6.92515754699707,-1.9793179035186768,-0.3962950110435486,0.0013436813605949283,-0.009865451604127884,-0.002430496271699667,nan,nan,nan,-0.030903486534953117,-0.008050564676523209,-3.137188673019409,-0.00011439020454417914,3135,,nan,24.503,1.0,93,4,23,0.7,895,0.011509977281093597,0.0018721072701737285,0.009540582075715065,1500,1500,1418,1498,1897,1500,1897,1115
1783462093.4252,17.1003,0.01978,50.56,856,3257723,0.121,AUTOTUNE,AUTOTUNE,128,8.550158500671387,0.0,10.0,0.5,0.0,0.0,nan,nan,nan,nan,nan,nan,nan,nan,nan,nan,16.339141882773788,1.996195232040933,10.400822844346123,0,0,-6.925496578216553,-1.979288935661316,-0.3965241312980652,0.0014656613348051906,-0.00976085476577282,-0.00248186313547194,nan,nan,nan,-0.030905401334166527,-0.008043492212891579,-3.137181043624878,0.0002985296305269003,3135,,nan,24.503,1.0,93,4,23,0.7,895,0.011509977281093597,0.0018721072701737285,0.009540582075715065,1500,1500,1418,1498,1897,1500,1897,1115
1783462093.4451,17.1203,0.01982,50.45,857,3257741,0.141,AUTOTUNE,AUTOTUNE,128,8.56016981601715,0.0,10.0,0.5,0.0,0.0,nan,nan,nan,nan,nan,nan,nan,nan,nan,nan,16.350458946820527,1.9954520647270866,10.401949239479347,0,0,-6.926169395446777,-1.9789897203445435,-0.39685994386672974,0.0011002381797879934,-0.009504538960754871,-0.0029383061919361353,nan,nan,nan,-0.0308982040733099,-0.008036673069000244,-3.137181520462036,-0.00017724416102282703,3135,,nan,24.503,1.0,93,4,23,0.7,895,0.011509977281093597,0.0018721072701737285,0.009540582075715065,1500,1500,1418,1498,1897,1500,1897,1115
1783462093.4653,17.1404,0.02025,49.39,858,3257763,0.161,AUTOTUNE,AUTOTUNE,128,8.570224285125732,0.0,10.0,0.5,0.0,0.0,nan,nan,nan,nan,nan,nan,nan,nan,nan,nan,16.3611636189922,1.9956916303169154,10.402461952428093,0,0,-6.926786422729492,-1.978779673576355,-0.39715880155563354,0.0010810841340571642,-0.009764122776687145,-0.0030617755837738514,nan,nan,nan,-0.030893923714756966,-0.008038301020860672,-3.137195348739624,-0.0006993284332565963,3135,,nan,24.503,1.0,93,4,23,0.7,895,0.011509977281093597,0.0018721072701737285,0.009540582075715065,1500,1500,1418,1498,1897,1500,1897,1115
1783462093.4851,17.1603,0.01978,50.56,859,3257781,0.181,AUTOTUNE,AUTOTUNE,128,8.580160140991211,0.0,10.0,0.5,0.0,0.0,nan,nan,nan,nan,nan,nan,nan,nan,nan,nan,16.37177644841456,1.9955622540267897,10.402586896909597,0,0,-6.927071571350098,-1.97874915599823,-0.3973265290260315,0.0008548639016225934,-0.009707046672701836,-0.003037074813619256,nan,nan,nan,-0.030882250517606735,-0.008040063083171844,-3.137197494506836,-0.0004566956195048988,3135,,nan,24.503,1.0,93,4,23,0.7,895,0.011509977281093597,0.0018721072701737285,0.009540582075715065,1500,1500,1418,1498,1897,1500,1897,1115
1783462093.5055,17.1804,0.02038,49.06,860,3257801,0.201,AUTOTUNE,AUTOTUNE,128,8.590187191963196,0.0,10.0,0.5,0.0,0.0,nan,nan,nan,nan,nan,nan,nan,nan,nan,nan,16.382737317899917,1.9953952434236637,10.40324737934742,0,0,-6.927621841430664,-1.9785677194595337,-0.3976139426231384,0.0006334221106953919,-0.009715375490486622,-0.003252466209232807,nan,nan,nan,-0.030870191752910614,-0.008027471601963043,-3.1371874809265137,0.0003025616751983762,3135,,nan,24.503,1.0,93,4,23,0.7,895,0.011509977281093597,0.0027316121850162745,0.009540582075715065,1500,1500,1418,1498,1897,1500,1897,1115
1783462093.5250,17.2005,0.01956,51.13,861,3257821,0.221,AUTOTUNE,AUTOTUNE,128,8.600227236747742,0.0,10.0,0.5,0.0,0.0,nan,nan,nan,nan,nan,nan,nan,nan,nan,nan,16.392998219758727,1.9955007092805859,10.40380307215644,0,0,-6.927875518798828,-1.978587031364441,-0.39779072999954224,0.0006523709162138402,-0.00976511649787426,-0.0034712273627519608,nan,nan,nan,-0.030861303210258484,-0.008026938885450363,-3.1371986865997314,-0.0004638717509806156,3135,,nan,24.503,1.0,93,4,23,0.7,895,0.011509977281093597,0.0027316121850162745,0.009540582075715065,1500,1500,1418,1498,1897,1500,1897,1115
1783462093.5450,17.2203,0.01997,50.08,862,3257841,0.241,AUTOTUNE,AUTOTUNE,128,8.610149264335632,0.0,10.0,0.5,0.0,0.0,nan,nan,nan,nan,nan,nan,nan,nan,nan,nan,16.404227502623012,1.9947856522232066,10.404337304583407,0,0,-6.92888069152832,-1.9781384468078613,-0.3981274962425232,0.0004779634764418006,-0.009611268527805805,-0.0035852345172315836,nan,nan,nan,-0.030848676338791847,-0.008029680699110031,-3.137185573577881,2.1915173419984058e-05,3135,,nan,24.503,1.0,93,4,23,0.7,895,0.011509977281093597,0.0027316121850162745,0.009540582075715065,1500,1500,1418,1498,1897,1500,1897,1115
1783462093.5656,17.2405,0.02062,48.50,863,3257863,0.261,AUTOTUNE,AUTOTUNE,128,8.620234966278076,0.0,10.0,0.5,0.0,0.0,nan,nan,nan,nan,nan,nan,nan,nan,nan,nan,16.415795013924217,1.9941619953614849,10.405019649811889,0,0,-6.929808616638184,-1.9777724742889404,-0.3985068202018738,0.000158178256242536,-0.009462494403123856,-0.0037601839285343885,nan,nan,nan,-0.03084331937134266,-0.008030150085687637,-3.1372013092041016,-0.0006352378404699266,3135,,nan,24.503,1.0,93,4,23,0.7,895,0.011509977281093597,0.0027316121850162745,0.009540582075715065,1500,1500,1418,1498,1897,1500,1897,1115
1783462093.5852,17.2604,0.01960,51.01,864,3257881,0.281,AUTOTUNE,AUTOTUNE,128,8.630189418792725,0.0,10.0,0.5,0.0,0.0,nan,nan,nan,nan,nan,nan,nan,nan,nan,nan,16.42633484907096,1.9944801498314195,10.40529491338953,0,0,-6.930246829986572,-1.9776655435562134,-0.3987153172492981,7.321003067772835e-05,-0.009707917459309101,-0.003798731602728367,nan,nan,nan,-0.030830586329102516,-0.008032100275158882,-3.1371984481811523,-0.0003485984052531421,3135,,nan,24.503,1.0,93,4,23,0.7,895,0.011509977281093597,0.0027316121850162745,0.009540582075715065,1500,1500,1418,1498,1897,1500,1897,1115
1783462093.6055,17.2804,0.02031,49.24,865,3257901,0.301,AUTOTUNE,AUTOTUNE,128,8.640191793441772,0.0,10.0,0.5,0.0,0.0,nan,nan,nan,nan,nan,nan,nan,nan,nan,nan,16.437619273703035,1.9941536597180707,10.405909795809754,0,0,-6.931074619293213,-1.977347493171692,-0.3990674614906311,-0.0001890574931167066,-0.009703044779598713,-0.003950423561036587,nan,nan,nan,-0.03083045594394207,-0.008035337552428246,-3.137197732925415,-3.0091330700088292e-05,3135,,nan,24.503,1.0,93,4,23,0.7,895,0.011509977281093597,0.0027316121850162745,0.009540582075715065,1500,1500,1418,1498,1897,1500,1897,1115
1783462093.6249,17.3003,0.01940,51.55,866,3257923,0.320,AUTOTUNE,AUTOTUNE,128,8.650158047676086,0.0,10.0,0.5,0.0,0.0,nan,nan,nan,nan,nan,nan,nan,nan,nan,nan,16.447906281752644,1.9943321661551818,10.406465559146808,0,0,-6.931468963623047,-1.9773226976394653,-0.3992902636528015,-0.00014656998973805457,-0.009820421226322651,-0.004142658784985542,nan,nan,nan,-0.030833976343274117,-0.008030761033296585,-3.1371960639953613,4.1097191569861025e-05,3135,,nan,24.503,1.0,93,4,23,0.7,895,0.011509977281093597,0.0027316121850162745,0.009540582075715065,1500,1500,1418,1498,1897,1500,1897,1115
1783462093.6448,17.3203,0.01988,50.31,867,3257941,0.340,AUTOTUNE,AUTOTUNE,128,8.660161972045898,0.0,10.0,0.5,0.0,0.0,nan,nan,nan,nan,nan,nan,nan,nan,nan,nan,16.45895901188128,1.9939386348527166,10.40697323726721,0,0,-6.932205677032471,-1.977044939994812,-0.39959388971328735,-0.00032675659167580307,-0.009753579273819923,-0.0042604682967066765,nan,nan,nan,-0.03083121031522751,-0.008024662733078003,-3.1371817588806152,0.0005652881227433681,3135,,nan,24.503,1.0,93,4,23,0.7,895,0.011509977281093597,0.0027316121850162745,0.009540582075715065,1500,1500,1418,1498,1897,1500,1897,1115
1783462093.6654,17.3403,0.02059,48.57,868,3257963,0.361,AUTOTUNE,AUTOTUNE,128,8.670159697532654,0.0,10.0,0.5,0.0,0.0,nan,nan,nan,nan,nan,nan,nan,nan,nan,nan,16.470108526739047,1.993858961574132,10.407067634807756,0,0,-6.932888984680176,-1.9768495559692383,-0.39988070726394653,-0.0005972346407361329,-0.009820384904742241,-0.0041493745520710945,nan,nan,nan,-0.03082139790058136,-0.008023649454116821,-3.137169361114502,0.00026522972621023655,3135,,nan,24.503,1.0,93,4,23,0.7,895,0.011509977281093597,0.0027316121850162745,0.009540582075715065,1500,1500,1418,1498,1897,1500,1897,1115
1783462093.6849,17.3604,0.01948,51.33,869,3257981,0.380,AUTOTUNE,AUTOTUNE,128,8.680203318595886,0.0,10.0,0.5,0.0,0.0,nan,nan,nan,nan,nan,nan,nan,nan,nan,nan,16.480626240757225,1.9937493013289762,10.407547813405095,0,0,-6.933217525482178,-1.9768292903900146,-0.40004926919937134,-0.0006812692154198885,-0.0097687728703022,-0.004329286515712738,nan,nan,nan,-0.030812658369541168,-0.008026814088225365,-3.1371757984161377,-0.00036411924520507455,3135,,nan,24.503,1.0,93,4,23,0.7,895,0.011509977281093597,0.0027316121850162745,0.009540582075715065,1500,1500,1418,1498,1897,1500,1897,1115
1783462093.7055,17.3804,0.02064,48.46,870,3258001,0.401,AUTOTUNE,AUTOTUNE,128,8.690185904502869,0.0,10.0,0.5,0.0,0.0,nan,nan,nan,nan,nan,nan,nan,nan,nan,nan,16.4919182970556,1.9934763798977293,10.40794706305927,0,0,-6.933828830718994,-1.976664423942566,-0.4003198742866516,-0.0010843550553545356,-0.009706387296319008,-0.0044035594910383224,nan,nan,nan,-0.030813418328762054,-0.008022287860512733,-3.1371774673461914,-0.00039960184949450195,3135,,nan,24.503,1.0,93,4,23,0.7,895,0.01191280223429203,0.001626394921913743,0.002972622634842992,1500,1500,1418,1498,1897,1500,1897,1115
1783462093.7249,17.4003,0.01944,51.44,871,3258023,0.421,AUTOTUNE,AUTOTUNE,128,8.700161933898926,0.0,10.0,0.5,0.0,0.0,nan,nan,nan,nan,nan,nan,nan,nan,nan,nan,16.502050238318517,1.9941586591603089,10.40800150415771,0,0,-6.9341301918029785,-1.9767160415649414,-0.40050631761550903,-0.0010003799106925726,-0.0100704999640584,-0.004327347967773676,nan,nan,nan,-0.030812125653028488,-0.008030381053686142,-3.1371777057647705,-0.00021356625074986368,3135,,nan,24.503,1.0,93,4,23,0.7,895,0.01191280223429203,0.001626394921913743,0.002972622634842992,1500,1500,1418,1498,1897,1500,1897,1115
1783462093.7444,17.4202,0.01950,51.28,872,3258041,0.440,AUTOTUNE,AUTOTUNE,128,8.710095882415771,0.0,10.0,0.5,0.0,0.0,nan,nan,nan,nan,nan,nan,nan,nan,nan,nan,16.512822314593794,1.99217982818047,10.40640192812385,0,0,-6.934895992279053,-1.97577965259552,-0.3997945189476013,-0.0010421380866318941,-0.00946864578872919,-0.003814789466559887,nan,nan,nan,-0.03081163577735424,-0.00802597589790821,-3.137164831161499,0.0003964952193200588,3135,,nan,24.503,1.0,93,4,23,0.7,895,0.01191280223429203,0.001626394921913743,0.002972622634842992,1500,1500,1418,1498,1897,1500,1897,1115
1783462093.7652,17.4404,0.02077,48.14,873,3258063,0.461,AUTOTUNE,AUTOTUNE,128,8.72021484375,0.0,10.0,0.5,0.0,0.0,nan,nan,nan,nan,nan,nan,nan,nan,nan,nan,16.523879663937798,1.9911213706459094,10.40531280622815,0,0,-6.935604572296143,-1.9749759435653687,-0.39910393953323364,-0.00117481779307127,-0.009321566671133041,-0.003584690857678652,nan,nan,nan,-0.03080872632563114,-0.008019702509045601,-3.137160301208496,0.00035260419826954603,3135,,nan,24.503,1.0,93,4,23,0.7,895,0.01191280223429203,0.001626394921913743,0.002972622634842992,1500,1500,1418,1498,1897,1500,1897,1115
1783462093.7850,17.4604,0.01983,50.44,874,3258081,0.481,AUTOTUNE,AUTOTUNE,128,8.730204343795776,0.0,10.0,0.5,0.0,0.0,nan,nan,nan,nan,nan,nan,nan,nan,nan,nan,16.53423160861104,1.9904279618713472,10.404850850535,0,0,-6.9359450340271,-1.9746580123901367,-0.39880484342575073,-0.001187509624287486,-0.009104784578084946,-0.003490663832053542,nan,nan,nan,-0.03081296943128109,-0.008013587445020676,-3.1371636390686035,-0.0003403370501473546,3135,,nan,24.503,1.0,93,4,23,0.7,895,0.01191280223429203,0.001626394921913743,0.002972622634842992,1500,1500,1418,1498,1897,1500,1897,1115
1783462093.8067,17.4805,0.02168,46.13,875,3258106,0.502,AUTOTUNE,AUTOTUNE,128,8.740235090255737,0.0,10.0,0.5,0.0,0.0,nan,nan,nan,nan,nan,nan,nan,nan,nan,nan,16.544862753727635,1.9895076046979838,10.404368540320478,0,0,-6.936575889587402,-1.9739806652069092,-0.39822298288345337,-0.0011699253227561712,-0.008964482694864273,-0.003548139240592718,nan,nan,nan,-0.030811304226517677,-0.00800519622862339,-3.1371755599975586,-0.0004122320970054716,3135,,nan,24.504,1.02,93,4,23,0.7,895,0.01191280223429203,0.001626394921913743,0.002972622634842992,1500,1500,1418,1498,1897,1500,1897,1115
1783462093.8253,17.5005,0.01860,53.77,876,3258123,0.521,AUTOTUNE,AUTOTUNE,128,8.750242710113525,0.0,10.0,0.5,0.0,0.0,nan,nan,nan,nan,nan,nan,nan,nan,nan,nan,16.55528772932165,1.9890243484855659,10.403955274129952,0,0,-6.936877250671387,-1.9737133979797363,-0.39797335863113403,-0.001236894866451621,-0.008839781396090984,-0.00345366052351892,nan,nan,nan,-0.030811918899416924,-0.008003385737538338,-3.1371800899505615,-0.00030624790815636516,3135,,nan,24.504,1.02,93,4,23,0.7,895,0.01191280223429203,0.001626394921913743,0.002972622634842992,1500,1500,1418,1498,1897,1500,1897,1115
1783462093.8454,17.5205,0.02012,49.71,877,3258141,0.541,AUTOTUNE,AUTOTUNE,128,8.760231375694275,0.0,10.0,0.5,0.0,0.0,nan,nan,nan,nan,nan,nan,nan,nan,nan,nan,16.56570577069329,1.9881402382541762,10.403631234950174,0,0,-6.937422752380371,-1.9730632305145264,-0.3975117802619934,-0.001169849536381662,-0.008704714477062225,-0.003533068811520934,nan,nan,nan,-0.03080739639699459,-0.007998308166861534,-3.1371827125549316,-0.00042576054693199694,3135,,nan,24.504,1.02,93,4,23,0.7,895,0.01191280223429203,0.001626394921913743,0.002972622634842992,1500,1500,1418,1498,1897,1500,1897,1115
1783462093.8651,17.5403,0.01963,50.94,878,3258161,0.561,AUTOTUNE,AUTOTUNE,128,8.770169615745544,0.0,10.0,0.5,0.0,0.0,nan,nan,nan,nan,nan,nan,nan,nan,nan,nan,16.576193038982762,1.9881133586597501,10.403276199633034,0,0,-6.937694549560547,-1.9728580713272095,-0.3973667025566101,-0.0013299089623615146,-0.008807644248008728,-0.0034118497278541327,nan,nan,nan,-0.030804533511400223,-0.007989620789885521,-3.1371867656707764,-0.0004277980187907815,3135,,nan,24.504,1.02,93,4,23,0.7,895,0.01191280223429203,0.001626394921913743,0.002972622634842992,1500,1500,1418,1498,1897,1500,1897,1115
1783462093.8853,17.5604,0.02025,49.38,879,3258181,0.581,AUTOTUNE,AUTOTUNE,128,8.78019106388092,0.0,10.0,0.5,0.0,0.0,nan,nan,nan,nan,nan,nan,nan,nan,nan,nan,16.586782946974903,1.9872506494645448,10.402680942705318,0,0,-6.938180446624756,-1.972313642501831,-0.3970339894294739,-0.001377576612867415,-0.008623884990811348,-0.003260269993916154,nan,nan,nan,-0.030801262706518173,-0.007984353229403496,-3.1371958255767822,-0.0004483001830521971,3135,,nan,24.504,1.02,93,4,23,0.7,895,0.01191280223429203,0.001626394921913743,0.002972622634842992,1500,1500,1418,1498,1897,1500,1897,1115
1783462093.9053,17.5803,0.02000,50.01,880,3258201,0.601,AUTOTUNE,AUTOTUNE,128,8.790171384811401,0.0,10.0,0.5,0.0,0.0,nan,nan,nan,nan,nan,nan,nan,nan,nan,nan,16.597354449631716,1.9864830725308278,10.402400530819165,0,0,-6.938628196716309,-1.9718234539031982,-0.3967375159263611,-0.0014603869058191776,-0.00846373476088047,-0.0032695431727916002,nan,nan,nan,-0.030792269855737686,-0.007973268628120422,-3.1371843814849854,0.0002044755674432963,3135,,nan,24.504,1.02,93,4,23,0.7,895,0.011253676377236843,0.003476075129583478,0.0213713888078928,1500,1500,1418,1498,1897,1500,1897,1115
1783462093.9251,17.6003,0.01979,50.52,881,3258223,0.621,AUTOTUNE,AUTOTUNE,128,8.800146222114563,0.0,10.0,0.5,0.0,0.0,nan,nan,nan,nan,nan,nan,nan,nan,nan,nan,16.607213541240874,1.9864410284639444,10.402169879442233,0,0,-6.938854694366455,-1.9716986417770386,-0.3966396450996399,-0.001262792618945241,-0.00851152092218399,-0.0031928822863847017,nan,nan,nan,-0.030794817954301834,-0.007973076775670052,-3.1372029781341553,-0.0007840717444196343,3135,,nan,24.504,1.02,93,4,23,0.7,895,0.011253676377236843,0.003476075129583478,0.0213713888078928,1500,1500,1418,1498,1897,1500,1897,1115
1783462093.9453,17.6204,0.02019,49.52,882,3258241,0.641,AUTOTUNE,AUTOTUNE,128,8.810185194015503,0.0,10.0,0.5,0.0,0.0,nan,nan,nan,nan,nan,nan,nan,nan,nan,nan,16.61823394008179,1.985258430727206,10.401571101329234,0,0,-6.939504623413086,-1.9712190628051758,-0.3964396119117737,-0.0014541830169036984,-0.008105632849037647,-0.0029626667965203524,nan,nan,nan,-0.03079199232161045,-0.007969051599502563,-3.137209177017212,-0.00047605883446522057,3135,,nan,24.504,1.02,93,4,23,0.7,895,0.011253676377236843,0.003476075129583478,0.0213713888078928,1500,1500,1418,1498,1897,1500,1897,1115
1783462093.9650,17.6403,0.01969,50.79,883,3258261,0.661,AUTOTUNE,AUTOTUNE,128,8.820155143737793,0.0,10.0,0.5,0.0,0.0,nan,nan,nan,nan,nan,nan,nan,nan,nan,nan,16.62846100385976,1.9849189198534878,10.401430370559638,0,0,-6.93982458114624,-1.9710872173309326,-0.39635521173477173,-0.0014179002027958632,-0.007985737174749374,-0.002930144313722849,nan,nan,nan,-0.030804021283984184,-0.007971011102199554,-3.1372146606445312,-0.0004365517233964056,3135,,nan,24.504,1.02,93,4,23,0.7,895,0.011253676377236843,0.003476075129583478,0.0213713888078928,1500,1500,1418,1498,1897,1500,1897,1115
1783462093.9849,17.6603,0.01989,50.28,884,3258281,0.680,AUTOTUNE,AUTOTUNE,128,8.830158591270447,0.0,10.0,0.5,0.0,0.0,nan,nan,nan,nan,nan,nan,nan,nan,nan,nan,16.639007609372495,1.9843339956188704,10.401211110476002,0,0,-6.940393447875977,-1.9706968069076538,-0.39615005254745483,-0.001403057249262929,-0.007873434573411942,-0.0029220031574368477,nan,nan,nan,-0.030811568722128868,-0.00797072984278202,-3.1372084617614746,3.9456972444895655e-05,3135,,nan,24.504,1.02,93,4,23,0.7,895,0.011253676377236843,0.003476075129583478,0.0213713888078928,1500,1500,1418,1498,1897,1500,1897,1115
1783462094.0054,17.6805,0.02054,48.68,885,3258301,0.701,AUTOTUNE,AUTOTUNE,128,8.840225577354431,0.0,10.0,0.5,0.0,0.0,nan,nan,nan,nan,nan,nan,nan,nan,nan,nan,16.64973909228716,1.983747837035572,10.400875893617403,0,0,-6.94091272354126,-1.9703487157821655,-0.39597076177597046,-0.0014869007281959057,-0.007735986262559891,-0.002831979189068079,nan,nan,nan,-0.030808890238404274,-0.00797010213136673,-3.137211561203003,-0.00026909622829407454,3135,,nan,24.504,1.02,93,4,23,0.7,895,0.011253676377236843,0.003476075129583478,0.0213713888078928,1500,1500,1418,1498,1897,1500,1897,1115
1783462094.0252,17.7003,0.01974,50.65,886,3258323,0.721,AUTOTUNE,AUTOTUNE,128,8.850153684616089,0.0,10.0,0.5,0.0,0.0,nan,nan,nan,nan,nan,nan,nan,nan,nan,nan,16.659802495065268,1.9836094160546234,10.400876823293489,0,0,-6.941172122955322,-1.970285177230835,-0.39592498540878296,-0.001415249309502542,-0.007692752871662378,-0.002858944935724139,nan,nan,nan,-0.03080381639301777,-0.00797131098806858,-3.1372218132019043,-0.0005745771923102438,3135,,nan,24.504,1.02,93,4,23,0.7,895,0.011253676377236843,0.003476075129583478,0.0213713888078928,1500,1500,1418,1498,1897,1500,1897,1115
1783462094.0453,17.7203,0.02013,49.67,887,3258341,0.741,AUTOTUNE,AUTOTUNE,128,8.860154271125793,0.0,10.0,0.5,0.0,0.0,nan,nan,nan,nan,nan,nan,nan,nan,nan,nan,16.67034174539763,1.9835275650744775,10.4005892987929,0,0,-6.941620826721191,-1.9699738025665283,-0.39579445123672485,-0.0014671877725049853,-0.007825268432497978,-0.002768306527286768,nan,nan,nan,-0.03080068714916706,-0.007978849112987518,-3.1372294425964355,-0.0007520149229094386,3135,,nan,24.504,1.02,93,4,23,0.7,895,0.011253676377236843,0.003476075129583478,0.0213713888078928,1500,1500,1418,1498,1897,1500,1897,1115
1783462094.0654,17.7404,0.02013,49.68,888,3258363,0.761,AUTOTUNE,AUTOTUNE,128,8.870222568511963,0.0,10.0,0.5,0.0,0.0,nan,nan,nan,nan,nan,nan,nan,nan,nan,nan,16.681085846940743,1.9829618657323087,10.400334498877926,0,0,-6.942039489746094,-1.9697396755218506,-0.39572006464004517,-0.0016156482743099332,-0.007633835077285767,-0.0026641448494046926,nan,nan,nan,-0.030811220407485962,-0.00798809714615345,-3.137230157852173,-0.00014677707804366946,3135,,nan,24.504,1.02,93,4,23,0.7,895,0.011253676377236843,0.003476075129583478,0.0213713888078928,1500,1500,1418,1498,1897,1500,1897,1115
1783462094.0854,17.7605,0.02002,49.96,889,3258381,0.781,AUTOTUNE,AUTOTUNE,128,8.880228042602539,0.0,10.0,0.5,0.0,0.0,nan,nan,nan,nan,nan,nan,nan,nan,nan,nan,16.69114805721364,1.9829831583201492,10.400378438560073,0,0,-6.942244529724121,-1.9696840047836304,-0.3957076668739319,-0.0015300250379368663,-0.007678269874304533,-0.0026966712903231382,nan,nan,nan,-0.030815904960036278,-0.007982641458511353,-3.137225866317749,5.0823495257645845e-05,3135,,nan,24.504,1.02,93,4,23,0.7,895,0.011253676377236843,0.003476075129583478,0.0213713888078928,1500,1500,1418,1498,1897,1500,1897,1115
1783462094.1051,17.7803,0.01963,50.94,890,3258401,0.801,AUTOTUNE,AUTOTUNE,128,8.890162467956543,0.0,10.0,0.5,0.0,0.0,nan,nan,nan,nan,nan,nan,nan,nan,nan,nan,16.701636699656905,1.9824504424492406,10.400704254934501,0,0,-6.942605495452881,-1.9694759845733643,-0.39565175771713257,-0.0016415987629443407,-0.007490806747227907,-0.0029170606285333633,nan,nan,nan,-0.030803751200437546,-0.007985297590494156,-3.1372199058532715,0.0001414578000549227,3135,,nan,24.504,1.02,93,4,23,0.7,895,0.01209076028317213,0.0013552169548347592,0.00716127036139369,1500,1500,1418,1498,1897,1500,1897,1115
1783462094.1251,17.8004,0.02005,49.88,891,3258423,0.821,AUTOTUNE,AUTOTUNE,128,8.900180697441101,0.0,10.0,0.5,0.0,0.0,nan,nan,nan,nan,nan,nan,nan,nan,nan,nan,16.711754243392534,1.9823736612702134,10.400305448283008,0,0,-6.9427947998046875,-1.9694784879684448,-0.3956637978553772,-0.0015896429540589452,-0.007445031777024269,-0.002679858123883605,nan,nan,nan,-0.030801791697740555,-0.007981102913618088,-3.1372172832489014,-0.00014690979151055217,3135,,nan,24.504,1.02,93,4,23,0.7,895,0.01209076028317213,0.0013552169548347592,0.00716127036139369,1500,1500,1418,1498,1897,1500,1897,1115
1783462094.1453,17.8204,0.02018,49.55,892,3258441,0.841,AUTOTUNE,AUTOTUNE,128,8.910175323486328,0.0,10.0,0.5,0.0,0.0,nan,nan,nan,nan,nan,nan,nan,nan,nan,nan,16.722361654605397,1.981120887097606,10.402032749638497,0,0,-6.943544864654541,-1.968693733215332,-0.3964737057685852,-0.0015103844925761223,-0.007174820639193058,-0.0032095154747366905,nan,nan,nan,-0.03080092929303646,-0.007971210405230522,-3.1372311115264893,-0.00046669048606418073,3135,,nan,24.504,1.02,93,4,23,0.7,895,0.01209076028317213,0.0013552169548347592,0.00716127036139369,1500,1500,1418,1498,1897,1500,1897,1115
1783462094.1650,17.8403,0.01968,50.83,893,3258463,0.861,AUTOTUNE,AUTOTUNE,128,8.920150399208069,0.0,10.0,0.5,0.0,0.0,nan,nan,nan,nan,nan,nan,nan,nan,nan,nan,16.733093106951756,1.980192669164561,10.403178272744903,0,0,-6.944238185882568,-1.968018889427185,-0.39721113443374634,-0.0015467895427718759,-0.007028535008430481,-0.003445128910243511,nan,nan,nan,-0.030786508694291115,-0.007975300773978233,-3.1372323036193848,-0.00020577739633154124,3135,,nan,24.504,1.02,93,4,23,0.7,895,0.01209076028317213,0.0013552169548347592,0.00716127036139369,1500,1500,1418,1498,1897,1500,1897,1115
1783462094.1854,17.8604,0.02038,49.07,894,3258481,0.881,AUTOTUNE,AUTOTUNE,128,8.930208086967468,0.0,10.0,0.5,0.0,0.0,nan,nan,nan,nan,nan,nan,nan,nan,nan,nan,16.743516552964458,1.9796512844448104,10.403674354207935,0,0,-6.944571495056152,-1.9677484035491943,-0.39758485555648804,-0.0015655240276828408,-0.006872131489217281,-0.0035157736856490374,nan,nan,nan,-0.030786244198679924,-0.007975902408361435,-3.137235164642334,-0.0001506177068222314,3135,,nan,24.504,1.02,93,4,23,0.7,895,0.01209076028317213,0.0013552169548347592,0.00716127036139369,1500,1500,1418,1498,1897,1500,1897,1115
1783462094.2052,17.8802,0.01980,50.51,895,3258501,0.901,AUTOTUNE,AUTOTUNE,128,8.94009244441986,0.0,10.0,0.5,0.0,0.0,nan,nan,nan,nan,nan,nan,nan,nan,nan,nan,16.753616228754957,1.978626260328306,10.40439552817664,0,0,-6.945171356201172,-1.9671469926834106,-0.39825159311294556,-0.0013435081345960498,-0.0066275582648813725,-0.0035472025629132986,nan,nan,nan,-0.030785946175456047,-0.007974838837981224,-3.137223720550537,0.00019696023082360625,3135,,nan,24.504,1.02,93,4,23,0.7,895,0.01209076028317213,0.0013552169548347592,0.00716127036139369,1500,1500,1418,1498,1897,1500,1897,1115
1783462094.2251,17.9003,0.01994,50.14,896,3258521,0.921,AUTOTUNE,AUTOTUNE,128,8.950153946876526,0.0,10.0,0.5,0.0,0.0,nan,nan,nan,nan,nan,nan,nan,nan,nan,nan,16.76407217207308,1.9786029415535293,10.404724585599183,0,0,-6.945464611053467,-1.9669334888458252,-0.3986038565635681,-0.0014019279042258859,-0.006737361662089825,-0.0035338045563548803,nan,nan,nan,-0.030798204243183136,-0.007969832047820091,-3.1372385025024414,-0.0006703293765895069,3135,,nan,24.504,1.02,93,4,23,0.7,895,0.01209076028317213,0.0013552169548347592,0.00716127036139369,1500,1500,1418,1498,1897,1500,1897,1115
1783462094.2453,17.9203,0.02024,49.41,897,3258541,0.941,AUTOTUNE,AUTOTUNE,128,8.960173606872559,0.0,10.0,0.5,0.0,0.0,nan,nan,nan,nan,nan,nan,nan,nan,nan,nan,16.77468450522938,1.9778391781605533,10.405592854610063,0,0,-6.945987701416016,-1.9664161205291748,-0.3991796374320984,-0.001442101551219821,-0.0065951053984463215,-0.00370267266407609,nan,nan,nan,-0.03079446591436863,-0.007963597774505615,-3.1372406482696533,-0.0003469225484877825,3135,,nan,24.504,1.02,93,4,23,0.7,895,0.01209076028317213,0.0013552169548347592,0.00716127036139369,1500,1500,1418,1498,1897,1500,1897,1115
1783462094.2652,17.9404,0.01990,50.24,898,3258563,0.961,AUTOTUNE,AUTOTUNE,128,8.970189094543457,0.0,10.0,0.5,0.0,0.0,nan,nan,nan,nan,nan,nan,nan,nan,nan,nan,16.785150467848315,1.9772402406105467,10.406344582752764,0,0,-6.94647216796875,-1.9659676551818848,-0.3997035622596741,-0.00142247648909688,-0.006508230231702328,-0.0038341949693858624,nan,nan,nan,-0.030793214216828346,-0.007942087948322296,-3.1372392177581787,-9.7662654297892e-05,3135,,nan,24.504,1.02,93,4,23,0.7,895,0.01209076028317213,0.0013552169548347592,0.00716127036139369,1500,1500,1418,1498,1897,1500,1897,1115
1783462094.2850,17.9603,0.01976,50.62,899,3258581,0.981,AUTOTUNE,AUTOTUNE,128,8.980144143104553,0.0,10.0,0.5,0.0,0.0,nan,nan,nan,nan,nan,nan,nan,nan,nan,nan,16.795236918181086,1.9772439759878935,10.406851658904934,0,0,-6.9467058181762695,-1.9658039808273315,-0.39998215436935425,-0.0013634433271363378,-0.006604884285479784,-0.003966110292822123,nan,nan,nan,-0.03078681230545044,-0.007942993193864822,-3.1372458934783936,-0.0003078170702792704,3135,,nan,24.504,1.02,93,4,23,0.7,895,0.01209076028317213,0.0013552169548347592,0.00716127036139369,1500,1500,1418,1498,1897,1500,1897,1115
1783462094.3072,17.9804,0.02218,45.09,900,3258606,0.003,AUTOTUNE,AUTOTUNE,128,8.990194320678711,0.0,10.0,0.5,0.0,0.0,nan,nan,nan,nan,nan,nan,nan,nan,nan,nan,16.806129820596247,1.9766067157851368,10.407708589115574,0,0,-6.94733190536499,-1.9653875827789307,-0.4007640480995178,-0.0014885191339999437,-0.006477369461208582,-0.004009432625025511,nan,nan,nan,-0.030785156413912773,-0.007926560938358307,-3.137237310409546,-4.428373358678073e-06,3135,,nan,24.51,0.98,93,4,23,0.7,895,0.01103864423930645,0.0019353557145223022,0.01183159090578556,1500,1500,1418,1498,1897,1500,1897,1115
1783462094.3252,18.0004,0.01803,55.47,901,3258623,0.021,AUTOTUNE,AUTOTUNE,128,9.000186443328857,0.0,10.0,0.5,0.0,0.0,nan,nan,nan,nan,nan,nan,nan,nan,nan,nan,16.816656582894204,1.97637599924851,10.408674228207797,0,0,-6.947732448577881,-1.9652048349380493,-0.401298463344574,-0.0015659397467970848,-0.0064496747218072414,-0.0042583998292684555,nan,nan,nan,-0.030793581157922745,-0.007928049191832542,-3.137239933013916,-0.00015687051927670836,3135,,nan,24.51,0.98,93,4,23,0.7,895,0.01103864423930645,0.0019353557145223022,0.01183159090578556,1500,1500,1418,1498,1897,1500,1897,1115
1783462094.3451,18.0203,0.01986,50.34,902,3258641,0.041,AUTOTUNE,AUTOTUNE,128,9.010153889656067,0.0,10.0,0.5,0.0,0.0,nan,nan,nan,nan,nan,nan,nan,nan,nan,nan,16.827692558223728,1.9760761782651006,10.410124741701422,0,0,-6.948462009429932,-1.964767336845398,-0.402208149433136,-0.0017616430995985866,-0.006529162637889385,-0.0045706466771662235,nan,nan,nan,-0.0307912677526474,-0.007917732000350952,-3.137249231338501,-0.0008207624196074903,3135,,nan,24.51,0.98,93,4,23,0.7,895,0.01103864423930645,0.0019353557145223022,0.01183159090578556,1500,1500,1418,1498,1897,1500,1897,1115
1783462094.3652,18.0404,0.02017,49.58,903,3258663,0.061,AUTOTUNE,AUTOTUNE,128,9.020193934440613,0.0,10.0,0.5,0.0,0.0,nan,nan,nan,nan,nan,nan,nan,nan,nan,nan,16.83868341158467,1.9756006464423588,10.411343949475999,0,0,-6.949141502380371,-1.9644062519073486,-0.40304237604141235,-0.0019182872492820024,-0.006463086698204279,-0.004792915657162666,nan,nan,nan,-0.03079276718199253,-0.007908254861831665,-3.1372461318969727,0.000200676207896322,3135,,nan,24.51,0.98,93,4,23,0.7,895,0.01103864423930645,0.0019353557145223022,0.01183159090578556,1500,1500,1418,1498,1897,1500,1897,1115
1783462094.3849,18.0603,0.01967,50.84,904,3258681,0.081,AUTOTUNE,AUTOTUNE,128,9.03015685081482,0.0,10.0,0.5,0.0,0.0,nan,nan,nan,nan,nan,nan,nan,nan,nan,nan,16.848942661936288,1.9755009962525458,10.412088005981232,0,0,-6.949474334716797,-1.96428382396698,-0.40347474813461304,-0.001897214911878109,-0.006476237438619137,-0.004972866736352444,nan,nan,nan,-0.03078661672770977,-0.007903758436441422,-3.137239456176758,0.00015339645324274898,3135,,nan,24.51,0.98,93,4,23,0.7,895,0.01103864423930645,0.0019353557145223022,0.01183159090578556,1500,1500,1418,1498,1897,1500,1897,1115
1783462094.4053,18.0804,0.02041,48.99,905,3258701,0.101,AUTOTUNE,AUTOTUNE,128,9.040175437927246,0.0,10.0,0.5,0.0,0.0,nan,nan,nan,nan,nan,nan,nan,nan,nan,nan,16.859710221527735,1.9751729798621964,10.413341400420553,0,0,-6.950068950653076,-1.9639689922332764,-0.4042336344718933,-0.001986332703381777,-0.006468625273555517,-0.0052583711221814156,nan,nan,nan,-0.030789263546466827,-0.007897034287452698,-3.1372368335723877,7.323166937567294e-05,3135,,nan,24.51,0.98,93,4,23,0.7,895,0.01103864423930645,0.0019353557145223022,0.01183159090578556,1500,1500,1418,1498,1897,1500,1897,1115
1783462094.4252,18.1003,0.01986,50.36,906,3258721,0.121,AUTOTUNE,AUTOTUNE,128,9.050169229507446,0.0,10.0,0.5,0.0,0.0,nan,nan,nan,nan,nan,nan,nan,nan,nan,nan,16.870109878650176,1.9748891330672305,10.41399246327665,0,0,-6.950368881225586,-1.9638887643814087,-0.4046517014503479,-0.002047494286671281,-0.006351065821945667,-0.005392891354858875,nan,nan,nan,-0.030781695619225502,-0.007898174226284027,-3.1372387409210205,-0.00023183031589724123,3135,,nan,24.51,0.98,93,4,23,0.7,895,0.01103864423930645,0.0019353557145223022,0.01183159090578556,1500,1500,1418,1498,1897,1500,1897,1115
1783462094.4453,18.1203,0.02017,49.58,907,3258741,0.141,AUTOTUNE,AUTOTUNE,128,9.060174822807312,0.0,10.0,0.5,0.0,0.0,nan,nan,nan,nan,nan,nan,nan,nan,nan,nan,16.881040959178783,1.974814464552034,10.415276118270436,0,0,-6.950896263122559,-1.9636331796646118,-0.40530747175216675,-0.002277340507134795,-0.006455517839640379,-0.005755400750786066,nan,nan,nan,-0.030768485739827156,-0.007895005866885185,-3.137253999710083,-0.000794748542830348,3135,,nan,24.51,0.98,93,4,23,0.7,895,0.01103864423930645,0.0019353557145223022,0.01183159090578556,1500,1500,1418,1498,1897,1500,1897,1115
1783462094.4652,18.1403,0.01987,50.32,908,3258763,0.161,AUTOTUNE,AUTOTUNE,128,9.070172429084778,0.0,10.0,0.5,0.0,0.0,nan,nan,nan,nan,nan,nan,nan,nan,nan,nan,16.89137212261374,1.9746467844039826,10.416087042878374,0,0,-6.9513840675354,-1.9634277820587158,-0.4058994650840759,-0.0021882858127355576,-0.006477294024080038,-0.005881800781935453,nan,nan,nan,-0.03076011687517166,-0.007885880768299103,-3.137251377105713,-0.00024973423569463193,3135,,nan,24.51,0.98,93,4,23,0.7,895,0.01103864423930645,0.0019353557145223022,0.01183159090578556,1500,1500,1418,1498,1897,1500,1897,1115
1783462094.4849,18.1604,0.01966,50.87,909,3258781,0.180,AUTOTUNE,AUTOTUNE,128,9.080186247825623,0.0,10.0,0.5,0.0,0.0,nan,nan,nan,nan,nan,nan,nan,nan,nan,nan,16.901747772164534,1.9742552705986094,10.416395013740733,0,0,-6.951628684997559,-1.9633781909942627,-0.40622478723526,-0.0022559589706361294,-0.006279884837567806,-0.005871783010661602,nan,nan,nan,-0.03076096624135971,-0.007892213761806488,-3.1372365951538086,0.0005111437640152872,3135,,nan,24.51,0.98,93,4,23,0.7,895,0.01103864423930645,0.0019353557145223022,0.01183159090578556,1500,1500,1418,1498,1897,1500,1897,1115
1783462094.5053,18.1803,0.02043,48.95,910,3258801,0.201,AUTOTUNE,AUTOTUNE,128,9.090152144432068,0.0,10.0,0.5,0.0,0.0,nan,nan,nan,nan,nan,nan,nan,nan,nan,nan,16.912490564453382,1.972192047356065,10.417311444919799,0,0,-6.952101230621338,-1.9623154401779175,-0.4068989157676697,-0.002431675558909774,-0.005702261812984943,-0.006011676508933306,nan,nan,nan,-0.030756985768675804,-0.007887560874223709,-3.137223243713379,0.0005619106232188642,3135,,nan,24.51,0.98,93,4,23,0.7,895,0.012233750894665718,0.002891258569434285,0.034839484840631485,1500,1500,1418,1498,1897,1500,1897,1115
1783462094.5254,18.2004,0.02007,49.83,911,3258821,0.221,AUTOTUNE,AUTOTUNE,128,9.100218772888184,0.0,10.0,0.5,0.0,0.0,nan,nan,nan,nan,nan,nan,nan,nan,nan,nan,16.922169403311266,1.970589507722457,10.417940769717251,0,0,-6.952363014221191,-1.9614307880401611,-0.40735000371932983,-0.0020566442981362343,-0.005287789274007082,-0.006114581599831581,nan,nan,nan,-0.030767599120736122,-0.007875865325331688,-3.137221097946167,-1.8337173969484866e-05,3135,,nan,24.51,0.98,93,4,23,0.7,895,0.012233750894665718,0.002891258569434285,0.034839484840631485,1500,1500,1418,1498,1897,1500,1897,1115
1783462094.5453,18.2205,0.01994,50.16,912,3258841,0.241,AUTOTUNE,AUTOTUNE,128,9.110228776931763,0.0,10.0,0.5,0.0,0.0,nan,nan,nan,nan,nan,nan,nan,nan,nan,nan,16.932693264762573,1.9670589570797734,10.419011897253982,0,0,-6.952808856964111,-1.9596493244171143,-0.40800410509109497,-0.0020959125831723213,-0.004277953412383795,-0.006355351768434048,nan,nan,nan,-0.030760901048779488,-0.007859144359827042,-3.1372458934783936,-0.0011657285504043102,3135,,nan,24.51,0.98,93,4,23,0.7,895,0.012233750894665718,0.002891258569434285,0.034839484840631485,1500,1500,1418,1498,1897,1500,1897,1115
1783462094.5750,18.2403,0.02968,33.69,913,3258861,0.271,AUTOTUNE,AUTOTUNE,128,9.120127320289612,0.0,10.0,0.5,0.0,0.0,nan,nan,nan,nan,nan,nan,nan,nan,nan,nan,16.942466528885383,1.9659036302696895,10.41949531484976,0,0,-6.953034400939941,-1.958845853805542,-0.40833503007888794,-0.0018933647079393268,-0.004074809141457081,-0.006443393416702747,nan,nan,nan,-0.03074754774570465,-0.007820358499884605,-3.1372573375701904,-0.0007551514427177608,3135,,nan,24.51,0.98,93,4,23,0.7,895,0.012233750894665718,0.002891258569434285,0.034839484840631485,1500,1500,1418,1498,1897,1500,1897,1115
1783462094.5852,18.2604,0.01019,98.09,914,3258881,0.281,AUTOTUNE,AUTOTUNE,128,9.130183696746826,0.0,10.0,0.5,0.0,0.0,nan,nan,nan,nan,nan,nan,nan,nan,nan,nan,16.95279251118459,1.9629847687544386,10.420577854234345,0,0,-6.953418254852295,-1.9572447538375854,-0.4088593125343323,-0.0018274035537615418,-0.003313999157398939,-0.006765703205019236,nan,nan,nan,-0.030762791633605957,-0.007795289158821106,-3.137258291244507,-0.00016300895367749035,3135,,nan,24.51,0.98,93,4,23,0.7,895,0.012233750894665718,0.002891258569434285,0.034839484840631485,1500,1500,1418,1498,1897,1500,1897,1115
1783462094.6051,18.2804,0.01990,50.24,915,3258901,0.301,AUTOTUNE,AUTOTUNE,128,9.140180468559265,0.0,10.0,0.5,0.0,0.0,nan,nan,nan,nan,nan,nan,nan,nan,nan,nan,16.963347342991018,1.9601518648587222,10.421553889906859,0,0,-6.953766822814941,-1.9557563066482544,-0.40936535596847534,-0.001948353834450245,-0.002537776716053486,-0.007037053350359201,nan,nan,nan,-0.030755652114748955,-0.007780374959111214,-3.137249231338501,1.3325450709089637e-05,3135,,nan,24.51,0.98,93,4,23,0.7,895,0.012233750894665718,0.002891258569434285,0.034839484840631485,1500,1500,1418,1498,1897,1500,1897,1115
1783462094.6250,18.3003,0.01988,50.31,916,3258923,0.321,AUTOTUNE,AUTOTUNE,128,9.150149822235107,0.0,10.0,0.5,0.0,0.0,nan,nan,nan,nan,nan,nan,nan,nan,nan,nan,16.973267664856305,1.95850612502896,10.422372021682284,0,0,-6.953952312469482,-1.9550734758377075,-0.40970081090927124,-0.0018129528034478426,-0.0019818409346044064,-0.007315726950764656,nan,nan,nan,-0.03075525164604187,-0.00775030255317688,-3.1372461318969727,0.00019665202125906944,3135,,nan,24.51,0.98,93,4,23,0.7,895,0.012233750894665718,0.002891258569434285,0.034839484840631485,1500,1500,1418,1498,1897,1500,1897,1115
1783462094.6452,18.3205,0.02021,49.48,917,3258941,0.341,AUTOTUNE,AUTOTUNE,128,9.160229444503784,0.0,10.0,0.5,0.0,0.0,nan,nan,nan,nan,nan,nan,nan,nan,nan,nan,16.983665700722373,1.9559686936245357,10.423101779251262,0,0,-6.95424747467041,-1.9537168741226196,-0.41005176305770874,-0.001826377003453672,-0.001300088595598936,-0.0075344303622841835,nan,nan,nan,-0.03074987791478634,-0.00773211382329464,-3.1372413635253906,1.3285614841151983e-05,3135,,nan,24.51,0.98,93,4,23,0.7,895,0.012233750894665718,0.002891258569434285,0.034839484840631485,1500,1500,1418,1498,1897,1500,1897,1115
1783462094.6652,18.3404,0.01997,50.07,918,3258963,0.361,AUTOTUNE,AUTOTUNE,128,9.170191884040833,0.0,10.0,0.5,0.0,0.0,nan,nan,nan,nan,nan,nan,nan,nan,nan,nan,16.994106543297175,1.953602212573195,10.423403210274616,0,0,-6.954521179199219,-1.9524542093276978,-0.41031843423843384,-0.0019445597426965833,-0.0006627999828197062,-0.007554498966783285,nan,nan,nan,-0.030757486820220947,-0.007706629112362862,-3.137249231338501,-0.00040250332676805556,3135,,nan,24.51,0.98,93,4,23,0.7,895,0.012233750894665718,0.002891258569434285,0.034839484840631485,1500,1500,1418,1498,1897,1500,1897,1115
1783462094.6851,18.3604,0.01991,50.21,919,3258981,0.381,AUTOTUNE,AUTOTUNE,128,9.180210590362549,0.0,10.0,0.5,0.0,0.0,nan,nan,nan,nan,nan,nan,nan,nan,nan,nan,17.003977045178683,1.952615285633138,10.423701140273149,0,0,-6.954659461975098,-1.9518550634384155,-0.41050320863723755,-0.0017791562713682652,-0.00043891448876820505,-0.007619829382747412,nan,nan,nan,-0.030757399275898933,-0.0076761674135923386,-3.13724684715271,-0.0001819067692849785,3135,,nan,24.51,0.98,93,4,23,0.7,895,0.012233750894665718,0.002891258569434285,0.034839484840631485,1500,1500,1418,1498,1897,1500,1897,1115
1783462094.7055,18.3803,0.02043,48.95,920,3259001,0.401,AUTOTUNE,AUTOTUNE,128,9.190171718597412,0.0,10.0,0.5,0.0,0.0,nan,nan,nan,nan,nan,nan,nan,nan,nan,nan,17.01445339152275,1.949274239780058,10.423491141603943,0,0,-6.955074310302734,-1.9501932859420776,-0.41040998697280884,-0.0018371047917753458,0.00053061154903844,-0.007552408147603273,nan,nan,nan,-0.030759310349822044,-0.0076606180518865585,-3.1372461318969727,-0.00013224693248048425,3135,,nan,24.51,0.98,93,4,23,0.7,895,0.012411005795001984,0.006806082092225552,0.020662497729063034,1500,1500,1418,1498,1897,1500,1897,1115
1783462094.7254,18.4003,0.01990,50.24,921,3259023,0.421,AUTOTUNE,AUTOTUNE,128,9.200148582458496,0.0,10.0,0.5,0.0,0.0,nan,nan,nan,nan,nan,nan,nan,nan,nan,nan,17.024215129932212,1.9474989335392918,10.423217986239354,0,0,-6.95537805557251,-1.94913911819458,-0.41029924154281616,-0.0015375346411019564,0.0009469610522501171,-0.007458640728145838,nan,nan,nan,-0.03076350688934326,-0.007627587765455246,-3.137251615524292,-0.0003286247083451599,3135,,nan,24.51,0.98,93,4,23,0.7,895,0.012411005795001984,0.006806082092225552,0.020662497729063034,1500,1500,1418,1498,1897,1500,1897,1115
1783462094.7449,18.4203,0.01949,51.31,922,3259041,0.440,AUTOTUNE,AUTOTUNE,128,9.210150837898254,0.0,10.0,0.5,0.0,0.0,nan,nan,nan,nan,nan,nan,nan,nan,nan,nan,17.034633762418075,1.9436696194462655,10.422316240433522,0,0,-6.955898761749268,-1.9471492767333984,-0.40982967615127563,-0.001477300189435482,0.0020089810714125633,-0.007209121249616146,nan,nan,nan,-0.03076503798365593,-0.007610753178596497,-3.1372439861297607,-7.250758062582463e-05,3135,,nan,24.51,0.98,93,4,23,0.7,895,0.012411005795001984,0.006806082092225552,0.020662497729063034,1500,1500,1418,1498,1897,1500,1897,1115
1783462094.7651,18.4402,0.02017,49.58,923,3259061,0.461,AUTOTUNE,AUTOTUNE,128,9.220080137252808,0.0,10.0,0.5,0.0,0.0,nan,nan,nan,nan,nan,nan,nan,nan,nan,nan,17.044753323480297,1.9416114578014834,10.422289338832966,0,0,-6.9561543464660645,-1.946173906326294,-0.40966135263442993,-0.0014395859325304627,0.002634130883961916,-0.00729077123105526,nan,nan,nan,-0.03075585514307022,-0.007576784119009972,-3.137248992919922,-0.0002141948789358139,3135,,nan,24.51,0.98,93,4,23,0.7,895,0.012411005795001984,0.006806082092225552,0.020662497729063034,1500,1500,1418,1498,1897,1500,1897,1115
1783462094.7850,18.4603,0.01992,50.20,924,3259081,0.481,AUTOTUNE,AUTOTUNE,128,9.230140328407288,0.0,10.0,0.5,0.0,0.0,nan,nan,nan,nan,nan,nan,nan,nan,nan,nan,17.054802465232054,1.9384758653787602,10.421423072280955,0,0,-6.95660400390625,-1.9443533420562744,-0.4092176556587219,-0.0011735967127606273,0.0033933627419173717,-0.007046800572425127,nan,nan,nan,-0.030757375061511993,-0.007550379261374474,-3.137254238128662,-0.0005434533231891692,3135,,nan,24.51,0.98,93,4,23,0.7,895,0.012411005795001984,0.006806082092225552,0.020662497729063034,1500,1500,1418,1498,1897,1500,1897,1115
1783462094.8067,18.4804,0.02169,46.11,925,3259081,0.502,AUTOTUNE,AUTOTUNE,128,9.24019205570221,0.0,10.0,0.5,0.0,0.0,nan,nan,nan,nan,nan,nan,nan,nan,nan,nan,17.064854192526976,1.9384758653787602,10.421423072280955,0,0,-6.95660400390625,-1.9443533420562744,-0.4092176556587219,-0.0011735967127606273,0.0033933627419173717,-0.007046800572425127,nan,nan,nan,-0.030757375061511993,-0.007550379261374474,-3.137254238128662,-0.0005434533231891692,3135,,nan,24.507,1.03,93,4,23,0.7,895,0.012411005795001984,0.006806082092225552,0.020662497729063034,1500,1500,1418,1498,1897,1500,1897,1115
1783462094.8251,18.5003,0.01840,54.36,926,3259121,0.521,AUTOTUNE,AUTOTUNE,128,9.250162363052368,0.0,10.0,0.5,0.0,0.0,nan,nan,nan,nan,nan,nan,nan,nan,nan,nan,17.075407179391025,1.934150080552266,10.420826195851372,0,0,-6.957211017608643,-1.9417924880981445,-0.4087178111076355,-0.0011595473624765873,0.004412346053868532,-0.0069907791912555695,nan,nan,nan,-0.030756812542676926,-0.007481355220079422,-3.1372530460357666,-0.0001224251464009285,3135,,nan,24.507,1.03,93,4,23,0.7,895,0.012411005795001984,0.006806082092225552,0.020662497729063034,1500,1500,1418,1498,1897,1500,1897,1115
1783462094.8450,18.5204,0.01996,50.09,927,3259141,0.541,AUTOTUNE,AUTOTUNE,128,9.260182499885559,0.0,10.0,0.5,0.0,0.0,nan,nan,nan,nan,nan,nan,nan,nan,nan,nan,17.08578511379067,1.9311799946208088,10.420507157034244,0,0,-6.957561492919922,-1.940233826637268,-0.4083063006401062,-0.0011637748684734106,0.005227232351899147,-0.007044167723506689,nan,nan,nan,-0.030756670981645584,-0.007463447749614716,-3.1372463703155518,-6.164541991893202e-05,3135,,nan,24.507,1.03,93,4,23,0.7,895,0.012411005795001984,0.006806082092225552,0.020662497729063034,1500,1500,1418,1498,1897,1500,1897,1115
1783462094.8653,18.5404,0.02028,49.31,928,3259163,0.561,AUTOTUNE,AUTOTUNE,128,9.270200252532959,0.0,10.0,0.5,0.0,0.0,nan,nan,nan,nan,nan,nan,nan,nan,nan,nan,17.09638479501554,1.9285310684014083,10.419784247110812,0,0,-6.957882881164551,-1.9387575387954712,-0.40787357091903687,-0.001314197899773717,0.00590425543487072,-0.006876632105559111,nan,nan,nan,-0.030753150582313538,-0.007440226152539253,-3.137258768081665,-0.0007717858534306288,3135,,nan,24.507,1.03,93,4,23,0.7,895,0.012411005795001984,0.006806082092225552,0.020662497729063034,1500,1500,1418,1498,1897,1500,1897,1115
1783462094.8849,18.5603,0.01959,51.06,929,3259181,0.580,AUTOTUNE,AUTOTUNE,128,9.280165910720825,0.0,10.0,0.5,0.0,0.0,nan,nan,nan,nan,nan,nan,nan,nan,nan,nan,17.106695922232493,1.9271938807402036,10.419566342295118,0,0,-6.958041191101074,-1.93800950050354,-0.40772050619125366,-0.0014222542522475123,0.006244400981813669,-0.006839196663349867,nan,nan,nan,-0.030756352469325066,-0.007416551932692528,-3.1372597217559814,-0.00018805827130563557,3135,,nan,24.507,1.03,93,4,23,0.7,895,0.012411005795001984,0.006806082092225552,0.020662497729063034,1500,1500,1418,1498,1897,1500,1897,1115
1783462094.9053,18.5804,0.02041,49.01,930,3259201,0.601,AUTOTUNE,AUTOTUNE,128,9.290191531181335,0.0,10.0,0.5,0.0,0.0,nan,nan,nan,nan,nan,nan,nan,nan,nan,nan,17.117885845388905,1.9244271646116147,10.419227134711091,0,0,-6.958723545074463,-1.9365439414978027,-0.4073482155799866,-0.00170050747692585,0.0069956243969500065,-0.006858297158032656,nan,nan,nan,-0.030752062797546387,-0.007399018853902817,-3.137240171432495,0.0006667046109214425,3135,,nan,24.507,1.03,93,4,23,0.7,895,0.011899241246283054,0.005325854290276766,0.009823417291045189,1500,1500,1418,1498,1897,1500,1897,1115
1783462094.9252,18.6004,0.01996,50.11,931,3259223,0.621,AUTOTUNE,AUTOTUNE,128,9.300198674201965,0.0,10.0,0.5,0.0,0.0,nan,nan,nan,nan,nan,nan,nan,nan,nan,nan,17.128672790570285,1.9232314138400683,10.419446355149898,0,0,-6.959263801574707,-1.935693383216858,-0.40727096796035767,-0.001838809228502214,0.007194921374320984,-0.007029463071376085,nan,nan,nan,-0.030750546604394913,-0.007380250841379166,-3.137237310409546,0.00010715019016060978,3135,,nan,24.507,1.03,93,4,23,0.7,895,0.011899241246283054,0.005325854290276766,0.009823417291045189,1500,1500,1418,1498,1897,1500,1897,1115
1783462094.9451,18.6204,0.01989,50.29,932,3259241,0.641,AUTOTUNE,AUTOTUNE,128,9.310197114944458,0.0,10.0,0.5,0.0,0.0,nan,nan,nan,nan,nan,nan,nan,nan,nan,nan,17.140284179023194,1.9208097079520532,10.419314852519898,0,0,-6.960241794586182,-1.934259057044983,-0.40690165758132935,-0.0022054004948586226,0.00776498531922698,-0.007166761439293623,nan,nan,nan,-0.0307442769408226,-0.0073686763644218445,-3.137223958969116,0.0005721277557313442,3135,,nan,24.507,1.03,93,4,23,0.7,895,0.011899241246283054,0.005325854290276766,0.009823417291045189,1500,1500,1418,1498,1897,1500,1897,1115
1783462094.9653,18.6403,0.02019,49.54,933,3259261,0.661,AUTOTUNE,AUTOTUNE,128,9.320174813270569,0.0,10.0,0.5,0.0,0.0,nan,nan,nan,nan,nan,nan,nan,nan,nan,nan,17.1510059163331,1.9196815967219132,10.419601489433838,0,0,-6.960729598999023,-1.9334872961044312,-0.40679115056991577,-0.0023533375933766365,0.007970724254846573,-0.0073960525915026665,nan,nan,nan,-0.030736463144421577,-0.007357306778430939,-3.137221574783325,-9.46818181546405e-06,3135,,nan,24.507,1.03,93,4,23,0.7,895,0.011899241246283054,0.005325854290276766,0.009823417291045189,1500,1500,1418,1498,1897,1500,1897,1115
1783462094.9851,18.6603,0.01982,50.46,934,3259281,0.681,AUTOTUNE,AUTOTUNE,128,9.33014988899231,0.0,10.0,0.5,0.0,0.0,nan,nan,nan,nan,nan,nan,nan,nan,nan,nan,17.1619949810674,1.9173325196973292,10.419233616602648,0,0,-6.961604118347168,-1.9321612119674683,-0.406460702419281,-0.0024338604416698217,0.008561349473893642,-0.0073744454421103,nan,nan,nan,-0.030733004212379456,-0.007342265918850899,-3.137223482131958,-0.0003348260361235589,3135,,nan,24.507,1.03,93,4,23,0.7,895,0.011899241246283054,0.005325854290276766,0.009823417291045189,1500,1500,1418,1498,1897,1500,1897,1115
1783462095.0054,18.6805,0.02026,49.35,935,3259301,0.701,AUTOTUNE,AUTOTUNE,128,9.340242743492126,0.0,10.0,0.5,0.0,0.0,nan,nan,nan,nan,nan,nan,nan,nan,nan,nan,17.173218128693126,1.9152753761216879,10.418803060713486,0,0,-6.962413311004639,-1.9309182167053223,-0.4061726927757263,-0.0026192478835582733,0.009031398221850395,-0.0072921463288366795,nan,nan,nan,-0.030722791329026222,-0.007325170561671257,-3.1372222900390625,-3.662952076410875e-05,3135,,nan,24.507,1.03,93,4,23,0.7,895,0.011899241246283054,0.005325854290276766,0.009823417291045189,1500,1500,1418,1498,1897,1500,1897,1115
1783462095.0251,18.7003,0.01972,50.72,936,3259323,0.721,AUTOTUNE,AUTOTUNE,128,9.350173950195312,0.0,10.0,0.5,0.0,0.0,nan,nan,nan,nan,nan,nan,nan,nan,nan,nan,17.1837419420496,1.914145421013916,10.418735849913993,0,0,-6.962828636169434,-1.930208444595337,-0.40613502264022827,-0.0027216013986617327,0.009273990988731384,-0.007275091018527746,nan,nan,nan,-0.03072715736925602,-0.007311737164855003,-3.137212038040161,0.00021943227329757065,3135,,nan,24.507,1.03,93,4,23,0.7,895,0.011899241246283054,0.005325854290276766,0.009823417291045189,1500,1500,1418,1498,1897,1500,1897,1115
1783462095.0450,18.7204,0.01990,50.25,937,3259341,0.741,AUTOTUNE,AUTOTUNE,128,9.360184073448181,0.0,10.0,0.5,0.0,0.0,nan,nan,nan,nan,nan,nan,nan,nan,nan,nan,17.19424669971018,1.912326410180053,10.418079348268623,0,0,-6.963542938232422,-1.929089903831482,-0.4057537913322449,-0.0025947762187570333,0.009678407572209835,-0.007116163615137339,nan,nan,nan,-0.030716881155967712,-0.007301129400730133,-3.1371986865997314,0.0008699294994585216,3135,,nan,24.507,1.03,93,4,23,0.7,895,0.011899241246283054,0.005325854290276766,0.009823417291045189,1500,1500,1418,1498,1897,1500,1897,1115
1783462095.0653,18.7405,0.02032,49.21,938,3259363,0.761,AUTOTUNE,AUTOTUNE,128,9.370236158370972,0.0,10.0,0.5,0.0,0.0,nan,nan,nan,nan,nan,nan,nan,nan,nan,nan,17.205221225221816,1.9102637282416182,10.417718647780548,0,0,-6.96421480178833,-1.9279940128326416,-0.40532559156417847,-0.002739446936175227,0.010236584581434727,-0.007155134342610836,nan,nan,nan,-0.030704176053404808,-0.007303150370717049,-3.137202739715576,-0.00034408108331263065,3135,,nan,24.507,1.03,93,4,23,0.7,895,0.011899241246283054,0.005325854290276766,0.009823417291045189,1500,1500,1418,1498,1897,1500,1897,1115
1783462095.0854,18.7605,0.02005,49.88,939,3259381,0.781,AUTOTUNE,AUTOTUNE,128,9.380228042602539,0.0,10.0,0.5,0.0,0.0,nan,nan,nan,nan,nan,nan,nan,nan,nan,nan,17.215568548412204,1.9096417629490714,10.41797678761429,0,0,-6.964549541473389,-1.9274060726165771,-0.4051784873008728,-0.002751397667452693,0.010256228968501091,-0.007389102131128311,nan,nan,nan,-0.030703598633408546,-0.007298922166228294,-3.1372132301330566,-0.0007914780871942639,3135,,nan,24.507,1.03,93,4,23,0.7,895,0.011899241246283054,0.005325854290276766,0.009823417291045189,1500,1500,1418,1498,1897,1500,1897,1115
1783462095.1053,18.7804,0.01995,50.12,940,3259401,0.801,AUTOTUNE,AUTOTUNE,128,9.390188694000244,0.0,10.0,0.5,0.0,0.0,nan,nan,nan,nan,nan,nan,nan,nan,nan,nan,17.22589651322811,1.9080105613192444,10.417684297903103,0,0,-6.965145111083984,-1.9264225959777832,-0.4048181176185608,-0.002619613893330097,0.010630193166434765,-0.007428292650729418,nan,nan,nan,-0.030703844502568245,-0.007286012172698975,-3.137218952178955,-0.0005162365268915892,3135,,nan,24.507,1.03,93,4,23,0.7,895,0.011899241246283054,0.007717101834714413,0.009823417291045189,1500,1500,1418,1498,1897,1500,1897,1115
1783462095.1252,18.8003,0.01986,50.35,941,3259421,0.821,AUTOTUNE,AUTOTUNE,128,9.400148272514343,0.0,10.0,0.5,0.0,0.0,nan,nan,nan,nan,nan,nan,nan,nan,nan,nan,17.23664034737005,1.907037192209519,10.417621048647115,0,0,-6.965455532073975,-1.9258407354354858,-0.4047319293022156,-0.002893182449042797,0.01085623074322939,-0.007441536523401737,nan,nan,nan,-0.030705487355589867,-0.0072764139622449875,-3.137209892272949,0.0003239656798541546,3135,,nan,24.507,1.03,93,4,23,0.7,895,0.011899241246283054,0.007717101834714413,0.009823417291045189,1500,1500,1418,1498,1897,1500,1897,1115
1783462095.1453,18.8204,0.02011,49.72,942,3259441,0.841,AUTOTUNE,AUTOTUNE,128,9.410187125205994,0.0,10.0,0.5,0.0,0.0,nan,nan,nan,nan,nan,nan,nan,nan,nan,nan,17.248181412126282,1.905308839288911,10.416052169755273,0,0,-6.966635704040527,-1.9247677326202393,-0.40346723794937134,-0.003079112386330962,0.01123459730297327,-0.007265913765877485,nan,nan,nan,-0.030700400471687317,-0.007272159680724144,-3.1371984481811523,0.0006177699542604387,3135,,nan,24.507,1.03,93,4,23,0.7,895,0.011899241246283054,0.007717101834714413,0.009823417291045189,1500,1500,1418,1498,1897,1500,1897,1115
1783462095.1649,18.8403,0.01959,51.05,943,3259463,0.861,AUTOTUNE,AUTOTUNE,128,9.420161724090576,0.0,10.0,0.5,0.0,0.0,nan,nan,nan,nan,nan,nan,nan,nan,nan,nan,17.259814633940394,1.903625677539656,10.414276598586069,0,0,-6.967741012573242,-1.923729419708252,-0.4022400975227356,-0.0033985686022788286,0.011606900952756405,-0.006949277129024267,nan,nan,nan,-0.03068738617002964,-0.0072584934532642365,-3.1371958255767822,-1.0234587534796447e-05,3135,,nan,24.507,1.03,93,4,23,0.7,895,0.011899241246283054,0.007717101834714413,0.009823417291045189,1500,1500,1418,1498,1897,1500,1897,1115
1783462095.1854,18.8604,0.02046,48.88,944,3259481,0.881,AUTOTUNE,AUTOTUNE,128,9.430221438407898,0.0,10.0,0.5,0.0,0.0,nan,nan,nan,nan,nan,nan,nan,nan,nan,nan,17.270798628674317,1.9027139812350984,10.413394059398344,0,0,-6.968285083770752,-1.923164963722229,-0.4017084240913391,-0.003618082497268915,0.011807380244135857,-0.006746704690158367,nan,nan,nan,-0.030674880370497704,-0.007241874933242798,-3.1372013092041016,-0.0003384091251064092,3135,,nan,24.507,1.03,93,4,23,0.7,895,0.011899241246283054,0.007717101834714413,0.009823417291045189,1500,1500,1418,1498,1897,1500,1897,1115
1783462095.2054,18.8803,0.02003,49.93,945,3259501,0.901,AUTOTUNE,AUTOTUNE,128,9.44017219543457,0.0,10.0,0.5,0.0,0.0,nan,nan,nan,nan,nan,nan,nan,nan,nan,nan,17.28208141865329,1.9017217889278486,10.412210735642825,0,0,-6.969271183013916,-1.9222440719604492,-0.4006320834159851,-0.0038178074173629284,0.011848545633256435,-0.006684937980026007,nan,nan,nan,-0.030662396922707558,-0.007248463109135628,-3.137197256088257,2.3764147044857964e-05,3135,,nan,24.507,1.03,93,4,23,0.7,895,0.011899241246283054,0.007717101834714413,0.009823417291045189,1500,1500,1418,1498,1897,1500,1897,1115
1783462095.2249,18.9003,0.01952,51.22,946,3259521,0.921,AUTOTUNE,AUTOTUNE,128,9.450161576271057,0.0,10.0,0.5,0.0,0.0,nan,nan,nan,nan,nan,nan,nan,nan,nan,nan,17.29317588850303,1.9009570054864136,10.41199424992299,0,0,-6.969778537750244,-1.9216904640197754,-0.4001980423927307,-0.004162909463047981,0.011970467865467072,-0.006810543593019247,nan,nan,nan,-0.030663205310702324,-0.007250828668475151,-3.137199878692627,-0.0002957805118057877,3135,,nan,24.507,1.03,93,4,23,0.7,895,0.011899241246283054,0.007717101834714413,0.009823417291045189,1500,1500,1418,1498,1897,1500,1897,1115
1783462095.2453,18.9203,0.02035,49.15,947,3259541,0.941,AUTOTUNE,AUTOTUNE,128,9.460164785385132,0.0,10.0,0.5,0.0,0.0,nan,nan,nan,nan,nan,nan,nan,nan,nan,nan,17.30484300925192,1.8996870749846146,10.41079541348434,0,0,-6.970669746398926,-1.9208571910858154,-0.39924997091293335,-0.0046090297400951385,0.012222572229802608,-0.0066657643765211105,nan,nan,nan,-0.03064838796854019,-0.007251404225826263,-3.1372110843658447,-0.000716454116627574,3135,,nan,24.507,1.03,93,4,23,0.7,895,0.011899241246283054,0.007717101834714413,0.009823417291045189,1500,1500,1418,1498,1897,1500,1897,1115
1783462095.2652,18.9403,0.01998,50.04,948,3259563,0.961,AUTOTUNE,AUTOTUNE,128,9.47013008594513,0.0,10.0,0.5,0.0,0.0,nan,nan,nan,nan,nan,nan,nan,nan,nan,nan,17.316011849686596,1.898577625860903,10.409504487181895,0,0,-6.971514701843262,-1.9200438261032104,-0.39838463068008423,-0.004816058557480574,0.01239351648837328,-0.006420052144676447,nan,nan,nan,-0.030638547614216805,-0.007245611399412155,-3.1372015476226807,0.00018019395065493882,3135,,nan,24.507,1.03,93,4,23,0.7,895,0.011899241246283054,0.007717101834714413,0.009823417291045189,1500,1500,1418,1498,1897,1500,1897,1115
1783462095.2853,18.9604,0.02008,49.81,949,3259581,0.981,AUTOTUNE,AUTOTUNE,128,9.480193018913269,0.0,10.0,0.5,0.0,0.0,nan,nan,nan,nan,nan,nan,nan,nan,nan,nan,17.326860576604577,1.89812369504296,10.409044245235023,0,0,-6.971945762634277,-1.9195835590362549,-0.3980204463005066,-0.005020863842219114,0.01238985825330019,-0.006364593282341957,nan,nan,nan,-0.03063371032476425,-0.007247768342494965,-3.1372005939483643,0.0001603077253093943,3135,,nan,24.507,1.03,93,4,23,0.7,895,0.011899241246283054,0.007717101834714413,0.009823417291045189,1500,1500,1418,1498,1897,1500,1897,1115
1783462095.3067,18.9804,0.02142,46.69,950,3259606,0.002,AUTOTUNE,AUTOTUNE,128,9.490178942680359,0.0,10.0,0.5,0.0,0.0,nan,nan,nan,nan,nan,nan,nan,nan,nan,nan,17.337967921538695,1.897015465358737,10.40805230463177,0,0,-6.972726345062256,-1.9188075065612793,-0.3972906470298767,-0.0052176471799612045,0.012581640854477882,-0.006213245913386345,nan,nan,nan,-0.03062087669968605,-0.007264940068125725,-3.13720703125,-0.00047665738384239376,3135,,nan,24.509,1.0,93,4,23,0.7,895,0.011899241246283054,0.007717101834714413,0.009823417291045189,1500,1500,1418,1498,1897,1500,1897,1115
1783462095.3250,19.0003,0.01822,54.89,951,3259623,0.021,AUTOTUNE,AUTOTUNE,128,9.500142812728882,0.0,10.0,0.5,0.0,0.0,nan,nan,nan,nan,nan,nan,nan,nan,nan,nan,17.348517031296915,1.8965008732858162,10.407456740864982,0,0,-6.9731268882751465,-1.9183706045150757,-0.3969840407371521,-0.005324281752109528,0.012626495212316513,-0.006046416237950325,nan,nan,nan,-0.03062078170478344,-0.007271271198987961,-3.1372032165527344,-0.00015677631017751992,3135,,nan,24.509,1.0,93,4,23,0.7,895,0.012297004461288452,0.0013298465637490153,0.018531112000346184,1500,1500,1418,1498,1897,1500,1897,1115
1783462095.3452,19.0203,0.02029,49.28,952,3259641,0.041,AUTOTUNE,AUTOTUNE,128,9.51017427444458,0.0,10.0,0.5,0.0,0.0,nan,nan,nan,nan,nan,nan,nan,nan,nan,nan,17.360315498969765,1.8957755995455634,10.406866948666499,0,0,-6.974155426025391,-1.9175536632537842,-0.396526038646698,-0.005750636570155621,0.01257357094436884,-0.00597032718360424,nan,nan,nan,-0.030613800510764122,-0.007271487265825272,-3.1371965408325195,0.00034942064667120576,3135,,nan,24.509,1.0,93,4,23,0.7,895,0.012297004461288452,0.0013298465637490153,0.018531112000346184,1500,1500,1418,1498,1897,1500,1897,1115
1783462095.3649,19.0403,0.01970,50.76,953,3259661,0.061,AUTOTUNE,AUTOTUNE,128,9.520168542861938,0.0,10.0,0.5,0.0,0.0,nan,nan,nan,nan,nan,nan,nan,nan,nan,nan,17.370877619956534,1.8952531519150806,10.406606627339047,0,0,-6.974709510803223,-1.9170228242874146,-0.39637845754623413,-0.005758585408329964,0.01256872620433569,-0.005905236583203077,nan,nan,nan,-0.03059946745634079,-0.007269624620676041,-3.1371870040893555,8.155040995916352e-05,3135,,nan,24.509,1.0,93,4,23,0.7,895,0.012297004461288452,0.0013298465637490153,0.018531112000346184,1500,1500,1418,1498,1897,1500,1897,1115
1783462095.3854,19.0605,0.02049,48.81,954,3259681,0.081,AUTOTUNE,AUTOTUNE,128,9.530233263969421,0.0,10.0,0.5,0.0,0.0,nan,nan,nan,nan,nan,nan,nan,nan,nan,nan,17.382437854203108,1.8944135525650163,10.406197224074006,0,0,-6.975649356842041,-1.9162603616714478,-0.395996630191803,-0.006079399958252907,0.012613261118531227,-0.005889315623790026,nan,nan,nan,-0.030583638697862625,-0.007266126573085785,-3.1371817588806152,2.662920451257378e-05,3135,,nan,24.509,1.0,93,4,23,0.7,895,0.012297004461288452,0.0013298465637490153,0.018531112000346184,1500,1500,1418,1498,1897,1500,1897,1115
1783462095.4055,19.0804,0.02008,49.79,955,3259701,0.101,AUTOTUNE,AUTOTUNE,128,9.540176272392273,0.0,10.0,0.5,0.0,0.0,nan,nan,nan,nan,nan,nan,nan,nan,nan,nan,17.393489549127604,1.8935905819011283,10.405477378333863,0,0,-6.976524353027344,-1.9155465364456177,-0.39565879106521606,-0.0062143211252987385,0.01267627626657486,-0.005668764002621174,nan,nan,nan,-0.030573593452572823,-0.007257005199790001,-3.137181282043457,-0.00010019939509220421,3135,,nan,24.509,1.0,93,4,23,0.7,895,0.012297004461288452,0.0013298465637490153,0.018531112000346184,1500,1500,1418,1498,1897,1500,1897,1115
1783462095.4256,19.1005,0.02011,49.72,956,3259723,0.121,AUTOTUNE,AUTOTUNE,128,9.550226330757141,0.0,10.0,0.5,0.0,0.0,nan,nan,nan,nan,nan,nan,nan,nan,nan,nan,17.403906687870222,1.893106741082358,10.405410233959705,0,0,-6.977017402648926,-1.9150489568710327,-0.39557522535324097,-0.006141592748463154,0.01266834419220686,-0.005678244866430759,nan,nan,nan,-0.030565515160560608,-0.00724678672850132,-3.1371853351593018,-0.00044371408876031637,3135,,nan,24.509,1.0,93,4,23,0.7,895,0.012297004461288452,0.0013298465637490153,0.018531112000346184,1500,1500,1418,1498,1897,1500,1897,1115
1783462095.4454,19.1205,0.01974,50.65,957,3259741,0.141,AUTOTUNE,AUTOTUNE,128,9.560229659080505,0.0,10.0,0.5,0.0,0.0,nan,nan,nan,nan,nan,nan,nan,nan,nan,nan,17.415193515668964,1.8920921311722032,10.404851842765789,0,0,-6.977786064147949,-1.9144372940063477,-0.39522749185562134,-0.006438834592700005,0.012900985777378082,-0.005556621588766575,nan,nan,nan,-0.030556995421648026,-0.007253015413880348,-3.1371917724609375,-0.0005305877421051264,3135,,nan,24.509,1.0,93,4,23,0.7,895,0.012297004461288452,0.0013298465637490153,0.018531112000346184,1500,1500,1418,1498,1897,1500,1897,1115
1783462095.4653,19.1404,0.01994,50.15,958,3259761,0.161,AUTOTUNE,AUTOTUNE,128,9.570184350013733,0.0,10.0,0.5,0.0,0.0,nan,nan,nan,nan,nan,nan,nan,nan,nan,nan,17.42599392917063,1.8919303628568676,10.40476802822617,0,0,-6.978225231170654,-1.9140024185180664,-0.39510756731033325,-0.006673559546470642,0.012743307277560234,-0.00557746971026063,nan,nan,nan,-0.030546117573976517,-0.007261220365762711,-3.137176990509033,0.0004261386930011213,3135,,nan,24.509,1.0,93,4,23,0.7,895,0.012297004461288452,0.0013298465637490153,0.018531112000346184,1500,1500,1418,1498,1897,1500,1897,1115
1783462095.4853,19.1604,0.01998,50.05,959,3259781,0.181,AUTOTUNE,AUTOTUNE,128,9.58019232749939,0.0,10.0,0.5,0.0,0.0,nan,nan,nan,nan,nan,nan,nan,nan,nan,nan,17.437098905711863,1.8913216957052128,10.404175289785535,0,0,-6.978937149047852,-1.913421869277954,-0.3947853446006775,-0.006895886268466711,0.012759541161358356,-0.005421287380158901,nan,nan,nan,-0.030543068423867226,-0.007264416664838791,-3.1371798515319824,-4.591680772136897e-05,3135,,nan,24.509,1.0,93,4,23,0.7,895,0.012297004461288452,0.0013298465637490153,0.018531112000346184,1500,1500,1418,1498,1897,1500,1897,1115
1783462095.5051,19.1803,0.01983,50.44,960,3259801,0.201,AUTOTUNE,AUTOTUNE,128,9.59014618396759,0.0,10.0,0.5,0.0,0.0,nan,nan,nan,nan,nan,nan,nan,nan,nan,nan,17.448461642646585,1.8898415169238088,10.404403190746322,0,0,-6.979781150817871,-1.9124325513839722,-0.39466148614883423,-0.007222019135951996,0.013042939826846123,-0.005624375771731138,nan,nan,nan,-0.030542923137545586,-0.007260078564286232,-3.1371712684631348,0.00015930520021356642,3135,,nan,24.509,1.0,93,4,23,0.7,895,0.013790363445878029,0.003016409697011113,0.013154261745512486,1500,1500,1418,1498,1897,1500,1897,1115
1783462095.5249,19.2004,0.01980,50.51,961,3259823,0.221,AUTOTUNE,AUTOTUNE,128,9.600184321403503,0.0,10.0,0.5,0.0,0.0,nan,nan,nan,nan,nan,nan,nan,nan,nan,nan,17.458727688924466,1.8885900799359012,10.4048659628683,0,0,-6.980355262756348,-1.9115841388702393,-0.3947569727897644,-0.007022138684988022,0.013275626115500927,-0.005836428143084049,nan,nan,nan,-0.030541416257619858,-0.007256438955664635,-3.137169599533081,-0.00019265772425569594,3135,,nan,24.509,1.0,93,4,23,0.7,895,0.013790363445878029,0.003016409697011113,0.013154261745512486,1500,1500,1418,1498,1897,1500,1897,1115
1783462095.5447,19.2203,0.01979,50.54,962,3259841,0.240,AUTOTUNE,AUTOTUNE,128,9.610155463218689,0.0,10.0,0.5,0.0,0.0,nan,nan,nan,nan,nan,nan,nan,nan,nan,nan,17.470086230279826,1.886657322251036,10.405042172499252,0,0,-6.981261253356934,-1.9103039503097534,-0.39478248357772827,-0.007300080265849829,0.013652387075126171,-0.0059234341606497765,nan,nan,nan,-0.030538570135831833,-0.007261393591761589,-3.137176036834717,-0.00047579535748809576,3135,,nan,24.509,1.0,93,4,23,0.7,895,0.013790363445878029,0.003016409697011113,0.013154261745512486,1500,1500,1418,1498,1897,1500,1897,1115
1783462095.5653,19.2404,0.02057,48.61,963,3259861,0.261,AUTOTUNE,AUTOTUNE,128,9.6202232837677,0.0,10.0,0.5,0.0,0.0,nan,nan,nan,nan,nan,nan,nan,nan,nan,nan,17.480551364691014,1.8857081421402553,10.405316376106775,0,0,-6.9817681312561035,-1.909546136856079,-0.39485496282577515,-0.0072368234395980835,0.01376287266612053,-0.0060398997738957405,nan,nan,nan,-0.030535748228430748,-0.007249588146805763,-3.137169361114502,0.0002451498294249177,3135,,nan,24.509,1.0,93,4,23,0.7,895,0.013790363445878029,0.003016409697011113,0.013154261745512486,1500,1500,1418,1498,1897,1500,1897,1115
1783462095.5847,19.2603,0.01942,51.50,964,3259881,0.280,AUTOTUNE,AUTOTUNE,128,9.630152463912964,0.0,10.0,0.5,0.0,0.0,nan,nan,nan,nan,nan,nan,nan,nan,nan,nan,17.49130507518484,1.883707086108517,10.405338271130367,0,0,-6.9825944900512695,-1.9083571434020996,-0.3948943018913269,-0.007235767785459757,0.014231717213988304,-0.006029828451573849,nan,nan,nan,-0.030531303957104683,-0.007249651476740837,-3.1371636390686035,0.00018844376609195024,3135,,nan,24.509,1.0,93,4,23,0.7,895,0.013790363445878029,0.003016409697011113,0.013154261745512486,1500,1500,1418,1498,1897,1500,1897,1115
1783462095.6053,19.2804,0.02061,48.53,965,3259901,0.301,AUTOTUNE,AUTOTUNE,128,9.64017653465271,0.0,10.0,0.5,0.0,0.0,nan,nan,nan,nan,nan,nan,nan,nan,nan,nan,17.50253158269176,1.8814936095382506,10.405648715835715,0,0,-6.983361721038818,-1.9072352647781372,-0.3949478268623352,-0.00748703395947814,0.01486195158213377,-0.006178161129355431,nan,nan,nan,-0.030527468770742416,-0.007254015654325485,-3.1371560096740723,9.014896932058036e-05,3135,,nan,24.509,1.0,93,4,23,0.7,895,0.013790363445878029,0.003016409697011113,0.013154261745512486,1500,1500,1418,1498,1897,1500,1897,1115
1783462095.6251,19.3004,0.01985,50.39,966,3259923,0.321,AUTOTUNE,AUTOTUNE,128,9.650188684463501,0.0,10.0,0.5,0.0,0.0,nan,nan,nan,nan,nan,nan,nan,nan,nan,nan,17.513055311043853,1.8804852569962223,10.406039853696113,0,0,-6.983818054199219,-1.906509280204773,-0.39506059885025024,-0.007518929895013571,0.015024976804852486,-0.006338875740766525,nan,nan,nan,-0.030536366626620293,-0.0072457436472177505,-3.1371500492095947,5.397681161412038e-05,3135,,nan,24.509,1.0,93,4,23,0.7,895,0.013790363445878029,0.003016409697011113,0.013154261745512486,1500,1500,1418,1498,1897,1500,1897,1115
1783462095.6453,19.3205,0.02017,49.57,967,3259941,0.341,AUTOTUNE,AUTOTUNE,128,9.660230278968811,0.0,10.0,0.5,0.0,0.0,nan,nan,nan,nan,nan,nan,nan,nan,nan,nan,17.524087447297173,1.8792120367170524,10.406246597212721,0,0,-6.984492778778076,-1.9055166244506836,-0.39514654874801636,-0.007701267022639513,0.015186960808932781,-0.006408615969121456,nan,nan,nan,-0.0305378008633852,-0.007235929369926453,-3.137145757675171,6.024565664120018e-07,3135,,nan,24.509,1.0,93,4,23,0.7,895,0.013790363445878029,0.003016409697011113,0.013154261745512486,1500,1500,1418,1498,1897,1500,1897,1115
1783462095.6653,19.3404,0.02002,49.96,968,3259961,0.361,AUTOTUNE,AUTOTUNE,128,9.670222878456116,0.0,10.0,0.5,0.0,0.0,nan,nan,nan,nan,nan,nan,nan,nan,nan,nan,17.534553519158905,1.8784012981967086,10.406472242523236,0,0,-6.984896183013916,-1.9048761129379272,-0.39527493715286255,-0.0077417208813130856,0.015285241417586803,-0.006464767269790173,nan,nan,nan,-0.030543629080057144,-0.007245287299156189,-3.137150764465332,-0.0003162622160743922,3135,,nan,24.509,1.0,93,4,23,0.7,895,0.013790363445878029,0.003016409697011113,0.013154261745512486,1500,1500,1418,1498,1897,1500,1897,1115
1783462095.6852,19.3604,0.01982,50.46,969,3259981,0.381,AUTOTUNE,AUTOTUNE,128,9.680208086967468,0.0,10.0,0.5,0.0,0.0,nan,nan,nan,nan,nan,nan,nan,nan,nan,nan,17.54536217592809,1.877029075405341,10.406627429426402,0,0,-6.985520362854004,-1.903934121131897,-0.39541226625442505,-0.007856768555939198,0.015533635392785072,-0.006475077476352453,nan,nan,nan,-0.030544769018888474,-0.007251117378473282,-3.1371428966522217,0.00012194013106636703,3135,,nan,24.509,1.0,93,4,23,0.7,895,0.013790363445878029,0.003016409697011113,0.013154261745512486,1500,1500,1418,1498,1897,1500,1897,1115
1783462095.7055,19.3804,0.02033,49.18,970,3260001,0.401,AUTOTUNE,AUTOTUNE,128,9.69019067287445,0.0,10.0,0.5,0.0,0.0,nan,nan,nan,nan,nan,nan,nan,nan,nan,nan,17.55712472156973,1.8756501189289614,10.407605277264773,0,0,-6.986430644989014,-1.9031091928482056,-0.39570504426956177,-0.008358877152204514,0.015853503718972206,-0.00687060272321105,nan,nan,nan,-0.030545014888048172,-0.007253745570778847,-3.1371536254882812,-0.0005929468898102641,3135,,nan,24.509,1.0,93,4,23,0.7,895,0.013207808136940002,0.0013752919621765614,0.013323081657290459,1500,1500,1418,1498,1897,1500,1897,1115
1783462095.7249,19.4002,0.01945,51.41,971,3260023,0.421,AUTOTUNE,AUTOTUNE,128,9.700104832649231,0.0,10.0,0.5,0.0,0.0,nan,nan,nan,nan,nan,nan,nan,nan,nan,nan,17.567730577290355,1.875179175061751,10.40794308911207,0,0,-6.987130641937256,-1.9025465250015259,-0.39601272344589233,-0.008354084566235542,0.01580054685473442,-0.006887999828904867,nan,nan,nan,-0.030533714219927788,-0.0072506871074438095,-3.137155771255493,-0.0002342001534998417,3135,,nan,24.509,1.0,93,4,23,0.7,895,0.013207808136940002,0.0013752919621765614,0.013323081657290459,1500,1500,1418,1498,1897,1500,1897,1115
1783462095.7452,19.4204,0.02024,49.40,972,3260041,0.441,AUTOTUNE,AUTOTUNE,128,9.71019983291626,0.0,10.0,0.5,0.0,0.0,nan,nan,nan,nan,nan,nan,nan,nan,nan,nan,17.57975247565167,1.8747247303777317,10.40846634074282,0,0,-6.988238334655762,-1.9018921852111816,-0.39627498388290405,-0.008827053010463715,0.01568513736128807,-0.0070386831648647785,nan,nan,nan,-0.030534368008375168,-0.00725567527115345,-3.137151002883911,-0.00018049930804409087,3135,,nan,24.509,1.0,93,4,23,0.7,895,0.013207808136940002,0.0013752919621765614,0.013323081657290459,1500,1500,1418,1498,1897,1500,1897,1115
1783462095.7653,19.4405,0.02007,49.82,973,3260061,0.461,AUTOTUNE,AUTOTUNE,128,9.72022831439972,0.0,10.0,0.5,0.0,0.0,nan,nan,nan,nan,nan,nan,nan,nan,nan,nan,17.590708370700124,1.8744452435358552,10.408347247117655,0,0,-6.988863468170166,-1.9014040231704712,-0.3964133858680725,-0.009001574479043484,0.015564658679068089,-0.006890018004924059,nan,nan,nan,-0.030536958947777748,-0.007255980744957924,-3.1371397972106934,0.000522989546880126,3135,,nan,24.509,1.0,93,4,23,0.7,895,0.013207808136940002,0.0013752919621765614,0.013323081657290459,1500,1500,1418,1498,1897,1500,1897,1115
1783462095.7852,19.4603,0.01996,50.11,974,3260081,0.481,AUTOTUNE,AUTOTUNE,128,9.730151176452637,0.0,10.0,0.5,0.0,0.0,nan,nan,nan,nan,nan,nan,nan,nan,nan,nan,17.601811911654686,1.8738106219119546,10.408524840299131,0,0,-6.9898810386657715,-1.9007763862609863,-0.3965528607368469,-0.009095745161175728,0.015568691305816174,-0.00691202562302351,nan,nan,nan,-0.030536340549588203,-0.007260272279381752,-3.13714599609375,-0.00031424249755218625,3135,,nan,24.509,1.0,93,4,23,0.7,895,0.013207808136940002,0.0013752919621765614,0.013323081657290459,1500,1500,1418,1498,1897,1500,1897,1115
1783462095.8068,19.4803,0.02156,46.37,975,3260106,0.502,AUTOTUNE,AUTOTUNE,128,9.740146398544312,0.0,10.0,0.5,0.0,0.0,nan,nan,nan,nan,nan,nan,nan,nan,nan,nan,17.6130921143772,1.8727678268795176,10.409078462477874,0,0,-6.990879058837891,-1.900098204612732,-0.39673882722854614,-0.009261421859264374,0.015779200941324234,-0.007124291732907295,nan,nan,nan,-0.0305237527936697,-0.0072633493691682816,-3.1371495723724365,-0.00043183332309126854,3135,,nan,24.502,1.0,93,4,23,0.7,895,0.013207808136940002,0.0013752919621765614,0.013323081657290459,1500,1500,1418,1498,1897,1500,1897,1115
1783462095.8251,19.5003,0.01830,54.66,976,3260123,0.521,AUTOTUNE,AUTOTUNE,128,9.750152111053467,0.0,10.0,0.5,0.0,0.0,nan,nan,nan,nan,nan,nan,nan,nan,nan,nan,17.623741481780904,1.8720816118190353,10.40945623784328,0,0,-6.991399765014648,-1.8996894359588623,-0.3968735337257385,-0.009332406334578991,0.015939384698867798,-0.007264627609401941,nan,nan,nan,-0.030534230172634125,-0.007282344624400139,-3.1371543407440186,-0.0002480335533618927,3135,,nan,24.502,1.0,93,4,23,0.7,895,0.013207808136940002,0.0013752919621765614,0.013323081657290459,1500,1500,1418,1498,1897,1500,1897,1115
1783462095.8449,19.5203,0.01985,50.38,977,3260141,0.541,AUTOTUNE,AUTOTUNE,128,9.760155320167542,0.0,10.0,0.5,0.0,0.0,nan,nan,nan,nan,nan,nan,nan,nan,nan,nan,17.634408424321034,1.8720599945974015,10.409994397038329,0,0,-6.992232799530029,-1.8991810083389282,-0.3970034718513489,-0.009234660305082798,0.01565832458436489,-0.007500314153730869,nan,nan,nan,-0.030528245493769646,-0.007279094308614731,-3.1371476650238037,0.00010962353553622961,3135,,nan,24.502,1.0,93,4,23,0.7,895,0.013207808136940002,0.0013752919621765614,0.013323081657290459,1500,1500,1418,1498,1897,1500,1897,1115
1783462095.8654,19.5404,0.02046,48.87,978,3260161,0.561,AUTOTUNE,AUTOTUNE,128,9.77019190788269,0.0,10.0,0.5,0.0,0.0,nan,nan,nan,nan,nan,nan,nan,nan,nan,nan,17.645053095930674,1.871764911851818,10.410157672402184,0,0,-6.992731094360352,-1.8987653255462646,-0.3971465229988098,-0.009298047050833702,0.015588696114718914,-0.007511990610510111,nan,nan,nan,-0.030523236840963364,-0.00729193352162838,-3.137148380279541,-8.73533426783979e-05,3135,,nan,24.502,1.0,93,4,23,0.7,895,0.013207808136940002,0.0013752919621765614,0.013323081657290459,1500,1500,1418,1498,1897,1500,1897,1115
1783462095.8849,19.5603,0.01956,51.11,979,3260181,0.581,AUTOTUNE,AUTOTUNE,128,9.78016722202301,0.0,10.0,0.5,0.0,0.0,nan,nan,nan,nan,nan,nan,nan,nan,nan,nan,17.655452695473706,1.8712668517474482,10.410467946495562,0,0,-6.993500232696533,-1.8982688188552856,-0.39729052782058716,-0.009098946116864681,0.015589592978358269,-0.007607986219227314,nan,nan,nan,-0.030520837754011154,-0.007307002320885658,-3.137138843536377,0.00014418117643799633,3135,,nan,24.502,1.0,93,4,23,0.7,895,0.013207808136940002,0.0013752919621765614,0.013323081657290459,1500,1500,1418,1498,1897,1500,1897,1115
1783462095.9055,19.5805,0.02057,48.61,980,3260201,0.601,AUTOTUNE,AUTOTUNE,128,9.790250301361084,0.0,10.0,0.5,0.0,0.0,nan,nan,nan,nan,nan,nan,nan,nan,nan,nan,17.666761470232586,1.8710558201101828,10.411205491423706,0,0,-6.994328022003174,-1.8976951837539673,-0.3977814316749573,-0.00932867731899023,0.01538024377077818,-0.007750384509563446,nan,nan,nan,-0.03051900863647461,-0.007305128499865532,-3.137143135070801,-0.00012022038572467864,3135,,nan,24.502,1.0,93,4,23,0.7,895,0.01393091306090355,0.0010303998133167624,0.014698009938001633,1500,1500,1418,1498,1897,1500,1897,1115
1783462095.9249,19.6003,0.01940,51.55,981,3260223,0.621,AUTOTUNE,AUTOTUNE,128,9.80016279220581,0.0,10.0,0.5,0.0,0.0,nan,nan,nan,nan,nan,nan,nan,nan,nan,nan,17.677505130089163,1.870290996878158,10.412071688319019,0,0,-6.994893550872803,-1.8971748352050781,-0.3982848525047302,-0.009482044726610184,0.015521391294896603,-0.00795983336865902,nan,nan,nan,-0.03051924891769886,-0.0073261260986328125,-3.1371371746063232,0.00011998679838143289,3135,,nan,24.502,1.0,93,4,23,0.7,895,0.01393091306090355,0.0010303998133167624,0.014698009938001633,1500,1500,1418,1498,1897,1500,1897,1115
1783462095.9455,19.6204,0.02062,48.49,982,3260241,0.641,AUTOTUNE,AUTOTUNE,128,9.810187697410583,0.0,10.0,0.5,0.0,0.0,nan,nan,nan,nan,nan,nan,nan,nan,nan,nan,17.68826571209019,1.8695037771343803,10.413366133671817,0,0,-6.995712757110596,-1.896602988243103,-0.3989998698234558,-0.009433818981051445,0.015645736828446388,-0.008294366300106049,nan,nan,nan,-0.030510639771819115,-0.007322132587432861,-3.1371352672576904,-0.00012939173029735684,3135,,nan,24.502,1.0,93,4,23,0.7,895,0.01393091306090355,0.0010303998133167624,0.014698009938001633,1500,1500,1418,1498,1897,1500,1897,1115
1783462095.9653,19.6404,0.01972,50.70,983,3260263,0.661,AUTOTUNE,AUTOTUNE,128,9.82018792629242,0.0,10.0,0.5,0.0,0.0,nan,nan,nan,nan,nan,nan,nan,nan,nan,nan,17.699308915085872,1.8687298047732264,10.414547930094498,0,0,-6.996521949768066,-1.8959861993789673,-0.39968591928482056,-0.009568792767822742,0.01573648676276207,-0.008580585941672325,nan,nan,nan,-0.030518872663378716,-0.007326871156692505,-3.137141227722168,-0.0002943543950095773,3135,,nan,24.502,1.0,93,4,23,0.7,895,0.01393091306090355,0.0010303998133167624,0.014698009938001633,1500,1500,1418,1498,1897,1500,1897,1115
1783462095.9851,19.6604,0.01980,50.51,984,3260281,0.681,AUTOTUNE,AUTOTUNE,128,9.830207705497742,0.0,10.0,0.5,0.0,0.0,nan,nan,nan,nan,nan,nan,nan,nan,nan,nan,17.709987259748498,1.868667392902814,10.415070138130638,0,0,-6.99696159362793,-1.8956023454666138,-0.40006953477859497,-0.009695187211036682,0.015550902113318443,-0.008660602383315563,nan,nan,nan,-0.03052111715078354,-0.0073371268808841705,-3.1371381282806396,-0.00014514391659758985,3135,,nan,24.502,1.0,93,4,23,0.7,895,0.01393091306090355,0.0010303998133167624,0.014698009938001633,1500,1500,1418,1498,1897,1500,1897,1115
1783462096.0051,19.6804,0.02003,49.94,985,3260301,0.701,AUTOTUNE,AUTOTUNE,128,9.840202331542969,0.0,10.0,0.5,0.0,0.0,nan,nan,nan,nan,nan,nan,nan,nan,nan,nan,17.720852513465132,1.8682436267842772,10.416254704369404,0,0,-6.997672080993652,-1.8950785398483276,-0.4006953835487366,-0.009787644259631634,0.015493144281208515,-0.008983178064227104,nan,nan,nan,-0.03050941973924637,-0.007347209379076958,-3.1371312141418457,-1.4706587535329163e-05,3135,,nan,24.502,1.0,93,4,23,0.7,895,0.01393091306090355,0.0010303998133167624,0.014698009938001633,1500,1500,1418,1498,1897,1500,1897,1115
1783462096.0251,19.7004,0.01998,50.05,986,3260321,0.721,AUTOTUNE,AUTOTUNE,128,9.850176692008972,0.0,10.0,0.5,0.0,0.0,nan,nan,nan,nan,nan,nan,nan,nan,nan,nan,17.73155453510847,1.8678226728283656,10.416610758578136,0,0,-6.99810791015625,-1.8946733474731445,-0.40108853578567505,-0.009956133551895618,0.015502244234085083,-0.008961759507656097,nan,nan,nan,-0.03051614947617054,-0.007352983579039574,-3.1371235847473145,0.0004293941310606897,3135,,nan,24.502,1.0,93,4,23,0.7,895,0.01393091306090355,0.0010303998133167624,0.014698009938001633,1500,1500,1418,1498,1897,1500,1897,1115
1783462096.0452,19.7204,0.02017,49.57,987,3260341,0.741,AUTOTUNE,AUTOTUNE,128,9.860221862792969,0.0,10.0,0.5,0.0,0.0,nan,nan,nan,nan,nan,nan,nan,nan,nan,nan,17.742066731739293,1.8674021725189494,10.417393752963328,0,0,-6.998744964599609,-1.8942005634307861,-0.4016452431678772,-0.009857967495918274,0.015472058206796646,-0.009092406369745731,nan,nan,nan,-0.030523909255862236,-0.007354993373155594,-3.137111186981201,0.0004567847936414182,3135,,nan,24.502,1.0,93,4,23,0.7,895,0.01393091306090355,0.0010303998133167624,0.014698009938001633,1500,1500,1418,1498,1897,1500,1897,1115
1783462096.0654,19.7405,0.02017,49.59,988,3260361,0.761,AUTOTUNE,AUTOTUNE,128,9.870234966278076,0.0,10.0,0.5,0.0,0.0,nan,nan,nan,nan,nan,nan,nan,nan,nan,nan,17.752499721095617,1.8667042621541186,10.417869693718314,0,0,-6.9991455078125,-1.8938184976577759,-0.4019930958747864,-0.009869134984910488,0.015654411166906357,-0.009166358038783073,nan,nan,nan,-0.03053000569343567,-0.007357494905591011,-3.137118339538574,-0.00045179080916568637,3135,,nan,24.502,1.0,93,4,23,0.7,895,0.01393091306090355,0.0010303998133167624,0.014698009938001633,1500,1500,1418,1498,1897,1500,1897,1115
1783462096.0849,19.7603,0.01947,51.36,989,3260381,0.781,AUTOTUNE,AUTOTUNE,128,9.880152702331543,0.0,10.0,0.5,0.0,0.0,nan,nan,nan,nan,nan,nan,nan,nan,nan,nan,17.763041783549134,1.8664011336597275,10.418608576546132,0,0,-6.999720573425293,-1.8933796882629395,-0.40249794721603394,-0.009897575713694096,0.0155760757625103,-0.009301476180553436,nan,nan,nan,-0.030527953058481216,-0.007363578304648399,-3.1371188163757324,-0.0004850569530390203,3135,,nan,24.502,1.0,93,4,23,0.7,895,0.01393091306090355,0.0010303998133167624,0.014698009938001633,1500,1500,1418,1498,1897,1500,1897,1115
1783462096.1054,19.7804,0.02053,48.72,990,3260401,0.801,AUTOTUNE,AUTOTUNE,128,9.89017653465271,0.0,10.0,0.5,0.0,0.0,nan,nan,nan,nan,nan,nan,nan,nan,nan,nan,17.7737996076954,1.8660164095907184,10.419484772728026,0,0,-7.000260353088379,-1.8929626941680908,-0.40298837423324585,-0.010009704157710075,0.015557444654405117,-0.009524200111627579,nan,nan,nan,-0.030512390658259392,-0.0073689743876457214,-3.137143850326538,-0.0011377263581380248,3135,,nan,24.502,1.0,93,4,23,0.7,895,0.01393091306090355,0.0015728591242805123,0.014698009938001633,1500,1500,1418,1498,1897,1500,1897,1115
1783462096.1253,19.8004,0.01989,50.29,991,3260423,0.821,AUTOTUNE,AUTOTUNE,128,9.900192022323608,0.0,10.0,0.5,0.0,0.0,nan,nan,nan,nan,nan,nan,nan,nan,nan,nan,17.784432464573854,1.8657305617401876,10.419735841608057,0,0,-7.000644207000732,-1.89256751537323,-0.4033467173576355,-0.010144524276256561,0.015494322404265404,-0.0094622652977705,nan,nan,nan,-0.030521512031555176,-0.007380520924925804,-3.1371302604675293,0.00013551776646636426,3135,,nan,24.502,1.0,93,4,23,0.7,895,0.01393091306090355,0.0015728591242805123,0.014698009938001633,1500,1500,1418,1498,1897,1500,1897,1115
1783462096.1450,19.8203,0.01974,50.65,992,3260441,0.841,AUTOTUNE,AUTOTUNE,128,9.910170555114746,0.0,10.0,0.5,0.0,0.0,nan,nan,nan,nan,nan,nan,nan,nan,nan,nan,17.794217340846174,1.8648418457940306,10.420822892625411,0,0,-7.001052379608154,-1.8919175863265991,-0.40391021966934204,-0.009797058068215847,0.015632186084985733,-0.009764536283910275,nan,nan,nan,-0.030524667352437973,-0.0073836855590343475,-3.137133836746216,-8.602615707786754e-05,3135,,nan,24.502,1.0,93,4,23,0.7,895,0.01393091306090355,0.0015728591242805123,0.014698009938001633,1500,1500,1418,1498,1897,1500,1897,1115
1783462096.1653,19.8404,0.02027,49.35,993,3260461,0.861,AUTOTUNE,AUTOTUNE,128,9.920178294181824,0.0,10.0,0.5,0.0,0.0,nan,nan,nan,nan,nan,nan,nan,nan,nan,nan,17.804651339310677,1.8642944629260052,10.421318320520724,0,0,-7.001354217529297,-1.8914324045181274,-0.4042249321937561,-0.009868892841041088,0.015668097883462906,-0.009868872351944447,nan,nan,nan,-0.030528618022799492,-0.007394745945930481,-3.137127637863159,0.000149993080412969,3135,,nan,24.502,1.0,93,4,23,0.7,895,0.01393091306090355,0.0015728591242805123,0.014698009938001633,1500,1500,1418,1498,1897,1500,1897,1115
1783462096.1850,19.8603,0.01966,50.87,994,3260481,0.881,AUTOTUNE,AUTOTUNE,128,9.93017327785492,0.0,10.0,0.5,0.0,0.0,nan,nan,nan,nan,nan,nan,nan,nan,nan,nan,17.814702781855726,1.8637210077125137,10.422022635143561,0,0,-7.001736164093018,-1.8908040523529053,-0.4046584963798523,-0.009680972434580326,0.015636403113603592,-0.010025190189480782,nan,nan,nan,-0.030538007616996765,-0.007405303418636322,-3.1371238231658936,0.00013488456897903234,3135,,nan,24.502,1.0,93,4,23,0.7,895,0.01393091306090355,0.0015728591242805123,0.014698009938001633,1500,1500,1418,1498,1897,1500,1897,1115
1783462096.2054,19.8804,0.02044,48.93,995,3260501,0.901,AUTOTUNE,AUTOTUNE,128,9.940194487571716,0.0,10.0,0.5,0.0,0.0,nan,nan,nan,nan,nan,nan,nan,nan,nan,nan,17.824388906678767,1.863151494541497,10.42252840212909,0,0,-7.002086639404297,-1.890214443206787,-0.4050820469856262,-0.009285164065659046,0.015624800696969032,-0.010072657838463783,nan,nan,nan,-0.03055063635110855,-0.007410174235701561,-3.1371216773986816,-0.00021363083214964718,3135,,nan,24.502,1.0,93,4,23,0.7,895,0.01393091306090355,0.0015728591242805123,0.014698009938001633,1500,1500,1418,1498,1897,1500,1897,1115
1783462096.2252,19.9004,0.01984,50.40,996,3260523,0.921,AUTOTUNE,AUTOTUNE,128,9.950204491615295,0.0,10.0,0.5,0.0,0.0,nan,nan,nan,nan,nan,nan,nan,nan,nan,nan,17.83466516891116,1.8627522639026843,10.423108926625881,0,0,-7.002364158630371,-1.889742136001587,-0.4054141640663147,-0.009278662502765656,0.015582609921693802,-0.01021607592701912,nan,nan,nan,-0.03054751828312874,-0.007422834634780884,-3.1371328830718994,-0.0007052562432363629,3135,,nan,24.502,1.0,93,4,23,0.7,895,0.01393091306090355,0.0015728591242805123,0.014698009938001633,1500,1500,1418,1498,1897,1500,1897,1115
1783462096.2451,19.9204,0.01983,50.43,997,3260541,0.941,AUTOTUNE,AUTOTUNE,128,9.960201740264893,0.0,10.0,0.5,0.0,0.0,nan,nan,nan,nan,nan,nan,nan,nan,nan,nan,17.844900702737306,1.8624241275165536,10.42366740015918,0,0,-7.002645492553711,-1.889243245124817,-0.4056825041770935,-0.009253808297216892,0.01548402477055788,-0.010383584536612034,nan,nan,nan,-0.030556777492165565,-0.007421962916851044,-3.137131452560425,-0.00014511795598082244,3135,,nan,24.502,1.0,93,4,23,0.7,895,0.01393091306090355,0.0015728591242805123,0.014698009938001633,1500,1500,1418,1498,1897,1500,1897,1115
1783462096.2652,19.9404,0.02012,49.69,998,3260561,0.961,AUTOTUNE,AUTOTUNE,128,9.970202088356018,0.0,10.0,0.5,0.0,0.0,nan,nan,nan,nan,nan,nan,nan,nan,nan,nan,17.854700962842134,1.862456041310422,10.423997674960177,0,0,-7.002878189086914,-1.8888379335403442,-0.4058752655982971,-0.009003940038383007,0.015231592580676079,-0.010462977923452854,nan,nan,nan,-0.030552491545677185,-0.00742696225643158,-3.1371209621429443,0.0003130374534521252,3135,,nan,24.502,1.0,93,4,23,0.7,895,0.01393091306090355,0.0015728591242805123,0.014698009938001633,1500,1500,1418,1498,1897,1500,1897,1115
1783462096.2853,19.9605,0.02012,49.71,999,3260581,0.981,AUTOTUNE,AUTOTUNE,128,9.980230450630188,0.0,10.0,0.5,0.0,0.0,nan,nan,nan,nan,nan,nan,nan,nan,nan,nan,17.865340293538424,1.8619131176582508,10.424461008217213,0,0,-7.003146648406982,-1.8883498907089233,-0.40606528520584106,-0.009201687760651112,0.015263278037309647,-0.010620775632560253,nan,nan,nan,-0.030557703226804733,-0.00743485800921917,-3.1371171474456787,0.00024417106760665774,3135,,nan,24.502,1.0,93,4,23,0.7,895,0.01393091306090355,0.0015728591242805123,0.014698009938001633,1500,1500,1418,1498,1897,1500,1897,1115
1783462096.3066,19.9804,0.02134,46.86,1000,3260606,0.002,AUTOTUNE,AUTOTUNE,128,9.990177154541016,0.0,10.0,0.5,0.0,0.0,nan,nan,nan,nan,nan,nan,nan,nan,nan,nan,17.875204843038343,1.8615478725620351,10.424916468469352,0,0,-7.003434658050537,-1.8878192901611328,-0.40631622076034546,-0.0089879734441638,0.015167810022830963,-0.01073885802179575,nan,nan,nan,-0.030566152185201645,-0.007434513419866562,-3.13712477684021,-0.0006155828014016151,3135,,nan,24.506,1.02,93,4,23,0.7,895,0.01393091306090355,0.0015728591242805123,0.014698009938001633,1500,1500,1418,1498,1897,1500,1897,1115
