wall_time,cur_time,cur_loop_dt,cur_ctrl_freq,loop_count,fc_time_boot_ms,hb_age_s,sent_mode,echoed_mode,armed,drone_px_ref,drone_py_ref,drone_pz_ref,drone_vx_ref,drone_vy_ref,drone_vz_ref,payload_px_ref,payload_py_ref,payload_pz_ref,payload_vx_ref,payload_vy_ref,payload_vz_ref,payload_alpha_x,payload_alpha_y,payload_alphadot_x,payload_alphadot_y,ux,uy,uz,yaw_ref,yaw_rate_ref,drone_px_meas,drone_py_meas,drone_pz_meas,drone_vx_meas,drone_vy_meas,drone_vz_meas,drone_ax_meas,drone_ay_meas,drone_az_meas,drone_roll,drone_pitch,drone_yaw,drone_yaw_rate,sent_setpoint_bitmask,echoed_setpoint_bitmask,setpoint_bitmask_callback_dt,batt_voltage,batt_current,batt_rem_percent,GPS_fix_type,sat_count,HDOP,ekf_flags,ekf_pos_horiz_var,ekf_pos_vert_var,ekf_vel_var,ch1,ch2,ch3,ch4,ch5,ch6,ch7,ch8
1783460655.1588,0.0000,nan,nan,1,1819496,nan,AUTOTUNE,?,0,8.344650268554688e-07,0.0,10.0,0.5,0.0,0.0,nan,nan,nan,nan,nan,nan,nan,nan,nan,nan,7.122146934155824,2.682147215807003,9.958182054587253,0,0,-6.236801624298096,-2.6719937324523926,0.06857120990753174,-0.011153871193528175,-0.005862116347998381,-0.015446004457771778,nan,nan,nan,-0.030884265899658203,-0.005630467087030411,-3.1364293098449707,-0.00040920867468230426,3135,,nan,24.61,0.96,95,4,23,0.81,895,0.011645355261862278,0.005386160220950842,0.02047843113541603,1500,1500,1391,1497,1897,1500,1897,1115
1783460655.1780,0.0201,0.01924,51.98,2,1819516,nan,AUTOTUNE,?,0,0.010069131851196289,0.0,10.0,0.5,0.0,0.0,nan,nan,nan,nan,nan,nan,nan,nan,nan,nan,7.132688449782231,2.6806080390565286,9.95951685870092,0,0,-6.2374701499938965,-2.671229600906372,0.06753331422805786,-0.011041110381484032,-0.005414643790572882,-0.015617424622178078,nan,nan,nan,-0.03089442290365696,-0.005627423524856567,-3.1364386081695557,-0.0007629604078829288,3135,,nan,24.61,0.96,95,4,23,0.81,895,0.011645355261862278,0.005386160220950842,0.02047843113541603,1500,1500,1391,1497,1897,1500,1897,1115
1783460655.1981,0.0402,0.02002,49.94,3,1819536,nan,AUTOTUNE,?,0,0.020085692405700684,0.0,10.0,0.5,0.0,0.0,nan,nan,nan,nan,nan,nan,nan,nan,nan,nan,7.143310968720875,2.6803713055777556,9.960135705749774,0,0,-6.237903118133545,-2.6709249019622803,0.06687074899673462,-0.01114098634570837,-0.005453883670270443,-0.015592183917760849,nan,nan,nan,-0.030887218192219734,-0.005622191354632378,-3.136443614959717,-0.00036834602360613644,3135,,nan,24.61,0.96,95,4,23,0.81,895,0.011645355261862278,0.005386160220950842,0.02047843113541603,1500,1500,1391,1497,1897,1500,1897,1115
1783460655.2185,0.0602,0.02043,48.95,4,1819556,nan,AUTOTUNE,?,0,0.030089616775512695,0.0,10.0,0.5,0.0,0.0,nan,nan,nan,nan,nan,nan,nan,nan,nan,nan,7.154217898320823,2.6788777538003794,9.961790717153837,0,0,-6.238508224487305,-2.6702418327331543,0.0659404993057251,-0.011312978342175484,-0.004985951352864504,-0.016010625287890434,nan,nan,nan,-0.030896130949258804,-0.00560748390853405,-3.1364386081695557,0.00020248373039066792,3135,,nan,24.61,0.96,95,4,23,0.81,895,0.011645355261862278,0.005386160220950842,0.02047843113541603,1500,1500,1391,1497,1897,1500,1897,1115
1783460655.2387,0.0803,0.02021,49.48,5,1819576,nan,AUTOTUNE,?,0,0.040174007415771484,0.0,10.0,0.5,0.0,0.0,nan,nan,nan,nan,nan,nan,nan,nan,nan,nan,7.164531249489114,2.6773896326096627,9.96306401007956,0,0,-6.239077568054199,-2.669609785079956,0.06503564119338989,-0.011116458103060722,-0.0044916970655322075,-0.01622334122657776,nan,nan,nan,-0.030901718884706497,-0.005601678043603897,-3.1364409923553467,-9.556251461617649e-05,3135,,nan,24.61,0.96,95,4,23,0.81,895,0.011645355261862278,0.005386160220950842,0.02047843113541603,1500,1500,1391,1497,1897,1500,1897,1115
1783460655.2590,0.1005,0.02035,49.14,6,1819596,nan,AUTOTUNE,?,0,0.05024099349975586,0.0,10.0,0.5,0.0,0.0,nan,nan,nan,nan,nan,nan,nan,nan,nan,nan,7.175198261363707,2.6773976608440417,9.96394260571015,0,0,-6.2394585609436035,-2.6693532466888428,0.0644339919090271,-0.01124291680753231,-0.004644444677978754,-0.016383236274123192,nan,nan,nan,-0.030904274433851242,-0.0055776555091142654,-3.1364455223083496,-0.00027657885220833123,3135,,nan,24.61,0.96,95,4,23,0.81,895,0.011645355261862278,0.005386160220950842,0.02047843113541603,1500,1500,1391,1498,1897,1500,1897,1115
1783460655.2785,0.1203,0.01944,51.44,7,1819616,nan,AUTOTUNE,?,0,0.06016421318054199,0.0,10.0,0.5,0.0,0.0,nan,nan,nan,nan,nan,nan,nan,nan,nan,nan,7.185682938556157,2.676341568703575,9.964982531034616,0,0,-6.239975929260254,-2.668787717819214,0.06357067823410034,-0.0112683717161417,-0.004361217841506004,-0.016485203057527542,nan,nan,nan,-0.030912142246961594,-0.0055613890290260315,-3.136451482772827,-0.0002927994355559349,3135,,nan,24.61,0.96,95,4,23,0.81,895,0.011645355261862278,0.005386160220950842,0.02047843113541603,1500,1500,1391,1498,1897,1500,1897,1115
1783460655.2983,0.1403,0.01983,50.43,8,1819636,nan,AUTOTUNE,?,0,0.07016026973724365,0.0,10.0,0.5,0.0,0.0,nan,nan,nan,nan,nan,nan,nan,nan,nan,nan,7.195966335821905,2.6763419412317324,9.965953101100135,0,0,-6.240336894989014,-2.668564796447754,0.06298136711120605,-0.011225864291191101,-0.004490136634558439,-0.01670532301068306,nan,nan,nan,-0.030916165560483932,-0.005555931478738785,-3.136451244354248,-1.5874573364271782e-05,3135,,nan,24.61,0.96,95,4,23,0.81,895,0.011645355261862278,0.005386160220950842,0.02047843113541603,1500,1500,1391,1498,1897,1500,1897,1115
1783460655.3186,0.1605,0.02028,49.30,9,1819656,nan,AUTOTUNE,?,0,0.08025085926055908,0.0,10.0,0.5,0.0,0.0,nan,nan,nan,nan,nan,nan,nan,nan,nan,nan,7.206606094684085,2.674961826711684,9.967184143463152,0,0,-6.240804672241211,-2.6680541038513184,0.06201016902923584,-0.011272856034338474,-0.0039881756529212,-0.01685534417629242,nan,nan,nan,-0.03092198260128498,-0.0055548083037137985,-3.1364448070526123,0.000436739792348817,3135,,nan,24.61,0.96,95,4,23,0.81,895,0.011645355261862278,0.005386160220950842,0.02047843113541603,1500,1500,1391,1498,1897,1500,1897,1115
1783460655.3389,0.1805,0.02034,49.16,10,1819676,nan,AUTOTUNE,?,0,0.09024453163146973,0.0,10.0,0.5,0.0,0.0,nan,nan,nan,nan,nan,nan,nan,nan,nan,nan,7.218123484103168,2.673015028054624,9.967954724374781,0,0,-6.241960525512695,-2.6672308444976807,0.06137120723724365,-0.011485242284834385,-0.003339499933645129,-0.016931334510445595,nan,nan,nan,-0.030929258093237877,-0.0055529456585645676,-3.136429786682129,0.00043108308454975486,3135,,nan,24.61,0.96,95,4,23,0.81,895,0.011645355261862278,0.005386160220950842,0.02047843113541603,1500,1500,1391,1498,1897,1500,1897,1115
1783460655.3589,0.2004,0.02001,49.98,11,1819696,nan,AUTOTUNE,?,0,0.1001821756362915,0.0,10.0,0.5,0.0,0.0,nan,nan,nan,nan,nan,nan,nan,nan,nan,nan,7.229328290635975,2.6723793769865494,9.968586233011123,0,0,-6.242631435394287,-2.666870594024658,0.06088203191757202,-0.011829488910734653,-0.0031804973259568214,-0.017013510689139366,nan,nan,nan,-0.030923672020435333,-0.005544634535908699,-3.13643741607666,-0.00023029970179777592,3135,,nan,24.61,0.96,95,4,23,0.81,895,0.011837529018521309,0.006755756679922342,0.010754339396953583,1500,1500,1391,1498,1897,1500,1897,1115
1783460655.3783,0.2202,0.01938,51.61,12,1819716,nan,AUTOTUNE,?,0,0.11009073257446289,0.0,10.0,0.5,0.0,0.0,nan,nan,nan,nan,nan,nan,nan,nan,nan,nan,7.240761974592084,2.6707261057247855,9.969289740786131,0,0,-6.243683815002441,-2.6661200523376465,0.06025350093841553,-0.012102429755032063,-0.002659306162968278,-0.017056798562407494,nan,nan,nan,-0.030927835032343864,-0.005527598783373833,-3.136444568634033,-0.0005193856195546687,3135,,nan,24.61,0.96,95,4,23,0.81,895,0.011837529018521309,0.006755756679922342,0.010754339396953583,1500,1500,1391,1498,1897,1500,1897,1115
1783460655.3989,0.2405,0.02061,48.51,13,1819736,nan,AUTOTUNE,?,0,0.12024343013763428,0.0,10.0,0.5,0.0,0.0,nan,nan,nan,nan,nan,nan,nan,nan,nan,nan,7.251472758503352,2.670089990074148,9.969714856369322,0,0,-6.244305610656738,-2.6657874584198,0.059777259826660156,-0.012065647169947624,-0.0024840678088366985,-0.01702728122472763,nan,nan,nan,-0.030912742018699646,-0.0055118128657341,-3.1364471912384033,-0.0004053224402014166,3135,,nan,24.61,0.96,95,4,23,0.81,895,0.011837529018521309,0.006755756679922342,0.010754339396953583,1500,1500,1391,1498,1897,1500,1897,1115
1783460655.4188,0.2604,0.01985,50.39,14,1819756,nan,AUTOTUNE,?,0,0.13019907474517822,0.0,10.0,0.5,0.0,0.0,nan,nan,nan,nan,nan,nan,nan,nan,nan,nan,7.262977064512372,2.6688687215933657,9.970872015420847,0,0,-6.245265960693359,-2.6651055812835693,0.059016287326812744,-0.01240530889481306,-0.002172650070860982,-0.01725601963698864,nan,nan,nan,-0.03090571239590645,-0.005509123206138611,-3.136449098587036,-0.00015578213788103312,3135,,nan,24.61,0.96,95,4,23,0.81,895,0.011837529018521309,0.006755756679922342,0.010754339396953583,1500,1500,1391,1498,1897,1500,1897,1115
1783460655.4384,0.2803,0.01964,50.90,15,1819776,nan,AUTOTUNE,?,0,0.1401432752609253,0.0,10.0,0.5,0.0,0.0,nan,nan,nan,nan,nan,nan,nan,nan,nan,nan,7.274308100376384,2.667671723691945,9.97155052321416,0,0,-6.246163845062256,-2.664469003677368,0.05828303098678589,-0.012687604874372482,-0.0018490912625566125,-0.01722441054880619,nan,nan,nan,-0.03090556524693966,-0.0054911356419324875,-3.1364359855651855,0.00046238169306889176,3135,,nan,24.61,0.96,95,4,23,0.81,895,0.011837529018521309,0.006755756679922342,0.010754339396953583,1500,1500,1391,1498,1897,1500,1897,1115
1783460655.4590,0.3004,0.02060,48.53,16,1819796,nan,AUTOTUNE,?,0,0.1501857042312622,0.0,10.0,0.5,0.0,0.0,nan,nan,nan,nan,nan,nan,nan,nan,nan,nan,7.284940030718612,2.6669898111139174,9.97210523567166,0,0,-6.246723175048828,-2.664184093475342,0.05774831771850586,-0.01270502433180809,-0.0016198818339034915,-0.017235957086086273,nan,nan,nan,-0.03089640475809574,-0.0054805465042591095,-3.1364383697509766,4.725534745375626e-05,3135,,nan,24.61,0.96,95,4,23,0.81,895,0.011837529018521309,0.006755756679922342,0.010754339396953583,1500,1500,1391,1498,1897,1500,1897,1115
1783460655.4788,0.3204,0.01977,50.57,17,1819816,nan,AUTOTUNE,?,0,0.160180926322937,0.0,10.0,0.5,0.0,0.0,nan,nan,nan,nan,nan,nan,nan,nan,nan,nan,7.296385605311387,2.6657903075075606,9.973029210760139,0,0,-6.247546672821045,-2.663604736328125,0.05704432725906372,-0.013066939078271389,-0.001261840108782053,-0.017362965270876884,nan,nan,nan,-0.030880553647875786,-0.005471918731927872,-3.136448860168457,-0.000391403358662501,3135,,nan,24.61,0.96,95,4,23,0.81,895,0.011837529018521309,0.006755756679922342,0.010754339396953583,1500,1500,1391,1498,1897,1500,1897,1115
1783460655.4986,0.3403,0.01976,50.62,18,1819836,nan,AUTOTUNE,?,0,0.17016267776489258,0.0,10.0,0.5,0.0,0.0,nan,nan,nan,nan,nan,nan,nan,nan,nan,nan,7.306935753920362,2.6650597367583857,9.973402386791747,0,0,-6.248073577880859,-2.663341522216797,0.05652284622192383,-0.013090894557535648,-0.000992011628113687,-0.017277341336011887,nan,nan,nan,-0.030873829498887062,-0.005464205518364906,-3.136465311050415,-0.0010366995120421052,3135,,nan,24.61,0.96,95,4,23,0.81,895,0.011837529018521309,0.006755756679922342,0.010754339396953583,1500,1500,1391,1498,1897,1500,1897,1115
1783460655.5183,0.3602,0.01973,50.69,19,1819856,nan,AUTOTUNE,?,0,0.1801084280014038,0.0,10.0,0.5,0.0,0.0,nan,nan,nan,nan,nan,nan,nan,nan,nan,nan,7.317981279086011,2.6644443767415704,9.974220595382736,0,0,-6.248833179473877,-2.662816286087036,0.05575597286224365,-0.01328729372471571,-0.0009399785776622593,-0.01730697974562645,nan,nan,nan,-0.030873045325279236,-0.005460740998387337,-3.1364662647247314,0.00011596566037042066,3135,,nan,24.61,0.96,95,4,23,0.81,895,0.011837529018521309,0.006755756679922342,0.010754339396953583,1500,1500,1391,1498,1897,1500,1897,1115
1783460655.5387,0.3804,0.02040,49.02,20,1819876,nan,AUTOTUNE,?,0,0.19017839431762695,0.0,10.0,0.5,0.0,0.0,nan,nan,nan,nan,nan,nan,nan,nan,nan,nan,7.329030585385635,2.66420068924592,9.974972428392613,0,0,-6.249642848968506,-2.6625301837921143,0.055209219455718994,-0.01338525302708149,-0.0009644667734391987,-0.017425382509827614,nan,nan,nan,-0.030883457511663437,-0.0054619330912828445,-3.1364543437957764,0.0003869988431688398,3135,,nan,24.61,0.96,95,4,23,0.81,895,0.011837529018521309,0.006755756679922342,0.010754339396953583,1500,1500,1391,1498,1897,1500,1897,1115
1783460655.5590,0.4004,0.02028,49.31,21,1819896,nan,AUTOTUNE,?,0,0.2001897096633911,0.0,10.0,0.5,0.0,0.0,nan,nan,nan,nan,nan,nan,nan,nan,nan,nan,7.339263574943274,2.6637847093612925,9.975355333329695,0,0,-6.25015926361084,-2.6624038219451904,0.05476731061935425,-0.013215084560215473,-0.0007972557214088738,-0.01739131659269333,nan,nan,nan,-0.03089049831032753,-0.005450088530778885,-3.1364552974700928,-1.8079987057717517e-05,3135,,nan,24.61,0.96,95,4,23,0.81,895,0.010142904706299305,0.0041402773931622505,0.011127922683954239,1500,1500,1391,1498,1897,1500,1897,1115
1783460655.5788,0.4204,0.01984,50.41,22,1819916,nan,AUTOTUNE,?,0,0.2101893424987793,0.0,10.0,0.5,0.0,0.0,nan,nan,nan,nan,nan,nan,nan,nan,nan,nan,7.3501179106027195,2.663484256874209,9.97616515346605,0,0,-6.250896453857422,-2.6621434688568115,0.05423098802566528,-0.013282930478453636,-0.0007741043227724731,-0.017549220472574234,nan,nan,nan,-0.0308877881616354,-0.0054378509521484375,-3.136458158493042,-0.00025190808810293674,3135,,nan,24.61,0.96,95,4,23,0.81,895,0.010142904706299305,0.0041402773931622505,0.011127922683954239,1500,1500,1391,1498,1897,1500,1897,1115
1783460655.5985,0.4404,0.01973,50.68,23,1819936,nan,AUTOTUNE,?,0,0.22019445896148682,0.0,10.0,0.5,0.0,0.0,nan,nan,nan,nan,nan,nan,nan,nan,nan,nan,7.360495209731216,2.663619164479274,9.976619085948588,0,0,-6.251380443572998,-2.662029504776001,0.05378758907318115,-0.013218378648161888,-0.0009177904576063156,-0.017555302008986473,nan,nan,nan,-0.03089171275496483,-0.0054229553788900375,-3.1364612579345703,-0.0003286386199761182,3135,,nan,24.61,0.96,95,4,23,0.81,895,0.010142904706299305,0.0041402773931622505,0.011127922683954239,1500,1500,1391,1498,1897,1500,1897,1115
1783460655.6186,0.4605,0.02006,49.85,24,1819956,nan,AUTOTUNE,?,0,0.23022675514221191,0.0,10.0,0.5,0.0,0.0,nan,nan,nan,nan,nan,nan,nan,nan,nan,nan,7.371372751028383,2.663651314344678,9.977274767616423,0,0,-6.252050399780273,-2.661802291870117,0.05319559574127197,-0.013319581747055054,-0.0010675336234271526,-0.01759207248687744,nan,nan,nan,-0.030881939455866814,-0.0054213181138038635,-3.1364753246307373,-0.0008340153144672513,3135,,nan,24.61,0.96,95,4,23,0.81,895,0.010142904706299305,0.0041402773931622505,0.011127922683954239,1500,1500,1391,1498,1897,1500,1897,1115
1783460655.6386,0.4804,0.02001,49.98,25,1819976,nan,AUTOTUNE,?,0,0.2402104139328003,0.0,10.0,0.5,0.0,0.0,nan,nan,nan,nan,nan,nan,nan,nan,nan,nan,7.382422648013667,2.663375240893732,9.978065689581678,0,0,-6.252686500549316,-2.6615958213806152,0.05260944366455078,-0.013567921705543995,-0.0010273483349010348,-0.01771029643714428,nan,nan,nan,-0.03088494762778282,-0.00541875883936882,-3.136474847793579,-9.03423351701349e-05,3135,,nan,24.61,0.96,95,4,23,0.81,895,0.010142904706299305,0.0041402773931622505,0.011127922683954239,1500,1500,1391,1498,1897,1500,1897,1115
1783460655.6602,0.5004,0.02162,46.26,26,1819996,nan,AUTOTUNE,?,0,0.25018346309661865,0.0,10.0,0.5,0.0,0.0,nan,nan,nan,nan,nan,nan,nan,nan,nan,nan,7.3925959292021135,2.66314529023732,9.978305327767096,0,0,-6.253124237060547,-2.6615078449249268,0.052147507667541504,-0.013430798426270485,-0.0009453794918954372,-0.01758195273578167,nan,nan,nan,-0.030882682651281357,-0.005422620102763176,-3.136474132537842,-9.659525676397607e-05,3135,,nan,24.586,0.96,95,4,23,0.81,895,0.010142904706299305,0.0041402773931622505,0.011127922683954239,1500,1500,1391,1498,1897,1500,1897,1115
1783460655.6788,0.5204,0.01854,53.95,27,1820016,nan,AUTOTUNE,?,0,0.2601853609085083,0.0,10.0,0.5,0.0,0.0,nan,nan,nan,nan,nan,nan,nan,nan,nan,nan,7.403308581060561,2.6628119607598286,9.979177670679794,0,0,-6.253709316253662,-2.6613264083862305,0.051576852798461914,-0.013503356836736202,-0.0008576840627938509,-0.017756132408976555,nan,nan,nan,-0.030882900580763817,-0.005425827577710152,-3.1364808082580566,-0.00038109577144496143,3135,,nan,24.586,0.96,95,4,23,0.81,895,0.010142904706299305,0.0041402773931622505,0.011127922683954239,1500,1500,1391,1498,1897,1500,1897,1115
1783460655.6989,0.5404,0.02017,49.58,28,1820036,nan,AUTOTUNE,?,0,0.2701842784881592,0.0,10.0,0.5,0.0,0.0,nan,nan,nan,nan,nan,nan,nan,nan,nan,nan,7.414048698946767,2.6624357309058215,9.97975809059191,0,0,-6.254123210906982,-2.6612472534179688,0.05112111568450928,-0.013692326843738556,-0.0006861677975393832,-0.017828118056058884,nan,nan,nan,-0.030890949070453644,-0.005419645458459854,-3.1364829540252686,-0.00013794528786092997,3135,,nan,24.586,0.96,95,4,23,0.81,895,0.010142904706299305,0.0041402773931622505,0.011127922683954239,1500,1500,1391,1498,1897,1500,1897,1115
1783460655.7185,0.5604,0.01961,50.99,29,1820056,nan,AUTOTUNE,?,0,0.2801896333694458,0.0,10.0,0.5,0.0,0.0,nan,nan,nan,nan,nan,nan,nan,nan,nan,nan,7.424580704486376,2.662312227675117,9.979940141415705,0,0,-6.254662990570068,-2.6610891819000244,0.05068099498748779,-0.01368474680930376,-0.0007061258074827492,-0.0176791213452816,nan,nan,nan,-0.030885370448231697,-0.005406511947512627,-3.136500358581543,-0.000890508177690208,3135,,nan,24.586,0.96,95,4,23,0.81,895,0.010142904706299305,0.0041402773931622505,0.011127922683954239,1500,1500,1391,1498,1897,1500,1897,1115
1783460655.7387,0.5805,0.02012,49.70,30,1820076,nan,AUTOTUNE,?,0,0.29024040699005127,0.0,10.0,0.5,0.0,0.0,nan,nan,nan,nan,nan,nan,nan,nan,nan,nan,7.435197669701017,2.6614724999643444,9.980137460189393,0,0,-6.255177021026611,-2.6606509685516357,0.050328612327575684,-0.013714862056076527,-0.00047431138227693737,-0.017589595168828964,nan,nan,nan,-0.03088326007127762,-0.005412714555859566,-3.1364974975585938,-0.0001315597037319094,3135,,nan,24.586,0.96,95,4,23,0.81,895,0.010142904706299305,0.0041402773931622505,0.011127922683954239,1500,1500,1391,1498,1897,1500,1897,1115
1783460655.7585,0.6001,0.01984,50.41,31,1820096,nan,AUTOTUNE,?,0,0.3000671863555908,0.0,10.0,0.5,0.0,0.0,nan,nan,nan,nan,nan,nan,nan,nan,nan,nan,7.4453164901982865,2.6603986365017334,9.980147587283192,0,0,-6.255553722381592,-2.6604456901550293,0.0499800443649292,-0.013665983453392982,2.716643939493224e-05,-0.01739419624209404,nan,nan,nan,-0.030884455889463425,-0.00541132315993309,-3.136486530303955,0.000503451214171946,3135,,nan,24.586,0.96,95,4,23,0.81,895,0.009635384194552898,0.00523190014064312,0.011518272571265697,1500,1500,1391,1497,1897,1500,1897,1115
1783460655.7790,0.6204,0.02048,48.83,32,1820116,nan,AUTOTUNE,?,0,0.3101825714111328,0.0,10.0,0.5,0.0,0.0,nan,nan,nan,nan,nan,nan,nan,nan,nan,nan,7.45599088963636,2.6600163886114854,9.98046639282876,0,0,-6.2560200691223145,-2.660050868988037,0.049620091915130615,-0.013719485141336918,1.990725468203891e-05,-0.01737044006586075,nan,nan,nan,-0.030882352963089943,-0.005413351580500603,-3.136486530303955,0.00025807396741583943,3135,,nan,24.586,0.96,95,4,23,0.81,895,0.009635384194552898,0.00523190014064312,0.011518272571265697,1500,1500,1391,1497,1897,1500,1897,1115
1783460655.7987,0.6403,0.01975,50.65,33,1820136,nan,AUTOTUNE,?,0,0.32017219066619873,0.0,10.0,0.5,0.0,0.0,nan,nan,nan,nan,nan,nan,nan,nan,nan,nan,7.466498080240884,2.6597410954989806,9.980567949931737,0,0,-6.256375312805176,-2.6598641872406006,0.049270033836364746,-0.013813205063343048,7.106705015758052e-05,-0.017226967960596085,nan,nan,nan,-0.03089543990790844,-0.005407247692346573,-3.1364798545837402,8.598603017162532e-05,3135,,nan,24.586,0.96,95,4,23,0.81,895,0.009635384194552898,0.00523190014064312,0.011518272571265697,1500,1500,1391,1497,1897,1500,1897,1115
1783460655.8188,0.6604,0.02011,49.74,34,1820156,nan,AUTOTUNE,?,0,0.3301957845687866,0.0,10.0,0.5,0.0,0.0,nan,nan,nan,nan,nan,nan,nan,nan,nan,nan,7.476573916861787,2.6589248239034062,9.980597249288692,0,0,-6.256800174713135,-2.6595120429992676,0.048983216285705566,-0.013598073273897171,0.00033903110306710005,-0.01707828976213932,nan,nan,nan,-0.03089764341711998,-0.005404016003012657,-3.136500835418701,-0.0011577049735933542,3135,,nan,24.586,0.96,95,4,23,0.81,895,0.009635384194552898,0.00523190014064312,0.011518272571265697,1500,1500,1391,1497,1897,1500,1897,1115
1783460655.8388,0.6803,0.01998,50.04,35,1820176,nan,AUTOTUNE,?,0,0.34016942977905273,0.0,10.0,0.5,0.0,0.0,nan,nan,nan,nan,nan,nan,nan,nan,nan,nan,7.4868301929117855,2.6586625247309,9.980842000203166,0,0,-6.257194519042969,-2.6591854095458984,0.048691391944885254,-0.01353357546031475,0.00030188768869265914,-0.01705111190676689,nan,nan,nan,-0.030899209901690483,-0.005403509363532066,-3.136510133743286,-0.0007147473515942693,3135,,nan,24.586,0.96,95,4,23,0.81,895,0.009635384194552898,0.00523190014064312,0.011518272571265697,1500,1500,1391,1497,1897,1500,1897,1115
1783460655.8589,0.7004,0.02012,49.71,36,1820196,nan,AUTOTUNE,?,0,0.35018301010131836,0.0,10.0,0.5,0.0,0.0,nan,nan,nan,nan,nan,nan,nan,nan,nan,nan,7.4973781539945845,2.6582155997333032,9.981503600911639,0,0,-6.2575178146362305,-2.659027338027954,0.04836910963058472,-0.013655445538461208,0.0004686573229264468,-0.017247017472982407,nan,nan,nan,-0.03089981898665428,-0.005402656272053719,-3.1365044116973877,0.00019956662436015904,3135,,nan,24.586,0.96,95,4,23,0.81,895,0.009635384194552898,0.00523190014064312,0.011518272571265697,1500,1500,1391,1498,1897,1500,1897,1115
1783460655.8785,0.7203,0.01961,50.99,37,1820216,nan,AUTOTUNE,?,0,0.3601728677749634,0.0,10.0,0.5,0.0,0.0,nan,nan,nan,nan,nan,nan,nan,nan,nan,nan,7.507534809509245,2.6573768215829285,9.981697486382442,0,0,-6.257885456085205,-2.6587328910827637,0.04805111885070801,-0.013539488427340984,0.000782927090767771,-0.01717536523938179,nan,nan,nan,-0.030904369428753853,-0.005404578521847725,-3.1364920139312744,0.0006726259016431868,3135,,nan,24.586,0.96,95,4,23,0.81,895,0.009635384194552898,0.00523190014064312,0.011518272571265697,1500,1500,1391,1498,1897,1500,1897,1115
1783460655.8990,0.7405,0.02052,48.74,38,1820236,nan,AUTOTUNE,?,0,0.3702460527420044,0.0,10.0,0.5,0.0,0.0,nan,nan,nan,nan,nan,nan,nan,nan,nan,nan,7.518043732878736,2.6569475993232983,9.982413479797845,0,0,-6.258197784423828,-2.6585824489593506,0.04771369695663452,-0.013610739260911942,0.0009438808774575591,-0.017393933609128,nan,nan,nan,-0.030911393463611603,-0.00538749061524868,-3.136495351791382,5.63443245482631e-06,3135,,nan,24.586,0.96,95,4,23,0.81,895,0.009635384194552898,0.00523190014064312,0.011518272571265697,1500,1500,1391,1498,1897,1500,1897,1115
1783460655.9187,0.7603,0.01966,50.87,39,1820256,nan,AUTOTUNE,?,0,0.3801686763763428,0.0,10.0,0.5,0.0,0.0,nan,nan,nan,nan,nan,nan,nan,nan,nan,nan,7.528088492132383,2.656338391049181,9.982834352331773,0,0,-6.2585320472717285,-2.6583118438720703,0.04749786853790283,-0.013488267548382282,0.001139373518526554,-0.01751231588423252,nan,nan,nan,-0.030926307663321495,-0.005380423739552498,-3.136495590209961,-3.8240134017542005e-05,3135,,nan,24.586,0.96,95,4,23,0.81,895,0.009635384194552898,0.00523190014064312,0.011518272571265697,1500,1500,1391,1498,1897,1500,1897,1115
1783460655.9387,0.7805,0.01999,50.04,40,1820276,nan,AUTOTUNE,?,0,0.39024674892425537,0.0,10.0,0.5,0.0,0.0,nan,nan,nan,nan,nan,nan,nan,nan,nan,nan,7.538449890810956,2.6564172547287064,9.983006670013916,0,0,-6.259101867675781,-2.6583335399627686,0.04731762409210205,-0.0133228600025177,0.001106367795728147,-0.01750773936510086,nan,nan,nan,-0.03093794360756874,-0.005377644672989845,-3.1365041732788086,-0.0004389786336105317,3135,,nan,24.586,0.96,95,4,23,0.81,895,0.009635384194552898,0.00523190014064312,0.011518272571265697,1500,1500,1391,1498,1897,1500,1897,1115
1783460655.9590,0.8004,0.02033,49.18,41,1820296,nan,AUTOTUNE,?,0,0.4001915454864502,0.0,10.0,0.5,0.0,0.0,nan,nan,nan,nan,nan,nan,nan,nan,nan,nan,7.548789838945691,2.6567311355847774,9.983387743186185,0,0,-6.259500503540039,-2.6583361625671387,0.04704815149307251,-0.01332084834575653,0.0009266627603210509,-0.017572171986103058,nan,nan,nan,-0.030944613739848137,-0.0053707025945186615,-3.13649845123291,0.0002254662977065891,3135,,nan,24.586,0.96,95,4,23,0.81,895,0.009192331694066525,0.005081190261989832,0.009101652540266514,1500,1500,1391,1497,1897,1500,1897,1115
1783460655.9788,0.8205,0.01976,50.61,42,1820316,nan,AUTOTUNE,?,0,0.4102431535720825,0.0,10.0,0.5,0.0,0.0,nan,nan,nan,nan,nan,nan,nan,nan,nan,nan,7.559139328445608,2.6567818056004455,9.98394300888845,0,0,-6.260011196136475,-2.658365249633789,0.04683196544647217,-0.013197981752455235,0.0009142018388956785,-0.01776793971657753,nan,nan,nan,-0.030956609174609184,-0.005375752225518227,-3.1364991664886475,3.509634188958444e-05,3135,,nan,24.586,0.96,95,4,23,0.81,895,0.009192331694066525,0.005081190261989832,0.009101652540266514,1500,1500,1391,1497,1897,1500,1897,1115
1783460655.9988,0.8404,0.02003,49.92,43,1820336,nan,AUTOTUNE,?,0,0.42019057273864746,0.0,10.0,0.5,0.0,0.0,nan,nan,nan,nan,nan,nan,nan,nan,nan,nan,7.569631205627979,2.6569035370624965,9.984014501810302,0,0,-6.260383605957031,-2.6583731174468994,0.04654496908187866,-0.013297313824295998,0.0008484626305289567,-0.0176435187458992,nan,nan,nan,-0.030965331941843033,-0.0053689926862716675,-3.1364917755126953,0.00030931850778870285,3135,,nan,24.586,0.96,95,4,23,0.81,895,0.009192331694066525,0.005081190261989832,0.009101652540266514,1500,1500,1391,1497,1897,1500,1897,1115
1783460656.0185,0.8604,0.01973,50.69,44,1820356,nan,AUTOTUNE,?,0,0.430184006690979,0.0,10.0,0.5,0.0,0.0,nan,nan,nan,nan,nan,nan,nan,nan,nan,nan,7.58004552243312,2.6570406649029574,9.984254259945075,0,0,-6.2608489990234375,-2.6584062576293945,0.04638880491256714,-0.013271615840494633,0.0007884253282099962,-0.017691781744360924,nan,nan,nan,-0.030977042391896248,-0.005356641486287117,-3.136479139328003,0.00046636490151286125,3135,,nan,24.586,0.96,95,4,23,0.81,895,0.009192331694066525,0.005081190261989832,0.009101652540266514,1500,1500,1391,1497,1897,1500,1897,1115
1783460656.0387,0.8805,0.02016,49.59,45,1820376,nan,AUTOTUNE,?,0,0.4402400255203247,0.0,10.0,0.5,0.0,0.0,nan,nan,nan,nan,nan,nan,nan,nan,nan,nan,7.590224914591868,2.6573768964558884,9.984463695598611,0,0,-6.261281490325928,-2.6584458351135254,0.04621380567550659,-0.013093146495521069,0.0006171520217321813,-0.017711663618683815,nan,nan,nan,-0.03098435513675213,-0.005352597683668137,-3.136491060256958,-0.0002775347384158522,3135,,nan,24.586,0.96,95,4,23,0.81,895,0.009192331694066525,0.005081190261989832,0.009101652540266514,1500,1500,1391,1497,1897,1500,1897,1115
1783460656.0589,0.9002,0.02021,49.48,46,1820396,nan,AUTOTUNE,?,0,0.45009613037109375,0.0,10.0,0.5,0.0,0.0,nan,nan,nan,nan,nan,nan,nan,nan,nan,nan,7.600571174083274,2.6576642637395187,9.984450272893211,0,0,-6.261621475219727,-2.6584620475769043,0.04593843221664429,-0.013179847039282322,0.0004606007132679224,-0.017544927075505257,nan,nan,nan,-0.03099137730896473,-0.005352353677153587,-3.1364855766296387,9.006576146930456e-05,3135,,nan,24.586,0.96,95,4,23,0.81,895,0.009192331694066525,0.005081190261989832,0.009101652540266514,1500,1500,1391,1498,1897,1500,1897,1115
1783460656.0789,0.9205,0.01999,50.02,47,1820416,nan,AUTOTUNE,?,0,0.4602473974227905,0.0,10.0,0.5,0.0,0.0,nan,nan,nan,nan,nan,nan,nan,nan,nan,nan,7.6109271641797545,2.657824751219546,9.98445019446009,0,0,-6.2620158195495605,-2.658508062362671,0.045734524726867676,-0.013070369139313698,0.0003945098724216223,-0.01742715574800968,nan,nan,nan,-0.030997997149825096,-0.005352126434445381,-3.136488199234009,-1.551898276375141e-05,3135,,nan,24.586,0.96,95,4,23,0.81,895,0.009192331694066525,0.005081190261989832,0.009101652540266514,1500,1500,1391,1498,1897,1500,1897,1115
1783460656.0989,0.9404,0.01995,50.12,48,1820436,nan,AUTOTUNE,?,0,0.47018635272979736,0.0,10.0,0.5,0.0,0.0,nan,nan,nan,nan,nan,nan,nan,nan,nan,nan,7.621325032817021,2.658065004630512,9.984701961297716,0,0,-6.262345314025879,-2.6585307121276855,0.04544311761856079,-0.013145089149475098,0.0002688763488549739,-0.01740426942706108,nan,nan,nan,-0.031001664698123932,-0.005359634757041931,-3.136486768722534,9.522637992631644e-05,3135,,nan,24.586,0.96,95,4,23,0.81,895,0.009192331694066525,0.005081190261989832,0.009101652540266514,1500,1500,1391,1498,1897,1500,1897,1115
1783460656.1189,0.9605,0.02006,49.85,49,1820456,nan,AUTOTUNE,?,0,0.4802398681640625,0.0,10.0,0.5,0.0,0.0,nan,nan,nan,nan,nan,nan,nan,nan,nan,nan,7.631624616928154,2.6585310456402347,9.984759417020124,0,0,-6.2627105712890625,-2.658586025238037,0.04522222280502319,-0.01307627558708191,3.174248558934778e-05,-0.01730990782380104,nan,nan,nan,-0.0310159120708704,-0.005361424759030342,-3.1364858150482178,-0.00011408307909732684,3135,,nan,24.586,0.96,95,4,23,0.81,895,0.009192331694066525,0.005081190261989832,0.009101652540266514,1500,1500,1391,1498,1897,1500,1897,1115
1783460656.1384,0.9804,0.01947,51.35,50,1820476,nan,AUTOTUNE,?,0,0.49022138118743896,0.0,10.0,0.5,0.0,0.0,nan,nan,nan,nan,nan,nan,nan,nan,nan,nan,7.64186992998835,2.6587682143025684,9.984118249660886,0,0,-6.2633209228515625,-2.6585896015167236,0.045452117919921875,-0.012876193970441818,-0.00010312213998986408,-0.017072459682822227,nan,nan,nan,-0.031020110473036766,-0.00536494143307209,-3.136502265930176,-0.0006592179415747523,3135,,nan,24.586,0.96,95,4,23,0.81,895,0.009192331694066525,0.005081190261989832,0.009101652540266514,1500,1500,1391,1498,1897,1500,1897,1115
1783460656.1600,1.0004,0.02165,46.18,51,1820496,0.002,AUTOTUNE,AUTOTUNE,128,0.5001899003982544,0.0,10.0,0.5,0.0,0.0,nan,nan,nan,nan,nan,nan,nan,nan,nan,nan,7.652036482382748,2.6591390232533896,9.984095005486926,0,0,-6.263741970062256,-2.6585965156555176,0.04537320137023926,-0.012747436761856079,-0.0003132169076707214,-0.01701347716152668,nan,nan,nan,-0.031026899814605713,-0.005364818498492241,-3.136519193649292,-0.0009654932073317468,3135,,nan,24.597,0.97,95,4,23,0.81,895,0.009724345989525318,0.00036541768349707127,0.008803769946098328,1500,1500,1391,1498,1897,1500,1897,1115
1783460656.1785,1.0205,0.01845,54.19,52,1820516,0.021,AUTOTUNE,AUTOTUNE,128,0.5102362632751465,0.0,10.0,0.5,0.0,0.0,nan,nan,nan,nan,nan,nan,nan,nan,nan,nan,7.662638247551321,2.6591116178179,9.984101750926147,0,0,-6.2642903327941895,-2.65861177444458,0.045527875423431396,-0.012751501053571701,-0.0002885847061406821,-0.0171066727489233,nan,nan,nan,-0.031023750081658363,-0.005378421396017075,-3.1365091800689697,0.0002236186119262129,3135,,nan,24.597,0.97,95,4,23,0.81,895,0.009724345989525318,0.00036541768349707127,0.008803769946098328,1500,1500,1391,1498,1897,1500,1897,1115
1783460656.1987,1.0405,0.02021,49.49,53,1820536,0.041,AUTOTUNE,AUTOTUNE,128,0.5202463865280151,0.0,10.0,0.5,0.0,0.0,nan,nan,nan,nan,nan,nan,nan,nan,nan,nan,7.673055141467907,2.659152726968409,9.984420660190223,0,0,-6.264684200286865,-2.6586227416992188,0.045411109924316406,-0.01275895070284605,-0.0003059871378354728,-0.017223380506038666,nan,nan,nan,-0.031029537320137024,-0.005393320694565773,-3.1365160942077637,-0.00022117493790574372,3135,,nan,24.597,0.97,95,4,23,0.81,895,0.009724345989525318,0.00036541768349707127,0.008803769946098328,1500,1500,1391,1498,1897,1500,1897,1115
1783460656.2188,1.0604,0.02007,49.84,54,1820556,0.061,AUTOTUNE,AUTOTUNE,128,0.5301928520202637,0.0,10.0,0.5,0.0,0.0,nan,nan,nan,nan,nan,nan,nan,nan,nan,nan,7.683528077800471,2.659657364082931,9.984103564993859,0,0,-6.2651848793029785,-2.658646583557129,0.04553699493408203,-0.012773841619491577,-0.0005835744086652994,-0.017112985253334045,nan,nan,nan,-0.03103005699813366,-0.005395820364356041,-3.1365039348602295,0.00028291161288507283,3135,,nan,24.597,0.97,95,4,23,0.81,895,0.009724345989525318,0.00036541768349707127,0.008803769946098328,1500,1500,1391,1498,1897,1500,1897,1115
1783460656.2386,1.0803,0.01979,50.53,55,1820576,0.081,AUTOTUNE,AUTOTUNE,128,0.5401681661605835,0.0,10.0,0.5,0.0,0.0,nan,nan,nan,nan,nan,nan,nan,nan,nan,nan,7.693963620948272,2.6594448103752013,9.984175985114197,0,0,-6.265660285949707,-2.6586763858795166,0.045615196228027344,-0.01276507880538702,-0.000443650089437142,-0.01719994656741619,nan,nan,nan,-0.03103494644165039,-0.005397094413638115,-3.1365113258361816,-0.0003073450061492622,3135,,nan,24.597,0.97,95,4,23,0.81,895,0.009724345989525318,0.00036541768349707127,0.008803769946098328,1500,1500,1391,1498,1897,1500,1897,1115
1783460656.2588,1.1005,0.02026,49.36,56,1820596,0.101,AUTOTUNE,AUTOTUNE,128,0.5502458810806274,0.0,10.0,0.5,0.0,0.0,nan,nan,nan,nan,nan,nan,nan,nan,nan,nan,7.704397589017148,2.6596533391756343,9.984231385114736,0,0,-6.266014575958252,-2.6586978435516357,0.04547196626663208,-0.012766212224960327,-0.0005516556557267904,-0.017149237915873528,nan,nan,nan,-0.03103061020374298,-0.005396544933319092,-3.136528730392456,-0.0007938863127492368,3135,,nan,24.597,0.97,95,4,23,0.81,895,0.009724345989525318,0.00036541768349707127,0.008803769946098328,1500,1500,1391,1498,1897,1500,1897,1115
1783460656.2788,1.1204,0.02001,49.97,57,1820616,0.121,AUTOTUNE,AUTOTUNE,128,0.5601921081542969,0.0,10.0,0.5,0.0,0.0,nan,nan,nan,nan,nan,nan,nan,nan,nan,nan,7.715071627953039,2.6599457933735837,9.98405843731526,0,0,-6.266452312469482,-2.6587345600128174,0.045491576194763184,-0.012933687306940556,-0.0006993059068918228,-0.01706070825457573,nan,nan,nan,-0.03103228658437729,-0.005400145426392555,-3.1365275382995605,-2.113803566317074e-05,3135,,nan,24.597,0.97,95,4,23,0.81,895,0.009724345989525318,0.00036541768349707127,0.008803769946098328,1500,1500,1391,1498,1897,1500,1897,1115
1783460656.2988,1.1404,0.01996,50.09,58,1820636,0.141,AUTOTUNE,AUTOTUNE,128,0.5701941251754761,0.0,10.0,0.5,0.0,0.0,nan,nan,nan,nan,nan,nan,nan,nan,nan,nan,7.725284249034731,2.6597173612423544,9.984152388481581,0,0,-6.266788005828857,-2.658762216567993,0.04532170295715332,-0.012861466966569424,-0.0005514530348591506,-0.017016874626278877,nan,nan,nan,-0.03103308007121086,-0.005406932905316353,-3.1365292072296143,-0.00013396098802331835,3135,,nan,24.597,0.97,95,4,23,0.81,895,0.009724345989525318,0.00036541768349707127,0.008803769946098328,1500,1500,1391,1498,1897,1500,1897,1115
1783460656.3187,1.1603,0.01989,50.29,59,1820656,0.161,AUTOTUNE,AUTOTUNE,128,0.5801701545715332,0.0,10.0,0.5,0.0,0.0,nan,nan,nan,nan,nan,nan,nan,nan,nan,nan,7.73604963511155,2.660114825094099,9.984070049640811,0,0,-6.2671942710876465,-2.6588058471679688,0.04518836736679077,-0.013082644902169704,-0.0007557387580163777,-0.01689235493540764,nan,nan,nan,-0.03103698045015335,-0.00540582649409771,-3.136512517929077,0.0009671531151980162,3135,,nan,24.597,0.97,95,4,23,0.81,895,0.009724345989525318,0.00036541768349707127,0.008803769946098328,1500,1500,1391,1498,1897,1500,1897,1115
1783460656.3388,1.1805,0.02017,49.59,60,1820676,0.181,AUTOTUNE,AUTOTUNE,128,0.5902342796325684,0.0,10.0,0.5,0.0,0.0,nan,nan,nan,nan,nan,nan,nan,nan,nan,nan,7.746738352820826,2.660475975614835,9.982317910670535,0,0,-6.267834186553955,-2.6591339111328125,0.046257078647613525,-0.013073798269033432,-0.0007748412899672985,-0.01649777777493,nan,nan,nan,-0.031052906066179276,-0.005415154621005058,-3.136502981185913,0.0004246207536198199,3135,,nan,24.597,0.97,95,4,23,0.81,895,0.009724345989525318,0.00036541768349707127,0.008803769946098328,1500,1500,1391,1498,1897,1500,1897,1115
1783460656.3588,1.2004,0.01999,50.02,61,1820696,0.201,AUTOTUNE,AUTOTUNE,128,0.6001909971237183,0.0,10.0,0.5,0.0,0.0,nan,nan,nan,nan,nan,nan,nan,nan,nan,nan,7.7568727777026645,2.6607196770189705,9.981639561124966,0,0,-6.268273830413818,-2.6593017578125,0.046582937240600586,-0.012922569178044796,-0.0008186360355466604,-0.016294267028570175,nan,nan,nan,-0.03105749748647213,-0.005425561219453812,-3.136505603790283,-1.3155289707356133e-05,3135,,nan,24.597,0.97,95,4,23,0.81,895,0.008901000954210758,0.004462135024368763,0.02253882959485054,1500,1500,1391,1498,1897,1500,1897,1115
1783460656.3787,1.2205,0.01988,50.31,62,1820716,0.221,AUTOTUNE,AUTOTUNE,128,0.6102467775344849,0.0,10.0,0.5,0.0,0.0,nan,nan,nan,nan,nan,nan,nan,nan,nan,nan,7.76762641674797,2.6612870637366495,9.980201743253204,0,0,-6.268860340118408,-2.659605026245117,0.047487616539001465,-0.012986856512725353,-0.0009711247985251248,-0.015986459329724312,nan,nan,nan,-0.03105803392827511,-0.005425687879323959,-3.1365060806274414,-0.00011770802666433156,3135,,nan,24.597,0.97,95,4,23,0.81,895,0.008901000954210758,0.004462135024368763,0.02253882959485054,1500,1500,1391,1498,1897,1500,1897,1115
1783460656.3988,1.2404,0.02010,49.76,63,1820736,0.241,AUTOTUNE,AUTOTUNE,128,0.6201837062835693,0.0,10.0,0.5,0.0,0.0,nan,nan,nan,nan,nan,nan,nan,nan,nan,nan,7.777695227928834,2.661619370779823,9.979803217201367,0,0,-6.269265174865723,-2.659762144088745,0.047746896743774414,-0.012829267419874668,-0.001072270330041647,-0.015906065702438354,nan,nan,nan,-0.03106636554002762,-0.005438610911369324,-3.136514186859131,-0.00036551308585330844,3135,,nan,24.597,0.97,95,4,23,0.81,895,0.008901000954210758,0.004462135024368763,0.02253882959485054,1500,1500,1391,1498,1897,1500,1897,1115
1783460656.4187,1.2605,0.01990,50.25,64,1820756,0.261,AUTOTUNE,AUTOTUNE,128,0.6302438974380493,0.0,10.0,0.5,0.0,0.0,nan,nan,nan,nan,nan,nan,nan,nan,nan,nan,7.7881068084269955,2.6625571909834527,9.97822697768045,0,0,-6.269791603088379,-2.6600496768951416,0.0485457181930542,-0.012728208675980568,-0.0014477139338850975,-0.015457223169505596,nan,nan,nan,-0.03107241541147232,-0.005448903888463974,-3.136514663696289,4.476673711906187e-05,3135,,nan,24.597,0.97,95,4,23,0.81,895,0.008901000954210758,0.004462135024368763,0.02253882959485054,1500,1500,1391,1498,1897,1500,1897,1115
1783460656.4392,1.2805,0.02045,48.89,65,1820776,0.281,AUTOTUNE,AUTOTUNE,128,0.6402449607849121,0.0,10.0,0.5,0.0,0.0,nan,nan,nan,nan,nan,nan,nan,nan,nan,nan,7.79867682972331,2.6632645158720134,9.976939178732557,0,0,-6.270296096801758,-2.6603281497955322,0.049250245094299316,-0.012765427120029926,-0.001695311744697392,-0.015120470896363258,nan,nan,nan,-0.03107660450041294,-0.005446208640933037,-3.13649845123291,0.0006288891308940947,3135,,nan,24.597,0.97,95,4,23,0.81,895,0.008901000954210758,0.004462135024368763,0.02253882959485054,1500,1500,1391,1498,1897,1500,1897,1115
1783460656.4587,1.3004,0.01956,51.11,66,1820796,0.301,AUTOTUNE,AUTOTUNE,128,0.6501997709274292,0.0,10.0,0.5,0.0,0.0,nan,nan,nan,nan,nan,nan,nan,nan,nan,nan,7.808953370905205,2.6635207763623976,9.976276995937821,0,0,-6.270661354064941,-2.6604807376861572,0.04942965507507324,-0.012740297242999077,-0.0017551671480759978,-0.014841741882264614,nan,nan,nan,-0.031082699075341225,-0.0054425764828920364,-3.1365087032318115,-0.0004155424248892814,3135,,nan,24.597,0.97,95,4,23,0.81,895,0.008901000954210758,0.004462135024368763,0.02253882959485054,1500,1500,1391,1498,1897,1500,1897,1115
1783460656.4788,1.3204,0.02007,49.82,67,1820816,0.321,AUTOTUNE,AUTOTUNE,128,0.6601877212524414,0.0,10.0,0.5,0.0,0.0,nan,nan,nan,nan,nan,nan,nan,nan,nan,nan,7.81951419816296,2.6642872616528366,9.975073246099921,0,0,-6.271119594573975,-2.660747766494751,0.050033390522003174,-0.0128064826130867,-0.0020435284823179245,-0.014495323412120342,nan,nan,nan,-0.03108878806233406,-0.0054468270391225815,-3.1365134716033936,-0.0002188878715969622,3135,,nan,24.597,0.97,95,4,23,0.81,895,0.008901000954210758,0.004462135024368763,0.02253882959485054,1500,1500,1391,1498,1897,1500,1897,1115
1783460656.4985,1.3404,0.01970,50.76,68,1820836,0.341,AUTOTUNE,AUTOTUNE,128,0.6701911687850952,0.0,10.0,0.5,0.0,0.0,nan,nan,nan,nan,nan,nan,nan,nan,nan,nan,7.829620286186745,2.664431390917158,9.975036307167555,0,0,-6.271465301513672,-2.660898208618164,0.05016517639160156,-0.012666148133575916,-0.002039883751422167,-0.014550083316862583,nan,nan,nan,-0.031082207337021828,-0.005441751331090927,-3.1365249156951904,-0.0005778620252385736,3135,,nan,24.597,0.97,95,4,23,0.81,895,0.008901000954210758,0.004462135024368763,0.02253882959485054,1500,1500,1391,1498,1897,1500,1897,1115
1783460656.5188,1.3604,0.02028,49.31,69,1820856,0.361,AUTOTUNE,AUTOTUNE,128,0.6801880598068237,0.0,10.0,0.5,0.0,0.0,nan,nan,nan,nan,nan,nan,nan,nan,nan,nan,7.840221849232875,2.664815568288706,9.974252471807633,0,0,-6.2718915939331055,-2.661156415939331,0.050513505935668945,-0.012769135646522045,-0.0021126125939190388,-0.014298643916845322,nan,nan,nan,-0.031079672276973724,-0.005441056564450264,-3.1365227699279785,7.128077413653955e-06,3135,,nan,24.597,0.97,95,4,23,0.81,895,0.008901000954210758,0.004462135024368763,0.02253882959485054,1500,1500,1391,1498,1897,1500,1897,1115
1783460656.5390,1.3804,0.02027,49.34,70,1820876,0.381,AUTOTUNE,AUTOTUNE,128,0.6902076005935669,0.0,10.0,0.5,0.0,0.0,nan,nan,nan,nan,nan,nan,nan,nan,nan,nan,7.8496648635059,2.665273627711718,9.973520748296655,0,0,-6.272109508514404,-2.6612846851348877,0.05088400840759277,-0.01231046486645937,-0.002303017070516944,-0.014090092852711678,nan,nan,nan,-0.03109803795814514,-0.005448620766401291,-3.1365044116973877,0.0008392244344577193,3135,,nan,24.597,0.97,95,4,23,0.81,895,0.008901000954210758,0.004462135024368763,0.02253882959485054,1500,1500,1391,1498,1897,1500,1897,1115
1783460656.5590,1.4004,0.01995,50.14,71,1820896,0.401,AUTOTUNE,AUTOTUNE,128,0.7001925706863403,0.0,10.0,0.5,0.0,0.0,nan,nan,nan,nan,nan,nan,nan,nan,nan,nan,7.85973988637977,2.665309234703689,9.97329698027019,0,0,-6.272335529327393,-2.6613731384277344,0.05090874433517456,-0.012231963686645031,-0.00227250624448061,-0.013975181616842747,nan,nan,nan,-0.031102333217859268,-0.005461530759930611,-3.1364970207214355,0.00032174959778785706,3135,,nan,24.597,0.97,95,4,23,0.81,895,0.00811200775206089,0.006274264771491289,0.013601969927549362,1500,1500,1391,1498,1897,1500,1897,1115
1783460656.5787,1.4204,0.01969,50.79,72,1820916,0.421,AUTOTUNE,AUTOTUNE,128,0.7101798057556152,0.0,10.0,0.5,0.0,0.0,nan,nan,nan,nan,nan,nan,nan,nan,nan,nan,7.86941380448256,2.665716950644208,9.972644422098197,0,0,-6.272526741027832,-2.6615028381347656,0.051210224628448486,-0.011940673924982548,-0.0024330189917236567,-0.013772486709058285,nan,nan,nan,-0.031103620305657387,-0.005464864894747734,-3.1365036964416504,-0.00034549154224805534,3135,,nan,24.597,0.97,95,4,23,0.81,895,0.00811200775206089,0.006274264771491289,0.013601969927549362,1500,1500,1391,1498,1897,1500,1897,1115
1783460656.5988,1.4404,0.02016,49.61,73,1820936,0.441,AUTOTUNE,AUTOTUNE,128,0.7201899290084839,0.0,10.0,0.5,0.0,0.0,nan,nan,nan,nan,nan,nan,nan,nan,nan,nan,7.879262224733424,2.6658214774855558,9.972423840409872,0,0,-6.272733211517334,-2.661590814590454,0.051207661628723145,-0.011728108860552311,-0.0024425743613392115,-0.013643654063344002,nan,nan,nan,-0.031109223142266273,-0.005457596853375435,-3.1365013122558594,-0.00016281913849525154,3135,,nan,24.597,0.97,95,4,23,0.81,895,0.00811200775206089,0.006274264771491289,0.013601969927549362,1500,1500,1391,1498,1897,1500,1897,1115
1783460656.6185,1.4603,0.01964,50.91,74,1820956,0.461,AUTOTUNE,AUTOTUNE,128,0.7301287651062012,0.0,10.0,0.5,0.0,0.0,nan,nan,nan,nan,nan,nan,nan,nan,nan,nan,7.888780180660384,2.66608129090196,9.971589951878292,0,0,-6.272905349731445,-2.661721706390381,0.05149441957473755,-0.011385729536414146,-0.002517007291316986,-0.013327768072485924,nan,nan,nan,-0.03111804649233818,-0.005455430597066879,-3.136504888534546,-0.0002246889634989202,3135,,nan,24.597,0.97,95,4,23,0.81,895,0.00811200775206089,0.006274264771491289,0.013601969927549362,1500,1500,1391,1498,1897,1500,1897,1115
1783460656.6390,1.4804,0.02054,48.68,75,1820976,0.481,AUTOTUNE,AUTOTUNE,128,0.7401926517486572,0.0,10.0,0.5,0.0,0.0,nan,nan,nan,nan,nan,nan,nan,nan,nan,nan,7.89882271427515,2.666705717062692,9.971258746194685,0,0,-6.273065567016602,-2.661853075027466,0.051733970642089844,-0.011280899867415428,-0.002801674185320735,-0.013274851255118847,nan,nan,nan,-0.03113623708486557,-0.0054617151618003845,-3.136493682861328,0.0005677914014086127,3135,,nan,24.597,0.97,95,4,23,0.81,895,0.00811200775206089,0.006274264771491289,0.013601969927549362,1500,1500,1391,1498,1897,1500,1897,1115
1783460656.6602,1.5005,0.02119,47.20,76,1820996,0.502,AUTOTUNE,AUTOTUNE,128,0.7502435445785522,0.0,10.0,0.5,0.0,0.0,nan,nan,nan,nan,nan,nan,nan,nan,nan,nan,7.908778410612299,2.6670251689517515,9.971276534682529,0,0,-6.273251533508301,-2.6619465351104736,0.0517081618309021,-0.01111857034265995,-0.0029321506153792143,-0.013270220719277859,nan,nan,nan,-0.031141137704253197,-0.005462516099214554,-3.1364924907684326,0.00013189121091272682,3135,,nan,24.595,0.99,95,4,23,0.81,895,0.00811200775206089,0.006274264771491289,0.013601969927549362,1500,1500,1391,1498,1897,1500,1897,1115
1783460656.6784,1.5204,0.01821,54.92,77,1821016,0.521,AUTOTUNE,AUTOTUNE,128,0.7601995468139648,0.0,10.0,0.5,0.0,0.0,nan,nan,nan,nan,nan,nan,nan,nan,nan,nan,7.918569561297826,2.667327741131075,9.970887917833892,0,0,-6.2733917236328125,-2.6620819568634033,0.05188685655593872,-0.01094245444983244,-0.003028654959052801,-0.013149022124707699,nan,nan,nan,-0.031138950958848,-0.0054668840020895,-3.13649845123291,-0.00036337084020487964,3135,,nan,24.595,0.99,95,4,23,0.81,895,0.00811200775206089,0.006274264771491289,0.013601969927549362,1500,1500,1391,1498,1897,1500,1897,1115
1783460656.6987,1.5404,0.02031,49.23,78,1821036,0.541,AUTOTUNE,AUTOTUNE,128,0.7702237367630005,0.0,10.0,0.5,0.0,0.0,nan,nan,nan,nan,nan,nan,nan,nan,nan,nan,7.928661084950443,2.6672932680503365,9.97071772948039,0,0,-6.273571014404297,-2.662177801132202,0.05182790756225586,-0.010877816006541252,-0.0029534162022173405,-0.01301672961562872,nan,nan,nan,-0.031128831207752228,-0.005463805049657822,-3.136502742767334,-0.0003453482058830559,3135,,nan,24.595,0.99,95,4,23,0.81,895,0.00811200775206089,0.006274264771491289,0.013601969927549362,1500,1500,1391,1498,1897,1500,1897,1115
1783460656.7186,1.5601,0.01982,50.46,79,1821056,0.561,AUTOTUNE,AUTOTUNE,128,0.7800651788711548,0.0,10.0,0.5,0.0,0.0,nan,nan,nan,nan,nan,nan,nan,nan,nan,nan,7.938375489951219,2.6674811487670027,9.970394046309394,0,0,-6.27370023727417,-2.6623103618621826,0.051975369453430176,-0.010729864239692688,-0.0029853552114218473,-0.012914988212287426,nan,nan,nan,-0.031143540516495705,-0.005461934953927994,-3.136512041091919,-0.000541497312951833,3135,,nan,24.595,0.99,95,4,23,0.81,895,0.00811200775206089,0.006274264771491289,0.013601969927549362,1500,1500,1391,1498,1897,1500,1897,1115
1783460656.7386,1.5803,0.02009,49.77,80,1821076,0.581,AUTOTUNE,AUTOTUNE,128,0.7901631593704224,0.0,10.0,0.5,0.0,0.0,nan,nan,nan,nan,nan,nan,nan,nan,nan,nan,7.9492214174247415,2.667787586135165,9.969551149880692,0,0,-6.274346828460693,-2.6623783111572266,0.052365243434906006,-0.010788382031023502,-0.003123046364635229,-0.012653435580432415,nan,nan,nan,-0.03114146925508976,-0.005454439669847488,-3.136516809463501,-0.00046376290265470743,3135,,nan,24.595,0.99,95,4,23,0.81,895,0.00811200775206089,0.006274264771491289,0.013601969927549362,1500,1500,1391,1498,1897,1500,1897,1115
1783460656.7585,1.6001,0.01986,50.35,81,1821096,0.601,AUTOTUNE,AUTOTUNE,128,0.8000591993331909,0.0,10.0,0.5,0.0,0.0,nan,nan,nan,nan,nan,nan,nan,nan,nan,nan,7.959558393069674,2.667711975019109,9.969223472450004,0,0,-6.2747626304626465,-2.662445306777954,0.052411556243896484,-0.010802892968058586,-0.0030407123267650604,-0.01249098964035511,nan,nan,nan,-0.031153779476881027,-0.005462391301989555,-3.136497735977173,0.0005357461050152779,3135,,nan,24.595,0.99,95,4,23,0.81,895,0.008106132037937641,0.0011135448003187776,0.007391687482595444,1500,1500,1391,1498,1897,1500,1897,1115
1783460656.7785,1.6203,0.01998,50.04,82,1821116,0.621,AUTOTUNE,AUTOTUNE,128,0.8101614713668823,0.0,10.0,0.5,0.0,0.0,nan,nan,nan,nan,nan,nan,nan,nan,nan,nan,7.970287141843837,2.667736622601395,9.968998931585276,0,0,-6.2753448486328125,-2.662517547607422,0.052722275257110596,-0.010828445665538311,-0.0030132343526929617,-0.012540744617581367,nan,nan,nan,-0.031168323010206223,-0.005466517060995102,-3.136507034301758,-0.00037371352664195,3135,,nan,24.595,0.99,95,4,23,0.81,895,0.008106132037937641,0.0011135448003187776,0.007391687482595444,1500,1500,1391,1498,1897,1500,1897,1115
1783460656.7988,1.6404,0.02029,49.29,83,1821136,0.641,AUTOTUNE,AUTOTUNE,128,0.8201874494552612,0.0,10.0,0.5,0.0,0.0,nan,nan,nan,nan,nan,nan,nan,nan,nan,nan,7.981086743825722,2.6680002224552584,9.968826718386035,0,0,-6.275729656219482,-2.6625852584838867,0.05273514986038208,-0.011052928864955902,-0.0031263309065252542,-0.012448750436306,nan,nan,nan,-0.03116551600396633,-0.005466664209961891,-3.1365175247192383,-0.0005002326797693968,3135,,nan,24.595,0.99,95,4,23,0.81,895,0.008106132037937641,0.0011135448003187776,0.007391687482595444,1500,1500,1391,1498,1897,1500,1897,1115
1783460656.8183,1.6601,0.01950,51.29,84,1821156,0.660,AUTOTUNE,AUTOTUNE,128,0.8300478458404541,0.0,10.0,0.5,0.0,0.0,nan,nan,nan,nan,nan,nan,nan,nan,nan,nan,7.991587677788381,2.6681904270834056,9.968800545992018,0,0,-6.276264190673828,-2.662660837173462,0.05284583568572998,-0.011114129796624184,-0.003192510223016143,-0.012497544288635254,nan,nan,nan,-0.031183121725916862,-0.005466926842927933,-3.1365249156951904,-0.0005225668428465724,3135,,nan,24.595,0.99,95,4,23,0.81,895,0.008106132037937641,0.0011135448003187776,0.007391687482595444,1500,1500,1391,1498,1897,1500,1897,1115
1783460656.8388,1.6805,0.02056,48.64,85,1821176,0.681,AUTOTUNE,AUTOTUNE,128,0.8402552604675293,0.0,10.0,0.5,0.0,0.0,nan,nan,nan,nan,nan,nan,nan,nan,nan,nan,8.002304135984645,2.6682822159751134,9.96834611640791,0,0,-6.276764392852783,-2.662738084793091,0.05292719602584839,-0.011119234375655651,-0.003200905630365014,-0.012282152660191059,nan,nan,nan,-0.03118235245347023,-0.005462707951664925,-3.136514902114868,0.00025139577337540686,3135,,nan,24.595,0.99,95,4,23,0.81,895,0.008106132037937641,0.0011135448003187776,0.007391687482595444,1500,1500,1391,1498,1897,1500,1897,1115
1783460656.8587,1.7004,0.01986,50.36,86,1821196,0.701,AUTOTUNE,AUTOTUNE,128,0.8502098321914673,0.0,10.0,0.5,0.0,0.0,nan,nan,nan,nan,nan,nan,nan,nan,nan,nan,8.012551258670383,2.668727384915955,9.968284126554776,0,0,-6.277120590209961,-2.662811517715454,0.052829742431640625,-0.011082488112151623,-0.003415527520701289,-0.012190097942948341,nan,nan,nan,-0.031173044815659523,-0.005467008799314499,-3.1365110874176025,0.0002272613492095843,3135,,nan,24.595,0.99,95,4,23,0.81,895,0.008106132037937641,0.0011135448003187776,0.007391687482595444,1500,1500,1391,1498,1897,1500,1897,1115
1783460656.8789,1.7205,0.02017,49.57,87,1821216,0.721,AUTOTUNE,AUTOTUNE,128,0.8602466583251953,0.0,10.0,0.5,0.0,0.0,nan,nan,nan,nan,nan,nan,nan,nan,nan,nan,8.022842572316216,2.6689583501786602,9.96770257206638,0,0,-6.277578353881836,-2.662893056869507,0.052871525287628174,-0.010965126566588879,-0.003501798724755645,-0.01187846064567566,nan,nan,nan,-0.031170399859547615,-0.005467014387249947,-3.136505603790283,0.0003441261069383472,3135,,nan,24.595,0.99,95,4,23,0.81,895,0.008106132037937641,0.0011135448003187776,0.007391687482595444,1500,1500,1391,1498,1897,1500,1897,1115
1783460656.8989,1.7404,0.02007,49.83,88,1821236,0.741,AUTOTUNE,AUTOTUNE,128,0.8701789379119873,0.0,10.0,0.5,0.0,0.0,nan,nan,nan,nan,nan,nan,nan,nan,nan,nan,8.033236098133312,2.6693349434838143,9.967790961957396,0,0,-6.277911186218262,-2.6629722118377686,0.05276226997375488,-0.011039266362786293,-0.0036735248286277056,-0.011866413988173008,nan,nan,nan,-0.031166475266218185,-0.005460314452648163,-3.136507034301758,-0.000288833660306409,3135,,nan,24.595,0.99,95,4,23,0.81,895,0.008106132037937641,0.0011135448003187776,0.007391687482595444,1500,1500,1391,1498,1897,1500,1897,1115
1783460656.9184,1.7604,0.01950,51.29,89,1821256,0.761,AUTOTUNE,AUTOTUNE,128,0.8802231550216675,0.0,10.0,0.5,0.0,0.0,nan,nan,nan,nan,nan,nan,nan,nan,nan,nan,8.043654065167024,2.66940883652376,9.967949375528194,0,0,-6.2783355712890625,-2.663058280944824,0.052640318870544434,-0.011010032147169113,-0.0036664949730038643,-0.011887465603649616,nan,nan,nan,-0.031163765117526054,-0.00547492690384388,-3.136526346206665,-0.0007407865487039089,3135,,nan,24.595,0.99,95,4,23,0.81,895,0.008106132037937641,0.0011135448003187776,0.007391687482595444,1500,1500,1391,1498,1897,1500,1897,1115
1783460656.9388,1.7804,0.02034,49.15,90,1821276,0.781,AUTOTUNE,AUTOTUNE,128,0.8901888132095337,0.0,10.0,0.5,0.0,0.0,nan,nan,nan,nan,nan,nan,nan,nan,nan,nan,8.054321853667682,2.6696618796115583,9.966708607751471,0,0,-6.278996467590332,-2.663346767425537,0.05317270755767822,-0.011033838614821434,-0.0036460317205637693,-0.011478482745587826,nan,nan,nan,-0.031164798885583878,-0.005465378984808922,-3.1365373134613037,-0.0008615111000835896,3135,,nan,24.595,0.99,95,4,23,0.81,895,0.008106132037937641,0.0011135448003187776,0.007391687482595444,1500,1500,1391,1498,1897,1500,1897,1115
1783460656.9589,1.8004,0.02017,49.57,91,1821296,0.801,AUTOTUNE,AUTOTUNE,128,0.9001896381378174,0.0,10.0,0.5,0.0,0.0,nan,nan,nan,nan,nan,nan,nan,nan,nan,nan,8.064772325728041,2.670147265133483,9.966372069497472,0,0,-6.2794189453125,-2.663522958755493,0.053304314613342285,-0.011049524880945683,-0.003824545070528984,-0.011360165663063526,nan,nan,nan,-0.03116290643811226,-0.005470121279358864,-3.1365387439727783,-0.0004081148363184184,3135,,nan,24.595,0.99,95,4,23,0.81,895,0.008383150212466717,0.005298906471580267,0.012530513107776642,1500,1500,1391,1497,1897,1500,1897,1115
1783460656.9784,1.8203,0.01949,51.31,92,1821316,0.821,AUTOTUNE,AUTOTUNE,128,0.9101601839065552,0.0,10.0,0.5,0.0,0.0,nan,nan,nan,nan,nan,nan,nan,nan,nan,nan,8.075378705673911,2.6706067075401787,9.96552786630662,0,0,-6.280016899108887,-2.6637935638427734,0.053750574588775635,-0.011071395128965378,-0.003933570347726345,-0.01113041304051876,nan,nan,nan,-0.03117179684340954,-0.00546819344162941,-3.136544942855835,-0.0001896852336358279,3135,,nan,24.595,0.99,95,4,23,0.81,895,0.008383150212466717,0.005298906471580267,0.012530513107776642,1500,1500,1391,1497,1897,1500,1897,1115
1783460656.9989,1.8404,0.02044,48.93,93,1821336,0.841,AUTOTUNE,AUTOTUNE,128,0.9201878309249878,0.0,10.0,0.5,0.0,0.0,nan,nan,nan,nan,nan,nan,nan,nan,nan,nan,8.085794700550833,2.671114508241959,9.965375130817831,0,0,-6.280416488647461,-2.6639673709869385,0.05383884906768799,-0.011064904741942883,-0.0041264016181230545,-0.011093196459114552,nan,nan,nan,-0.031184474006295204,-0.0054700542241334915,-3.1365466117858887,-5.170749136595987e-05,3135,,nan,24.595,0.99,95,4,23,0.81,895,0.008383150212466717,0.005298906471580267,0.012530513107776642,1500,1500,1391,1497,1897,1500,1897,1115
1783460657.0186,1.8604,0.01974,50.66,94,1821356,0.861,AUTOTUNE,AUTOTUNE,128,0.9301799535751343,0.0,10.0,0.5,0.0,0.0,nan,nan,nan,nan,nan,nan,nan,nan,nan,nan,8.096450886054994,2.6715338598825533,9.964488172777356,0,0,-6.280966758728027,-2.6642274856567383,0.054100215435028076,-0.011130603030323982,-0.0042183371260762215,-0.010732010938227177,nan,nan,nan,-0.031172048300504684,-0.005474504083395004,-3.1365468502044678,-0.00014185871987137944,3135,,nan,24.595,0.99,95,4,23,0.81,895,0.008383150212466717,0.005298906471580267,0.012530513107776642,1500,1500,1391,1497,1897,1500,1897,1115
1783460657.0383,1.8802,0.01971,50.73,95,1821376,0.880,AUTOTUNE,AUTOTUNE,128,0.9401062726974487,0.0,10.0,0.5,0.0,0.0,nan,nan,nan,nan,nan,nan,nan,nan,nan,nan,8.10698476792312,2.6721922393064483,9.964206949510718,0,0,-6.281483173370361,-2.664477586746216,0.054324567317962646,-0.01118322741240263,-0.004454056732356548,-0.010699176229536533,nan,nan,nan,-0.031171787530183792,-0.005473414435982704,-3.136566638946533,-0.0009206644608639181,3135,,nan,24.595,0.99,95,4,23,0.81,895,0.008383150212466717,0.005298906471580267,0.012530513107776642,1500,1500,1391,1497,1897,1500,1897,1115
1783460657.0585,1.9003,0.02013,49.67,96,1821396,0.901,AUTOTUNE,AUTOTUNE,128,0.950141429901123,0.0,10.0,0.5,0.0,0.0,nan,nan,nan,nan,nan,nan,nan,nan,nan,nan,8.117258327028331,2.672517198686996,9.963905094785831,0,0,-6.281844615936279,-2.664647102355957,0.05431455373764038,-0.01111218985170126,-0.004543802235275507,-0.01051911897957325,nan,nan,nan,-0.0311722531914711,-0.005472993478178978,-3.136564016342163,-3.356642628205009e-05,3135,,nan,24.595,0.99,95,4,23,0.81,895,0.008383150212466717,0.005298906471580267,0.012530513107776642,1500,1500,1391,1497,1897,1500,1897,1115
1783460657.0788,1.9205,0.02032,49.21,97,1821416,0.921,AUTOTUNE,AUTOTUNE,128,0.9602354764938354,0.0,10.0,0.5,0.0,0.0,nan,nan,nan,nan,nan,nan,nan,nan,nan,nan,8.127593011901874,2.6731635131834337,9.963496332503247,0,0,-6.282318592071533,-2.6648898124694824,0.054487645626068115,-0.010977472178637981,-0.0047768233343958855,-0.010383054614067078,nan,nan,nan,-0.03117339499294758,-0.0054726265370845795,-3.136561155319214,0.00016640643298160285,3135,,nan,24.595,0.99,95,4,23,0.81,895,0.008383150212466717,0.005298906471580267,0.012530513107776642,1500,1500,1391,1497,1897,1500,1897,1115
1783460657.0985,1.9402,0.01969,50.78,98,1821436,0.941,AUTOTUNE,AUTOTUNE,128,0.9700971841812134,0.0,10.0,0.5,0.0,0.0,nan,nan,nan,nan,nan,nan,nan,nan,nan,nan,8.137778060204319,2.673256410170008,9.963487316128658,0,0,-6.282657623291016,-2.665057897567749,0.05445581674575806,-0.010968413203954697,-0.004733413457870483,-0.010359472595155239,nan,nan,nan,-0.031177300959825516,-0.0054785702377557755,-3.13657283782959,-0.0006007670308463275,3135,,nan,24.595,0.99,95,4,23,0.81,895,0.008383150212466717,0.005298906471580267,0.012530513107776642,1500,1500,1391,1497,1897,1500,1897,1115
1783460657.1190,1.9605,0.02057,48.61,99,1821456,0.961,AUTOTUNE,AUTOTUNE,128,0.9802495241165161,0.0,10.0,0.5,0.0,0.0,nan,nan,nan,nan,nan,nan,nan,nan,nan,nan,8.148132901739318,2.673568138174163,9.96321723878001,0,0,-6.283090591430664,-2.665289878845215,0.05458235740661621,-0.010835353285074234,-0.004779455251991749,-0.010276601649820805,nan,nan,nan,-0.031169278547167778,-0.005461068823933601,-3.1365699768066406,-6.055519770598039e-05,3135,,nan,24.595,0.99,95,4,23,0.81,895,0.008383150212466717,0.005298906471580267,0.012530513107776642,1500,1500,1391,1497,1897,1500,1897,1115
1783460657.1388,1.9804,0.01973,50.67,100,1821476,0.981,AUTOTUNE,AUTOTUNE,128,0.9901905059814453,0.0,10.0,0.5,0.0,0.0,nan,nan,nan,nan,nan,nan,nan,nan,nan,nan,8.158329417505463,2.674014713539868,9.963194042513798,0,0,-6.28350305557251,-2.6655173301696777,0.05467498302459717,-0.010744749568402767,-0.004905966576188803,-0.01031668670475483,nan,nan,nan,-0.031165163964033127,-0.005453299731016159,-3.1365761756896973,-0.00029038163484074175,3135,,nan,24.595,0.99,95,4,23,0.81,895,0.008383150212466717,0.005298906471580267,0.012530513107776642,1500,1500,1391,1497,1897,1500,1897,1115
1783460657.1601,2.0004,0.02134,46.86,101,1821496,0.002,AUTOTUNE,AUTOTUNE,128,1.0001981258392334,0.0,10.0,0.5,0.0,0.0,nan,nan,nan,nan,nan,nan,nan,nan,nan,nan,8.168488321937028,2.674239700675868,9.962342020291569,0,0,-6.283775806427002,-2.6656715869903564,0.05510896444320679,-0.010674620978534222,-0.004946802742779255,-0.01007533073425293,nan,nan,nan,-0.0311755258589983,-0.0054584648460149765,-3.136589527130127,-0.0006401539430953562,3135,,nan,24.595,1.01,95,4,23,0.81,895,0.006110913120210171,0.0001241216523339972,0.01890081726014614,1500,1500,1391,1498,1897,1500,1897,1115
1783460657.1785,2.0205,0.01837,54.44,102,1821516,0.021,AUTOTUNE,AUTOTUNE,128,1.0102390050888062,0.0,10.0,0.5,0.0,0.0,nan,nan,nan,nan,nan,nan,nan,nan,nan,nan,8.178753528575978,2.674884513920555,9.96080692201388,0,0,-6.284088134765625,-2.665876626968384,0.05610913038253784,-0.010623813606798649,-0.005200705956667662,-0.009766487404704094,nan,nan,nan,-0.031185423955321312,-0.0054540447890758514,-3.136579751968384,0.00038331816904246807,3135,,nan,24.595,1.01,95,4,23,0.81,895,0.006110913120210171,0.0001241216523339972,0.01890081726014614,1500,1500,1391,1498,1897,1500,1897,1115
1783460657.1987,2.0404,0.02021,49.48,103,1821536,0.041,AUTOTUNE,AUTOTUNE,128,1.0202000141143799,0.0,10.0,0.5,0.0,0.0,nan,nan,nan,nan,nan,nan,nan,nan,nan,nan,8.188892118404294,2.675173076655774,9.96048500548169,0,0,-6.284345626831055,-2.666032552719116,0.05647319555282593,-0.010577676817774773,-0.005277283955365419,-0.009790821932256222,nan,nan,nan,-0.031198395416140556,-0.005448030307888985,-3.1365737915039062,0.00024558845325373113,3135,,nan,24.595,1.01,95,4,23,0.81,895,0.006110913120210171,0.0001241216523339972,0.01890081726014614,1500,1500,1391,1498,1897,1500,1897,1115
1783460657.2188,2.0604,0.02014,49.66,104,1821556,0.061,AUTOTUNE,AUTOTUNE,128,1.0302035808563232,0.0,10.0,0.5,0.0,0.0,nan,nan,nan,nan,nan,nan,nan,nan,nan,nan,8.198792049388578,2.6756348245387587,9.959399273369051,0,0,-6.284629821777344,-2.6662349700927734,0.057247817516326904,-0.010353762656450272,-0.005427008494734764,-0.009611202403903008,nan,nan,nan,-0.031199881806969643,-0.005450332537293434,-3.136575698852539,-0.00018471704970579594,3135,,nan,24.595,1.01,95,4,23,0.81,895,0.006110913120210171,0.0001241216523339972,0.01890081726014614,1500,1500,1391,1498,1897,1500,1897,1115
1783460657.2388,2.0804,0.01998,50.06,105,1821576,0.081,AUTOTUNE,AUTOTUNE,128,1.0401874780654907,0.0,10.0,0.5,0.0,0.0,nan,nan,nan,nan,nan,nan,nan,nan,nan,nan,8.208642828086095,2.675808742949432,9.95835848236266,0,0,-6.284899711608887,-2.6664340496063232,0.05794084072113037,-0.010121085681021214,-0.005412481725215912,-0.009410418570041656,nan,nan,nan,-0.031208928674459457,-0.005446257069706917,-3.136584520339966,-0.000692136469297111,3135,,nan,24.595,1.01,95,4,23,0.81,895,0.006110913120210171,0.0001241216523339972,0.01890081726014614,1500,1500,1391,1498,1897,1500,1897,1115
1783460657.2589,2.1005,0.02004,49.90,106,1821596,0.101,AUTOTUNE,AUTOTUNE,128,1.0502433776855469,0.0,10.0,0.5,0.0,0.0,nan,nan,nan,nan,nan,nan,nan,nan,nan,nan,8.218555286135395,2.6757523578310236,9.95762590476479,0,0,-6.285123348236084,-2.666583776473999,0.05817133188247681,-0.00990915298461914,-0.005293482914566994,-0.009120538830757141,nan,nan,nan,-0.03120674565434456,-0.005438538268208504,-3.136604070663452,-0.000770675775129348,3135,,nan,24.595,1.01,95,4,23,0.81,895,0.006110913120210171,0.0001241216523339972,0.01890081726014614,1500,1500,1391,1498,1897,1500,1897,1115
1783460657.2788,2.1205,0.01990,50.24,107,1821616,0.121,AUTOTUNE,AUTOTUNE,128,1.06024968624115,0.0,10.0,0.5,0.0,0.0,nan,nan,nan,nan,nan,nan,nan,nan,nan,nan,8.228449973280181,2.6759467537869495,9.956503774714564,0,0,-6.285363674163818,-2.6667749881744385,0.058766841888427734,-0.009705956093966961,-0.005295321345329285,-0.008816494606435299,nan,nan,nan,-0.03122858516871929,-0.005438404157757759,-3.1365973949432373,0.00016653355851303786,3135,,nan,24.595,1.01,95,4,23,0.81,895,0.006110913120210171,0.0001241216523339972,0.01890081726014614,1500,1500,1391,1498,1897,1500,1897,1115
1783460657.2988,2.1404,0.02005,49.87,108,1821636,0.141,AUTOTUNE,AUTOTUNE,128,1.0701899528503418,0.0,10.0,0.5,0.0,0.0,nan,nan,nan,nan,nan,nan,nan,nan,nan,nan,8.238160656443084,2.6757903276685453,9.956181987915754,0,0,-6.285571098327637,-2.6669204235076904,0.05895590782165527,-0.009453649632632732,-0.005121041554957628,-0.008739868178963661,nan,nan,nan,-0.031240738928318024,-0.005443137139081955,-3.136591911315918,0.00013481342466548085,3135,,nan,24.595,1.01,95,4,23,0.81,895,0.006110913120210171,0.0001241216523339972,0.01890081726014614,1500,1500,1391,1498,1897,1500,1897,1115
1783460657.3188,2.1604,0.02002,49.95,109,1821656,0.161,AUTOTUNE,AUTOTUNE,128,1.0801979303359985,0.0,10.0,0.5,0.0,0.0,nan,nan,nan,nan,nan,nan,nan,nan,nan,nan,8.24812828083869,2.6758212465178532,9.955377860383809,0,0,-6.285786151885986,-2.667102098464966,0.05929386615753174,-0.00930619053542614,-0.005034002475440502,-0.008470725268125534,nan,nan,nan,-0.03124065510928631,-0.005442120134830475,-3.1365933418273926,-6.484024925157428e-05,3135,,nan,24.595,1.01,95,4,23,0.81,895,0.006110913120210171,0.0001241216523339972,0.01890081726014614,1500,1500,1391,1498,1897,1500,1897,1115
1783460657.3389,2.1804,0.02010,49.76,110,1821676,0.181,AUTOTUNE,AUTOTUNE,128,1.0901970863342285,0.0,10.0,0.5,0.0,0.0,nan,nan,nan,nan,nan,nan,nan,nan,nan,nan,8.258025032034576,2.6766023132517325,9.953424934986357,0,0,-6.2860846519470215,-2.667358875274658,0.060462892055511475,-0.00907472800463438,-0.005336701404303312,-0.00801814068108797,nan,nan,nan,-0.031249213963747025,-0.005443882197141647,-3.13659405708313,-5.142779627931304e-05,3135,,nan,24.595,1.01,95,4,23,0.81,895,0.006110913120210171,0.0001241216523339972,0.01890081726014614,1500,1500,1391,1498,1897,1500,1897,1115
1783460657.3591,2.2005,0.02016,49.60,111,1821696,0.201,AUTOTUNE,AUTOTUNE,128,1.1002390384674072,0.0,10.0,0.5,0.0,0.0,nan,nan,nan,nan,nan,nan,nan,nan,nan,nan,8.268050876715368,2.6769373152483666,9.952545230151927,0,0,-6.286311149597168,-2.6675384044647217,0.060932159423828125,-0.008934659883379936,-0.005426463671028614,-0.007781174499541521,nan,nan,nan,-0.03125568479299545,-0.005443956702947617,-3.1366183757781982,-0.001077725668437779,3135,,nan,24.595,1.01,95,4,23,0.81,895,0.00641046604141593,0.006790286395698786,0.01580009050667286,1500,1500,1391,1498,1897,1500,1897,1115
1783460657.3784,2.2203,0.01934,51.70,112,1821716,0.221,AUTOTUNE,AUTOTUNE,128,1.1101614236831665,0.0,10.0,0.5,0.0,0.0,nan,nan,nan,nan,nan,nan,nan,nan,nan,nan,8.277891128194362,2.6776508432269015,9.95115537288445,0,0,-6.2865729331970215,-2.6677849292755127,0.06195342540740967,-0.008736099116504192,-0.005696088075637817,-0.007568368222564459,nan,nan,nan,-0.031261757016181946,-0.005440322682261467,-3.1366288661956787,-0.0007819718448445201,3135,,nan,24.595,1.01,95,4,23,0.81,895,0.00641046604141593,0.006790286395698786,0.01580009050667286,1500,1500,1391,1498,1897,1500,1897,1115
1783460657.3988,2.2404,0.02041,49.00,113,1821736,0.241,AUTOTUNE,AUTOTUNE,128,1.1201798915863037,0.0,10.0,0.5,0.0,0.0,nan,nan,nan,nan,nan,nan,nan,nan,nan,nan,8.288184642077749,2.6778192970392105,9.950579913021778,0,0,-6.286789417266846,-2.667963743209839,0.062350690364837646,-0.008769909851253033,-0.0056901066564023495,-0.0074654873460531235,nan,nan,nan,-0.03126142919063568,-0.005448758602142334,-3.1366217136383057,0.0003161912318319082,3135,,nan,24.595,1.01,95,4,23,0.81,895,0.00641046604141593,0.006790286395698786,0.01580009050667286,1500,1500,1391,1498,1897,1500,1897,1115
1783460657.4185,2.2604,0.01967,50.85,114,1821756,0.261,AUTOTUNE,AUTOTUNE,128,1.1301779747009277,0.0,10.0,0.5,0.0,0.0,nan,nan,nan,nan,nan,nan,nan,nan,nan,nan,8.298233274923804,2.677929649586222,9.949379721761556,0,0,-6.287024974822998,-2.6681947708129883,0.063168466091156,-0.008663095533847809,-0.005620434880256653,-0.007244699634611607,nan,nan,nan,-0.0312655009329319,-0.005446435883641243,-3.1366348266601562,-0.0004664724110625684,3135,,nan,24.595,1.01,95,4,23,0.81,895,0.00641046604141593,0.006790286395698786,0.01580009050667286,1500,1500,1391,1498,1897,1500,1897,1115
1783460657.4387,2.2804,0.02016,49.60,115,1821776,0.281,AUTOTUNE,AUTOTUNE,128,1.1402226686477661,0.0,10.0,0.5,0.0,0.0,nan,nan,nan,nan,nan,nan,nan,nan,nan,nan,8.308181207797091,2.6783714438557156,9.948020847971696,0,0,-6.287250518798828,-2.668419122695923,0.06390595436096191,-0.008477012626826763,-0.00574597530066967,-0.006885942537337542,nan,nan,nan,-0.031272415071725845,-0.0054456498473882675,-3.1366255283355713,1.617317320778966e-05,3135,,nan,24.595,1.01,95,4,23,0.81,895,0.00641046604141593,0.006790286395698786,0.01580009050667286,1500,1500,1391,1498,1897,1500,1897,1115
1783460657.4589,2.3004,0.02026,49.36,116,1821796,0.301,AUTOTUNE,AUTOTUNE,128,1.150191068649292,0.0,10.0,0.5,0.0,0.0,nan,nan,nan,nan,nan,nan,nan,nan,nan,nan,8.318390842308434,2.6786497489948653,9.947501364043001,0,0,-6.287441253662109,-2.668583393096924,0.06418347358703613,-0.008506168611347675,-0.005811813287436962,-0.00674624415114522,nan,nan,nan,-0.03127455338835716,-0.0054443515837192535,-3.1366326808929443,-5.3771032980876043e-05,3135,,nan,24.595,1.01,95,4,23,0.81,895,0.00641046604141593,0.006790286395698786,0.01580009050667286,1500,1500,1391,1498,1897,1500,1897,1115
1783460657.4788,2.3204,0.01986,50.36,117,1821816,0.321,AUTOTUNE,AUTOTUNE,128,1.1601890325546265,0.0,10.0,0.5,0.0,0.0,nan,nan,nan,nan,nan,nan,nan,nan,nan,nan,8.328105436879971,2.6788277450191536,9.946487409854063,0,0,-6.28764533996582,-2.6687989234924316,0.06482398509979248,-0.008224735967814922,-0.005790142808109522,-0.0065306369215250015,nan,nan,nan,-0.031278617680072784,-0.0054505933076143265,-3.136643171310425,-0.000676814466714859,3135,,nan,24.595,1.01,95,4,23,0.81,895,0.00641046604141593,0.006790286395698786,0.01580009050667286,1500,1500,1391,1498,1897,1500,1897,1115
1783460657.4988,2.3404,0.02004,49.91,118,1821836,0.341,AUTOTUNE,AUTOTUNE,128,1.1701925992965698,0.0,10.0,0.5,0.0,0.0,nan,nan,nan,nan,nan,nan,nan,nan,nan,nan,8.338142570344697,2.6791744241971216,9.94573034644113,0,0,-6.287824630737305,-2.6689610481262207,0.06505763530731201,-0.00814060214906931,-0.005896695423871279,-0.006228444166481495,nan,nan,nan,-0.031281478703022,-0.005458086729049683,-3.1366422176361084,-0.00014618763816542923,3135,,nan,24.595,1.01,95,4,23,0.81,895,0.00641046604141593,0.006790286395698786,0.01580009050667286,1500,1500,1391,1498,1897,1500,1897,1115
1783460657.5186,2.3601,0.01982,50.47,119,1821856,0.361,AUTOTUNE,AUTOTUNE,128,1.1800663471221924,0.0,10.0,0.5,0.0,0.0,nan,nan,nan,nan,nan,nan,nan,nan,nan,nan,8.348035803880961,2.679190809315964,9.944882196456001,0,0,-6.288007736206055,-2.6691677570343018,0.06553488969802856,-0.008046136237680912,-0.00578681193292141,-0.0060143074952065945,nan,nan,nan,-0.031277552247047424,-0.005474444478750229,-3.1366448402404785,-0.00036800227826461196,3135,,nan,24.595,1.01,95,4,23,0.81,895,0.00641046604141593,0.006790286395698786,0.01580009050667286,1500,1500,1391,1498,1897,1500,1897,1115
1783460657.5384,2.3803,0.01981,50.48,120,1821876,0.381,AUTOTUNE,AUTOTUNE,128,1.1901581287384033,0.0,10.0,0.5,0.0,0.0,nan,nan,nan,nan,nan,nan,nan,nan,nan,nan,8.357932070324782,2.680241569436531,9.944175866987942,0,0,-6.288126468658447,-2.6697542667388916,0.0657760500907898,-0.00786470528692007,-0.006054847035557032,-0.005745742004364729,nan,nan,nan,-0.0312809981405735,-0.005473028868436813,-3.136646032333374,5.6798198784235865e-05,3135,,nan,24.595,1.01,95,4,23,0.81,895,0.00641046604141593,0.006790286395698786,0.01580009050667286,1500,1500,1391,1498,1897,1500,1897,1115
1783460657.5590,2.4005,0.02056,48.65,121,1821896,0.401,AUTOTUNE,AUTOTUNE,128,1.200250267982483,0.0,10.0,0.5,0.0,0.0,nan,nan,nan,nan,nan,nan,nan,nan,nan,nan,8.368212032171034,2.681079556483439,9.944117291520675,0,0,-6.288262367248535,-2.6701014041900635,0.0658266544342041,-0.007894683629274368,-0.006338239181786776,-0.0057411398738622665,nan,nan,nan,-0.03128166124224663,-0.005474720150232315,-3.1366469860076904,-0.000198265872313641,3135,,nan,24.595,1.01,95,4,23,0.81,895,0.004620622377842665,0.0031185103580355644,0.01025222335010767,1500,1500,1391,1498,1897,1500,1897,1115
1783460657.5785,2.4203,0.01951,51.25,122,1821916,0.421,AUTOTUNE,AUTOTUNE,128,1.2101614475250244,0.0,10.0,0.5,0.0,0.0,nan,nan,nan,nan,nan,nan,nan,nan,nan,nan,8.378088198686074,2.6822117437750115,9.943891197474818,0,0,-6.2883687019348145,-2.670652151107788,0.06602394580841064,-0.007813076488673687,-0.0066739339381456375,-0.00572451064363122,nan,nan,nan,-0.0312848724424839,-0.005477020516991615,-3.1366682052612305,-0.000834071368444711,3135,,nan,24.595,1.01,95,4,23,0.81,895,0.004620622377842665,0.0031185103580355644,0.01025222335010767,1500,1500,1391,1498,1897,1500,1897,1115
1783460657.5988,2.4405,0.02029,49.29,123,1821936,0.441,AUTOTUNE,AUTOTUNE,128,1.2202457189559937,0.0,10.0,0.5,0.0,0.0,nan,nan,nan,nan,nan,nan,nan,nan,nan,nan,8.388075590490036,2.6828151321698686,9.94381480952154,0,0,-6.288495063781738,-2.670984983444214,0.06605422496795654,-0.007684187963604927,-0.006830139551311731,-0.005697889719158411,nan,nan,nan,-0.031295645982027054,-0.005476878955960274,-3.1366615295410156,-7.082105003064498e-05,3135,,nan,24.595,1.01,95,4,23,0.81,895,0.004620622377842665,0.0031185103580355644,0.01025222335010767,1500,1500,1391,1498,1897,1500,1897,1115
1783460657.6188,2.4604,0.02001,49.96,124,1821956,0.461,AUTOTUNE,AUTOTUNE,128,1.2302216291427612,0.0,10.0,0.5,0.0,0.0,nan,nan,nan,nan,nan,nan,nan,nan,nan,nan,8.397595604765757,2.683776129390828,9.943428658998815,0,0,-6.288590431213379,-2.6715033054351807,0.06624186038970947,-0.007365915924310684,-0.007085718214511871,-0.0055832769721746445,nan,nan,nan,-0.031301360577344894,-0.0054791755974292755,-3.1366612911224365,8.420697849942371e-05,3135,,nan,24.595,1.01,95,4,23,0.81,895,0.004620622377842665,0.0031185103580355644,0.01025222335010767,1500,1500,1391,1498,1897,1500,1897,1115
1783460657.6384,2.4803,0.01957,51.09,125,1821976,0.481,AUTOTUNE,AUTOTUNE,128,1.2401626110076904,0.0,10.0,0.5,0.0,0.0,nan,nan,nan,nan,nan,nan,nan,nan,nan,nan,8.407509209153975,2.684665659535159,9.94270193934056,0,0,-6.288678169250488,-2.672002077102661,0.06640321016311646,-0.0072994539514184,-0.0073113227263092995,-0.005256860516965389,nan,nan,nan,-0.03130713477730751,-0.005477545782923698,-3.1366488933563232,0.0004850596596952528,3135,,nan,24.595,1.01,95,4,23,0.81,895,0.004620622377842665,0.0031185103580355644,0.01025222335010767,1500,1500,1391,1498,1897,1500,1897,1115
1783460657.6601,2.5004,0.02172,46.05,126,1821996,0.502,AUTOTUNE,AUTOTUNE,128,1.2501991987228394,0.0,10.0,0.5,0.0,0.0,nan,nan,nan,nan,nan,nan,nan,nan,nan,nan,8.417757058349748,2.6848782166080034,9.942793325073913,0,0,-6.288792610168457,-2.6723122596740723,0.06642282009124756,-0.007355353329330683,-0.007254958618432283,-0.005320943892002106,nan,nan,nan,-0.03131062164902687,-0.005484551191329956,-3.13664174079895,0.00032407609978690743,3135,,nan,24.602,0.99,95,4,23,0.81,895,0.004620622377842665,0.0031185103580355644,0.01025222335010767,1500,1500,1391,1498,1897,1500,1897,1115
1783460657.6785,2.5204,0.01842,54.28,127,1822016,0.521,AUTOTUNE,AUTOTUNE,128,1.2602101564407349,0.0,10.0,0.5,0.0,0.0,nan,nan,nan,nan,nan,nan,nan,nan,nan,nan,8.427369293501265,2.685506372057461,9.942606825853533,0,0,-6.288872718811035,-2.672776460647583,0.06654477119445801,-0.007078900001943111,-0.007349617779254913,-0.005283677019178867,nan,nan,nan,-0.031317390501499176,-0.00548475980758667,-3.1366474628448486,-0.00039046863093972206,3135,,nan,24.602,0.99,95,4,23,0.81,895,0.004620622377842665,0.0031185103580355644,0.01025222335010767,1500,1500,1391,1498,1897,1500,1897,1115
1783460657.6990,2.5405,0.02044,48.92,128,1822036,0.541,AUTOTUNE,AUTOTUNE,128,1.2702473402023315,0.0,10.0,0.5,0.0,0.0,nan,nan,nan,nan,nan,nan,nan,nan,nan,nan,8.437361674316572,2.6860582031829088,9.942404387491107,0,0,-6.288976669311523,-2.6730740070343018,0.06654882431030273,-0.0069930171594023705,-0.007496429141610861,-0.005169139243662357,nan,nan,nan,-0.03132055327296257,-0.005485596135258675,-3.136650562286377,-0.0001578826195327565,3135,,nan,24.602,0.99,95,4,23,0.81,895,0.004620622377842665,0.0031185103580355644,0.01025222335010767,1500,1500,1391,1498,1897,1500,1897,1115
1783460657.7186,2.5603,0.01959,51.05,129,1822056,0.561,AUTOTUNE,AUTOTUNE,128,1.2801674604415894,0.0,10.0,0.5,0.0,0.0,nan,nan,nan,nan,nan,nan,nan,nan,nan,nan,8.446961456680567,2.6869245531024744,9.941879528340234,0,0,-6.289048194885254,-2.6735150814056396,0.0666385293006897,-0.006766774691641331,-0.007741962093859911,-0.004917902871966362,nan,nan,nan,-0.03131657838821411,-0.005493165925145149,-3.1366515159606934,-0.00014453544281423092,3135,,nan,24.602,0.99,95,4,23,0.81,895,0.004620622377842665,0.0031185103580355644,0.01025222335010767,1500,1500,1391,1498,1897,1500,1897,1115
1783460657.7383,2.5803,0.01969,50.78,130,1822076,0.580,AUTOTUNE,AUTOTUNE,128,1.2901445627212524,0.0,10.0,0.5,0.0,0.0,nan,nan,nan,nan,nan,nan,nan,nan,nan,nan,8.457009867332161,2.6888524990954976,9.938404706535517,0,0,-6.289241313934326,-2.674668312072754,0.06871896982192993,-0.006696447264403105,-0.008189244195818901,-0.004112856462597847,nan,nan,nan,-0.031321100890636444,-0.005508366972208023,-3.1366522312164307,-0.00011844834079965949,3135,,nan,24.602,0.99,95,4,23,0.81,895,0.004620622377842665,0.0031185103580355644,0.01025222335010767,1500,1500,1391,1498,1897,1500,1897,1115
1783460657.7588,2.6005,0.02051,48.77,131,1822096,0.601,AUTOTUNE,AUTOTUNE,128,1.3002415895462036,0.0,10.0,0.5,0.0,0.0,nan,nan,nan,nan,nan,nan,nan,nan,nan,nan,8.466814667430453,2.690236112112559,9.936756778227242,0,0,-6.28939962387085,-2.6753084659576416,0.06965792179107666,-0.006436329800635576,-0.008618480525910854,-0.003703528782352805,nan,nan,nan,-0.03132760524749756,-0.005526894703507423,-3.136643648147583,0.00048791314475238323,3135,,nan,24.602,0.99,95,4,23,0.81,895,0.005002536345273256,5.810535003547557e-05,0.039107829332351685,1500,1500,1391,1498,1897,1500,1897,1115
1783460657.7789,2.6205,0.02012,49.70,132,1822116,0.621,AUTOTUNE,AUTOTUNE,128,1.3102456331253052,0.0,10.0,0.5,0.0,0.0,nan,nan,nan,nan,nan,nan,nan,nan,nan,nan,8.476977950364915,2.6919578907781636,9.933940242182414,0,0,-6.289567947387695,-2.676374912261963,0.07149749994277954,-0.006431085057556629,-0.008996836841106415,-0.0031394818797707558,nan,nan,nan,-0.03132842853665352,-0.005541924387216568,-3.136644124984741,-9.736469655763358e-05,3135,,nan,24.602,0.99,95,4,23,0.81,895,0.005002536345273256,5.810535003547557e-05,0.039107829332351685,1500,1500,1391,1498,1897,1500,1897,1115
1783460657.7989,2.6404,0.01998,50.05,133,1822136,0.641,AUTOTUNE,AUTOTUNE,128,1.3202048540115356,0.0,10.0,0.5,0.0,0.0,nan,nan,nan,nan,nan,nan,nan,nan,nan,nan,8.487021373856816,2.6934519077530767,9.932547394178288,0,0,-6.289712429046631,-2.6769847869873047,0.07233059406280518,-0.006396282929927111,-0.009507296606898308,-0.0028163078241050243,nan,nan,nan,-0.031345050781965256,-0.005561964586377144,-3.1366465091705322,-0.00017432845197618008,3135,,nan,24.602,0.99,95,4,23,0.81,895,0.005002536345273256,5.810535003547557e-05,0.039107829332351685,1500,1500,1391,1498,1897,1500,1897,1115
1783460657.8189,2.6605,0.02005,49.87,134,1822156,0.661,AUTOTUNE,AUTOTUNE,128,1.3302497863769531,0.0,10.0,0.5,0.0,0.0,nan,nan,nan,nan,nan,nan,nan,nan,nan,nan,8.496951355327347,2.6954446496704234,9.929973670405351,0,0,-6.289862632751465,-2.6779839992523193,0.07395881414413452,-0.006243195850402117,-0.010080911219120026,-0.002270421013236046,nan,nan,nan,-0.031363897025585175,-0.005576096475124359,-3.1366541385650635,-0.0004433530557435006,3135,,nan,24.602,0.99,95,4,23,0.81,895,0.005002536345273256,5.810535003547557e-05,0.039107829332351685,1500,1500,1391,1498,1897,1500,1897,1115
1783460657.8388,2.6805,0.01992,50.19,135,1822176,0.681,AUTOTUNE,AUTOTUNE,128,1.3402527570724487,0.0,10.0,0.5,0.0,0.0,nan,nan,nan,nan,nan,nan,nan,nan,nan,nan,8.506822628976591,2.6972263124152294,9.927729426459477,0,0,-6.290004253387451,-2.6789426803588867,0.07545489072799683,-0.006085395812988281,-0.010556059889495373,-0.0018384663853794336,nan,nan,nan,-0.03136885538697243,-0.005591807886958122,-3.1366567611694336,-0.0002906565787270665,3135,,nan,24.602,0.99,95,4,23,0.81,895,0.005002536345273256,5.810535003547557e-05,0.039107829332351685,1500,1500,1391,1498,1897,1500,1897,1115
1783460657.8585,2.7004,0.01970,50.76,136,1822196,0.701,AUTOTUNE,AUTOTUNE,128,1.3502070903778076,0.0,10.0,0.5,0.0,0.0,nan,nan,nan,nan,nan,nan,nan,nan,nan,nan,8.516811427408145,2.698552933285685,9.926713432438177,0,0,-6.290132522583008,-2.679516553878784,0.0761408805847168,-0.006031238008290529,-0.010990658774971962,-0.00164793839212507,nan,nan,nan,-0.03137829899787903,-0.005613155663013458,-3.1366493701934814,0.0002110611239913851,3135,,nan,24.602,0.99,95,4,23,0.81,895,0.005002536345273256,5.810535003547557e-05,0.039107829332351685,1500,1500,1391,1498,1897,1500,1897,1115
1783460657.8785,2.7204,0.01999,50.04,137,1822216,0.721,AUTOTUNE,AUTOTUNE,128,1.3601887226104736,0.0,10.0,0.5,0.0,0.0,nan,nan,nan,nan,nan,nan,nan,nan,nan,nan,8.527174909124424,2.700160828586429,9.924361520497365,0,0,-6.290259838104248,-2.68041729927063,0.07746493816375732,-0.006178193259984255,-0.011398931965231895,-0.0010545063996687531,nan,nan,nan,-0.0313856303691864,-0.005628816783428192,-3.1366543769836426,-0.00022024742793291807,3135,,nan,24.602,0.99,95,4,23,0.81,895,0.005002536345273256,5.810535003547557e-05,0.039107829332351685,1500,1500,1391,1498,1897,1500,1897,1115
1783460657.8987,2.7404,0.02021,49.48,138,1822236,0.741,AUTOTUNE,AUTOTUNE,128,1.3701810836791992,0.0,10.0,0.5,0.0,0.0,nan,nan,nan,nan,nan,nan,nan,nan,nan,nan,8.536843885101224,2.7008988649431696,9.923293822068871,0,0,-6.290381908416748,-2.6809723377227783,0.07807934284210205,-0.005921009462326765,-0.011504585854709148,-0.000792797130998224,nan,nan,nan,-0.03139043599367142,-0.005637446418404579,-3.1366710662841797,-0.0006566911470144987,3135,,nan,24.602,0.99,95,4,23,0.81,895,0.005002536345273256,5.810535003547557e-05,0.039107829332351685,1500,1500,1391,1498,1897,1500,1897,1115
1783460657.9187,2.7603,0.01998,50.06,139,1822256,0.761,AUTOTUNE,AUTOTUNE,128,1.3801722526550293,0.0,10.0,0.5,0.0,0.0,nan,nan,nan,nan,nan,nan,nan,nan,nan,nan,8.546461023745618,2.7026595952231145,9.921580865197875,0,0,-6.290495872497559,-2.6818222999572754,0.07913565635681152,-0.0056392657570540905,-0.012030418030917645,-0.0004136839124839753,nan,nan,nan,-0.03139219805598259,-0.005652427673339844,-3.1366798877716064,-0.0005768525297753513,3135,,nan,24.602,0.99,95,4,23,0.81,895,0.005002536345273256,5.810535003547557e-05,0.039107829332351685,1500,1500,1391,1498,1897,1500,1897,1115
1783460657.9386,2.7804,0.01992,50.20,140,1822276,0.781,AUTOTUNE,AUTOTUNE,128,1.3901782035827637,0.0,10.0,0.5,0.0,0.0,nan,nan,nan,nan,nan,nan,nan,nan,nan,nan,8.557349162531757,2.7046824238050924,9.917073168592989,0,0,-6.290899276733398,-2.6829471588134766,0.08193427324295044,-0.005915691610425711,-0.012548861093819141,0.0005730537232011557,nan,nan,nan,-0.03138980641961098,-0.005670826882123947,-3.1366868019104004,-0.0005478441598825157,3135,,nan,24.602,0.99,95,4,23,0.81,895,0.005002536345273256,5.810535003547557e-05,0.039107829332351685,1500,1500,1391,1498,1897,1500,1897,1115
1783460657.9590,2.8004,0.02038,49.06,141,1822296,0.801,AUTOTUNE,AUTOTUNE,128,1.4001884460449219,0.0,10.0,0.5,0.0,0.0,nan,nan,nan,nan,nan,nan,nan,nan,nan,nan,8.56721001480742,2.7059794413389424,9.914734298770695,0,0,-6.291152000427246,-2.6836278438568115,0.08326375484466553,-0.005683531053364277,-0.012904700823128223,0.00115582428406924,nan,nan,nan,-0.031399812549352646,-0.005696399137377739,-3.136674165725708,0.00043067382648587227,3135,,nan,24.602,0.99,95,4,23,0.81,895,0.0051718708127737045,0.004747058730572462,0.03331035003066063,1500,1500,1391,1498,1897,1500,1897,1115
1783460657.9784,2.8204,0.01941,51.51,142,1822316,0.821,AUTOTUNE,AUTOTUNE,128,1.410175085067749,0.0,10.0,0.5,0.0,0.0,nan,nan,nan,nan,nan,nan,nan,nan,nan,nan,8.577344654159301,2.7079114391100445,9.910897338622338,0,0,-6.291512489318848,-2.684680938720703,0.08575993776321411,-0.005560850724577904,-0.013412135653197765,0.0019299223786219954,nan,nan,nan,-0.031391046941280365,-0.005718376487493515,-3.136671304702759,0.0002700095355976373,3135,,nan,24.602,0.99,95,4,23,0.81,895,0.0051718708127737045,0.004747058730572462,0.03331035003066063,1500,1500,1391,1498,1897,1500,1897,1115
1783460657.9984,2.8403,0.01997,50.06,143,1822336,0.841,AUTOTUNE,AUTOTUNE,128,1.4201661348342896,0.0,10.0,0.5,0.0,0.0,nan,nan,nan,nan,nan,nan,nan,nan,nan,nan,8.587762887933811,2.7086758055294737,9.908911270917823,0,0,-6.291741371154785,-2.685331344604492,0.08696097135543823,-0.005675340536981821,-0.013477930799126625,0.002383162034675479,nan,nan,nan,-0.0313907228410244,-0.005733160302042961,-3.136692523956299,-0.0010737315751612186,3135,,nan,24.602,0.99,95,4,23,0.81,895,0.0051718708127737045,0.004747058730572462,0.03331035003066063,1500,1500,1391,1498,1897,1500,1897,1115
1783460658.0184,2.8604,0.02002,49.94,144,1822356,0.861,AUTOTUNE,AUTOTUNE,128,1.4301806688308716,0.0,10.0,0.5,0.0,0.0,nan,nan,nan,nan,nan,nan,nan,nan,nan,nan,8.597910274752394,2.7108289761771225,9.905430933833939,0,0,-6.292070388793945,-2.686330795288086,0.08901429176330566,-0.005562084726989269,-0.014144031330943108,0.003207050496712327,nan,nan,nan,-0.031391777098178864,-0.005735883489251137,-3.1367032527923584,-0.000717275426723063,3135,,nan,24.602,0.99,95,4,23,0.81,895,0.0051718708127737045,0.004747058730572462,0.03331035003066063,1500,1500,1391,1498,1897,1500,1897,1115
1783460658.0385,2.8804,0.02005,49.87,145,1822376,0.881,AUTOTUNE,AUTOTUNE,128,1.4401823282241821,0.0,10.0,0.5,0.0,0.0,nan,nan,nan,nan,nan,nan,nan,nan,nan,nan,8.608264526330245,2.7122911780438987,9.902347732713045,0,0,-6.2923784255981445,-2.6872856616973877,0.09091562032699585,-0.005587808787822723,-0.014436941593885422,0.003889404935762286,nan,nan,nan,-0.031399935483932495,-0.005753152072429657,-3.1366989612579346,5.548148328671232e-05,3135,,nan,24.602,0.99,95,4,23,0.81,895,0.0051718708127737045,0.004747058730572462,0.03331035003066063,1500,1500,1391,1498,1897,1500,1897,1115
1783460658.0584,2.9003,0.01991,50.22,146,1822396,0.901,AUTOTUNE,AUTOTUNE,128,1.4501442909240723,0.0,10.0,0.5,0.0,0.0,nan,nan,nan,nan,nan,nan,nan,nan,nan,nan,8.618868608094665,2.7133097934633157,9.900758454341888,0,0,-6.2925848960876465,-2.687899589538574,0.0918588638305664,-0.005839330609887838,-0.014670588076114655,0.004262393340468407,nan,nan,nan,-0.03140432387590408,-0.005772516131401062,-3.1366920471191406,0.0005002234247513115,3135,,nan,24.602,0.99,95,4,23,0.81,895,0.0051718708127737045,0.004747058730572462,0.03331035003066063,1500,1500,1391,1498,1897,1500,1897,1115
1783460658.0785,2.9205,0.02015,49.64,147,1822416,0.921,AUTOTUNE,AUTOTUNE,128,1.4602348804473877,0.0,10.0,0.5,0.0,0.0,nan,nan,nan,nan,nan,nan,nan,nan,nan,nan,8.629076741155133,2.7150056120050543,9.89813711024072,0,0,-6.292869567871094,-2.6888041496276855,0.093563973903656,-0.0057428390718996525,-0.015127421356737614,0.004791381303220987,nan,nan,nan,-0.03140375018119812,-0.005785772576928139,-3.136686086654663,0.00028522388311102986,3135,,nan,24.602,0.99,95,4,23,0.81,895,0.0051718708127737045,0.004747058730572462,0.03331035003066063,1500,1500,1391,1498,1897,1500,1897,1115
1783460658.0988,2.9405,0.02031,49.22,148,1822436,0.941,AUTOTUNE,AUTOTUNE,128,1.4702492952346802,0.0,10.0,0.5,0.0,0.0,nan,nan,nan,nan,nan,nan,nan,nan,nan,nan,8.639361282844447,2.715484927561096,9.896823055179718,0,0,-6.293063163757324,-2.6893982887268066,0.09442198276519775,-0.005787024274468422,-0.015061127953231335,0.005054679699242115,nan,nan,nan,-0.03140781447291374,-0.005794836208224297,-3.136693239212036,-0.0003839546116068959,3135,,nan,24.602,0.99,95,4,23,0.81,895,0.0051718708127737045,0.004747058730572462,0.03331035003066063,1500,1500,1391,1498,1897,1500,1897,1115
1783460658.1184,2.9603,0.01958,51.06,149,1822456,0.961,AUTOTUNE,AUTOTUNE,128,1.480161428451538,0.0,10.0,0.5,0.0,0.0,nan,nan,nan,nan,nan,nan,nan,nan,nan,nan,8.64926561110123,2.7170519232233477,9.894535635302653,0,0,-6.29332160949707,-2.6902542114257812,0.09585303068161011,-0.005633304361253977,-0.015471666119992733,0.005549106281250715,nan,nan,nan,-0.03141391649842262,-0.005803117528557777,-3.136695146560669,-0.00019579293439164758,3135,,nan,24.602,0.99,95,4,23,0.81,895,0.0051718708127737045,0.004747058730572462,0.03331035003066063,1500,1500,1391,1498,1897,1500,1897,1115
1783460658.1388,2.9804,0.02034,49.16,150,1822476,0.981,AUTOTUNE,AUTOTUNE,128,1.4901986122131348,0.0,10.0,0.5,0.0,0.0,nan,nan,nan,nan,nan,nan,nan,nan,nan,nan,8.659460031972236,2.7190558665418694,9.89261938065826,0,0,-6.293569564819336,-2.6910862922668457,0.09718328714370728,-0.005580928176641464,-0.016148241236805916,0.005887432489544153,nan,nan,nan,-0.031420882791280746,-0.005801975727081299,-3.136706590652466,-0.0006053323741070926,3135,,nan,24.602,0.99,95,4,23,0.81,895,0.0051718708127737045,0.004747058730572462,0.03331035003066063,1500,1500,1391,1498,1897,1500,1897,1115
1783460658.1601,3.0004,0.02135,46.84,151,1822496,0.002,AUTOTUNE,AUTOTUNE,128,1.5001888275146484,0.0,10.0,0.5,0.0,0.0,nan,nan,nan,nan,nan,nan,nan,nan,nan,nan,8.670101496340628,2.7192094111363985,9.889862326245071,0,0,-6.293907165527344,-2.6913938522338867,0.09885025024414062,-0.005762013141065836,-0.01605932042002678,0.006516797002404928,nan,nan,nan,-0.03141741827130318,-0.005820838734507561,-3.136716604232788,-0.000676205032505095,3135,,nan,24.613,1.0,95,4,23,0.81,895,0.005666084587574005,0.003894774941727519,0.03657421097159386,1500,1500,1391,1497,1897,1500,1897,1115
1783460658.1787,3.0204,0.01860,53.77,152,1822516,0.021,AUTOTUNE,AUTOTUNE,128,1.5101763010025024,0.0,10.0,0.5,0.0,0.0,nan,nan,nan,nan,nan,nan,nan,nan,nan,nan,8.680748308230035,2.719586691863732,9.885026870830547,0,0,-6.294442176818848,-2.6916801929473877,0.1018834114074707,-0.005833793431520462,-0.0161118246614933,0.00755735207349062,nan,nan,nan,-0.03140992671251297,-0.005833055824041367,-3.1367154121398926,-0.0001458091428503394,3135,,nan,24.613,1.0,95,4,23,0.81,895,0.005666084587574005,0.003894774941727519,0.03657421097159386,1500,1500,1391,1497,1897,1500,1897,1115
1783460658.1988,3.0404,0.02003,49.91,153,1822536,0.041,AUTOTUNE,AUTOTUNE,128,1.5201834440231323,0.0,10.0,0.5,0.0,0.0,nan,nan,nan,nan,nan,nan,nan,nan,nan,nan,8.69117862331309,2.719580031561353,9.88282655540481,0,0,-6.294755935668945,-2.691981792449951,0.10339468717575073,-0.005896963179111481,-0.015933850780129433,0.007955169305205345,nan,nan,nan,-0.03141753003001213,-0.005829744040966034,-3.136721611022949,-0.00029820663621649146,3135,,nan,24.613,1.0,95,4,23,0.81,895,0.005666084587574005,0.003894774941727519,0.03657421097159386,1500,1500,1391,1497,1897,1500,1897,1115
1783460658.2185,3.0603,0.01973,50.68,154,1822556,0.061,AUTOTUNE,AUTOTUNE,128,1.5301676988601685,0.0,10.0,0.5,0.0,0.0,nan,nan,nan,nan,nan,nan,nan,nan,nan,nan,8.701708667457465,2.7195698310275356,9.878496229793194,0,0,-6.295242786407471,-2.692272186279297,0.10614794492721558,-0.005930991377681494,-0.015760302543640137,0.008865689858794212,nan,nan,nan,-0.03140850365161896,-0.005816556513309479,-3.1367270946502686,-0.0005187110509723425,3135,,nan,24.613,1.0,95,4,23,0.81,895,0.005666084587574005,0.003894774941727519,0.03657421097159386,1500,1500,1391,1497,1897,1500,1897,1115
1783460658.2386,3.0804,0.02015,49.64,155,1822576,0.081,AUTOTUNE,AUTOTUNE,128,1.5401854515075684,0.0,10.0,0.5,0.0,0.0,nan,nan,nan,nan,nan,nan,nan,nan,nan,nan,8.712280830151732,2.719696292450764,9.874727326090708,0,0,-6.295702934265137,-2.6925599575042725,0.10870110988616943,-0.0059854136779904366,-0.01566717028617859,0.009567596949636936,nan,nan,nan,-0.03140537068247795,-0.005810173228383064,-3.1367321014404297,-0.0002858742664102465,3135,,nan,24.613,1.0,95,4,23,0.81,895,0.005666084587574005,0.003894774941727519,0.03657421097159386,1500,1500,1391,1497,1897,1500,1897,1115
1783460658.2584,3.1002,0.01982,50.46,156,1822596,0.101,AUTOTUNE,AUTOTUNE,128,1.5501130819320679,0.0,10.0,0.5,0.0,0.0,nan,nan,nan,nan,nan,nan,nan,nan,nan,nan,8.722916609749856,2.7199126951948314,9.872901545224105,0,0,-6.295984268188477,-2.6928598880767822,0.11000728607177734,-0.006231835577636957,-0.015618945471942425,0.009867590852081776,nan,nan,nan,-0.031400129199028015,-0.005811367183923721,-3.1367321014404297,-7.611088949488476e-05,3135,,nan,24.613,1.0,95,4,23,0.81,895,0.005666084587574005,0.003894774941727519,0.03657421097159386,1500,1500,1391,1498,1897,1500,1897,1115
1783460658.2786,3.1205,0.02015,49.63,157,1822616,0.121,AUTOTUNE,AUTOTUNE,128,1.560246467590332,0.0,10.0,0.5,0.0,0.0,nan,nan,nan,nan,nan,nan,nan,nan,nan,nan,8.733276288122482,2.7206257970794523,9.869720057406049,0,0,-6.2964043617248535,-2.6931426525115967,0.11229342222213745,-0.006119944620877504,-0.01586740091443062,0.010384522378444672,nan,nan,nan,-0.03139859810471535,-0.005816150456666946,-3.136718988418579,0.0003524024796206504,3135,,nan,24.613,1.0,95,4,23,0.81,895,0.005666084587574005,0.003894774941727519,0.03657421097159386,1500,1500,1391,1498,1897,1500,1897,1115
1783460658.2988,3.1403,0.02016,49.60,158,1822636,0.141,AUTOTUNE,AUTOTUNE,128,1.5701693296432495,0.0,10.0,0.5,0.0,0.0,nan,nan,nan,nan,nan,nan,nan,nan,nan,nan,8.74350301741627,2.720831962450185,9.867727853016467,0,0,-6.296667098999023,-2.693441867828369,0.11348164081573486,-0.0061436910182237625,-0.0158136785030365,0.010848703794181347,nan,nan,nan,-0.03140398859977722,-0.0058082956820726395,-3.136716842651367,0.00024047051556408405,3135,,nan,24.613,1.0,95,4,23,0.81,895,0.005666084587574005,0.003894774941727519,0.03657421097159386,1500,1500,1391,1498,1897,1500,1897,1115
1783460658.3189,3.1604,0.02010,49.75,159,1822656,0.161,AUTOTUNE,AUTOTUNE,128,1.580189824104309,0.0,10.0,0.5,0.0,0.0,nan,nan,nan,nan,nan,nan,nan,nan,nan,nan,8.754545346609518,2.7208910311976635,9.86483567746243,0,0,-6.297057151794434,-2.693727731704712,0.11538302898406982,-0.006508450489491224,-0.01568273827433586,0.011420735158026218,nan,nan,nan,-0.03139929100871086,-0.005801156163215637,-3.1367146968841553,0.00015648294356651604,3135,,nan,24.613,1.0,95,4,23,0.81,895,0.005666084587574005,0.003894774941727519,0.03657421097159386,1500,1500,1391,1498,1897,1500,1897,1115
1783460658.3383,3.1802,0.01947,51.35,160,1822676,0.180,AUTOTUNE,AUTOTUNE,128,1.5900955200195312,0.0,10.0,0.5,0.0,0.0,nan,nan,nan,nan,nan,nan,nan,nan,nan,nan,8.765928357343274,2.7227610418806028,9.860115636120113,0,0,-6.298040390014648,-2.69455885887146,0.11858278512954712,-0.0067937057465314865,-0.016282537952065468,0.012298472225666046,nan,nan,nan,-0.0313834585249424,-0.005790458992123604,-3.1367201805114746,-0.00020655800472013652,3135,,nan,24.613,1.0,95,4,23,0.81,895,0.005666084587574005,0.003894774941727519,0.03657421097159386,1500,1500,1391,1498,1897,1500,1897,1115
1783460658.3588,3.2004,0.02044,48.92,161,1822696,0.201,AUTOTUNE,AUTOTUNE,128,1.6001858711242676,0.0,10.0,0.5,0.0,0.0,nan,nan,nan,nan,nan,nan,nan,nan,nan,nan,8.777033655667989,2.7235546306017837,9.85740011131764,0,0,-6.298581600189209,-2.695129156112671,0.12022840976715088,-0.007067217957228422,-0.01641145534813404,0.01291617937386036,nan,nan,nan,-0.03137165307998657,-0.005796927958726883,-3.1367299556732178,-0.00044928700663149357,3135,,nan,24.613,1.0,95,4,23,0.81,895,0.006388355512171984,0.006173540838062763,0.030689531937241554,1500,1500,1391,1498,1897,1500,1897,1115
1783460658.3785,3.2203,0.01970,50.77,162,1822716,0.221,AUTOTUNE,AUTOTUNE,128,1.6101611852645874,0.0,10.0,0.5,0.0,0.0,nan,nan,nan,nan,nan,nan,nan,nan,nan,nan,8.788291542593136,2.724914454638161,9.853140996451128,0,0,-6.2994818687438965,-2.6959140300750732,0.12310588359832764,-0.007287941407412291,-0.016743402928113937,0.013713870197534561,nan,nan,nan,-0.03137122467160225,-0.005805935710668564,-3.136721611022949,0.00021205094526521862,3135,,nan,24.613,1.0,95,4,23,0.81,895,0.006388355512171984,0.006173540838062763,0.030689531937241554,1500,1500,1391,1498,1897,1500,1897,1115
1783460658.3990,3.2405,0.02049,48.79,163,1822736,0.241,AUTOTUNE,AUTOTUNE,128,1.6202348470687866,0.0,10.0,0.5,0.0,0.0,nan,nan,nan,nan,nan,nan,nan,nan,nan,nan,8.799080495673378,2.7256363483492705,9.850715496768512,0,0,-6.299987316131592,-2.6964645385742188,0.12461429834365845,-0.007409094832837582,-0.016842352226376534,0.014243349432945251,nan,nan,nan,-0.031358011066913605,-0.005808601155877113,-3.1367077827453613,0.0007194905774667859,3135,,nan,24.613,1.0,95,4,23,0.81,895,0.006388355512171984,0.006173540838062763,0.030689531937241554,1500,1500,1391,1498,1897,1500,1897,1115
1783460658.4187,3.2604,0.01969,50.79,164,1822756,0.261,AUTOTUNE,AUTOTUNE,128,1.63018000125885,0.0,10.0,0.5,0.0,0.0,nan,nan,nan,nan,nan,nan,nan,nan,nan,nan,8.810519456692633,2.7263779814415625,9.847189759075263,0,0,-6.300815105438232,-2.6972062587738037,0.127150297164917,-0.007793620228767395,-0.016842301934957504,0.014814775437116623,nan,nan,nan,-0.03134924918413162,-0.005815794691443443,-3.1366915702819824,0.0006661306251771748,3135,,nan,24.613,1.0,95,4,23,0.81,895,0.006388355512171984,0.006173540838062763,0.030689531937241554,1500,1500,1391,1498,1897,1500,1897,1115
1783460658.4388,3.2804,0.02014,49.64,165,1822776,0.281,AUTOTUNE,AUTOTUNE,128,1.6401841640472412,0.0,10.0,0.5,0.0,0.0,nan,nan,nan,nan,nan,nan,nan,nan,nan,nan,8.821794466923402,2.7273154910226607,9.843811314434756,0,0,-6.301596164703369,-2.697913408279419,0.12950557470321655,-0.008076399564743042,-0.016975300386548042,0.015405501239001751,nan,nan,nan,-0.03133229911327362,-0.005799988284707069,-3.1366865634918213,0.00032217716216109693,3135,,nan,24.613,1.0,95,4,23,0.81,895,0.006388355512171984,0.006173540838062763,0.030689531937241554,1500,1500,1391,1498,1897,1500,1897,1115
1783460658.4589,3.3005,0.02008,49.81,166,1822796,0.301,AUTOTUNE,AUTOTUNE,128,1.6502469778060913,0.0,10.0,0.5,0.0,0.0,nan,nan,nan,nan,nan,nan,nan,nan,nan,nan,8.832465331217266,2.7280811931927595,9.841759799047631,0,0,-6.302054405212402,-2.698430299758911,0.13078349828720093,-0.008162892423570156,-0.017118951305747032,0.01585213467478752,nan,nan,nan,-0.03131827339529991,-0.0058049410581588745,-3.136697769165039,-0.0006252808962017298,3135,,nan,24.613,1.0,95,4,23,0.81,895,0.006388355512171984,0.006173540838062763,0.030689531937241554,1500,1500,1391,1498,1897,1500,1897,1115
1783460658.4791,3.3204,0.02025,49.38,167,1822816,0.321,AUTOTUNE,AUTOTUNE,128,1.660199522972107,0.0,10.0,0.5,0.0,0.0,nan,nan,nan,nan,nan,nan,nan,nan,nan,nan,8.843743193273239,2.7291166361639423,9.838693408390123,0,0,-6.3027753829956055,-2.6991045475006104,0.13290929794311523,-0.008511807769536972,-0.017327487468719482,0.01639518514275551,nan,nan,nan,-0.03131643682718277,-0.005805842578411102,-3.1366984844207764,-0.00019919167971238494,3135,,nan,24.613,1.0,95,4,23,0.81,895,0.006388355512171984,0.006173540838062763,0.030689531937241554,1500,1500,1391,1498,1897,1500,1897,1115
1783460658.4988,3.3404,0.01969,50.80,168,1822836,0.341,AUTOTUNE,AUTOTUNE,128,1.6701834201812744,0.0,10.0,0.5,0.0,0.0,nan,nan,nan,nan,nan,nan,nan,nan,nan,nan,8.854218772470162,2.7299123505144447,9.836844220205647,0,0,-6.303206920623779,-2.6996078491210938,0.13408470153808594,-0.00854653213173151,-0.01749631203711033,0.016784194856882095,nan,nan,nan,-0.031309764832258224,-0.005815781652927399,-3.136691093444824,0.00041307584615424275,3135,,nan,24.613,1.0,95,4,23,0.81,895,0.006388355512171984,0.006173540838062763,0.030689531937241554,1500,1500,1391,1498,1897,1500,1897,1115
1783460658.5185,3.3603,0.01968,50.81,169,1822856,0.361,AUTOTUNE,AUTOTUNE,128,1.6801583766937256,0.0,10.0,0.5,0.0,0.0,nan,nan,nan,nan,nan,nan,nan,nan,nan,nan,8.865432600051246,2.730433392389625,9.834104868767348,0,0,-6.303879737854004,-2.700258255004883,0.13589894771575928,-0.008873343467712402,-0.017421623691916466,0.017318304628133774,nan,nan,nan,-0.031305160373449326,-0.005809947848320007,-3.1366820335388184,0.0004130054439883679,3135,,nan,24.613,1.0,95,4,23,0.81,895,0.006388355512171984,0.006173540838062763,0.030689531937241554,1500,1500,1391,1498,1897,1500,1897,1115
1783460658.5386,3.3805,0.02007,49.82,170,1822876,0.381,AUTOTUNE,AUTOTUNE,128,1.6902329921722412,0.0,10.0,0.5,0.0,0.0,nan,nan,nan,nan,nan,nan,nan,nan,nan,nan,8.87655906890956,2.732087008003897,9.830613736717114,0,0,-6.3047003746032715,-2.7011263370513916,0.13796240091323853,-0.009006836451590061,-0.017875151708722115,0.0181425753980875,nan,nan,nan,-0.03129610791802406,-0.005821859464049339,-3.136690855026245,-0.0005433414480648935,3135,,nan,24.613,1.0,95,4,23,0.81,895,0.006388355512171984,0.006173540838062763,0.030689531937241554,1500,1500,1391,1498,1897,1500,1897,1115
1783460658.5588,3.4004,0.02028,49.31,171,1822896,0.401,AUTOTUNE,AUTOTUNE,128,1.7001888751983643,0.0,10.0,0.5,0.0,0.0,nan,nan,nan,nan,nan,nan,nan,nan,nan,nan,8.887194172957827,2.733270994204487,9.828830888803267,0,0,-6.305183410644531,-2.7017264366149902,0.13912338018417358,-0.009120103903114796,-0.01821225881576538,0.018501611426472664,nan,nan,nan,-0.031289879232645035,-0.005823191255331039,-3.1367077827453613,-0.0008004994015209377,3135,,nan,24.613,1.0,95,4,23,0.81,895,0.006448698230087757,0.004459287505596876,0.009684582240879536,1500,1500,1391,1498,1897,1500,1897,1115
1783460658.5785,3.4204,0.01966,50.87,172,1822916,0.421,AUTOTUNE,AUTOTUNE,128,1.710204005241394,0.0,10.0,0.5,0.0,0.0,nan,nan,nan,nan,nan,nan,nan,nan,nan,nan,8.898669390128086,2.7348168938215816,9.825906522787813,0,0,-6.305941104888916,-2.7025582790374756,0.1409999132156372,-0.009525630623102188,-0.018624519929289818,0.019106578081846237,nan,nan,nan,-0.031290069222450256,-0.005837131291627884,-3.13671612739563,-0.0006007910124026239,3135,,nan,24.613,1.0,95,4,23,0.81,895,0.006448698230087757,0.004459287505596876,0.009684582240879536,1500,1500,1391,1498,1897,1500,1897,1115
1783460658.5989,3.4405,0.02036,49.11,173,1822936,0.441,AUTOTUNE,AUTOTUNE,128,1.7202469110488892,0.0,10.0,0.5,0.0,0.0,nan,nan,nan,nan,nan,nan,nan,nan,nan,nan,8.90924919077056,2.7361752006718367,9.82421770008613,0,0,-6.306398391723633,-2.7031514644622803,0.14208346605300903,-0.009571592323482037,-0.019066262990236282,0.019456030800938606,nan,nan,nan,-0.03129515424370766,-0.005849150940775871,-3.136719226837158,-0.00031756184762343764,3135,,nan,24.613,1.0,95,4,23,0.81,895,0.006448698230087757,0.004459287505596876,0.009684582240879536,1500,1500,1391,1498,1897,1500,1897,1115
1783460658.6184,3.4602,0.01950,51.29,174,1822956,0.460,AUTOTUNE,AUTOTUNE,128,1.7301243543624878,0.0,10.0,0.5,0.0,0.0,nan,nan,nan,nan,nan,nan,nan,nan,nan,nan,8.920002073519266,2.7374841706615696,9.821691844512586,0,0,-6.307099342346191,-2.7039504051208496,0.143690288066864,-0.009672333486378193,-0.019360728561878204,0.019986635074019432,nan,nan,nan,-0.03129517659544945,-0.0058715976774692535,-3.1367056369781494,0.000601666048169136,3135,,nan,24.613,1.0,95,4,23,0.81,895,0.006448698230087757,0.004459287505596876,0.009684582240879536,1500,1500,1391,1498,1897,1500,1897,1115
1783460658.6382,3.4802,0.01986,50.35,175,1822976,0.480,AUTOTUNE,AUTOTUNE,128,1.7400929927825928,0.0,10.0,0.5,0.0,0.0,nan,nan,nan,nan,nan,nan,nan,nan,nan,nan,8.930797424091926,2.7385955794420576,9.819714452314042,0,0,-6.307762145996094,-2.7047266960144043,0.14520001411437988,-0.009766966104507446,-0.01955420896410942,0.020256642252206802,nan,nan,nan,-0.03129749372601509,-0.005874520167708397,-3.136707305908203,6.566922820638865e-06,3135,,nan,24.613,1.0,95,4,23,0.81,895,0.006448698230087757,0.004459287505596876,0.009684582240879536,1500,1500,1391,1498,1897,1500,1897,1115
1783460658.6589,3.5002,0.02071,48.29,176,1822996,0.501,AUTOTUNE,AUTOTUNE,128,1.750098466873169,0.0,10.0,0.5,0.0,0.0,nan,nan,nan,nan,nan,nan,nan,nan,nan,nan,8.941079487518753,2.7396934768108996,9.818261589689222,0,0,-6.308173656463623,-2.705293893814087,0.1461147665977478,-0.009689069353044033,-0.019860608503222466,0.02056732028722763,nan,nan,nan,-0.03129139915108681,-0.005877221003174782,-3.1367061138153076,0.00010625732829794288,3135,,nan,24.586,0.99,95,4,23,0.81,895,0.006448698230087757,0.004459287505596876,0.009684582240879536,1500,1500,1391,1497,1897,1500,1897,1115
1783460658.6779,3.5202,0.01897,52.71,177,1823016,0.520,AUTOTUNE,AUTOTUNE,128,1.7600785493850708,0.0,10.0,0.5,0.0,0.0,nan,nan,nan,nan,nan,nan,nan,nan,nan,nan,8.952310166396055,2.7410754493197844,9.816376231305158,0,0,-6.30879020690918,-2.7060494422912598,0.14749956130981445,-0.010055135935544968,-0.020222274586558342,0.02085632085800171,nan,nan,nan,-0.03128597512841225,-0.00587989017367363,-3.1367099285125732,-0.00033854294451884925,3135,,nan,24.586,0.99,95,4,23,0.81,895,0.006448698230087757,0.004459287505596876,0.009684582240879536,1500,1500,1391,1497,1897,1500,1897,1115
1783460658.6981,3.5402,0.02024,49.41,178,1823036,0.540,AUTOTUNE,AUTOTUNE,128,1.7700999975204468,0.0,10.0,0.5,0.0,0.0,nan,nan,nan,nan,nan,nan,nan,nan,nan,nan,8.962566542169816,2.742319734720778,9.815032820052618,0,0,-6.309182643890381,-2.7066195011138916,0.1483634114265442,-0.009964197874069214,-0.020611539483070374,0.021133195608854294,nan,nan,nan,-0.03127865120768547,-0.00589723140001297,-3.136708974838257,0.00018781659309752285,3135,,nan,24.586,0.99,95,4,23,0.81,895,0.006448698230087757,0.004459287505596876,0.009684582240879536,1500,1500,1391,1497,1897,1500,1897,1115
1783460658.7186,3.5605,0.02048,48.82,179,1823056,0.561,AUTOTUNE,AUTOTUNE,128,1.7802435159683228,0.0,10.0,0.5,0.0,0.0,nan,nan,nan,nan,nan,nan,nan,nan,nan,nan,8.973394618403852,2.743470394463441,9.813408593556142,0,0,-6.309750556945801,-2.7073469161987305,0.14943110942840576,-0.010031542740762234,-0.020855899900197983,0.02145450748503208,nan,nan,nan,-0.031274911016225815,-0.005910499021410942,-3.1367080211639404,-3.840071440208703e-05,3135,,nan,24.586,0.99,95,4,23,0.81,895,0.006448698230087757,0.004459287505596876,0.009684582240879536,1500,1500,1391,1497,1897,1500,1897,1115
1783460658.7388,3.5804,0.02015,49.62,180,1823076,0.581,AUTOTUNE,AUTOTUNE,128,1.790196418762207,0.0,10.0,0.5,0.0,0.0,nan,nan,nan,nan,nan,nan,nan,nan,nan,nan,8.98432660322414,2.742960703204798,9.811033638295838,0,0,-6.310486793518066,-2.707486867904663,0.1511027216911316,-0.010171749629080296,-0.02048082835972309,0.021860582754015923,nan,nan,nan,-0.03126898407936096,-0.005913149565458298,-3.136714220046997,-0.0002370072907069698,3135,,nan,24.586,0.99,95,4,23,0.81,895,0.006448698230087757,0.004459287505596876,0.009684582240879536,1500,1500,1391,1497,1897,1500,1897,1115
1783460658.7589,3.6004,0.02016,49.59,181,1823096,0.601,AUTOTUNE,AUTOTUNE,128,1.8001959323883057,0.0,10.0,0.5,0.0,0.0,nan,nan,nan,nan,nan,nan,nan,nan,nan,nan,8.994802075907442,2.7434748929727206,9.809369276566468,0,0,-6.310941219329834,-2.7077667713165283,0.15211892127990723,-0.010184181854128838,-0.020616093650460243,0.022234799340367317,nan,nan,nan,-0.031273968517780304,-0.005908556282520294,-3.136714458465576,-4.047531183459796e-05,3135,,nan,24.586,0.99,95,4,23,0.81,895,0.007381287869066,0.007439587730914354,0.017810793593525887,1500,1500,1391,1498,1897,1500,1897,1115
1783460658.7787,3.6205,0.01980,50.51,182,1823116,0.621,AUTOTUNE,AUTOTUNE,128,1.8102494478225708,0.0,10.0,0.5,0.0,0.0,nan,nan,nan,nan,nan,nan,nan,nan,nan,nan,9.00596710740246,2.743076794558343,9.807168798135503,0,0,-6.311618328094482,-2.7079365253448486,0.15365177392959595,-0.010434987023472786,-0.020288243889808655,0.022620253264904022,nan,nan,nan,-0.03127144277095795,-0.005888534709811211,-3.1367123126983643,2.14808460441418e-06,3135,,nan,24.586,0.99,95,4,23,0.81,895,0.007381287869066,0.007439587730914354,0.017810793593525887,1500,1500,1391,1498,1897,1500,1897,1115
1783460658.7990,3.6404,0.02022,49.47,183,1823136,0.641,AUTOTUNE,AUTOTUNE,128,1.8201875686645508,0.0,10.0,0.5,0.0,0.0,nan,nan,nan,nan,nan,nan,nan,nan,nan,nan,9.01640368068412,2.74325084922617,9.805786312839125,0,0,-6.312046051025391,-2.708231210708618,0.15461301803588867,-0.01047582272440195,-0.02021859772503376,0.02286345697939396,nan,nan,nan,-0.031272873282432556,-0.005876848474144936,-3.1367197036743164,-0.0004159614909440279,3135,,nan,24.586,0.99,95,4,23,0.81,895,0.007381287869066,0.007439587730914354,0.017810793593525887,1500,1500,1391,1498,1897,1500,1897,1115
1783460658.8187,3.6604,0.01978,50.56,184,1823156,0.661,AUTOTUNE,AUTOTUNE,128,1.830202341079712,0.0,10.0,0.5,0.0,0.0,nan,nan,nan,nan,nan,nan,nan,nan,nan,nan,9.027083891733374,2.7438179123639888,9.803547999160035,0,0,-6.312664985656738,-2.7084155082702637,0.15609174966812134,-0.01050267182290554,-0.02043958753347397,0.023302001878619194,nan,nan,nan,-0.03126027435064316,-0.005884019657969475,-3.136718273162842,-0.0001519596844445914,3135,,nan,24.586,0.99,95,4,23,0.81,895,0.007381287869066,0.007439587730914354,0.017810793593525887,1500,1500,1391,1498,1897,1500,1897,1115
1783460658.8387,3.6803,0.01995,50.12,185,1823176,0.681,AUTOTUNE,AUTOTUNE,128,1.8401730060577393,0.0,10.0,0.5,0.0,0.0,nan,nan,nan,nan,nan,nan,nan,nan,nan,nan,9.03791202591562,2.7436927560036737,9.801536016925978,0,0,-6.313251972198486,-2.7086193561553955,0.1574918031692505,-0.01065883506089449,-0.020249636843800545,0.023655299097299576,nan,nan,nan,-0.03125612065196037,-0.00588645413517952,-3.136723518371582,-0.0003521943581290543,3135,,nan,24.586,0.99,95,4,23,0.81,895,0.007381287869066,0.007439587730914354,0.017810793593525887,1500,1500,1391,1498,1897,1500,1897,1115
1783460658.8589,3.7004,0.02022,49.46,186,1823196,0.701,AUTOTUNE,AUTOTUNE,128,1.8501965999603271,0.0,10.0,0.5,0.0,0.0,nan,nan,nan,nan,nan,nan,nan,nan,nan,nan,9.048273045876812,2.743984801486989,9.80037077958431,0,0,-6.313636779785156,-2.7089242935180664,0.1583935022354126,-0.010631479322910309,-0.020242193713784218,0.023807452991604805,nan,nan,nan,-0.03124845214188099,-0.0058812834322452545,-3.1367268562316895,-0.00020747353846672922,3135,,nan,24.586,0.99,95,4,23,0.81,895,0.007381287869066,0.007439587730914354,0.017810793593525887,1500,1500,1391,1497,1897,1500,1897,1115
1783460658.8785,3.7204,0.01963,50.94,187,1823216,0.721,AUTOTUNE,AUTOTUNE,128,1.8601810932159424,0.0,10.0,0.5,0.0,0.0,nan,nan,nan,nan,nan,nan,nan,nan,nan,nan,9.058933522700025,2.7444495571796756,9.798463837319861,0,0,-6.31417989730835,-2.7091434001922607,0.15967684984207153,-0.010708189569413662,-0.02038401924073696,0.024167485535144806,nan,nan,nan,-0.031238717958331108,-0.00588470883667469,-3.136714458465576,0.0004668507317546755,3135,,nan,24.586,0.99,95,4,23,0.81,895,0.007381287869066,0.007439587730914354,0.017810793593525887,1500,1500,1391,1497,1897,1500,1897,1115
1783460658.8988,3.7402,0.02024,49.41,188,1823236,0.741,AUTOTUNE,AUTOTUNE,128,1.8701207637786865,0.0,10.0,0.5,0.0,0.0,nan,nan,nan,nan,nan,nan,nan,nan,nan,nan,9.069318587342817,2.744638151302534,9.797514272401008,0,0,-6.314548969268799,-2.709462881088257,0.16053497791290283,-0.010752254165709019,-0.02030845172703266,0.02422027662396431,nan,nan,nan,-0.0312296524643898,-0.005875667557120323,-3.1367218494415283,-0.0003529122332111001,3135,,nan,24.586,0.99,95,4,23,0.81,895,0.007381287869066,0.007439587730914354,0.017810793593525887,1500,1500,1391,1497,1897,1500,1897,1115
1783460658.9187,3.7605,0.01997,50.08,189,1823256,0.761,AUTOTUNE,AUTOTUNE,128,1.8802485466003418,0.0,10.0,0.5,0.0,0.0,nan,nan,nan,nan,nan,nan,nan,nan,nan,nan,9.080041302470825,2.744886688724354,9.796154742527008,0,0,-6.315047264099121,-2.709690570831299,0.16164004802703857,-0.010808047838509083,-0.020320488139986992,0.024367189034819603,nan,nan,nan,-0.031221292912960052,-0.005868744105100632,-3.1367247104644775,-0.0002783930394798517,3135,,nan,24.586,0.99,95,4,23,0.81,895,0.007381287869066,0.007439587730914354,0.017810793593525887,1500,1500,1391,1497,1897,1500,1897,1115
1783460658.9387,3.7804,0.02001,49.98,190,1823276,0.781,AUTOTUNE,AUTOTUNE,128,1.8901864290237427,0.0,10.0,0.5,0.0,0.0,nan,nan,nan,nan,nan,nan,nan,nan,nan,nan,9.091209971444904,2.744776112849331,9.794059098292527,0,0,-6.3158063888549805,-2.7096385955810547,0.16320818662643433,-0.011080361902713776,-0.02028665505349636,0.02467174455523491,nan,nan,nan,-0.031219976022839546,-0.005859652534127235,-3.136725902557373,-0.00011360021744621918,3135,,nan,24.586,0.99,95,4,23,0.81,895,0.007381287869066,0.007439587730914354,0.017810793593525887,1500,1500,1391,1497,1897,1500,1897,1115
1783460658.9588,3.8001,0.02005,49.88,191,1823296,0.801,AUTOTUNE,AUTOTUNE,128,1.9000667333602905,0.0,10.0,0.5,0.0,0.0,nan,nan,nan,nan,nan,nan,nan,nan,nan,nan,9.101695661666989,2.7447433181609115,9.792506606511868,0,0,-6.316281318664551,-2.7098312377929688,0.16421115398406982,-0.011155680753290653,-0.02015649899840355,0.024989012628793716,nan,nan,nan,-0.031222589313983917,-0.005850641056895256,-3.1367251873016357,-0.00011273744166828692,3135,,nan,24.586,0.99,95,4,23,0.81,895,0.006630586925894022,0.0025096542667597532,0.011269993148744106,1500,1500,1391,1498,1897,1500,1897,1115
1783460658.9787,3.8203,0.01986,50.36,192,1823316,0.821,AUTOTUNE,AUTOTUNE,128,1.910166621208191,0.0,10.0,0.5,0.0,0.0,nan,nan,nan,nan,nan,nan,nan,nan,nan,nan,9.112202344901261,2.744592100112605,9.79056931620394,0,0,-6.316978931427002,-2.7098214626312256,0.1656537652015686,-0.010987777262926102,-0.020074836909770966,0.025274615734815598,nan,nan,nan,-0.031219789758324623,-0.005838416516780853,-3.1367228031158447,0.0003147285315208137,3135,,nan,24.586,0.99,95,4,23,0.81,895,0.006630586925894022,0.0025096542667597532,0.011269993148744106,1500,1500,1391,1498,1897,1500,1897,1115
1783460658.9985,3.8404,0.01986,50.35,193,1823336,0.841,AUTOTUNE,AUTOTUNE,128,1.9201916456222534,0.0,10.0,0.5,0.0,0.0,nan,nan,nan,nan,nan,nan,nan,nan,nan,nan,9.123117212727802,2.7446026639531,9.789090931739416,0,0,-6.317420959472656,-2.710020065307617,0.16659420728683472,-0.011246323585510254,-0.01996627263724804,0.025585196912288666,nan,nan,nan,-0.031226012855768204,-0.00582587905228138,-3.136716842651367,1.4222350728232414e-06,3135,,nan,24.586,0.99,95,4,23,0.81,895,0.006630586925894022,0.0025096542667597532,0.011269993148744106,1500,1500,1391,1498,1897,1500,1897,1115
1783460659.0185,3.8604,0.02002,49.96,194,1823356,0.861,AUTOTUNE,AUTOTUNE,128,1.9301837682724,0.0,10.0,0.5,0.0,0.0,nan,nan,nan,nan,nan,nan,nan,nan,nan,nan,9.133783905668823,2.744491139771145,9.787400368422036,0,0,-6.318060398101807,-2.7100424766540527,0.16782796382904053,-0.011266606859862804,-0.019888944923877716,0.025848934426903725,nan,nan,nan,-0.031226016581058502,-0.005820037797093391,-3.1367242336273193,-0.00025374279357492924,3135,,nan,24.586,0.99,95,4,23,0.81,895,0.006630586925894022,0.0025096542667597532,0.011269993148744106,1500,1500,1391,1498,1897,1500,1897,1115
1783460659.0385,3.8803,0.01997,50.06,195,1823376,0.881,AUTOTUNE,AUTOTUNE,128,1.9401342868804932,0.0,10.0,0.5,0.0,0.0,nan,nan,nan,nan,nan,nan,nan,nan,nan,nan,9.144814347311828,2.7442885621532467,9.78592192420905,0,0,-6.31866455078125,-2.7100772857666016,0.16898834705352783,-0.011541293002665043,-0.019751889631152153,0.026032567024230957,nan,nan,nan,-0.031219864264130592,-0.005820870399475098,-3.136709690093994,0.0005094297812320292,3135,,nan,24.586,0.99,95,4,23,0.81,895,0.006630586925894022,0.0025096542667597532,0.011269993148744106,1500,1500,1391,1498,1897,1500,1897,1115
1783460659.0588,3.9005,0.02034,49.17,196,1823396,0.901,AUTOTUNE,AUTOTUNE,128,1.950251817703247,0.0,10.0,0.5,0.0,0.0,nan,nan,nan,nan,nan,nan,nan,nan,nan,nan,9.155484504002857,2.7443695422312375,9.784697419761395,0,0,-6.319073677062988,-2.710303783416748,0.1698141098022461,-0.011624142527580261,-0.01966787502169609,0.026262780651450157,nan,nan,nan,-0.031221259385347366,-0.0058094654232263565,-3.136715888977051,-0.00013407172809820622,3135,,nan,24.586,0.99,95,4,23,0.81,895,0.006630586925894022,0.0025096542667597532,0.011269993148744106,1500,1500,1391,1498,1897,1500,1897,1115
1783460659.0786,3.9204,0.01975,50.62,197,1823416,0.921,AUTOTUNE,AUTOTUNE,128,1.9602205753326416,0.0,10.0,0.5,0.0,0.0,nan,nan,nan,nan,nan,nan,nan,nan,nan,nan,9.16548741043106,2.744324122303916,9.783387898128955,0,0,-6.3196306228637695,-2.710367441177368,0.17088836431503296,-0.011322305537760258,-0.019604898989200592,0.026398612186312675,nan,nan,nan,-0.031216923147439957,-0.005814807489514351,-3.136720895767212,-0.0002982958685606718,3135,,nan,24.586,0.99,95,4,23,0.81,895,0.006630586925894022,0.0025096542667597532,0.011269993148744106,1500,1500,1391,1498,1897,1500,1897,1115
1783460659.0988,3.9404,0.02017,49.58,198,1823436,0.941,AUTOTUNE,AUTOTUNE,128,1.9701839685440063,0.0,10.0,0.5,0.0,0.0,nan,nan,nan,nan,nan,nan,nan,nan,nan,nan,9.176211959234578,2.744432515824149,9.782289934372377,0,0,-6.320013523101807,-2.7106056213378906,0.17167776823043823,-0.011540691368281841,-0.01952996663749218,0.026576759293675423,nan,nan,nan,-0.031215451657772064,-0.005809266120195389,-3.136725425720215,-0.0005103137227706611,3135,,nan,24.586,0.99,95,4,23,0.81,895,0.006630586925894022,0.0025096542667597532,0.011269993148744106,1500,1500,1391,1498,1897,1500,1897,1115
1783460659.1188,3.9604,0.01999,50.02,199,1823456,0.961,AUTOTUNE,AUTOTUNE,128,1.9801874160766602,0.0,10.0,0.5,0.0,0.0,nan,nan,nan,nan,nan,nan,nan,nan,nan,nan,9.186865742393152,2.744436459231788,9.7810706848612,0,0,-6.32052755355835,-2.710693836212158,0.17253679037094116,-0.011619387194514275,-0.019481312483549118,0.026784736663103104,nan,nan,nan,-0.031212041154503822,-0.005796894431114197,-3.136732339859009,-0.00029926866409368813,3135,,nan,24.586,0.99,95,4,23,0.81,895,0.006630586925894022,0.0025096542667597532,0.011269993148744106,1500,1500,1391,1498,1897,1500,1897,1115
1783460659.1388,3.9804,0.02004,49.90,200,1823476,0.981,AUTOTUNE,AUTOTUNE,128,1.9901835918426514,0.0,10.0,0.5,0.0,0.0,nan,nan,nan,nan,nan,nan,nan,nan,nan,nan,9.196803262538108,2.7439918147217024,9.780738642648062,0,0,-6.320857048034668,-2.710564374923706,0.172760009765625,-0.01139528863132,-0.019299341365695,0.026847565546631813,nan,nan,nan,-0.03120909072458744,-0.005789646878838539,-3.136728286743164,8.268396777566522e-05,3135,,nan,24.586,0.99,95,4,23,0.81,895,0.006630586925894022,0.0025096542667597532,0.011269993148744106,1500,1500,1391,1498,1897,1500,1897,1115
1783460659.1598,4.0005,0.02095,47.72,201,1823496,0.002,AUTOTUNE,AUTOTUNE,128,2.000237822532654,0.0,10.0,0.5,0.0,0.0,nan,nan,nan,nan,nan,nan,nan,nan,nan,nan,9.207082020210903,2.7437322914493354,9.780221882509576,0,0,-6.321131229400635,-2.710707426071167,0.1731523871421814,-0.011366620659828186,-0.019066914916038513,0.026919377967715263,nan,nan,nan,-0.031206073239445686,-0.005766559392213821,-3.136718988418579,0.00048001325922086835,3135,,nan,24.596,0.99,95,4,23,0.81,895,0.0071868207305669785,0.005215993616729975,0.016564050689339638,1500,1500,1391,1498,1897,1500,1897,1115
1783460659.1787,4.0203,0.01890,52.91,202,1823516,0.021,AUTOTUNE,AUTOTUNE,128,2.0101553201675415,0.0,10.0,0.5,0.0,0.0,nan,nan,nan,nan,nan,nan,nan,nan,nan,nan,9.216976418474976,2.7436999927386605,9.780095420210454,0,0,-6.321434020996094,-2.7106242179870605,0.17340344190597534,-0.01117846742272377,-0.019096307456493378,0.026847444474697113,nan,nan,nan,-0.031211070716381073,-0.005760960280895233,-3.1367151737213135,0.00023764462093822658,3135,,nan,24.596,0.99,95,4,23,0.81,895,0.0071868207305669785,0.005215993616729975,0.016564050689339638,1500,1500,1391,1498,1897,1500,1897,1115
1783460659.1986,4.0404,0.01998,50.04,203,1823536,0.041,AUTOTUNE,AUTOTUNE,128,2.020198702812195,0.0,10.0,0.5,0.0,0.0,nan,nan,nan,nan,nan,nan,nan,nan,nan,nan,9.22727921149199,2.743962003600966,9.779830138106076,0,0,-6.32169246673584,-2.7107839584350586,0.17380249500274658,-0.01117902435362339,-0.019155353307724,0.0267702117562294,nan,nan,nan,-0.03121161088347435,-0.005751876160502434,-3.136721134185791,-0.0003224134852644056,3135,,nan,24.596,0.99,95,4,23,0.81,895,0.0071868207305669785,0.005215993616729975,0.016564050689339638,1500,1500,1391,1498,1897,1500,1897,1115
1783460659.2188,4.0605,0.02017,49.58,204,1823556,0.061,AUTOTUNE,AUTOTUNE,128,2.030247449874878,0.0,10.0,0.5,0.0,0.0,nan,nan,nan,nan,nan,nan,nan,nan,nan,nan,9.23748183053767,2.7435910730122264,9.779683703277836,0,0,-6.321965217590332,-2.7107276916503906,0.17407822608947754,-0.011110389605164528,-0.018973682075738907,0.02669556252658367,nan,nan,nan,-0.031214896589517593,-0.0057387445122003555,-3.136728286743164,-0.0004808992089238018,3135,,nan,24.596,0.99,95,4,23,0.81,895,0.0071868207305669785,0.005215993616729975,0.016564050689339638,1500,1500,1391,1498,1897,1500,1897,1115
1783460659.2384,4.0803,0.01963,50.94,205,1823576,0.081,AUTOTUNE,AUTOTUNE,128,2.0401691198349,0.0,10.0,0.5,0.0,0.0,nan,nan,nan,nan,nan,nan,nan,nan,nan,nan,9.24724631128358,2.7432575479839882,9.779243268481846,0,0,-6.322230339050293,-2.7107067108154297,0.17437803745269775,-0.010866568423807621,-0.01879323460161686,0.02677675150334835,nan,nan,nan,-0.031221261247992516,-0.0057295989245176315,-3.1367366313934326,-0.0003873870300594717,3135,,nan,24.596,0.99,95,4,23,0.81,895,0.0071868207305669785,0.005215993616729975,0.016564050689339638,1500,1500,1391,1498,1897,1500,1897,1115
1783460659.2587,4.1004,0.02026,49.36,206,1823596,0.101,AUTOTUNE,AUTOTUNE,128,2.050187349319458,0.0,10.0,0.5,0.0,0.0,nan,nan,nan,nan,nan,nan,nan,nan,nan,nan,9.257622780907834,2.743413318240583,9.77862759362277,0,0,-6.322468280792236,-2.7108919620513916,0.1748020052909851,-0.010936022736132145,-0.018776213750243187,0.026887433603405952,nan,nan,nan,-0.031214052811264992,-0.0057240985333919525,-3.13674259185791,-0.0004014955193269998,3135,,nan,24.596,0.99,95,4,23,0.81,895,0.0071868207305669785,0.005215993616729975,0.016564050689339638,1500,1500,1391,1498,1897,1500,1897,1115
1783460659.2785,4.1201,0.01976,50.62,207,1823616,0.121,AUTOTUNE,AUTOTUNE,128,2.060055732727051,0.0,10.0,0.5,0.0,0.0,nan,nan,nan,nan,nan,nan,nan,nan,nan,nan,9.267393270702128,2.743098375811627,9.778304013712452,0,0,-6.322709560394287,-2.710902452468872,0.1751117706298828,-0.010740200988948345,-0.018588325008749962,0.02689540944993496,nan,nan,nan,-0.031224355101585388,-0.005720628425478935,-3.1367383003234863,6.698218203382567e-05,3135,,nan,24.596,0.99,95,4,23,0.81,895,0.0071868207305669785,0.005215993616729975,0.016564050689339638,1500,1500,1391,1498,1897,1500,1897,1115
1783460659.2986,4.1404,0.02018,49.55,208,1823636,0.141,AUTOTUNE,AUTOTUNE,128,2.070181369781494,0.0,10.0,0.5,0.0,0.0,nan,nan,nan,nan,nan,nan,nan,nan,nan,nan,9.277414024987127,2.743298673786732,9.777827771300318,0,0,-6.3229289054870605,-2.711095094680786,0.17553174495697021,-0.010553007945418358,-0.018592745065689087,0.026927895843982697,nan,nan,nan,-0.031229855492711067,-0.005724754184484482,-3.1367342472076416,0.00017482158727943897,3135,,nan,24.596,0.99,95,4,23,0.81,895,0.0071868207305669785,0.005215993616729975,0.016564050689339638,1500,1500,1391,1498,1897,1500,1897,1115
1783460659.3186,4.1604,0.01991,50.22,209,1823656,0.161,AUTOTUNE,AUTOTUNE,128,2.0802098512649536,0.0,10.0,0.5,0.0,0.0,nan,nan,nan,nan,nan,nan,nan,nan,nan,nan,9.287671913428937,2.743074058077562,9.777382090207452,0,0,-6.323148727416992,-2.711134672164917,0.17579030990600586,-0.010558541864156723,-0.018440213054418564,0.027035927399992943,nan,nan,nan,-0.0312245711684227,-0.005715982988476753,-3.1367430686950684,-0.00032616028329357505,3135,,nan,24.596,0.99,95,4,23,0.81,895,0.0071868207305669785,0.005215993616729975,0.016564050689339638,1500,1500,1391,1498,1897,1500,1897,1115
1783460659.3388,4.1805,0.02028,49.31,210,1823676,0.181,AUTOTUNE,AUTOTUNE,128,2.090244770050049,0.0,10.0,0.5,0.0,0.0,nan,nan,nan,nan,nan,nan,nan,nan,nan,nan,9.29841080752998,2.74233543477694,9.779973053782816,0,0,-6.323861598968506,-2.7107994556427,0.1743711233139038,-0.010553405620157719,-0.018207306042313576,0.026359401643276215,nan,nan,nan,-0.031218640506267548,-0.005705773830413818,-3.1367547512054443,-0.0008182695601135492,3135,,nan,24.596,0.99,95,4,23,0.81,895,0.0071868207305669785,0.005215993616729975,0.016564050689339638,1500,1500,1391,1498,1897,1500,1897,1115
1783460659.3591,4.2005,0.02025,49.39,211,1823696,0.201,AUTOTUNE,AUTOTUNE,128,2.100236415863037,0.0,10.0,0.5,0.0,0.0,nan,nan,nan,nan,nan,nan,nan,nan,nan,nan,9.308981542848347,2.7420217756565144,9.780829539549472,0,0,-6.324309825897217,-2.710832118988037,0.17397809028625488,-0.0106289591640234,-0.01800735667347908,0.02609182707965374,nan,nan,nan,-0.031214838847517967,-0.005698449909687042,-3.1367533206939697,0.00010920230124611408,3135,,nan,24.596,0.99,95,4,23,0.81,895,0.007178162224590778,0.0021769353188574314,0.032331183552742004,1500,1500,1391,1498,1897,1500,1897,1115
1783460659.3785,4.2204,0.01943,51.47,212,1823716,0.221,AUTOTUNE,AUTOTUNE,128,2.1101781129837036,0.0,10.0,0.5,0.0,0.0,nan,nan,nan,nan,nan,nan,nan,nan,nan,nan,9.32005577568051,2.7412675157105832,9.782795965049687,0,0,-6.324959754943848,-2.7105612754821777,0.17275863885879517,-0.010907592251896858,-0.017728256061673164,0.0256605613976717,nan,nan,nan,-0.031229397282004356,-0.005684666335582733,-3.1367595195770264,-0.0004821411275770515,3135,,nan,24.596,0.99,95,4,23,0.81,895,0.007178162224590778,0.0021769353188574314,0.032331183552742004,1500,1500,1391,1498,1897,1500,1897,1115
1783460659.3988,4.2405,0.02029,49.28,213,1823736,0.241,AUTOTUNE,AUTOTUNE,128,2.1202309131622314,0.0,10.0,0.5,0.0,0.0,nan,nan,nan,nan,nan,nan,nan,nan,nan,nan,9.330871754373458,2.7410638136184273,9.78312963000921,0,0,-6.325379848480225,-2.7106118202209473,0.17244523763656616,-0.0111056724563241,-0.01758146658539772,0.02564886212348938,nan,nan,nan,-0.03123285062611103,-0.005677338689565659,-3.1367580890655518,9.359676914755255e-05,3135,,nan,24.596,0.99,95,4,23,0.81,895,0.007178162224590778,0.0021769353188574314,0.032331183552742004,1500,1500,1391,1498,1897,1500,1897,1115
1783460659.4187,4.2604,0.01994,50.14,214,1823756,0.261,AUTOTUNE,AUTOTUNE,128,2.1301909685134888,0.0,10.0,0.5,0.0,0.0,nan,nan,nan,nan,nan,nan,nan,nan,nan,nan,9.34189233584198,2.7401771010792264,9.784805816576917,0,0,-6.325978755950928,-2.7103850841522217,0.17139840126037598,-0.011372188106179237,-0.017200428992509842,0.02528550662100315,nan,nan,nan,-0.03123614750802517,-0.00567455030977726,-3.1367626190185547,-0.0002721615310292691,3135,,nan,24.596,0.99,95,4,23,0.81,895,0.007178162224590778,0.0021769353188574314,0.032331183552742004,1500,1500,1391,1498,1897,1500,1897,1115
1783460659.4387,4.2804,0.01997,50.07,215,1823776,0.281,AUTOTUNE,AUTOTUNE,128,2.1401913166046143,0.0,10.0,0.5,0.0,0.0,nan,nan,nan,nan,nan,nan,nan,nan,nan,nan,9.352801974056074,2.7397180057909916,9.786447602164195,0,0,-6.326550006866455,-2.710198402404785,0.17046332359313965,-0.011567355133593082,-0.01704315096139908,0.024877488613128662,nan,nan,nan,-0.031233632937073708,-0.005676591768860817,-3.136763334274292,1.6327343473676592e-05,3135,,nan,24.596,0.99,95,4,23,0.81,895,0.007178162224590778,0.0021769353188574314,0.032331183552742004,1500,1500,1391,1498,1897,1500,1897,1115
1783460659.4590,4.3005,0.02024,49.40,216,1823796,0.301,AUTOTUNE,AUTOTUNE,128,2.150235176086426,0.0,10.0,0.5,0.0,0.0,nan,nan,nan,nan,nan,nan,nan,nan,nan,nan,9.36324273908014,2.739620959850234,9.78687803655403,0,0,-6.326938629150391,-2.7102816104888916,0.170271098613739,-0.011572137475013733,-0.016939081251621246,0.024739958345890045,nan,nan,nan,-0.031232887879014015,-0.005668314173817635,-3.136773109436035,-0.0006216148030944169,3135,,nan,24.596,0.99,95,4,23,0.81,895,0.007178162224590778,0.0021769353188574314,0.032331183552742004,1500,1500,1391,1497,1897,1500,1897,1115
1783460659.4788,4.3204,0.01983,50.42,217,1823816,0.321,AUTOTUNE,AUTOTUNE,128,2.160189390182495,0.0,10.0,0.5,0.0,0.0,nan,nan,nan,nan,nan,nan,nan,nan,nan,nan,9.373718562768621,2.7391285716363614,9.788385124069917,0,0,-6.3274664878845215,-2.710134744644165,0.16946738958358765,-0.011568529531359673,-0.01673959381878376,0.024333862587809563,nan,nan,nan,-0.031244918704032898,-0.005656899884343147,-3.1367642879486084,5.802071973448619e-05,3135,,nan,24.596,0.99,95,4,23,0.81,895,0.007178162224590778,0.0021769353188574314,0.032331183552742004,1500,1500,1391,1497,1897,1500,1897,1115
1783460659.4987,4.3404,0.01991,50.23,218,1823836,0.341,AUTOTUNE,AUTOTUNE,128,2.170179605484009,0.0,10.0,0.5,0.0,0.0,nan,nan,nan,nan,nan,nan,nan,nan,nan,nan,9.384096875854924,2.739182828345626,9.788635283124972,0,0,-6.327833652496338,-2.7102344036102295,0.169333815574646,-0.011580615304410458,-0.016713380813598633,0.024266552180051804,nan,nan,nan,-0.031231462955474854,-0.005642859265208244,-3.136763334274292,0.00013248065079096705,3135,,nan,24.596,0.99,95,4,23,0.81,895,0.007178162224590778,0.0021769353188574314,0.032331183552742004,1500,1500,1391,1497,1897,1500,1897,1115
1783460659.5188,4.3604,0.02009,49.79,219,1823856,0.361,AUTOTUNE,AUTOTUNE,128,2.1801759004592896,0.0,10.0,0.5,0.0,0.0,nan,nan,nan,nan,nan,nan,nan,nan,nan,nan,9.394793473844492,2.738631252770036,9.789919412007226,0,0,-6.328324794769287,-2.710125684738159,0.1686387062072754,-0.011701374314725399,-0.01645769737660885,0.02392648160457611,nan,nan,nan,-0.031229279935359955,-0.005638014525175095,-3.1367759704589844,-0.0005849928711540997,3135,,nan,24.596,0.99,95,4,23,0.81,895,0.007178162224590778,0.0021769353188574314,0.032331183552742004,1500,1500,1391,1497,1897,1500,1897,1115
1783460659.5389,4.3805,0.02010,49.76,220,1823876,0.381,AUTOTUNE,AUTOTUNE,128,2.1902432441711426,0.0,10.0,0.5,0.0,0.0,nan,nan,nan,nan,nan,nan,nan,nan,nan,nan,9.405653978539513,2.7364373239863338,9.792228803092872,0,0,-6.329014301300049,-2.7093558311462402,0.16714274883270264,-0.01176121924072504,-0.015635507181286812,0.023456845432519913,nan,nan,nan,-0.03122956119477749,-0.005628371611237526,-3.136775255203247,-0.000231574522331357,3135,,nan,24.596,0.99,95,4,23,0.81,895,0.007178162224590778,0.0021769353188574314,0.032331183552742004,1500,1500,1391,1497,1897,1500,1897,1115
1783460659.5589,4.4003,0.02002,49.95,221,1823896,0.401,AUTOTUNE,AUTOTUNE,128,2.200164794921875,0.0,10.0,0.5,0.0,0.0,nan,nan,nan,nan,nan,nan,nan,nan,nan,nan,9.415610579158484,2.7360113295335937,9.79291847836176,0,0,-6.329456329345703,-2.70914626121521,0.1666739583015442,-0.011526250280439854,-0.015510554425418377,0.023329317569732666,nan,nan,nan,-0.031230391934514046,-0.00560409389436245,-3.136765956878662,0.0005794625030830503,3135,,nan,24.596,0.99,95,4,23,0.81,895,0.007878326810896397,0.00037980519118718803,0.02169092930853367,1500,1500,1391,1498,1897,1500,1897,1115
1783460659.5788,4.4205,0.01986,50.36,222,1823916,0.421,AUTOTUNE,AUTOTUNE,128,2.2102537155151367,0.0,10.0,0.5,0.0,0.0,nan,nan,nan,nan,nan,nan,nan,nan,nan,nan,9.426532448070807,2.7341780488555223,9.794687190139197,0,0,-6.330084323883057,-2.708465576171875,0.1653767228126526,-0.011644580401480198,-0.014845103025436401,0.023057110607624054,nan,nan,nan,-0.03123258426785469,-0.005580449476838112,-3.136760950088501,0.00021064974134787917,3135,,nan,24.596,0.99,95,4,23,0.81,895,0.007878326810896397,0.00037980519118718803,0.02169092930853367,1500,1500,1391,1498,1897,1500,1897,1115
1783460659.5987,4.4405,0.01992,50.21,223,1823936,0.441,AUTOTUNE,AUTOTUNE,128,2.220241069793701,0.0,10.0,0.5,0.0,0.0,nan,nan,nan,nan,nan,nan,nan,nan,nan,nan,9.437073111918581,2.73389110062951,9.79547623147636,0,0,-6.330499649047852,-2.70829176902771,0.16499751806259155,-0.011724245734512806,-0.014779780991375446,0.02282049134373665,nan,nan,nan,-0.03123537264764309,-0.005562327802181244,-3.136759042739868,7.105948316166177e-05,3135,,nan,24.596,0.99,95,4,23,0.81,895,0.007878326810896397,0.00037980519118718803,0.02169092930853367,1500,1500,1391,1498,1897,1500,1897,1115
1783460659.6186,4.4603,0.01994,50.14,224,1823956,0.461,AUTOTUNE,AUTOTUNE,128,2.2301712036132812,0.0,10.0,0.5,0.0,0.0,nan,nan,nan,nan,nan,nan,nan,nan,nan,nan,9.447663393899418,2.7325356417762747,9.797711692192692,0,0,-6.331076145172119,-2.707690715789795,0.16369354724884033,-0.011772542260587215,-0.014344224706292152,0.022282695397734642,nan,nan,nan,-0.031228231266140938,-0.005553951486945152,-3.1367502212524414,0.0001943479583133012,3135,,nan,24.596,0.99,95,4,23,0.81,895,0.007878326810896397,0.00037980519118718803,0.02169092930853367,1500,1500,1391,1498,1897,1500,1897,1115
1783460659.6388,4.4804,0.02015,49.63,225,1823976,0.481,AUTOTUNE,AUTOTUNE,128,2.2401896715164185,0.0,10.0,0.5,0.0,0.0,nan,nan,nan,nan,nan,nan,nan,nan,nan,nan,9.458425725588736,2.731204932692175,9.799455480646149,0,0,-6.331626892089844,-2.7071473598480225,0.1625170111656189,-0.011884038336575031,-0.013889646157622337,0.02195519208908081,nan,nan,nan,-0.031230878084897995,-0.005548559129238129,-3.13676118850708,-0.00045990003854967654,3135,,nan,24.596,0.99,95,4,23,0.81,895,0.007878326810896397,0.00037980519118718803,0.02169092930853367,1500,1500,1391,1498,1897,1500,1897,1115
1783460659.6601,4.5004,0.02138,46.77,226,1823996,0.502,AUTOTUNE,AUTOTUNE,128,2.250184416770935,0.0,10.0,0.5,0.0,0.0,nan,nan,nan,nan,nan,nan,nan,nan,nan,nan,9.468769375707348,2.7306904689285934,9.800046538045818,0,0,-6.332011699676514,-2.707030773162842,0.16219043731689453,-0.011863309890031815,-0.013659931719303131,0.021802492439746857,nan,nan,nan,-0.031226012855768204,-0.005532320588827133,-3.1367733478546143,-0.0006625095847994089,3135,,nan,24.601,1.01,95,4,23,0.81,895,0.007878326810896397,0.00037980519118718803,0.02169092930853367,1500,1500,1391,1498,1897,1500,1897,1115
1783460659.6788,4.5205,0.01869,53.51,227,1824016,0.521,AUTOTUNE,AUTOTUNE,128,2.2602317333221436,0.0,10.0,0.5,0.0,0.0,nan,nan,nan,nan,nan,nan,nan,nan,nan,nan,9.479800111267581,2.729670521277709,9.80184520569051,0,0,-6.332520008087158,-2.706547737121582,0.16116535663604736,-0.012137615121901035,-0.013349945656955242,0.02135586179792881,nan,nan,nan,-0.031218022108078003,-0.0055216234177351,-3.1367709636688232,2.0544843209790997e-05,3135,,nan,24.601,1.01,95,4,23,0.81,895,0.007878326810896397,0.00037980519118718803,0.02169092930853367,1500,1500,1391,1498,1897,1500,1897,1115
1783460659.6985,4.5403,0.01966,50.87,228,1824036,0.541,AUTOTUNE,AUTOTUNE,128,2.270174503326416,0.0,10.0,0.5,0.0,0.0,nan,nan,nan,nan,nan,nan,nan,nan,nan,nan,9.489918526649028,2.729685777935917,9.802268325581133,0,0,-6.332889080047607,-2.7064599990844727,0.16090768575668335,-0.012025940231978893,-0.013409409672021866,0.0212603397667408,nan,nan,nan,-0.031218040734529495,-0.00550224632024765,-3.136758327484131,0.0006695634801872075,3135,,nan,24.601,1.01,95,4,23,0.81,895,0.007878326810896397,0.00037980519118718803,0.02169092930853367,1500,1500,1391,1498,1897,1500,1897,1115
1783460659.7188,4.5604,0.02033,49.19,229,1824056,0.561,AUTOTUNE,AUTOTUNE,128,2.280184268951416,0.0,10.0,0.5,0.0,0.0,nan,nan,nan,nan,nan,nan,nan,nan,nan,nan,9.500496714964816,2.728917422363566,9.803649766077877,0,0,-6.333362102508545,-2.7060415744781494,0.15999609231948853,-0.012081019580364227,-0.013207376934587955,0.02098907344043255,nan,nan,nan,-0.031208746135234833,-0.0054894909262657166,-3.1367456912994385,0.0005443422705866396,3135,,nan,24.601,1.01,95,4,23,0.81,895,0.007878326810896397,0.00037980519118718803,0.02169092930853367,1500,1500,1391,1498,1897,1500,1897,1115
1783460659.7380,4.5801,0.01919,52.11,230,1824076,0.580,AUTOTUNE,AUTOTUNE,128,2.290042281150818,0.0,10.0,0.5,0.0,0.0,nan,nan,nan,nan,nan,nan,nan,nan,nan,nan,9.51163555852163,2.7267106048096394,9.80683042570379,0,0,-6.334125995635986,-2.7051756381988525,0.15789097547531128,-0.012379474006593227,-0.012433218769729137,0.02036810852587223,nan,nan,nan,-0.031213758513331413,-0.005480265244841576,-3.1367557048797607,-0.0003504865453578532,3135,,nan,24.601,1.01,95,4,23,0.81,895,0.007878326810896397,0.00037980519118718803,0.02169092930853367,1500,1500,1391,1498,1897,1500,1897,1115
1783460659.7579,4.6002,0.01991,50.24,231,1824096,0.600,AUTOTUNE,AUTOTUNE,128,2.3000824451446533,0.0,10.0,0.5,0.0,0.0,nan,nan,nan,nan,nan,nan,nan,nan,nan,nan,9.522472463954873,2.7259614223878916,9.808143806034982,0,0,-6.334617614746094,-2.704888343811035,0.15710896253585815,-0.012555636465549469,-0.01216654758900404,0.020061323419213295,nan,nan,nan,-0.031206978484988213,-0.005457725375890732,-3.1367602348327637,-0.0005559446872211993,3135,,nan,24.601,1.01,95,4,23,0.81,895,0.0068679084070026875,0.0010194005444645882,0.025865063071250916,1500,1500,1391,1498,1897,1500,1897,1115
1783460659.7780,4.6201,0.02005,49.88,232,1824116,0.620,AUTOTUNE,AUTOTUNE,128,2.3100727796554565,0.0,10.0,0.5,0.0,0.0,nan,nan,nan,nan,nan,nan,nan,nan,nan,nan,9.533273315211487,2.7238774115815922,9.811092364451959,0,0,-6.335317611694336,-2.704106569290161,0.15525704622268677,-0.012619445100426674,-0.011414701119065285,0.019428176805377007,nan,nan,nan,-0.031201304867863655,-0.005439555272459984,-3.1367650032043457,-0.00012100024468963966,3135,,nan,24.601,1.01,95,4,23,0.81,895,0.0068679084070026875,0.0010194005444645882,0.025865063071250916,1500,1500,1391,1498,1897,1500,1897,1115
1783460659.7979,4.6402,0.01997,50.08,233,1824136,0.640,AUTOTUNE,AUTOTUNE,128,2.3200762271881104,0.0,10.0,0.5,0.0,0.0,nan,nan,nan,nan,nan,nan,nan,nan,nan,nan,9.543691396707857,2.7229212838450674,9.811996873723658,0,0,-6.3357768058776855,-2.703847646713257,0.1545814871788025,-0.012593718245625496,-0.011012169532477856,0.019295992329716682,nan,nan,nan,-0.031201200559735298,-0.0054137613624334335,-3.136770725250244,-0.0004892903380095959,3135,,nan,24.601,1.01,95,4,23,0.81,895,0.0068679084070026875,0.0010194005444645882,0.025865063071250916,1500,1500,1391,1498,1897,1500,1897,1115
1783460659.8180,4.6602,0.02001,49.97,234,1824156,0.660,AUTOTUNE,AUTOTUNE,128,2.3300832509994507,0.0,10.0,0.5,0.0,0.0,nan,nan,nan,nan,nan,nan,nan,nan,nan,nan,9.554226742251887,2.721558182989603,9.814769716363609,0,0,-6.336422443389893,-2.703150987625122,0.15306901931762695,-0.012525985948741436,-0.010627399198710918,0.018568314611911774,nan,nan,nan,-0.031201468780636787,-0.005390867590904236,-3.136760950088501,0.0006102836923673749,3135,,nan,24.601,1.01,95,4,23,0.81,895,0.0068679084070026875,0.0010194005444645882,0.025865063071250916,1500,1500,1391,1498,1897,1500,1897,1115
1783460659.8379,4.6801,0.01995,50.14,235,1824176,0.680,AUTOTUNE,AUTOTUNE,128,2.3400702476501465,0.0,10.0,0.5,0.0,0.0,nan,nan,nan,nan,nan,nan,nan,nan,nan,nan,9.565098095187302,2.7203041110885446,9.817028745103888,0,0,-6.337034702301025,-2.702509880065918,0.15168499946594238,-0.012683081440627575,-0.010273504070937634,0.018063127994537354,nan,nan,nan,-0.0312002245336771,-0.0053810253739356995,-3.1367623805999756,-0.0002531452919356525,3135,,nan,24.601,1.01,95,4,23,0.81,895,0.0068679084070026875,0.0010194005444645882,0.025865063071250916,1500,1500,1391,1498,1897,1500,1897,1115
1783460659.8580,4.7002,0.02012,49.70,236,1824198,0.700,AUTOTUNE,AUTOTUNE,128,2.3500964641571045,0.0,10.0,0.5,0.0,0.0,nan,nan,nan,nan,nan,nan,nan,nan,nan,nan,9.575788036280096,2.7199583131538825,9.81824159336918,0,0,-6.337484836578369,-2.70233416557312,0.1512535810470581,-0.01280639786273241,-0.010175306349992752,0.017611969262361526,nan,nan,nan,-0.031196506693959236,-0.005367333069443703,-3.1367602348327637,-7.919868949102238e-06,3135,,nan,24.601,1.01,95,4,23,0.81,895,0.0068679084070026875,0.0010194005444645882,0.025865063071250916,1500,1500,1391,1498,1897,1500,1897,1115
1783460659.8780,4.7202,0.01995,50.13,237,1824216,0.720,AUTOTUNE,AUTOTUNE,128,2.3600893020629883,0.0,10.0,0.5,0.0,0.0,nan,nan,nan,nan,nan,nan,nan,nan,nan,nan,9.586214949788936,2.71867746275106,9.820147038702462,0,0,-6.338024139404297,-2.7017407417297363,0.14999669790267944,-0.012745644897222519,-0.009778420440852642,0.017237521708011627,nan,nan,nan,-0.0311979241669178,-0.005356553941965103,-3.1367695331573486,-0.00044367447844706476,3135,,nan,24.601,1.01,95,4,23,0.81,895,0.0068679084070026875,0.0010194005444645882,0.025865063071250916,1500,1500,1391,1498,1897,1500,1897,1115
1783460659.8981,4.7402,0.02010,49.75,238,1824236,0.740,AUTOTUNE,AUTOTUNE,128,2.3700889348983765,0.0,10.0,0.5,0.0,0.0,nan,nan,nan,nan,nan,nan,nan,nan,nan,nan,9.596630585741693,2.717962063106751,9.820634404382863,0,0,-6.3384222984313965,-2.701566696166992,0.1495990753173828,-0.012755947187542915,-0.009465869516134262,0.01718570850789547,nan,nan,nan,-0.031198663637042046,-0.0053357649594545364,-3.1367685794830322,-0.00015421336865983903,3135,,nan,24.601,1.01,95,4,23,0.81,895,0.0068679084070026875,0.0010194005444645882,0.025865063071250916,1500,1500,1391,1498,1897,1500,1897,1115
1783460659.9179,4.7601,0.01987,50.32,239,1824256,0.760,AUTOTUNE,AUTOTUNE,128,2.380059838294983,0.0,10.0,0.5,0.0,0.0,nan,nan,nan,nan,nan,nan,nan,nan,nan,nan,9.607459335828121,2.7167650873174436,9.822431754998115,0,0,-6.338953971862793,-2.7010562419891357,0.14840394258499146,-0.012944263406097889,-0.009069506078958511,0.016838017851114273,nan,nan,nan,-0.03120352514088154,-0.005317632108926773,-3.136758327484131,0.0002067874011117965,3135,,nan,24.601,1.01,95,4,23,0.81,895,0.0068679084070026875,0.0010194005444645882,0.025865063071250916,1500,1500,1391,1498,1897,1500,1897,1115
1783460659.9379,4.7802,0.02001,49.97,240,1824276,0.780,AUTOTUNE,AUTOTUNE,128,2.390091300010681,0.0,10.0,0.5,0.0,0.0,nan,nan,nan,nan,nan,nan,nan,nan,nan,nan,9.617975138357846,2.7155207282098095,9.82342107547392,0,0,-6.339588642120361,-2.7003872394561768,0.14757883548736572,-0.012857470661401749,-0.008737323805689812,0.016743209213018417,nan,nan,nan,-0.031203532591462135,-0.005304785445332527,-3.13675594329834,0.00015898793935775757,3135,,nan,24.601,1.01,95,4,23,0.81,895,0.0068679084070026875,0.0010194005444645882,0.025865063071250916,1500,1500,1391,1498,1897,1500,1897,1115
1783460659.9580,4.8002,0.02010,49.75,241,1824298,0.800,AUTOTUNE,AUTOTUNE,128,2.400088310241699,0.0,10.0,0.5,0.0,0.0,nan,nan,nan,nan,nan,nan,nan,nan,nan,nan,9.628943496021297,2.714938281060756,9.824151463465135,0,0,-6.340057849884033,-2.700183629989624,0.14740437269210815,-0.013147381134331226,-0.008518601767718792,0.016422245651483536,nan,nan,nan,-0.031202206388115883,-0.005293501541018486,-3.136775255203247,-0.0008294706349261105,3135,,nan,24.601,1.01,95,4,23,0.81,895,0.00715166749432683,0.005107823759317398,0.00704555306583643,1500,1500,1391,1498,1897,1500,1897,1115
1783460659.9779,4.8202,0.01990,50.25,242,1824316,0.820,AUTOTUNE,AUTOTUNE,128,2.4100868701934814,0.0,10.0,0.5,0.0,0.0,nan,nan,nan,nan,nan,nan,nan,nan,nan,nan,9.639427306632308,2.7136864403703886,9.825120998566101,0,0,-6.340611934661865,-2.699568748474121,0.14665085077285767,-0.013107639737427235,-0.008150853216648102,0.016297530382871628,nan,nan,nan,-0.031192736700177193,-0.005279418081045151,-3.1367921829223633,-0.0012196054449304938,3135,,nan,24.601,1.01,95,4,23,0.81,895,0.00715166749432683,0.005107823759317398,0.00704555306583643,1500,1500,1391,1498,1897,1500,1897,1115
1783460659.9980,4.8402,0.02004,49.91,243,1824336,0.840,AUTOTUNE,AUTOTUNE,128,2.420087218284607,0.0,10.0,0.5,0.0,0.0,nan,nan,nan,nan,nan,nan,nan,nan,nan,nan,9.649947573523992,2.7131927823894983,9.825502102975761,0,0,-6.341030597686768,-2.6993703842163086,0.14648640155792236,-0.013166099786758423,-0.007980365306138992,0.016172444447875023,nan,nan,nan,-0.031184274703264236,-0.005266468971967697,-3.1367902755737305,-2.0867086277576163e-05,3135,,nan,24.601,1.01,95,4,23,0.81,895,0.00715166749432683,0.005107823759317398,0.00704555306583643,1500,1500,1391,1498,1897,1500,1897,1115
1783460660.0180,4.8602,0.01997,50.08,244,1824356,0.860,AUTOTUNE,AUTOTUNE,128,2.430086374282837,0.0,10.0,0.5,0.0,0.0,nan,nan,nan,nan,nan,nan,nan,nan,nan,nan,9.660493880430312,2.712160837450461,9.826409443656622,0,0,-6.341573238372803,-2.6988415718078613,0.14585202932357788,-0.013168703764677048,-0.007689881604164839,0.01601484604179859,nan,nan,nan,-0.03118053823709488,-0.005248909816145897,-3.1367902755737305,4.798463123734109e-06,3135,,nan,24.601,1.01,95,4,23,0.81,895,0.00715166749432683,0.005107823759317398,0.00704555306583643,1500,1500,1391,1498,1897,1500,1897,1115
1783460660.0380,4.8801,0.02000,49.99,245,1824376,0.880,AUTOTUNE,AUTOTUNE,128,2.4400655031204224,0.0,10.0,0.5,0.0,0.0,nan,nan,nan,nan,nan,nan,nan,nan,nan,nan,9.670798801251621,2.711273260456196,9.827282091510586,0,0,-6.342092990875244,-2.6983580589294434,0.1452898383140564,-0.013056720606982708,-0.007456595078110695,0.015835603699088097,nan,nan,nan,-0.031178567558526993,-0.00523294135928154,-3.136786460876465,8.492409688187763e-05,3135,,nan,24.601,1.01,95,4,23,0.81,895,0.00715166749432683,0.005107823759317398,0.00704555306583643,1500,1500,1391,1498,1897,1500,1897,1115
1783460660.0580,4.9001,0.02004,49.89,246,1824396,0.900,AUTOTUNE,AUTOTUNE,128,2.45007061958313,0.0,10.0,0.5,0.0,0.0,nan,nan,nan,nan,nan,nan,nan,nan,nan,nan,9.681275647673683,2.7107523040020554,9.827826842121526,0,0,-6.342472553253174,-2.6982011795043945,0.14518356323242188,-0.013109933584928513,-0.007246395107358694,0.015582449734210968,nan,nan,nan,-0.031167618930339813,-0.005236746743321419,-3.1367738246917725,0.0004341972235124558,3135,,nan,24.601,1.01,95,4,23,0.81,895,0.00715166749432683,0.005107823759317398,0.00704555306583643,1500,1500,1391,1497,1897,1500,1897,1115
1783460660.0780,4.9202,0.01998,50.06,247,1824416,0.920,AUTOTUNE,AUTOTUNE,128,2.460080146789551,0.0,10.0,0.5,0.0,0.0,nan,nan,nan,nan,nan,nan,nan,nan,nan,nan,9.692018766010781,2.7098470582379157,9.82869865411525,0,0,-6.342955112457275,-2.697772741317749,0.14470291137695312,-0.013254866935312748,-0.006971110124140978,0.01535661332309246,nan,nan,nan,-0.0311768539249897,-0.0052377525717020035,-3.1367876529693604,-0.0006156215677037835,3135,,nan,24.601,1.01,95,4,23,0.81,895,0.00715166749432683,0.005107823759317398,0.00704555306583643,1500,1500,1391,1497,1897,1500,1897,1115
1783460660.0980,4.9401,0.01998,50.04,248,1824436,0.940,AUTOTUNE,AUTOTUNE,128,2.4700677394866943,0.0,10.0,0.5,0.0,0.0,nan,nan,nan,nan,nan,nan,nan,nan,nan,nan,9.701939108904467,2.709216480097698,9.828925408363826,0,0,-6.343320369720459,-2.697638988494873,0.1446375846862793,-0.013005158863961697,-0.006684267893433571,0.015263413079082966,nan,nan,nan,-0.03117489628493786,-0.005228273570537567,-3.1367859840393066,-0.00012447737390175462,3135,,nan,24.601,1.01,95,4,23,0.81,895,0.00715166749432683,0.005107823759317398,0.00704555306583643,1500,1500,1391,1497,1897,1500,1897,1115
1783460660.1180,4.9602,0.02002,49.95,249,1824456,0.960,AUTOTUNE,AUTOTUNE,128,2.4800792932510376,0.0,10.0,0.5,0.0,0.0,nan,nan,nan,nan,nan,nan,nan,nan,nan,nan,9.712598240423038,2.7081820037503452,9.829494660973966,0,0,-6.343766689300537,-2.6972553730010986,0.14403772354125977,-0.013121355324983597,-0.0063084932044148445,0.015281084924936295,nan,nan,nan,-0.031172849237918854,-0.005210027098655701,-3.1367833614349365,0.00015745930431876332,3135,,nan,24.601,1.01,95,4,23,0.81,895,0.00715166749432683,0.005107823759317398,0.00704555306583643,1500,1500,1391,1497,1897,1500,1897,1115
1783460660.1380,4.9802,0.02001,49.97,250,1824476,0.980,AUTOTUNE,AUTOTUNE,128,2.4900771379470825,0.0,10.0,0.5,0.0,0.0,nan,nan,nan,nan,nan,nan,nan,nan,nan,nan,9.722955727275085,2.707512913211627,9.830134405226351,0,0,-6.344196796417236,-2.696906805038452,0.143510639667511,-0.013080672360956669,-0.006123439408838749,0.015216040425002575,nan,nan,nan,-0.031173991039395332,-0.005193430930376053,-3.136784553527832,-6.536956789204851e-05,3135,,nan,24.601,1.01,95,4,23,0.81,895,0.00715166749432683,0.005107823759317398,0.00704555306583643,1500,1500,1391,1497,1897,1500,1897,1115
1783460660.1590,5.0002,0.02099,47.63,251,1824496,0.002,AUTOTUNE,AUTOTUNE,128,2.5000873804092407,0.0,10.0,0.5,0.0,0.0,nan,nan,nan,nan,nan,nan,nan,nan,nan,nan,9.733289759410573,2.7070814029348704,9.830656533948524,0,0,-6.344447612762451,-2.6967403888702393,0.1433011293411255,-0.013122803531587124,-0.005970387253910303,0.015035550110042095,nan,nan,nan,-0.031174857169389725,-0.0051841288805007935,-3.1367905139923096,-0.00010803533950820565,3135,,nan,24.599,1.01,95,4,23,0.81,895,0.006447443272918463,0.007096484769135714,0.011660238727927208,1500,1500,1391,1498,1897,1500,1897,1115
1783460660.1779,5.0202,0.01895,52.77,252,1824516,0.020,AUTOTUNE,AUTOTUNE,128,2.5100908279418945,0.0,10.0,0.5,0.0,0.0,nan,nan,nan,nan,nan,nan,nan,nan,nan,nan,9.743275601030467,2.706289929041206,9.83158008476061,0,0,-6.344683647155762,-2.6963179111480713,0.1426427960395813,-0.012976364232599735,-0.005757347214967012,0.014882426708936691,nan,nan,nan,-0.031176162883639336,-0.0051735322922468185,-3.1367783546447754,0.0004862557689193636,3135,,nan,24.599,1.01,95,4,23,0.81,895,0.006447443272918463,0.007096484769135714,0.011660238727927208,1500,1500,1391,1498,1897,1500,1897,1115
1783460660.1980,5.0402,0.02004,49.89,253,1824536,0.041,AUTOTUNE,AUTOTUNE,128,2.520087242126465,0.0,10.0,0.5,0.0,0.0,nan,nan,nan,nan,nan,nan,nan,nan,nan,nan,9.753292290097171,2.7057601771784188,9.832067268081294,0,0,-6.344927787780762,-2.696176052093506,0.14248794317245483,-0.0128471152856946,-0.005533397197723389,0.01469055563211441,nan,nan,nan,-0.031180832535028458,-0.005166046321392059,-3.1367850303649902,-0.00034525449154898524,3135,,nan,24.599,1.01,95,4,23,0.81,895,0.006447443272918463,0.007096484769135714,0.011660238727927208,1500,1500,1391,1498,1897,1500,1897,1115
1783460660.2180,5.0602,0.02003,49.93,254,1824556,0.061,AUTOTUNE,AUTOTUNE,128,2.53008496761322,0.0,10.0,0.5,0.0,0.0,nan,nan,nan,nan,nan,nan,nan,nan,nan,nan,9.763072971162678,2.7046790060903567,9.833029397184742,0,0,-6.3451433181762695,-2.695800542831421,0.14171499013900757,-0.012597368098795414,-0.005125983152538538,0.01458133477717638,nan,nan,nan,-0.031182104721665382,-0.005164111033082008,-3.136772632598877,0.0004612462653312832,3135,,nan,24.599,1.01,95,4,23,0.81,895,0.006447443272918463,0.007096484769135714,0.011660238727927208,1500,1500,1391,1498,1897,1500,1897,1115
1783460660.2380,5.0801,0.02001,49.97,255,1824576,0.081,AUTOTUNE,AUTOTUNE,128,2.540070414543152,0.0,10.0,0.5,0.0,0.0,nan,nan,nan,nan,nan,nan,nan,nan,nan,nan,9.772940120692368,2.7036701540825168,9.83414035588804,0,0,-6.345353126525879,-2.69545578956604,0.14102643728256226,-0.012407936155796051,-0.00474256556481123,0.014337458647787571,nan,nan,nan,-0.031186364591121674,-0.005157727748155594,-3.1367580890655518,0.000778090616222471,3135,,nan,24.599,1.01,95,4,23,0.81,895,0.006447443272918463,0.007096484769135714,0.011660238727927208,1500,1500,1391,1498,1897,1500,1897,1115
1783460660.2581,5.1002,0.02007,49.83,256,1824596,0.101,AUTOTUNE,AUTOTUNE,128,2.550101161003113,0.0,10.0,0.5,0.0,0.0,nan,nan,nan,nan,nan,nan,nan,nan,nan,nan,9.782967279819214,2.703163051178195,9.834233883903972,0,0,-6.3455705642700195,-2.6953365802764893,0.14084535837173462,-0.012280327267944813,-0.004518615081906319,0.014388006180524826,nan,nan,nan,-0.031196696683764458,-0.005136609077453613,-3.136753797531128,0.00027109141228720546,3135,,nan,24.599,1.01,95,4,23,0.81,895,0.006447443272918463,0.007096484769135714,0.011660238727927208,1500,1500,1391,1497,1897,1500,1897,1115
1783460660.2780,5.1202,0.01992,50.20,257,1824616,0.121,AUTOTUNE,AUTOTUNE,128,2.560094714164734,0.0,10.0,0.5,0.0,0.0,nan,nan,nan,nan,nan,nan,nan,nan,nan,nan,9.793128183789243,2.7025410280980124,9.835405288711359,0,0,-6.345766544342041,-2.695030927658081,0.1402626633644104,-0.012263798154890537,-0.004335958510637283,0.01404811441898346,nan,nan,nan,-0.031190278008580208,-0.005118213593959808,-3.136763095855713,-0.0005673626437783241,3135,,nan,24.599,1.01,95,4,23,0.81,895,0.006447443272918463,0.007096484769135714,0.011660238727927208,1500,1500,1391,1497,1897,1500,1897,1115
1783460660.2980,5.1402,0.01995,50.13,258,1824636,0.140,AUTOTUNE,AUTOTUNE,128,2.570076107978821,0.0,10.0,0.5,0.0,0.0,nan,nan,nan,nan,nan,nan,nan,nan,nan,nan,9.802876237026053,2.7025386425154463,9.835611605294634,0,0,-6.345982551574707,-2.6949334144592285,0.1401362419128418,-0.0120043670758605,-0.004390880465507507,0.01400198694318533,nan,nan,nan,-0.031193578615784645,-0.005116848275065422,-3.1367733478546143,-0.00045264919754117727,3135,,nan,24.599,1.01,95,4,23,0.81,895,0.006447443272918463,0.007096484769135714,0.011660238727927208,1500,1500,1391,1497,1897,1500,1897,1115
1783460660.3180,5.1602,0.02006,49.86,259,1824656,0.161,AUTOTUNE,AUTOTUNE,128,2.5801020860671997,0.0,10.0,0.5,0.0,0.0,nan,nan,nan,nan,nan,nan,nan,nan,nan,nan,9.812900127504813,2.7020997929853445,9.836342065496114,0,0,-6.3461594581604,-2.694668769836426,0.1395239233970642,-0.011901024729013443,-0.004290303215384483,0.013933777809143066,nan,nan,nan,-0.031194107607007027,-0.005119359120726585,-3.13677978515625,-0.0004711301298812032,3135,,nan,24.599,1.01,95,4,23,0.81,895,0.006447443272918463,0.007096484769135714,0.011660238727927208,1500,1500,1391,1497,1897,1500,1897,1115
1783460660.3380,5.1802,0.01998,50.05,260,1824676,0.181,AUTOTUNE,AUTOTUNE,128,2.5900888442993164,0.0,10.0,0.5,0.0,0.0,nan,nan,nan,nan,nan,nan,nan,nan,nan,nan,9.8229158885706,2.7027276891441194,9.837208239948914,0,0,-6.346385955810547,-2.6948699951171875,0.1389508843421936,-0.01178700104355812,-0.004536641761660576,0.013764536008238792,nan,nan,nan,-0.03119942545890808,-0.005111386999487877,-3.1367907524108887,-0.000707277562469244,3135,,nan,24.599,1.01,95,4,23,0.81,895,0.006447443272918463,0.007096484769135714,0.011660238727927208,1500,1500,1391,1497,1897,1500,1897,1115
1783460660.3581,5.2002,0.02012,49.71,261,1824698,0.201,AUTOTUNE,AUTOTUNE,128,2.6000970602035522,0.0,10.0,0.5,0.0,0.0,nan,nan,nan,nan,nan,nan,nan,nan,nan,nan,9.832866849134643,2.7029742800556273,9.83741670977419,0,0,-6.346639633178711,-2.6950275897979736,0.13886034488677979,-0.011607483960688114,-0.004588023759424686,0.013696448877453804,nan,nan,nan,-0.031212110072374344,-0.005111506208777428,-3.1367833614349365,0.0002478696987964213,3135,,nan,24.599,1.01,95,4,23,0.81,895,0.007645987439900637,0.004255035426467657,0.012961843982338905,1500,1500,1391,1498,1897,1500,1897,1115
1783460660.3786,5.2203,0.02049,48.81,262,1824716,0.221,AUTOTUNE,AUTOTUNE,128,2.6101709604263306,0.0,10.0,0.5,0.0,0.0,nan,nan,nan,nan,nan,nan,nan,nan,nan,nan,9.842767432619116,2.7034042766687247,9.837837020875938,0,0,-6.346810817718506,-2.69521427154541,0.1383439302444458,-0.01140858605504036,-0.004728501662611961,0.01375193428248167,nan,nan,nan,-0.03123115561902523,-0.005116237327456474,-3.1367757320404053,0.00038559685344807804,3135,,nan,24.599,1.01,95,4,23,0.81,895,0.007645987439900637,0.004255035426467657,0.012961843982338905,1500,1500,1391,1498,1897,1500,1897,1115
1783460660.3989,5.2404,0.02034,49.16,263,1824736,0.241,AUTOTUNE,AUTOTUNE,128,2.62018358707428,0.0,10.0,0.5,0.0,0.0,nan,nan,nan,nan,nan,nan,nan,nan,nan,nan,9.85285282267516,2.7037070132955323,9.837963904508268,0,0,-6.347020149230957,-2.6953632831573486,0.13826501369476318,-0.011329738423228264,-0.004817254841327667,0.013724240474402905,nan,nan,nan,-0.0312493983656168,-0.005122963339090347,-3.136777639389038,-0.00015840629930607975,3135,,nan,24.599,1.01,95,4,23,0.81,895,0.007645987439900637,0.004255035426467657,0.012961843982338905,1500,1500,1391,1498,1897,1500,1897,1115
1783460660.4185,5.2603,0.01955,51.15,264,1824756,0.261,AUTOTUNE,AUTOTUNE,128,2.6301642656326294,0.0,10.0,0.5,0.0,0.0,nan,nan,nan,nan,nan,nan,nan,nan,nan,nan,9.86248469402955,2.7046776010300473,9.838679279326852,0,0,-6.347198486328125,-2.6955673694610596,0.1377466917037964,-0.011025391519069672,-0.005259794648736715,0.013610471971333027,nan,nan,nan,-0.03126015514135361,-0.005130734294652939,-3.136782169342041,-0.00013774028047919273,3135,,nan,24.599,1.01,95,4,23,0.81,895,0.007645987439900637,0.004255035426467657,0.012961843982338905,1500,1500,1391,1498,1897,1500,1897,1115
1783460660.4387,5.2805,0.02022,49.45,265,1824776,0.281,AUTOTUNE,AUTOTUNE,128,2.6402465105056763,0.0,10.0,0.5,0.0,0.0,nan,nan,nan,nan,nan,nan,nan,nan,nan,nan,9.872371210726758,2.705179508975045,9.839020696223907,0,0,-6.347367763519287,-2.6957743167877197,0.13729459047317505,-0.01081465557217598,-0.005430090241134167,0.013674375601112843,nan,nan,nan,-0.03127259016036987,-0.005135055631399155,-3.1367945671081543,-0.0006931580137461424,3135,,nan,24.599,1.01,95,4,23,0.81,895,0.007645987439900637,0.004255035426467657,0.012961843982338905,1500,1500,1391,1498,1897,1500,1897,1115
1783460660.4590,5.3004,0.02024,49.40,266,1824796,0.301,AUTOTUNE,AUTOTUNE,128,2.650198459625244,0.0,10.0,0.5,0.0,0.0,nan,nan,nan,nan,nan,nan,nan,nan,nan,nan,9.882123333283339,2.7051482484256435,9.83903717861386,0,0,-6.347552299499512,-2.6959314346313477,0.137223482131958,-0.010592743754386902,-0.005321329925209284,0.013705913908779621,nan,nan,nan,-0.03128292039036751,-0.005142347887158394,-3.1367883682250977,0.00021927848865743726,3135,,nan,24.599,1.01,95,4,23,0.81,895,0.007645987439900637,0.004255035426467657,0.012961843982338905,1500,1500,1391,1498,1897,1500,1897,1115
1783460660.4787,5.3203,0.01977,50.57,267,1824816,0.321,AUTOTUNE,AUTOTUNE,128,2.6601587533950806,0.0,10.0,0.5,0.0,0.0,nan,nan,nan,nan,nan,nan,nan,nan,nan,nan,9.891698621940037,2.7055332083774726,9.839370831527734,0,0,-6.347702980041504,-2.696138381958008,0.13685542345046997,-0.01028346549719572,-0.005424105562269688,0.013725778087973595,nan,nan,nan,-0.031294237822294235,-0.005137994885444641,-3.1367785930633545,0.0004941330407746136,3135,,nan,24.599,1.01,95,4,23,0.81,895,0.007645987439900637,0.004255035426467657,0.012961843982338905,1500,1500,1391,1498,1897,1500,1897,1115
1783460660.4986,5.3404,0.01984,50.41,268,1824836,0.341,AUTOTUNE,AUTOTUNE,128,2.6702098846435547,0.0,10.0,0.5,0.0,0.0,nan,nan,nan,nan,nan,nan,nan,nan,nan,nan,9.902044946918274,2.7057207777853924,9.83903152418843,0,0,-6.347876071929932,-2.696294069290161,0.13682639598846436,-0.010353961028158665,-0.005442512687295675,0.013938436284661293,nan,nan,nan,-0.0313037671148777,-0.005132157355546951,-3.136777877807617,5.138643609825522e-05,3135,,nan,24.599,1.01,95,4,23,0.81,895,0.007645987439900637,0.004255035426467657,0.012961843982338905,1500,1500,1391,1498,1897,1500,1897,1115
1783460660.5187,5.3604,0.02014,49.65,269,1824856,0.361,AUTOTUNE,AUTOTUNE,128,2.6801809072494507,0.0,10.0,0.5,0.0,0.0,nan,nan,nan,nan,nan,nan,nan,nan,nan,nan,9.911886591919252,2.7061633555121465,9.839679793572131,0,0,-6.348014831542969,-2.6965019702911377,0.13640743494033813,-0.010199151933193207,-0.005578003358095884,0.013806045055389404,nan,nan,nan,-0.03130541741847992,-0.00513593852519989,-3.136789083480835,-0.0006225852412171662,3135,,nan,24.599,1.01,95,4,23,0.81,895,0.007645987439900637,0.004255035426467657,0.012961843982338905,1500,1500,1391,1498,1897,1500,1897,1115
1783460660.5385,5.3802,0.01979,50.53,270,1824876,0.381,AUTOTUNE,AUTOTUNE,128,2.690119981765747,0.0,10.0,0.5,0.0,0.0,nan,nan,nan,nan,nan,nan,nan,nan,nan,nan,9.920544616098983,2.7075436039110365,9.840050672177346,0,0,-6.347886562347412,-2.69699764251709,0.13626915216445923,-0.00953359343111515,-0.006088713649660349,0.01367175579071045,nan,nan,nan,-0.03131364658474922,-0.00515318289399147,-3.1367950439453125,-0.0004424182407092303,3135,,nan,24.599,1.01,95,4,23,0.81,895,0.007645987439900637,0.004255035426467657,0.012961843982338905,1500,1500,1391,1498,1897,1500,1897,1115
1783460660.5586,5.4001,0.02010,49.75,271,1824896,0.401,AUTOTUNE,AUTOTUNE,128,2.7000519037246704,0.0,10.0,0.5,0.0,0.0,nan,nan,nan,nan,nan,nan,nan,nan,nan,nan,9.930241394523534,2.70797524718979,9.839426660358425,0,0,-6.347917079925537,-2.6972999572753906,0.13634896278381348,-0.009380213916301727,-0.00616338150575757,0.013985950499773026,nan,nan,nan,-0.031335365027189255,-0.005175579339265823,-3.136795997619629,-0.00021892966469749808,3135,,nan,24.599,1.01,95,4,23,0.81,895,0.007299454882740974,0.004584732465445995,0.016994833946228027,1500,1500,1391,1498,1897,1500,1897,1115
1783460660.5784,5.4203,0.01985,50.38,272,1824916,0.421,AUTOTUNE,AUTOTUNE,128,2.710161805152893,0.0,10.0,0.5,0.0,0.0,nan,nan,nan,nan,nan,nan,nan,nan,nan,nan,9.939603154182313,2.708307839149864,9.839509876614926,0,0,-6.347790718078613,-2.6977734565734863,0.1362634301185608,-0.009021229110658169,-0.006082028616219759,0.013987287878990173,nan,nan,nan,-0.031356651335954666,-0.005187848582863808,-3.1367928981781006,0.0001115485283662565,3135,,nan,24.599,1.01,95,4,23,0.81,895,0.007299454882740974,0.004584732465445995,0.016994833946228027,1500,1500,1391,1498,1897,1500,1897,1115
1783460660.5988,5.4404,0.02032,49.22,273,1824936,0.441,AUTOTUNE,AUTOTUNE,128,2.72020423412323,0.0,10.0,0.5,0.0,0.0,nan,nan,nan,nan,nan,nan,nan,nan,nan,nan,9.94947309001156,2.708622137798658,9.839494184745995,0,0,-6.347814559936523,-2.698063611984253,0.1363682746887207,-0.008907875046133995,-0.006095967721194029,0.013935815542936325,nan,nan,nan,-0.031371887773275375,-0.00519702211022377,-3.1367809772491455,0.0005307957762852311,3135,,nan,24.599,1.01,95,4,23,0.81,895,0.007299454882740974,0.004584732465445995,0.016994833946228027,1500,1500,1391,1498,1897,1500,1897,1115
1783460660.6188,5.4604,0.02001,49.97,274,1824956,0.461,AUTOTUNE,AUTOTUNE,128,2.7301896810531616,0.0,10.0,0.5,0.0,0.0,nan,nan,nan,nan,nan,nan,nan,nan,nan,nan,9.958760873235375,2.7095224785810927,9.839572563346898,0,0,-6.347691059112549,-2.6985175609588623,0.13629478216171265,-0.00857638195157051,-0.006353692151606083,0.013932994566857815,nan,nan,nan,-0.0313936285674572,-0.005213240161538124,-3.1367859840393066,-0.0003870867658406496,3135,,nan,24.599,1.01,95,4,23,0.81,895,0.007299454882740974,0.004584732465445995,0.016994833946228027,1500,1500,1391,1498,1897,1500,1897,1115
1783460660.6386,5.4803,0.01984,50.41,275,1824976,0.481,AUTOTUNE,AUTOTUNE,128,2.7401745319366455,0.0,10.0,0.5,0.0,0.0,nan,nan,nan,nan,nan,nan,nan,nan,nan,nan,9.967924542911204,2.7104602408634344,9.839760935873072,0,0,-6.347567081451416,-2.6989612579345703,0.13624292612075806,-0.008173851296305656,-0.006638940889388323,0.013854176737368107,nan,nan,nan,-0.03141534700989723,-0.005227528512477875,-3.136777877807617,0.00046337448293343186,3135,,nan,24.599,1.01,95,4,23,0.81,895,0.007299454882740974,0.004584732465445995,0.016994833946228027,1500,1500,1391,1498,1897,1500,1897,1115
1783460660.6601,5.5005,0.02147,46.58,276,1824996,0.503,AUTOTUNE,AUTOTUNE,128,2.7502301931381226,0.0,10.0,0.5,0.0,0.0,nan,nan,nan,nan,nan,nan,nan,nan,nan,nan,9.977842354477547,2.710848701986588,9.839307858753326,0,0,-6.347588062286377,-2.699248790740967,0.1363704800605774,-0.008082150481641293,-0.006697211880236864,0.01404211763292551,nan,nan,nan,-0.03142642602324486,-0.005233423784375191,-3.1367835998535156,-0.0003515657444950193,3135,,nan,24.592,0.99,95,4,22,0.81,895,0.007299454882740974,0.004584732465445995,0.016994833946228027,1500,1500,1391,1498,1897,1500,1897,1115
1783460660.6785,5.5203,0.01846,54.19,277,1825016,0.521,AUTOTUNE,AUTOTUNE,128,2.7601743936538696,0.0,10.0,0.5,0.0,0.0,nan,nan,nan,nan,nan,nan,nan,nan,nan,nan,9.986885423862441,2.7116605042356925,9.839358572782716,0,0,-6.347468852996826,-2.6996796131134033,0.13636314868927002,-0.007630707696080208,-0.006917170714586973,0.014017070643603802,nan,nan,nan,-0.03143810108304024,-0.005240647122263908,-3.136788845062256,-0.00013991333253215998,3135,,nan,24.592,0.99,95,4,22,0.81,895,0.007299454882740974,0.004584732465445995,0.016994833946228027,1500,1500,1391,1498,1897,1500,1897,1115
1783460660.6991,5.5405,0.02056,48.64,278,1825036,0.542,AUTOTUNE,AUTOTUNE,128,2.7702406644821167,0.0,10.0,0.5,0.0,0.0,nan,nan,nan,nan,nan,nan,nan,nan,nan,nan,9.996680537914774,2.712052385532501,9.839196929347832,0,0,-6.347483158111572,-2.699960231781006,0.13650280237197876,-0.00746589619666338,-0.0069814082235097885,0.01402976643294096,nan,nan,nan,-0.03145083785057068,-0.005251036956906319,-3.1367905139923096,-0.0002699954784475267,3135,,nan,24.592,0.99,95,4,22,0.81,895,0.007299454882740974,0.004584732465445995,0.016994833946228027,1500,1500,1391,1498,1897,1500,1897,1115
1783460660.7188,5.5604,0.01974,50.65,279,1825056,0.561,AUTOTUNE,AUTOTUNE,128,2.7802093029022217,0.0,10.0,0.5,0.0,0.0,nan,nan,nan,nan,nan,nan,nan,nan,nan,nan,10.006171988360212,2.7122662042458243,9.838996343689224,0,0,-6.3473663330078125,-2.700373649597168,0.13662290573120117,-0.007257840596139431,-0.00686616962775588,0.01407623291015625,nan,nan,nan,-0.03145570680499077,-0.005244020372629166,-3.1367762088775635,0.0004073875315953046,3135,,nan,24.592,0.99,95,4,22,0.81,895,0.007299454882740974,0.004584732465445995,0.016994833946228027,1500,1500,1391,1498,1897,1500,1897,1115
1783460660.7385,5.5804,0.01961,50.98,280,1825076,0.581,AUTOTUNE,AUTOTUNE,128,2.790175199508667,0.0,10.0,0.5,0.0,0.0,nan,nan,nan,nan,nan,nan,nan,nan,nan,nan,10.015054345363264,2.713154533239765,9.839182248401572,0,0,-6.347290515899658,-2.700697660446167,0.13632959127426147,-0.006676031742244959,-0.007191978860646486,0.014138245955109596,nan,nan,nan,-0.03146303445100784,-0.005250440910458565,-3.136775255203247,-9.83015343081206e-06,3135,,nan,24.592,0.99,95,4,22,0.81,895,0.007299454882740974,0.004584732465445995,0.016994833946228027,1500,1500,1391,1498,1897,1500,1897,1115
1783460660.7589,5.6005,0.02049,48.80,281,1825096,0.601,AUTOTUNE,AUTOTUNE,128,2.8002450466156006,0.0,10.0,0.5,0.0,0.0,nan,nan,nan,nan,nan,nan,nan,nan,nan,nan,10.0248401713722,2.7139234161821824,9.83934795245418,0,0,-6.347316741943359,-2.700934648513794,0.13634294271469116,-0.006496910471469164,-0.007499068509787321,0.014034868218004704,nan,nan,nan,-0.031476713716983795,-0.0052582938224077225,-3.136772394180298,7.231007475638762e-05,3135,,nan,24.592,0.99,95,4,22,0.81,895,0.007655352354049683,0.003354368032887578,0.010415622033178806,1500,1500,1391,1498,1897,1500,1897,1115
1783460660.7784,5.6203,0.01945,51.41,282,1825116,0.621,AUTOTUNE,AUTOTUNE,128,2.810173511505127,0.0,10.0,0.5,0.0,0.0,nan,nan,nan,nan,nan,nan,nan,nan,nan,nan,10.033909163403761,2.7143960974034123,9.83962005789135,0,0,-6.347227573394775,-2.701258659362793,0.13611453771591187,-0.00605217507109046,-0.007584903389215469,0.014009637758135796,nan,nan,nan,-0.03148460388183594,-0.005277952179312706,-3.1367688179016113,2.9714139600400813e-05,3135,,nan,24.592,0.99,95,4,22,0.81,895,0.007655352354049683,0.003354368032887578,0.010415622033178806,1500,1500,1391,1498,1897,1500,1897,1115
1783460660.7985,5.6404,0.02007,49.83,283,1825136,0.641,AUTOTUNE,AUTOTUNE,128,2.8202110528945923,0.0,10.0,0.5,0.0,0.0,nan,nan,nan,nan,nan,nan,nan,nan,nan,nan,10.04343123481067,2.7144127966063345,9.839461025032556,0,0,-6.34724235534668,-2.7014951705932617,0.13615965843200684,-0.005746033973991871,-0.007457994855940342,0.014075404964387417,nan,nan,nan,-0.031486544758081436,-0.005284614861011505,-3.136763572692871,0.0002503595023881644,3135,,nan,24.592,0.99,95,4,22,0.81,895,0.007655352354049683,0.003354368032887578,0.010415622033178806,1500,1500,1391,1498,1897,1500,1897,1115
1783460660.8183,5.6601,0.01984,50.41,284,1825156,0.661,AUTOTUNE,AUTOTUNE,128,2.8300554752349854,0.0,10.0,0.5,0.0,0.0,nan,nan,nan,nan,nan,nan,nan,nan,nan,nan,10.052755254356105,2.7148399641727776,9.840005781060471,0,0,-6.347146511077881,-2.701810836791992,0.13576650619506836,-0.005500914994627237,-0.0075223702006042,0.01398787647485733,nan,nan,nan,-0.03149568662047386,-0.005280330777168274,-3.1367578506469727,1.1271418770775199e-05,3135,,nan,24.592,0.99,95,4,22,0.81,895,0.007655352354049683,0.003354368032887578,0.010415622033178806,1500,1500,1391,1498,1897,1500,1897,1115
1783460660.8389,5.6805,0.02057,48.62,285,1825176,0.681,AUTOTUNE,AUTOTUNE,128,2.840246081352234,0.0,10.0,0.5,0.0,0.0,nan,nan,nan,nan,nan,nan,nan,nan,nan,nan,10.062266541574335,2.7155513736411594,9.840239156892308,0,0,-6.347052574157715,-2.7021262645721436,0.13543176651000977,-0.0051629445515573025,-0.007750990334898233,0.014046398922801018,nan,nan,nan,-0.031485073268413544,-0.005284234881401062,-3.136760711669922,-0.00010619637032505125,3135,,nan,24.592,0.99,95,4,22,0.81,895,0.007655352354049683,0.003354368032887578,0.010415622033178806,1500,1500,1391,1498,1897,1500,1897,1115
1783460660.8589,5.7003,0.02002,49.96,286,1825196,0.701,AUTOTUNE,AUTOTUNE,128,2.850174903869629,0.0,10.0,0.5,0.0,0.0,nan,nan,nan,nan,nan,nan,nan,nan,nan,nan,10.072146039947409,2.716240679691879,9.840218362633431,0,0,-6.347055912017822,-2.7023611068725586,0.13542228937149048,-0.005132540129125118,-0.008013375103473663,0.014063876122236252,nan,nan,nan,-0.031495485454797745,-0.005288390442728996,-3.1367685794830322,-0.0003974811697844416,3135,,nan,24.592,0.99,95,4,22,0.81,895,0.007655352354049683,0.003354368032887578,0.010415622033178806,1500,1500,1391,1498,1897,1500,1897,1115
1783460660.8785,5.7201,0.01963,50.95,287,1825216,0.721,AUTOTUNE,AUTOTUNE,128,2.8600521087646484,0.0,10.0,0.5,0.0,0.0,nan,nan,nan,nan,nan,nan,nan,nan,nan,nan,10.081566570710848,2.7169046002079424,9.840526301767259,0,0,-6.346960067749023,-2.7026772499084473,0.13515686988830566,-0.004924214910715818,-0.008214164525270462,0.014039327390491962,nan,nan,nan,-0.03149536997079849,-0.005295176059007645,-3.1367716789245605,-0.00038521908572874963,3135,,nan,24.592,0.99,95,4,22,0.81,895,0.007655352354049683,0.003354368032887578,0.010415622033178806,1500,1500,1391,1498,1897,1500,1897,1115
1783460660.8988,5.7404,0.02033,49.19,288,1825236,0.741,AUTOTUNE,AUTOTUNE,128,2.870179057121277,0.0,10.0,0.5,0.0,0.0,nan,nan,nan,nan,nan,nan,nan,nan,nan,nan,10.0914580137094,2.717256508031978,9.840694029230011,0,0,-6.346961498260498,-2.70292067527771,0.1351826786994934,-0.00478741992264986,-0.008276796899735928,0.013927589170634747,nan,nan,nan,-0.031517237424850464,-0.005306702107191086,-3.136765956878662,0.00023972905182745308,3135,,nan,24.592,0.99,95,4,22,0.81,895,0.007655352354049683,0.003354368032887578,0.010415622033178806,1500,1500,1391,1498,1897,1500,1897,1115
1783460660.9185,5.7603,0.01970,50.77,289,1825256,0.761,AUTOTUNE,AUTOTUNE,128,2.8801627159118652,0.0,10.0,0.5,0.0,0.0,nan,nan,nan,nan,nan,nan,nan,nan,nan,nan,10.100939130066052,2.7174604055349647,9.84088724543717,0,0,-6.346863746643066,-2.703233003616333,0.13499945402145386,-0.004553713835775852,-0.00821419432759285,0.013921820558607578,nan,nan,nan,-0.03152106702327728,-0.005312420427799225,-3.13675594329834,0.0004601539403665811,3135,,nan,24.592,0.99,95,4,22,0.81,895,0.007655352354049683,0.003354368032887578,0.010415622033178806,1500,1500,1391,1498,1897,1500,1897,1115
1783460660.9385,5.7804,0.01995,50.14,290,1825276,0.781,AUTOTUNE,AUTOTUNE,128,2.890187978744507,0.0,10.0,0.5,0.0,0.0,nan,nan,nan,nan,nan,nan,nan,nan,nan,nan,10.109069598843213,2.7165671222108103,9.841494039015727,0,0,-6.346513271331787,-2.703035593032837,0.13460105657577515,-0.0036621009930968285,-0.007812432013452053,0.013801502995193005,nan,nan,nan,-0.03152943775057793,-0.005317090079188347,-3.136756658554077,-7.70695332903415e-05,3135,,nan,24.592,0.99,95,4,22,0.81,895,0.007655352354049683,0.003354368032887578,0.010415622033178806,1500,1500,1391,1498,1897,1500,1897,1115
1783460660.9590,5.8005,0.02047,48.85,291,1825296,0.801,AUTOTUNE,AUTOTUNE,128,2.9002493619918823,0.0,10.0,0.5,0.0,0.0,nan,nan,nan,nan,nan,nan,nan,nan,nan,nan,10.118539117316088,2.7164242327408012,9.841910017617993,0,0,-6.346377849578857,-2.7030251026153564,0.13455969095230103,-0.0033985734917223454,-0.007735991384834051,0.013585220091044903,nan,nan,nan,-0.0315418615937233,-0.005306653678417206,-3.136772394180298,-0.0008613573736511171,3135,,nan,24.592,0.99,95,4,22,0.81,895,0.007524386513978243,0.0006576147861778736,0.01871049962937832,1500,1500,1391,1498,1897,1500,1897,1115
1783460660.9783,5.8203,0.01939,51.56,292,1825316,0.821,AUTOTUNE,AUTOTUNE,128,2.9101582765579224,0.0,10.0,0.5,0.0,0.0,nan,nan,nan,nan,nan,nan,nan,nan,nan,nan,10.127497820380277,2.716103634298274,9.842341328401336,0,0,-6.346036434173584,-2.7028634548187256,0.13423198461532593,-0.003047084901481867,-0.007644221186637878,0.013525404036045074,nan,nan,nan,-0.031565725803375244,-0.005296893417835236,-3.1367900371551514,-0.0011974016670137644,3135,,nan,24.592,0.99,95,4,22,0.81,895,0.007524386513978243,0.0006576147861778736,0.01871049962937832,1500,1500,1391,1498,1897,1500,1897,1115
1783460660.9984,5.8404,0.02007,49.82,293,1825336,0.841,AUTOTUNE,AUTOTUNE,128,2.9201828241348267,0.0,10.0,0.5,0.0,0.0,nan,nan,nan,nan,nan,nan,nan,nan,nan,nan,10.13679737270305,2.7158961426536843,9.842305008900782,0,0,-6.3458967208862305,-2.7028656005859375,0.13422071933746338,-0.002709172200411558,-0.007523186970502138,0.013552877120673656,nan,nan,nan,-0.03157768398523331,-0.005294058471918106,-3.1367905139923096,-0.0002771575818769634,3135,,nan,24.592,0.99,95,4,22,0.81,895,0.007524386513978243,0.0006576147861778736,0.01871049962937832,1500,1500,1391,1498,1897,1500,1897,1115
