frame,wall_time,time_s,marker_id,rx,ry,rz,x,y,z,range_m,u_px,v_px
0,1786065106.1593,0.0199,nan,nan,nan,nan,nan,nan,nan,nan,nan,nan
1,1786065106.1733,0.0339,nan,nan,nan,nan,nan,nan,nan,nan,nan,nan
2,1786065106.1988,0.0594,nan,nan,nan,nan,nan,nan,nan,nan,nan,nan
3,1786065106.2184,0.0789,nan,nan,nan,nan,nan,nan,nan,nan,nan,nan
4,1786065106.2392,0.0998,nan,nan,nan,nan,nan,nan,nan,nan,nan,nan
5,1786065106.2605,0.1210,nan,nan,nan,nan,nan,nan,nan,nan,nan,nan
6,1786065106.2798,0.1404,nan,nan,nan,nan,nan,nan,nan,nan,nan,nan
7,1786065106.3003,0.1609,nan,nan,nan,nan,nan,nan,nan,nan,nan,nan
8,1786065106.3214,0.1820,nan,nan,nan,nan,nan,nan,nan,nan,nan,nan
9,1786065106.3430,0.2036,nan,nan,nan,nan,nan,nan,nan,nan,nan,nan
10,1786065106.3624,0.2230,nan,nan,nan,nan,nan,nan,nan,nan,nan,nan
11,1786065106.3836,0.2442,nan,nan,nan,nan,nan,nan,nan,nan,nan,nan
12,1786065106.4056,0.2662,nan,nan,nan,nan,nan,nan,nan,nan,nan,nan
13,1786065106.4255,0.2860,nan,nan,nan,nan,nan,nan,nan,nan,nan,nan
14,1786065106.4473,0.3079,nan,nan,nan,nan,nan,nan,nan,nan,nan,nan
15,1786065106.4678,0.3284,nan,nan,nan,nan,nan,nan,nan,nan,nan,nan
16,1786065106.4885,0.3491,nan,nan,nan,nan,nan,nan,nan,nan,nan,nan
17,1786065106.5093,0.3698,nan,nan,nan,nan,nan,nan,nan,nan,nan,nan
18,1786065106.5309,0.3915,nan,nan,nan,nan,nan,nan,nan,nan,nan,nan
19,1786065106.5505,0.4111,nan,nan,nan,nan,nan,nan,nan,nan,nan,nan
20,1786065106.5721,0.4326,nan,nan,nan,nan,nan,nan,nan,nan,nan,nan
21,1786065106.5929,0.4535,nan,nan,nan,nan,nan,nan,nan,nan,nan,nan
22,1786065106.6133,0.4739,nan,nan,nan,nan,nan,nan,nan,nan,nan,nan
23,1786065106.6347,0.4953,nan,nan,nan,nan,nan,nan,nan,nan,nan,nan
24,1786065106.6548,0.5154,nan,nan,nan,nan,nan,nan,nan,nan,nan,nan
25,1786065106.6746,0.5352,nan,nan,nan,nan,nan,nan,nan,nan,nan,nan
26,1786065106.6970,0.5576,nan,nan,nan,nan,nan,nan,nan,nan,nan,nan
27,1786065106.7175,0.5781,nan,nan,nan,nan,nan,nan,nan,nan,nan,nan
28,1786065106.7380,0.5986,nan,nan,nan,nan,nan,nan,nan,nan,nan,nan
29,1786065106.7596,0.6202,nan,nan,nan,nan,nan,nan,nan,nan,nan,nan
30,1786065106.7812,0.6418,nan,nan,nan,nan,nan,nan,nan,nan,nan,nan
31,1786065106.8014,0.6620,nan,nan,nan,nan,nan,nan,nan,nan,nan,nan
32,1786065106.8232,0.6838,nan,nan,nan,nan,nan,nan,nan,nan,nan,nan
33,1786065106.8433,0.7039,nan,nan,nan,nan,nan,nan,nan,nan,nan,nan
34,1786065106.8636,0.7242,nan,nan,nan,nan,nan,nan,nan,nan,nan,nan
35,1786065106.8840,0.7446,nan,nan,nan,nan,nan,nan,nan,nan,nan,nan
36,1786065106.9202,0.7807,nan,nan,nan,nan,nan,nan,nan,nan,nan,nan
37,1786065106.9278,0.7884,nan,nan,nan,nan,nan,nan,nan,nan,nan,nan
38,1786065106.9599,0.8205,nan,nan,nan,nan,nan,nan,nan,nan,nan,nan
39,1786065106.9767,0.8372,nan,nan,nan,nan,nan,nan,nan,nan,nan,nan
40,1786065106.9953,0.8559,nan,nan,nan,nan,nan,nan,nan,nan,nan,nan
41,1786065107.0138,0.8744,nan,nan,nan,nan,nan,nan,nan,nan,nan,nan
42,1786065107.0414,0.9020,nan,nan,nan,nan,nan,nan,nan,nan,nan,nan
43,1786065107.0580,0.9186,nan,nan,nan,nan,nan,nan,nan,nan,nan,nan
44,1786065107.0783,0.9389,nan,nan,nan,nan,nan,nan,nan,nan,nan,nan
45,1786065107.0975,0.9581,nan,nan,nan,nan,nan,nan,nan,nan,nan,nan
46,1786065107.1179,0.9784,nan,nan,nan,nan,nan,nan,nan,nan,nan,nan
47,1786065107.1496,1.0102,nan,nan,nan,nan,nan,nan,nan,nan,nan,nan
48,1786065107.1610,1.0216,nan,nan,nan,nan,nan,nan,nan,nan,nan,nan
49,1786065107.1809,1.0415,nan,nan,nan,nan,nan,nan,nan,nan,nan,nan
50,1786065107.2114,1.0719,nan,nan,nan,nan,nan,nan,nan,nan,nan,nan
51,1786065107.2249,1.0855,nan,nan,nan,nan,nan,nan,nan,nan,nan,nan
52,1786065107.2429,1.1035,nan,nan,nan,nan,nan,nan,nan,nan,nan,nan
53,1786065107.2639,1.1244,nan,nan,nan,nan,nan,nan,nan,nan,nan,nan
54,1786065107.2846,1.1452,nan,nan,nan,nan,nan,nan,nan,nan,nan,nan
55,1786065107.3059,1.1665,nan,nan,nan,nan,nan,nan,nan,nan,nan,nan
56,1786065107.3263,1.1869,nan,nan,nan,nan,nan,nan,nan,nan,nan,nan
57,1786065107.3470,1.2076,nan,nan,nan,nan,nan,nan,nan,nan,nan,nan
58,1786065107.3683,1.2289,nan,nan,nan,nan,nan,nan,nan,nan,nan,nan
59,1786065107.3891,1.2497,nan,nan,nan,nan,nan,nan,nan,nan,nan,nan
60,1786065107.4108,1.2714,nan,nan,nan,nan,nan,nan,nan,nan,nan,nan
61,1786065107.4540,1.3146,nan,nan,nan,nan,nan,nan,nan,nan,nan,nan
62,1786065107.4657,1.3263,nan,nan,nan,nan,nan,nan,nan,nan,nan,nan
63,1786065107.4770,1.3376,nan,nan,nan,nan,nan,nan,nan,nan,nan,nan
64,1786065107.4909,1.3515,nan,nan,nan,nan,nan,nan,nan,nan,nan,nan
65,1786065107.5155,1.3761,nan,nan,nan,nan,nan,nan,nan,nan,nan,nan
66,1786065107.5359,1.3965,nan,nan,nan,nan,nan,nan,nan,nan,nan,nan
67,1786065107.5560,1.4166,nan,nan,nan,nan,nan,nan,nan,nan,nan,nan
68,1786065107.5773,1.4379,nan,nan,nan,nan,nan,nan,nan,nan,nan,nan
69,1786065107.5982,1.4588,nan,nan,nan,nan,nan,nan,nan,nan,nan,nan
70,1786065107.6170,1.4776,nan,nan,nan,nan,nan,nan,nan,nan,nan,nan
71,1786065107.6394,1.5000,nan,nan,nan,nan,nan,nan,nan,nan,nan,nan
72,1786065107.6577,1.5183,nan,nan,nan,nan,nan,nan,nan,nan,nan,nan
73,1786065107.6758,1.5363,nan,nan,nan,nan,nan,nan,nan,nan,nan,nan
74,1786065107.6993,1.5599,nan,nan,nan,nan,nan,nan,nan,nan,nan,nan
75,1786065107.7302,1.5908,nan,nan,nan,nan,nan,nan,nan,nan,nan,nan
76,1786065107.7410,1.6016,nan,nan,nan,nan,nan,nan,nan,nan,nan,nan
77,1786065107.7570,1.6176,nan,nan,nan,nan,nan,nan,nan,nan,nan,nan
78,1786065107.7783,1.6389,nan,nan,nan,nan,nan,nan,nan,nan,nan,nan
79,1786065107.7979,1.6585,nan,nan,nan,nan,nan,nan,nan,nan,nan,nan
80,1786065107.8188,1.6794,nan,nan,nan,nan,nan,nan,nan,nan,nan,nan
81,1786065107.8404,1.7010,nan,nan,nan,nan,nan,nan,nan,nan,nan,nan
82,1786065107.8626,1.7232,nan,nan,nan,nan,nan,nan,nan,nan,nan,nan
83,1786065107.8869,1.7475,nan,nan,nan,nan,nan,nan,nan,nan,nan,nan
84,1786065107.9042,1.7648,nan,nan,nan,nan,nan,nan,nan,nan,nan,nan
85,1786065107.9236,1.7842,nan,nan,nan,nan,nan,nan,nan,nan,nan,nan
86,1786065107.9457,1.8063,nan,nan,nan,nan,nan,nan,nan,nan,nan,nan
87,1786065107.9660,1.8266,nan,nan,nan,nan,nan,nan,nan,nan,nan,nan
88,1786065107.9873,1.8479,nan,nan,nan,nan,nan,nan,nan,nan,nan,nan
89,1786065108.0097,1.8703,nan,nan,nan,nan,nan,nan,nan,nan,nan,nan
90,1786065108.0264,1.8870,nan,nan,nan,nan,nan,nan,nan,nan,nan,nan
91,1786065108.0497,1.9103,nan,nan,nan,nan,nan,nan,nan,nan,nan,nan
92,1786065108.0694,1.9300,nan,nan,nan,nan,nan,nan,nan,nan,nan,nan
93,1786065108.0911,1.9517,nan,nan,nan,nan,nan,nan,nan,nan,nan,nan
94,1786065108.1124,1.9730,nan,nan,nan,nan,nan,nan,nan,nan,nan,nan
95,1786065108.1328,1.9934,nan,nan,nan,nan,nan,nan,nan,nan,nan,nan
96,1786065108.1585,2.0191,nan,nan,nan,nan,nan,nan,nan,nan,nan,nan
97,1786065108.1749,2.0355,nan,nan,nan,nan,nan,nan,nan,nan,nan,nan
98,1786065108.1950,2.0556,nan,nan,nan,nan,nan,nan,nan,nan,nan,nan
99,1786065108.2209,2.0815,nan,nan,nan,nan,nan,nan,nan,nan,nan,nan
100,1786065108.2382,2.0988,nan,nan,nan,nan,nan,nan,nan,nan,nan,nan
101,1786065108.2581,2.1187,nan,nan,nan,nan,nan,nan,nan,nan,nan,nan
102,1786065108.2781,2.1387,nan,nan,nan,nan,nan,nan,nan,nan,nan,nan
103,1786065108.3000,2.1606,nan,nan,nan,nan,nan,nan,nan,nan,nan,nan
104,1786065108.3191,2.1797,nan,nan,nan,nan,nan,nan,nan,nan,nan,nan
105,1786065108.3418,2.2023,nan,nan,nan,nan,nan,nan,nan,nan,nan,nan
106,1786065108.3621,2.2226,nan,nan,nan,nan,nan,nan,nan,nan,nan,nan
107,1786065108.3826,2.2432,nan,nan,nan,nan,nan,nan,nan,nan,nan,nan
108,1786065108.4042,2.2648,nan,nan,nan,nan,nan,nan,nan,nan,nan,nan
109,1786065108.4233,2.2839,nan,nan,nan,nan,nan,nan,nan,nan,nan,nan
110,1786065108.4497,2.3103,nan,nan,nan,nan,nan,nan,nan,nan,nan,nan
111,1786065108.4751,2.3357,nan,nan,nan,nan,nan,nan,nan,nan,nan,nan
112,1786065108.4956,2.3562,nan,nan,nan,nan,nan,nan,nan,nan,nan,nan
113,1786065108.5156,2.3761,nan,nan,nan,nan,nan,nan,nan,nan,nan,nan
114,1786065108.5356,2.3961,nan,nan,nan,nan,nan,nan,nan,nan,nan,nan
115,1786065108.5568,2.4173,nan,nan,nan,nan,nan,nan,nan,nan,nan,nan
116,1786065108.5772,2.4377,nan,nan,nan,nan,nan,nan,nan,nan,nan,nan
117,1786065108.5980,2.4586,nan,nan,nan,nan,nan,nan,nan,nan,nan,nan
118,1786065108.6186,2.4792,nan,nan,nan,nan,nan,nan,nan,nan,nan,nan
119,1786065108.6389,2.4995,nan,nan,nan,nan,nan,nan,nan,nan,nan,nan
120,1786065108.6604,2.5210,nan,nan,nan,nan,nan,nan,nan,nan,nan,nan
121,1786065108.6826,2.5432,nan,nan,nan,nan,nan,nan,nan,nan,nan,nan
122,1786065108.7157,2.5763,nan,nan,nan,nan,nan,nan,nan,nan,nan,nan
123,1786065108.7257,2.5863,nan,nan,nan,nan,nan,nan,nan,nan,nan,nan
124,1786065108.7472,2.6078,nan,nan,nan,nan,nan,nan,nan,nan,nan,nan
125,1786065108.7664,2.6270,nan,nan,nan,nan,nan,nan,nan,nan,nan,nan
126,1786065108.7876,2.6482,nan,nan,nan,nan,nan,nan,nan,nan,nan,nan
127,1786065108.8134,2.6740,nan,nan,nan,nan,nan,nan,nan,nan,nan,nan
128,1786065108.8249,2.6855,nan,nan,nan,nan,nan,nan,nan,nan,nan,nan
129,1786065108.8452,2.7058,nan,nan,nan,nan,nan,nan,nan,nan,nan,nan
130,1786065108.8687,2.7293,nan,nan,nan,nan,nan,nan,nan,nan,nan,nan
131,1786065108.8874,2.7480,nan,nan,nan,nan,nan,nan,nan,nan,nan,nan
132,1786065108.9112,2.7718,nan,nan,nan,nan,nan,nan,nan,nan,nan,nan
133,1786065108.9350,2.7956,nan,nan,nan,nan,nan,nan,nan,nan,nan,nan
134,1786065108.9509,2.8115,nan,nan,nan,nan,nan,nan,nan,nan,nan,nan
135,1786065108.9723,2.8329,nan,nan,nan,nan,nan,nan,nan,nan,nan,nan
136,1786065109.0042,2.8648,nan,nan,nan,nan,nan,nan,nan,nan,nan,nan
137,1786065109.0221,2.8827,nan,nan,nan,nan,nan,nan,nan,nan,nan,nan
138,1786065109.0392,2.8998,nan,nan,nan,nan,nan,nan,nan,nan,nan,nan
139,1786065109.0594,2.9199,nan,nan,nan,nan,nan,nan,nan,nan,nan,nan
140,1786065109.0755,2.9361,nan,nan,nan,nan,nan,nan,nan,nan,nan,nan
141,1786065109.0933,2.9539,nan,nan,nan,nan,nan,nan,nan,nan,nan,nan
142,1786065109.1149,2.9755,nan,nan,nan,nan,nan,nan,nan,nan,nan,nan
143,1786065109.1420,3.0026,nan,nan,nan,nan,nan,nan,nan,nan,nan,nan
144,1786065109.1631,3.0236,nan,nan,nan,nan,nan,nan,nan,nan,nan,nan
145,1786065109.1779,3.0385,nan,nan,nan,nan,nan,nan,nan,nan,nan,nan
146,1786065109.2017,3.0623,nan,nan,nan,nan,nan,nan,nan,nan,nan,nan
147,1786065109.2202,3.0808,nan,nan,nan,nan,nan,nan,nan,nan,nan,nan
148,1786065109.2458,3.1063,nan,nan,nan,nan,nan,nan,nan,nan,nan,nan
149,1786065109.2685,3.1291,nan,nan,nan,nan,nan,nan,nan,nan,nan,nan
150,1786065109.2855,3.1461,nan,nan,nan,nan,nan,nan,nan,nan,nan,nan
151,1786065109.3073,3.1678,nan,nan,nan,nan,nan,nan,nan,nan,nan,nan
152,1786065109.3301,3.1907,nan,nan,nan,nan,nan,nan,nan,nan,nan,nan
153,1786065109.3490,3.2096,nan,nan,nan,nan,nan,nan,nan,nan,nan,nan
154,1786065109.3688,3.2294,nan,nan,nan,nan,nan,nan,nan,nan,nan,nan
155,1786065109.3908,3.2513,nan,nan,nan,nan,nan,nan,nan,nan,nan,nan
156,1786065109.4107,3.2712,nan,nan,nan,nan,nan,nan,nan,nan,nan,nan
157,1786065109.4319,3.2925,nan,nan,nan,nan,nan,nan,nan,nan,nan,nan
158,1786065109.4523,3.3128,nan,nan,nan,nan,nan,nan,nan,nan,nan,nan
159,1786065109.4738,3.3344,nan,nan,nan,nan,nan,nan,nan,nan,nan,nan
160,1786065109.4948,3.3554,nan,nan,nan,nan,nan,nan,nan,nan,nan,nan
161,1786065109.5155,3.3761,nan,nan,nan,nan,nan,nan,nan,nan,nan,nan
162,1786065109.5367,3.3973,nan,nan,nan,nan,nan,nan,nan,nan,nan,nan
163,1786065109.5571,3.4176,nan,nan,nan,nan,nan,nan,nan,nan,nan,nan
164,1786065109.5772,3.4378,nan,nan,nan,nan,nan,nan,nan,nan,nan,nan
165,1786065109.6000,3.4606,nan,nan,nan,nan,nan,nan,nan,nan,nan,nan
166,1786065109.6159,3.4765,nan,nan,nan,nan,nan,nan,nan,nan,nan,nan
167,1786065109.6360,3.4965,nan,nan,nan,nan,nan,nan,nan,nan,nan,nan
168,1786065109.6567,3.5172,nan,nan,nan,nan,nan,nan,nan,nan,nan,nan
169,1786065109.6772,3.5378,nan,nan,nan,nan,nan,nan,nan,nan,nan,nan
170,1786065109.6987,3.5593,nan,nan,nan,nan,nan,nan,nan,nan,nan,nan
171,1786065109.7199,3.5805,nan,nan,nan,nan,nan,nan,nan,nan,nan,nan
172,1786065109.7437,3.6043,nan,nan,nan,nan,nan,nan,nan,nan,nan,nan
173,1786065109.7621,3.6226,nan,nan,nan,nan,nan,nan,nan,nan,nan,nan
174,1786065109.7822,3.6428,nan,nan,nan,nan,nan,nan,nan,nan,nan,nan
175,1786065109.8032,3.6637,nan,nan,nan,nan,nan,nan,nan,nan,nan,nan
176,1786065109.8272,3.6878,nan,nan,nan,nan,nan,nan,nan,nan,nan,nan
177,1786065109.8443,3.7049,nan,nan,nan,nan,nan,nan,nan,nan,nan,nan
178,1786065109.8692,3.7298,nan,nan,nan,nan,nan,nan,nan,nan,nan,nan
179,1786065109.8892,3.7498,nan,nan,nan,nan,nan,nan,nan,nan,nan,nan
180,1786065109.9126,3.7732,nan,nan,nan,nan,nan,nan,nan,nan,nan,nan
181,1786065109.9301,3.7907,nan,nan,nan,nan,nan,nan,nan,nan,nan,nan
182,1786065109.9509,3.8114,nan,nan,nan,nan,nan,nan,nan,nan,nan,nan
183,1786065109.9710,3.8316,nan,nan,nan,nan,nan,nan,nan,nan,nan,nan
184,1786065109.9917,3.8523,nan,nan,nan,nan,nan,nan,nan,nan,nan,nan
185,1786065110.0150,3.8756,nan,nan,nan,nan,nan,nan,nan,nan,nan,nan
186,1786065110.0333,3.8939,nan,nan,nan,nan,nan,nan,nan,nan,nan,nan
187,1786065110.0533,3.9139,nan,nan,nan,nan,nan,nan,nan,nan,nan,nan
188,1786065110.0792,3.9398,nan,nan,nan,nan,nan,nan,nan,nan,nan,nan
189,1786065110.0983,3.9589,nan,nan,nan,nan,nan,nan,nan,nan,nan,nan
190,1786065110.1155,3.9761,nan,nan,nan,nan,nan,nan,nan,nan,nan,nan
191,1786065110.1399,4.0005,nan,nan,nan,nan,nan,nan,nan,nan,nan,nan
192,1786065110.1619,4.0225,nan,nan,nan,nan,nan,nan,nan,nan,nan,nan
193,1786065110.1822,4.0428,nan,nan,nan,nan,nan,nan,nan,nan,nan,nan
194,1786065110.2002,4.0608,nan,nan,nan,nan,nan,nan,nan,nan,nan,nan
195,1786065110.2240,4.0845,nan,nan,nan,nan,nan,nan,nan,nan,nan,nan
196,1786065110.2516,4.1121,nan,nan,nan,nan,nan,nan,nan,nan,nan,nan
197,1786065110.2619,4.1225,nan,nan,nan,nan,nan,nan,nan,nan,nan,nan
198,1786065110.2828,4.1434,nan,nan,nan,nan,nan,nan,nan,nan,nan,nan
199,1786065110.3060,4.1666,nan,nan,nan,nan,nan,nan,nan,nan,nan,nan
200,1786065110.3278,4.1883,nan,nan,nan,nan,nan,nan,nan,nan,nan,nan
201,1786065110.3479,4.2085,nan,nan,nan,nan,nan,nan,nan,nan,nan,nan
202,1786065110.3683,4.2289,nan,nan,nan,nan,nan,nan,nan,nan,nan,nan
203,1786065110.3863,4.2469,nan,nan,nan,nan,nan,nan,nan,nan,nan,nan
204,1786065110.4113,4.2719,nan,nan,nan,nan,nan,nan,nan,nan,nan,nan
205,1786065110.4469,4.3075,nan,nan,nan,nan,nan,nan,nan,nan,nan,nan
206,1786065110.4585,4.3190,nan,nan,nan,nan,nan,nan,nan,nan,nan,nan
207,1786065110.4738,4.3344,nan,nan,nan,nan,nan,nan,nan,nan,nan,nan
208,1786065110.5035,4.3641,nan,nan,nan,nan,nan,nan,nan,nan,nan,nan
209,1786065110.5117,4.3722,nan,nan,nan,nan,nan,nan,nan,nan,nan,nan
210,1786065110.5266,4.3872,nan,nan,nan,nan,nan,nan,nan,nan,nan,nan
211,1786065110.5513,4.4119,nan,nan,nan,nan,nan,nan,nan,nan,nan,nan
212,1786065110.5728,4.4334,nan,nan,nan,nan,nan,nan,nan,nan,nan,nan
213,1786065110.5941,4.4547,nan,nan,nan,nan,nan,nan,nan,nan,nan,nan
214,1786065110.6120,4.4726,nan,nan,nan,nan,nan,nan,nan,nan,nan,nan
215,1786065110.6335,4.4941,nan,nan,nan,nan,nan,nan,nan,nan,nan,nan
216,1786065110.6559,4.5164,nan,nan,nan,nan,nan,nan,nan,nan,nan,nan
217,1786065110.6755,4.5361,nan,nan,nan,nan,nan,nan,nan,nan,nan,nan
218,1786065110.6960,4.5566,nan,nan,nan,nan,nan,nan,nan,nan,nan,nan
219,1786065110.7192,4.5798,nan,nan,nan,nan,nan,nan,nan,nan,nan,nan
220,1786065110.7372,4.5978,nan,nan,nan,nan,nan,nan,nan,nan,nan,nan
221,1786065110.7696,4.6302,nan,nan,nan,nan,nan,nan,nan,nan,nan,nan
222,1786065110.7818,4.6424,nan,nan,nan,nan,nan,nan,nan,nan,nan,nan
223,1786065110.7996,4.6602,nan,nan,nan,nan,nan,nan,nan,nan,nan,nan
224,1786065110.8257,4.6863,nan,nan,nan,nan,nan,nan,nan,nan,nan,nan
225,1786065110.8439,4.7045,nan,nan,nan,nan,nan,nan,nan,nan,nan,nan
226,1786065110.8647,4.7253,nan,nan,nan,nan,nan,nan,nan,nan,nan,nan
227,1786065110.8834,4.7440,nan,nan,nan,nan,nan,nan,nan,nan,nan,nan
228,1786065110.9144,4.7750,nan,nan,nan,nan,nan,nan,nan,nan,nan,nan
229,1786065110.9281,4.7887,nan,nan,nan,nan,nan,nan,nan,nan,nan,nan
230,1786065110.9472,4.8077,nan,nan,nan,nan,nan,nan,nan,nan,nan,nan
231,1786065110.9748,4.8353,nan,nan,nan,nan,nan,nan,nan,nan,nan,nan
232,1786065110.9971,4.8577,nan,nan,nan,nan,nan,nan,nan,nan,nan,nan
233,1786065111.0092,4.8698,nan,nan,nan,nan,nan,nan,nan,nan,nan,nan
234,1786065111.0404,4.9010,nan,nan,nan,nan,nan,nan,nan,nan,nan,nan
235,1786065111.0541,4.9147,nan,nan,nan,nan,nan,nan,nan,nan,nan,nan
236,1786065111.0752,4.9358,nan,nan,nan,nan,nan,nan,nan,nan,nan,nan
237,1786065111.0912,4.9518,nan,nan,nan,nan,nan,nan,nan,nan,nan,nan
238,1786065111.1164,4.9770,nan,nan,nan,nan,nan,nan,nan,nan,nan,nan
239,1786065111.1344,4.9950,nan,nan,nan,nan,nan,nan,nan,nan,nan,nan
240,1786065111.1567,5.0173,nan,nan,nan,nan,nan,nan,nan,nan,nan,nan
241,1786065111.1743,5.0349,nan,nan,nan,nan,nan,nan,nan,nan,nan,nan
242,1786065111.1984,5.0590,nan,nan,nan,nan,nan,nan,nan,nan,nan,nan
243,1786065111.2285,5.0891,nan,nan,nan,nan,nan,nan,nan,nan,nan,nan
244,1786065111.2451,5.1056,nan,nan,nan,nan,nan,nan,nan,nan,nan,nan
245,1786065111.2576,5.1182,nan,nan,nan,nan,nan,nan,nan,nan,nan,nan
246,1786065111.2805,5.1411,nan,nan,nan,nan,nan,nan,nan,nan,nan,nan
247,1786065111.3055,5.1661,nan,nan,nan,nan,nan,nan,nan,nan,nan,nan
248,1786065111.3239,5.1845,nan,nan,nan,nan,nan,nan,nan,nan,nan,nan
249,1786065111.3447,5.2053,nan,nan,nan,nan,nan,nan,nan,nan,nan,nan
250,1786065111.3665,5.2271,nan,nan,nan,nan,nan,nan,nan,nan,nan,nan
251,1786065111.3992,5.2598,nan,nan,nan,nan,nan,nan,nan,nan,nan,nan
252,1786065111.4123,5.2729,nan,nan,nan,nan,nan,nan,nan,nan,nan,nan
253,1786065111.4269,5.2875,nan,nan,nan,nan,nan,nan,nan,nan,nan,nan
254,1786065111.4469,5.3075,nan,nan,nan,nan,nan,nan,nan,nan,nan,nan
255,1786065111.4680,5.3286,nan,nan,nan,nan,nan,nan,nan,nan,nan,nan
256,1786065111.4886,5.3492,nan,nan,nan,nan,nan,nan,nan,nan,nan,nan
257,1786065111.5085,5.3691,nan,nan,nan,nan,nan,nan,nan,nan,nan,nan
258,1786065111.5341,5.3947,nan,nan,nan,nan,nan,nan,nan,nan,nan,nan
259,1786065111.5532,5.4137,nan,nan,nan,nan,nan,nan,nan,nan,nan,nan
260,1786065111.5742,5.4348,nan,nan,nan,nan,nan,nan,nan,nan,nan,nan
261,1786065111.5970,5.4576,nan,nan,nan,nan,nan,nan,nan,nan,nan,nan
262,1786065111.6135,5.4741,nan,nan,nan,nan,nan,nan,nan,nan,nan,nan
263,1786065111.6449,5.5055,nan,nan,nan,nan,nan,nan,nan,nan,nan,nan
264,1786065111.6571,5.5177,nan,nan,nan,nan,nan,nan,nan,nan,nan,nan
265,1786065111.6801,5.5407,nan,nan,nan,nan,nan,nan,nan,nan,nan,nan
266,1786065111.6976,5.5582,nan,nan,nan,nan,nan,nan,nan,nan,nan,nan
267,1786065111.7195,5.5801,nan,nan,nan,nan,nan,nan,nan,nan,nan,nan
268,1786065111.7420,5.6026,nan,nan,nan,nan,nan,nan,nan,nan,nan,nan
269,1786065111.7629,5.6235,nan,nan,nan,nan,nan,nan,nan,nan,nan,nan
270,1786065111.7961,5.6567,nan,nan,nan,nan,nan,nan,nan,nan,nan,nan
271,1786065111.8037,5.6643,nan,nan,nan,nan,nan,nan,nan,nan,nan,nan
272,1786065111.8202,5.6808,nan,nan,nan,nan,nan,nan,nan,nan,nan,nan
273,1786065111.8405,5.7011,nan,nan,nan,nan,nan,nan,nan,nan,nan,nan
274,1786065111.8627,5.7233,nan,nan,nan,nan,nan,nan,nan,nan,nan,nan
275,1786065111.8852,5.7458,nan,nan,nan,nan,nan,nan,nan,nan,nan,nan
276,1786065111.9075,5.7681,nan,nan,nan,nan,nan,nan,nan,nan,nan,nan
277,1786065111.9257,5.7863,nan,nan,nan,nan,nan,nan,nan,nan,nan,nan
278,1786065111.9473,5.8079,nan,nan,nan,nan,nan,nan,nan,nan,nan,nan
279,1786065111.9681,5.8287,nan,nan,nan,nan,nan,nan,nan,nan,nan,nan
280,1786065111.9912,5.8517,nan,nan,nan,nan,nan,nan,nan,nan,nan,nan
281,1786065112.0136,5.8742,nan,nan,nan,nan,nan,nan,nan,nan,nan,nan
282,1786065112.0303,5.8909,nan,nan,nan,nan,nan,nan,nan,nan,nan,nan
283,1786065112.0516,5.9122,nan,nan,nan,nan,nan,nan,nan,nan,nan,nan
284,1786065112.0840,5.9446,nan,nan,nan,nan,nan,nan,nan,nan,nan,nan
285,1786065112.1011,5.9616,nan,nan,nan,nan,nan,nan,nan,nan,nan,nan
286,1786065112.1249,5.9855,nan,nan,nan,nan,nan,nan,nan,nan,nan,nan
287,1786065112.1376,5.9982,nan,nan,nan,nan,nan,nan,nan,nan,nan,nan
288,1786065112.1541,6.0146,nan,nan,nan,nan,nan,nan,nan,nan,nan,nan
289,1786065112.1749,6.0355,nan,nan,nan,nan,nan,nan,nan,nan,nan,nan
290,1786065112.2001,6.0607,nan,nan,nan,nan,nan,nan,nan,nan,nan,nan
291,1786065112.2163,6.0769,nan,nan,nan,nan,nan,nan,nan,nan,nan,nan
292,1786065112.2519,6.1125,nan,nan,nan,nan,nan,nan,nan,nan,nan,nan
293,1786065112.2651,6.1257,nan,nan,nan,nan,nan,nan,nan,nan,nan,nan
294,1786065112.2815,6.1421,nan,nan,nan,nan,nan,nan,nan,nan,nan,nan
295,1786065112.3004,6.1609,nan,nan,nan,nan,nan,nan,nan,nan,nan,nan
296,1786065112.3259,6.1865,nan,nan,nan,nan,nan,nan,nan,nan,nan,nan
297,1786065112.3479,6.2085,nan,nan,nan,nan,nan,nan,nan,nan,nan,nan
298,1786065112.3639,6.2245,nan,nan,nan,nan,nan,nan,nan,nan,nan,nan
299,1786065112.3881,6.2487,nan,nan,nan,nan,nan,nan,nan,nan,nan,nan
300,1786065112.4073,6.2679,nan,nan,nan,nan,nan,nan,nan,nan,nan,nan
301,1786065112.4316,6.2922,nan,nan,nan,nan,nan,nan,nan,nan,nan,nan
302,1786065112.4500,6.3106,nan,nan,nan,nan,nan,nan,nan,nan,nan,nan
303,1786065112.4708,6.3314,nan,nan,nan,nan,nan,nan,nan,nan,nan,nan
304,1786065112.4897,6.3503,nan,nan,nan,nan,nan,nan,nan,nan,nan,nan
305,1786065112.5093,6.3699,nan,nan,nan,nan,nan,nan,nan,nan,nan,nan
306,1786065112.5308,6.3914,nan,nan,nan,nan,nan,nan,nan,nan,nan,nan
307,1786065112.5551,6.4156,nan,nan,nan,nan,nan,nan,nan,nan,nan,nan
308,1786065112.5738,6.4344,nan,nan,nan,nan,nan,nan,nan,nan,nan,nan
309,1786065112.5936,6.4541,nan,nan,nan,nan,nan,nan,nan,nan,nan,nan
310,1786065112.6125,6.4730,nan,nan,nan,nan,nan,nan,nan,nan,nan,nan
311,1786065112.6365,6.4971,nan,nan,nan,nan,nan,nan,nan,nan,nan,nan
312,1786065112.6564,6.5169,nan,nan,nan,nan,nan,nan,nan,nan,nan,nan
313,1786065112.6779,6.5385,nan,nan,nan,nan,nan,nan,nan,nan,nan,nan
314,1786065112.6994,6.5600,nan,nan,nan,nan,nan,nan,nan,nan,nan,nan
315,1786065112.7218,6.5824,nan,nan,nan,nan,nan,nan,nan,nan,nan,nan
316,1786065112.7440,6.6046,nan,nan,nan,nan,nan,nan,nan,nan,nan,nan
317,1786065112.7655,6.6261,nan,nan,nan,nan,nan,nan,nan,nan,nan,nan
318,1786065112.7827,6.6433,nan,nan,nan,nan,nan,nan,nan,nan,nan,nan
319,1786065112.8029,6.6635,nan,nan,nan,nan,nan,nan,nan,nan,nan,nan
320,1786065112.8288,6.6894,nan,nan,nan,nan,nan,nan,nan,nan,nan,nan
321,1786065112.8450,6.7055,nan,nan,nan,nan,nan,nan,nan,nan,nan,nan
322,1786065112.8695,6.7301,nan,nan,nan,nan,nan,nan,nan,nan,nan,nan
323,1786065112.8879,6.7485,nan,nan,nan,nan,nan,nan,nan,nan,nan,nan
324,1786065112.9066,6.7672,nan,nan,nan,nan,nan,nan,nan,nan,nan,nan
325,1786065112.9277,6.7883,nan,nan,nan,nan,nan,nan,nan,nan,nan,nan
326,1786065112.9489,6.8095,nan,nan,nan,nan,nan,nan,nan,nan,nan,nan
327,1786065112.9692,6.8298,nan,nan,nan,nan,nan,nan,nan,nan,nan,nan
328,1786065112.9918,6.8524,nan,nan,nan,nan,nan,nan,nan,nan,nan,nan
329,1786065113.0114,6.8720,nan,nan,nan,nan,nan,nan,nan,nan,nan,nan
330,1786065113.0322,6.8928,nan,nan,nan,nan,nan,nan,nan,nan,nan,nan
331,1786065113.0535,6.9141,nan,nan,nan,nan,nan,nan,nan,nan,nan,nan
332,1786065113.0775,6.9381,nan,nan,nan,nan,nan,nan,nan,nan,nan,nan
333,1786065113.0939,6.9545,nan,nan,nan,nan,nan,nan,nan,nan,nan,nan
334,1786065113.1198,6.9803,nan,nan,nan,nan,nan,nan,nan,nan,nan,nan
335,1786065113.1363,6.9969,nan,nan,nan,nan,nan,nan,nan,nan,nan,nan
336,1786065113.1578,7.0184,nan,nan,nan,nan,nan,nan,nan,nan,nan,nan
337,1786065113.1819,7.0425,nan,nan,nan,nan,nan,nan,nan,nan,nan,nan
338,1786065113.1998,7.0604,nan,nan,nan,nan,nan,nan,nan,nan,nan,nan
339,1786065113.2204,7.0810,nan,nan,nan,nan,nan,nan,nan,nan,nan,nan
340,1786065113.2568,7.1174,nan,nan,nan,nan,nan,nan,nan,nan,nan,nan
341,1786065113.2673,7.1279,nan,nan,nan,nan,nan,nan,nan,nan,nan,nan
342,1786065113.2864,7.1470,nan,nan,nan,nan,nan,nan,nan,nan,nan,nan
343,1786065113.3077,7.1683,nan,nan,nan,nan,nan,nan,nan,nan,nan,nan
344,1786065113.3332,7.1938,nan,nan,nan,nan,nan,nan,nan,nan,nan,nan
345,1786065113.3473,7.2079,nan,nan,nan,nan,nan,nan,nan,nan,nan,nan
346,1786065113.3670,7.2276,nan,nan,nan,nan,nan,nan,nan,nan,nan,nan
347,1786065113.3989,7.2594,nan,nan,nan,nan,nan,nan,nan,nan,nan,nan
348,1786065113.4073,7.2678,nan,nan,nan,nan,nan,nan,nan,nan,nan,nan
349,1786065113.4388,7.2994,nan,nan,nan,nan,nan,nan,nan,nan,nan,nan
350,1786065113.4511,7.3117,nan,nan,nan,nan,nan,nan,nan,nan,nan,nan
351,1786065113.4711,7.3317,nan,nan,nan,nan,nan,nan,nan,nan,nan,nan
352,1786065113.5011,7.3617,nan,nan,nan,nan,nan,nan,nan,nan,nan,nan
353,1786065113.5113,7.3719,nan,nan,nan,nan,nan,nan,nan,nan,nan,nan
354,1786065113.5327,7.3932,nan,nan,nan,nan,nan,nan,nan,nan,nan,nan
355,1786065113.5540,7.4146,nan,nan,nan,nan,nan,nan,nan,nan,nan,nan
356,1786065113.5744,7.4350,nan,nan,nan,nan,nan,nan,nan,nan,nan,nan
357,1786065113.5968,7.4574,nan,nan,nan,nan,nan,nan,nan,nan,nan,nan
358,1786065113.6259,7.4864,nan,nan,nan,nan,nan,nan,nan,nan,nan,nan
359,1786065113.6373,7.4978,nan,nan,nan,nan,nan,nan,nan,nan,nan,nan
360,1786065113.6579,7.5184,nan,nan,nan,nan,nan,nan,nan,nan,nan,nan
361,1786065113.6812,7.5418,nan,nan,nan,nan,nan,nan,nan,nan,nan,nan
362,1786065113.7019,7.5624,nan,nan,nan,nan,nan,nan,nan,nan,nan,nan
363,1786065113.7354,7.5959,nan,nan,nan,nan,nan,nan,nan,nan,nan,nan
364,1786065113.7446,7.6052,nan,nan,nan,nan,nan,nan,nan,nan,nan,nan
365,1786065113.7632,7.6238,nan,nan,nan,nan,nan,nan,nan,nan,nan,nan
366,1786065113.7836,7.6442,nan,nan,nan,nan,nan,nan,nan,nan,nan,nan
367,1786065113.8059,7.6665,nan,nan,nan,nan,nan,nan,nan,nan,nan,nan
368,1786065113.8265,7.6871,nan,nan,nan,nan,nan,nan,nan,nan,nan,nan
369,1786065113.8464,7.7070,nan,nan,nan,nan,nan,nan,nan,nan,nan,nan
370,1786065113.8681,7.7287,nan,nan,nan,nan,nan,nan,nan,nan,nan,nan
371,1786065113.8901,7.7507,nan,nan,nan,nan,nan,nan,nan,nan,nan,nan
372,1786065113.9086,7.7691,nan,nan,nan,nan,nan,nan,nan,nan,nan,nan
373,1786065113.9284,7.7890,nan,nan,nan,nan,nan,nan,nan,nan,nan,nan
374,1786065113.9495,7.8101,nan,nan,nan,nan,nan,nan,nan,nan,nan,nan
375,1786065113.9702,7.8308,nan,nan,nan,nan,nan,nan,nan,nan,nan,nan
376,1786065113.9902,7.8508,nan,nan,nan,nan,nan,nan,nan,nan,nan,nan
377,1786065114.0093,7.8698,nan,nan,nan,nan,nan,nan,nan,nan,nan,nan
378,1786065114.0306,7.8912,nan,nan,nan,nan,nan,nan,nan,nan,nan,nan
379,1786065114.0514,7.9120,nan,nan,nan,nan,nan,nan,nan,nan,nan,nan
380,1786065114.0690,7.9296,nan,nan,nan,nan,nan,nan,nan,nan,nan,nan
381,1786065114.0928,7.9534,nan,nan,nan,nan,nan,nan,nan,nan,nan,nan
382,1786065114.1134,7.9739,nan,nan,nan,nan,nan,nan,nan,nan,nan,nan
383,1786065114.1333,7.9939,nan,nan,nan,nan,nan,nan,nan,nan,nan,nan
384,1786065114.1538,8.0144,nan,nan,nan,nan,nan,nan,nan,nan,nan,nan
385,1786065114.1841,8.0446,nan,nan,nan,nan,nan,nan,nan,nan,nan,nan
386,1786065114.1995,8.0601,nan,nan,nan,nan,nan,nan,nan,nan,nan,nan
387,1786065114.2169,8.0775,nan,nan,nan,nan,nan,nan,nan,nan,nan,nan
388,1786065114.2392,8.0998,nan,nan,nan,nan,nan,nan,nan,nan,nan,nan
389,1786065114.2606,8.1212,nan,nan,nan,nan,nan,nan,nan,nan,nan,nan
390,1786065114.2822,8.1428,nan,nan,nan,nan,nan,nan,nan,nan,nan,nan
391,1786065114.3014,8.1620,nan,nan,nan,nan,nan,nan,nan,nan,nan,nan
392,1786065114.3252,8.1858,nan,nan,nan,nan,nan,nan,nan,nan,nan,nan
393,1786065114.3451,8.2057,nan,nan,nan,nan,nan,nan,nan,nan,nan,nan
394,1786065114.3651,8.2257,nan,nan,nan,nan,nan,nan,nan,nan,nan,nan
395,1786065114.3849,8.2455,nan,nan,nan,nan,nan,nan,nan,nan,nan,nan
396,1786065114.4054,8.2660,nan,nan,nan,nan,nan,nan,nan,nan,nan,nan
397,1786065114.4263,8.2869,nan,nan,nan,nan,nan,nan,nan,nan,nan,nan
398,1786065114.4509,8.3115,nan,nan,nan,nan,nan,nan,nan,nan,nan,nan
399,1786065114.4709,8.3315,nan,nan,nan,nan,nan,nan,nan,nan,nan,nan
400,1786065114.4908,8.3514,nan,nan,nan,nan,nan,nan,nan,nan,nan,nan
401,1786065114.5110,8.3715,nan,nan,nan,nan,nan,nan,nan,nan,nan,nan
402,1786065114.5302,8.3908,nan,nan,nan,nan,nan,nan,nan,nan,nan,nan
403,1786065114.5514,8.4120,nan,nan,nan,nan,nan,nan,nan,nan,nan,nan
404,1786065114.5725,8.4331,nan,nan,nan,nan,nan,nan,nan,nan,nan,nan
405,1786065114.5968,8.4573,nan,nan,nan,nan,nan,nan,nan,nan,nan,nan
406,1786065114.6289,8.4895,nan,nan,nan,nan,nan,nan,nan,nan,nan,nan
407,1786065114.6419,8.5025,nan,nan,nan,nan,nan,nan,nan,nan,nan,nan
408,1786065114.6649,8.5255,nan,nan,nan,nan,nan,nan,nan,nan,nan,nan
409,1786065114.6808,8.5414,nan,nan,nan,nan,nan,nan,nan,nan,nan,nan
410,1786065114.7099,8.5705,nan,nan,nan,nan,nan,nan,nan,nan,nan,nan
411,1786065114.7191,8.5797,nan,nan,nan,nan,nan,nan,nan,nan,nan,nan
412,1786065114.7538,8.6144,nan,nan,nan,nan,nan,nan,nan,nan,nan,nan
413,1786065114.7665,8.6270,nan,nan,nan,nan,nan,nan,nan,nan,nan,nan
414,1786065114.7849,8.6455,nan,nan,nan,nan,nan,nan,nan,nan,nan,nan
415,1786065114.8067,8.6673,nan,nan,nan,nan,nan,nan,nan,nan,nan,nan
416,1786065114.8240,8.6846,nan,nan,nan,nan,nan,nan,nan,nan,nan,nan
417,1786065114.8473,8.7078,nan,nan,nan,nan,nan,nan,nan,nan,nan,nan
418,1786065114.8686,8.7292,nan,nan,nan,nan,nan,nan,nan,nan,nan,nan
419,1786065114.8909,8.7515,nan,nan,nan,nan,nan,nan,nan,nan,nan,nan
420,1786065114.9151,8.7757,nan,nan,nan,nan,nan,nan,nan,nan,nan,nan
421,1786065114.9309,8.7915,nan,nan,nan,nan,nan,nan,nan,nan,nan,nan
422,1786065114.9510,8.8115,nan,nan,nan,nan,nan,nan,nan,nan,nan,nan
423,1786065114.9720,8.8326,nan,nan,nan,nan,nan,nan,nan,nan,nan,nan
424,1786065114.9923,8.8529,nan,nan,nan,nan,nan,nan,nan,nan,nan,nan
425,1786065115.0139,8.8745,nan,nan,nan,nan,nan,nan,nan,nan,nan,nan
426,1786065115.0414,8.9019,nan,nan,nan,nan,nan,nan,nan,nan,nan,nan
427,1786065115.0580,8.9186,nan,nan,nan,nan,nan,nan,nan,nan,nan,nan
428,1786065115.0815,8.9421,nan,nan,nan,nan,nan,nan,nan,nan,nan,nan
429,1786065115.1011,8.9617,nan,nan,nan,nan,nan,nan,nan,nan,nan,nan
430,1786065115.1222,8.9828,nan,nan,nan,nan,nan,nan,nan,nan,nan,nan
431,1786065115.1448,9.0054,nan,nan,nan,nan,nan,nan,nan,nan,nan,nan
432,1786065115.1606,9.0212,nan,nan,nan,nan,nan,nan,nan,nan,nan,nan
433,1786065115.1853,9.0459,nan,nan,nan,nan,nan,nan,nan,nan,nan,nan
434,1786065115.2071,9.0677,nan,nan,nan,nan,nan,nan,nan,nan,nan,nan
435,1786065115.2291,9.0897,nan,nan,nan,nan,nan,nan,nan,nan,nan,nan
436,1786065115.2468,9.1074,nan,nan,nan,nan,nan,nan,nan,nan,nan,nan
437,1786065115.2626,9.1232,nan,nan,nan,nan,nan,nan,nan,nan,nan,nan
438,1786065115.2826,9.1432,nan,nan,nan,nan,nan,nan,nan,nan,nan,nan
439,1786065115.3033,9.1639,nan,nan,nan,nan,nan,nan,nan,nan,nan,nan
440,1786065115.3253,9.1859,nan,nan,nan,nan,nan,nan,nan,nan,nan,nan
441,1786065115.3431,9.2037,nan,nan,nan,nan,nan,nan,nan,nan,nan,nan
442,1786065115.3668,9.2274,nan,nan,nan,nan,nan,nan,nan,nan,nan,nan
443,1786065115.3887,9.2493,nan,nan,nan,nan,nan,nan,nan,nan,nan,nan
444,1786065115.4108,9.2713,nan,nan,nan,nan,nan,nan,nan,nan,nan,nan
445,1786065115.4292,9.2898,nan,nan,nan,nan,nan,nan,nan,nan,nan,nan
446,1786065115.4643,9.3249,nan,nan,nan,nan,nan,nan,nan,nan,nan,nan
447,1786065115.4734,9.3339,nan,nan,nan,nan,nan,nan,nan,nan,nan,nan
448,1786065115.4945,9.3550,nan,nan,nan,nan,nan,nan,nan,nan,nan,nan
449,1786065115.5139,9.3745,nan,nan,nan,nan,nan,nan,nan,nan,nan,nan
450,1786065115.5349,9.3955,nan,nan,nan,nan,nan,nan,nan,nan,nan,nan
451,1786065115.5570,9.4175,nan,nan,nan,nan,nan,nan,nan,nan,nan,nan
452,1786065115.5879,9.4485,nan,nan,nan,nan,nan,nan,nan,nan,nan,nan
453,1786065115.5987,9.4593,nan,nan,nan,nan,nan,nan,nan,nan,nan,nan
454,1786065115.6212,9.4817,nan,nan,nan,nan,nan,nan,nan,nan,nan,nan
455,1786065115.6413,9.5019,nan,nan,nan,nan,nan,nan,nan,nan,nan,nan
456,1786065115.6606,9.5211,nan,nan,nan,nan,nan,nan,nan,nan,nan,nan
457,1786065115.6832,9.5438,nan,nan,nan,nan,nan,nan,nan,nan,nan,nan
458,1786065115.7026,9.5632,nan,nan,nan,nan,nan,nan,nan,nan,nan,nan
459,1786065115.7229,9.5835,nan,nan,nan,nan,nan,nan,nan,nan,nan,nan
460,1786065115.7428,9.6034,nan,nan,nan,nan,nan,nan,nan,nan,nan,nan
461,1786065115.7649,9.6255,nan,nan,nan,nan,nan,nan,nan,nan,nan,nan
462,1786065115.7858,9.6463,nan,nan,nan,nan,nan,nan,nan,nan,nan,nan
463,1786065115.8047,9.6653,nan,nan,nan,nan,nan,nan,nan,nan,nan,nan
464,1786065115.8274,9.6880,nan,nan,nan,nan,nan,nan,nan,nan,nan,nan
465,1786065115.8491,9.7097,nan,nan,nan,nan,nan,nan,nan,nan,nan,nan
466,1786065115.8674,9.7280,nan,nan,nan,nan,nan,nan,nan,nan,nan,nan
467,1786065115.8899,9.7505,nan,nan,nan,nan,nan,nan,nan,nan,nan,nan
468,1786065115.9091,9.7697,nan,nan,nan,nan,nan,nan,nan,nan,nan,nan
469,1786065115.9303,9.7908,nan,nan,nan,nan,nan,nan,nan,nan,nan,nan
470,1786065115.9505,9.8111,nan,nan,nan,nan,nan,nan,nan,nan,nan,nan
471,1786065115.9699,9.8305,nan,nan,nan,nan,nan,nan,nan,nan,nan,nan
472,1786065115.9916,9.8522,nan,nan,nan,nan,nan,nan,nan,nan,nan,nan
473,1786065116.0147,9.8753,nan,nan,nan,nan,nan,nan,nan,nan,nan,nan
474,1786065116.0377,9.8982,nan,nan,nan,nan,nan,nan,nan,nan,nan,nan
475,1786065116.0582,9.9188,nan,nan,nan,nan,nan,nan,nan,nan,nan,nan
476,1786065116.0755,9.9361,nan,nan,nan,nan,nan,nan,nan,nan,nan,nan
477,1786065116.0998,9.9604,nan,nan,nan,nan,nan,nan,nan,nan,nan,nan
478,1786065116.1171,9.9776,nan,nan,nan,nan,nan,nan,nan,nan,nan,nan
479,1786065116.1407,10.0013,nan,nan,nan,nan,nan,nan,nan,nan,nan,nan
480,1786065116.1620,10.0226,nan,nan,nan,nan,nan,nan,nan,nan,nan,nan
481,1786065116.1821,10.0427,nan,nan,nan,nan,nan,nan,nan,nan,nan,nan
482,1786065116.2061,10.0667,nan,nan,nan,nan,nan,nan,nan,nan,nan,nan
483,1786065116.2205,10.0811,nan,nan,nan,nan,nan,nan,nan,nan,nan,nan
484,1786065116.2416,10.1021,nan,nan,nan,nan,nan,nan,nan,nan,nan,nan
485,1786065116.2622,10.1228,nan,nan,nan,nan,nan,nan,nan,nan,nan,nan
486,1786065116.2833,10.1439,nan,nan,nan,nan,nan,nan,nan,nan,nan,nan
487,1786065116.3034,10.1640,nan,nan,nan,nan,nan,nan,nan,nan,nan,nan
488,1786065116.3239,10.1844,nan,nan,nan,nan,nan,nan,nan,nan,nan,nan
489,1786065116.3456,10.2062,nan,nan,nan,nan,nan,nan,nan,nan,nan,nan
490,1786065116.3698,10.2303,nan,nan,nan,nan,nan,nan,nan,nan,nan,nan
491,1786065116.3887,10.2493,nan,nan,nan,nan,nan,nan,nan,nan,nan,nan
492,1786065116.4122,10.2728,nan,nan,nan,nan,nan,nan,nan,nan,nan,nan
493,1786065116.4328,10.2934,nan,nan,nan,nan,nan,nan,nan,nan,nan,nan
494,1786065116.4501,10.3106,nan,nan,nan,nan,nan,nan,nan,nan,nan,nan
495,1786065116.4811,10.3417,nan,nan,nan,nan,nan,nan,nan,nan,nan,nan
496,1786065116.5031,10.3637,nan,nan,nan,nan,nan,nan,nan,nan,nan,nan
497,1786065116.5152,10.3758,nan,nan,nan,nan,nan,nan,nan,nan,nan,nan
498,1786065116.5369,10.3975,nan,nan,nan,nan,nan,nan,nan,nan,nan,nan
499,1786065116.5573,10.4179,nan,nan,nan,nan,nan,nan,nan,nan,nan,nan
500,1786065116.5782,10.4387,nan,nan,nan,nan,nan,nan,nan,nan,nan,nan
501,1786065116.5969,10.4575,nan,nan,nan,nan,nan,nan,nan,nan,nan,nan
502,1786065116.6196,10.4802,nan,nan,nan,nan,nan,nan,nan,nan,nan,nan
503,1786065116.6369,10.4975,nan,nan,nan,nan,nan,nan,nan,nan,nan,nan
504,1786065116.6592,10.5198,nan,nan,nan,nan,nan,nan,nan,nan,nan,nan
505,1786065116.6809,10.5415,nan,nan,nan,nan,nan,nan,nan,nan,nan,nan
506,1786065116.6999,10.5604,nan,nan,nan,nan,nan,nan,nan,nan,nan,nan
507,1786065116.7216,10.5822,nan,nan,nan,nan,nan,nan,nan,nan,nan,nan
508,1786065116.7438,10.6044,nan,nan,nan,nan,nan,nan,nan,nan,nan,nan
509,1786065116.7735,10.6341,nan,nan,nan,nan,nan,nan,nan,nan,nan,nan
510,1786065116.7856,10.6462,nan,nan,nan,nan,nan,nan,nan,nan,nan,nan
511,1786065116.8133,10.6739,nan,nan,nan,nan,nan,nan,nan,nan,nan,nan
512,1786065116.8289,10.6895,nan,nan,nan,nan,nan,nan,nan,nan,nan,nan
513,1786065116.8478,10.7084,nan,nan,nan,nan,nan,nan,nan,nan,nan,nan
514,1786065116.8683,10.7289,nan,nan,nan,nan,nan,nan,nan,nan,nan,nan
515,1786065116.8874,10.7480,nan,nan,nan,nan,nan,nan,nan,nan,nan,nan
516,1786065116.9092,10.7698,nan,nan,nan,nan,nan,nan,nan,nan,nan,nan
517,1786065116.9322,10.7927,nan,nan,nan,nan,nan,nan,nan,nan,nan,nan
518,1786065116.9560,10.8166,nan,nan,nan,nan,nan,nan,nan,nan,nan,nan
519,1786065116.9755,10.8360,nan,nan,nan,nan,nan,nan,nan,nan,nan,nan
520,1786065116.9981,10.8587,nan,nan,nan,nan,nan,nan,nan,nan,nan,nan
521,1786065117.0238,10.8844,nan,nan,nan,nan,nan,nan,nan,nan,nan,nan
522,1786065117.0612,10.9218,245,-0.136848,2.539316,-0.628522,-0.102032,-0.125626,0.710766,0.728958,946.34,555.03
523,1786065117.0746,10.9351,245,-0.200496,2.561924,-0.556605,-0.101349,-0.121728,0.713498,0.730868,948.11,562.69
524,1786065117.0913,10.9519,245,-0.278128,2.595574,-0.480069,-0.101105,-0.119370,0.716234,0.733119,949.34,567.35
525,1786065117.1076,10.9681,245,-0.371072,2.608105,-0.380520,-0.102313,-0.119000,0.718553,0.735491,947.70,567.82
526,1786065117.1243,10.9849,245,-0.448146,2.595394,-0.298305,-0.103420,-0.118752,0.717300,0.734382,945.15,566.97
527,1786065117.1452,11.0058,245,-0.503405,2.579387,-0.243957,-0.102595,-0.119185,0.718408,0.735419,946.87,565.73
528,1786065117.1624,11.0229,245,-0.536567,2.562104,-0.175549,-0.101233,-0.118282,0.722452,0.739037,950.33,567.65
529,1786065117.1837,11.0442,245,-0.549497,2.541118,-0.097854,-0.098738,-0.116615,0.725354,0.741274,955.49,570.48
530,1786065117.2046,11.0652,245,-0.560754,2.533529,-0.009749,-0.096488,-0.115058,0.729677,0.744968,960.77,573.45
531,1786065117.2254,11.0859,245,-0.567562,2.509092,0.078846,-0.094978,-0.113429,0.731401,0.746214,963.88,575.74
532,1786065117.2426,11.1032,245,-0.594526,2.496692,0.154237,-0.095416,-0.113365,0.735051,0.749837,964.20,575.96
533,1786065117.2784,11.1390,245,-0.635989,2.484621,0.204688,-0.097897,-0.115286,0.738899,0.754219,960.95,572.97
534,1786065117.2938,11.1544,245,-0.686155,2.497359,0.206528,-0.099575,-0.118931,0.742360,0.758392,959.26,567.44
535,1786065117.3113,11.1719,245,-0.723321,2.503901,0.192378,-0.099263,-0.121828,0.742269,0.758722,960.06,562.37
536,1786065117.3349,11.1955,245,-0.743516,2.520722,0.178861,-0.104863,-0.131956,0.791635,0.809379,962.50,559.25
537,1786065117.3563,11.2169,nan,nan,nan,nan,nan,nan,nan,nan,nan,nan
538,1786065117.3754,11.2360,245,0.935129,-2.842038,-0.130505,-0.108738,-0.135949,0.790828,0.809763,964.50,555.75
539,1786065117.4017,11.2622,245,-0.796975,2.519813,0.209227,-0.102932,-0.134589,0.790867,0.808813,966.00,554.25
540,1786065117.4175,11.2781,245,0.979162,-2.838197,-0.254974,-0.101501,-0.126941,0.739361,0.757015,965.70,555.08
541,1786065117.4373,11.2979,245,0.999510,-2.827082,-0.333950,-0.101027,-0.125475,0.733600,0.751079,965.41,555.11
542,1786065117.4599,11.3205,245,1.016667,-2.804511,-0.435837,-0.100194,-0.122682,0.724807,0.741913,965.15,556.39
543,1786065117.4743,11.3349,245,1.024339,-2.797879,-0.514605,-0.098334,-0.119460,0.718660,0.735128,967.14,559.47
544,1786065117.4963,11.3569,245,-0.818081,2.545462,-0.229603,-0.090159,-0.119104,0.712992,0.728472,968.99,563.14
545,1786065117.5160,11.3766,245,-0.810956,2.562279,-0.298284,-0.088683,-0.116911,0.708600,0.723635,970.71,566.72
546,1786065117.5353,11.3959,245,-0.807106,2.575901,-0.366734,-0.086206,-0.115274,0.702782,0.717372,974.04,568.83
547,1786065117.5585,11.4191,245,-0.803491,2.585200,-0.432289,-0.083983,-0.114200,0.695897,0.710188,976.68,569.50
548,1786065117.5843,11.4449,245,-0.804532,2.593315,-0.474443,-0.082723,-0.113707,0.691542,0.705693,978.18,569.60
549,1786065117.6056,11.4662,245,-0.809130,2.597011,-0.528375,-0.082144,-0.113268,0.687888,0.701973,978.51,569.87
550,1786065117.6247,11.4853,245,-0.818310,2.596206,-0.542983,-0.081686,-0.113116,0.688437,0.702434,979.56,570.42
551,1786065117.6456,11.5061,245,-0.830148,2.600998,-0.568773,-0.080585,-0.111783,0.687732,0.701402,981.61,573.01
552,1786065117.6595,11.5201,245,-0.837578,2.595081,-0.590363,-0.079971,-0.110740,0.687707,0.701142,982.73,575.13
553,1786065117.6835,11.5440,245,-0.850031,2.584251,-0.610997,-0.079173,-0.109673,0.687297,0.700481,984.06,577.13
554,1786065117.7150,11.5756,245,-0.863123,2.576331,-0.618900,-0.078115,-0.109025,0.685888,0.698878,985.71,577.96
555,1786065117.7297,11.5903,245,-0.877978,2.572799,-0.624026,-0.076871,-0.108744,0.685520,0.698335,988.04,578.38
556,1786065117.7542,11.6148,245,-0.888130,2.568659,-0.619276,-0.075727,-0.108260,0.684237,0.696876,989.93,578.86
557,1786065117.7668,11.6274,245,-0.894216,2.561136,-0.615459,-0.074128,-0.108041,0.683093,0.695546,992.70,578.83
558,1786065117.7885,11.6491,245,-0.903788,2.557952,-0.615771,-0.072101,-0.108276,0.682444,0.694732,996.52,578.11
559,1786065117.8099,11.6705,245,-0.907547,2.547412,-0.610820,-0.070199,-0.108303,0.680996,0.693118,999.81,577.48
560,1786065117.8311,11.6917,245,-0.910459,2.538420,-0.598958,-0.068074,-0.108746,0.680020,0.692016,1003.67,576.10
561,1786065117.8534,11.7140,245,-0.914676,2.527837,-0.595267,-0.066144,-0.108372,0.678357,0.690136,1006.99,576.18
562,1786065117.8705,11.7311,245,-0.915673,2.510461,-0.590042,-0.065452,-0.108477,0.677909,0.689646,1008.05,575.63
563,1786065117.8999,11.7604,245,-0.922587,2.494538,-0.593001,-0.064536,-0.109040,0.676012,0.687784,1009.31,573.83
564,1786065117.9172,11.7778,245,-0.930183,2.484041,-0.587812,-0.063846,-0.110175,0.675415,0.687313,1010.47,571.26
565,1786065117.9384,11.7990,245,-0.935658,2.465950,-0.593975,-0.062863,-0.111235,0.673421,0.685434,1011.86,568.43
566,1786065117.9602,11.8208,245,-0.939384,2.451521,-0.597778,-0.061771,-0.111577,0.671179,0.683189,1013.45,566.93
567,1786065117.9750,11.8356,245,-0.937332,2.436052,-0.599420,-0.060364,-0.112051,0.669926,0.681909,1015.86,565.43
568,1786065117.9982,11.8588,245,-0.937355,2.424818,-0.600413,-0.059716,-0.112628,0.668432,0.680479,1016.76,563.70
569,1786065118.0290,11.8896,245,-0.940516,2.413547,-0.603595,-0.058855,-0.113355,0.666809,0.678932,1018.08,561.63
570,1786065118.0443,11.9049,245,-0.941877,2.403430,-0.602841,-0.058320,-0.114007,0.665926,0.678127,1018.91,559.93
571,1786065118.0646,11.9252,245,-0.943430,2.394786,-0.604669,-0.057955,-0.114933,0.665193,0.677532,1019.45,557.76
572,1786065118.0820,11.9426,245,-0.944725,2.382683,-0.609783,-0.057262,-0.115478,0.663955,0.676351,1020.52,556.17
573,1786065118.1058,11.9664,245,-0.948045,2.370548,-0.610343,-0.056073,-0.116112,0.663531,0.675943,1022.76,554.60
574,1786065118.1197,11.9803,245,-0.950071,2.360661,-0.611866,-0.055303,-0.117220,0.662216,0.674780,1024.02,551.84
575,1786065118.1490,12.0096,245,-0.947157,2.352466,-0.615115,-0.054439,-0.118396,0.661103,0.673824,1025.53,549.02
576,1786065118.1671,12.0276,245,-0.949305,2.342789,-0.611105,-0.053436,-0.119517,0.660733,0.673578,1027.45,546.48
577,1786065118.1899,12.0504,245,-0.946693,2.330296,-0.615840,-0.052595,-0.119922,0.658791,0.671679,1028.72,544.88
578,1786065118.2095,12.0701,245,-0.946892,2.321416,-0.619700,-0.052497,-0.120446,0.658458,0.671439,1028.81,543.64
579,1786065118.2315,12.0921,245,-0.949042,2.314435,-0.624696,-0.052234,-0.121485,0.657829,0.670989,1029.23,541.28
580,1786065118.2499,12.1105,245,-0.948429,2.303694,-0.630144,-0.051841,-0.122395,0.656192,0.669519,1029.70,538.78
581,1786065118.2724,12.1330,245,-0.946857,2.294390,-0.636635,-0.051082,-0.123563,0.654445,0.667964,1030.93,535.72
582,1786065118.2950,12.1556,245,-0.948011,2.289115,-0.645425,-0.050460,-0.124412,0.653198,0.666852,1032.00,533.54
583,1786065118.3055,12.1661,245,-0.947164,2.283635,-0.655608,-0.049943,-0.124806,0.652156,0.665867,1032.89,532.35
584,1786065118.3377,12.1983,245,-0.947411,2.280154,-0.662514,-0.048330,-0.125466,0.651648,0.665374,1036.16,530.79
585,1786065118.3540,12.2146,245,-0.947187,2.278434,-0.673963,-0.047179,-0.126331,0.650139,0.663978,1038.33,528.50
586,1786065118.3763,12.2369,245,-0.947139,2.280633,-0.683349,-0.045543,-0.127755,0.649020,0.663040,1041.64,525.23
587,1786065118.3944,12.2549,245,-0.951755,2.280791,-0.692672,-0.043325,-0.128414,0.647025,0.661067,1045.98,523.13
588,1786065118.4128,12.2734,245,-0.956055,2.283970,-0.702051,-0.041387,-0.128505,0.646285,0.660236,1049.98,522.72
589,1786065118.4397,12.3003,245,-0.959534,2.288857,-0.715054,-0.040558,-0.129273,0.646151,0.660202,1051.79,521.22
590,1786065118.4582,12.3188,245,-0.959534,2.290887,-0.726154,-0.040055,-0.129867,0.645410,0.659563,1052.81,519.80
591,1786065118.4772,12.3378,245,-0.961202,2.292465,-0.740674,-0.039650,-0.130383,0.644425,0.658677,1053.60,518.46
592,1786065118.4971,12.3577,245,-0.961071,2.295172,-0.752322,-0.038606,-0.131029,0.643088,0.657435,1055.67,516.68
593,1786065118.5296,12.3902,245,-0.962605,2.303793,-0.764916,-0.037395,-0.132756,0.641983,0.656631,1058.22,512.85
594,1786065118.5407,12.4013,245,-0.964533,2.309879,-0.772290,-0.035647,-0.134785,0.640359,0.655361,1061.80,508.09
595,1786065118.5575,12.4181,245,-0.972226,2.316871,-0.783889,-0.034519,-0.136571,0.638372,0.653729,1064.06,503.73
596,1786065118.5792,12.4398,245,-0.980038,2.321133,-0.795542,-0.033425,-0.138238,0.635995,0.651703,1066.19,499.40
597,1786065118.6026,12.4632,245,-0.995535,2.326400,-0.809872,-0.033019,-0.139279,0.633986,0.649944,1066.94,496.55
598,1786065118.6246,12.4852,245,-1.009092,2.329817,-0.832874,-0.032756,-0.138947,0.630230,0.646196,1067.15,495.80
599,1786065118.6426,12.5032,245,-1.031661,2.334701,-0.857411,-0.030040,-0.140023,0.627380,0.643518,1072.82,492.46
600,1786065118.6639,12.5244,245,-1.059304,2.337308,-0.867403,-0.027944,-0.141966,0.626159,0.642659,1077.33,487.95
601,1786065118.6832,12.5438,nan,nan,nan,nan,nan,nan,nan,nan,nan,nan
602,1786065118.7042,12.5648,nan,nan,nan,nan,nan,nan,nan,nan,nan,nan
603,1786065118.7231,12.5837,nan,nan,nan,nan,nan,nan,nan,nan,nan,nan
604,1786065118.7443,12.6049,nan,nan,nan,nan,nan,nan,nan,nan,nan,nan
605,1786065118.7642,12.6248,nan,nan,nan,nan,nan,nan,nan,nan,nan,nan
606,1786065118.7930,12.6536,245,-1.128867,2.321460,-1.006646,-0.033533,-0.174288,0.604688,0.630197,1064.23,409.73
607,1786065118.8032,12.6637,nan,nan,nan,nan,nan,nan,nan,nan,nan,nan
608,1786065118.8207,12.6813,nan,nan,nan,nan,nan,nan,nan,nan,nan,nan
609,1786065118.8471,12.7077,nan,nan,nan,nan,nan,nan,nan,nan,nan,nan
610,1786065118.8621,12.7227,nan,nan,nan,nan,nan,nan,nan,nan,nan,nan
611,1786065118.8861,12.7467,nan,nan,nan,nan,nan,nan,nan,nan,nan,nan
612,1786065118.9058,12.7663,nan,nan,nan,nan,nan,nan,nan,nan,nan,nan
613,1786065118.9274,12.7880,nan,nan,nan,nan,nan,nan,nan,nan,nan,nan
614,1786065118.9517,12.8123,nan,nan,nan,nan,nan,nan,nan,nan,nan,nan
615,1786065118.9702,12.8308,nan,nan,nan,nan,nan,nan,nan,nan,nan,nan
616,1786065118.9890,12.8496,nan,nan,nan,nan,nan,nan,nan,nan,nan,nan
617,1786065119.0200,12.8806,nan,nan,nan,nan,nan,nan,nan,nan,nan,nan
618,1786065119.0347,12.8953,nan,nan,nan,nan,nan,nan,nan,nan,nan,nan
619,1786065119.0518,12.9124,nan,nan,nan,nan,nan,nan,nan,nan,nan,nan
620,1786065119.0760,12.9366,nan,nan,nan,nan,nan,nan,nan,nan,nan,nan
621,1786065119.0939,12.9545,nan,nan,nan,nan,nan,nan,nan,nan,nan,nan
622,1786065119.1158,12.9764,nan,nan,nan,nan,nan,nan,nan,nan,nan,nan
623,1786065119.1352,12.9958,nan,nan,nan,nan,nan,nan,nan,nan,nan,nan
624,1786065119.1591,13.0197,nan,nan,nan,nan,nan,nan,nan,nan,nan,nan
625,1786065119.1776,13.0382,nan,nan,nan,nan,nan,nan,nan,nan,nan,nan
626,1786065119.1998,13.0604,nan,nan,nan,nan,nan,nan,nan,nan,nan,nan
627,1786065119.2190,13.0796,nan,nan,nan,nan,nan,nan,nan,nan,nan,nan
628,1786065119.2367,13.0973,nan,nan,nan,nan,nan,nan,nan,nan,nan,nan
629,1786065119.2642,13.1248,nan,nan,nan,nan,nan,nan,nan,nan,nan,nan
630,1786065119.2844,13.1450,nan,nan,nan,nan,nan,nan,nan,nan,nan,nan
631,1786065119.3040,13.1646,nan,nan,nan,nan,nan,nan,nan,nan,nan,nan
632,1786065119.3256,13.1862,nan,nan,nan,nan,nan,nan,nan,nan,nan,nan
633,1786065119.3456,13.2062,nan,nan,nan,nan,nan,nan,nan,nan,nan,nan
634,1786065119.3797,13.2403,nan,nan,nan,nan,nan,nan,nan,nan,nan,nan
635,1786065119.3900,13.2506,nan,nan,nan,nan,nan,nan,nan,nan,nan,nan
636,1786065119.4124,13.2730,nan,nan,nan,nan,nan,nan,nan,nan,nan,nan
637,1786065119.4288,13.2894,nan,nan,nan,nan,nan,nan,nan,nan,nan,nan
638,1786065119.4507,13.3113,nan,nan,nan,nan,nan,nan,nan,nan,nan,nan
639,1786065119.4728,13.3334,nan,nan,nan,nan,nan,nan,nan,nan,nan,nan
640,1786065119.4969,13.3575,nan,nan,nan,nan,nan,nan,nan,nan,nan,nan
641,1786065119.5189,13.3795,nan,nan,nan,nan,nan,nan,nan,nan,nan,nan
642,1786065119.5431,13.4037,nan,nan,nan,nan,nan,nan,nan,nan,nan,nan
643,1786065119.5515,13.4121,nan,nan,nan,nan,nan,nan,nan,nan,nan,nan
644,1786065119.5855,13.4461,nan,nan,nan,nan,nan,nan,nan,nan,nan,nan
645,1786065119.6015,13.4621,nan,nan,nan,nan,nan,nan,nan,nan,nan,nan
646,1786065119.6134,13.4739,nan,nan,nan,nan,nan,nan,nan,nan,nan,nan
647,1786065119.6441,13.5047,nan,nan,nan,nan,nan,nan,nan,nan,nan,nan
648,1786065119.6638,13.5243,nan,nan,nan,nan,nan,nan,nan,nan,nan,nan
649,1786065119.6856,13.5462,nan,nan,nan,nan,nan,nan,nan,nan,nan,nan
650,1786065119.6990,13.5596,nan,nan,nan,nan,nan,nan,nan,nan,nan,nan
651,1786065119.7254,13.5860,nan,nan,nan,nan,nan,nan,nan,nan,nan,nan
652,1786065119.7429,13.6034,nan,nan,nan,nan,nan,nan,nan,nan,nan,nan
653,1786065119.7586,13.6192,nan,nan,nan,nan,nan,nan,nan,nan,nan,nan
654,1786065119.7788,13.6393,nan,nan,nan,nan,nan,nan,nan,nan,nan,nan
655,1786065119.8024,13.6630,nan,nan,nan,nan,nan,nan,nan,nan,nan,nan
656,1786065119.8235,13.6841,nan,nan,nan,nan,nan,nan,nan,nan,nan,nan
657,1786065119.8578,13.7184,nan,nan,nan,nan,nan,nan,nan,nan,nan,nan
658,1786065119.8705,13.7311,nan,nan,nan,nan,nan,nan,nan,nan,nan,nan
659,1786065119.8822,13.7428,nan,nan,nan,nan,nan,nan,nan,nan,nan,nan
660,1786065119.9045,13.7651,nan,nan,nan,nan,nan,nan,nan,nan,nan,nan
661,1786065119.9381,13.7987,nan,nan,nan,nan,nan,nan,nan,nan,nan,nan
662,1786065119.9549,13.8155,nan,nan,nan,nan,nan,nan,nan,nan,nan,nan
663,1786065119.9685,13.8291,nan,nan,nan,nan,nan,nan,nan,nan,nan,nan
664,1786065119.9971,13.8577,nan,nan,nan,nan,nan,nan,nan,nan,nan,nan
665,1786065120.0098,13.8704,nan,nan,nan,nan,nan,nan,nan,nan,nan,nan
666,1786065120.0384,13.8990,nan,nan,nan,nan,nan,nan,nan,nan,nan,nan
667,1786065120.0557,13.9162,nan,nan,nan,nan,nan,nan,nan,nan,nan,nan
668,1786065120.0788,13.9394,nan,nan,nan,nan,nan,nan,nan,nan,nan,nan
669,1786065120.0986,13.9592,nan,nan,nan,nan,nan,nan,nan,nan,nan,nan
670,1786065120.1181,13.9787,nan,nan,nan,nan,nan,nan,nan,nan,nan,nan
671,1786065120.1346,13.9952,nan,nan,nan,nan,nan,nan,nan,nan,nan,nan
672,1786065120.1617,14.0223,nan,nan,nan,nan,nan,nan,nan,nan,nan,nan
673,1786065120.1837,14.0443,nan,nan,nan,nan,nan,nan,nan,nan,nan,nan
674,1786065120.2029,14.0634,nan,nan,nan,nan,nan,nan,nan,nan,nan,nan
675,1786065120.2243,14.0849,nan,nan,nan,nan,nan,nan,nan,nan,nan,nan
676,1786065120.2378,14.0984,nan,nan,nan,nan,nan,nan,nan,nan,nan,nan
677,1786065120.2689,14.1294,nan,nan,nan,nan,nan,nan,nan,nan,nan,nan
678,1786065120.2847,14.1453,nan,nan,nan,nan,nan,nan,nan,nan,nan,nan
679,1786065120.3020,14.1626,nan,nan,nan,nan,nan,nan,nan,nan,nan,nan
680,1786065120.3235,14.1841,nan,nan,nan,nan,nan,nan,nan,nan,nan,nan
681,1786065120.3430,14.2036,nan,nan,nan,nan,nan,nan,nan,nan,nan,nan
682,1786065120.3664,14.2270,nan,nan,nan,nan,nan,nan,nan,nan,nan,nan
683,1786065120.3835,14.2441,nan,nan,nan,nan,nan,nan,nan,nan,nan,nan
684,1786065120.4220,14.2825,nan,nan,nan,nan,nan,nan,nan,nan,nan,nan
685,1786065120.4330,14.2936,nan,nan,nan,nan,nan,nan,nan,nan,nan,nan
686,1786065120.4508,14.3113,nan,nan,nan,nan,nan,nan,nan,nan,nan,nan
687,1786065120.4744,14.3350,nan,nan,nan,nan,nan,nan,nan,nan,nan,nan
688,1786065120.4952,14.3558,nan,nan,nan,nan,nan,nan,nan,nan,nan,nan
689,1786065120.5129,14.3735,nan,nan,nan,nan,nan,nan,nan,nan,nan,nan
690,1786065120.5380,14.3985,nan,nan,nan,nan,nan,nan,nan,nan,nan,nan
691,1786065120.5536,14.4141,nan,nan,nan,nan,nan,nan,nan,nan,nan,nan
692,1786065120.5785,14.4391,nan,nan,nan,nan,nan,nan,nan,nan,nan,nan
693,1786065120.5952,14.4558,nan,nan,nan,nan,nan,nan,nan,nan,nan,nan
694,1786065120.6196,14.4802,nan,nan,nan,nan,nan,nan,nan,nan,nan,nan
695,1786065120.6397,14.5003,nan,nan,nan,nan,nan,nan,nan,nan,nan,nan
696,1786065120.6706,14.5311,nan,nan,nan,nan,nan,nan,nan,nan,nan,nan
697,1786065120.6875,14.5481,nan,nan,nan,nan,nan,nan,nan,nan,nan,nan
698,1786065120.7005,14.5610,nan,nan,nan,nan,nan,nan,nan,nan,nan,nan
699,1786065120.7262,14.5868,nan,nan,nan,nan,nan,nan,nan,nan,nan,nan
700,1786065120.7477,14.6083,nan,nan,nan,nan,nan,nan,nan,nan,nan,nan
701,1786065120.7707,14.6313,nan,nan,nan,nan,nan,nan,nan,nan,nan,nan
702,1786065120.7899,14.6504,nan,nan,nan,nan,nan,nan,nan,nan,nan,nan
703,1786065120.8097,14.6702,nan,nan,nan,nan,nan,nan,nan,nan,nan,nan
704,1786065120.8331,14.6936,nan,nan,nan,nan,nan,nan,nan,nan,nan,nan
705,1786065120.8476,14.7082,nan,nan,nan,nan,nan,nan,nan,nan,nan,nan
706,1786065120.8709,14.7315,nan,nan,nan,nan,nan,nan,nan,nan,nan,nan
707,1786065120.8913,14.7519,nan,nan,nan,nan,nan,nan,nan,nan,nan,nan
708,1786065120.9151,14.7757,nan,nan,nan,nan,nan,nan,nan,nan,nan,nan
709,1786065120.9366,14.7971,nan,nan,nan,nan,nan,nan,nan,nan,nan,nan
710,1786065120.9568,14.8174,nan,nan,nan,nan,nan,nan,nan,nan,nan,nan
711,1786065120.9779,14.8384,nan,nan,nan,nan,nan,nan,nan,nan,nan,nan
712,1786065120.9978,14.8584,nan,nan,nan,nan,nan,nan,nan,nan,nan,nan
713,1786065121.0191,14.8797,nan,nan,nan,nan,nan,nan,nan,nan,nan,nan
714,1786065121.0406,14.9011,nan,nan,nan,nan,nan,nan,nan,nan,nan,nan
715,1786065121.0577,14.9183,nan,nan,nan,nan,nan,nan,nan,nan,nan,nan
716,1786065121.0851,14.9457,nan,nan,nan,nan,nan,nan,nan,nan,nan,nan
717,1786065121.1025,14.9631,nan,nan,nan,nan,nan,nan,nan,nan,nan,nan
718,1786065121.1246,14.9852,nan,nan,nan,nan,nan,nan,nan,nan,nan,nan
719,1786065121.1443,15.0049,nan,nan,nan,nan,nan,nan,nan,nan,nan,nan
720,1786065121.1603,15.0209,nan,nan,nan,nan,nan,nan,nan,nan,nan,nan
721,1786065121.1838,15.0444,nan,nan,nan,nan,nan,nan,nan,nan,nan,nan
722,1786065121.2092,15.0698,nan,nan,nan,nan,nan,nan,nan,nan,nan,nan
723,1786065121.2232,15.0838,nan,nan,nan,nan,nan,nan,nan,nan,nan,nan
724,1786065121.2519,15.1125,nan,nan,nan,nan,nan,nan,nan,nan,nan,nan
725,1786065121.2656,15.1262,nan,nan,nan,nan,nan,nan,nan,nan,nan,nan
726,1786065121.2919,15.1525,nan,nan,nan,nan,nan,nan,nan,nan,nan,nan
727,1786065121.3076,15.1682,nan,nan,nan,nan,nan,nan,nan,nan,nan,nan
728,1786065121.3302,15.1908,nan,nan,nan,nan,nan,nan,nan,nan,nan,nan
729,1786065121.3490,15.2095,nan,nan,nan,nan,nan,nan,nan,nan,nan,nan
730,1786065121.3685,15.2291,nan,nan,nan,nan,nan,nan,nan,nan,nan,nan
731,1786065121.3935,15.2541,nan,nan,nan,nan,nan,nan,nan,nan,nan,nan
732,1786065121.4172,15.2778,nan,nan,nan,nan,nan,nan,nan,nan,nan,nan
733,1786065121.4361,15.2967,nan,nan,nan,nan,nan,nan,nan,nan,nan,nan
734,1786065121.4595,15.3201,nan,nan,nan,nan,nan,nan,nan,nan,nan,nan
735,1786065121.4774,15.3379,nan,nan,nan,nan,nan,nan,nan,nan,nan,nan
736,1786065121.4947,15.3553,nan,nan,nan,nan,nan,nan,nan,nan,nan,nan
737,1786065121.5153,15.3759,nan,nan,nan,nan,nan,nan,nan,nan,nan,nan
738,1786065121.5365,15.3971,nan,nan,nan,nan,nan,nan,nan,nan,nan,nan
739,1786065121.5574,15.4180,nan,nan,nan,nan,nan,nan,nan,nan,nan,nan
740,1786065121.5772,15.4377,nan,nan,nan,nan,nan,nan,nan,nan,nan,nan
741,1786065121.5992,15.4598,nan,nan,nan,nan,nan,nan,nan,nan,nan,nan
742,1786065121.6204,15.4810,nan,nan,nan,nan,nan,nan,nan,nan,nan,nan
743,1786065121.6401,15.5007,nan,nan,nan,nan,nan,nan,nan,nan,nan,nan
744,1786065121.6620,15.5226,nan,nan,nan,nan,nan,nan,nan,nan,nan,nan
745,1786065121.6830,15.5436,nan,nan,nan,nan,nan,nan,nan,nan,nan,nan
746,1786065121.7044,15.5650,nan,nan,nan,nan,nan,nan,nan,nan,nan,nan
747,1786065121.7242,15.5848,nan,nan,nan,nan,nan,nan,nan,nan,nan,nan
748,1786065121.7452,15.6058,nan,nan,nan,nan,nan,nan,nan,nan,nan,nan
749,1786065121.7655,15.6261,nan,nan,nan,nan,nan,nan,nan,nan,nan,nan
750,1786065121.7871,15.6477,nan,nan,nan,nan,nan,nan,nan,nan,nan,nan
751,1786065121.8079,15.6684,nan,nan,nan,nan,nan,nan,nan,nan,nan,nan
752,1786065121.8286,15.6892,nan,nan,nan,nan,nan,nan,nan,nan,nan,nan
753,1786065121.8469,15.7075,nan,nan,nan,nan,nan,nan,nan,nan,nan,nan
754,1786065121.8678,15.7283,nan,nan,nan,nan,nan,nan,nan,nan,nan,nan
755,1786065121.8872,15.7478,nan,nan,nan,nan,nan,nan,nan,nan,nan,nan
756,1786065121.9080,15.7686,nan,nan,nan,nan,nan,nan,nan,nan,nan,nan
757,1786065121.9333,15.7939,nan,nan,nan,nan,nan,nan,nan,nan,nan,nan
758,1786065121.9528,15.8134,nan,nan,nan,nan,nan,nan,nan,nan,nan,nan
759,1786065121.9731,15.8337,nan,nan,nan,nan,nan,nan,nan,nan,nan,nan
760,1786065121.9909,15.8514,nan,nan,nan,nan,nan,nan,nan,nan,nan,nan
761,1786065122.0125,15.8731,nan,nan,nan,nan,nan,nan,nan,nan,nan,nan
762,1786065122.0365,15.8971,nan,nan,nan,nan,nan,nan,nan,nan,nan,nan
763,1786065122.0579,15.9185,nan,nan,nan,nan,nan,nan,nan,nan,nan,nan
764,1786065122.0783,15.9389,nan,nan,nan,nan,nan,nan,nan,nan,nan,nan
765,1786065122.0961,15.9567,nan,nan,nan,nan,nan,nan,nan,nan,nan,nan
766,1786065122.1157,15.9763,nan,nan,nan,nan,nan,nan,nan,nan,nan,nan
767,1786065122.1402,16.0008,nan,nan,nan,nan,nan,nan,nan,nan,nan,nan
768,1786065122.1583,16.0189,nan,nan,nan,nan,nan,nan,nan,nan,nan,nan
769,1786065122.1842,16.0448,nan,nan,nan,nan,nan,nan,nan,nan,nan,nan
770,1786065122.2023,16.0629,nan,nan,nan,nan,nan,nan,nan,nan,nan,nan
771,1786065122.2236,16.0841,nan,nan,nan,nan,nan,nan,nan,nan,nan,nan
772,1786065122.2454,16.1060,nan,nan,nan,nan,nan,nan,nan,nan,nan,nan
773,1786065122.2688,16.1294,nan,nan,nan,nan,nan,nan,nan,nan,nan,nan
774,1786065122.2880,16.1485,nan,nan,nan,nan,nan,nan,nan,nan,nan,nan
775,1786065122.3079,16.1685,nan,nan,nan,nan,nan,nan,nan,nan,nan,nan
776,1786065122.3253,16.1859,nan,nan,nan,nan,nan,nan,nan,nan,nan,nan
777,1786065122.3566,16.2172,nan,nan,nan,nan,nan,nan,nan,nan,nan,nan
778,1786065122.3741,16.2346,nan,nan,nan,nan,nan,nan,nan,nan,nan,nan
779,1786065122.3911,16.2517,nan,nan,nan,nan,nan,nan,nan,nan,nan,nan
780,1786065122.4173,16.2778,nan,nan,nan,nan,nan,nan,nan,nan,nan,nan
781,1786065122.4447,16.3052,nan,nan,nan,nan,nan,nan,nan,nan,nan,nan
782,1786065122.4573,16.3179,nan,nan,nan,nan,nan,nan,nan,nan,nan,nan
783,1786065122.4711,16.3316,nan,nan,nan,nan,nan,nan,nan,nan,nan,nan
784,1786065122.4927,16.3533,nan,nan,nan,nan,nan,nan,nan,nan,nan,nan
785,1786065122.5207,16.3813,nan,nan,nan,nan,nan,nan,nan,nan,nan,nan
786,1786065122.5374,16.3980,nan,nan,nan,nan,nan,nan,nan,nan,nan,nan
787,1786065122.5574,16.4179,nan,nan,nan,nan,nan,nan,nan,nan,nan,nan
788,1786065122.5812,16.4418,nan,nan,nan,nan,nan,nan,nan,nan,nan,nan
789,1786065122.6077,16.4683,nan,nan,nan,nan,nan,nan,nan,nan,nan,nan
790,1786065122.6170,16.4775,nan,nan,nan,nan,nan,nan,nan,nan,nan,nan
791,1786065122.6481,16.5086,nan,nan,nan,nan,nan,nan,nan,nan,nan,nan
792,1786065122.6606,16.5212,nan,nan,nan,nan,nan,nan,nan,nan,nan,nan
793,1786065122.6840,16.5446,nan,nan,nan,nan,nan,nan,nan,nan,nan,nan
794,1786065122.6997,16.5603,nan,nan,nan,nan,nan,nan,nan,nan,nan,nan
795,1786065122.7250,16.5856,nan,nan,nan,nan,nan,nan,nan,nan,nan,nan
796,1786065122.7460,16.6066,nan,nan,nan,nan,nan,nan,nan,nan,nan,nan
797,1786065122.7710,16.6316,nan,nan,nan,nan,nan,nan,nan,nan,nan,nan
798,1786065122.7845,16.6451,nan,nan,nan,nan,nan,nan,nan,nan,nan,nan
799,1786065122.8066,16.6672,nan,nan,nan,nan,nan,nan,nan,nan,nan,nan
800,1786065122.8352,16.6958,nan,nan,nan,nan,nan,nan,nan,nan,nan,nan
801,1786065122.8533,16.7139,nan,nan,nan,nan,nan,nan,nan,nan,nan,nan
802,1786065122.8663,16.7269,nan,nan,nan,nan,nan,nan,nan,nan,nan,nan
803,1786065122.8897,16.7502,nan,nan,nan,nan,nan,nan,nan,nan,nan,nan
804,1786065122.9100,16.7705,nan,nan,nan,nan,nan,nan,nan,nan,nan,nan
805,1786065122.9288,16.7893,nan,nan,nan,nan,nan,nan,nan,nan,nan,nan
806,1786065122.9482,16.8088,nan,nan,nan,nan,nan,nan,nan,nan,nan,nan
807,1786065122.9692,16.8298,nan,nan,nan,nan,nan,nan,nan,nan,nan,nan
808,1786065122.9901,16.8507,nan,nan,nan,nan,nan,nan,nan,nan,nan,nan
809,1786065123.0151,16.8756,nan,nan,nan,nan,nan,nan,nan,nan,nan,nan
810,1786065123.0304,16.8910,nan,nan,nan,nan,nan,nan,nan,nan,nan,nan
811,1786065123.0500,16.9106,nan,nan,nan,nan,nan,nan,nan,nan,nan,nan
812,1786065123.0716,16.9322,nan,nan,nan,nan,nan,nan,nan,nan,nan,nan
813,1786065123.0959,16.9565,nan,nan,nan,nan,nan,nan,nan,nan,nan,nan
814,1786065123.1145,16.9751,nan,nan,nan,nan,nan,nan,nan,nan,nan,nan
815,1786065123.1397,17.0003,nan,nan,nan,nan,nan,nan,nan,nan,nan,nan
816,1786065123.1579,17.0185,nan,nan,nan,nan,nan,nan,nan,nan,nan,nan
817,1786065123.1801,17.0407,nan,nan,nan,nan,nan,nan,nan,nan,nan,nan
818,1786065123.1978,17.0584,nan,nan,nan,nan,nan,nan,nan,nan,nan,nan
819,1786065123.2192,17.0798,nan,nan,nan,nan,nan,nan,nan,nan,nan,nan
820,1786065123.2510,17.1116,nan,nan,nan,nan,nan,nan,nan,nan,nan,nan
821,1786065123.2659,17.1265,nan,nan,nan,nan,nan,nan,nan,nan,nan,nan
822,1786065123.2818,17.1423,nan,nan,nan,nan,nan,nan,nan,nan,nan,nan
823,1786065123.3024,17.1630,nan,nan,nan,nan,nan,nan,nan,nan,nan,nan
824,1786065123.3366,17.1972,nan,nan,nan,nan,nan,nan,nan,nan,nan,nan
825,1786065123.3448,17.2054,nan,nan,nan,nan,nan,nan,nan,nan,nan,nan
826,1786065123.3702,17.2308,nan,nan,nan,nan,nan,nan,nan,nan,nan,nan
827,1786065123.4010,17.2615,nan,nan,nan,nan,nan,nan,nan,nan,nan,nan
828,1786065123.4111,17.2717,nan,nan,nan,nan,nan,nan,nan,nan,nan,nan
829,1786065123.4429,17.3034,nan,nan,nan,nan,nan,nan,nan,nan,nan,nan
830,1786065123.4558,17.3163,nan,nan,nan,nan,nan,nan,nan,nan,nan,nan
831,1786065123.4760,17.3365,nan,nan,nan,nan,nan,nan,nan,nan,nan,nan
832,1786065123.4967,17.3573,nan,nan,nan,nan,nan,nan,nan,nan,nan,nan
833,1786065123.5176,17.3782,nan,nan,nan,nan,nan,nan,nan,nan,nan,nan
834,1786065123.5340,17.3945,nan,nan,nan,nan,nan,nan,nan,nan,nan,nan
835,1786065123.5696,17.4302,nan,nan,nan,nan,nan,nan,nan,nan,nan,nan
836,1786065123.5809,17.4415,nan,nan,nan,nan,nan,nan,nan,nan,nan,nan
837,1786065123.6009,17.4615,nan,nan,nan,nan,nan,nan,nan,nan,nan,nan
838,1786065123.6207,17.4813,nan,nan,nan,nan,nan,nan,nan,nan,nan,nan
839,1786065123.6394,17.5000,nan,nan,nan,nan,nan,nan,nan,nan,nan,nan
840,1786065123.6612,17.5218,nan,nan,nan,nan,nan,nan,nan,nan,nan,nan
841,1786065123.6917,17.5523,nan,nan,nan,nan,nan,nan,nan,nan,nan,nan
842,1786065123.7034,17.5640,nan,nan,nan,nan,nan,nan,nan,nan,nan,nan
843,1786065123.7232,17.5838,nan,nan,nan,nan,nan,nan,nan,nan,nan,nan
844,1786065123.7452,17.6058,nan,nan,nan,nan,nan,nan,nan,nan,nan,nan
845,1786065123.7681,17.6287,nan,nan,nan,nan,nan,nan,nan,nan,nan,nan
846,1786065123.7858,17.6464,nan,nan,nan,nan,nan,nan,nan,nan,nan,nan
847,1786065123.8110,17.6716,nan,nan,nan,nan,nan,nan,nan,nan,nan,nan
848,1786065123.8302,17.6908,nan,nan,nan,nan,nan,nan,nan,nan,nan,nan
849,1786065123.8505,17.7111,nan,nan,nan,nan,nan,nan,nan,nan,nan,nan
850,1786065123.8725,17.7331,nan,nan,nan,nan,nan,nan,nan,nan,nan,nan
851,1786065123.8929,17.7535,nan,nan,nan,nan,nan,nan,nan,nan,nan,nan
852,1786065123.9139,17.7745,nan,nan,nan,nan,nan,nan,nan,nan,nan,nan
853,1786065123.9349,17.7955,nan,nan,nan,nan,nan,nan,nan,nan,nan,nan
854,1786065123.9563,17.8168,nan,nan,nan,nan,nan,nan,nan,nan,nan,nan
855,1786065123.9765,17.8370,nan,nan,nan,nan,nan,nan,nan,nan,nan,nan
856,1786065123.9960,17.8566,nan,nan,nan,nan,nan,nan,nan,nan,nan,nan
857,1786065124.0292,17.8898,nan,nan,nan,nan,nan,nan,nan,nan,nan,nan
858,1786065124.0422,17.9027,nan,nan,nan,nan,nan,nan,nan,nan,nan,nan
859,1786065124.0606,17.9211,nan,nan,nan,nan,nan,nan,nan,nan,nan,nan
860,1786065124.0844,17.9449,nan,nan,nan,nan,nan,nan,nan,nan,nan,nan
861,1786065124.1009,17.9615,nan,nan,nan,nan,nan,nan,nan,nan,nan,nan
862,1786065124.1245,17.9851,nan,nan,nan,nan,nan,nan,nan,nan,nan,nan
863,1786065124.1451,18.0056,nan,nan,nan,nan,nan,nan,nan,nan,nan,nan
864,1786065124.1653,18.0259,nan,nan,nan,nan,nan,nan,nan,nan,nan,nan
865,1786065124.1859,18.0465,nan,nan,nan,nan,nan,nan,nan,nan,nan,nan
866,1786065124.2035,18.0641,nan,nan,nan,nan,nan,nan,nan,nan,nan,nan
867,1786065124.2264,18.0870,nan,nan,nan,nan,nan,nan,nan,nan,nan,nan
868,1786065124.2530,18.1136,nan,nan,nan,nan,nan,nan,nan,nan,nan,nan
869,1786065124.2684,18.1290,nan,nan,nan,nan,nan,nan,nan,nan,nan,nan
870,1786065124.2892,18.1497,nan,nan,nan,nan,nan,nan,nan,nan,nan,nan
871,1786065124.3209,18.1815,nan,nan,nan,nan,nan,nan,nan,nan,nan,nan
872,1786065124.3334,18.1939,nan,nan,nan,nan,nan,nan,nan,nan,nan,nan
873,1786065124.3544,18.2150,nan,nan,nan,nan,nan,nan,nan,nan,nan,nan
874,1786065124.3759,18.2364,nan,nan,nan,nan,nan,nan,nan,nan,nan,nan
875,1786065124.3985,18.2591,nan,nan,nan,nan,nan,nan,nan,nan,nan,nan
876,1786065124.4161,18.2767,nan,nan,nan,nan,nan,nan,nan,nan,nan,nan
877,1786065124.4359,18.2965,nan,nan,nan,nan,nan,nan,nan,nan,nan,nan
878,1786065124.4617,18.3223,nan,nan,nan,nan,nan,nan,nan,nan,nan,nan
879,1786065124.4761,18.3367,nan,nan,nan,nan,nan,nan,nan,nan,nan,nan
880,1786065124.5018,18.3624,nan,nan,nan,nan,nan,nan,nan,nan,nan,nan
881,1786065124.5187,18.3793,nan,nan,nan,nan,nan,nan,nan,nan,nan,nan
882,1786065124.5413,18.4019,nan,nan,nan,nan,nan,nan,nan,nan,nan,nan
883,1786065124.5630,18.4236,nan,nan,nan,nan,nan,nan,nan,nan,nan,nan
884,1786065124.5822,18.4428,nan,nan,nan,nan,nan,nan,nan,nan,nan,nan
885,1786065124.6012,18.4618,nan,nan,nan,nan,nan,nan,nan,nan,nan,nan
886,1786065124.6206,18.4811,nan,nan,nan,nan,nan,nan,nan,nan,nan,nan
887,1786065124.6414,18.5020,nan,nan,nan,nan,nan,nan,nan,nan,nan,nan
888,1786065124.6689,18.5295,nan,nan,nan,nan,nan,nan,nan,nan,nan,nan
889,1786065124.6839,18.5445,nan,nan,nan,nan,nan,nan,nan,nan,nan,nan
890,1786065124.7047,18.5653,nan,nan,nan,nan,nan,nan,nan,nan,nan,nan
891,1786065124.7257,18.5863,nan,nan,nan,nan,nan,nan,nan,nan,nan,nan
892,1786065124.7471,18.6076,nan,nan,nan,nan,nan,nan,nan,nan,nan,nan
893,1786065124.7703,18.6309,nan,nan,nan,nan,nan,nan,nan,nan,nan,nan
894,1786065124.7910,18.6516,nan,nan,nan,nan,nan,nan,nan,nan,nan,nan
895,1786065124.8103,18.6709,nan,nan,nan,nan,nan,nan,nan,nan,nan,nan
896,1786065124.8312,18.6918,nan,nan,nan,nan,nan,nan,nan,nan,nan,nan
897,1786065124.8530,18.7136,nan,nan,nan,nan,nan,nan,nan,nan,nan,nan
898,1786065124.8720,18.7326,nan,nan,nan,nan,nan,nan,nan,nan,nan,nan
899,1786065124.8924,18.7530,nan,nan,nan,nan,nan,nan,nan,nan,nan,nan
900,1786065124.9118,18.7724,nan,nan,nan,nan,nan,nan,nan,nan,nan,nan
901,1786065124.9351,18.7957,nan,nan,nan,nan,nan,nan,nan,nan,nan,nan
902,1786065124.9547,18.8153,nan,nan,nan,nan,nan,nan,nan,nan,nan,nan
903,1786065124.9749,18.8355,nan,nan,nan,nan,nan,nan,nan,nan,nan,nan
904,1786065124.9954,18.8560,nan,nan,nan,nan,nan,nan,nan,nan,nan,nan
905,1786065125.0201,18.8807,nan,nan,nan,nan,nan,nan,nan,nan,nan,nan
906,1786065125.0391,18.8996,nan,nan,nan,nan,nan,nan,nan,nan,nan,nan
907,1786065125.0597,18.9203,nan,nan,nan,nan,nan,nan,nan,nan,nan,nan
908,1786065125.0807,18.9413,nan,nan,nan,nan,nan,nan,nan,nan,nan,nan
909,1786065125.1014,18.9620,nan,nan,nan,nan,nan,nan,nan,nan,nan,nan
910,1786065125.1214,18.9820,nan,nan,nan,nan,nan,nan,nan,nan,nan,nan
911,1786065125.1437,19.0043,nan,nan,nan,nan,nan,nan,nan,nan,nan,nan
912,1786065125.1642,19.0248,nan,nan,nan,nan,nan,nan,nan,nan,nan,nan
913,1786065125.1863,19.0468,nan,nan,nan,nan,nan,nan,nan,nan,nan,nan
914,1786065125.2064,19.0670,nan,nan,nan,nan,nan,nan,nan,nan,nan,nan
915,1786065125.2250,19.0856,nan,nan,nan,nan,nan,nan,nan,nan,nan,nan
916,1786065125.2469,19.1075,nan,nan,nan,nan,nan,nan,nan,nan,nan,nan
917,1786065125.2686,19.1292,nan,nan,nan,nan,nan,nan,nan,nan,nan,nan
918,1786065125.2873,19.1478,nan,nan,nan,nan,nan,nan,nan,nan,nan,nan
919,1786065125.3057,19.1662,nan,nan,nan,nan,nan,nan,nan,nan,nan,nan
920,1786065125.3314,19.1920,nan,nan,nan,nan,nan,nan,nan,nan,nan,nan
921,1786065125.3488,19.2094,nan,nan,nan,nan,nan,nan,nan,nan,nan,nan
922,1786065125.3713,19.2319,nan,nan,nan,nan,nan,nan,nan,nan,nan,nan
923,1786065125.3971,19.2577,nan,nan,nan,nan,nan,nan,nan,nan,nan,nan
924,1786065125.4086,19.2692,nan,nan,nan,nan,nan,nan,nan,nan,nan,nan
925,1786065125.4334,19.2940,nan,nan,nan,nan,nan,nan,nan,nan,nan,nan
926,1786065125.4541,19.3147,nan,nan,nan,nan,nan,nan,nan,nan,nan,nan
927,1786065125.4755,19.3361,nan,nan,nan,nan,nan,nan,nan,nan,nan,nan
928,1786065125.4905,19.3511,nan,nan,nan,nan,nan,nan,nan,nan,nan,nan
929,1786065125.5131,19.3737,nan,nan,nan,nan,nan,nan,nan,nan,nan,nan
930,1786065125.5313,19.3919,nan,nan,nan,nan,nan,nan,nan,nan,nan,nan
931,1786065125.5539,19.4145,nan,nan,nan,nan,nan,nan,nan,nan,nan,nan
932,1786065125.5739,19.4345,nan,nan,nan,nan,nan,nan,nan,nan,nan,nan
933,1786065125.6000,19.4606,nan,nan,nan,nan,nan,nan,nan,nan,nan,nan
934,1786065125.6169,19.4775,nan,nan,nan,nan,nan,nan,nan,nan,nan,nan
935,1786065125.6382,19.4988,nan,nan,nan,nan,nan,nan,nan,nan,nan,nan
936,1786065125.6582,19.5188,nan,nan,nan,nan,nan,nan,nan,nan,nan,nan
937,1786065125.6826,19.5432,nan,nan,nan,nan,nan,nan,nan,nan,nan,nan
938,1786065125.7010,19.5615,nan,nan,nan,nan,nan,nan,nan,nan,nan,nan
939,1786065125.7200,19.5806,nan,nan,nan,nan,nan,nan,nan,nan,nan,nan
940,1786065125.7436,19.6042,nan,nan,nan,nan,nan,nan,nan,nan,nan,nan
941,1786065125.7659,19.6265,nan,nan,nan,nan,nan,nan,nan,nan,nan,nan
942,1786065125.7881,19.6486,nan,nan,nan,nan,nan,nan,nan,nan,nan,nan
943,1786065125.8072,19.6678,nan,nan,nan,nan,nan,nan,nan,nan,nan,nan
944,1786065125.8270,19.6876,nan,nan,nan,nan,nan,nan,nan,nan,nan,nan
945,1786065125.8458,19.7064,nan,nan,nan,nan,nan,nan,nan,nan,nan,nan
946,1786065125.8674,19.7280,nan,nan,nan,nan,nan,nan,nan,nan,nan,nan
947,1786065125.8893,19.7499,nan,nan,nan,nan,nan,nan,nan,nan,nan,nan
948,1786065125.9119,19.7724,nan,nan,nan,nan,nan,nan,nan,nan,nan,nan
949,1786065125.9289,19.7895,nan,nan,nan,nan,nan,nan,nan,nan,nan,nan
950,1786065125.9487,19.8093,nan,nan,nan,nan,nan,nan,nan,nan,nan,nan
951,1786065125.9686,19.8292,nan,nan,nan,nan,nan,nan,nan,nan,nan,nan
952,1786065125.9891,19.8497,nan,nan,nan,nan,nan,nan,nan,nan,nan,nan
953,1786065126.0139,19.8744,245,0.960742,-2.294480,0.586669,0.233860,-0.022962,0.677327,0.716931,1605.79,751.75
954,1786065126.0315,19.8921,nan,nan,nan,nan,nan,nan,nan,nan,nan,nan
955,1786065126.0516,19.9122,245,0.988800,-2.323714,0.497242,0.241283,-0.020631,0.691992,0.733141,1609.83,756.29
956,1786065126.0792,19.9398,245,1.003102,-2.348070,0.460849,0.247124,-0.019542,0.700987,0.743529,1614.29,758.37
957,1786065126.0995,19.9600,245,1.002199,-2.361946,0.432313,0.251568,-0.020362,0.705992,0.749751,1618.83,756.79
958,1786065126.1198,19.9804,245,1.005574,-2.387606,0.379297,0.255274,-0.021282,0.710503,0.755269,1622.28,754.82
959,1786065126.1386,19.9992,245,1.007808,-2.414846,0.328070,0.257185,-0.021469,0.713379,0.758627,1623.63,754.11
960,1786065126.1592,20.0198,245,1.011320,-2.429751,0.305934,0.259756,-0.021026,0.716298,0.762232,1626.06,754.80
961,1786065126.1778,20.0384,245,1.006005,-2.436321,0.290756,0.262312,-0.020990,0.720112,0.766687,1628.05,754.86
962,1786065126.1997,20.0603,245,0.990588,-2.423901,0.253455,0.265799,-0.021351,0.725353,0.772814,1631.07,754.15
963,1786065126.2212,20.0817,245,0.968017,-2.407844,0.206466,0.269180,-0.021181,0.733378,0.781504,1632.35,754.42
964,1786065126.2410,20.1016,245,0.948429,-2.396731,0.173362,0.270512,-0.019899,0.737753,0.786036,1632.31,756.59
965,1786065126.2631,20.1237,245,0.928144,-2.409119,0.123812,0.272859,-0.017515,0.745049,0.793635,1631.97,760.52
966,1786065126.2853,20.1459,nan,nan,nan,nan,nan,nan,nan,nan,nan,nan
967,1786065126.3057,20.1663,245,0.895394,-2.482454,0.048894,0.275245,-0.015249,0.751438,0.800407,1631.59,763.63
968,1786065126.3274,20.1880,245,0.882799,-2.537695,-0.000768,0.275618,-0.014884,0.753118,0.802106,1630.71,763.57
969,1786065126.3477,20.2083,245,0.878462,-2.611302,-0.071954,0.275742,-0.012779,0.755777,0.804609,1628.63,766.22
970,1786065126.3715,20.2321,245,0.866430,-2.664755,-0.171811,0.276091,-0.010521,0.758279,0.807047,1627.34,768.89
971,1786065126.3900,20.2506,245,0.837805,-2.604834,-0.223721,0.275508,-0.009605,0.760475,0.808900,1626.25,770.22
972,1786065126.4111,20.2717,245,0.825769,-2.616186,-0.265628,0.276845,-0.009059,0.763628,0.812314,1626.55,770.73
973,1786065126.4311,20.2917,245,0.801220,-2.608251,-0.336012,0.278599,-0.009277,0.765747,0.814906,1628.43,769.71
974,1786065126.4520,20.3126,245,0.789106,-2.613777,-0.343833,0.281561,-0.010711,0.769659,0.819614,1630.80,767.26
975,1786065126.4750,20.3356,245,0.774056,-2.619322,-0.356445,0.284340,-0.010711,0.773598,0.824268,1632.87,767.22
976,1786065126.4936,20.3541,245,0.756924,-2.649202,-0.382074,0.288326,-0.008579,0.777652,0.829427,1636.41,770.54
977,1786065126.5138,20.3744,245,0.721800,-2.669360,-0.463658,0.290734,-0.007600,0.777639,0.830245,1640.04,771.33
978,1786065126.5345,20.3951,245,0.687263,-2.678290,-0.534379,0.293500,-0.007519,0.776062,0.829742,1645.20,770.74
979,1786065126.5630,20.4236,245,0.661836,-2.688399,-0.547585,0.296261,-0.007476,0.776455,0.831089,1649.11,770.66
980,1786065126.5754,20.4360,245,0.636569,-2.679471,-0.577156,0.298636,-0.006744,0.777451,0.832862,1652.33,771.67
981,1786065126.5984,20.4589,245,0.616840,-2.663759,-0.614801,0.300713,-0.006619,0.778897,0.834957,1654.89,771.63
982,1786065126.6157,20.4762,245,0.607115,-2.641902,-0.647994,0.301821,-0.007712,0.779769,0.836179,1656.35,769.62
983,1786065126.6367,20.4972,245,0.610332,-2.622663,-0.663601,0.302066,-0.009201,0.780588,0.837046,1656.48,767.10
984,1786065126.6588,20.5194,245,0.614328,-2.597828,-0.672810,0.301466,-0.010390,0.781264,0.837474,1655.47,765.15
985,1786065126.6804,20.5410,245,0.620213,-2.582227,-0.679672,0.301172,-0.011655,0.781611,0.837709,1655.00,763.05
986,1786065126.7105,20.5711,245,0.622882,-2.560011,-0.686615,0.300459,-0.013012,0.780568,0.836499,1654.78,760.77
987,1786065126.7343,20.5949,245,0.625829,-2.553424,-0.682441,0.300174,-0.013360,0.780447,0.836289,1654.49,760.24
988,1786065126.7446,20.6052,245,0.623752,-2.551243,-0.684740,0.300578,-0.014278,0.779642,0.835699,1655.59,758.66
989,1786065126.7618,20.6224,245,0.622424,-2.549212,-0.675410,0.300651,-0.014365,0.778973,0.835103,1656.11,758.56
990,1786065126.7877,20.6483,245,0.619456,-2.555106,-0.669042,0.300514,-0.013970,0.778998,0.835070,1655.82,759.25
991,1786065126.8052,20.6658,245,0.614889,-2.557813,-0.672952,0.299846,-0.013142,0.777499,0.833417,1655.67,760.53
992,1786065126.8346,20.6952,245,0.616852,-2.568389,-0.662410,0.300168,-0.013139,0.778226,0.834212,1655.60,760.61
993,1786065126.8484,20.7090,245,0.616240,-2.571466,-0.669253,0.299143,-0.013901,0.775551,0.831359,1655.57,759.16
994,1786065126.8656,20.7262,245,0.622573,-2.574679,-0.650200,0.298361,-0.014097,0.774838,0.830417,1654.75,758.95
995,1786065126.9019,20.7625,245,0.628298,-2.581112,-0.640315,0.297024,-0.013275,0.773358,0.828542,1653.50,760.33
996,1786065126.9102,20.7708,245,0.632978,-2.590338,-0.628211,0.295652,-0.012869,0.771797,0.826587,1652.20,761.02
997,1786065126.9292,20.7898,245,0.640601,-2.609305,-0.605866,0.294165,-0.011941,0.770829,0.825138,1650.23,762.68
998,1786065126.9501,20.8107,245,0.644338,-2.620136,-0.591997,0.292581,-0.011193,0.769372,0.823202,1648.51,763.98
999,1786065126.9692,20.8297,245,0.647053,-2.633161,-0.576297,0.291895,-0.010847,0.768567,0.822202,1647.74,764.63
1000,1786065126.9922,20.8528,245,0.646645,-2.641920,-0.570286,0.291072,-0.010792,0.765315,0.818869,1648.26,764.64
1001,1786065127.0222,20.8828,245,0.652062,-2.655956,-0.550823,0.290280,-0.010327,0.763679,0.817053,1647.78,765.51
1002,1786065127.0375,20.8981,245,0.651816,-2.668497,-0.544133,0.289545,-0.009864,0.761809,0.815038,1647.57,766.26
1003,1786065127.0556,20.9161,245,0.649431,-2.670871,-0.535631,0.289287,-0.009963,0.759088,0.812404,1648.73,766.07
1004,1786065127.0900,20.9506,245,0.647025,-2.670918,-0.525138,0.288975,-0.009638,0.756578,0.809944,1649.72,766.64
1005,1786065127.1055,20.9661,245,0.646722,-2.684166,-0.514175,0.289544,-0.009698,0.755728,0.809354,1650.92,766.57
1006,1786065127.1255,20.9861,245,0.650462,-2.700166,-0.505970,0.290066,-0.010488,0.754174,0.808101,1652.42,765.20
1007,1786065127.1497,21.0103,245,0.649849,-2.706649,-0.511939,0.289516,-0.011048,0.751294,0.805223,1653.19,764.06
1008,1786065127.1653,21.0259,245,0.651722,-2.715919,-0.513407,0.289068,-0.011806,0.749503,0.803402,1653.43,762.64
1009,1786065127.1900,21.0506,245,0.655524,-2.731818,-0.520604,0.288695,-0.012394,0.747511,0.801418,1653.82,761.44
1010,1786065127.2089,21.0694,245,0.658261,-2.743719,-0.521489,0.288332,-0.013050,0.745129,0.799076,1654.50,760.17
1011,1786065127.2286,21.0892,245,0.664727,-2.764070,-0.519119,0.287474,-0.013004,0.743723,0.797455,1653.70,760.17
1012,1786065127.2501,21.1107,245,0.668073,-2.769611,-0.517760,0.286721,-0.012946,0.742719,0.796246,1653.03,760.23
1013,1786065127.2760,21.1365,245,0.671329,-2.786179,-0.519210,0.285600,-0.012467,0.741147,0.794368,1651.97,760.94
1014,1786065127.2897,21.1503,245,0.672225,-2.795923,-0.530335,0.284544,-0.011837,0.740229,0.793123,1650.73,761.88
1015,1786065127.3127,21.1733,245,0.672651,-2.807452,-0.544639,0.283438,-0.011665,0.739013,0.791589,1649.56,761.97
1016,1786065127.3363,21.1969,245,0.670861,-2.815874,-0.561996,0.282366,-0.011678,0.737642,0.789925,1648.59,761.71
1017,1786065127.3544,21.2150,245,0.670717,-2.819047,-0.571167,0.281952,-0.011574,0.737681,0.789813,1647.88,761.80
1018,1786065127.3860,21.2466,245,0.670965,-2.829177,-0.585073,0.281200,-0.011512,0.736570,0.788506,1647.22,761.72
1019,1786065127.4021,21.2627,245,0.671242,-2.838320,-0.583124,0.280517,-0.011173,0.735887,0.787620,1646.41,762.29
1020,1786065127.4158,21.2764,245,0.668938,-2.838620,-0.592258,0.280477,-0.011408,0.735289,0.787050,1646.72,761.77
1021,1786065127.4308,21.2914,245,0.669564,-2.841698,-0.591790,0.281176,-0.012136,0.735367,0.787383,1647.75,760.48
1022,1786065127.4488,21.3094,245,0.673680,-2.852983,-0.587167,0.281393,-0.012755,0.734003,0.786197,1648.75,759.36
1023,1786065127.4758,21.3364,245,0.674402,-2.853717,-0.595674,0.281512,-0.012605,0.733674,0.785929,1649.14,759.54
1024,1786065127.4964,21.3570,245,0.673849,-2.857912,-0.605890,0.281865,-0.012724,0.733247,0.785660,1649.93,759.21
1025,1786065127.5304,21.3910,245,0.674624,-2.862709,-0.612898,0.282308,-0.013263,0.732402,0.785039,1651.10,758.16
1026,1786065127.5418,21.4024,245,0.677210,-2.872049,-0.623380,0.282262,-0.013406,0.731491,0.784175,1651.47,757.76
1027,1786065127.5582,21.4188,245,0.679304,-2.875434,-0.623353,0.282355,-0.013323,0.730579,0.783357,1652.12,757.87
1028,1786065127.5934,21.4540,245,0.679814,-2.871375,-0.637913,0.283182,-0.013335,0.730435,0.783521,1653.62,757.73
1029,1786065127.6064,21.4670,245,0.678661,-2.867358,-0.654058,0.284106,-0.013811,0.730421,0.783850,1655.19,756.77
1030,1786065127.6168,21.4774,245,0.683334,-2.872050,-0.664219,0.284318,-0.014627,0.729012,0.782630,1656.34,755.16
1031,1786065127.6454,21.5060,245,0.683120,-2.872013,-0.677089,0.284718,-0.015289,0.729293,0.783050,1656.83,753.90
1032,1786065127.6754,21.5359,245,0.686615,-2.869149,-0.685047,0.285185,-0.015827,0.729311,0.783246,1657.61,752.89
1033,1786065127.6893,21.5499,245,0.686709,-2.866145,-0.691447,0.285835,-0.016535,0.729563,0.783733,1658.54,751.60
1034,1786065127.7027,21.5633,245,0.690463,-2.866294,-0.693279,0.286415,-0.016850,0.729694,0.784074,1659.39,751.04
1035,1786065127.7318,21.5924,245,0.692716,-2.869443,-0.691388,0.286653,-0.016808,0.729923,0.784372,1659.58,751.14
1036,1786065127.7467,21.6073,245,0.695138,-2.871329,-0.687559,0.287497,-0.016416,0.730561,0.785266,1660.51,751.91
1037,1786065127.7781,21.6387,245,0.695165,-2.872080,-0.680928,0.288040,-0.015793,0.731679,0.786493,1660.67,753.13
1038,1786065127.7880,21.6486,245,0.691985,-2.868234,-0.685463,0.288797,-0.015236,0.732899,0.787894,1661.20,754.15
1039,1786065127.8153,21.6759,245,0.687451,-2.864487,-0.688342,0.289531,-0.015022,0.733470,0.788690,1662.08,754.55
1040,1786065127.8309,21.6915,245,0.685584,-2.861370,-0.691320,0.290410,-0.014773,0.733384,0.788928,1663.58,754.97
1041,1786065127.8463,21.7068,245,0.682714,-2.856529,-0.695375,0.291721,-0.015141,0.733982,0.789975,1665.37,754.34
1042,1786065127.8685,21.7291,245,0.684343,-2.857486,-0.689801,0.292583,-0.015813,0.734378,0.790674,1666.46,753.22
1043,1786065127.8948,21.7554,245,0.685659,-2.850064,-0.688786,0.293067,-0.015805,0.735467,0.791865,1666.65,753.32
1044,1786065127.9177,21.7783,245,0.687003,-2.847819,-0.694937,0.293449,-0.015977,0.735460,0.792003,1667.29,752.97
1045,1786065127.9353,21.7959,245,0.688886,-2.841583,-0.696954,0.293858,-0.016439,0.735546,0.792244,1667.96,752.16
1046,1786065127.9538,21.8144,245,0.691264,-2.837344,-0.694327,0.293904,-0.016611,0.736453,0.793107,1667.51,751.94
1047,1786065127.9814,21.8420,245,0.689615,-2.825182,-0.696133,0.294145,-0.016483,0.737386,0.794060,1667.48,752.22
1048,1786065128.0047,21.8653,245,0.688671,-2.820289,-0.700215,0.294341,-0.016707,0.737437,0.794185,1667.82,751.80
1049,1786065128.0193,21.8799,245,0.690087,-2.816393,-0.695278,0.294591,-0.017218,0.738689,0.795451,1667.48,751.02
1050,1786065128.0452,21.9058,245,0.690934,-2.809233,-0.693231,0.294674,-0.017530,0.739577,0.796313,1667.14,750.55
1051,1786065128.0612,21.9218,245,0.687969,-2.802220,-0.693732,0.294694,-0.018192,0.739817,0.796558,1667.11,749.41
1052,1786065128.0807,21.9412,245,0.687742,-2.797498,-0.689699,0.295340,-0.018757,0.741160,0.798057,1667.35,748.54
1053,1786065128.1008,21.9614,245,0.688071,-2.793491,-0.685583,0.295662,-0.019436,0.742139,0.799102,1667.29,747.45
1054,1786065128.1207,21.9813,245,0.686082,-2.788162,-0.686927,0.295464,-0.019772,0.742341,0.799225,1666.92,746.87
1055,1786065128.1415,22.0021,245,0.684671,-2.784496,-0.685884,0.295386,-0.020247,0.743447,0.800235,1666.16,746.12
1056,1786065128.1642,22.0247,245,0.680669,-2.777437,-0.687404,0.294839,-0.020511,0.743862,0.800426,1665.14,745.67
1057,1786065128.1861,22.0467,245,0.682963,-2.775323,-0.684022,0.295125,-0.020706,0.745201,0.801781,1664.79,745.45
1058,1786065128.2064,22.0670,245,0.681901,-2.768611,-0.687356,0.294528,-0.021044,0.745187,0.801556,1663.95,744.84
1059,1786065128.2249,22.0855,245,0.682932,-2.767437,-0.683304,0.294384,-0.021570,0.746203,0.802463,1663.10,744.01
1060,1786065128.2460,22.1066,245,0.679494,-2.759146,-0.684711,0.294119,-0.021917,0.746723,0.802858,1662.48,743.44
1061,1786065128.2667,22.1273,245,0.682332,-2.760107,-0.682638,0.293621,-0.022125,0.747296,0.803215,1661.33,743.12
1062,1786065128.2880,22.1486,245,0.679388,-2.752862,-0.694567,0.293007,-0.021992,0.747366,0.803052,1660.44,743.27
1063,1786065128.3098,22.1704,245,0.681124,-2.758273,-0.696360,0.293138,-0.022123,0.747551,0.803276,1660.46,743.03
1064,1786065128.3284,22.1889,245,0.681103,-2.759963,-0.699366,0.293041,-0.022335,0.748156,0.803809,1659.92,742.67
1065,1786065128.3493,22.2099,245,0.679808,-2.759809,-0.703901,0.292843,-0.022250,0.748016,0.803605,1659.70,742.77
1066,1786065128.3703,22.2308,245,0.677417,-2.765459,-0.709747,0.292796,-0.021844,0.747747,0.803325,1659.74,743.40
1067,1786065128.3957,22.2563,245,0.676273,-2.766511,-0.719373,0.292464,-0.020989,0.746424,0.801951,1660.03,744.72
1068,1786065128.4147,22.2753,245,0.676427,-2.771450,-0.720155,0.292647,-0.019638,0.747070,0.802585,1659.88,747.10
1069,1786065128.4366,22.2972,245,0.676705,-2.779501,-0.721846,0.292882,-0.018431,0.746754,0.802347,1660.35,749.15
1070,1786065128.4546,22.3152,245,0.672951,-2.778501,-0.732744,0.292487,-0.017497,0.745865,0.801355,1660.31,750.65
1071,1786065128.4750,22.3356,245,0.674008,-2.787832,-0.732799,0.292056,-0.016539,0.745437,0.800779,1659.78,752.27
1072,1786065128.4963,22.3569,245,0.674142,-2.796332,-0.743263,0.291925,-0.016159,0.744811,0.800141,1659.87,752.81
1073,1786065128.5185,22.3791,245,0.675474,-2.796448,-0.748670,0.291225,-0.015832,0.744281,0.799385,1659.09,753.31
1074,1786065128.5389,22.3995,245,0.678968,-2.806130,-0.753308,0.290635,-0.015971,0.743218,0.798184,1658.69,752.96
1075,1786065128.5584,22.4190,245,0.683030,-2.810325,-0.759814,0.289950,-0.016310,0.742511,0.797283,1657.98,752.27
1076,1786065128.5790,22.4396,245,0.686274,-2.809519,-0.759390,0.289093,-0.017175,0.741503,0.796050,1657.23,750.70
1077,1786065128.5990,22.4595,245,0.691946,-2.815267,-0.755865,0.288412,-0.017940,0.741120,0.795463,1656.29,749.35
1078,1786065128.6216,22.4822,245,0.694528,-2.817949,-0.758257,0.287559,-0.018830,0.740098,0.794223,1655.52,747.70
1079,1786065128.6415,22.5021,245,0.697228,-2.819252,-0.760133,0.286249,-0.019367,0.739103,0.792835,1654.01,746.67
1080,1786065128.6623,22.5228,245,0.699566,-2.816701,-0.756211,0.284846,-0.019863,0.738876,0.792130,1651.93,745.80
1081,1786065128.6830,22.5436,245,0.705322,-2.821991,-0.752705,0.283674,-0.020576,0.738329,0.791216,1650.30,744.52
1082,1786065128.7057,22.5663,245,0.710085,-2.814768,-0.751869,0.281945,-0.021050,0.737536,0.789871,1648.10,743.63
1083,1786065128.7248,22.5854,245,0.719827,-2.812126,-0.742306,0.280228,-0.021810,0.737723,0.789455,1645.23,742.36
1084,1786065128.7463,22.6069,245,0.730854,-2.814364,-0.733881,0.278118,-0.022693,0.736627,0.787708,1642.43,740.77
1085,1786065128.7692,22.6297,245,0.736888,-2.806262,-0.729403,0.275926,-0.023572,0.736273,0.786631,1639.19,739.21
1086,1786065128.7879,22.6485,245,0.746281,-2.795833,-0.724755,0.273827,-0.025165,0.735808,0.785511,1636.17,736.39
1087,1786065128.8091,22.6697,245,0.755373,-2.792888,-0.711909,0.271795,-0.026601,0.735367,0.784439,1633.12,733.90
1088,1786065128.8288,22.6894,245,0.762560,-2.789003,-0.710500,0.269568,-0.027732,0.734483,0.782880,1630.05,731.81
1089,1786065128.8525,22.7131,245,0.771241,-2.778377,-0.703807,0.268766,-0.029151,0.734284,0.782469,1628.96,729.35
1090,1786065128.8724,22.7330,245,0.777183,-2.768702,-0.708552,0.266163,-0.030856,0.732917,0.780360,1625.62,726.15
1091,1786065128.8914,22.7520,245,0.787061,-2.766749,-0.709704,0.263813,-0.032436,0.731289,0.778096,1622.71,723.15
1092,1786065128.9122,22.7727,245,0.794191,-2.756041,-0.715268,0.261842,-0.034658,0.730325,0.776619,1620.13,719.04
1093,1786065128.9324,22.7930,245,0.800803,-2.748005,-0.722590,0.259850,-0.037153,0.728658,0.774496,1617.88,714.34
1094,1786065128.9558,22.8164,245,0.808639,-2.744692,-0.722506,0.257763,-0.039125,0.727982,0.773260,1614.81,710.71
1095,1786065128.9746,22.8352,245,0.813017,-2.738718,-0.729611,0.255706,-0.041279,0.726325,0.771127,1612.40,706.57
1096,1786065128.9950,22.8556,245,0.816902,-2.733534,-0.734341,0.253846,-0.043686,0.724604,0.769023,1610.31,701.98
1097,1786065129.0171,22.8776,245,0.823335,-2.724934,-0.741230,0.251401,-0.045810,0.722490,0.766351,1607.52,697.80
1098,1786065129.0367,22.8973,245,0.825842,-2.717720,-0.754710,0.248627,-0.047874,0.720197,0.763408,1604.24,693.61
1099,1786065129.0586,22.9191,245,0.832324,-2.720964,-0.755733,0.246975,-0.050206,0.719433,0.762300,1601.77,689.22
1100,1786065129.0787,22.9393,245,0.835858,-2.715674,-0.764630,0.244830,-0.052031,0.717320,0.759735,1599.39,685.50
1101,1786065129.1004,22.9610,245,0.841746,-2.720834,-0.770240,0.242528,-0.054114,0.716025,0.757919,1596.08,681.38
1102,1786065129.1195,22.9801,245,0.846602,-2.719232,-0.769686,0.239678,-0.055385,0.714355,0.755524,1592.16,678.74
1103,1786065129.1438,23.0044,245,0.852527,-2.724665,-0.768383,0.237163,-0.056180,0.712791,0.753308,1588.63,676.98
1104,1786065129.1634,23.0240,245,0.858978,-2.731225,-0.774734,0.234485,-0.056780,0.711501,0.751293,1584.65,675.52
1105,1786065129.1832,23.0437,245,0.863844,-2.732509,-0.774375,0.232053,-0.057983,0.710231,0.749426,1581.11,673.03
1106,1786065129.2047,23.0652,245,0.870517,-2.740961,-0.782003,0.229343,-0.059262,0.708334,0.746892,1577.31,670.19
1107,1786065129.2243,23.0848,245,0.876491,-2.743499,-0.776156,0.226746,-0.060305,0.706125,0.744085,1573.94,667.87
1108,1786065129.2457,23.1062,245,0.887119,-2.747528,-0.772393,0.223854,-0.060184,0.703931,0.741115,1570.02,667.66
1109,1786065129.2661,23.1267,245,0.898230,-2.748875,-0.758661,0.221499,-0.058490,0.702400,0.738816,1566.74,670.63
1110,1786065129.2880,23.1486,245,0.910438,-2.743406,-0.734117,0.218663,-0.054745,0.701260,0.736598,1562.53,677.62
1111,1786065129.3086,23.1692,245,0.930989,-2.754105,-0.642366,0.216208,-0.047213,0.704607,0.738543,1556.31,692.99
1112,1786065129.3291,23.1897,245,0.955878,-2.742206,-0.609173,0.211974,-0.036833,0.702631,0.734833,1550.19,712.49
1113,1786065129.3499,23.2105,245,0.965494,-2.732889,-0.605464,0.207877,-0.027891,0.701771,0.732443,1543.66,729.22
1114,1786065129.3712,23.2318,245,0.980634,-2.740029,-0.586107,0.203260,-0.020738,0.699888,0.729101,1536.31,742.68
1115,1786065129.3912,23.2518,245,0.987232,-2.724029,-0.559928,0.200391,-0.016238,0.698505,0.726863,1532.12,751.44
1116,1786065129.4110,23.2716,245,1.005016,-2.725629,-0.517454,0.198545,-0.012627,0.698576,0.726353,1528.61,758.73
1117,1786065129.4367,23.2973,245,1.019672,-2.715195,-0.473951,0.194387,-0.008394,0.699062,0.725633,1520.94,767.29
1118,1786065129.4549,23.3155,245,1.029910,-2.697603,-0.425514,0.190593,-0.003942,0.699071,0.724597,1514.23,776.38
1119,1786065129.4746,23.3351,245,1.038572,-2.670002,-0.359859,0.187283,0.001383,0.700087,0.724706,1508.00,787.43
1120,1786065129.4951,23.3556,245,1.038021,-2.653881,-0.333566,0.183528,0.007644,0.699373,0.723093,1501.73,799.74
1121,1786065129.5159,23.3765,245,1.036272,-2.642933,-0.297527,0.180616,0.013505,0.698826,0.721916,1496.75,811.40
1122,1786065129.5404,23.4010,245,1.032632,-2.619317,-0.244104,0.177539,0.018652,0.698828,0.721269,1491.34,822.03
1123,1786065129.5617,23.4223,245,1.032018,-2.635160,-0.218526,0.174649,0.024365,0.699358,0.721248,1485.43,833.10
1124,1786065129.5847,23.4453,245,1.026086,-2.636199,-0.229349,0.171592,0.029725,0.698858,0.720229,1480.07,843.22
1125,1786065129.6005,23.4611,245,1.030589,-2.663025,-0.206000,0.169614,0.033749,0.699476,0.720538,1475.57,850.96
1126,1786065129.6266,23.4872,245,1.035574,-2.683156,-0.177462,0.167582,0.037042,0.700604,0.721320,1470.85,857.36
1127,1786065129.6531,23.5136,245,1.072843,-2.697781,0.108936,0.165509,0.039122,0.700113,0.720474,1465.46,864.72
1128,1786065129.6608,23.5214,245,1.071612,-2.684850,0.117040,0.162152,0.042322,0.701318,0.721063,1458.92,870.91
1129,1786065129.6791,23.5397,245,1.071429,-2.672559,0.133140,0.158017,0.046095,0.702309,0.721341,1450.97,878.29
1130,1786065129.7147,23.5753,245,1.065900,-2.652859,0.132878,0.152974,0.050116,0.703163,0.721353,1441.63,886.04
1131,1786065129.7302,23.5908,245,1.071697,-2.636981,0.137823,0.146878,0.055887,0.705347,0.722642,1429.63,896.93
1132,1786065129.7416,23.6022,245,1.082547,-2.641521,0.210986,0.141016,0.061003,0.707104,0.723604,1417.53,907.22
1133,1786065129.7689,23.6294,245,1.085258,-2.626778,0.245473,0.135460,0.065096,0.709238,0.724987,1406.45,915.16
1134,1786065129.7863,23.6469,245,1.087111,-2.619579,0.296171,0.130943,0.067644,0.710222,0.725353,1397.53,920.47
1135,1786065129.8043,23.6649,245,1.084773,-2.605826,0.310292,0.127568,0.067799,0.712630,0.727126,1390.65,920.65
1136,1786065129.8289,23.6895,245,1.087613,-2.603972,0.316928,0.123932,0.068059,0.714939,0.728786,1383.18,920.88
1137,1786065129.8497,23.7103,245,1.091011,-2.595422,0.320943,0.119957,0.068813,0.716804,0.730023,1375.35,922.13
1138,1786065129.8705,23.7310,245,1.094741,-2.604609,0.329679,0.116246,0.069957,0.719933,0.732605,1367.37,923.78
1139,1786065129.8943,23.7549,245,1.094329,-2.600370,0.326642,0.113059,0.071615,0.722286,0.734580,1360.90,926.48
1140,1786065129.9153,23.7759,245,1.094844,-2.601949,0.328516,0.110180,0.073234,0.724540,0.736520,1354.93,929.12
1141,1786065129.9327,23.7933,245,1.093240,-2.604640,0.325287,0.107767,0.074667,0.727624,0.739341,1349.66,931.16
1142,1786065129.9546,23.8152,245,1.087858,-2.596976,0.328404,0.105473,0.075150,0.729574,0.740979,1345.08,931.81
1143,1786065129.9770,23.8375,245,1.089963,-2.601374,0.321990,0.103850,0.075655,0.731791,0.742984,1341.51,932.25
1144,1786065129.9998,23.8603,245,1.089344,-2.599912,0.308132,0.103103,0.075845,0.734895,0.745958,1339.48,931.88
1145,1786065130.0172,23.8778,245,1.091052,-2.603468,0.298127,0.102160,0.076715,0.737637,0.748619,1337.07,932.83
1146,1786065130.0386,23.8992,245,1.090682,-2.598861,0.286458,0.101174,0.077760,0.740199,0.751117,1334.78,934.16
1147,1786065130.0624,23.9230,245,1.092371,-2.592544,0.274303,0.100448,0.078794,0.742042,0.752944,1333.15,935.60
1148,1786065130.0819,23.9425,245,1.095442,-2.595025,0.259262,0.100210,0.080404,0.744835,0.755835,1332.05,937.79
1149,1786065130.0991,23.9597,245,1.093528,-2.590629,0.259835,0.100565,0.081087,0.746404,0.757501,1332.36,938.73
1150,1786065130.1213,23.9819,245,1.090527,-2.594779,0.246402,0.101398,0.081630,0.748699,0.759931,1333.33,939.08
1151,1786065130.1428,24.0034,245,1.092258,-2.605685,0.233049,0.103375,0.081452,0.751380,0.762819,1336.11,938.00
1152,1786065130.1658,24.0264,245,1.086980,-2.604065,0.215655,0.105174,0.080944,0.753298,0.764900,1338.99,936.53
1153,1786065130.1832,24.0437,245,1.081447,-2.602801,0.186585,0.106534,0.080135,0.754100,0.765792,1341.42,934.65
1154,1786065130.2030,24.0636,245,1.077812,-2.605934,0.167326,0.108050,0.078396,0.755242,0.766949,1343.92,931.11
1155,1786065130.2252,24.0857,245,1.080848,-2.624046,0.146925,0.110356,0.075688,0.757539,0.769268,1347.29,925.54
1156,1786065130.2464,24.1070,245,1.082817,-2.641042,0.105619,0.112929,0.073082,0.759857,0.771672,1351.21,919.97
1157,1786065130.2657,24.1263,245,1.084806,-2.661208,0.063320,0.116282,0.069451,0.761473,0.773424,1356.62,912.69
1158,1786065130.2869,24.1475,245,1.065481,-2.633095,-0.014498,0.118556,0.065553,0.758957,0.770953,1362.17,905.56
1159,1786065130.3092,24.1698,245,1.063608,-2.643639,-0.046223,0.121046,0.062838,0.758525,0.770688,1366.68,900.38
1160,1786065130.3295,24.1901,245,1.047546,-2.610119,-0.067830,0.121989,0.060583,0.756070,0.768241,1369.70,896.71
1161,1786065130.3511,24.2117,245,1.037051,-2.607900,-0.103647,0.123426,0.059177,0.754489,0.766805,1372.92,894.05
1162,1786065130.3736,24.2342,245,1.027895,-2.600435,-0.126962,0.124544,0.057857,0.753461,0.765873,1375.44,891.62
1163,1786065130.3957,24.2562,245,1.020230,-2.609273,-0.185385,0.126163,0.057099,0.752011,0.764655,1378.84,889.75
1164,1786065130.4149,24.2755,245,1.014882,-2.598861,-0.191436,0.128103,0.055795,0.750736,0.763628,1382.84,887.56
1165,1786065130.4328,24.2934,245,1.007921,-2.598328,-0.225218,0.130456,0.054155,0.750379,0.763557,1387.26,884.28
1166,1786065130.4587,24.3193,245,1.003791,-2.596149,-0.252406,0.132891,0.051571,0.747950,0.761412,1392.47,879.62
1167,1786065130.4758,24.3364,245,0.998998,-2.595130,-0.277054,0.135885,0.048902,0.746127,0.759975,1398.47,874.72
1168,1786065130.4952,24.3557,nan,nan,nan,nan,nan,nan,nan,nan,nan,nan
1169,1786065130.5197,24.3803,nan,nan,nan,nan,nan,nan,nan,nan,nan,nan
1170,1786065130.5383,24.3988,nan,nan,nan,nan,nan,nan,nan,nan,nan,nan
1171,1786065130.5618,24.4224,nan,nan,nan,nan,nan,nan,nan,nan,nan,nan
1172,1786065130.5816,24.4422,nan,nan,nan,nan,nan,nan,nan,nan,nan,nan
1173,1786065130.6023,24.4629,nan,nan,nan,nan,nan,nan,nan,nan,nan,nan
1174,1786065130.6218,24.4824,nan,nan,nan,nan,nan,nan,nan,nan,nan,nan
1175,1786065130.6419,24.5024,nan,nan,nan,nan,nan,nan,nan,nan,nan,nan
1176,1786065130.6606,24.5212,nan,nan,nan,nan,nan,nan,nan,nan,nan,nan
1177,1786065130.6828,24.5434,nan,nan,nan,nan,nan,nan,nan,nan,nan,nan
1178,1786065130.7043,24.5649,nan,nan,nan,nan,nan,nan,nan,nan,nan,nan
1179,1786065130.7279,24.5885,nan,nan,nan,nan,nan,nan,nan,nan,nan,nan
1180,1786065130.7464,24.6070,nan,nan,nan,nan,nan,nan,nan,nan,nan,nan
1181,1786065130.7646,24.6252,nan,nan,nan,nan,nan,nan,nan,nan,nan,nan
1182,1786065130.7866,24.6472,nan,nan,nan,nan,nan,nan,nan,nan,nan,nan
1183,1786065130.8104,24.6710,nan,nan,nan,nan,nan,nan,nan,nan,nan,nan
1184,1786065130.8299,24.6905,nan,nan,nan,nan,nan,nan,nan,nan,nan,nan
1185,1786065130.8500,24.7106,nan,nan,nan,nan,nan,nan,nan,nan,nan,nan
1186,1786065130.8693,24.7299,nan,nan,nan,nan,nan,nan,nan,nan,nan,nan
1187,1786065130.8919,24.7525,nan,nan,nan,nan,nan,nan,nan,nan,nan,nan
1188,1786065130.9097,24.7703,nan,nan,nan,nan,nan,nan,nan,nan,nan,nan
1189,1786065130.9301,24.7907,nan,nan,nan,nan,nan,nan,nan,nan,nan,nan
1190,1786065130.9538,24.8143,nan,nan,nan,nan,nan,nan,nan,nan,nan,nan
1191,1786065130.9742,24.8348,nan,nan,nan,nan,nan,nan,nan,nan,nan,nan
1192,1786065130.9930,24.8535,nan,nan,nan,nan,nan,nan,nan,nan,nan,nan
1193,1786065131.0132,24.8737,nan,nan,nan,nan,nan,nan,nan,nan,nan,nan
1194,1786065131.0351,24.8957,nan,nan,nan,nan,nan,nan,nan,nan,nan,nan
1195,1786065131.0564,24.9169,nan,nan,nan,nan,nan,nan,nan,nan,nan,nan
1196,1786065131.0776,24.9382,nan,nan,nan,nan,nan,nan,nan,nan,nan,nan
1197,1786065131.0978,24.9584,nan,nan,nan,nan,nan,nan,nan,nan,nan,nan
1198,1786065131.1170,24.9776,nan,nan,nan,nan,nan,nan,nan,nan,nan,nan
1199,1786065131.1383,24.9989,nan,nan,nan,nan,nan,nan,nan,nan,nan,nan
1200,1786065131.1612,25.0218,nan,nan,nan,nan,nan,nan,nan,nan,nan,nan
1201,1786065131.1795,25.0401,nan,nan,nan,nan,nan,nan,nan,nan,nan,nan
1202,1786065131.2023,25.0629,nan,nan,nan,nan,nan,nan,nan,nan,nan,nan
1203,1786065131.2234,25.0839,nan,nan,nan,nan,nan,nan,nan,nan,nan,nan
1204,1786065131.2477,25.1082,nan,nan,nan,nan,nan,nan,nan,nan,nan,nan
1205,1786065131.2654,25.1260,nan,nan,nan,nan,nan,nan,nan,nan,nan,nan
1206,1786065131.2846,25.1452,nan,nan,nan,nan,nan,nan,nan,nan,nan,nan
1207,1786065131.3056,25.1662,nan,nan,nan,nan,nan,nan,nan,nan,nan,nan
1208,1786065131.3309,25.1915,nan,nan,nan,nan,nan,nan,nan,nan,nan,nan
1209,1786065131.3571,25.2176,nan,nan,nan,nan,nan,nan,nan,nan,nan,nan
1210,1786065131.3737,25.2343,nan,nan,nan,nan,nan,nan,nan,nan,nan,nan
1211,1786065131.3870,25.2476,nan,nan,nan,nan,nan,nan,nan,nan,nan,nan
1212,1786065131.4108,25.2714,nan,nan,nan,nan,nan,nan,nan,nan,nan,nan
1213,1786065131.4327,25.2933,nan,nan,nan,nan,nan,nan,nan,nan,nan,nan
1214,1786065131.4499,25.3105,nan,nan,nan,nan,nan,nan,nan,nan,nan,nan
1215,1786065131.4713,25.3319,nan,nan,nan,nan,nan,nan,nan,nan,nan,nan
1216,1786065131.4937,25.3543,nan,nan,nan,nan,nan,nan,nan,nan,nan,nan
1217,1786065131.5175,25.3781,nan,nan,nan,nan,nan,nan,nan,nan,nan,nan
1218,1786065131.5395,25.4001,nan,nan,nan,nan,nan,nan,nan,nan,nan,nan
1219,1786065131.5548,25.4154,nan,nan,nan,nan,nan,nan,nan,nan,nan,nan
1220,1786065131.5781,25.4387,nan,nan,nan,nan,nan,nan,nan,nan,nan,nan
1221,1786065131.5961,25.4567,nan,nan,nan,nan,nan,nan,nan,nan,nan,nan
1222,1786065131.6173,25.4779,nan,nan,nan,nan,nan,nan,nan,nan,nan,nan
1223,1786065131.6420,25.5025,nan,nan,nan,nan,nan,nan,nan,nan,nan,nan
1224,1786065131.6589,25.5195,nan,nan,nan,nan,nan,nan,nan,nan,nan,nan
1225,1786065131.6828,25.5434,nan,nan,nan,nan,nan,nan,nan,nan,nan,nan
1226,1786065131.7010,25.5616,nan,nan,nan,nan,nan,nan,nan,nan,nan,nan
1227,1786065131.7230,25.5836,nan,nan,nan,nan,nan,nan,nan,nan,nan,nan
1228,1786065131.7419,25.6025,nan,nan,nan,nan,nan,nan,nan,nan,nan,nan
1229,1786065131.7636,25.6241,nan,nan,nan,nan,nan,nan,nan,nan,nan,nan
1230,1786065131.7823,25.6429,nan,nan,nan,nan,nan,nan,nan,nan,nan,nan
1231,1786065131.8049,25.6654,nan,nan,nan,nan,nan,nan,nan,nan,nan,nan
1232,1786065131.8277,25.6883,nan,nan,nan,nan,nan,nan,nan,nan,nan,nan
1233,1786065131.8484,25.7090,nan,nan,nan,nan,nan,nan,nan,nan,nan,nan
1234,1786065131.8683,25.7289,nan,nan,nan,nan,nan,nan,nan,nan,nan,nan
1235,1786065131.8874,25.7480,nan,nan,nan,nan,nan,nan,nan,nan,nan,nan
1236,1786065131.9111,25.7717,nan,nan,nan,nan,nan,nan,nan,nan,nan,nan
1237,1786065131.9428,25.8034,nan,nan,nan,nan,nan,nan,nan,nan,nan,nan
1238,1786065131.9533,25.8139,nan,nan,nan,nan,nan,nan,nan,nan,nan,nan
1239,1786065131.9859,25.8465,nan,nan,nan,nan,nan,nan,nan,nan,nan,nan
1240,1786065132.0034,25.8639,nan,nan,nan,nan,nan,nan,nan,nan,nan,nan
1241,1786065132.0170,25.8776,nan,nan,nan,nan,nan,nan,nan,nan,nan,nan
1242,1786065132.0481,25.9086,nan,nan,nan,nan,nan,nan,nan,nan,nan,nan
1243,1786065132.0592,25.9197,nan,nan,nan,nan,nan,nan,nan,nan,nan,nan
1244,1786065132.0774,25.9380,nan,nan,nan,nan,nan,nan,nan,nan,nan,nan
1245,1786065132.0997,25.9603,nan,nan,nan,nan,nan,nan,nan,nan,nan,nan
1246,1786065132.1336,25.9942,nan,nan,nan,nan,nan,nan,nan,nan,nan,nan
1247,1786065132.1434,26.0040,nan,nan,nan,nan,nan,nan,nan,nan,nan,nan
1248,1786065132.1586,26.0191,nan,nan,nan,nan,nan,nan,nan,nan,nan,nan
1249,1786065132.1783,26.0389,nan,nan,nan,nan,nan,nan,nan,nan,nan,nan
1250,1786065132.2015,26.0621,nan,nan,nan,nan,nan,nan,nan,nan,nan,nan
1251,1786065132.2226,26.0832,nan,nan,nan,nan,nan,nan,nan,nan,nan,nan
1252,1786065132.2436,26.1042,nan,nan,nan,nan,nan,nan,nan,nan,nan,nan
1253,1786065132.2639,26.1245,nan,nan,nan,nan,nan,nan,nan,nan,nan,nan
1254,1786065132.2837,26.1443,nan,nan,nan,nan,nan,nan,nan,nan,nan,nan
1255,1786065132.3052,26.1658,nan,nan,nan,nan,nan,nan,nan,nan,nan,nan
1256,1786065132.3389,26.1994,nan,nan,nan,nan,nan,nan,nan,nan,nan,nan
1257,1786065132.3502,26.2108,nan,nan,nan,nan,nan,nan,nan,nan,nan,nan
1258,1786065132.3691,26.2297,nan,nan,nan,nan,nan,nan,nan,nan,nan,nan
1259,1786065132.3862,26.2468,nan,nan,nan,nan,nan,nan,nan,nan,nan,nan
1260,1786065132.4199,26.2805,nan,nan,nan,nan,nan,nan,nan,nan,nan,nan
1261,1786065132.4324,26.2930,nan,nan,nan,nan,nan,nan,nan,nan,nan,nan
1262,1786065132.4628,26.3234,nan,nan,nan,nan,nan,nan,nan,nan,nan,nan
1263,1786065132.4772,26.3378,nan,nan,nan,nan,nan,nan,nan,nan,nan,nan
1264,1786065132.4931,26.3537,nan,nan,nan,nan,nan,nan,nan,nan,nan,nan
1265,1786065132.5191,26.3796,nan,nan,nan,nan,nan,nan,nan,nan,nan,nan
1266,1786065132.5341,26.3947,nan,nan,nan,nan,nan,nan,nan,nan,nan,nan
1267,1786065132.5555,26.4161,nan,nan,nan,nan,nan,nan,nan,nan,nan,nan
1268,1786065132.5762,26.4368,nan,nan,nan,nan,nan,nan,nan,nan,nan,nan
1269,1786065132.5997,26.4603,nan,nan,nan,nan,nan,nan,nan,nan,nan,nan
1270,1786065132.6340,26.4946,nan,nan,nan,nan,nan,nan,nan,nan,nan,nan
1271,1786065132.6459,26.5065,nan,nan,nan,nan,nan,nan,nan,nan,nan,nan
1272,1786065132.6642,26.5248,nan,nan,nan,nan,nan,nan,nan,nan,nan,nan
1273,1786065132.6900,26.5506,nan,nan,nan,nan,nan,nan,nan,nan,nan,nan
1274,1786065132.7075,26.5681,nan,nan,nan,nan,nan,nan,nan,nan,nan,nan
1275,1786065132.7363,26.5969,nan,nan,nan,nan,nan,nan,nan,nan,nan,nan
1276,1786065132.7563,26.6169,nan,nan,nan,nan,nan,nan,nan,nan,nan,nan
1277,1786065132.7689,26.6294,nan,nan,nan,nan,nan,nan,nan,nan,nan,nan
1278,1786065132.7966,26.6572,nan,nan,nan,nan,nan,nan,nan,nan,nan,nan
1279,1786065132.8136,26.6742,nan,nan,nan,nan,nan,nan,nan,nan,nan,nan
1280,1786065132.8284,26.6890,nan,nan,nan,nan,nan,nan,nan,nan,nan,nan
1281,1786065132.8589,26.7195,nan,nan,nan,nan,nan,nan,nan,nan,nan,nan
1282,1786065132.8740,26.7346,nan,nan,nan,nan,nan,nan,nan,nan,nan,nan
1283,1786065132.8906,26.7511,nan,nan,nan,nan,nan,nan,nan,nan,nan,nan
1284,1786065132.9202,26.7808,nan,nan,nan,nan,nan,nan,nan,nan,nan,nan
1285,1786065132.9340,26.7945,nan,nan,nan,nan,nan,nan,nan,nan,nan,nan
1286,1786065132.9622,26.8228,nan,nan,nan,nan,nan,nan,nan,nan,nan,nan
1287,1786065132.9803,26.8409,nan,nan,nan,nan,nan,nan,nan,nan,nan,nan
1288,1786065132.9988,26.8594,nan,nan,nan,nan,nan,nan,nan,nan,nan,nan
1289,1786065133.0157,26.8763,nan,nan,nan,nan,nan,nan,nan,nan,nan,nan
1290,1786065133.0393,26.8999,nan,nan,nan,nan,nan,nan,nan,nan,nan,nan
1291,1786065133.0636,26.9242,nan,nan,nan,nan,nan,nan,nan,nan,nan,nan
1292,1786065133.0783,26.9389,nan,nan,nan,nan,nan,nan,nan,nan,nan,nan
1293,1786065133.1034,26.9640,nan,nan,nan,nan,nan,nan,nan,nan,nan,nan
1294,1786065133.1261,26.9867,nan,nan,nan,nan,nan,nan,nan,nan,nan,nan
1295,1786065133.1431,27.0037,nan,nan,nan,nan,nan,nan,nan,nan,nan,nan
1296,1786065133.1647,27.0253,nan,nan,nan,nan,nan,nan,nan,nan,nan,nan
1297,1786065133.1847,27.0453,nan,nan,nan,nan,nan,nan,nan,nan,nan,nan
1298,1786065133.2059,27.0665,nan,nan,nan,nan,nan,nan,nan,nan,nan,nan
1299,1786065133.2293,27.0899,nan,nan,nan,nan,nan,nan,nan,nan,nan,nan
1300,1786065133.2488,27.1094,nan,nan,nan,nan,nan,nan,nan,nan,nan,nan
1301,1786065133.2652,27.1258,nan,nan,nan,nan,nan,nan,nan,nan,nan,nan
1302,1786065133.2994,27.1600,nan,nan,nan,nan,nan,nan,nan,nan,nan,nan
1303,1786065133.3117,27.1722,nan,nan,nan,nan,nan,nan,nan,nan,nan,nan
1304,1786065133.3334,27.1940,nan,nan,nan,nan,nan,nan,nan,nan,nan,nan
1305,1786065133.3494,27.2100,nan,nan,nan,nan,nan,nan,nan,nan,nan,nan
1306,1786065133.3712,27.2317,nan,nan,nan,nan,nan,nan,nan,nan,nan,nan
1307,1786065133.4064,27.2670,nan,nan,nan,nan,nan,nan,nan,nan,nan,nan
1308,1786065133.4197,27.2803,nan,nan,nan,nan,nan,nan,nan,nan,nan,nan
1309,1786065133.4374,27.2980,nan,nan,nan,nan,nan,nan,nan,nan,nan,nan
1310,1786065133.4582,27.3187,nan,nan,nan,nan,nan,nan,nan,nan,nan,nan
1311,1786065133.4768,27.3374,nan,nan,nan,nan,nan,nan,nan,nan,nan,nan
1312,1786065133.4987,27.3592,nan,nan,nan,nan,nan,nan,nan,nan,nan,nan
1313,1786065133.5201,27.3807,nan,nan,nan,nan,nan,nan,nan,nan,nan,nan
1314,1786065133.5379,27.3985,nan,nan,nan,nan,nan,nan,nan,nan,nan,nan
1315,1786065133.5533,27.4139,nan,nan,nan,nan,nan,nan,nan,nan,nan,nan
1316,1786065133.5716,27.4322,nan,nan,nan,nan,nan,nan,nan,nan,nan,nan
1317,1786065133.5973,27.4579,nan,nan,nan,nan,nan,nan,nan,nan,nan,nan
1318,1786065133.6172,27.4777,nan,nan,nan,nan,nan,nan,nan,nan,nan,nan
1319,1786065133.6345,27.4951,nan,nan,nan,nan,nan,nan,nan,nan,nan,nan
1320,1786065133.6556,27.5161,nan,nan,nan,nan,nan,nan,nan,nan,nan,nan
1321,1786065133.6760,27.5366,nan,nan,nan,nan,nan,nan,nan,nan,nan,nan
1322,1786065133.6983,27.5589,nan,nan,nan,nan,nan,nan,nan,nan,nan,nan
1323,1786065133.7169,27.5774,nan,nan,nan,nan,nan,nan,nan,nan,nan,nan
1324,1786065133.7387,27.5993,nan,nan,nan,nan,nan,nan,nan,nan,nan,nan
1325,1786065133.7603,27.6209,nan,nan,nan,nan,nan,nan,nan,nan,nan,nan
1326,1786065133.7806,27.6412,nan,nan,nan,nan,nan,nan,nan,nan,nan,nan
1327,1786065133.8142,27.6748,nan,nan,nan,nan,nan,nan,nan,nan,nan,nan
1328,1786065133.8304,27.6910,nan,nan,nan,nan,nan,nan,nan,nan,nan,nan
1329,1786065133.8494,27.7100,nan,nan,nan,nan,nan,nan,nan,nan,nan,nan
1330,1786065133.8725,27.7331,nan,nan,nan,nan,nan,nan,nan,nan,nan,nan
1331,1786065133.8939,27.7544,nan,nan,nan,nan,nan,nan,nan,nan,nan,nan
1332,1786065133.9141,27.7746,nan,nan,nan,nan,nan,nan,nan,nan,nan,nan
1333,1786065133.9348,27.7954,nan,nan,nan,nan,nan,nan,nan,nan,nan,nan
1334,1786065133.9536,27.8142,nan,nan,nan,nan,nan,nan,nan,nan,nan,nan
1335,1786065133.9745,27.8351,nan,nan,nan,nan,nan,nan,nan,nan,nan,nan
1336,1786065133.9940,27.8546,nan,nan,nan,nan,nan,nan,nan,nan,nan,nan
1337,1786065134.0164,27.8770,nan,nan,nan,nan,nan,nan,nan,nan,nan,nan
1338,1786065134.0414,27.9020,nan,nan,nan,nan,nan,nan,nan,nan,nan,nan
1339,1786065134.0599,27.9205,nan,nan,nan,nan,nan,nan,nan,nan,nan,nan
1340,1786065134.0783,27.9389,nan,nan,nan,nan,nan,nan,nan,nan,nan,nan
1341,1786065134.1006,27.9612,nan,nan,nan,nan,nan,nan,nan,nan,nan,nan
1342,1786065134.1201,27.9807,nan,nan,nan,nan,nan,nan,nan,nan,nan,nan
1343,1786065134.1397,28.0003,nan,nan,nan,nan,nan,nan,nan,nan,nan,nan
1344,1786065134.1629,28.0235,nan,nan,nan,nan,nan,nan,nan,nan,nan,nan
1345,1786065134.1834,28.0440,nan,nan,nan,nan,nan,nan,nan,nan,nan,nan
1346,1786065134.2020,28.0626,nan,nan,nan,nan,nan,nan,nan,nan,nan,nan
1347,1786065134.2178,28.0784,nan,nan,nan,nan,nan,nan,nan,nan,nan,nan
1348,1786065134.2425,28.1031,nan,nan,nan,nan,nan,nan,nan,nan,nan,nan
1349,1786065134.2624,28.1230,nan,nan,nan,nan,nan,nan,nan,nan,nan,nan
1350,1786065134.2851,28.1457,nan,nan,nan,nan,nan,nan,nan,nan,nan,nan
1351,1786065134.3033,28.1638,nan,nan,nan,nan,nan,nan,nan,nan,nan,nan
1352,1786065134.3234,28.1840,nan,nan,nan,nan,nan,nan,nan,nan,nan,nan
1353,1786065134.3455,28.2061,nan,nan,nan,nan,nan,nan,nan,nan,nan,nan
1354,1786065134.3714,28.2320,nan,nan,nan,nan,nan,nan,nan,nan,nan,nan
1355,1786065134.3923,28.2529,nan,nan,nan,nan,nan,nan,nan,nan,nan,nan
1356,1786065134.4137,28.2743,nan,nan,nan,nan,nan,nan,nan,nan,nan,nan
1357,1786065134.4352,28.2958,nan,nan,nan,nan,nan,nan,nan,nan,nan,nan
1358,1786065134.4564,28.3170,nan,nan,nan,nan,nan,nan,nan,nan,nan,nan
1359,1786065134.4763,28.3369,nan,nan,nan,nan,nan,nan,nan,nan,nan,nan
1360,1786065134.4970,28.3576,nan,nan,nan,nan,nan,nan,nan,nan,nan,nan
1361,1786065134.5179,28.3784,nan,nan,nan,nan,nan,nan,nan,nan,nan,nan
1362,1786065134.5388,28.3994,nan,nan,nan,nan,nan,nan,nan,nan,nan,nan
1363,1786065134.5596,28.4202,nan,nan,nan,nan,nan,nan,nan,nan,nan,nan
1364,1786065134.5801,28.4406,nan,nan,nan,nan,nan,nan,nan,nan,nan,nan
1365,1786065134.6139,28.4745,nan,nan,nan,nan,nan,nan,nan,nan,nan,nan
1366,1786065134.6259,28.4865,nan,nan,nan,nan,nan,nan,nan,nan,nan,nan
1367,1786065134.6464,28.5070,nan,nan,nan,nan,nan,nan,nan,nan,nan,nan
1368,1786065134.6691,28.5297,nan,nan,nan,nan,nan,nan,nan,nan,nan,nan
1369,1786065134.6874,28.5480,nan,nan,nan,nan,nan,nan,nan,nan,nan,nan
1370,1786065134.7089,28.5695,nan,nan,nan,nan,nan,nan,nan,nan,nan,nan
1371,1786065134.7297,28.5903,nan,nan,nan,nan,nan,nan,nan,nan,nan,nan
1372,1786065134.7601,28.6207,nan,nan,nan,nan,nan,nan,nan,nan,nan,nan
1373,1786065134.7715,28.6321,nan,nan,nan,nan,nan,nan,nan,nan,nan,nan
1374,1786065134.7902,28.6507,nan,nan,nan,nan,nan,nan,nan,nan,nan,nan
1375,1786065134.8093,28.6699,nan,nan,nan,nan,nan,nan,nan,nan,nan,nan
1376,1786065134.8306,28.6912,nan,nan,nan,nan,nan,nan,nan,nan,nan,nan
1377,1786065134.8519,28.7125,nan,nan,nan,nan,nan,nan,nan,nan,nan,nan
1378,1786065134.8732,28.7338,nan,nan,nan,nan,nan,nan,nan,nan,nan,nan
1379,1786065134.8923,28.7529,nan,nan,nan,nan,nan,nan,nan,nan,nan,nan
1380,1786065134.9142,28.7748,nan,nan,nan,nan,nan,nan,nan,nan,nan,nan
1381,1786065134.9339,28.7945,nan,nan,nan,nan,nan,nan,nan,nan,nan,nan
1382,1786065134.9551,28.8157,nan,nan,nan,nan,nan,nan,nan,nan,nan,nan
1383,1786065134.9770,28.8376,nan,nan,nan,nan,nan,nan,nan,nan,nan,nan
1384,1786065135.0065,28.8671,nan,nan,nan,nan,nan,nan,nan,nan,nan,nan
1385,1786065135.0181,28.8786,nan,nan,nan,nan,nan,nan,nan,nan,nan,nan
1386,1786065135.0458,28.9064,nan,nan,nan,nan,nan,nan,nan,nan,nan,nan
1387,1786065135.0604,28.9210,nan,nan,nan,nan,nan,nan,nan,nan,nan,nan
1388,1786065135.0813,28.9419,nan,nan,nan,nan,nan,nan,nan,nan,nan,nan
1389,1786065135.1016,28.9622,nan,nan,nan,nan,nan,nan,nan,nan,nan,nan
1390,1786065135.1202,28.9808,nan,nan,nan,nan,nan,nan,nan,nan,nan,nan
1391,1786065135.1420,29.0026,nan,nan,nan,nan,nan,nan,nan,nan,nan,nan
1392,1786065135.1677,29.0283,nan,nan,nan,nan,nan,nan,nan,nan,nan,nan
1393,1786065135.1840,29.0445,nan,nan,nan,nan,nan,nan,nan,nan,nan,nan
1394,1786065135.2095,29.0701,nan,nan,nan,nan,nan,nan,nan,nan,nan,nan
1395,1786065135.2297,29.0903,nan,nan,nan,nan,nan,nan,nan,nan,nan,nan
1396,1786065135.2512,29.1118,nan,nan,nan,nan,nan,nan,nan,nan,nan,nan
1397,1786065135.2661,29.1267,nan,nan,nan,nan,nan,nan,nan,nan,nan,nan
1398,1786065135.2917,29.1522,nan,nan,nan,nan,nan,nan,nan,nan,nan,nan
1399,1786065135.3051,29.1657,nan,nan,nan,nan,nan,nan,nan,nan,nan,nan
1400,1786065135.3258,29.1864,nan,nan,nan,nan,nan,nan,nan,nan,nan,nan
1401,1786065135.3460,29.2066,nan,nan,nan,nan,nan,nan,nan,nan,nan,nan
1402,1786065135.3724,29.2330,nan,nan,nan,nan,nan,nan,nan,nan,nan,nan
1403,1786065135.3873,29.2479,nan,nan,nan,nan,nan,nan,nan,nan,nan,nan
1404,1786065135.4115,29.2721,nan,nan,nan,nan,nan,nan,nan,nan,nan,nan
1405,1786065135.4304,29.2910,nan,nan,nan,nan,nan,nan,nan,nan,nan,nan
1406,1786065135.4524,29.3130,nan,nan,nan,nan,nan,nan,nan,nan,nan,nan
1407,1786065135.4732,29.3337,nan,nan,nan,nan,nan,nan,nan,nan,nan,nan
1408,1786065135.4942,29.3548,nan,nan,nan,nan,nan,nan,nan,nan,nan,nan
1409,1786065135.5155,29.3761,nan,nan,nan,nan,nan,nan,nan,nan,nan,nan
1410,1786065135.5387,29.3992,nan,nan,nan,nan,nan,nan,nan,nan,nan,nan
1411,1786065135.5570,29.4176,nan,nan,nan,nan,nan,nan,nan,nan,nan,nan
1412,1786065135.5802,29.4408,nan,nan,nan,nan,nan,nan,nan,nan,nan,nan
1413,1786065135.6003,29.4609,nan,nan,nan,nan,nan,nan,nan,nan,nan,nan
1414,1786065135.6259,29.4864,nan,nan,nan,nan,nan,nan,nan,nan,nan,nan
1415,1786065135.6411,29.5017,nan,nan,nan,nan,nan,nan,nan,nan,nan,nan
1416,1786065135.6615,29.5221,nan,nan,nan,nan,nan,nan,nan,nan,nan,nan
1417,1786065135.6849,29.5455,nan,nan,nan,nan,nan,nan,nan,nan,nan,nan
1418,1786065135.7023,29.5629,nan,nan,nan,nan,nan,nan,nan,nan,nan,nan
1419,1786065135.7215,29.5821,nan,nan,nan,nan,nan,nan,nan,nan,nan,nan
1420,1786065135.7429,29.6034,nan,nan,nan,nan,nan,nan,nan,nan,nan,nan
1421,1786065135.7652,29.6258,nan,nan,nan,nan,nan,nan,nan,nan,nan,nan
1422,1786065135.7850,29.6456,nan,nan,nan,nan,nan,nan,nan,nan,nan,nan
1423,1786065135.8046,29.6652,nan,nan,nan,nan,nan,nan,nan,nan,nan,nan
1424,1786065135.8271,29.6877,nan,nan,nan,nan,nan,nan,nan,nan,nan,nan
1425,1786065135.8512,29.7118,nan,nan,nan,nan,nan,nan,nan,nan,nan,nan
1426,1786065135.8726,29.7332,nan,nan,nan,nan,nan,nan,nan,nan,nan,nan
1427,1786065135.8899,29.7505,nan,nan,nan,nan,nan,nan,nan,nan,nan,nan
1428,1786065135.9099,29.7705,nan,nan,nan,nan,nan,nan,nan,nan,nan,nan
1429,1786065135.9317,29.7923,nan,nan,nan,nan,nan,nan,nan,nan,nan,nan
1430,1786065135.9543,29.8149,nan,nan,nan,nan,nan,nan,nan,nan,nan,nan
1431,1786065135.9736,29.8341,nan,nan,nan,nan,nan,nan,nan,nan,nan,nan
1432,1786065135.9923,29.8529,nan,nan,nan,nan,nan,nan,nan,nan,nan,nan
1433,1786065136.0170,29.8776,nan,nan,nan,nan,nan,nan,nan,nan,nan,nan
1434,1786065136.0374,29.8980,nan,nan,nan,nan,nan,nan,nan,nan,nan,nan
1435,1786065136.0666,29.9272,nan,nan,nan,nan,nan,nan,nan,nan,nan,nan
1436,1786065136.0809,29.9415,nan,nan,nan,nan,nan,nan,nan,nan,nan,nan
1437,1786065136.0987,29.9593,nan,nan,nan,nan,nan,nan,nan,nan,nan,nan
1438,1786065136.1193,29.9799,nan,nan,nan,nan,nan,nan,nan,nan,nan,nan
1439,1786065136.1410,30.0016,nan,nan,nan,nan,nan,nan,nan,nan,nan,nan
1440,1786065136.1640,30.0245,nan,nan,nan,nan,nan,nan,nan,nan,nan,nan
1441,1786065136.1841,30.0447,nan,nan,nan,nan,nan,nan,nan,nan,nan,nan
1442,1786065136.2050,30.0656,nan,nan,nan,nan,nan,nan,nan,nan,nan,nan
1443,1786065136.2256,30.0862,nan,nan,nan,nan,nan,nan,nan,nan,nan,nan
1444,1786065136.2426,30.1032,nan,nan,nan,nan,nan,nan,nan,nan,nan,nan
1445,1786065136.2673,30.1279,nan,nan,nan,nan,nan,nan,nan,nan,nan,nan
1446,1786065136.2885,30.1491,nan,nan,nan,nan,nan,nan,nan,nan,nan,nan
1447,1786065136.3055,30.1660,nan,nan,nan,nan,nan,nan,nan,nan,nan,nan
1448,1786065136.3265,30.1871,nan,nan,nan,nan,nan,nan,nan,nan,nan,nan
1449,1786065136.3509,30.2115,nan,nan,nan,nan,nan,nan,nan,nan,nan,nan
1450,1786065136.3723,30.2329,nan,nan,nan,nan,nan,nan,nan,nan,nan,nan
1451,1786065136.3919,30.2525,nan,nan,nan,nan,nan,nan,nan,nan,nan,nan
1452,1786065136.4155,30.2761,nan,nan,nan,nan,nan,nan,nan,nan,nan,nan
1453,1786065136.4424,30.3029,nan,nan,nan,nan,nan,nan,nan,nan,nan,nan
1454,1786065136.4521,30.3126,nan,nan,nan,nan,nan,nan,nan,nan,nan,nan
1455,1786065136.4702,30.3308,nan,nan,nan,nan,nan,nan,nan,nan,nan,nan
1456,1786065136.4943,30.3549,nan,nan,nan,nan,nan,nan,nan,nan,nan,nan
1457,1786065136.5178,30.3784,nan,nan,nan,nan,nan,nan,nan,nan,nan,nan
1458,1786065136.5367,30.3973,nan,nan,nan,nan,nan,nan,nan,nan,nan,nan
1459,1786065136.5588,30.4194,nan,nan,nan,nan,nan,nan,nan,nan,nan,nan
1460,1786065136.5771,30.4377,nan,nan,nan,nan,nan,nan,nan,nan,nan,nan
1461,1786065136.6007,30.4612,nan,nan,nan,nan,nan,nan,nan,nan,nan,nan
1462,1786065136.6177,30.4783,nan,nan,nan,nan,nan,nan,nan,nan,nan,nan
1463,1786065136.6490,30.5096,nan,nan,nan,nan,nan,nan,nan,nan,nan,nan
1464,1786065136.6704,30.5309,nan,nan,nan,nan,nan,nan,nan,nan,nan,nan
1465,1786065136.6852,30.5458,nan,nan,nan,nan,nan,nan,nan,nan,nan,nan
1466,1786065136.7010,30.5616,nan,nan,nan,nan,nan,nan,nan,nan,nan,nan
1467,1786065136.7335,30.5940,nan,nan,nan,nan,nan,nan,nan,nan,nan,nan
1468,1786065136.7480,30.6086,nan,nan,nan,nan,nan,nan,nan,nan,nan,nan
1469,1786065136.7648,30.6254,nan,nan,nan,nan,nan,nan,nan,nan,nan,nan
1470,1786065136.7853,30.6459,nan,nan,nan,nan,nan,nan,nan,nan,nan,nan
1471,1786065136.8060,30.6665,nan,nan,nan,nan,nan,nan,nan,nan,nan,nan
1472,1786065136.8294,30.6900,nan,nan,nan,nan,nan,nan,nan,nan,nan,nan
1473,1786065136.8527,30.7132,nan,nan,nan,nan,nan,nan,nan,nan,nan,nan
1474,1786065136.8735,30.7341,nan,nan,nan,nan,nan,nan,nan,nan,nan,nan
1475,1786065136.8933,30.7539,nan,nan,nan,nan,nan,nan,nan,nan,nan,nan
1476,1786065136.9277,30.7883,nan,nan,nan,nan,nan,nan,nan,nan,nan,nan
1477,1786065136.9383,30.7989,nan,nan,nan,nan,nan,nan,nan,nan,nan,nan
1478,1786065136.9587,30.8193,nan,nan,nan,nan,nan,nan,nan,nan,nan,nan
1479,1786065136.9751,30.8357,nan,nan,nan,nan,nan,nan,nan,nan,nan,nan
1480,1786065136.9980,30.8586,nan,nan,nan,nan,nan,nan,nan,nan,nan,nan
1481,1786065137.0192,30.8798,nan,nan,nan,nan,nan,nan,nan,nan,nan,nan
1482,1786065137.0394,30.9000,nan,nan,nan,nan,nan,nan,nan,nan,nan,nan
1483,1786065137.0727,30.9333,nan,nan,nan,nan,nan,nan,nan,nan,nan,nan
1484,1786065137.0831,30.9437,nan,nan,nan,nan,nan,nan,nan,nan,nan,nan
1485,1786065137.1018,30.9624,nan,nan,nan,nan,nan,nan,nan,nan,nan,nan
1486,1786065137.1274,30.9880,nan,nan,nan,nan,nan,nan,nan,nan,nan,nan
1487,1786065137.1515,31.0121,nan,nan,nan,nan,nan,nan,nan,nan,nan,nan
1488,1786065137.1683,31.0289,nan,nan,nan,nan,nan,nan,nan,nan,nan,nan
1489,1786065137.1881,31.0487,nan,nan,nan,nan,nan,nan,nan,nan,nan,nan
1490,1786065137.2110,31.0716,nan,nan,nan,nan,nan,nan,nan,nan,nan,nan
1491,1786065137.2328,31.0934,nan,nan,nan,nan,nan,nan,nan,nan,nan,nan
1492,1786065137.2501,31.1107,nan,nan,nan,nan,nan,nan,nan,nan,nan,nan
1493,1786065137.2694,31.1300,nan,nan,nan,nan,nan,nan,nan,nan,nan,nan
1494,1786065137.2923,31.1529,nan,nan,nan,nan,nan,nan,nan,nan,nan,nan
1495,1786065137.3138,31.1744,nan,nan,nan,nan,nan,nan,nan,nan,nan,nan
1496,1786065137.3305,31.1911,nan,nan,nan,nan,nan,nan,nan,nan,nan,nan
1497,1786065137.3512,31.2118,nan,nan,nan,nan,nan,nan,nan,nan,nan,nan
1498,1786065137.3789,31.2395,nan,nan,nan,nan,nan,nan,nan,nan,nan,nan
1499,1786065137.3987,31.2593,nan,nan,nan,nan,nan,nan,nan,nan,nan,nan
1500,1786065137.4165,31.2771,nan,nan,nan,nan,nan,nan,nan,nan,nan,nan
1501,1786065137.4371,31.2977,nan,nan,nan,nan,nan,nan,nan,nan,nan,nan
1502,1786065137.4591,31.3197,nan,nan,nan,nan,nan,nan,nan,nan,nan,nan
1503,1786065137.4794,31.3400,nan,nan,nan,nan,nan,nan,nan,nan,nan,nan
1504,1786065137.4974,31.3580,nan,nan,nan,nan,nan,nan,nan,nan,nan,nan
1505,1786065137.5177,31.3783,nan,nan,nan,nan,nan,nan,nan,nan,nan,nan
1506,1786065137.5399,31.4005,nan,nan,nan,nan,nan,nan,nan,nan,nan,nan
1507,1786065137.5616,31.4222,nan,nan,nan,nan,nan,nan,nan,nan,nan,nan
1508,1786065137.5809,31.4414,nan,nan,nan,nan,nan,nan,nan,nan,nan,nan
1509,1786065137.6018,31.4624,nan,nan,nan,nan,nan,nan,nan,nan,nan,nan
1510,1786065137.6281,31.4886,nan,nan,nan,nan,nan,nan,nan,nan,nan,nan
1511,1786065137.6449,31.5054,nan,nan,nan,nan,nan,nan,nan,nan,nan,nan
1512,1786065137.6626,31.5232,nan,nan,nan,nan,nan,nan,nan,nan,nan,nan
1513,1786065137.6780,31.5386,nan,nan,nan,nan,nan,nan,nan,nan,nan,nan
1514,1786065137.7043,31.5649,nan,nan,nan,nan,nan,nan,nan,nan,nan,nan
